time,conversion
0.00480595289705857,0.0
0.026260617976179068,0.0
0.04184546593805186,0.0
0.05860314486447832,0.0
0.06210533603955403,0.0
0.06468630407420477,0.0
0.08501804129542996,0.0
0.1318519693065726,0.0
0.13269475190800795,0.0
0.13428719771400882,0.0
0.1480919436330996,0.0
0.16099484011660714,0.0
0.17612109705031195,0.0
0.1881793436580329,0.0
0.1959308520185569,0.0
0.2538193888155316,0.0
0.2556069470052832,0.0
0.25765487378297286,0.0
0.2656242050656247,0.0
0.27281298731470033,0.0
0.2796328351193283,0.0
0.2847250939092477,0.0
0.28744329120231743,0.0
0.3339847213361185,0.0
0.34462542787292844,0.0
0.3547868060092449,0.0
0.3567577396899328,0.0
0.3739370357498509,0.0
0.38864854586081626,0.0
0.3958023976679167,0.0
0.39951998128106375,0.0
0.4026016895711616,0.0
0.4133334356856913,0.0
0.4217017003280333,0.0
0.4307806927156724,0.0
0.4336237274437183,0.0
0.4392422262990233,0.0
0.45158376701349423,0.0
0.46248321435594275,0.0
0.4865194421049389,0.0
0.4871411668105293,0.0
0.500113170500873,0.0
0.504978814218284,0.0
0.5309861667867382,0.0
0.5336355644954336,0.0
0.5433012488407015,0.0
0.5439896205203893,0.0
0.5577630530158214,0.0
0.5668873729313791,0.0
0.5695870009806488,0.0
0.5744682409123663,0.0
0.5775037476867718,0.0
0.5813117345341915,0.0
0.5830314574830786,0.0
0.5886154548033826,0.0
0.590139761306086,0.0
0.6075921934023423,0.0
0.6159192503030697,0.0
0.6208286420632055,0.0
0.6290336496378802,0.0
0.6355967418031345,0.0
0.6380538885885335,0.0
0.6492115711112436,0.0
0.6543296064715852,0.0
0.654411336101924,0.0
0.663744430827192,0.0
0.6643780355289972,0.0
0.6671881312308529,0.0
0.670637303020512,0.0
0.6707503219958199,0.0
0.681819952371122,0.0
0.6892870425697184,0.0
0.6909194977706475,0.0
0.6968964451178573,0.0
0.6975718720154613,0.0
0.7070658722422496,0.0
0.7265059826383342,0.0
0.7272118211977342,0.0
0.7408846908198479,0.0
0.7410433488551679,0.0
0.7455965974403201,0.0
0.7710283063752278,0.0
0.7778579598541342,0.0
0.7799172351605459,0.0
0.7820138024514104,0.0
0.7887030376888439,0.0
0.7953217571809793,0.0
0.7994236712621577,0.0
0.8005836767159334,0.0
0.8078425480482682,0.0
0.8083240506917752,0.0
0.8086652312168157,0.0
0.8115059556507003,0.0
0.8116936907308524,0.0
0.8125091675632641,0.0
0.8209471534768966,0.0
0.8237312130851727,0.0
0.824709318278719,0.0
0.8247936884552451,0.0
0.831522225488031,0.0
0.8434993013596078,0.0
0.844480896647118,0.0
0.8452042724728525,0.0
0.846427332158776,0.0
0.8569082573910602,0.0
0.8607696597570241,0.0
0.8619416061592342,0.0
0.8631826693280789,0.0
0.8635820055562067,0.0
0.8652348407204814,0.0
0.8654332692706252,0.0
0.8736411176147809,0.0
0.8805214720887818,0.0
0.8846581787007167,0.0
0.8855723336840267,0.0
0.89084721222583,0.0
0.8917634187540115,0.0
0.8921241830311502,0.0
0.8933136924506644,0.0
0.8935086813776721,0.0
0.89683952010169,0.0
0.8985585291827957,0.0
0.9069958296341306,0.0
0.9074244000093737,0.0
0.90867951183006,0.0
0.9098018171622858,0.0
0.9101198026003089,0.0
0.9101813986213727,0.0
0.9107328619792562,0.0
0.9112607039568508,0.0
0.9120894469998306,0.0
0.9138285646369235,0.04997501249375312
0.9144364207901002,0.04997501249375312
0.9166920466784414,0.04997501249375312
0.9193879675519847,0.04997501249375312
0.9206354507648165,0.04997501249375312
0.9232233855695068,0.04997501249375312
0.924271102906601,0.04997501249375312
0.9266123610694307,0.04997501249375312
0.9286818212465302,0.04997501249375312
0.9300826979723361,0.04997501249375312
0.9301558026989386,0.04997501249375312
0.930766629971098,0.04997501249375312
0.9307986964377172,0.04997501249375312
0.9414288756996552,0.04997501249375312
0.946628350956927,0.0999000999000999
0.9498389623170264,0.14977533699450823
0.9511944591571188,0.14977533699450823
0.9514004932382444,0.14977533699450823
0.9518775544061933,0.14977533699450823
0.954391775330434,0.14977533699450823
0.9574737448740823,0.14977533699450823
0.9606260497040854,0.14977533699450823
0.9636302583383979,0.14977533699450823
0.9653134066768162,0.14977533699450823
0.9687374797978865,0.14977533699450823
0.969829422295238,0.14977533699450823
0.9702346908160564,0.14977533699450823
0.9723999229180905,0.14977533699450823
0.9777090300444865,0.14977533699450823
0.9857708047783252,0.14977533699450823
0.9859793452166111,0.14977533699450823
0.9880771230424177,0.14977533699450823
0.9887578172248366,0.14977533699450823
0.9900166843955976,0.14977533699450823
0.9933037831066772,0.14977533699450823
0.9957554800258459,0.14977533699450823
0.9987141428812842,0.14977533699450823
1.0002889786945834,0.14977533699450823
1.0018428617165416,0.19960079840319359
1.0095334838343992,0.19960079840319359
1.0161546787489122,0.19960079840319359
1.0207487067375425,0.19960079840319359
1.020902251813103,0.19960079840319359
1.0242209374445588,0.19960079840319359
1.0274288723912695,0.19960079840319359
1.0305405352849568,0.19960079840319359
1.0341413808886524,0.19960079840319359
1.0355394929969213,0.19960079840319359
1.0379532919798677,0.19960079840319359
1.0399251720055223,0.19960079840319359
1.0408268213927059,0.24937655860349126
1.0437843172976122,0.24937655860349126
1.0453828112014207,0.24937655860349126
1.0481105039302607,0.24937655860349126
1.0508639477474135,0.24937655860349126
1.0513451216683793,0.24937655860349126
1.0527770658148976,0.24937655860349126
1.054744599448392,0.24937655860349126
1.0559610006292217,0.24937655860349126
1.0580187207583749,0.24937655860349126
1.058194508597552,0.24937655860349126
1.0608361456720314,0.24937655860349126
1.064998352592926,0.24937655860349126
1.0666120324252595,0.24937655860349126
1.0718027841677913,0.24937655860349126
1.0737602418361993,0.24937655860349126
1.074535149808198,0.24937655860349126
1.079131570517179,0.24937655860349126
1.0798291302360603,0.24937655860349126
1.0830833276897298,0.24937655860349126
1.086721482991514,0.24937655860349126
1.0904548274336117,0.24937655860349126
1.0950838606748552,0.24937655860349126
1.0985803999993713,0.24937655860349126
1.0993253532271874,0.24937655860349126
1.0993568655541768,0.24937655860349126
1.1007921761835808,0.24937655860349126
1.1121360020003086,0.24937655860349126
1.1128954630113916,0.24937655860349126
1.1144569621512441,0.24937655860349126
1.1172216777951163,0.24937655860349126
1.120375198960095,0.24937655860349126
1.1255646797936631,0.24937655860349126
1.1294380093883811,0.24937655860349126
1.1298286823792636,0.24937655860349126
1.1329183621842018,0.24937655860349126
1.1346999291291742,0.24937655860349126
1.1368205842420187,0.24937655860349126
1.137439636409591,0.24937655860349126
1.1427235507854836,0.24937655860349126
1.1438016054997404,0.24937655860349126
1.1462164213041717,0.24937655860349126
1.1466186907874012,0.24937655860349126
1.1481874491217772,0.24937655860349126
1.1526259207921443,0.24937655860349126
1.1546129557786802,0.24937655860349126
1.1569366441560656,0.24937655860349126
1.1579957165225327,0.24937655860349126
1.1611037511878524,0.24937655860349126
1.1617317648037253,0.24937655860349126
1.162736688750348,0.24937655860349126
1.1641332114139633,0.24937655860349126
1.1658287182068618,0.24937655860349126
1.166940094297409,0.24937655860349126
1.1714482261072687,0.24937655860349126
1.174399026320414,0.24937655860349126
1.174457292976254,0.24937655860349126
1.1752289857888691,0.24937655860349126
1.18031360907301,0.24937655860349126
1.1839190876782124,0.24937655860349126
1.1855357231674808,0.24937655860349126
1.1870721470333414,0.24937655860349126
1.1886164560824162,0.24937655860349126
1.1979963001210143,0.24937655860349126
1.2085812139085028,0.24937655860349126
1.212173642801586,0.24937655860349126
1.2130152568877197,0.24937655860349126
1.2150750819308747,0.24937655860349126
1.2176972507762418,0.24937655860349126
1.219225640107977,0.24937655860349126
1.2213354449657885,0.24937655860349126
1.2231114821581917,0.24937655860349126
1.2262800195946062,0.24937655860349126
1.2275432010941416,0.24937655860349126
1.2321627020374009,0.24937655860349126
1.2377621702999573,0.24937655860349126
1.237835727398776,0.24937655860349126
1.2393632650990323,0.24937655860349126
1.2416861919217623,0.24937655860349126
1.2434989073954545,0.29910269192422734
1.244428258668985,0.29910269192422734
1.2460146095801987,0.29910269192422734
1.2462275989694156,0.29910269192422734
1.2482737851922594,0.29910269192422734
1.2485406215164483,0.29910269192422734
1.2505953941327559,0.29910269192422734
1.252462490373249,0.29910269192422734
1.2533501805811746,0.29910269192422734
1.2534654604971138,0.29910269192422734
1.258809125421811,0.3487792725460887
1.2599118194265615,0.3487792725460887
1.26035844806993,0.3487792725460887
1.2631036037590488,0.3487792725460887
1.263317902239948,0.3487792725460887
1.264669727106015,0.3487792725460887
1.265282694548483,0.3487792725460887
1.2766935040031326,0.3487792725460887
1.2771921649609566,0.3487792725460887
1.2787040873427717,0.3487792725460887
1.2799145893018753,0.3487792725460887
1.2847736499341855,0.3487792725460887
1.2859509603403256,0.3487792725460887
1.2860338124980581,0.3487792725460887
1.2920960902591643,0.3487792725460887
1.2934688310343503,0.3487792725460887
1.2942582753569027,0.3487792725460887
1.2978937903001913,0.3487792725460887
1.3005854375728663,0.3487792725460887
1.3041687773129216,0.3487792725460887
1.3042806672988567,0.3487792725460887
1.3057663768549919,0.3487792725460887
1.3057746778600208,0.3487792725460887
1.3062429034229994,0.3487792725460887
1.306945402199731,0.398406374501992
1.3091364216579375,0.398406374501992
1.3092692121688752,0.44798407167745147
1.3104908744148716,0.44798407167745147
1.3130813450348389,0.44798407167745147
1.314263526146689,0.44798407167745147
1.314496412251607,0.44798407167745147
1.3169608382510674,0.44798407167745147
1.3173828258644336,0.44798407167745147
1.320024688407732,0.44798407167745147
1.3243314623511473,0.44798407167745147
1.3245009972567316,0.44798407167745147
1.3255112410321093,0.44798407167745147
1.3256857948072232,0.4975124378109453
1.3263548442039066,0.4975124378109453
1.3277638166835963,0.4975124378109453
1.3304979435509823,0.4975124378109453
1.3319748245366678,0.5469915464942815
1.33448882084794,0.5964214711729622
1.335423565293459,0.6458022851465475
1.3372534306069137,0.6458022851465475
1.3377498037280189,0.6458022851465475
1.3383369025078091,0.6951340615690168
1.3387041296119913,0.6951340615690168
1.3397674977263427,0.6951340615690168
1.3406040474557355,0.6951340615690168
1.341557557943179,0.6951340615690168
1.3448860830319098,0.6951340615690168
1.3479906031798876,0.6951340615690168
1.3495682093102137,0.6951340615690168
1.3496469408778835,0.6951340615690168
1.3584972102266863,0.6951340615690168
1.3593479156118329,0.6951340615690168
1.3603458559243249,0.6951340615690168
1.3615457213098507,0.6951340615690168
1.3619177295043026,0.7444168734491315
1.3637443074587352,0.7444168734491315
1.3641343692609602,0.7444168734491315
1.366860702155611,0.7444168734491315
1.3672133186316229,0.7444168734491315
1.3686871330961388,0.7444168734491315
1.368988400208279,0.7444168734491315
1.3726350896583484,0.7444168734491315
1.372842533636364,0.7444168734491315
1.3781758676628855,0.7444168734491315
1.3809130055168055,0.7444168734491315
1.382128264545586,0.7444168734491315
1.3838959785207952,0.7444168734491315
1.3852045202282048,0.7444168734491315
1.385873327346749,0.7444168734491315
1.3861293900569118,0.7444168734491315
1.3881534112623015,0.7444168734491315
1.3896073117630627,0.7444168734491315
1.3897354800092478,0.7936507936507936
1.392062911089987,0.7936507936507936
1.3946509233323312,0.7936507936507936
1.3957452833249744,0.7936507936507936
1.396860511818328,0.7936507936507936
1.4012986644916954,0.842835894893406
1.4015091077563848,0.842835894893406
1.4029953851167376,0.842835894893406
1.4050891765982065,0.842835894893406
1.4052102131327684,0.842835894893406
1.40539657171857,0.842835894893406
1.4057202206692812,0.842835894893406
1.4083344614862146,0.842835894893406
1.409133742782169,0.842835894893406
1.4110043452566645,0.842835894893406
1.4121580299533831,0.842835894893406
1.4124435379579332,0.842835894893406
1.4130425709778167,0.842835894893406
1.4168639531393767,0.842835894893406
1.4184736736533001,0.842835894893406
1.4195245528631675,0.842835894893406
1.4218972085721036,0.8919722497522299
1.4239435033616346,0.8919722497522299
1.4248576038144343,0.9410599306587419
1.4285026317600191,0.9410599306587419
1.4312632304259367,0.9410599306587419
1.4326847568673786,0.9410599306587419
1.437023012273032,0.9410599306587419
1.437637467803287,0.9410599306587419
1.4387518003011515,0.9410599306587419
1.4391606590383794,0.9410599306587419
1.4401398341902907,0.9410599306587419
1.4402579580638013,0.9410599306587419
1.4408191626527014,0.9410599306587419
1.4410178202886599,0.9410599306587419
1.4411550779284064,0.9410599306587419
1.4418035637894475,0.9410599306587419
1.4470006938122664,0.9410599306587419
1.447376594119752,0.9900990099009901
1.4476892188722317,0.9900990099009901
1.4480820872919011,0.9900990099009901
1.44982498253851,0.9900990099009901
1.4504303354517918,1.0390895596239487
1.4517095232265003,1.0390895596239487
1.4525606150022545,1.0390895596239487
1.4535306691615673,1.0880316518298714
1.4536522759634407,1.0880316518298714
1.455817713522015,1.0880316518298714
1.4561596467372198,1.0880316518298714
1.4603576489341439,1.0880316518298714
1.4620882644936901,1.0880316518298714
1.4622039309670747,1.0880316518298714
1.4629802345283298,1.0880316518298714
1.4666616596852429,1.0880316518298714
1.4671749265354517,1.0880316518298714
1.4698878237643553,1.0880316518298714
1.470275504255379,1.0880316518298714
1.4720937006066548,1.0880316518298714
1.4737742519887387,1.0880316518298714
1.4755978966356174,1.0880316518298714
1.4759277618997573,1.0880316518298714
1.476586620242215,1.0880316518298714
1.4777468334683632,1.0880316518298714
1.4798513574941894,1.0880316518298714
1.4801265287470855,1.0880316518298714
1.4802172437862282,1.0880316518298714
1.482343906693086,1.1369253583786456
1.4841798683719456,1.1369253583786456
1.4865226578608801,1.1369253583786456
1.4881645295618697,1.1369253583786456
1.4909633353776506,1.1369253583786456
1.4930223781787118,1.1369253583786456
1.4952291395148372,1.1369253583786456
1.499439398045831,1.1369253583786456
1.5045437166513616,1.1369253583786456
1.5058437990933582,1.1369253583786456
1.5059286750967633,1.185770750988142
1.5066267458236327,1.185770750988142
1.5068136885231973,1.185770750988142
1.5069813468179625,1.185770750988142
1.507357263655154,1.185770750988142
1.5098765104297986,1.185770750988142
1.510096720991671,1.185770750988142
1.5103569762575841,1.185770750988142
1.5108910165978726,1.185770750988142
1.51119857909519,1.185770750988142
1.5113542028849498,1.185770750988142
1.51197569194244,1.185770750988142
1.5131611922392365,1.2345679012345678
1.5141034533656934,1.2345679012345678
1.5157823059897866,1.2345679012345678
1.5181482119825613,1.2345679012345678
1.5203283494026114,1.2345679012345678
1.521938975566401,1.2345679012345678
1.5224900417626759,1.2345679012345678
1.5226092235397068,1.2345679012345678
1.5277089210997061,1.2345679012345678
1.5293573311267796,1.2345679012345678
1.5320135545269167,1.2345679012345678
1.535379819873072,1.2345679012345678
1.5364158708167965,1.2345679012345678
1.5382726893769858,1.2345679012345678
1.5386356888887085,1.2345679012345678
1.5390007915593515,1.2345679012345678
1.5404164966510234,1.2345679012345678
1.5407319450146562,1.2345679012345678
1.5428004803419921,1.2833168805528135
1.5432525622001632,1.2833168805528135
1.5446926858774468,1.2833168805528135
1.5463739641537946,1.332017760236803
1.5471517205911904,1.332017760236803
1.5472702641168345,1.332017760236803
1.547969985218363,1.332017760236803
1.5509525431065467,1.332017760236803
1.5513515886819804,1.332017760236803
1.5524338199157444,1.332017760236803
1.5531667470071913,1.3806706114398422
1.5534557719000965,1.3806706114398422
1.554694613746841,1.3806706114398422
1.5577922366386678,1.429275505174963
1.558655836535901,1.429275505174963
1.563985044458479,1.429275505174963
1.5663659790307547,1.477832512315271
1.5688623112977371,1.5263417035942886
1.569607231709181,1.5263417035942886
1.572056110636124,1.5263417035942886
1.5725966838356544,1.5263417035942886
1.575479854381098,1.5263417035942886
1.576557607636862,1.5263417035942886
1.5765619327956204,1.5263417035942886
1.576996740802568,1.5263417035942886
1.577079164589848,1.5263417035942886
1.578797067702221,1.5263417035942886
1.5790512457078942,1.5263417035942886
1.5802025332025036,1.5263417035942886
1.5817475716580587,1.5263417035942886
1.582481735220445,1.574803149606299
1.5826697227095312,1.574803149606299
1.5836875521114353,1.574803149606299
1.5852697175493053,1.574803149606299
1.5876706755806307,1.574803149606299
1.5892327144973335,1.574803149606299
1.5893060846950158,1.574803149606299
1.5898230388539694,1.6232169208066896
1.5901563460508912,1.6232169208066896
1.5921795025677055,1.6232169208066896
1.5938768286134797,1.6232169208066896
1.5946880100050507,1.6232169208066896
1.6030006893856301,1.6232169208066896
1.6034538084944645,1.6232169208066896
1.6049335615585545,1.6232169208066896
1.6055580657518014,1.6232169208066896
1.6065190467614816,1.6232169208066896
1.6086350044539648,1.6232169208066896
1.6086648535413763,1.6232169208066896
1.6094666895090932,1.6232169208066896
1.6115263907482418,1.671583087512291
1.6117948576788164,1.671583087512291
1.6119473991413096,1.671583087512291
1.6122853555703436,1.671583087512291
1.6135282103902704,1.671583087512291
1.6139373152045493,1.671583087512291
1.6170225882939102,1.671583087512291
1.6170671556396072,1.671583087512291
1.6182626723744744,1.671583087512291
1.6185867349244722,1.671583087512291
1.6189538922551852,1.671583087512291
1.6191606159188434,1.671583087512291
1.6200037803168286,1.671583087512291
1.6200467154811227,1.671583087512291
1.620163627458327,1.671583087512291
1.6208951132068643,1.671583087512291
1.6210105161611794,1.671583087512291
1.6216023541057363,1.71990171990172
1.623759084816014,1.71990171990172
1.6249358554521987,1.71990171990172
1.6264013726006477,1.71990171990172
1.6326875647588523,1.71990171990172
1.6331116698140244,1.71990171990172
1.6335382421392772,1.71990171990172
1.6352217765409645,1.71990171990172
1.6370665084639204,1.71990171990172
1.6372065865906535,1.71990171990172
1.6384760749326863,1.71990171990172
1.6388873124625867,1.71990171990172
1.6407557779810078,1.71990171990172
1.6435430108386484,1.71990171990172
1.6437523280184119,1.71990171990172
1.6450440838808604,1.71990171990172
1.6458407275186662,1.768172888015717
1.6471157421486138,1.768172888015717
1.6499246920836517,1.768172888015717
1.6506639857793601,1.768172888015717
1.6528913544253891,1.768172888015717
1.6532859777285112,1.768172888015717
1.6536118954898764,1.768172888015717
1.653876866494,1.8163966617574867
1.6542808017758848,1.8163966617574867
1.6545762426921473,1.8163966617574867
1.6554223999847784,1.8163966617574867
1.6555161193589039,1.8163966617574867
1.6556921732286047,1.8163966617574867
1.6565218218647857,1.8163966617574867
1.6574329624748876,1.8163966617574867
1.6591750491791473,1.8163966617574867
1.6610641543557518,1.8163966617574867
1.662116814769171,1.8163966617574867
1.662875334489777,1.8163966617574867
1.6630328784195272,1.8163966617574867
1.664088631266048,1.8645731108930326
1.66418629293049,1.8645731108930326
1.6655109468497649,1.8645731108930326
1.6659930552862547,1.8645731108930326
1.6668064584075406,1.8645731108930326
1.6701181153116447,1.9127023050514957
1.671987621522294,1.9607843137254901
1.6723666118791933,1.9607843137254901
1.6739677625629985,2.0088192062714354
1.6739884145174364,2.0088192062714354
1.6741674863279645,2.0088192062714354
1.674766336425967,2.0088192062714354
1.676936822666898,2.0088192062714354
1.677813629907227,2.0088192062714354
1.6778309633005668,2.0088192062714354
1.6788400427476287,2.0088192062714354
1.6792498647990153,2.0088192062714354
1.679265624601488,2.0088192062714354
1.6803264939847313,2.056807051909892
1.6818047450220353,2.056807051909892
1.6833606257973457,2.056807051909892
1.683403247761463,2.056807051909892
1.6849424979051189,2.056807051909892
1.6858561718146539,2.056807051909892
1.6869198337884945,2.056807051909892
1.687975182792132,2.1047479197258934
1.688149250774078,2.1047479197258934
1.6885752503317188,2.1047479197258934
1.6913844094134851,2.1047479197258934
1.6920977604724454,2.1047479197258934
1.6932970949063255,2.1047479197258934
1.6935306066674385,2.1047479197258934
1.693744708871348,2.1047479197258934
1.6948658803977097,2.1047479197258934
1.695143597344087,2.1047479197258934
1.6957726143619327,2.1047479197258934
1.696128757815649,2.1047479197258934
1.6970513323551883,2.1047479197258934
1.697311460308739,2.1047479197258934
1.6978280326299457,2.152641878669276
1.6996114686117767,2.152641878669276
1.6999940711325454,2.152641878669276
1.7011207092728167,2.152641878669276
1.7016766666994578,2.152641878669276
1.702735443936999,2.152641878669276
1.7037944562062293,2.152641878669276
1.7052434519591266,2.2004889975550124
1.708826670740349,2.2004889975550124
1.7100246327865727,2.2004889975550124
1.7105060840326,2.2004889975550124
1.7121833193215228,2.248289345063539
1.7126916550743048,2.248289345063539
1.7130392956070721,2.248289345063539
1.7132723181275364,2.248289345063539
1.7157231171542227,2.248289345063539
1.7158145620869711,2.248289345063539
1.7160983057402572,2.248289345063539
1.7166145361701712,2.248289345063539
1.718932143910019,2.2960429897410846
1.7190874607619206,2.2960429897410846
1.7191126939824295,2.2960429897410846
1.719502269411007,2.2960429897410846
1.7217880973634656,2.2960429897410846
1.7233005933163492,2.34375
1.72332659770595,2.34375
1.7259814904901045,2.34375
1.726382663499462,2.34375
1.7269585054685308,2.34375
1.7278431621604784,2.34375
1.7288345566145198,2.34375
1.7289353658279822,2.34375
1.7291820618660725,2.34375
1.7296230171966205,2.34375
1.7310317122687482,2.34375
1.7320121331416152,2.34375
1.7322408407339422,2.34375
1.7328489910773341,2.34375
1.734180305299705,2.3914104441190824
1.7342448152343501,2.3914104441190824
1.7356543086568754,2.3914104441190824
1.736174282766246,2.4390243902439024
1.736323804569438,2.4390243902439024
1.7372931233140798,2.4390243902439024
1.7376828300416725,2.4390243902439024
1.7379884635382148,2.4390243902439024
1.7391988147487492,2.4390243902439024
1.7394782037272394,2.4865919063871282
1.7398901889327665,2.4865919063871282
1.7408915551089363,2.4865919063871282
1.7411603699863905,2.4865919063871282
1.7426701022324587,2.4865919063871282
1.7427571720464075,2.4865919063871282
1.7437789711177758,2.53411306042885
1.7456027438382764,2.53411306042885
1.7466276451890652,2.53411306042885
1.7472244355060644,2.53411306042885
1.7485844379906195,2.53411306042885
1.7486041805183417,2.581587920116902
1.7499656561224095,2.581587920116902
1.751167069245228,2.581587920116902
1.7514840447787152,2.581587920116902
1.7517446773463556,2.581587920116902
1.7519504167245097,2.6290165530671863
1.75393025989739,2.6290165530671863
1.75777977686837,2.6290165530671863
1.7578289494388246,2.6290165530671863
1.7592135397255693,2.6290165530671863
1.7592867912637526,2.6290165530671863
1.7599494987970636,2.6290165530671863
1.761206543078095,2.6290165530671863
1.7619246234173007,2.67639902676399
1.7622020740139466,2.67639902676399
1.7637649983146508,2.7237354085603114
1.7645315885427908,2.7710257656781723
1.7670796104065636,2.7710257656781723
1.7677549588477157,2.7710257656781723
1.768266896767579,2.7710257656781723
1.7685802679337534,2.7710257656781723
1.7700530461732271,2.818270165208941
1.7712838735860235,2.818270165208941
1.7722276419004286,2.818270165208941
1.773626207351673,2.818270165208941
1.774237533330869,2.818270165208941
1.7750316209815327,2.818270165208941
1.775797983294196,2.818270165208941
1.7762331069139845,2.818270165208941
1.7763717291759353,2.818270165208941
1.777999148446244,2.8654686741136475
1.780091660437009,2.8654686741136475
1.7810724746187163,2.8654686741136475
1.78369818095783,2.912621359223301
1.7839076155036258,2.912621359223301
1.7844575586337172,2.959728287239204
1.7845280630213327,2.959728287239204
1.7856370221454412,2.959728287239204
1.7867881874626943,2.959728287239204
1.78787003408642,2.959728287239204
1.7891803559503303,2.959728287239204
1.7899333242440638,2.959728287239204
1.79150297450006,2.959728287239204
1.792110327047028,2.959728287239204
1.7922861480712222,2.959728287239204
1.7939521788872341,2.959728287239204
1.794574308099016,2.959728287239204
1.7949068610352996,2.959728287239204
1.7958685054405685,2.959728287239204
1.795888047193633,2.959728287239204
1.7962489899879501,3.0067895247332688
1.796945081499047,3.0067895247332688
1.7986444088722986,3.0538051381483275
1.8044795408189778,3.0538051381483275
1.804617699505616,3.0538051381483275
1.8052075508595335,3.10077519379845
1.8063123639880687,3.10077519379845
1.8065134248657428,3.14769975786925
1.8069781557991162,3.14769975786925
1.8079733447994268,3.1945788964181996
1.8081656669547823,3.1945788964181996
1.8085666232979614,3.1945788964181996
1.8089431733333496,3.1945788964181996
1.809512513594028,3.1945788964181996
1.8105301502884121,3.1945788964181996
1.8121157394396028,3.1945788964181996
1.8122841594207737,3.1945788964181996
1.8128635116739742,3.1945788964181996
1.8137061572342847,3.1945788964181996
1.8139951664699965,3.1945788964181996
1.8144265397780142,3.24141267537494
1.8146447483409918,3.2882011605415857
1.81486296405444,3.2882011605415857
1.8150923543683772,3.2882011605415857
1.8154089341132373,3.2882011605415857
1.815625442576909,3.2882011605415857
1.8162905017645972,3.3349444175930403
1.8169528586800123,3.3349444175930403
1.8180149998638082,3.3349444175930403
1.8201668490488976,3.3349444175930403
1.8213032637765176,3.3349444175930403
1.8227332775773102,3.3349444175930403
1.8229384536984066,3.3349444175930403
1.8237532031987305,3.3816425120772946
1.8246038409150889,3.3816425120772946
1.826177646194333,3.3816425120772946
1.8269993329719736,3.3816425120772946
1.8274951459471065,3.3816425120772946
1.8281325855034793,3.3816425120772946
1.8281344121382297,3.3816425120772946
1.8287195809499435,3.4282955094157415
1.8299829305372417,3.474903474903475
1.8300092080702774,3.474903474903475
1.8320169103719912,3.474903474903475
1.8323222403602082,3.474903474903475
1.8331037113327497,3.474903474903475
1.8335211474593314,3.474903474903475
1.8338784926128207,3.5214664737095993
1.8341613473519667,3.5214664737095993
1.8348025970619273,3.5214664737095993
1.8352044537890961,3.567984570877531
1.8355545755386937,3.567984570877531
1.8364991266658108,3.567984570877531
1.8367577930833994,3.567984570877531
1.8368635310543053,3.567984570877531
1.836995673633707,3.567984570877531
1.8373136395114824,3.614457831325301
1.8376906633655656,3.6608863198458574
1.8380932935887322,3.6608863198458574
1.839349967152641,3.6608863198458574
1.840611082871877,3.6608863198458574
1.8407715175388224,3.7072701011073663
1.8414039019160031,3.7072701011073663
1.8416245996116916,3.7072701011073663
1.841651554774778,3.7072701011073663
1.843204615509377,3.7072701011073663
1.8437116653802008,3.7072701011073663
1.8437270094579956,3.7072701011073663
1.844856973183517,3.7072701011073663
1.845581504153149,3.7072701011073663
1.845627649365921,3.7072701011073663
1.8459690033239629,3.7072701011073663
1.8461846059270994,3.7072701011073663
1.84638801565567,3.7072701011073663
1.8465933213086405,3.753609239653513
1.846658965163479,3.753609239653513
1.8466753487375849,3.753609239653513
1.8468854006137947,3.753609239653513
1.847096612070769,3.753609239653513
1.847211203781103,3.753609239653513
1.848130725515362,3.753609239653513
1.848701502153666,3.753609239653513
1.8491717700045391,3.753609239653513
1.8508924819929482,3.753609239653513
1.8515179595864266,3.753609239653513
1.8517170196155763,3.753609239653513
1.851740783125777,3.753609239653513
1.8540705567025408,3.7999037999037997
1.8543077764091402,3.7999037999037997
1.8544386724964461,3.8461538461538463
1.8567667626305024,3.8923594425756844
1.8568851308639693,3.8923594425756844
1.8571935662672283,3.8923594425756844
1.8573994663067848,3.8923594425756844
1.857630608040911,3.8923594425756844
1.8577268941928766,3.8923594425756844
1.8585084243766352,3.8923594425756844
1.8631259478834348,3.8923594425756844
1.8639508087976422,3.8923594425756844
1.86458509415006,3.8923594425756844
1.865744783328451,3.9385206532180597
1.8661944409250089,3.9385206532180597
1.8663807845086469,3.9385206532180597
1.8681374351575566,3.9385206532180597
1.8683499764273168,3.9385206532180597
1.8704225845030602,3.9846375420067215
1.8709418283943566,4.030710172744722
1.8713016251502423,4.030710172744722
1.8713226612694474,4.030710172744722
1.8713483296091795,4.030710172744722
1.8727105991848105,4.030710172744722
1.8769325030233228,4.030710172744722
1.8771467493457021,4.030710172744722
1.8779395431767603,4.030710172744722
1.8791586152677777,4.030710172744722
1.880457058242131,4.030710172744722
1.8805486368446414,4.030710172744722
1.8813352612840069,4.030710172744722
1.8827191534513543,4.030710172744722
1.8836075289412237,4.07673860911271
1.8842467263584852,4.1227229146692235
1.8865407855110308,4.168663152850982
1.8881443205501636,4.168663152850982
1.88850755182943,4.168663152850982
1.8888677228101496,4.168663152850982
1.8900784000682176,4.168663152850982
1.8905049511593157,4.21455938697318
1.8908645435158755,4.21455938697318
1.891230814616362,4.21455938697318
1.8924937186518824,4.21455938697318
1.8931762987002105,4.21455938697318
1.8937030321835637,4.260411680229775
1.893717738899524,4.260411680229775
1.895502058597443,4.260411680229775
1.8969018651785075,4.260411680229775
1.897279846355396,4.30622009569378
1.8975485358719957,4.30622009569378
1.8980239774956507,4.30622009569378
1.899329158017882,4.30622009569378
1.8995105153266054,4.30622009569378
1.8995739524861766,4.30622009569378
1.9001158145031667,4.30622009569378
1.9003673682616589,4.30622009569378
1.9004870329389778,4.30622009569378
1.901389983175306,4.30622009569378
1.9014356452580432,4.30622009569378
1.9015494499575858,4.351984696317551
1.9019625735156003,4.351984696317551
1.902450070868066,4.351984696317551
1.903283994389435,4.351984696317551
1.9038216284896248,4.397705544933078
1.903848674596448,4.397705544933078
1.9041507832153584,4.397705544933078
1.9045916053024103,4.397705544933078
1.9046066444831127,4.397705544933078
1.904672923193783,4.397705544933078
1.9063548115038025,4.397705544933078
1.908676348657108,4.397705544933078
1.910410794943338,4.4433827042522696
1.9108115540764135,4.4433827042522696
1.910922639848329,4.4433827042522696
1.9110381178422962,4.4433827042522696
1.91422041696917,4.4433827042522696
1.9145624982379492,4.48901623686724
1.916721170154038,4.48901623686724
1.9179413485780885,4.48901623686724
1.9180142401899347,4.48901623686724
1.918465860887968,4.48901623686724
1.9186636035018525,4.48901623686724
1.9190445800975606,4.48901623686724
1.9191187548880242,4.48901623686724
1.9192612193741039,4.534606205250596
1.9200212548720799,4.534606205250596
1.9203024392878443,4.534606205250596
1.9205397578658336,4.580152671755725
1.9206996955883622,4.580152671755725
1.922183047328117,4.580152671755725
1.9222203417236015,4.580152671755725
1.922418647174726,4.580152671755725
1.9236686442904438,4.580152671755725
1.9245507282495808,4.580152671755725
1.9247405677897451,4.580152671755725
1.9259422836286444,4.580152671755725
1.9259570625764122,4.580152671755725
1.9262340492250472,4.580152671755725
1.9269099735282749,4.580152671755725
1.9275341525065912,4.580152671755725
1.9282184899544645,4.580152671755725
1.9302888520445662,4.580152671755725
1.9305321813316687,4.580152671755725
1.9309286216542645,4.580152671755725
1.9329684643011107,4.580152671755725
1.9355223858416706,4.580152671755725
1.9375674841545476,4.580152671755725
1.9383393306505783,4.625655698617072
1.9390239355284,4.671115347950429
1.9391342758453187,4.671115347950429
1.9394125240107085,4.671115347950429
1.9395761926981328,4.671115347950429
1.9396274702030813,4.7165316817532155
1.9400182281783387,4.7165316817532155
1.9400357321732056,4.7165316817532155
1.9401720766427926,4.7165316817532155
1.9413107025933674,4.7165316817532155
1.9428265323254794,4.761904761904762
1.9433247043174007,4.8072346501665875
1.9450918153788355,4.8072346501665875
1.945749952506373,4.8525214081826835
1.9471108695582695,4.8525214081826835
1.9474150176001384,4.8525214081826835
1.9474434340340603,4.8525214081826835
1.9481193756024335,4.8525214081826835
1.9481512095893128,4.8525214081826835
1.948963963750357,4.8525214081826835
1.949338936529798,4.8525214081826835
1.9506919173189479,4.897765097479791
1.9507939176868176,4.897765097479791
1.951090154751083,4.942965779467681
1.9522970886488256,4.942965779467681
1.9535989441056452,4.98812351543943
1.9546596202980893,4.98812351543943
1.956685739670133,4.98812351543943
1.9571981695118505,4.98812351543943
1.9585908532315557,4.98812351543943
1.9602680626686522,4.98812351543943
1.960340105264373,5.0332383665717
1.9619163200197811,5.0332383665717
1.9620389286190227,5.0332383665717
1.963691680069395,5.0332383665717
1.963809623009468,5.0332383665717
1.96471014385429,5.0332383665717
1.9652511762810243,5.0332383665717
1.96529612924277,5.0332383665717
1.9656989866864327,5.078310393925012
1.9661545762634194,5.1233396584440225
1.9665351910858813,5.1233396584440225
1.9675199891828874,5.1233396584440225
1.9676463907445787,5.1683262209578
1.9681634272830848,5.213270142180095
1.970039717350681,5.213270142180095
1.9703365259068366,5.213270142180095
1.9712563851947522,5.258171482709616
1.9753411488205872,5.258171482709616
1.9758492310735356,5.258171482709616
1.976663583695411,5.258171482709616
1.9772229092895615,5.258171482709616
1.9784138907319537,5.258171482709616
1.9800430881068747,5.303030303030303
1.9811744753423695,5.303030303030303
1.9827439938022782,5.347846663511595
1.9831845720491046,5.392620624408704
1.9844455672911672,5.392620624408704
1.9847238820040922,5.392620624408704
1.985352760374349,5.392620624408704
1.9854301523671256,5.392620624408704
1.9855174083666631,5.4373522458628845
1.9868211115983683,5.482041587901701
1.9872008879633312,5.482041587901701
1.9876538622404831,5.482041587901701
1.9883295957864717,5.526688710439301
1.98937798550351,5.571293673276676
1.989383844211627,5.615856536101934
1.989641776411027,5.660377358490567
1.9903162840584556,5.660377358490567
1.9904873831219658,5.660377358490567
1.9909257824000735,5.660377358490567
1.9910060444158224,5.704856199905705
1.9919244725219714,5.749293119698398
1.9922224491833533,5.749293119698398
1.9926677294092925,5.7936881771078665
1.9928231304593844,5.7936881771078665
1.9930597895816227,5.83804143126177
1.9941627106946969,5.83804143126177
1.9949555388313904,5.83804143126177
1.9949917840557134,5.83804143126177
1.9950307658180373,5.83804143126177
1.9971425693946787,5.88235294117647
1.998020477082363,5.88235294117647
1.9991032219030076,5.88235294117647
1.9991037644401821,5.88235294117647
2.000253837935157,5.88235294117647
2.0028183408777482,5.88235294117647
2.005691454588388,5.88235294117647
2.0070640820777625,5.88235294117647
2.0073008714352456,5.88235294117647
2.008046170770216,5.88235294117647
2.0083757681854655,5.88235294117647
2.008918015779721,5.88235294117647
2.011138972061644,5.88235294117647
2.0115732669122246,5.88235294117647
2.0118804739133695,5.88235294117647
2.012165032787864,5.9266227657572905
2.0130549820968477,5.970850963798777
2.013186009473164,5.970850963798777
2.013991451123861,6.015037593984962
2.015243310824957,6.059182714889619
2.0167688343268475,6.103286384976526
2.017483519074738,6.103286384976526
2.0179746720369427,6.147348662599718
2.0180737574970027,6.191369606003752
2.0185504931394025,6.191369606003752
2.0185599450029015,6.191369606003752
2.0192002042560886,6.191369606003752
2.020036095115492,6.191369606003752
2.020921072578082,6.235349273323957
2.0215926789118384,6.235349273323957
2.02195680474371,6.235349273323957
2.0228468767441776,6.235349273323957
2.023425074117162,6.279287722586692
2.0235655063714257,6.279287722586692
2.024232093759052,6.279287722586692
2.024295532771225,6.279287722586692
2.0257028716474093,6.279287722586692
2.030073892888188,6.323185011709602
2.0304990467127273,6.367041198501873
2.0306828868217406,6.367041198501873
2.030904052202537,6.367041198501873
2.0310974235127217,6.367041198501873
2.031474989060669,6.410856340664482
2.0315253194191,6.410856340664482
2.032862073155748,6.410856340664482
2.0351726247045563,6.410856340664482
2.035282110327884,6.410856340664482
2.035350447644526,6.410856340664482
2.0354381401329893,6.410856340664482
2.03576031642126,6.410856340664482
2.0364659312173945,6.410856340664482
2.037131705329869,6.410856340664482
2.037228883670879,6.410856340664482
2.0383315279390306,6.454630495790459
2.0401798295217732,6.454630495790459
2.0406561025203,6.454630495790459
2.041750721308177,6.454630495790459
2.042420480242865,6.454630495790459
2.0432997434079674,6.4983637213651235
2.0436510549915887,6.5420560747663545
2.043988218071069,6.585707613264829
2.0441283925462224,6.585707613264829
2.0451390222589287,6.585707613264829
2.04538501697182,6.585707613264829
2.0460624513280714,6.585707613264829
2.0464071590603754,6.629318394024277
2.0464193164607725,6.629318394024277
2.047410611083209,6.629318394024277
2.0476330711903863,6.629318394024277
2.0477491669497314,6.629318394024277
2.0478227767017687,6.672888474101726
2.0484750147202955,6.672888474101726
2.0485637396536918,6.672888474101726
2.0489870213304675,6.672888474101726
2.0493068878068317,6.672888474101726
2.0495774464487764,6.7164179104477615
2.0498626964619984,6.7164179104477615
2.0500120600378886,6.7164179104477615
2.05058009325183,6.7164179104477615
2.050771608765483,6.7164179104477615
2.05090356674986,6.7164179104477615
2.0514154458944027,6.7164179104477615
2.052843310964855,6.7164179104477615
2.0529288699269235,6.7164179104477615
2.0537229822446803,6.7164179104477615
2.0544708382167385,6.7164179104477615
2.0547013100048224,6.7164179104477615
2.055958069727155,6.7164179104477615
2.0583720589445385,6.7164179104477615
2.058499066789977,6.7164179104477615
2.0590277706948332,6.75990675990676
2.059505157402545,6.75990675990676
2.060430838470003,6.75990675990676
2.0610352911399867,6.75990675990676
2.0611111945559717,6.75990675990676
2.063272681169808,6.803355079217148
2.0659759798254322,6.803355079217148
2.0660997747917116,6.846762925011644
2.068092622741255,6.846762925011644
2.068229063681594,6.846762925011644
2.0682872853351593,6.846762925011644
2.0686980550382135,6.846762925011644
2.0687566121812337,6.846762925011644
2.069272655874444,6.846762925011644
2.070155873015464,6.846762925011644
2.071235323596239,6.890130353817504
2.0714821153499154,6.890130353817504
2.0728791891178755,6.890130353817504
2.075151803048792,6.890130353817504
2.0758901512489483,6.890130353817504
2.0761221799226104,6.890130353817504
2.0763490700713456,6.890130353817504
2.0766321650773607,6.890130353817504
2.076839428788359,6.890130353817504
2.077369089313059,6.890130353817504
2.0778292404946748,6.890130353817504
2.0779469530381927,6.890130353817504
2.0781046201929763,6.890130353817504
2.0782944568884107,6.890130353817504
2.078758114839797,6.93345742205677
2.0790725578847025,6.976744186046512
2.079780925427574,7.0199907019990695
2.080558190799015,7.0199907019990695
2.0821888445310512,7.0199907019990695
2.0823556053270975,7.0199907019990695
2.082908823983443,7.0199907019990695
2.082937405414481,7.063197026022305
2.083523896360548,7.063197026022305
2.084563862513208,7.063197026022305
2.084684523303133,7.063197026022305
2.084983451580564,7.063197026022305
2.0851731789847485,7.106363214119833
2.087032892616274,7.106363214119833
2.087571626151459,7.149489322191272
2.08794182623731,7.149489322191272
2.0884734395128843,7.149489322191272
2.089177366223158,7.149489322191272
2.0898599584761928,7.149489322191272
2.0932794623801048,7.149489322191272
2.094318973547103,7.192575406032482
2.094454474213391,7.192575406032482
2.0947876684652234,7.192575406032482
2.0952823681261608,7.192575406032482
2.0955288642865426,7.192575406032482
2.0957390889926635,7.235621521335807
2.095805113594786,7.235621521335807
2.0971389958933044,7.235621521335807
2.0974782633136235,7.2786277236903105
2.0985914760691355,7.2786277236903105
2.0989605549045476,7.32159406858202
2.0992890655989553,7.3645206113941635
2.0995319849211276,7.3645206113941635
2.1008888463515234,7.3645206113941635
2.100934490574294,7.3645206113941635
2.1017081655612073,7.4074074074074066
2.101839065090005,7.4074074074074066
2.1026338024337714,7.450254511800093
2.1041481458155014,7.493061979648474
2.105148774160984,7.493061979648474
2.1056864498353622,7.493061979648474
2.1066980332437595,7.493061979648474
2.1069304209462127,7.493061979648474
2.108576610954815,7.535829865926953
2.1098758924166168,7.535829865926953
2.1102011280568282,7.578558225508318
2.1103453340253475,7.621247113163972
2.110537124131817,7.663896583564174
2.1108221811392616,7.663896583564174
2.1110328066792037,7.706506691278264
2.1112392470022012,7.706506691278264
2.1114792003234073,7.706506691278264
2.1116970310766194,7.706506691278264
2.1122938060784207,7.706506691278264
2.112457850725471,7.706506691278264
2.1124691747897706,7.7490774907749085
2.112718520308941,7.791609036422314
2.112725435608068,7.834101382488479
2.1128108148130647,7.876554583141409
2.113263789213251,7.876554583141409
2.113356484260272,7.876554583141409
2.1145195801245817,7.876554583141409
2.1151559686179278,7.918968692449356
2.1152698435367507,7.918968692449356
2.115306512303416,7.918968692449356
2.116080013770145,7.9613437643810405
2.116089209952148,7.9613437643810405
2.1166516126571744,7.9613437643810405
2.116914983664389,8.003679852805888
2.1171333510563684,8.003679852805888
2.1177554158460508,8.003679852805888
2.1188101007218907,8.003679852805888
2.1190325981438383,8.003679852805888
2.119465164153242,8.045977011494253
2.119516854887462,8.088235294117647
2.119531449111984,8.088235294117647
2.119750274096407,8.088235294117647
2.120271559790754,8.088235294117647
2.1211522119249735,8.088235294117647
2.121640109742639,8.088235294117647
2.1216682858011633,8.130454754248968
2.1219529417086447,8.172635445362717
2.1228993434661363,8.172635445362717
2.12481415208227,8.172635445362717
2.124860480875643,8.172635445362717
2.125082074006128,8.172635445362717
2.126004301433649,8.214777420835246
2.1265776368849982,8.214777420835246
2.127091142149896,8.214777420835246
2.1274685654456804,8.214777420835246
2.129523057127258,8.214777420835246
2.129525853669873,8.214777420835246
2.1296126213240165,8.256880733944955
2.1302756081112304,8.256880733944955
2.130331754485455,8.298945437872536
2.1304552640456764,8.298945437872536
2.1306935893951153,8.298945437872536
2.1312511362969224,8.340971585701192
2.1313797409656736,8.340971585701192
2.132394140523922,8.382959230416857
2.1324469738853407,8.424908424908425
2.1328684855375326,8.424908424908425
2.1334553023068876,8.424908424908425
2.1334905389373824,8.424908424908425
2.133638453250788,8.424908424908425
2.1337257826928693,8.424908424908425
2.134161449200618,8.466819221967963
2.1341760010998647,8.466819221967963
2.13418317936947,8.508691674290942
2.134413947238136,8.508691674290942
2.1346698969959927,8.508691674290942
2.1349838028312123,8.508691674290942
2.135180729687488,8.550525834476453
2.1356571332708114,8.592321755027422
2.1358180192932488,8.592321755027422
2.136038793905072,8.592321755027422
2.13625231830949,8.592321755027422
2.1376106151105003,8.592321755027422
2.1382176901562953,8.592321755027422
2.1386633297668824,8.634079488350844
2.1390732158586756,8.634079488350844
2.140371537489745,8.634079488350844
2.143513290065781,8.634079488350844
2.1464229297331254,8.634079488350844
2.146936620488227,8.634079488350844
2.147128433531826,8.67579908675799
2.1475360005593336,8.717480602464628
2.1477376785181095,8.717480602464628
2.147811813924348,8.75912408759124
2.1481051047498245,8.800729594163247
2.1484424582184647,8.842297174111211
2.1492339381337913,8.842297174111211
2.149435776635741,8.842297174111211
2.149666547518776,8.842297174111211
2.150152150251189,8.842297174111211
2.150437036208413,8.842297174111211
2.150485642301817,8.88382687927107
2.1508750358994493,8.925318761384334
2.15115528076729,8.925318761384334
2.151674754744973,8.966772872098316
2.151812163585569,8.966772872098316
2.1523960372513677,8.966772872098316
2.1529476179780844,8.966772872098316
2.1538590902770713,9.008189262966333
2.1539245060705765,9.008189262966333
2.1541746219275133,9.049567985447931
2.154619657131694,9.049567985447931
2.1549211313568835,9.090909090909092
2.1549457979324314,9.090909090909092
2.1553601950570176,9.090909090909092
2.155769139793817,9.090909090909092
2.155895023318626,9.090909090909092
2.157308906699622,9.090909090909092
2.157546319788504,9.090909090909092
2.1588995592025704,9.090909090909092
2.1593267314921882,9.090909090909092
2.1598081753458414,9.090909090909092
2.1613354489321432,9.090909090909092
2.161455300538656,9.090909090909092
2.1615219350528534,9.090909090909092
2.1623389500135923,9.090909090909092
2.1626705865363665,9.090909090909092
2.163268855242316,9.132212630622444
2.163659925695792,9.132212630622444
2.1656123975722865,9.173478655767484
2.1659902110151554,9.173478655767484
2.166048445164616,9.173478655767484
2.167503737023913,9.173478655767484
2.167898560923749,9.173478655767484
2.168212020810024,9.173478655767484
2.1684942586963625,9.173478655767484
2.1688682870812332,9.173478655767484
2.1689118483288836,9.173478655767484
2.169500956306169,9.173478655767484
2.170264327047196,9.173478655767484
2.1703242510560483,9.173478655767484
2.170949515548696,9.173478655767484
2.1712155256006804,9.173478655767484
2.1714904687407,9.214707217430776
2.171867614214303,9.214707217430776
2.1720431708105536,9.214707217430776
2.17230867465876,9.214707217430776
2.1723762039313534,9.25589836660617
2.172467008639636,9.25589836660617
2.1730409908680137,9.25589836660617
2.173935468016981,9.25589836660617
2.1743065647609687,9.25589836660617
2.1748764125656157,9.25589836660617
2.175180642709252,9.25589836660617
2.1755308406346274,9.25589836660617
2.1758187188223843,9.25589836660617
2.1758875644317044,9.25589836660617
2.1759885914863695,9.25589836660617
2.1763665116271036,9.25589836660617
2.1764556428627353,9.25589836660617
2.1766410549492186,9.25589836660617
2.178088359288582,9.25589836660617
2.1784607180881856,9.25589836660617
2.1785550472590964,9.25589836660617
2.1795872582081155,9.25589836660617
2.1797644888727494,9.25589836660617
2.1812854794088286,9.25589836660617
2.1818766370957445,9.25589836660617
2.1821360954725884,9.25589836660617
2.1823140062522666,9.297052154195011
2.1825370184606845,9.297052154195011
2.1828615881709608,9.297052154195011
2.182988994338822,9.297052154195011
2.1831764566145417,9.338168631006347
2.1838979826443685,9.338168631006347
2.1845761658137737,9.379247847757137
2.1848617084918622,9.379247847757137
2.1852631961597986,9.379247847757137
2.18625713270376,9.379247847757137
2.186361025709851,9.379247847757137
2.187314789955731,9.420289855072465
2.1879456107385584,9.420289855072465
2.1881796413975234,9.420289855072465
2.1883464704697406,9.46129470348574
2.1884948545098517,9.46129470348574
2.1895620530827027,9.46129470348574
2.1899459853138836,9.502262443438914
2.1903399901780936,9.502262443438914
2.1904057943877246,9.502262443438914
2.190796968959678,9.502262443438914
2.1908460338807583,9.502262443438914
2.191492954887753,9.502262443438914
2.191604947582767,9.543193125282677
2.1923879471657544,9.543193125282677
2.1924391573869553,9.543193125282677
2.192870610638982,9.543193125282677
2.192957737375205,9.543193125282677
2.1930180114679194,9.584086799276673
2.1934024240628833,9.584086799276673
2.1937310339743483,9.584086799276673
2.1944102613108036,9.584086799276673
2.1944946327444583,9.584086799276673
2.194912154696054,9.624943515589697
2.1950611832791256,9.66576332429991
2.19514232288465,9.66576332429991
2.1952595292203,9.706546275395034
2.196986552584914,9.706546275395034
2.197029229402261,9.706546275395034
2.197226711747951,9.706546275395034
2.1976271809953927,9.706546275395034
2.1976549772282836,9.706546275395034
2.1978406176066456,9.706546275395034
2.197932396792039,9.706546275395034
2.198518100289449,9.747292418772563
2.199966900727704,9.747292418772563
2.200416111523867,9.747292418772563
2.2007872268482016,9.747292418772563
2.2009323376789314,9.747292418772563
2.2012033457879645,9.747292418772563
2.201305639304154,9.747292418772563
2.201869072231579,9.747292418772563
2.202446472980716,9.747292418772563
2.202624223132533,9.747292418772563
2.2029754986708014,9.747292418772563
2.2037160252143795,9.747292418772563
2.2039947449992345,9.747292418772563
2.204135574694708,9.788001804239963
2.2043674874342556,9.788001804239963
2.2046175932207044,9.788001804239963
2.2050732440820133,9.828674481514877
2.2053176155160172,9.828674481514877
2.206254162108518,9.869310500225327
2.2063971216246823,9.90990990990991
2.20650791135173,9.90990990990991
2.2069699679853816,9.95047276001801
2.20735202562943,9.95047276001801
2.2075205654665577,9.95047276001801
2.2076702401470443,9.95047276001801
2.207688695161787,9.95047276001801
2.208234548535168,9.99099909990999
2.2082983743974336,9.99099909990999
2.209032756968835,10.0314889788574
2.2092995479411135,10.0314889788574
2.2094419905825435,10.071942446043165
2.2095155392386396,10.071942446043165
2.209979742450966,10.112359550561797
2.2109080139224115,10.112359550561797
2.211414833142446,10.152740341419586
2.211536961841366,10.152740341419586
2.2116526971718447,10.152740341419586
2.212157829258194,10.152740341419586
2.212307146340858,10.1930848675348
2.2145946312662153,10.23339317773788
2.2148884556124226,10.273665320771647
2.216533015599218,10.31390134529148
2.216668618570017,10.354101299865532
2.2172780024089964,10.39426523297491
2.217452021024488,10.39426523297491
2.2174549723039347,10.39426523297491
2.219093424223223,10.39426523297491
2.22078139981842,10.434393193013882
2.2208133082154404,10.434393193013882
2.221088784742993,10.474485228290064
2.221414653345495,10.474485228290064
2.2217279486315507,10.474485228290064
2.222313721103839,10.474485228290064
2.223556236286094,10.51454138702461
2.22511369837226,10.554561717352415
2.2252246841583894,10.554561717352415
2.2256842678986573,10.594546267322306
2.226675099977142,10.63449508489723
2.2268286409392726,10.63449508489723
2.226908754287979,10.63449508489723
2.2273670402711616,10.63449508489723
2.227543859574016,10.674408217954444
2.2282194997939957,10.674408217954444
2.228953697103381,10.674408217954444
2.229285786323923,10.674408217954444
2.2293667871917497,10.674408217954444
2.229408741332936,10.674408217954444
2.229717257430696,10.674408217954444
2.2298519469946565,10.674408217954444
2.2301672376833683,10.674408217954444
2.2302818343668567,10.674408217954444
2.2305810305392395,10.674408217954444
2.2305954135392496,10.674408217954444
2.2306442444331025,10.674408217954444
2.230645057555235,10.674408217954444
2.2314744156799717,10.674408217954444
2.232474858500484,10.714285714285714
2.23271905489437,10.714285714285714
2.232759634358686,10.754127621597501
2.233072973108229,10.754127621597501
2.233591108112529,10.793933987511151
2.233725290484638,10.793933987511151
2.234547825461169,10.793933987511151
2.2345986857659916,10.793933987511151
2.2347771363049107,10.793933987511151
2.2348124182569977,10.833704859563085
2.2352021999620293,10.833704859563085
2.2356289623730285,10.87344028520499
2.235732857615223,10.87344028520499
2.2359618956987264,10.87344028520499
2.236373029858726,10.87344028520499
2.236407933890693,10.913140311804009
2.2364278087738225,10.95280498664292
2.2366052803193566,10.992434356920338
2.2373893811785894,11.032028469750891
2.237946403590731,11.071587372165407
2.2383572081964758,11.071587372165407
2.239231722443791,11.071587372165407
2.239888832826673,11.071587372165407
2.240637540087509,11.11111111111111
2.240799376469362,11.150599733451799
2.240865702954908,11.190053285968029
2.2412835906701347,11.229471815357302
2.2416424776320847,11.26885536823425
2.243028675313892,11.26885536823425
2.2432618975361907,11.26885536823425
2.2440972201682965,11.30820399113082
2.244681027362164,11.30820399113082
2.2451215496665635,11.30820399113082
2.2452094699154452,11.347517730496454
2.245311058282143,11.347517730496454
2.2458012374557277,11.347517730496454
2.245846695650039,11.347517730496454
2.246421844475344,11.386796632698273
2.246952197316749,11.386796632698273
2.2489355034265195,11.386796632698273
2.2497707719163484,11.386796632698273
2.2502210163364817,11.386796632698273
2.2505904709559306,11.386796632698273
2.250775698942985,11.386796632698273
2.250954311516897,11.426040744021257
2.2512341708601746,11.426040744021257
2.251511527691736,11.465250110668437
2.2516200481825734,11.465250110668437
2.2521626211989645,11.465250110668437
2.252179457053765,11.465250110668437
2.2523263993364075,11.465250110668437
2.2532329949285166,11.465250110668437
2.253512393861661,11.465250110668437
2.25376928081293,11.465250110668437
2.254045828322823,11.465250110668437
2.2554960064515495,11.465250110668437
2.2559315433335803,11.465250110668437
2.2560506306032813,11.504424778761061
2.2567510443482677,11.504424778761061
2.2570471255845885,11.543564794338788
2.2578662564459115,11.582670203359859
2.258729890177696,11.582670203359859
2.2591708729028754,11.582670203359859
2.259397680267338,11.621741051701282
2.2604420618086594,11.621741051701282
2.2618108820593696,11.66077738515901
2.2628963321024265,11.66077738515901
2.263632493409818,11.699779249448124
2.2653996249157045,11.699779249448124
2.265610780510937,11.738746690203
2.2659219718601684,11.777679752977503
2.2659739585112453,11.777679752977503
2.2660719627996344,11.777679752977503
2.266139468470133,11.777679752977503
2.2663349999030364,11.777679752977503
2.2665797335108944,11.777679752977503
2.266980864939008,11.777679752977503
2.267228463823235,11.777679752977503
2.2673659387827767,11.777679752977503
2.2675333171739633,11.777679752977503
2.268011352780814,11.777679752977503
2.268130475681237,11.777679752977503
2.268366380069171,11.816578483245149
2.2683910753641423,11.816578483245149
2.269574590447761,11.816578483245149
2.269780279207577,11.816578483245149
2.2699027554572866,11.855442926399295
2.2699067311374894,11.894273127753303
2.2700504381560207,11.933069132540732
2.2702955960373217,11.933069132540732
2.270322754241911,11.933069132540732
2.2704193087997697,11.933069132540732
2.27096046172377,11.933069132540732
2.2711051371781377,11.971830985915492
2.2711898194413402,12.010558732952045
2.2722461224155373,12.049252418645558
2.2722680841601424,12.049252418645558
2.272333407965773,12.049252418645558
2.272573425741027,12.087912087912088
2.2726260568187002,12.087912087912088
2.272910801457618,12.087912087912088
2.273187674822548,12.126537785588752
2.273348306332935,12.165129556433904
2.2738599581778365,12.165129556433904
2.2738631216580494,12.165129556433904
2.2742930210883268,12.165129556433904
2.2767956490337595,12.203687445127304
2.2774479565195347,12.242211496270293
2.277655172813085,12.242211496270293
2.2802078279667004,12.242211496270293
2.280504145568219,12.280701754385964
2.2815552861397825,12.280701754385964
2.2817437022492393,12.280701754385964
2.2818427316180925,12.280701754385964
2.281951378656082,12.319158263919332
2.282302722755723,12.357581069237511
2.282661021478847,12.357581069237511
2.2831145822173875,12.357581069237511
2.2844878295311126,12.395970214629873
2.284678662904737,12.395970214629873
2.2850349183838468,12.395970214629873
2.2870248074122195,12.395970214629873
2.2880056132850384,12.43432574430823
2.288024593864791,12.43432574430823
2.288072680037442,12.43432574430823
2.2883739463943744,12.43432574430823
2.2900411827798965,12.43432574430823
2.290150179358547,12.472647702407002
2.2902735179668197,12.472647702407002
2.291173532559993,12.472647702407002
2.2916688588391856,12.510936132983378
2.2926515286342553,12.510936132983378
2.2927905518039884,12.549191080017492
2.292972246228643,12.549191080017492
2.292976295477285,12.549191080017492
2.2932321932061135,12.587412587412588
2.2935700301063546,12.625600698995196
2.2944857528957945,12.625600698995196
2.296205768607705,12.625600698995196
2.296363058338894,12.663755458515283
2.296368652010706,12.701876909646442
2.2968881558033107,12.739965095986038
2.2969583012171,12.778020061055386
2.2981485212025845,12.778020061055386
2.298290478358383,12.778020061055386
2.2985272680481397,12.778020061055386
2.2986253604611315,12.778020061055386
2.298682318424828,12.778020061055386
2.2987172520022767,12.778020061055386
2.2989374006895003,12.778020061055386
2.299326214112073,12.778020061055386
2.299493546007214,12.778020061055386
2.299915682497786,12.778020061055386
2.3004838298765575,12.816041848299914
2.300749589970416,12.816041848299914
2.301030355306315,12.854030501089325
2.3011490457119437,12.89198606271777
2.30127149744146,12.929908576404006
2.3013868447765,12.967798085291557
2.301604378684494,13.00565463244889
2.3017852424736702,13.043478260869565
2.302045901514485,13.043478260869565
2.3022790487340994,13.081269013472404
2.3025233911409178,13.081269013472404
2.302553926866501,13.119026933101651
2.3027988213223654,13.119026933101651
2.3036046165432733,13.119026933101651
2.3036558670877123,13.156752062527138
2.3040426386598574,13.194444444444445
2.304231250473992,13.194444444444445
2.3051793919165675,13.232104121475055
2.3056330201606685,13.232104121475055
2.3056784147861573,13.269731136166522
2.3063783620120457,13.269731136166522
2.306741298947847,13.269731136166522
2.3072660642966705,13.307325530992632
2.307411274152547,13.344887348353554
2.307464893553756,13.344887348353554
2.308053098060777,13.344887348353554
2.3086826773097324,13.382416630576008
2.309374362362158,13.382416630576008
2.309611606623087,13.382416630576008
2.310059813829464,13.382416630576008
2.3103029212844826,13.382416630576008
2.310656719586752,13.382416630576008
2.3106851170166323,13.382416630576008
2.3107869693499037,13.382416630576008
2.310932655789648,13.382416630576008
2.3110231429904795,13.41991341991342
2.3113322223981787,13.41991341991342
2.311375711977895,13.41991341991342
2.3114988322739034,13.457377758546086
2.312151999920224,13.494809688581316
2.312259297553256,13.494809688581316
2.3125937049400505,13.494809688581316
2.31297800282134,13.494809688581316
2.31363708005993,13.53220925205361
2.3136651695374457,13.53220925205361
2.3137028050527726,13.53220925205361
2.3145461507097926,13.569576490924806
2.3145805851655585,13.569576490924806
2.31677068634989,13.606911447084233
2.31700263762909,13.606911447084233
2.317504804191218,13.606911447084233
2.3176192102439725,13.606911447084233
2.3181283067941374,13.606911447084233
2.318588127464563,13.644214162348877
2.3188857230952924,13.644214162348877
2.3193347265536266,13.644214162348877
2.3199395106501064,13.644214162348877
2.3201758712741762,13.68148467846353
2.320874687402022,13.718723037100949
2.321165351172987,13.718723037100949
2.3214032208586812,13.75592927986201
2.321620660498002,13.793103448275861
2.3218998036972467,13.793103448275861
2.3224715524598203,13.793103448275861
2.322672071312219,13.830245583800085
2.3230000806282756,13.830245583800085
2.323021918235061,13.830245583800085
2.3233517396633645,13.830245583800085
2.3233646318356853,13.830245583800085
2.3246083835458657,13.867355727820843
2.325798346449153,13.867355727820843
2.3268936492736643,13.867355727820843
2.3280511424867516,13.867355727820843
2.3283243625756573,13.867355727820843
2.3287748400596606,13.904433921653034
2.3290010811364077,13.904433921653034
2.329313316409751,13.904433921653034
2.3303874523907515,13.904433921653034
2.3310828862183053,13.941480206540447
2.3311723750524336,13.941480206540447
2.3312798303504527,13.941480206540447
2.3317005415852647,13.941480206540447
2.3324484749998624,13.941480206540447
2.332482649544292,13.941480206540447
2.333743954672989,13.941480206540447
2.3352903218636545,13.978494623655912
2.3359693878474985,13.978494623655912
2.33642869327496,13.978494623655912
2.3365922220268933,14.015477214101463
2.3368785157249015,14.015477214101463
2.337703155209024,14.015477214101463
2.3377052716937397,14.015477214101463
2.33906183064429,14.015477214101463
2.339885620363702,14.015477214101463
2.340037684516562,14.015477214101463
2.340660380759005,14.015477214101463
2.341130293176687,14.015477214101463
2.34136516635037,14.015477214101463
2.341551339757262,14.015477214101463
2.341904348121887,14.015477214101463
2.3420371632337993,14.015477214101463
2.3427291912453745,14.015477214101463
2.342961675308327,14.015477214101463
2.3434622913100838,14.015477214101463
2.3438896518314176,14.015477214101463
2.3440703453004645,14.015477214101463
2.3444439033450886,14.015477214101463
2.3450266997733094,14.052428018908467
2.3455074396374678,14.0893470790378
2.3455327129789345,14.0893470790378
2.345693110749515,14.0893470790378
2.3464200544176257,14.0893470790378
2.347669847945566,14.0893470790378
2.3476736841304033,14.0893470790378
2.3488627482642888,14.0893470790378
2.3490070979731397,14.0893470790378
2.349099158575373,14.0893470790378
2.349137906343479,14.126234435379992
2.3494173034196413,14.126234435379992
2.3504577604988843,14.126234435379992
2.350725260143428,14.126234435379992
2.3509947007172336,14.126234435379992
2.351000097134463,14.126234435379992
2.3510166945517073,14.126234435379992
2.351811181115346,14.126234435379992
2.3518567444685363,14.126234435379992
2.3523339920029986,14.126234435379992
2.3528479822190604,14.126234435379992
2.353789898690907,14.126234435379992
2.3540830353093662,14.126234435379992
2.3541835246891742,14.126234435379992
2.3541914164902473,14.126234435379992
2.354854983176957,14.126234435379992
2.354992215787823,14.126234435379992
2.3551562943800617,14.126234435379992
2.3558381915726474,14.163090128755366
2.3559354073367462,14.163090128755366
2.3562544203988782,14.163090128755366
2.3570677214690696,14.199914199914199
2.357274991621582,14.199914199914199
2.3574673890930145,14.199914199914199
2.3579289388614018,14.236706689536879
2.3583723962344436,14.273467638234033
2.359273777400558,14.3101970865467
2.3594656549826927,14.3101970865467
2.3596998319670988,14.346895074946467
2.3599824667750156,14.346895074946467
2.361092389603873,14.346895074946467
2.3624249023492045,14.346895074946467
2.362688444786755,14.346895074946467
2.362773834022689,14.383561643835616
2.3630715056129956,14.383561643835616
2.3631497784135056,14.383561643835616
2.363394734625756,14.383561643835616
2.3635664858328194,14.383561643835616
2.3642378153801302,14.383561643835616
2.364337162141798,14.383561643835616
2.364448900669027,14.420196833547283
2.3651452649674773,14.456800684345595
2.3652962372228923,14.456800684345595
2.3655786035799107,14.456800684345595
2.3656339100430226,14.493373236425821
2.36567057883352,14.529914529914532
2.3657089843057575,14.529914529914532
2.3657950643503147,14.529914529914532
2.3661274236545227,14.566424604869713
2.3662008643889907,14.566424604869713
2.3665835102318966,14.602903501280956
2.366654277884699,14.602903501280956
2.366690918378918,14.602903501280956
2.3669636316858296,14.602903501280956
2.3674496921438273,14.639351259069569
2.3681077359299283,14.639351259069569
2.368181410272905,14.639351259069569
2.368512211373888,14.675767918088736
2.3688791149017963,14.675767918088736
2.3691154478939227,14.675767918088736
2.369229471552898,14.675767918088736
2.369682644478388,14.675767918088736
2.3700033346891263,14.675767918088736
2.3700285024361722,14.675767918088736
2.370115511048435,14.712153518123666
2.370439571910437,14.712153518123666
2.3705928768978692,14.712153518123666
2.3707961225309195,14.74850809889173
2.371042244559673,14.784831700042607
2.3715192307243314,14.821124361158432
2.37237015196099,14.821124361158432
2.3725577921851766,14.821124361158432
2.3730700558089155,14.857386121753938
2.373111168461364,14.857386121753938
2.3731777891407257,14.857386121753938
2.3736752790746567,14.857386121753938
2.3739770507087883,14.857386121753938
2.3742825073851717,14.857386121753938
2.3748548165026873,14.857386121753938
2.376344870342952,14.893617021276595
2.3772912771440344,14.893617021276595
2.377302132296346,14.929817099106762
2.377466439817336,14.965986394557824
2.377902991755324,14.965986394557824
2.3779060104572265,14.965986394557824
2.378400906470102,15.002124946876327
2.3789675608979732,15.002124946876327
2.379569039048013,15.002124946876327
2.3803892909051703,15.002124946876327
2.3806398883749678,15.002124946876327
2.3819247087890774,15.03823279524214
2.381995947327774,15.03823279524214
2.382164527908375,15.03823279524214
2.382202627971378,15.074309978768577
2.3823253736164776,15.110356536502549
2.382543791387764,15.110356536502549
2.3830013664743577,15.110356536502549
2.3833898673378306,15.110356536502549
2.3838200768715767,15.110356536502549
2.384058397239928,15.146372507424694
2.3842247392711613,15.146372507424694
2.384676112736966,15.146372507424694
2.3855639443398884,15.146372507424694
2.385595004093359,15.146372507424694
2.385678022277278,15.146372507424694
2.386480420326805,15.182357930449534
2.3869974129933773,15.182357930449534
2.3875725157702004,15.182357930449534
2.3876108453878784,15.182357930449534
2.3876290691715782,15.182357930449534
2.388112443634032,15.182357930449534
2.38860376325153,15.182357930449534
2.388771969360787,15.182357930449534
2.3893529236069915,15.182357930449534
2.3895079916951967,15.182357930449534
2.3895299051384664,15.182357930449534
2.390384539912131,15.218312844425604
2.390463020439514,15.254237288135593
2.3905372995243566,15.254237288135593
2.3907787194951067,15.290131300296483
2.3915359320062337,15.290131300296483
2.391624579531905,15.325994919559696
2.3919481505776266,15.325994919559696
2.392121217285226,15.325994919559696
2.3921677503608985,15.325994919559696
2.3922568116377176,15.361828184511214
2.392696861819891,15.397631133671744
2.392786819768034,15.397631133671744
2.3933421481878394,15.397631133671744
2.393383239424912,15.397631133671744
2.3935259457577738,15.397631133671744
2.393802206911113,15.397631133671744
2.3939536572052567,15.397631133671744
2.3940123941964027,15.397631133671744
2.3942205954539366,15.397631133671744
2.3945341800387294,15.433403805496829
2.3946102017633706,15.433403805496829
2.3947351071146925,15.469146238377007
2.3954236025212583,15.504858470637938
2.3961063918320145,15.504858470637938
2.3964988826173172,15.54054054054054
2.396730303761917,15.54054054054054
2.3972439884344245,15.54054054054054
2.3973034286995976,15.54054054054054
2.398050101306432,15.576192486281132
2.398372102002114,15.576192486281132
2.3983746255550877,15.611814345991561
2.3984919748961877,15.611814345991561
2.398999484996482,15.611814345991561
2.399215109961535,15.611814345991561
2.399389096748991,15.611814345991561
2.3994060446898087,15.611814345991561
2.399596761280396,15.647406157739349
2.400621196996105,15.682967959527824
2.4015872774969025,15.682967959527824
2.401822644527569,15.682967959527824
2.4025089177065633,15.682967959527824
2.402684887538466,15.682967959527824
2.4031754842531945,15.718499789296251
2.403385283342355,15.718499789296251
2.404485870946981,15.754001684919967
2.405294272896515,15.754001684919967
2.406099453450986,15.789473684210526
2.4064959011000875,15.789473684210526
2.4070577099486923,15.789473684210526
2.407193340112809,15.789473684210526
2.4072078010352205,15.789473684210526
2.407323195112715,15.824915824915825
2.4075543839385154,15.824915824915825
2.407965500717308,15.860328144720235
2.408922324104222,15.895710681244744
2.409458512885422,15.895710681244744
2.4099248847340426,15.895710681244744
2.410138379868164,15.931063472047077
2.411034846990081,15.931063472047077
2.411279122843656,15.931063472047077
2.411580742327206,15.931063472047077
2.4118950285589724,15.931063472047077
2.4119897239825123,15.931063472047077
2.412425953599149,15.931063472047077
2.4127171476038054,15.931063472047077
2.4135777013540554,15.966386554621847
2.413722455001202,15.966386554621847
2.415314291265796,15.966386554621847
2.415986209803984,16.001679966400673
2.4162391699697285,16.001679966400673
2.416266423848285,16.001679966400673
2.41678735932837,16.036943744752307
2.4171909426268696,16.036943744752307
2.4175218201933633,16.036943744752307
2.417708205376303,16.072177926982796
2.4188214822742,16.072177926982796
2.4189280840216116,16.10738255033557
2.419126433730487,16.10738255033557
2.4193772687474353,16.10738255033557
2.4198708796609742,16.10738255033557
2.4200325859907,16.10738255033557
2.420287377054649,16.142557651991616
2.4203120234991755,16.142557651991616
2.4204248362715437,16.177703269069575
2.420573365535701,16.177703269069575
2.4211957890712195,16.21281943862589
2.4212642888850846,16.24790619765494
2.4214128467172666,16.24790619765494
2.42223556287501,16.24790619765494
2.4225400887679047,16.282963583089156
2.4226799029160833,16.282963583089156
2.4228866271214664,16.282963583089156
2.4229186044088853,16.317991631799163
2.4232203256812235,16.352990380593894
2.423286921121129,16.352990380593894
2.4235567384870094,16.352990380593894
2.424003212930521,16.352990380593894
2.424249490817482,16.352990380593894
2.424626621315946,16.352990380593894
2.4250975600790015,16.387959866220736
2.425197431080587,16.387959866220736
2.4252621655505253,16.387959866220736
2.425318089773054,16.42290012536565
2.425429154810987,16.42290012536565
2.425484321008603,16.42290012536565
2.425532121214685,16.42290012536565
2.4255703243777256,16.4578111946533
2.425783958414493,16.4578111946533
2.426169070934279,16.4578111946533
2.426496694223907,16.4578111946533
2.4268220641872214,16.4578111946533
2.427090660319326,16.49269311064718
2.427379812832969,16.49269311064718
2.4277343746055746,16.49269311064718
2.4279356477818665,16.49269311064718
2.428652765010598,16.49269311064718
2.4288689236068866,16.49269311064718
2.4291428307021476,16.52754590984975
2.4292601897343578,16.52754590984975
2.42989582956408,16.52754590984975
2.4307137684386473,16.52754590984975
2.4308730314280074,16.52754590984975
2.431007832424668,16.562369628702545
2.431713840915103,16.59716430358632
2.4319719251785616,16.631929970821176
2.4320766363799295,16.631929970821176
2.432592872413253,16.631929970821176
2.432778079871416,16.666666666666664
2.4328437226211213,16.666666666666664
2.434060597169114,16.701374427321948
2.4341812585033265,16.701374427321948
2.434800646738772,16.701374427321948
2.434843843424864,16.736053288925895
2.4348582985434692,16.736053288925895
2.4350621062186875,16.736053288925895
2.4354185812872777,16.77070328755722
2.4355947931829163,16.77070328755722
2.43575166712727,16.80532445923461
2.437006778620171,16.80532445923461
2.437790135916244,16.80532445923461
2.4385992549508715,16.80532445923461
2.438892701097164,16.80532445923461
2.439107780624333,16.80532445923461
2.4391111400139045,16.80532445923461
2.439903835959804,16.80532445923461
2.4403386851097304,16.80532445923461
2.440624663133552,16.80532445923461
2.4411619783864036,16.80532445923461
2.442165240485637,16.839916839916842
2.4424694746011415,16.839916839916842
2.442536628444233,16.839916839916842
2.442571273719903,16.839916839916842
2.4431419973744117,16.87448046550291
2.4434320805127507,16.909015371832155
2.443804591864888,16.909015371832155
2.4439102629344815,16.909015371832155
2.4439981969249116,16.909015371832155
2.444311374144834,16.909015371832155
2.445201226403015,16.909015371832155
2.4454567805939527,16.909015371832155
2.4455928280978863,16.943521594684384
2.445795220396186,16.943521594684384
2.4460663277448624,16.943521594684384
2.4461441515333804,16.943521594684384
2.4465859672639922,16.943521594684384
2.447669585567633,16.97799916977999
2.4479625483132526,17.012448132780083
2.448016895638431,17.012448132780083
2.4480478111524455,17.012448132780083
2.448480867909788,17.012448132780083
2.4486252867056075,17.012448132780083
2.4486776411303772,17.012448132780083
2.448768844326709,17.012448132780083
2.450430394400338,17.012448132780083
2.4513456462482743,17.012448132780083
2.4516791169592196,17.046868519286605
2.452323138901357,17.046868519286605
2.452923783984236,17.046868519286605
2.4531076513747743,17.046868519286605
2.453881337511668,17.046868519286605
2.4543872635048953,17.046868519286605
2.454496032778743,17.046868519286605
2.454692473874973,17.046868519286605
2.4556597240937315,17.046868519286605
2.456268631442796,17.046868519286605
2.456684811439885,17.046868519286605
2.4568487439900344,17.046868519286605
2.4570792929348815,17.081260364842453
2.45764051778862,17.081260364842453
2.4577168104752487,17.081260364842453
2.457733987430435,17.081260364842453
2.4579427566077046,17.081260364842453
2.4583282012556116,17.081260364842453
2.458596236399464,17.081260364842453
2.458619267717725,17.081260364842453
2.458911838225824,17.11562370493162
2.459014328883834,17.11562370493162
2.4592340265496637,17.149958574979287
2.459753796099268,17.149958574979287
2.460588749332847,17.184265010351968
2.460999050611492,17.184265010351968
2.461158804449258,17.218543046357617
2.461257480827029,17.218543046357617
2.4613848517931305,17.218543046357617
2.4618024735584956,17.25279271824576
2.462012353587587,17.25279271824576
2.4620693517877625,17.25279271824576
2.4622198299634013,17.25279271824576
2.462580729354473,17.25279271824576
2.462674999623578,17.28701406120761
2.4632118810507335,17.32120711037619
2.4632592712670136,17.32120711037619
2.463449229930979,17.355371900826448
2.4635562049598265,17.389508467575382
2.4637531374120156,17.389508467575382
2.464121345636727,17.389508467575382
2.4645415266494872,17.389508467575382
2.464768994753319,17.389508467575382
2.4649590884434867,17.423616845582163
2.465048052906979,17.423616845582163
2.4655394540179314,17.457697069748246
2.465560919717751,17.457697069748246
2.4663784512441387,17.457697069748246
2.466732419789063,17.491749174917494
2.467067146919119,17.491749174917494
2.467116495359912,17.491749174917494
2.467225850653598,17.491749174917494
2.4672421998550624,17.491749174917494
2.467462134532099,17.525773195876287
2.468006013546625,17.55976916735367
2.4680493334501077,17.593737124021423
2.4688465124455514,17.593737124021423
2.469213713144414,17.593737124021423
2.4694972009744727,17.627677100494235
2.470006065703672,17.661589131329766
2.470259908173203,17.661589131329766
2.4705428133853906,17.661589131329766
2.4708762614120428,17.695473251028808
2.4712602811407307,17.729329494035376
2.471579957700839,17.763157894736842
2.4718862936430384,17.763157894736842
2.4719875792057167,17.763157894736842
2.4722881662568668,17.763157894736842
2.47264168485585,17.763157894736842
2.4728386219060225,17.763157894736842
2.473122439783553,17.763157894736842
2.473552144921666,17.763157894736842
2.473889096885476,17.763157894736842
2.473915037676022,17.763157894736842
2.4741575158105085,17.763157894736842
2.474521356726105,17.763157894736842
2.4745219614952796,17.763157894736842
2.4750271053350485,17.79695848746404
2.475054060638455,17.830731306491373
2.4751907982729504,17.864476386036962
2.475349463331479,17.898193760262725
2.476069030654772,17.898193760262725
2.476547140398091,17.898193760262725
2.4767838874491566,17.898193760262725
2.476843815762397,17.898193760262725
2.477412220298858,17.898193760262725
2.4776400136251953,17.898193760262725
2.477847243681822,17.898193760262725
2.477868249290855,17.898193760262725
2.4781375051867713,17.898193760262725
2.4788185792248125,17.898193760262725
2.478876474795667,17.898193760262725
2.4791077556071976,17.898193760262725
2.4793217246288117,17.931883463274517
2.4795225131083827,17.931883463274517
2.4795445342669042,17.931883463274517
2.479668682336471,17.931883463274517
2.4800149150865844,17.96554552912223
2.480445900766214,17.96554552912223
2.4807719078070867,17.99917999179992
2.4808190131646297,17.99917999179992
2.481357436573572,17.99917999179992
2.482227877369214,18.0327868852459
2.4824457352105282,18.0327868852459
2.482489136880855,18.0327868852459
2.4827488355368623,18.0327868852459
2.482917554852374,18.0327868852459
2.4832340781785485,18.066366243342895
2.483393875675415,18.066366243342895
2.483437481567324,18.0999180999181
2.4837546453763557,18.0999180999181
2.4845402284170155,18.0999180999181
2.4854062694655137,18.0999180999181
2.485981124609633,18.0999180999181
2.48695250941534,18.0999180999181
2.48734344556632,18.0999180999181
2.487481074141753,18.13344248874335
2.4878868459306083,18.13344248874335
2.4887847246084993,18.13344248874335
2.489026323654066,18.13344248874335
2.490103743582551,18.13344248874335
2.490709196771962,18.13344248874335
2.491148008894405,18.13344248874335
2.491323909844013,18.13344248874335
2.4913796748606543,18.16693944353519
2.491415695492673,18.16693944353519
2.492063012447654,18.200408997955012
2.492806636374553,18.200408997955012
2.492906694543156,18.200408997955012
2.4930138537429296,18.200408997955012
2.493516025568316,18.233851185609158
2.493861656618479,18.233851185609158
2.494101901486857,18.233851185609158
2.4942724797869946,18.26726604004904
2.494771336101089,18.30065359477124
2.495149198446318,18.30065359477124
2.495254250856033,18.30065359477124
2.495262631173388,18.30065359477124
2.4956645598298874,18.33401388321764
2.4962741688351047,18.367346938775512
2.496978690748456,18.367346938775512
2.4972919983841804,18.367346938775512
2.497489623269193,18.367346938775512
2.4976194675758516,18.367346938775512
2.4978025722039194,18.400652794777642
2.498543065898669,18.400652794777642
2.4986432101442633,18.400652794777642
2.498732074633937,18.400652794777642
2.498797365604416,18.43393148450245
2.499420352418347,18.43393148450245
2.499576202172755,18.43393148450245
2.4995930776203887,18.43393148450245
2.4999848908726583,18.467183041174074
2.5004032987950184,18.50040749796251
2.5004391902518335,18.50040749796251
2.500662754000933,18.533604887983707
2.500841218461757,18.566775244299674
2.500900028056419,18.566775244299674
2.5009743428767246,18.566775244299674
2.5011377575020224,18.566775244299674
2.501601594571061,18.566775244299674
2.5016969263506894,18.566775244299674
2.5018572108366217,18.566775244299674
2.5018997793921667,18.566775244299674
2.501936950415739,18.5999185999186
2.5019727601119617,18.5999185999186
2.502035819795897,18.5999185999186
2.50203885414775,18.633034987794954
2.502211660583027,18.633034987794954
2.5024093007050277,18.666124440829606
2.5024266984922026,18.69918699186992
2.502588950443375,18.69918699186992
2.5027605175849525,18.69918699186992
2.502796978617594,18.69918699186992
2.5031616634811384,18.69918699186992
2.5034884111441102,18.69918699186992
2.5038026390044017,18.69918699186992
2.503951267591439,18.69918699186992
2.504187962731581,18.69918699186992
2.504557900740043,18.69918699186992
2.5048264939290856,18.732222673709874
2.5048620202417893,18.732222673709874
2.5051526363991017,18.732222673709874
2.5051664157553084,18.732222673709874
2.505611341780011,18.732222673709874
2.506280451174208,18.732222673709874
2.506507988921747,18.732222673709874
2.5065199812474606,18.732222673709874
2.506688456250529,18.732222673709874
2.50809528211422,18.732222673709874
2.5082955605878463,18.765231519090168
2.508967871647654,18.765231519090168
2.509517001523849,18.798213560698336
2.509668012372176,18.83116883116883
2.509786246372541,18.83116883116883
2.509799185716292,18.83116883116883
2.5103330228141387,18.83116883116883
2.5103840632490164,18.864097363083165
2.5106666264280944,18.896999188969993
2.510911560445749,18.896999188969993
2.5110562628582045,18.896999188969993
2.511278666604217,18.896999188969993
2.5115713697954827,18.896999188969993
2.5122347741253135,18.896999188969993
2.5124336284299944,18.896999188969993
2.5130970905631655,18.896999188969993
2.5131816951533916,18.896999188969993
2.513351562768367,18.92987434130523
2.5135149855991084,18.962722852512158
2.514088160814155,18.962722852512158
2.5145135401074703,18.962722852512158
2.514966607628739,18.995544754961525
2.51596720218039,18.995544754961525
2.516439838805576,19.02834008097166
2.5166156052781745,19.061108862808577
2.5169237124955184,19.061108862808577
2.5181108901785993,19.093851132686083
2.5182016815494985,19.093851132686083
2.519113745474763,19.12656692276587
2.51922807668185,19.12656692276587
2.519410982079776,19.15925626515764
2.519741140092061,19.19191919191919
2.5198823896195837,19.19191919191919
2.5200370656882343,19.22455573505654
2.520061994074282,19.22455573505654
2.5200986070839493,19.22455573505654
2.5206055705650434,19.22455573505654
2.5212537969512754,19.22455573505654
2.521262399558943,19.22455573505654
2.521461288019003,19.22455573505654
2.5214983487082536,19.22455573505654
2.5215493320244144,19.25716592652402
2.5218208603162773,19.289749798224374
2.5222839668152828,19.322307382008873
2.522490548561341,19.322307382008873
2.522496472281923,19.322307382008873
2.522657624322308,19.35483870967742
2.5228954384588276,19.35483870967742
2.5232564146445906,19.38734381297864
2.5239083483013056,19.38734381297864
2.52455522159069,19.419822723609993
2.524718072886671,19.45227547321788
2.524724438907987,19.484702093397747
2.5248159454595447,19.517102615694164
2.5250746606587047,19.549477071600965
2.525085751826449,19.549477071600965
2.525279398719052,19.581825492561318
2.5254850236394253,19.614147909967848
2.5256629801849115,19.614147909967848
2.525980350084373,19.614147909967848
2.526573880769476,19.646444355162714
2.52666514829185,19.646444355162714
2.526842393652075,19.67871485943775
2.5268561854985534,19.67871485943775
2.526860428760679,19.710959454034523
2.5270797239805938,19.710959454034523
2.528190314369999,19.710959454034523
2.5292202419264496,19.710959454034523
2.52936079442134,19.710959454034523
2.529825230761415,19.743178170144464
2.5299643209929794,19.743178170144464
2.5302289367401105,19.743178170144464
2.530264826579198,19.775371038908947
2.530441648790157,19.775371038908947
2.530513586038639,19.775371038908947
2.5306068132441935,19.775371038908947
2.5306676008622975,19.775371038908947
2.530953136550574,19.775371038908947
2.5311233503774107,19.807538091419406
2.531307212481678,19.807538091419406
2.5314124455486424,19.807538091419406
2.5318154721603365,19.807538091419406
2.5330628202997802,19.839679358717436
2.5332073818093117,19.839679358717436
2.533404046295345,19.839679358717436
2.533850061581395,19.839679358717436
2.5338511521764753,19.839679358717436
2.5340519030574384,19.871794871794872
2.5342536597559793,19.871794871794872
2.5342645220634576,19.871794871794872
2.534347077810072,19.871794871794872
2.534607428455247,19.871794871794872
2.535233901611696,19.871794871794872
2.536028588409265,19.871794871794872
2.536954331424845,19.871794871794872
2.537094775826925,19.903884661593914
2.5373351874881322,19.903884661593914
2.537673486555344,19.903884661593914
2.5379912067616064,19.903884661593914
2.538033702149663,19.903884661593914
2.538507048239526,19.935948759007204
2.539513757448458,19.935948759007204
2.539611597823463,19.96798719487795
2.5400435187992065,20.0
2.540106736351753,20.03198720511795
2.5410140720969316,20.06394884092726
2.541587634451509,20.09588493807431
2.5416867783388395,20.09588493807431
2.5419595079364177,20.09588493807431
2.542205111929149,20.12779552715655
2.542378471791776,20.159680638722556
2.543117589327123,20.191540303272145
2.543332049962595,20.22337455125648
2.5439689782614123,20.22337455125648
2.5440877827120265,20.22337455125648
2.5442345531790784,20.22337455125648
2.5444923225426503,20.22337455125648
2.54513687773758,20.22337455125648
2.545193894511378,20.22337455125648
2.545292824034824,20.22337455125648
2.545450038346762,20.22337455125648
2.5455744701759784,20.22337455125648
2.5456774089800156,20.22337455125648
2.5460080544103416,20.22337455125648
2.5463345017301835,20.25518341307815
2.5466085190146845,20.25518341307815
2.5469087162497996,20.25518341307815
2.547032334407025,20.25518341307815
2.5472765168654523,20.25518341307815
2.547638182856447,20.28696691909127
2.5477280052332123,20.28696691909127
2.5486316851418174,20.318725099601593
2.548794781721155,20.350457984866587
2.5495794957936813,20.350457984866587
2.5502073587000407,20.350457984866587
2.550268784231811,20.350457984866587
2.5504012971245373,20.382165605095544
2.5504116686424414,20.382165605095544
2.550489464685329,20.382165605095544
2.550539720238718,20.382165605095544
2.551232218135205,20.382165605095544
2.5515057701608774,20.382165605095544
2.5515369314908694,20.413847990449664
2.551564712862246,20.413847990449664
2.5527941675517964,20.445505171042164
2.5529066163240888,20.445505171042164
2.5532883008844687,20.445505171042164
2.553562336811144,20.445505171042164
2.5538894457934416,20.445505171042164
2.5539221730310278,20.47713717693837
2.5540603936628687,20.5087440381558
2.5546919406154145,20.540325784664283
2.555570470578995,20.57188244638602
2.555634440353982,20.57188244638602
2.556028511097209,20.57188244638602
2.5560381991162364,20.603414053195714
2.5571595420059805,20.634920634920633
2.5572162266289054,20.66640222134074
2.5574171081974737,20.66640222134074
2.5574697984177446,20.66640222134074
2.5575752172040276,20.697858842188737
2.5579721811337977,20.697858842188737
2.558284524481373,20.72929052715022
2.558574511617703,20.72929052715022
2.558653573322426,20.760697305863708
2.55928568194152,20.792079207920793
2.559616095116671,20.792079207920793
2.560233970857192,20.823436262866192
2.5602821797614603,20.854768500197864
2.560399132231697,20.854768500197864
2.560403416665128,20.88607594936709
2.5604729906276917,20.88607594936709
2.560704944301137,20.91735863977857
2.560830472926369,20.91735863977857
2.561695112384618,20.948616600790515
2.5618406034159458,20.979849861714737
2.5622531498047176,21.011058451816748
2.5629545539013674,21.042242400315832
2.562985571535722,21.07340173638516
2.563005217730694,21.07340173638516
2.563251076333903,21.07340173638516
2.5632831615164116,21.07340173638516
2.5637425438457346,21.104536489151872
2.563930416734176,21.104536489151872
2.5639488444219327,21.13564668769716
2.5641724629840876,21.13564668769716
2.564262902403004,21.13564668769716
2.56430031895525,21.13564668769716
2.5643216798751105,21.13564668769716
2.5645194614999847,21.13564668769716
2.5648125442988006,21.166732361056365
2.5649786572334667,21.19779353821907
2.56539933723131,21.19779353821907
2.5657883606733813,21.19779353821907
2.566540816466479,21.228830248129185
2.5665740349409396,21.228830248129185
2.5669363443203896,21.228830248129185
2.5675291874979695,21.228830248129185
2.5676345782595478,21.228830248129185
2.5676861841330956,21.25984251968504
2.5678941941158135,21.29083038173947
2.5679538733101066,21.29083038173947
2.5688762170033557,21.321793863099924
2.5692984736813322,21.35273299252851
2.5693004060856417,21.35273299252851
2.569911028945341,21.35273299252851
2.5704175035688457,21.35273299252851
2.570654227198639,21.35273299252851
2.5714131368893263,21.35273299252851
2.571755169866718,21.35273299252851
2.572045270149364,21.35273299252851
2.57219422253157,21.35273299252851
2.572283756436225,21.38364779874214
2.5725617490792554,21.414538310412574
2.5725981791222496,21.414538310412574
2.5730030212115365,21.414538310412574
2.5733588811789576,21.445404556166537
2.573945755639985,21.445404556166537
2.573964393825315,21.445404556166537
2.5746456591898594,21.445404556166537
2.5748587173733735,21.445404556166537
2.5750073726699587,21.47624656458579
2.5753465395465254,21.47624656458579
2.575595207299324,21.47624656458579
2.5762134296980497,21.50706436420722
2.576434504897417,21.53785798352295
2.5768395089183036,21.568627450980394
2.576840176614749,21.568627450980394
2.57712927484331,21.59937279498236
2.578160074814944,21.59937279498236
2.5782633748544024,21.59937279498236
2.5786444733860274,21.630094043887148
2.5787894826305293,21.630094043887148
2.5788929006403523,21.660791226008616
2.578911925036255,21.660791226008616
2.5793903941696645,21.660791226008616
2.5794141410544187,21.660791226008616
2.5794352460016374,21.69146436961629
2.5797669656454487,21.722113502935418
2.5798623123117403,21.722113502935418
2.5798699494255324,21.722113502935418
2.5799379267683813,21.722113502935418
2.580109333447304,21.722113502935418
2.5804377635642126,21.722113502935418
2.5806029512370983,21.752738654147105
2.5808585320257786,21.752738654147105
2.5809186260081987,21.783339851388344
2.5812986729625758,21.783339851388344
2.58154727626524,21.783339851388344
2.581990224616573,21.783339851388344
2.5823211434591977,21.783339851388344
2.5827952653351494,21.813917122752148
2.5828143303845374,21.813917122752148
2.5832368062774855,21.813917122752148
2.583744819809122,21.844470496287613
2.5842693604031037,21.875
2.584387122558308,21.875
2.584630873336833,21.875
2.5847115849025912,21.875
2.5853215165537002,21.90550566185084
2.5853390318959955,21.935987509758
2.5853664171694786,21.935987509758
2.5858594546795826,21.966445571595784
2.5859686736105143,21.996879875195006
2.586321179063123,21.996879875195006
2.5865109773205224,22.027290448343077
2.586819547911889,22.027290448343077
2.586994165095221,22.0576773187841
2.587292192300651,22.0576773187841
2.5874679394644606,22.0576773187841
2.5877119537197295,22.08804051421893
2.587816388903397,22.118380062305295
2.5882644954750726,22.118380062305295
2.588934416553305,22.148695990657842
2.5890438583721607,22.148695990657842
2.589667998980753,22.148695990657842
2.589753021529238,22.148695990657842
2.590203395485322,22.17898832684825
2.5902108165575632,22.17898832684825
2.590459026881625,22.20925709840529
2.590473009695473,22.20925709840529
2.591081353082144,22.23950233281493
2.5911487842759295,22.23950233281493
2.5916360477787017,22.269724057520403
2.592613289575213,22.2999222999223
2.592687342098146,22.2999222999223
2.5929841217658836,22.2999222999223
2.5932460176253667,22.2999222999223
2.5940736819108645,22.2999222999223
2.5940739410875033,22.2999222999223
2.5944425276263035,22.2999222999223
2.5944772976860806,22.2999222999223
2.594878437594016,22.2999222999223
2.5954533867021934,22.2999222999223
2.5961735448199788,22.2999222999223
2.5966838655926954,22.330097087378643
2.5970895877143274,22.330097087378643
2.5972881787294178,22.330097087378643
2.597417214283901,22.330097087378643
2.5974368514500363,22.330097087378643
2.59768360704572,22.330097087378643
2.5978458373707354,22.36024844720497
2.5980358567953656,22.390376406674427
2.598273266577562,22.420480993017843
2.598457750707135,22.450562233423806
2.5987018786480967,22.48062015503876
2.5987892985619263,22.48062015503876
2.5988344797815217,22.48062015503876
2.599032297903008,22.48062015503876
2.5992196105675265,22.48062015503876
2.59992414586284,22.48062015503876
2.6001216555560775,22.48062015503876
2.6004939359075294,22.48062015503876
2.601134577967903,22.510654784967066
2.601190661176766,22.510654784967066
2.6020773223581606,22.510654784967066
2.602139734280522,22.540666150271107
2.6022324889585855,22.540666150271107
2.602289660660058,22.57065427797135
2.6024701628635194,22.60061919504644
2.6026653889116687,22.60061919504644
2.602924581931728,22.60061919504644
2.603365356612366,22.63056092843327
2.6042483746896528,22.63056092843327
2.6045064705420082,22.63056092843327
2.6055588761601176,22.63056092843327
2.605776757906684,22.63056092843327
2.605982325015243,22.63056092843327
2.6060609184992702,22.66047950502707
2.606902060149882,22.690374951681484
2.607006541661238,22.690374951681484
2.607169757420481,22.690374951681484
2.6071994111140113,22.720247295208658
2.607316052947945,22.720247295208658
2.6075153120063597,22.720247295208658
2.6077460099799743,22.720247295208658
2.6078187066497835,22.750096562379298
2.6082580954185297,22.779922779922778
2.608829924980911,22.779922779922778
2.609112228666798,22.809725974527208
2.6098598727310516,22.809725974527208
2.6105102382908436,22.839506172839506
2.6105248656124433,22.839506172839506
2.611268907241492,22.839506172839506
2.611800915910792,22.839506172839506
2.611848413619611,22.839506172839506
2.612046381113832,22.869263401465485
2.6121024371974393,22.869263401465485
2.6125227449251827,22.89899768696993
2.613133020878392,22.928709055876688
2.613268698579585,22.95839753466872
2.6134159914141026,22.95839753466872
2.6135406760254467,22.95839753466872
2.6136195787383416,22.95839753466872
2.61383833823938,22.988063149788218
2.6138895178813013,22.988063149788218
2.613990206024711,22.988063149788218
2.614073457194611,23.017705927636644
2.614074113196433,23.047325894574836
2.614470895702033,23.076923076923077
2.6146244776845835,23.10649750096117
2.6149012131529004,23.136049192928517
2.614922247631093,23.136049192928517
2.6149367877704845,23.1655781790242
2.6159135169525656,23.195084485407065
2.6159167498265994,23.195084485407065
2.616165631727736,23.195084485407065
2.6165096261627694,23.195084485407065
2.616573579502489,23.195084485407065
2.6170417946085505,23.195084485407065
2.617334734198572,23.195084485407065
2.617433833212576,23.195084485407065
2.6174890516804616,23.195084485407065
2.6177672610969784,23.195084485407065
2.6178682183312896,23.224568138195778
2.617900520331435,23.224568138195778
2.6180099751884507,23.224568138195778
2.618538923920429,23.224568138195778
2.618776432349589,23.224568138195778
2.619238836887077,23.224568138195778
2.6197765653556435,23.224568138195778
2.6203992049626397,23.224568138195778
2.620833496150699,23.224568138195778
2.6208691951301,23.254029163468918
2.6208949706123335,23.283467587265054
2.6213112051069976,23.31288343558282
2.6215989289159998,23.31288343558282
2.621669993448301,23.31288343558282
2.621887256444294,23.31288343558282
2.6221520280603094,23.34227673438099
2.6222859955250137,23.34227673438099
2.622647856954943,23.34227673438099
2.6227721589612885,23.34227673438099
2.6228072948158587,23.371647509578544
2.623129551616677,23.400995787054768
2.6231443174619726,23.400995787054768
2.6231715625194756,23.400995787054768
2.6237842715702473,23.43032159264931
2.6239551533742764,23.43032159264931
2.624566052342373,23.459624952162265
2.6247934661847157,23.488905891354246
2.6248352681651523,23.518164435946463
2.6249299581796572,23.518164435946463
2.6249574422807256,23.518164435946463
2.625213376885982,23.518164435946463
2.625314168275899,23.547400611620795
2.625657037861664,23.57661444401987
2.625674754686071,23.57661444401987
2.626393536144993,23.57661444401987
2.626723386805108,23.57661444401987
2.6269841750573506,23.605805958747137
2.6272795076011124,23.634975181366936
2.627293101527531,23.66412213740458
2.627469718718101,23.66412213740458
2.627561738488871,23.66412213740458
2.627632039183603,23.66412213740458
2.6276633160604477,23.66412213740458
2.6281212846455135,23.66412213740458
2.628338333072018,23.66412213740458
2.6284743231175947,23.693246852346434
2.628908083512433,23.693246852346434
2.6292467011869447,23.693246852346434
2.629577700922708,23.693246852346434
2.6297345896939452,23.72234935163997
2.6299777398306525,23.751429660693862
2.6300578513324813,23.751429660693862
2.6300598293371236,23.78048780487805
2.6301741075699487,23.78048780487805
2.6302868297175084,23.809523809523807
2.630445563328106,23.809523809523807
2.6305203559746406,23.809523809523807
2.6305217597634907,23.809523809523807
2.6305243718335416,23.809523809523807
2.630927226033764,23.809523809523807
2.6309426835469605,23.809523809523807
2.6310220720220814,23.83853769992384
2.6312336649704706,23.867529501332317
2.6314373342896675,23.867529501332317
2.631500703835769,23.867529501332317
2.631669958879595,23.867529501332317
2.632477625945152,23.867529501332317
2.6325023571237702,23.867529501332317
2.632548203121396,23.867529501332317
2.633104948774584,23.867529501332317
2.633141829991498,23.867529501332317
2.6341596182159877,23.867529501332317
2.6341653797811584,23.867529501332317
2.6344475532622655,23.896499238964992
2.634522670424799,23.92544693799924
2.634747420747915,23.954372623574145
2.6351735548178947,23.954372623574145
2.635182801934081,23.954372623574145
2.6355509482544717,23.954372623574145
2.635555555440079,23.983276320790576
2.6356673067067002,23.983276320790576
2.6357553325630714,23.983276320790576
2.635886495541406,23.983276320790576
2.6359529239551556,24.012158054711247
2.6365857350310082,24.012158054711247
2.6367747265985075,24.012158054711247
2.637869307340684,24.041017850360806
2.638153548594354,24.041017850360806
2.6387411969548498,24.041017850360806
2.638833003178336,24.06985573272589
2.639040755627548,24.09867172675522
2.639199039079994,24.12746585735964
2.639493897510352,24.12746585735964
2.6398940675163827,24.15623814941221
2.6402956473631116,24.15623814941221
2.640408212445275,24.184988627748293
2.640457238150799,24.213717317165592
2.6405790126797553,24.213717317165592
2.640792741722024,24.213717317165592
2.6408625741614733,24.213717317165592
2.6412510991130835,24.213717317165592
2.6419920382058137,24.213717317165592
2.6420105940815124,24.242424242424242
2.642033647436643,24.242424242424242
2.642118877503762,24.242424242424242
2.6423682815937135,24.242424242424242
2.6428852868394785,24.242424242424242
2.6431407357459307,24.271109428246877
2.643484949361289,24.299772899318697
2.644125686975643,24.32841468028755
2.6442037576334854,24.357034795763994
2.644266930602233,24.38563327032136
2.6447385817141233,24.414210128495842
2.6448235301585066,24.414210128495842
2.6453769503123437,24.414210128495842
2.6453913127506072,24.44276539478655
2.645396545713546,24.47129909365559
2.645724200887602,24.499811249528126
2.6459731664611987,24.499811249528126
2.6461280563415186,24.528301886792452
2.6461843765313398,24.528301886792452
2.6462436773712175,24.528301886792452
2.646264887517083,24.528301886792452
2.6464579917199447,24.528301886792452
2.646767579890689,24.556771029800075
2.647179301743727,24.58521870286576
2.6476043341219104,24.613644930267622
2.6477514332476413,24.613644930267622
2.647941470313819,24.613644930267622
2.648008362425245,24.642049736247174
2.648129928394157,24.642049736247174
2.648222187777072,24.670433145009415
2.648260964785772,24.69879518072289
2.648628977826155,24.69879518072289
2.6492266769089627,24.69879518072289
2.6492733559432953,24.72713586751976
2.6498552278617113,24.755455229495862
2.649878135529074,24.755455229495862
2.6500283742069035,24.755455229495862
2.6500433239138084,24.783753290710795
2.6502608890446946,24.783753290710795
2.650478849093839,24.81203007518797
2.6519837149247354,24.840285606914694
2.6525651341766787,24.868519909842224
2.6528253091164773,24.896733007885842
2.6529308935868636,24.896733007885842
2.652937718210137,24.896733007885842
2.653204915383065,24.924924924924923
2.653451089708916,24.953095684803
2.653953842960745,24.953095684803
2.6539587167683973,24.953095684803
2.6540617674234,24.981245311327832
2.654554093561374,24.981245311327832
2.6548706200568017,24.981245311327832
2.654918375924445,24.981245311327832
2.6555976660462193,24.981245311327832
2.655980752797189,25.009373828271464
2.6560986826266997,25.009373828271464
2.656249374547197,25.037481259370313
2.6562918239624342,25.037481259370313
2.6568752535731837,25.037481259370313
2.6570408202718965,25.065567628325212
2.6572007927238257,25.065567628325212
2.657397741759884,25.0936329588015
2.657705760444405,25.121677274429054
2.657757753808511,25.121677274429054
2.6577580008867754,25.149700598802394
2.6584443207722828,25.149700598802394
2.6585770972624903,25.149700598802394
2.658648871161163,25.149700598802394
2.658964619371614,25.149700598802394
2.6591994112002086,25.177702955480736
2.6593543965114774,25.205684367988034
2.659465623610077,25.233644859813083
2.659695522670163,25.26158445440957
2.6597143092825304,25.26158445440957
2.6597844781060545,25.289503175196117
2.65984483872692,25.289503175196117
2.6599606013982795,25.317401045556387
2.6601120693995792,25.317401045556387
2.660251579579806,25.317401045556387
2.660278656244081,25.317401045556387
2.660412591743538,25.34527808883912
2.66107605815474,25.34527808883912
2.6611698838206563,25.37313432835821
2.661340128538028,25.37313432835821
2.6616515348801095,25.37313432835821
2.6618792328384124,25.37313432835821
2.662077364243004,25.37313432835821
2.6621586961393575,25.37313432835821
2.6621930399888907,25.400969787392764
2.6623428059241037,25.428784489187173
2.662746545160184,25.428784489187173
2.6631718492603906,25.428784489187173
2.6634030458588587,25.456578456951174
2.663668021576431,25.48435171385991
2.6637454154783504,25.48435171385991
2.6640839078234366,25.48435171385991
2.6641452746017777,25.512104283054004
2.6642446862568065,25.512104283054004
2.6642784610773824,25.539836187639615
2.6648262188320495,25.5675474506885
2.6649482238400783,25.5675474506885
2.6652851228564836,25.5675474506885
2.6655859423431107,25.5675474506885
2.665604674373287,25.5675474506885
2.6656598814464294,25.5675474506885
2.666300550745378,25.5675474506885
2.6669960041061644,25.5675474506885
2.667155524691866,25.5675474506885
2.667255828823093,25.595238095238095
2.6674430848679154,25.595238095238095
2.6678313165618337,25.622908144291557
2.668312206968054,25.622908144291557
2.668420557287419,25.650557620817843
2.6684235934947003,25.678186547751764
2.6696450450517233,25.678186547751764
2.6697828037489297,25.678186547751764
2.669977736324881,25.678186547751764
2.6700255734135787,25.678186547751764
2.670099406514605,25.678186547751764
2.6709546504329578,25.705794947994054
2.6711225473214966,25.733382844411434
2.671214935345985,25.733382844411434
2.6713515150074523,25.760950259836672
2.6715309909853686,25.788497217068645
2.672092983517618,25.788497217068645
2.67216813834972,25.788497217068645
2.6721718243692356,25.788497217068645
2.672234423044997,25.788497217068645
2.672268711278354,25.788497217068645
2.6724551019206673,25.788497217068645
2.672535755384423,25.788497217068645
2.673534881429294,25.788497217068645
2.6738590938980904,25.816023738872403
2.6738933453761926,25.816023738872403
2.674031224799008,25.816023738872403
2.6740933035489847,25.816023738872403
2.674591582888135,25.816023738872403
2.6746340310634507,25.843529847979234
2.6753075431044477,25.843529847979234
2.676077351280457,25.843529847979234
2.676248862503775,25.843529847979234
2.676332022621718,25.843529847979234
2.6765609784858584,25.843529847979234
2.676771208815798,25.843529847979234
2.6768175331958126,25.843529847979234
2.6768903900300445,25.843529847979234
2.676995273210315,25.843529847979234
2.6772877766927374,25.87101556708673
2.6773534810751145,25.898480918858834
2.677423664651614,25.925925925925924
2.6775120263622214,25.925925925925924
2.6775891296437364,25.925925925925924
2.6778045522907585,25.953350610884858
2.6778487461015428,25.953350610884858
2.677895522843496,25.953350610884858
2.6779035578166144,25.980754996299037
2.6779956121837927,25.980754996299037
2.6788005115713376,25.980754996299037
2.679693775384955,26.008139104698486
2.6798682398024694,26.008139104698486
2.6798781482134686,26.035502958579883
2.680109801359048,26.062846580406656
2.680380490427438,26.09016999260902
2.680464003244475,26.09016999260902
2.6804671795025157,26.09016999260902
2.680816535194022,26.117473217584042
2.680839304549884,26.117473217584042
2.68092072486502,26.117473217584042
2.681120398104201,26.117473217584042
2.681338023958402,26.117473217584042
2.6814577267004345,26.14475627769572
2.681730658169353,26.14475627769572
2.6818758699427128,26.14475627769572
2.681948177546833,26.14475627769572
2.6824034983880205,26.17201919527501
2.6825863735015276,26.199261992619927
2.68301858132748,26.199261992619927
2.6835370153525457,26.199261992619927
2.68379028917763,26.199261992619927
2.6841983953068604,26.199261992619927
2.6845904390738102,26.199261992619927
2.6851082164643207,26.199261992619927
2.685394614433765,26.226484691995573
2.6854564366037286,26.226484691995573
2.6854877665591657,26.226484691995573
2.685520797279757,26.226484691995573
2.685876614689729,26.226484691995573
2.6861551449799905,26.226484691995573
2.686190201313848,26.253687315634217
2.68702882195352,26.253687315634217
2.687447514458809,26.253687315634217
2.6874728306762408,26.28086988573535
2.687536443417055,26.28086988573535
2.6880399649306033,26.308032424465733
2.689528052176476,26.335174953959484
2.6897560981045445,26.335174953959484
2.689881636948622,26.335174953959484
2.6899063458732013,26.362297496318117
2.6902253866846215,26.362297496318117
2.6903059563367275,26.389400073610602
2.690603813169959,26.389400073610602
2.690723050760639,26.389400073610602
2.690765118076274,26.389400073610602
2.6910197746492184,26.389400073610602
2.6910368757968475,26.389400073610602
2.6917709580696156,26.389400073610602
2.6927398070521007,26.416482707873435
2.6927643772228778,26.443545421110702
2.693029882988982,26.443545421110702
2.693173661147494,26.47058823529412
2.693423188365243,26.47058823529412
2.6934837207203675,26.47058823529412
2.6936664822555763,26.4976111723631
2.694091071312412,26.4976111723631
2.694155658579289,26.4976111723631
2.6942431050975904,26.4976111723631
2.694388474672397,26.4976111723631
2.6945033771079214,26.524614254224833
2.695016024890312,26.524614254224833
2.6955012710160022,26.524614254224833
2.695617704693161,26.524614254224833
2.695834008689071,26.551597502754316
2.6966559718426444,26.57856093979442
2.6966815214680313,26.57856093979442
2.696842089407417,26.57856093979442
2.6968784592743478,26.57856093979442
2.6968785336276433,26.57856093979442
2.6971159458179486,26.605504587155966
2.6971973215540497,26.605504587155966
2.697278705630975,26.605504587155966
2.6974701390788396,26.632428466617753
2.69771592413054,26.632428466617753
2.697928381777754,26.632428466617753
2.6979465648716654,26.632428466617753
2.698279693952818,26.632428466617753
2.698428801028964,26.632428466617753
2.698500495719326,26.65933259992666
2.6991867967136045,26.68621700879765
2.699682229082629,26.68621700879765
2.700069645067464,26.68621700879765
2.700703538500857,26.71308171491389
2.7013157310243088,26.71308171491389
2.7014850692246406,26.71308171491389
2.7017877217057213,26.71308171491389
2.7024308895912426,26.73992673992674
2.702486106441486,26.766752105455875
2.7025440915011036,26.766752105455875
2.702637417812985,26.766752105455875
2.702644506219539,26.766752105455875
2.7029688312374804,26.766752105455875
2.7030926822680716,26.766752105455875
2.703867534088372,26.766752105455875
2.7041138728844767,26.766752105455875
2.7045285206469174,26.766752105455875
2.704811636202167,26.766752105455875
2.7051070110616666,26.79355783308931
2.705422714747548,26.820343944383463
2.7060167299563758,26.847110460863206
2.706046773099305,26.87385740402194
2.70626372633661,26.87385740402194
2.70629285517587,26.87385740402194
2.7063923443536795,26.87385740402194
2.7070278330237176,26.87385740402194
2.7073947928719164,26.900584795321635
2.7076068298772054,26.927292656192915
2.7082590359014413,26.95398100803506
2.708285481849432,26.98064987221614
2.708302629863123,27.00729927007299
2.7083450077129885,27.033929222911347
2.708430305701283,27.033929222911347
2.708433072184858,27.060539752005834
2.7085390266842744,27.087130878600075
2.7091621127097554,27.087130878600075
2.7092615276750514,27.087130878600075
2.710153827395076,27.087130878600075
2.71025531549943,27.113702623906704
2.7103278919141207,27.140255009107467
2.710448749248037,27.140255009107467
2.710450258791967,27.16678805535324
2.710801784081888,27.16678805535324
2.7110656497796235,27.16678805535324
2.7118981617551787,27.193301783764106
2.7119106445967565,27.193301783764106
2.7119269820936696,27.193301783764106
2.7125623691621197,27.193301783764106
2.712844384710586,27.219796215429405
2.713237241159759,27.246271371407783
2.713476482179884,27.27272727272727
2.7135504915174242,27.299163940385313
2.713713911962651,27.299163940385313
2.713895469725701,27.299163940385313
2.7141482334063047,27.299163940385313
2.7142185086608794,27.325581395348834
2.7142519890858203,27.325581395348834
2.7143024910202347,27.351979658554303
2.71440556792787,27.351979658554303
2.714638198223544,27.378358750907772
2.714725085292524,27.378358750907772
2.714804050227837,27.378358750907772
2.7150688831952086,27.404718693284934
2.7152881239638287,27.431059506531202
2.7153212597799485,27.457381211461733
2.7154069404442804,27.457381211461733
2.7160851775027197,27.457381211461733
2.7163945502019518,27.483683828861494
2.716457951712913,27.483683828861494
2.7171619593017176,27.483683828861494
2.7176695570363987,27.483683828861494
2.7180739212738647,27.483683828861494
2.718533293364187,27.509967379485325
2.7186710256779585,27.509967379485325
2.7186789671411695,27.509967379485325
2.718846824155295,27.509967379485325
2.718899520964799,27.509967379485325
2.7191079599944943,27.536231884057973
2.7199743509177905,27.562477363274173
2.719986236530808,27.588703837798693
2.7203032743708775,27.614911328266377
2.720326354122443,27.614911328266377
2.7204626809164436,27.641099855282196
2.7205611759484785,27.66726943942134
2.7206587781584433,27.66726943942134
2.7206980645974146,27.69342010122921
2.7207987838364764,27.69342010122921
2.7208249359762213,27.69342010122921
2.720873344215868,27.69342010122921
2.7210369287919223,27.69342010122921
2.72105973108314,27.69342010122921
2.72127214084883,27.69342010122921
2.7214988739282164,27.719551861221543
2.722097570887824,27.719551861221543
2.722275639320668,27.719551861221543
2.7223317758880174,27.74566473988439
2.7223702750524033,27.771758757674252
2.722810879633137,27.771758757674252
2.7228408256427676,27.79783393501805
2.7229971243765925,27.79783393501805
2.723791084052746,27.79783393501805
2.7238175347200397,27.79783393501805
2.7242285777263384,27.823890292313248
2.7243724403044274,27.823890292313248
2.72452877452381,27.84992784992785
2.724833518233462,27.84992784992785
2.7251897884202436,27.875946628200506
2.725525523658612,27.875946628200506
2.7257841971943364,27.875946628200506
2.725815194129724,27.901946647440518
2.7259515869404214,27.901946647440518
2.7262305543329544,27.927927927927925
2.726271400558479,27.927927927927925
2.7263831395637426,27.927927927927925
2.7267719526023666,27.927927927927925
2.72748402958321,27.927927927927925
2.7276021978103984,27.927927927927925
2.728173357273582,27.927927927927925
2.728657884382544,27.927927927927925
2.728693836015692,27.953890489913547
2.728760190668407,27.979834353619015
2.728934332104714,28.005759539236863
2.728966467846713,28.005759539236863
2.7300365111058165,28.031666066930548
2.730110090499892,28.031666066930548
2.7303317508711267,28.031666066930548
2.730444213823829,28.031666066930548
2.7304598234896105,28.05755395683453
2.7307669419785765,28.05755395683453
2.731040548712605,28.05755395683453
2.731332412366467,28.0834232290543
2.732065165475135,28.0834232290543
2.7320769370317657,28.0834232290543
2.733491969518189,28.109273903666427
2.7336604738850743,28.13510600071865
2.733751293332774,28.160919540229884
2.733813952825946,28.160919540229884
2.735182543193391,28.160919540229884
2.7356350031044077,28.160919540229884
2.735947991487527,28.160919540229884
2.7359979945978816,28.160919540229884
2.7363040853811365,28.160919540229884
2.736330841899394,28.160919540229884
2.736670632705266,28.160919540229884
2.7367549340965693,28.160919540229884
2.7368275533733395,28.186714542190305
2.73693637786623,28.186714542190305
2.737774611905483,28.186714542190305
2.737928357652015,28.186714542190305
2.737951184023032,28.212491026561377
2.738201104530171,28.212491026561377
2.738334383722744,28.212491026561377
2.738369488690465,28.238249013275922
2.7385244909352853,28.263988522238165
2.7390217491233346,28.263988522238165
2.739128540778035,28.263988522238165
2.7391620763692752,28.289709573323773
2.739676562929219,28.31541218637993
2.7401941535537775,28.31541218637993
2.740565288642278,28.31541218637993
2.740658417550875,28.31541218637993
2.740722404257881,28.341096381225366
2.740844719881552,28.36676217765043
2.740944124481055,28.36676217765043
2.741069406461612,28.36676217765043
2.741465837916574,28.36676217765043
2.7416962923895363,28.392409595417114
2.7420101489303343,28.392409595417114
2.7422073438322636,28.418038654259124
2.742227681566743,28.418038654259124
2.742515356194806,28.418038654259124
2.7426492084094627,28.44364937388193
2.7427864288016615,28.44364937388193
2.7429047589233724,28.44364937388193
2.743088545949407,28.44364937388193
2.7435257423674675,28.44364937388193
2.7438536209985687,28.469241773962807
2.74412050652452,28.494815874150873
2.744261416355544,28.520371694067194
2.7446318736357087,28.545909253304753
2.744913522438356,28.57142857142857
2.74533814078848,28.596929667975722
2.745370873895146,28.596929667975722
2.746178594623978,28.62241256245539
2.7462608276788574,28.62241256245539
2.7470828547619623,28.62241256245539
2.7478621834359074,28.64787727434891
2.7481176774987914,28.673323823109843
2.748351374600778,28.673323823109843
2.7484085519009476,28.673323823109843
2.748461867303012,28.698752228163993
2.7484659112610017,28.698752228163993
2.7485521516592186,28.72416250890948
2.748793220242633,28.749554684716777
2.7489794139297326,28.774928774928775
2.749727552572617,28.774928774928775
2.749754635007278,28.800284798860805
2.7497573074620116,28.800284798860805
2.749856948946367,28.825622775800714
2.7498642342250883,28.825622775800714
2.750080620756722,28.825622775800714
2.7512643774072374,28.825622775800714
2.7513344365220496,28.825622775800714
2.7514945322672633,28.850942725008892
2.75156550822312,28.87624466571835
2.7521839756771826,28.87624466571835
2.752293020305963,28.87624466571835
2.752303807151993,28.87624466571835
2.753481476988406,28.87624466571835
2.753556639478422,28.87624466571835
2.753639062752417,28.87624466571835
2.7537250095854766,28.90152861713473
2.753782608535596,28.90152861713473
2.753849767428142,28.90152861713473
2.754156210126143,28.90152861713473
2.754416846947129,28.90152861713473
2.754751637457258,28.90152861713473
2.7549467119416517,28.926794598436388
2.754970462079641,28.95204262877442
2.7552736124850803,28.97727272727273
2.755361489708171,28.97727272727273
2.755419744993971,28.97727272727273
2.755552554429862,28.97727272727273
2.7556993990808625,28.97727272727273
2.7557945593890225,28.97727272727273
2.755814442299379,28.97727272727273
2.756048897818034,28.97727272727273
2.7561710529511014,28.97727272727273
2.75658993099475,29.00248491302804
2.757637351645706,29.027679205110008
2.7576638827899433,29.027679205110008
2.757834035399799,29.027679205110008
2.758141264327488,29.027679205110008
2.758279054617559,29.027679205110008
2.7587242166209975,29.027679205110008
2.758863577678433,29.05285562256119
2.7588716084287164,29.078014184397162
2.7589586292944923,29.10315490960652
2.7589921491679075,29.128277817150956
2.7591523528565274,29.128277817150956
2.759188765647056,29.128277817150956
2.759373397205251,29.15338292596529
2.7599420083609596,29.15338292596529
2.7602191238038967,29.15338292596529
2.7610113399546545,29.178470254957507
2.76114682191592,29.178470254957507
2.7615338906579394,29.20353982300885
2.7617438300541,29.20353982300885
2.761930829068032,29.20353982300885
2.761984173593817,29.20353982300885
2.7622649911294057,29.22859164897382
2.7622940082230114,29.25362575168023
2.7630106917110986,29.27864214992928
2.7633704951450317,29.27864214992928
2.76357937976729,29.27864214992928
2.763771574709286,29.303640862495584
2.764335021280028,29.303640862495584
2.7643799504081983,29.328621908127207
2.7647786435432504,29.328621908127207
2.7651217093783313,29.328621908127207
2.7652604011954454,29.353585305545742
2.7658328818376705,29.37853107344633
2.7660054051779794,29.40345923049771
2.7664435925101496,29.428369795342274
2.7665330244180097,29.428369795342274
2.7665576294230556,29.428369795342274
2.766609879786742,29.428369795342274
2.7670497438273305,29.428369795342274
2.7674871430739625,29.428369795342274
2.767886422499013,29.453262786596117
2.768145319473066,29.453262786596117
2.768283625588611,29.453262786596117
2.7683413530575773,29.453262786596117
2.7688933384788097,29.453262786596117
2.7689324273762486,29.453262786596117
2.7692843232585287,29.453262786596117
2.7695777532354944,29.453262786596117
2.7697102451844913,29.478138222849083
2.7699895328491366,29.502996122664786
2.7701033681252456,29.502996122664786
2.7701222023698584,29.52783650458069
2.770210207356216,29.552659387108136
2.7706656820869555,29.577464788732392
2.7707233469176864,29.60225272791271
2.7708301236001573,29.62702322308234
2.7711643851982704,29.62702322308234
2.7716503629404468,29.651776292648613
2.7720102530558184,29.676511954992968
2.772082712016495,29.676511954992968
2.772272292192372,29.676511954992968
2.7725703681477243,29.701230228471005
2.772618982821346,29.72593113141251
2.772791512144025,29.75061468212153
2.7731676922951007,29.75061468212153
2.773273108554755,29.775280898876407
2.77339241796708,29.775280898876407
2.7739286086308104,29.775280898876407
2.7739519627357305,29.775280898876407
2.7739646472803594,29.799929799929796
2.7744104932523164,29.799929799929796
2.774514215646412,29.799929799929796
2.774931888493758,29.799929799929796
2.7749400072523422,29.82456140350877
2.7750587334056283,29.82456140350877
2.775354437506168,29.82456140350877
2.775400629276582,29.82456140350877
2.775482219794348,29.82456140350877
2.7756901847173,29.82456140350877
2.7758204043361703,29.82456140350877
2.775985939357831,29.82456140350877
2.776006257105963,29.82456140350877
2.776177392623741,29.82456140350877
2.7769553825413955,29.82456140350877
2.776989350219354,29.849175727814803
2.7773031691401027,29.849175727814803
2.777510911730348,29.849175727814803
2.7775522196016724,29.873772791023846
2.777741657414743,29.873772791023846
2.777955684506936,29.898352611286366
2.778329651551023,29.922915206727403
2.7783650375519993,29.922915206727403
2.778557234521773,29.947460595446586
2.778711346956265,29.971988795518207
2.7787795857040036,29.971988795518207
2.778979031020194,29.971988795518207
2.778981547608367,29.99649982499125
2.7793103007086475,29.99649982499125
2.7795321201355465,29.99649982499125
2.7795454091541334,29.99649982499125
2.780076479184175,29.99649982499125
2.780161170401763,30.02099370188943
2.7802860082836567,30.02099370188943
2.780481633136359,30.02099370188943
2.7805808845963313,30.02099370188943
2.780648575648746,30.045470444211265
2.780768395848893,30.045470444211265
2.780954701470935,30.045470444211265
2.7813897660439473,30.045470444211265
2.7816732109851428,30.045470444211265
2.782123431182712,30.069930069930066
2.7824721836239523,30.069930069930066
2.782539440200913,30.069930069930066
2.7825596960184473,30.069930069930066
2.782850045614502,30.069930069930066
2.7834289485224897,30.069930069930066
2.7835884751359377,30.069930069930066
2.7836263007025126,30.094372596994056
2.784437983938784,30.118798043326343
2.7846005416106805,30.14320642682501
2.7846979763503885,30.14320642682501
2.7848575473861734,30.16759776536313
2.785084285659391,30.16759776536313
2.7854120457633185,30.16759776536313
2.7855176100308894,30.16759776536313
2.7855273976725416,30.16759776536313
2.7855693670705883,30.16759776536313
2.7855970160147696,30.19197207678883
2.7857057620786714,30.19197207678883
2.785705778407259,30.216329378925334
2.785858835358482,30.216329378925334
2.785966801327246,30.240669689570982
2.786064808508128,30.240669689570982
2.786184577422934,30.240669689570982
2.7862135751715584,30.264993026499305
2.7864149879331728,30.289299407459048
2.7865010981335576,30.313588850174217
2.7871683229994746,30.313588850174217
2.7872234223611176,30.337861372344133
2.7873510380327193,30.337861372344133
2.7873590221094604,30.337861372344133
2.7874787887556898,30.362116991643457
2.7874982120900826,30.386355725722243
2.7875370265211847,30.410577592205986
2.787619918906517,30.410577592205986
2.7877407493566966,30.410577592205986
2.7879357013346593,30.410577592205986
2.7888320237741877,30.434782608695656
2.788878063972075,30.45897079276773
2.7888945597920785,30.45897079276773
2.7889237782385776,30.483142161974282
2.7890805326762123,30.483142161974282
2.7895615766877184,30.50729673384295
2.789631359210422,30.50729673384295
2.7901351656205966,30.50729673384295
2.790266429699372,30.50729673384295
2.790279041258135,30.53143452587704
2.790719904577104,30.53143452587704
2.79146054687168,30.555555555555557
2.79147614522222,30.579659840333218
2.792023594380129,30.60374739764053
2.792118585610545,30.6278182448838
2.792151802888026,30.6278182448838
2.7922017316791155,30.6278182448838
2.792808448414379,30.6278182448838
2.7928164522262824,30.6278182448838
2.7928270780610935,30.6278182448838
2.7928533394552235,30.6278182448838
2.793230701785758,30.6278182448838
2.793312009464592,30.651872399445214
2.7933561579920734,30.651872399445214
2.793469728753741,30.675909878682845
2.793522447143499,30.6999306999307
2.793714858389905,30.6999306999307
2.7938859532765132,30.6999306999307
2.7941448251934,30.6999306999307
2.794243350074768,30.72393488049879
2.794341335579572,30.747922437673132
2.7949476382866347,30.77189338871582
2.7952522000319813,30.77189338871582
2.7954767135330343,30.79584775086505
2.795498708674217,30.79584775086505
2.7957215045495136,30.819785541335175
2.795852689782071,30.819785541335175
2.7959439524658833,30.819785541335175
2.79610111896276,30.843706777316736
2.796435961344453,30.867611475976496
2.796532786279213,30.891499654457498
2.7967617941951075,30.915371329879104
2.796868118635538,30.915371329879104
2.796966083118313,30.939226519337016
2.797182974303969,30.939226519337016
2.797844457003117,30.963065239903347
2.7981835400515154,30.963065239903347
2.7983223461642184,30.963065239903347
2.7983271810391614,30.963065239903347
2.7984402144536187,30.986887508626637
2.7985275705429533,31.01069334253191
2.798590844364903,31.01069334253191
2.7986771121649143,31.01069334253191
2.798764380610549,31.03448275862069
2.7987712786722883,31.03448275862069
2.7988111728073393,31.05825577387108
2.7989405200165334,31.05825577387108
2.7990820875433076,31.05825577387108
2.7991761998754234,31.08201240523777
2.7994317290460873,31.10575266965208
2.7999710155620074,31.10575266965208
2.8000521457325593,31.129476584022036
2.8001807652973,31.129476584022036
2.800599213843056,31.129476584022036
2.8009559212360715,31.129476584022036
2.8009649843066082,31.129476584022036
2.8011687117550212,31.129476584022036
2.8013696520125273,31.129476584022036
2.80145103750512,31.129476584022036
2.801642843717248,31.153184165232357
2.8016666714631353,31.17687543014453
2.8016940165137982,31.17687543014453
2.8020681951756305,31.17687543014453
2.8022363057705837,31.20055039559684
2.8025660129315826,31.20055039559684
2.8028385928199224,31.20055039559684
2.8029093515854027,31.224209078404403
2.803192623452689,31.224209078404403
2.803969417131638,31.224209078404403
2.8040967630810876,31.24785149535923
2.8041516545604357,31.24785149535923
2.8045926662227716,31.27147766323024
2.8047829083173905,31.27147766323024
2.804901836746784,31.27147766323024
2.804966494033222,31.27147766323024
2.8051587865150642,31.27147766323024
2.8052661901544647,31.27147766323024
2.8052843105881933,31.27147766323024
2.805462383576298,31.27147766323024
2.8056239878050566,31.27147766323024
2.805800750172668,31.29508759876331
2.8059288715616635,31.318681318681318
2.8062585839381136,31.318681318681318
2.8063581502380757,31.342258839684174
2.8063757369956566,31.342258839684174
2.8067681816638888,31.342258839684174
2.806929076428346,31.342258839684174
2.806945159121342,31.342258839684174
2.8070832622947712,31.365820178448867
2.807232495203313,31.3893653516295
2.807237551826147,31.3893653516295
2.8073372395087293,31.3893653516295
2.80779389324632,31.3893653516295
2.8078524504935816,31.3893653516295
2.8079225590101027,31.3893653516295
2.8079770155600605,31.412894375857338
2.8081332711922222,31.412894375857338
2.808138974875063,31.412894375857338
2.808279680072629,31.43640726774083
2.808442586068624,31.43640726774083
2.808554668791678,31.43640726774083
2.809151463135476,31.43640726774083
2.809208853964221,31.43640726774083
2.809490486096374,31.45990404386566
2.8096673425377876,31.45990404386566
2.8099266634841564,31.45990404386566
2.8100346857953222,31.483384720794795
2.8101119598803117,31.506849315068493
2.8102054787994826,31.506849315068493
2.8104927631113505,31.506849315068493
2.810588995806676,31.506849315068493
2.8106433297604445,31.506849315068493
2.8108411610408983,31.506849315068493
2.811174970414225,31.53029784320438
2.8112646080201547,31.553730321697465
2.811324424162784,31.553730321697465
2.8113589270832953,31.577146767020185
2.812024924251358,31.600547195622436
2.8120955737668942,31.600547195622436
2.8122863587069173,31.600547195622436
2.812745307739907,31.62393162393162
2.8133572430372564,31.62393162393162
2.813438316176048,31.62393162393162
2.813468769659604,31.647300068352703
2.8136075890098393,31.647300068352703
2.8136241458405316,31.647300068352703
2.8144121440238257,31.647300068352703
2.8145058156261555,31.647300068352703
2.8145085266585035,31.647300068352703
2.8147975307914797,31.647300068352703
2.8147977083018425,31.67065254526819
2.8153413029957814,31.693989071038253
2.815515989613975,31.71730966200068
2.8156507278335785,31.71730966200068
2.815801983074444,31.74061433447099
2.8167513396055117,31.763903104742408
2.8168839245944266,31.763903104742408
2.8169221832652247,31.763903104742408
2.816935253270078,31.763903104742408
2.816981005746042,31.78717598908595
2.8171283725534857,31.810433003750425
2.8171894697784077,31.810433003750425
2.8179344223318243,31.810433003750425
2.81883282194639,31.83367416496251
2.8188412588449125,31.85689948892675
2.818880765907515,31.85689948892675
2.819033526193872,31.85689948892675
2.819131098558242,31.88010899182561
2.8195318484163723,31.903302689819547
2.819603225246688,31.903302689819547
2.8199256249071962,31.903302689819547
2.8202429296297273,31.903302689819547
2.8202957730156375,31.903302689819547
2.8203171642762612,31.926480599046968
2.8206057669564633,31.926480599046968
2.8207008090315773,31.926480599046968
2.820864949298804,31.949642735624362
2.821019373674682,31.97278911564626
2.8210657940988377,31.97278911564626
2.8212790311056297,31.99591975518531
2.8213265734507456,32.01903467029232
2.8220858754687828,32.01903467029232
2.822559148246126,32.01903467029232
2.8229451260117844,32.04213387699627
2.8231009957582915,32.04213387699627
2.823205779177959,32.04213387699627
2.82352219448877,32.065217391304344
2.8235663286000703,32.065217391304344
2.8237372351302525,32.088285229202036
2.824240582303761,32.11133740665309
2.824371351214069,32.13437393959959
2.824385384558666,32.13437393959959
2.8245995196668696,32.13437393959959
2.825043048673959,32.13437393959959
2.8250928402372772,32.15739484396201
2.8251303529458993,32.15739484396201
2.8253348006867203,32.180400135639196
2.8254369750520256,32.20338983050847
2.825977994323175,32.20338983050847
2.8260758510739024,32.226363944425614
2.8264065891797716,32.226363944425614
2.8264880742793603,32.24932249322493
2.826488159629336,32.27226549271927
2.826576368092296,32.29519295870007
2.827144923390498,32.29519295870007
2.8274918864136165,32.29519295870007
2.8276114812579904,32.31810490693739
2.8277368291913394,32.31810490693739
2.8277913870125606,32.31810490693739
2.8278292666409,32.31810490693739
2.8279059751677273,32.31810490693739
2.8280695570033654,32.31810490693739
2.8285070783891952,32.34100135317997
2.828675365893813,32.34100135317997
2.828695810483331,32.36388231315522
2.828922086557316,32.36388231315522
2.829094109676025,32.3867478025693
2.8291356973206065,32.3867478025693
2.8291943081512576,32.3867478025693
2.8292012363138257,32.3867478025693
2.8292333442745976,32.3867478025693
2.8292945084479917,32.3867478025693
2.8293803643948325,32.3867478025693
2.8295451187383773,32.3867478025693
2.8298591183442015,32.40959783710713
2.8299548215387267,32.432432432432435
2.8303278061168182,32.45525160418777
2.8306152078032416,32.45525160418777
2.830880621624152,32.4780553679946
2.8312920650868305,32.4780553679946
2.8318027250847186,32.4780553679946
2.8319875274979815,32.50084373945326
2.8324351967619656,32.50084373945326
2.8324647886317798,32.50084373945326
2.83246858728126,32.523616734143054
2.832909036168154,32.523616734143054
2.8332704788013556,32.523616734143054
2.833329626025334,32.54637436762226
2.833479026944866,32.54637436762226
2.833617489173458,32.56911665542819
2.8339862843632706,32.56911665542819
2.8342807592211168,32.59184361307718
2.8350773835289687,32.61455525606469
2.8353078962987346,32.61455525606469
2.8353483506031862,32.61455525606469
2.835409782602016,32.63725159986527
2.8354676208221012,32.63725159986527
2.8354700601351044,32.659932659932664
2.835474886439914,32.659932659932664
2.835881997433701,32.68259845169976
2.835966198483722,32.70524899057873
2.8362825921634975,32.70524899057873
2.836621503717256,32.70524899057873
2.8366285698180618,32.72788429196098
2.836866450129436,32.72788429196098
2.8370122185855617,32.72788429196098
2.83703724384311,32.72788429196098
2.8374013546690655,32.75050437121722
2.8374767349505516,32.773109243697476
2.837591393385389,32.773109243697476
2.837593088128749,32.795698924731184
2.837761679053067,32.81827342962714
2.8378670597716793,32.81827342962714
2.8378700704322086,32.81827342962714
2.8379391808463628,32.840832773673604
2.8379783883980005,32.840832773673604
2.8380663817893974,32.840832773673604
2.838354564404965,32.863376972138305
2.8386784393647284,32.88590604026846
2.8387686085773365,32.88590604026846
2.83906911323819,32.88590604026846
2.83921123065373,32.90841999329084
2.8394631623866484,32.93091884641181
2.839477630578948,32.93091884641181
2.839543956670722,32.95340261481729
2.839845165824874,32.975871313672926
2.8403080746743994,32.99832495812395
2.8404605602180055,32.99832495812395
2.8404635638061824,33.02076356329538
2.8404705056315684,33.02076356329538
2.840565563620406,33.02076356329538
2.8406856015649917,33.04318714429193
2.8408650574838696,33.065595716198125
2.8413275542611567,33.065595716198125
2.841459224995647,33.065595716198125
2.841958079597293,33.087989294078284
2.84200243088044,33.11036789297659
2.8420198291386933,33.11036789297659
2.842216682364999,33.13273152791709
2.842387213013646,33.13273152791709
2.842864763825123,33.13273152791709
2.843107888953289,33.13273152791709
2.8431828728493294,33.13273152791709
2.8431911911730436,33.155080213903744
2.8432561337093993,33.17741396592048
2.843344797737626,33.199732798931194
2.8434747807409613,33.2220367278798
2.8439445514270245,33.2220367278798
2.844267518142428,33.2220367278798
2.8443065595728303,33.244325767690256
2.844451140409521,33.244325767690256
2.844585838969794,33.2665999332666
2.84460261864256,33.28885923949299
2.8446705225005857,33.28885923949299
2.8447728022285483,33.31110370123375
2.845014939662588,33.31110370123375
2.8451876882124116,33.33333333333333
2.845357603043059,33.33333333333333
2.845370251484336,33.33333333333333
2.8458002246604788,33.35554815061646
2.845841160569696,33.35554815061646
2.846182352077791,33.35554815061646
2.846413865464286,33.35554815061646
2.84650363085467,33.35554815061646
2.846678989676185,33.37774816788808
2.846762959110184,33.37774816788808
2.846812894421209,33.3999333999334
2.847239852405334,33.3999333999334
2.8473586861282287,33.3999333999334
2.8473806862934516,33.3999333999334
2.847389895557525,33.422103861517975
2.847681158844707,33.44425956738768
2.847793941747506,33.44425956738768
2.8478098763622945,33.4664005322688
2.848155130260466,33.48852677086798
2.8481684459815355,33.51063829787234
2.8486795889943775,33.532735127949486
2.848717606956306,33.5548172757475
2.8487426103533213,33.57688475589505
2.8487792842443427,33.57688475589505
2.8491560369545534,33.59893758300132
2.8501236947601507,33.59893758300132
2.850130428312401,33.620975771656155
2.8505460694282116,33.64299933642999
2.8505843122609633,33.64299933642999
2.850886355896711,33.64299933642999
2.8512536614192334,33.66500829187397
2.851837759764809,33.66500829187397
2.8521114060934067,33.687002652519894
2.8521650960032914,33.70898243288035
2.852288381650468,33.73094764744864
2.8526391840788374,33.73094764744864
2.8527705960887473,33.73094764744864
2.8529043083347543,33.73094764744864
2.8531340075457177,33.75289831069891
2.853634450358995,33.75289831069891
2.853736091297807,33.75289831069891
2.8537897479466743,33.77483443708609
2.8537943968132615,33.79675604104601
2.8538673995054,33.79675604104601
2.8542781219743687,33.79675604104601
2.854473414101711,33.81866313699537
2.854613623030345,33.81866313699537
2.854614268413676,33.81866313699537
2.85481483148529,33.81866313699537
2.8548283060822945,33.81866313699537
2.8549313802779586,33.81866313699537
2.8551365668079716,33.84055573933179
2.855737960013262,33.84055573933179
2.855763909076389,33.86243386243386
2.8566884468742173,33.88429752066116
2.856845014464831,33.906146728354265
2.8573721161860974,33.906146728354265
2.857541725082779,33.906146728354265
2.8579224730298054,33.906146728354265
2.8581525947588458,33.906146728354265
2.8586228906046958,33.906146728354265
2.85871396314389,33.906146728354265
2.8587597269686618,33.906146728354265
2.8588747380270942,33.906146728354265
2.8588955188648124,33.906146728354265
2.858906683610402,33.92798149983482
2.858972308535049,33.949801849405546
2.8592524040462193,33.97160779135028
2.8592531023402916,33.97160779135028
2.859315956538199,33.993399339933994
2.8596987007891093,33.993399339933994
2.8597091636481835,33.993399339933994
2.85978121442476,33.993399339933994
2.860292250269376,33.993399339933994
2.860424022373752,34.01517650940284
2.8605305741630094,34.01517650940284
2.8607919119379983,34.01517650940284
2.860813668408603,34.03693931398417
2.861458981643564,34.05868776788658
2.862218046081162,34.05868776788658
2.8622886294662315,34.080421885299934
2.8625204408775717,34.080421885299934
2.862534270896518,34.080421885299934
2.862645096997229,34.080421885299934
2.862795381781924,34.080421885299934
2.8628257978195624,34.080421885299934
2.862923741960127,34.080421885299934
2.863159552724567,34.080421885299934
2.863228913731718,34.102141680395384
2.8633404348723857,34.12384716732543
2.8634136363428793,34.12384716732543
2.8635196688006346,34.1455383602239
2.8640095385525854,34.16721527320606
2.8640981059805015,34.16721527320606
2.8642205869393984,34.16721527320606
2.8642666120787124,34.16721527320606
2.8645787201455737,34.16721527320606
2.86469256560408,34.16721527320606
2.8649268465555484,34.16721527320606
2.8649802051641506,34.16721527320606
2.8658956085728198,34.16721527320606
2.8660153976150697,34.16721527320606
2.8663249871935728,34.16721527320606
2.866566774641975,34.16721527320606
2.8669559231265853,34.16721527320606
2.867124232380324,34.16721527320606
2.8672078437241173,34.18887792036854
2.867284406603537,34.18887792036854
2.8673773938882987,34.18887792036854
2.867413938433365,34.18887792036854
2.867534796380264,34.18887792036854
2.8675683037926816,34.18887792036854
2.8676956492841974,34.18887792036854
2.8678882642751713,34.18887792036854
2.868441168229562,34.21052631578947
2.8689416576461233,34.21052631578947
2.8691626832319286,34.21052631578947
2.869272506193465,34.21052631578947
2.86947181630043,34.21052631578947
2.869506260688651,34.232160473528445
2.8696148220583915,34.25378040762656
2.869817686524966,34.25378040762656
2.870390184613414,34.27538613210647
2.8707246956263313,34.27538613210647
2.8712215672981634,34.27538613210647
2.871702555231697,34.27538613210647
2.8717233142648313,34.27538613210647
2.8727327644235325,34.2969776609724
2.8728456170100367,34.2969776609724
2.873262392229955,34.2969776609724
2.873285982637519,34.2969776609724
2.8735283488511487,34.2969776609724
2.873538704484583,34.2969776609724
2.8736262138396738,34.31855500821018
2.8736489040338373,34.31855500821018
2.8748498032957555,34.31855500821018
2.8751664684835707,34.31855500821018
2.875474114195014,34.31855500821018
2.875625643745222,34.34011818778726
2.87572500172433,34.34011818778726
2.876513299076818,34.36166721365277
2.87742191009617,34.38320209973753
2.877672022589163,34.38320209973753
2.8777038288718537,34.38320209973753
2.8779444424801177,34.38320209973753
2.8779955827646853,34.38320209973753
2.8784125167847234,34.38320209973753
2.878506348735763,34.38320209973753
2.8788424529624606,34.404722859954084
2.8790530007399946,34.404722859954084
2.8791128142293116,34.404722859954084
2.8791234681697753,34.42622950819672
2.879188899129168,34.42622950819672
2.8799673573351163,34.42622950819672
2.8799740222203285,34.447722058341526
2.880118257461702,34.447722058341526
2.8804376332900783,34.469200524246396
2.880639141213114,34.469200524246396
2.8811025394839787,34.469200524246396
2.8812782335946654,34.469200524246396
2.8816281794022416,34.469200524246396
2.8819517647867783,34.469200524246396
2.8820548410252913,34.469200524246396
2.8822467132132883,34.49066491975106
2.882312769663492,34.49066491975106
2.8826870802687456,34.49066491975106
2.883011694655426,34.49066491975106
2.883018123309656,34.49066491975106
2.883132671971538,34.51211525867714
2.883300034465912,34.53355155482815
2.883546224272258,34.53355155482815
2.8841434446040064,34.53355155482815
2.884311987215804,34.53355155482815
2.8843375897787618,34.55497382198953
2.8843917395741396,34.55497382198953
2.8844309052722816,34.57638207392869
2.884692673133811,34.57638207392869
2.8847017577522203,34.59777632439503
2.884732533265403,34.59777632439503
2.8848393004377835,34.59777632439503
2.8851153827491727,34.59777632439503
2.885321697317664,34.59777632439503
2.8860005639471704,34.619156587119974
2.8861419367133125,34.619156587119974
2.886209470190044,34.64052287581699
2.886258629869416,34.66187520418164
2.8863216197137405,34.66187520418164
2.8863297930584517,34.66187520418164
2.8864400389327605,34.68321358589158
2.8864905847118,34.7045380346066
2.8866683626846625,34.72584856396867
2.8867640452639622,34.74714518760196
2.886790297493849,34.74714518760196
2.887292110024937,34.768427919112845
2.8876308314003847,34.78969677208999
2.887732446567831,34.8109517601043
2.888165861772658,34.832192896709024
2.8884242039313834,34.85342019543974
2.888510086662142,34.87463366981439
2.8889812771911285,34.87463366981439
2.889034336076128,34.89583333333333
2.8892877230381377,34.91701919947934
2.8894869559797742,34.91701919947934
2.889519532423485,34.91701919947934
2.8896655979460664,34.91701919947934
2.8898284590567065,34.938191281717636
2.8899354976647547,34.938191281717636
2.8902728880375776,34.938191281717636
2.890325378392957,34.959349593495936
2.890471942606815,34.959349593495936
2.8904926384026317,34.959349593495936
2.89051470935145,34.959349593495936
2.890606453683902,34.980494148244475
2.8907206030599206,34.980494148244475
2.89095476754976,34.980494148244475
2.891016059612584,34.980494148244475
2.8913164146688937,35.00162495937602
2.8913325755444648,35.00162495937602
2.891572202721236,35.00162495937602
2.892040429898204,35.0227420402859
2.8921109896825032,35.04384540435206
2.892612151518813,35.04384540435206
2.893420029924758,35.04384540435206
2.8940224685201756,35.04384540435206
2.8941024425819553,35.064935064935064
2.894140039364699,35.064935064935064
2.8943981600986763,35.08601103537812
2.8949414281529036,35.08601103537812
2.8951472537139957,35.107073329007136
2.8957590330060174,35.128121959130716
2.8959677894199882,35.1491569390402
2.8960051852647504,35.1491569390402
2.8960690955445956,35.17017828200972
2.8960985458635276,35.17017828200972
2.896216478632219,35.191186001296174
2.896743719649584,35.191186001296174
2.8971791587423805,35.191186001296174
2.897404521685352,35.191186001296174
2.897505501818757,35.191186001296174
2.8976864737817376,35.21218011013929
2.897723132548602,35.21218011013929
2.8981415579526546,35.233160621761655
2.8981978458600697,35.233160621761655
2.8982444941088077,35.233160621761655
2.898551464228063,35.25412754936873
2.8991230415039877,35.25412754936873
2.899504773801998,35.25412754936873
2.9001448756628827,35.275080906148865
2.9003344125771835,35.275080906148865
2.9007157478877152,35.275080906148865
2.9010881337835945,35.275080906148865
2.901253021888043,35.275080906148865
2.9019000044869685,35.275080906148865
2.9021728553259094,35.275080906148865
2.902183608927538,35.29602070527337
2.902239699767959,35.29602070527337
2.9023131667743463,35.316946959896505
2.90231826098619,35.337859683155514
2.9028253143162885,35.358758888170655
2.90311244932433,35.37964458804523
2.9038934288164766,35.400516795865634
2.904625445402186,35.400516795865634
2.9048044857673014,35.421375524701325
2.9049131074637136,35.421375524701325
2.9053903839138497,35.421375524701325
2.9054889725314963,35.4422207876049
2.9060271434729015,35.4422207876049
2.9061487400254333,35.4422207876049
2.906584739611002,35.46305259761213
2.9066651639394285,35.46305259761213
2.9068844546043793,35.46305259761213
2.907067551491073,35.483870967741936
2.9075500021368534,35.504675910996454
2.907586424874915,35.525467440361055
2.90778166814443,35.54624556880439
2.907839283364369,35.56701030927835
2.9079291542345027,35.56701030927835
2.908280213352444,35.56701030927835
2.9084829437023445,35.5877616747182
2.908793094505359,35.6084996780425
2.908914765935382,35.6292243321532
2.9090303734999634,35.6292243321532
2.909236249299143,35.64993564993565
2.9095622651858135,35.64993564993565
2.9096277579167573,35.64993564993565
2.9096410695213604,35.64993564993565
2.9096791975348455,35.64993564993565
2.9097731743980155,35.6706336442586
2.91007407546288,35.6706336442586
2.9103263668234507,35.6706336442586
2.9104943185668684,35.6706336442586
2.910540325194507,35.69131832797427
2.9105501138332213,35.71198971391835
2.9108777383379536,35.732647814910024
2.9114811245891214,35.75329264375201
2.9115156106313727,35.75329264375201
2.9116392567981912,35.75329264375201
2.9118081743280024,35.75329264375201
2.9122856238644834,35.75329264375201
2.9123309470285186,35.75329264375201
2.9126325683966443,35.77392421323057
2.912653659558052,35.77392421323057
2.912907761465595,35.79454253611557
2.9129239362662376,35.79454253611557
2.912935328235115,35.79454253611557
2.9130430283900264,35.815147625160456
2.913124049941934,35.815147625160456
2.91315005427396,35.815147625160456
2.9131659799485985,35.815147625160456
2.9135443118571094,35.815147625160456
2.9137089137362153,35.815147625160456
2.913816304770098,35.815147625160456
2.9138402170971616,35.815147625160456
2.914010420423716,35.815147625160456
2.9140437037451705,35.815147625160456
2.9143524696009058,35.815147625160456
2.9145040220951723,35.835739493102345
2.914628437071616,35.835739493102345
2.9146778814111296,35.835739493102345
2.9146925408997664,35.835739493102345
2.915019778063676,35.835739493102345
2.9153563314111044,35.835739493102345
2.9156021052456307,35.835739493102345
2.915987252365652,35.85631815266196
2.916204183466133,35.85631815266196
2.916236533087754,35.876883616543765
2.916285462266722,35.8974358974359
2.9162926344261053,35.8974358974359
2.9164607497895454,35.91797500801025
2.916481345265355,35.91797500801025
2.9166935710632607,35.91797500801025
2.9170149954526154,35.91797500801025
2.917133279341668,35.91797500801025
2.9172897380439737,35.93850096092249
2.9173977347653937,35.93850096092249
2.9175617750724703,35.959013768812035
2.9175719673152916,35.97951344430218
2.9179506220992253,35.97951344430218
2.9179828251880746,36.0
2.918087551026072,36.0
2.918405005700448,36.0
2.9184242256556825,36.02047344849648
2.9187102837539376,36.02047344849648
2.9190520621369735,36.04093380236649
2.9196189969723276,36.04093380236649
2.9205512402754574,36.0613810741688
2.921061372060972,36.08181527644615
2.921347080529812,36.08181527644615
2.9219802579850747,36.102236421725244
2.9225018928858524,36.122644522516765
2.9228339275717476,36.14303959131545
2.9233241753139354,36.16342164060006
2.9233956300466697,36.18379068283344
2.923414967768888,36.18379068283344
2.9234998204844556,36.18379068283344
2.92369081247343,36.18379068283344
2.9237380833873345,36.18379068283344
2.923922259984581,36.18379068283344
2.92422937311543,36.18379068283344
2.9243983927228787,36.20414673046252
2.924466926732099,36.224489795918366
2.9246628735388103,36.244819891616196
2.9246930411192786,36.244819891616196
2.924724163750957,36.244819891616196
2.9247764932416387,36.244819891616196
2.924966941859386,36.26513702995538
2.9250619610202966,36.26513702995538
2.9251532398821993,36.28544122331953
2.925774957551086,36.28544122331953
2.926332310799812,36.30573248407643
2.9265572750417914,36.30573248407643
2.927373037968627,36.30573248407643
2.9274702689912693,36.32601082457816
2.9282747418569284,36.346276257161044
2.9288533005091333,36.346276257161044
2.929021059515826,36.346276257161044
2.9297074733600215,36.36652879414572
2.9298695890084803,36.38676844783715
2.929963514097764,36.40699523052464
2.9300636699851594,36.42720915448188
2.9303082681869324,36.447410231966956
2.93082550344393,36.46759847522236
2.9310103974822574,36.487773896475076
2.93117705458249,36.487773896475076
2.931353149135889,36.507936507936506
2.931365122353341,36.5280863218026
2.9313915757936915,36.5280863218026
2.931523782922757,36.5280863218026
2.9316318744555545,36.54822335025381
2.9316787783894975,36.54822335025381
2.9318988022623143,36.56834760545512
2.9324756245301375,36.56834760545512
2.9324988782361214,36.56834760545512
2.932516491906141,36.58845909955612
2.932618010922857,36.58845909955612
2.933084275311192,36.608557844690964
2.933110450609802,36.628643852978456
2.9332033548577705,36.628643852978456
2.9336613900413817,36.648717136522016
2.9340813784601174,36.648717136522016
2.9341014640012797,36.648717136522016
2.9341088645856424,36.648717136522016
2.934120482921275,36.648717136522016
2.9343485631192014,36.648717136522016
2.934508429294445,36.648717136522016
2.9346834446131393,36.66877770740975
2.934859237241127,36.66877770740975
2.9349103248052195,36.68882557771447
2.9354316401892877,36.68882557771447
2.9354340186600694,36.68882557771447
2.935581030348446,36.708860759493675
2.9358201822355503,36.708860759493675
2.935958369931608,36.72888326478962
2.936339964765576,36.72888326478962
2.9366987551767556,36.74889310562935
2.9368711999749797,36.76889029402466
2.936961498447042,36.76889029402466
2.937121941588467,36.78887484197219
2.9374191797554263,36.78887484197219
2.937470107993003,36.808846761453395
2.93757651983234,36.808846761453395
2.937834568733844,36.828806064434616
2.9379099856449162,36.828806064434616
2.9379567965005267,36.848752762867065
2.9382600621535007,36.848752762867065
2.938303880523545,36.868686868686865
2.9383184343993745,36.868686868686865
2.9383579874298893,36.88860839381508
2.9383775371038086,36.88860839381508
2.9385957168404495,36.88860839381508
2.938615237827168,36.88860839381508
2.9387658294674397,36.90851735015773
2.938804753516154,36.9284137496058
2.939063207397504,36.948297604035304
2.9394094521534746,36.96816892530728
2.9401622341162077,36.988027725267806
2.940359748041474,36.988027725267806
2.940742594361923,36.988027725267806
2.941230919917382,36.988027725267806
2.9415450541994654,37.00787401574803
2.9416368144507152,37.02770780856423
2.9419377089749434,37.04752911551778
2.9423566779761128,37.04752911551778
2.942789925326218,37.06733794839522
2.943216332275108,37.08713431896823
2.943519088270963,37.08713431896823
2.943618593522721,37.10691823899371
2.9439526621438468,37.12668972021377
2.944028592103232,37.12668972021377
2.944072075278267,37.12668972021377
2.9442571971434286,37.14644877435575
2.9448707353135783,37.166195413132264
2.944888394986114,37.185929648241206
2.944902159603761,37.185929648241206
2.9449966911678063,37.185929648241206
2.94538325422978,37.185929648241206
2.9458836656820586,37.185929648241206
2.9459459276827427,37.20565149136578
2.946356286534304,37.22536095417451
2.946638321705738,37.22536095417451
2.9471040368402424,37.22536095417451
2.947659645884049,37.22536095417451
2.947786201702908,37.22536095417451
2.947801732083236,37.245058048321305
2.9478228797032857,37.245058048321305
2.9481928486600113,37.245058048321305
2.948307813376983,37.245058048321305
2.9483256403129574,37.245058048321305
2.9485078562362355,37.26474278544542
2.9487767710516666,37.284415177171525
2.948879348663073,37.284415177171525
2.9491542677542237,37.30407523510972
2.949217226437419,37.323722970855535
2.9496019577200654,37.323722970855535
2.9496117551524748,37.34335839598997
2.9496271044040756,37.34335839598997
2.950276079136714,37.362981522079544
2.9502877386650157,37.38259236067627
2.950374826504866,37.40219092331768
2.951190205759123,37.42177722152691
2.951218889819,37.42177722152691
2.9513644068991387,37.42177722152691
2.9516640806004624,37.42177722152691
2.9517383819178677,37.44135126681264
2.951952778852568,37.44135126681264
2.9520495459658136,37.44135126681264
2.952284981938038,37.460913070669164
2.9522857709957098,37.460913070669164
2.9522864409574834,37.48046264457643
2.952502051484969,37.48046264457643
2.952620473642805,37.48046264457643
2.952689636506312,37.48046264457643
2.95271515009271,37.5
2.9527482486028163,37.5
2.952894426953787,37.5
2.952899555429958,37.5
2.9531846439852742,37.5
2.9532600400777698,37.5
2.9534227060052562,37.519525148391125
2.9534275951143765,37.539038101186755
2.9534779457358624,37.539038101186755
2.9535462355104944,37.55853886980955
2.9539317199540354,37.55853886980955
2.953952907667046,37.55853886980955
2.9541154990751792,37.55853886980955
2.954178514589336,37.578027465667915
2.95425504463601,37.578027465667915
2.954431276588226,37.578027465667915
2.9545188521270997,37.578027465667915
2.9548979116151606,37.597503900156006
2.9554608839653858,37.597503900156006
2.955529526476696,37.61696818465378
2.95555832228806,37.61696818465378
2.9557747436012836,37.61696818465378
2.9559923476812333,37.61696818465378
2.9560543160490056,37.61696818465378
2.9560750963724614,37.636420330526974
2.9561408705737673,37.636420330526974
2.9568339032434614,37.636420330526974
2.9569237271557496,37.65586034912718
2.957156743442578,37.675288251791834
2.957275899397265,37.675288251791834
2.957291703646163,37.69470404984423
2.957364535870513,37.714107754593584
2.9574284044607717,37.733499377334994
2.957602114736237,37.733499377334994
2.9580734824837087,37.733499377334994
2.9586850271217013,37.752878929349514
2.959166956521634,37.752878929349514
2.959368540662826,37.752878929349514
2.9594327565488046,37.752878929349514
2.9594755854543955,37.752878929349514
2.9595621825872693,37.752878929349514
2.9595835312548924,37.77224642190417
2.9598801415752214,37.77224642190417
2.959988212349838,37.77224642190417
2.9599960049500176,37.791601866251945
2.9602781134345526,37.791601866251945
2.960767426289979,37.791601866251945
2.9607693709358376,37.791601866251945
2.960955231773058,37.791601866251945
2.9614919710541847,37.81094527363184
2.9616102612010544,37.81094527363184
2.9618399782822897,37.81094527363184
2.9622166739904605,37.83027665526888
2.962242626524409,37.83027665526888
2.9632810002863392,37.84959602237414
2.9638039610608384,37.84959602237414
2.964009109726432,37.84959602237414
2.964064540099158,37.84959602237414
2.9647443947843515,37.84959602237414
2.9652276088372758,37.868903386144765
2.9652930700312847,37.868903386144765
2.9653324785831865,37.868903386144765
2.9654731929157117,37.88819875776397
2.965505192853676,37.88819875776397
2.965630389508551,37.88819875776397
2.965647844251087,37.88819875776397
2.96571324605233,37.907482148401115
2.9657176991354834,37.907482148401115
2.965799323012359,37.907482148401115
2.9659391095180654,37.907482148401115
2.9660096526418926,37.907482148401115
2.9660835054224433,37.92675356921167
2.9664268912649607,37.92675356921167
2.9666151134483907,37.92675356921167
2.966629712795874,37.92675356921167
2.966740274144613,37.94601303133726
2.9668352016872834,37.96526054590571
2.9669904538367713,37.96526054590571
2.9671694513409084,37.96526054590571
2.967326416457968,37.98449612403101
2.9673554955443313,38.00371977681339
2.9676440764070775,38.02293151533932
2.9679713246587194,38.02293151533932
2.968028387621685,38.02293151533932
2.9681336752254084,38.02293151533932
2.9681551202925274,38.04213135068154
2.968181802007461,38.04213135068154
2.9682057240075,38.04213135068154
2.968430538948027,38.04213135068154
2.9684545094003965,38.04213135068154
2.9687151806334313,38.04213135068154
2.968787429505447,38.04213135068154
2.9688544474254397,38.04213135068154
2.9688648287389148,38.04213135068154
2.9689521060567183,38.04213135068154
2.9692867087323496,38.06131929389904
2.9693292743169666,38.080495356037154
2.9694524304642558,38.080495356037154
2.969768417661787,38.080495356037154
2.969791940187453,38.09965954812751
2.969864888756714,38.09965954812751
2.970164983709736,38.09965954812751
2.9702379546698623,38.09965954812751
2.9704603750010343,38.09965954812751
2.9711894021216536,38.11881188118812
2.9714274644927348,38.137952366223324
2.9715957071772703,38.137952366223324
2.9716974639562745,38.137952366223324
2.9719284406101214,38.137952366223324
2.971934623549434,38.137952366223324
2.971952705646604,38.15708101422387
2.9719887148580004,38.15708101422387
2.9729102751330334,38.17619783616693
2.973254739908526,38.17619783616693
2.9735468638947196,38.19530284301607
2.9735482549698737,38.21439604572135
2.973553063378582,38.23347745521927
2.973561861393043,38.25254708243285
2.97375433088501,38.25254708243285
2.9740428381268753,38.25254708243285
2.974392996605764,38.2716049382716
2.9746921322513664,38.2716049382716
2.974835947082476,38.2906510336316
2.9753466462791627,38.2906510336316
2.975554903004635,38.2906510336316
2.9758775286124974,38.2906510336316
2.97589726628005,38.30968537939544
2.9761871726523443,38.30968537939544
2.9764029712678397,38.30968537939544
2.9766763236114233,38.32870798643231
2.976733778898178,38.32870798643231
2.9767457786784113,38.34771886559803
2.9768782098754745,38.366718027734976
2.976958963522723,38.366718027734976
2.977002337227568,38.366718027734976
2.97706920254791,38.38570548367221
2.9774127364745713,38.40468124422544
2.977688476453544,38.42364532019704
2.9777368312472885,38.442597722376114
2.9780083367761714,38.442597722376114
2.9781132617929438,38.442597722376114
2.9789581188352328,38.46153846153847
2.9791132775445517,38.46153846153847
2.979396085173549,38.46153846153847
2.9796743812016038,38.46153846153847
2.9799101997163215,38.46153846153847
2.979918949144858,38.48046754844663
2.980776433480107,38.48046754844663
2.980781878708767,38.48046754844663
2.980960074218107,38.49938499384994
2.9810907855042923,38.51829080848447
2.981154627018628,38.51829080848447
2.9812150212663133,38.51829080848447
2.9814283707554075,38.51829080848447
2.981635232464002,38.53718500307314
2.9818866872481498,38.53718500307314
2.9825013281411206,38.53718500307314
2.982780307187846,38.556067588325654
2.9828275147235654,38.57493857493858
2.9829358111029833,38.57493857493858
2.982947917460049,38.593797973595336
2.9830674324405413,38.593797973595336
2.983154020719547,38.593797973595336
2.9832099719355845,38.61264579496624
2.983227129756541,38.61264579496624
2.983312660778118,38.631482049708495
2.983584418799078,38.631482049708495
2.9836008062598762,38.65030674846626
2.9839654535711606,38.65030674846626
2.984453682044224,38.669119901870594
2.984477802693806,38.68792152053955
2.9845212409411093,38.70671161507815
2.9846767190412966,38.70671161507815
2.9847972642882965,38.70671161507815
2.985027017531819,38.72549019607843
2.985050253315666,38.72549019607843
2.9850749440403126,38.74425727411945
2.985793340456721,38.7630128597673
2.9860175744635793,38.7630128597673
2.9865828892774466,38.78175696357515
2.98658330441343,38.80048959608323
2.9867232095088982,38.80048959608323
2.986752730419448,38.81921076781891
2.9867625615243942,38.81921076781891
2.986801639598827,38.81921076781891
2.987074424754234,38.81921076781891
2.9872949016673926,38.837920489296636
2.987360764329663,38.856618771018034
2.987617019992915,38.856618771018034
2.987687952978458,38.87530562347188
2.987793917397598,38.87530562347188
2.987897880693655,38.87530562347188
2.9881762013810076,38.89398105713413
2.9882493470675184,38.89398105713413
2.9883716502309423,38.912645082467925
2.988532774000322,38.912645082467925
2.988772539251841,38.93129770992366
2.9889431504345767,38.93129770992366
2.989024290896273,38.93129770992366
2.9890343954989738,38.949938949938954
2.989173133313298,38.96856881293866
2.9892926240369526,38.987187309334956
2.989625862907516,38.987187309334956
2.9900217203511508,39.00579444952729
2.9902491778187503,39.00579444952729
2.990447216059941,39.02439024390244
2.990671574955151,39.042974702834506
2.9906808152009137,39.042974702834506
2.990688526696207,39.061547836684944
2.9907268861557355,39.080109655802616
2.9910404774113646,39.09866017052375
2.9913693388068348,39.09866017052375
2.9915592340508175,39.117199391171994
2.991714507242626,39.117199391171994
2.9920724639839587,39.117199391171994
2.992792320385757,39.117199391171994
2.992832791722511,39.117199391171994
2.9929561784975833,39.117199391171994
2.9929790500588522,39.13572732805843
2.993450494499063,39.13572732805843
2.993609692983843,39.15424399148159
2.993722952017137,39.15424399148159
2.9937995948235354,39.17274939172749
2.994264295861161,39.17274939172749
2.994303217501039,39.191243539069625
2.994462359970641,39.209726443769
2.9944982932496056,39.209726443769
2.9952302418249883,39.209726443769
2.995242083841658,39.22819811607414
2.995377077314089,39.24665856622114
2.9955915960752764,39.26510780443365
2.9957836483869897,39.28354584092289
2.9958313139292594,39.30197268588771
2.9960324355881265,39.30197268588771
2.99620085959532,39.30197268588771
2.996297373259065,39.30197268588771
2.9968714748256056,39.32038834951456
2.9968873210857665,39.32038834951456
2.996901579608284,39.33879284197756
2.9969576664454616,39.33879284197756
2.997064261267943,39.33879284197756
2.9971481990087265,39.35718617343845
2.997163989518816,39.37556835404668
2.9971925076946335,39.37556835404668
2.9972213420334737,39.39393939393939
2.9973756374054044,39.41229930324145
2.997549033055392,39.41229930324145
2.997584096602343,39.43064809206541
2.9976354475130162,39.448985770511655
2.997674110883855,39.46731234866828
2.9977400057446246,39.4856278366112
2.998040123021792,39.50393224440412
2.9980843350058453,39.50393224440412
2.9982459798355454,39.50393224440412
2.9982482419432195,39.52222558209858
2.998341795967559,39.52222558209858
2.9984832219083564,39.54050785973398
2.9985439208438907,39.55877908733756
2.998613506067856,39.55877908733756
2.9986601379871627,39.55877908733756
2.998707375091723,39.55877908733756
2.9988950904729688,39.55877908733756
2.999154393621036,39.55877908733756
2.9992867795281977,39.577039274924466
2.9993804984647143,39.59528843249773
2.9993940842764637,39.61352657004831
2.999559330106341,39.61352657004831
2.999561144922181,39.61352657004831
2.999570910354768,39.61352657004831
2.999670733589584,39.631753697555084
3.0001087149826717,39.631753697555084
3.0002062081937915,39.631753697555084
3.000301468001104,39.631753697555084
3.000333878694513,39.64996982498491
3.00083512988354,39.66817496229261
3.0016759601848753,39.66817496229261
3.0017886999620043,39.66817496229261
3.001856890676482,39.66817496229261
3.0022891549147683,39.68636911942099
3.002428135957421,39.70455230630087
3.0025718938034744,39.72272453285112
3.00277062619729,39.74088580897861
3.0032416465419987,39.75903614457831
3.0032957757898218,39.75903614457831
3.0036516777537554,39.75903614457831
3.003735259108598,39.75903614457831
3.0038374077470995,39.75903614457831
3.003981898986052,39.777175549533276
3.0043126161109703,39.777175549533276
3.004602727055132,39.777175549533276
3.004772079456797,39.79530403371463
3.00481505587465,39.81342160698164
3.0048825773944787,39.83152827918171
3.004981381601782,39.83152827918171
3.005083889691868,39.849624060150376
3.00588487448891,39.849624060150376
3.006053003205083,39.849624060150376
3.0061859642929463,39.849624060150376
3.006277293597188,39.849624060150376
3.0064773275388363,39.867708959711365
3.006862647196651,39.867708959711365
3.0068956851100332,39.885782987676585
3.007020996268828,39.90384615384615
3.0070605155857275,39.90384615384615
3.0074057984686586,39.92189846800841
3.007538774909246,39.93993993993994
3.0077312712639572,39.93993993993994
3.0078409489888585,39.93993993993994
3.0080053190519114,39.95797057940558
3.0080285808636744,39.95797057940558
3.008218939844776,39.97599039615846
3.0084189097984835,39.993999399939995
3.00854522017437,40.0119976004799
3.008771149129167,40.02998500749625
3.0088164390676337,40.04796163069545
3.0090114773242504,40.04796163069545
3.009153017064861,40.06592747977225
3.009279446317675,40.06592747977225
3.0094737501308417,40.083882564409826
3.0096718337367645,40.083882564409826
3.009824737274992,40.083882564409826
3.010362263023333,40.101826894279725
3.0103772469194277,40.119760479041915
3.010770197561848,40.119760479041915
3.0108406289185,40.119760479041915
3.010932925493576,40.119760479041915
3.011078443338789,40.119760479041915
3.011090002016646,40.13768332834481
3.0111054622606677,40.13768332834481
3.011116055693344,40.155595451825256
3.011122840269311,40.155595451825256
3.011287436158398,40.155595451825256
3.0113354498283527,40.17349685910859
3.011643831138212,40.17349685910859
3.0116938926893684,40.17349685910859
3.0119232371881135,40.19138755980861
3.0120675889046993,40.19138755980861
3.0121321547103403,40.19138755980861
3.0122352551135925,40.19138755980861
3.012272911848432,40.20926756352765
3.0124165020387155,40.227136879856545
3.0124738300915963,40.244995518374665
3.012504687635644,40.244995518374665
3.0129033488786425,40.26284348864994
3.013025764620993,40.26284348864994
3.0133466245638867,40.280680800238876
3.0133826835486976,40.280680800238876
3.013630355746193,40.280680800238876
3.0137379172742613,40.280680800238876
3.013771804112769,40.298507462686565
3.0139378880946937,40.31632348552671
3.014092009676638,40.334128878281625
3.01432010765903,40.351923650462275
3.0144057430062725,40.351923650462275
3.014596431903265,40.369707811568276
3.0147228936499317,40.369707811568276
3.0147804151190463,40.369707811568276
3.014924726331891,40.38748137108793
3.0150829765581637,40.38748137108793
3.0151196702254204,40.405244338498214
3.0151762542124967,40.42299672326482
3.015273405371795,40.42299672326482
3.0153079799874005,40.42299672326482
3.0153513886133583,40.44073853484217
3.0153536367579963,40.44073853484217
3.0158915332029994,40.44073853484217
3.016042677943484,40.45846978267342
3.01606739274152,40.476190476190474
3.016176800675272,40.493900624814046
3.0161781008665107,40.493900624814046
3.016328577230453,40.493900624814046
3.016834359049673,40.493900624814046
3.01760028974824,40.493900624814046
3.018028596977502,40.5116002379536
3.0181157062660295,40.52928932500743
3.0185391165162376,40.54696789536266
3.018553057952586,40.54696789536266
3.018679489414891,40.54696789536266
3.018692483178705,40.54696789536266
3.0188608623091393,40.56463595839524
3.0193634603941666,40.56463595839524
3.019504464876564,40.56463595839524
3.0199004840110923,40.56463595839524
3.019910753144136,40.56463595839524
3.02000405879766,40.58229352346999
3.020285385613892,40.58229352346999
3.0204455057591306,40.58229352346999
3.0204657320063335,40.599940599940595
3.020642541293625,40.599940599940595
3.0207762527211868,40.61757719714964
3.020781168520959,40.61757719714964
3.020879379803556,40.61757719714964
3.02142895332825,40.61757719714964
3.022192931941304,40.61757719714964
3.022212976428526,40.61757719714964
3.0225331927484462,40.61757719714964
3.0226826870470695,40.61757719714964
3.022684810922209,40.61757719714964
3.0233337549781316,40.635203324428616
3.0234369524424034,40.652818991097924
3.0237458894470786,40.670424206466926
3.023937197989231,40.670424206466926
3.0240114885253853,40.670424206466926
3.024110948319689,40.68801897983393
3.0242695504168204,40.68801897983393
3.024375299502996,40.68801897983393
3.0248630405348194,40.68801897983393
3.0248945540441943,40.68801897983393
3.024996933011022,40.68801897983393
3.0251895707417895,40.68801897983393
3.025408329299617,40.70560332048622
3.0255324414791462,40.70560332048622
3.025575336202355,40.70560332048622
3.0256092161707078,40.70560332048622
3.025728662931244,40.72317723770006
3.025783070947639,40.72317723770006
3.0257867539245304,40.74074074074074
3.025943009996811,40.74074074074074
3.0262569892588354,40.74074074074074
3.026431473969133,40.74074074074074
3.026609707768288,40.758293838862556
3.0268961483245773,40.77583654130885
3.026926435576715,40.77583654130885
3.02704783584081,40.79336885731202
3.0270782060655823,40.79336885731202
3.0272343202893546,40.79336885731202
3.027238622043221,40.81089079609352
3.027307205681287,40.81089079609352
3.027386585964879,40.828402366863905
3.027479854149898,40.828402366863905
3.0278486538752096,40.845903578822835
3.0278926448679124,40.86339444115908
3.027894727016737,40.880874963050545
3.0284595230786655,40.880874963050545
3.0286657165089768,40.880874963050545
3.0288312944571274,40.8983451536643
3.0299257240360236,40.8983451536643
3.0299785634288514,40.8983451536643
3.0300524233117367,40.91580502215657
3.03009974854642,40.93325457767277
3.0302231777867847,40.93325457767277
3.030373949129697,40.93325457767277
3.0307187677006215,40.93325457767277
3.030743596343916,40.95069382934751
3.030756507696208,40.968122786304605
3.0309279523881965,40.968122786304605
3.031086479749256,40.968122786304605
3.0311543089974724,40.98554145765713
3.031274164226245,40.98554145765713
3.031399085640349,41.00294985250738
3.0319346773511278,41.02034797994692
3.031955143186222,41.02034797994692
3.0322934023746444,41.02034797994692
3.0323545522451587,41.0377358490566
3.0323674939054643,41.055113468906576
3.032462126126945,41.055113468906576
3.0326221626156094,41.072480848556275
3.0327436917921804,41.072480848556275
3.0328122356510065,41.072480848556275
3.0330177845108244,41.072480848556275
3.033155503479609,41.072480848556275
3.0336428028394398,41.072480848556275
3.033646754780501,41.072480848556275
3.0336951833343155,41.072480848556275
3.0338858880698085,41.08983799705449
3.034128039866753,41.10718492343934
3.0342846631219977,41.1245216367383
3.034530454049942,41.14184814596822
3.0346575150141755,41.15916446013534
3.0346581099843415,41.17647058823529
3.034878350399158,41.19376653925316
3.0350692078513384,41.21105232216343
3.035071558272294,41.21105232216343
3.0350951931073396,41.22832794593006
3.0351149315505745,41.22832794593006
3.0351529038631413,41.24559341950646
3.035155568237378,41.24559341950646
3.0352863254211107,41.262848751835534
3.0355578510313017,41.262848751835534
3.0356005584949353,41.262848751835534
3.035855179353073,41.28009395184968
3.0361615621058538,41.28009395184968
3.0361891022064813,41.28009395184968
3.036277855073286,41.28009395184968
3.036999079399601,41.2973290284708
3.037248300895805,41.2973290284708
3.0372905515940998,41.2973290284708
3.037815842821145,41.2973290284708
3.037870751137041,41.31455399061033
3.037910571944593,41.31455399061033
3.037924732311799,41.31455399061033
3.0381301482695813,41.31455399061033
3.0383209954885553,41.31455399061033
3.038402368963923,41.31455399061033
3.038419506911812,41.31455399061033
3.038439449877058,41.33176884716926
3.038935282929598,41.33176884716926
3.0390196345465688,41.348973607038126
3.039101112720976,41.348973607038126
3.0391469746213042,41.36616827909704
3.0391994553705692,41.38335287221571
3.0393918862605847,41.40052739525345
3.039916408328062,41.41769185705917
3.0400153320919276,41.434846266471446
3.040240141376146,41.434846266471446
3.040240969283616,41.434846266471446
3.040302550113962,41.434846266471446
3.04042537730444,41.451990632318505
3.040432175147515,41.451990632318505
3.0408592693048955,41.4691249634182
3.0408895732691574,41.48624926857812
3.0408917683029273,41.48624926857812
3.0410104785818883,41.503363556595495
3.0410377474581676,41.503363556595495
3.041048053879518,41.503363556595495
3.041425309393787,41.52046783625731
3.0416319978166846,41.52046783625731
3.0416831332425263,41.52046783625731
3.041710758864676,41.52046783625731
3.04178606794658,41.52046783625731
3.0418480916470876,41.52046783625731
3.0428433019470096,41.53756211634025
3.043294823852961,41.53756211634025
3.043408257817929,41.554646405610754
3.0439920085393073,41.554646405610754
3.0440644526697977,41.554646405610754
3.0441155771614885,41.554646405610754
3.0441263610874634,41.554646405610754
3.0442805356504716,41.554646405610754
3.044576068587209,41.554646405610754
3.0446688356842597,41.554646405610754
3.0447351470612847,41.554646405610754
3.0451691329014796,41.554646405610754
3.045228919437496,41.554646405610754
3.045680691087277,41.554646405610754
3.045756344006764,41.571720712825005
3.045947021864329,41.571720712825005
3.0459597072445397,41.571720712825005
3.0462435130897845,41.571720712825005
3.046276385394257,41.58878504672897
3.0462967035464565,41.58878504672897
3.04634178652608,41.58878504672897
3.0464491391656736,41.58878504672897
3.046869346541885,41.58878504672897
3.046917821128186,41.58878504672897
3.0473305489075653,41.605839416058394
3.047342157015601,41.62288382953882
3.0475654995842048,41.62288382953882
3.0476015593597494,41.62288382953882
3.0477712359215907,41.639918295885614
3.0480374415134888,41.656942823803966
3.048165940351109,41.673957421988916
3.0485737930012977,41.690962099125365
3.048670399144314,41.690962099125365
3.048977409504628,41.690962099125365
3.0493812852697144,41.70795686388808
3.0495555750724193,41.72494172494173
3.0498142249543765,41.74191669094087
3.049828548647998,41.74191669094087
3.049971352017486,41.758881770529996
3.050002596432943,41.758881770529996
3.050507353548277,41.758881770529996
3.0505524540014584,41.77583697234352
3.050568260900794,41.77583697234352
3.0508613541251592,41.79278230500582
3.050912397963511,41.79278230500582
3.0510790460999324,41.79278230500582
3.051295717219885,41.79278230500582
3.051811287201472,41.79278230500582
3.0518992256608692,41.79278230500582
3.0520285373579,41.79278230500582
3.0521563213543317,41.79278230500582
3.0521623410856455,41.80971777713122
3.0521836316961943,41.82664339732403
3.052814067320237,41.84355917417854
3.0529855910358923,41.84355917417854
3.0531287716324216,41.86046511627907
3.0532660282110764,41.877361232199945
3.0532950973639874,41.89424753050552
3.0533390186682583,41.89424753050552
3.053429584427009,41.89424753050552
3.0537594164644264,41.89424753050552
3.053822807891359,41.89424753050552
3.053839832756324,41.91112401975022
3.0540344329404823,41.91112401975022
3.0540560904590355,41.92799070847851
3.0542773781146186,41.944847605224965
3.0543666944698598,41.944847605224965
3.054509539888487,41.944847605224965
3.0546304572561342,41.96169471851422
3.0546618851108684,41.96169471851422
3.054731305713639,41.97853205686104
3.0547928671713587,41.9953596287703
3.0550700313822845,42.01217744273703
3.055258230122453,42.01217744273703
3.0553030463114332,42.028985507246375
3.055394282142835,42.028985507246375
3.055906706866479,42.045783830773686
3.0563059429269077,42.045783830773686
3.0563405192024717,42.045783830773686
3.056730506241034,42.06257242178447
3.056758934274331,42.079351288734436
3.0570154072241267,42.079351288734436
3.0570352152819233,42.079351288734436
3.057037380221243,42.096120440069484
3.0570651102496194,42.096120440069484
3.057110518233667,42.096120440069484
3.0576298378546203,42.11287988422576
3.0576441632909597,42.129629629629626
3.0577548859597554,42.129629629629626
3.05778197129167,42.14636968469772
3.058057182670691,42.14636968469772
3.0580732534553223,42.1631000578369
3.058189213336383,42.1631000578369
3.0583385669158307,42.1631000578369
3.05844732453431,42.1631000578369
3.0586996351198117,42.17982075744435
3.058703692508488,42.17982075744435
3.058915448631295,42.19653179190752
3.0589203309229935,42.19653179190752
3.0590574490836224,42.19653179190752
3.0591033507801453,42.21323316960416
3.0593306582683764,42.21323316960416
3.0594784549585547,42.21323316960416
3.059580230266355,42.21323316960416
3.05974981671496,42.21323316960416
3.0598042056280352,42.22992489890237
3.059842108640401,42.22992489890237
3.0599459782931238,42.24660698816056
3.0601354478181437,42.263279445727484
3.060199256344533,42.279942279942276
3.06034053295082,42.279942279942276
3.0605154702034834,42.29659549913445
3.0618958576002164,42.313239111623886
3.0620435466617923,42.313239111623886
3.0620551145662946,42.32987312572088
3.062055611758674,42.346497549726145
3.0623732882613552,42.346497549726145
3.0624075729302263,42.363112391930834
3.062459310440594,42.363112391930834
3.0625555911926057,42.37971766061654
3.062731637276354,42.3963133640553
3.062954113204772,42.41289951050965
3.0632904392468996,42.429476108232585
3.0634922077915197,42.44604316546763
3.063689245373295,42.462600690448795
3.063692518564736,42.462600690448795
3.063747021298267,42.462600690448795
3.0640075413192216,42.47914869140063
3.064236604019604,42.47914869140063
3.0642817048895843,42.47914869140063
3.064315898702928,42.49568717653824
3.064348764553396,42.49568717653824
3.06444258407928,42.51221615406726
3.0648801863654573,42.51221615406726
3.0648907043232936,42.51221615406726
3.0649188587238463,42.51221615406726
3.065251337867189,42.51221615406726
3.0652515862015313,42.51221615406726
3.0654396193459315,42.51221615406726
3.0655559459402504,42.5287356321839
3.0656921498488416,42.545245619074976
3.0660884270611897,42.545245619074976
3.0660966644884273,42.545245619074976
3.0664050688626836,42.56174612291787
3.066853845164432,42.57823715188056
3.066894885878023,42.57823715188056
3.06695366313345,42.57823715188056
3.0670049697542345,42.57823715188056
3.067067622518314,42.57823715188056
3.067384661358052,42.5947187141217
3.0674654244494506,42.5947187141217
3.067678874746343,42.5947187141217
3.0680629321681643,42.61119081779053
3.068311450602373,42.61119081779053
3.068329067144338,42.62765347102697
3.068490421996501,42.64410668196157
3.0686638608832304,42.64410668196157
3.068708292664036,42.6605504587156
3.0689126818458434,42.6605504587156
3.0691971710082697,42.67698480940098
3.06928153718573,42.693409742120345
3.069439673523755,42.70982526496706
3.0695083209362077,42.70982526496706
3.06961801342847,42.70982526496706
3.0696375400732627,42.7262313860252
3.0696743248067877,42.7262313860252
3.069821289336406,42.7426281133696
3.0699554623709235,42.7426281133696
3.0701796550675535,42.7426281133696
3.0701944422217817,42.7426281133696
3.070396509554273,42.75901545506583
3.0708713961082545,42.77539341917024
3.0709842026016383,42.77539341917024
3.0712674159215547,42.77539341917024
3.0712721773351954,42.79176201372998
3.0712751412229964,42.80812124678295
3.0714743082295897,42.80812124678295
3.071566551839327,42.82447112635792
3.071728631940087,42.82447112635792
3.071838319555473,42.82447112635792
3.072029851218301,42.84081166047442
3.072259390483871,42.857142857142854
3.072469340338522,42.857142857142854
3.0729476530958415,42.857142857142854
3.0730104182338587,42.857142857142854
3.0736689293570665,42.857142857142854
3.073762425319376,42.857142857142854
3.073850975947131,42.857142857142854
3.0741717072024657,42.857142857142854
3.074277641106747,42.87346472436447
3.074570643424259,42.889777270131354
3.0746213977518715,42.889777270131354
3.0751040600304966,42.889777270131354
3.0752536466312583,42.90608050242649
3.0753257738361484,42.90608050242649
3.0753308927782483,42.90608050242649
3.075563336244747,42.90608050242649
3.0757974636456527,42.922374429223744
3.075798207690046,42.93865905848788
3.076120520863571,42.93865905848788
3.076268258624359,42.95493439817456
3.076286888196116,42.9712004562304
3.07667569644667,42.98745724059293
3.07672623361095,43.003704759190654
3.0768490770399763,43.003704759190654
3.076959698155333,43.01994301994302
3.077138482343218,43.01994301994302
3.077222977588536,43.01994301994302
3.0774567087787528,43.01994301994302
3.077505719387445,43.03617203076047
3.0775315823567944,43.052391799544424
3.0775545254118244,43.052391799544424
3.0779945654431877,43.052391799544424
3.0782266903737057,43.068602334187304
3.078248372193768,43.08480364257257
3.0785027005525896,43.10099573257468
3.0785223005782165,43.117178612059156
3.078539597688733,43.13335228888257
3.0786413416588814,43.13335228888257
3.0787701478676106,43.13335228888257
3.0789242715413385,43.13335228888257
3.0789608316009267,43.14951677089255
3.0790788922280847,43.14951677089255
3.079517693653001,43.165672065927815
3.079642007778679,43.165672065927815
3.0798590999382975,43.165672065927815
3.0800885760648025,43.165672065927815
3.0803681360487194,43.165672065927815
3.0804372592711777,43.18181818181818
3.080488256824209,43.18181818181818
3.080924863853904,43.19795512638455
3.080969002777063,43.19795512638455
3.0811234814911526,43.19795512638455
3.081202844246165,43.19795512638455
3.081259438697534,43.19795512638455
3.0813600733739355,43.21408290743896
3.0814961726536474,43.230201532784555
3.0815747097729456,43.24631101021566
3.081950432651789,43.262411347517734
3.0821069126322094,43.27850255246739
3.082118796934893,43.27850255246739
3.082213922098642,43.27850255246739
3.082497919662575,43.27850255246739
3.082860005439219,43.29458463283243
3.082931652920811,43.31065759637188
3.083016681881482,43.32672145083593
3.083219012912023,43.342776203966004
3.083565070326249,43.342776203966004
3.083605513613887,43.35882186349476
3.083619047839164,43.37485843714609
3.083885353530028,43.39088593263515
3.084336061721081,43.40690435766837
3.0844320183286644,43.42291371994342
3.0846026549580974,43.42291371994342
3.084631345942673,43.43891402714932
3.0851231320324457,43.45490528696636
3.0851558583510275,43.45490528696636
3.085215277133265,43.45490528696636
3.0852686069952826,43.470887507066145
3.08552831371509,43.48686069511161
3.0855894496068386,43.48686069511161
3.0858539690297397,43.50282485875706
3.0860770375992406,43.518780005648125
3.086523585816385,43.518780005648125
3.086679012021524,43.5347261434218
3.0868521068088772,43.55066327970646
3.08711310532392,43.55066327970646
3.087150501982938,43.566591422121896
3.0871603284957723,43.58251057827927
3.0872443641764855,43.59842075578116
3.0875108326647362,43.59842075578116
3.087544460104542,43.614321962221595
3.088071383189217,43.614321962221595
3.0880990680082405,43.63021420518602
3.088726275471103,43.63021420518602
3.0888168545708083,43.64609749225134
3.0890200257210747,43.66197183098591
3.089134964181266,43.66197183098591
3.0893099933252137,43.66197183098591
3.0894774913653973,43.67783722894959
3.089578275267963,43.69369369369369
3.0896434951955025,43.69369369369369
3.0897531544839674,43.70954123276105
3.089935410327658,43.725379853685986
3.090078520357631,43.741209563994374
3.0900983240149453,43.741209563994374
3.090441377439596,43.741209563994374
3.0905279378226336,43.7570303712036
3.0905286512611974,43.7728422828226
3.0907775424840374,43.7728422828226
3.090809225105167,43.78864530635188
3.090825480353335,43.78864530635188
3.090962603877928,43.78864530635188
3.0911218365672273,43.80443944928351
3.0911560256107453,43.80443944928351
3.091495198213724,43.82022471910113
3.0915024481457953,43.82022471910113
3.0915342485497446,43.82022471910113
3.0922168345605927,43.82022471910113
3.0923943069339095,43.83600112327998
3.0925064302400593,43.85176866928692
3.0925296714408184,43.85176866928692
3.0926521125666637,43.85176866928692
3.0929491979916195,43.86752736458041
3.09314308106288,43.86752736458041
3.0932093967906766,43.86752736458041
3.09334453896941,43.86752736458041
3.0934705004853527,43.86752736458041
3.093867290533096,43.88327721661055
3.0940495989474277,43.88327721661055
3.094058260654151,43.899018232819074
3.094127876709664,43.899018232819074
3.094696139256383,43.899018232819074
3.0947458417385554,43.91475042063937
3.0947588119852756,43.930473787496496
3.0948603119418707,43.930473787496496
3.0950835127841994,43.946188340807176
3.095180631781368,43.96189408797982
3.0952075534862606,43.977591036414566
3.0955940010024117,43.99327919350322
3.0958493149090787,43.99327919350322
3.095867444986636,43.99327919350322
3.0958943725832895,44.00895856662934
3.0959976177559274,44.00895856662934
3.0961951494782656,44.00895856662934
3.0962957756837697,44.00895856662934
3.0963310741196355,44.00895856662934
3.096570193601413,44.02462916316821
3.0970244286007027,44.02462916316821
3.0970279834654866,44.040290990486845
3.09732107252143,44.040290990486845
3.097584199413555,44.040290990486845
3.097890965853592,44.05594405594406
3.097925667252471,44.07158836689038
3.0980205368104343,44.08722393066816
3.0981280191021163,44.10285075461152
3.098314202150373,44.11846884604638
3.0983583324343735,44.11846884604638
3.0992233199179577,44.134078212290504
3.0992412788556374,44.134078212290504
3.0997590541154696,44.134078212290504
3.0999629159192668,44.134078212290504
3.099992332143339,44.134078212290504
3.1000357755905315,44.134078212290504
3.10030113815525,44.134078212290504
3.100550462510337,44.149678860653445
3.1007973542100338,44.16527079843663
3.100965739963046,44.1808540329333
3.1009859506591777,44.1808540329333
3.1011597481480133,44.1808540329333
3.101203970631722,44.19642857142857
3.1012167414150067,44.21199442119944
3.1013564240564766,44.22755158951478
3.101620806155549,44.22755158951478
3.101748193188946,44.22755158951478
3.1018140283664524,44.24310008363535
3.1022908619634273,44.24310008363535
3.102418797523832,44.25863991081383
3.102610925582551,44.274171078294785
3.102665863402852,44.28969359331476
3.1026845934351868,44.3052074631022
3.102883766349937,44.32071269487751
3.103084591801266,44.32071269487751
3.103160762034437,44.336209295853045
3.103335073379582,44.351697273233164
3.1034941017612234,44.351697273233164
3.1035361033659705,44.351697273233164
3.1037192721815843,44.36717663421418
3.1039976765588184,44.36717663421418
3.104023751804281,44.36717663421418
3.104099149398388,44.36717663421418
3.1042967095016523,44.36717663421418
3.10431735053385,44.36717663421418
3.10446983856423,44.36717663421418
3.10511293789144,44.36717663421418
3.10511924553408,44.38264738598443
3.1057043915095295,44.39810953572422
3.105824525662223,44.41356309060589
3.1060843022231968,44.41356309060589
3.106984823940696,44.42900805779384
3.107147890183125,44.42900805779384
3.107338518438644,44.42900805779384
3.107767190118599,44.44444444444444
3.107873207109503,44.44444444444444
3.107875611716538,44.45987225770619
3.1082135106526985,44.45987225770619
3.1082255967695502,44.4752915047196
3.108441096186886,44.4752915047196
3.108611085295648,44.4752915047196
3.1086354978559725,44.49070219261726
3.1094490358184976,44.50610432852386
3.1094784840337666,44.521497919556175
3.1095758757301044,44.521497919556175
3.109818466565849,44.521497919556175
3.1099246871724597,44.53688297282307
3.1102589567675163,44.53688297282307
3.1102636525821223,44.55225949542556
3.110300346857381,44.55225949542556
3.1104321914900965,44.55225949542556
3.1107812511182535,44.55225949542556
3.1107928756659793,44.567627494456765
3.111068259519443,44.58298697700194
3.1112946272795043,44.59833795013851
3.1113128744605962,44.59833795013851
3.1113284382295037,44.61368042093603
3.11148351266864,44.629014396456256
3.1115224076205648,44.64433988375311
3.1118931783134776,44.64433988375311
3.1119305090142135,44.64433988375311
3.1121705055552793,44.659656889872714
3.1125447573672695,44.67496542185339
3.1127862071619496,44.67496542185339
3.1129722917352245,44.67496542185339
3.113401105710953,44.67496542185339
3.113654900176874,44.690265486725664
3.1137993510813495,44.690265486725664
3.113928834228819,44.690265486725664
3.113934959013794,44.705557091512304
3.1142764361230566,44.705557091512304
3.114549014879812,44.7208402432283
3.1151111338888513,44.7361149488809
3.1151293975476384,44.7361149488809
3.115656273748266,44.7361149488809
3.1160904206721014,44.7361149488809
3.116373768250423,44.7361149488809
3.116480321663997,44.7361149488809
3.1165031647806583,44.751381215469614
3.1166735346731493,44.751381215469614
3.1167635481950384,44.751381215469614
3.1169263413501773,44.76663904998619
3.1169842305912225,44.78188845941469
3.1172974912264526,44.78188845941469
3.1173374483911753,44.79712945073144
3.117531285365337,44.79712945073144
3.1177005644113014,44.79712945073144
3.117751967840711,44.79712945073144
3.1177521954107004,44.79712945073144
3.1181836179839753,44.81236203090508
3.118796545054091,44.827586206896555
3.1188804544737394,44.84280198565913
3.1191258543542806,44.858009374138405
3.1192748540037627,44.87320837927233
3.119424388518159,44.88839900799118
3.119429091209747,44.88839900799118
3.1195213480528996,44.88839900799118
3.119561430419628,44.90358126721763
3.120044075798551,44.918755163866706
3.1201447405734672,44.93392070484582
3.120276907874255,44.93392070484582
3.1205545673963284,44.93392070484582
3.120633508270687,44.93392070484582
3.1207359926210803,44.93392070484582
3.1212265127239576,44.93392070484582
3.1213000940054743,44.94907789705477
3.121462858183526,44.94907789705477
3.121640888877549,44.94907789705477
3.121830802863312,44.94907789705477
3.1219145789743887,44.94907789705477
3.122048218380494,44.94907789705477
3.122054847972916,44.94907789705477
3.1221210968474695,44.94907789705477
3.122525555376839,44.9642267473858
3.1226344401975736,44.9642267473858
3.1227879438914483,44.9642267473858
3.1228357307874184,44.9642267473858
3.1228557785260165,44.9642267473858
3.1228764976782846,44.97936726272352
3.123204941942171,44.994499449944996
3.1236460478341104,45.00962331591972
3.1236902761554,45.00962331591972
3.124317464397104,45.024738867509626
3.124362032977655,45.024738867509626
3.124368638081791,45.024738867509626
3.1243891402326938,45.03984611156911
3.1244507011386977,45.05494505494506
3.1245035609242797,45.070035704476794
3.1245268032018334,45.070035704476794
3.1245884654270024,45.08511806699615
3.1248757716626074,45.100192149327476
3.1248820431260906,45.100192149327476
3.1249831495155687,45.1152579582876
3.124993248745021,45.1152579582876
3.125124067837441,45.1152579582876
3.125179872733796,45.13031550068587
3.1252644919640296,45.13031550068587
3.1255534130342655,45.13031550068587
3.12558771570766,45.14536478332419
3.125742559505223,45.160405812996984
3.125778074101896,45.17543859649123
3.1258236456771775,45.19046314058646
3.126031127783722,45.19046314058646
3.1260859581789417,45.20547945205479
3.126439267031317,45.220487537660915
3.126453771874337,45.2354874041621
3.126585875370176,45.250479058308244
3.1265898556181932,45.250479058308244
3.1267740382029503,45.26546250684182
3.1269229640503085,45.26546250684182
3.127070555370464,45.26546250684182
3.1273260871185493,45.280437756497946
3.1280698587781015,45.29540481400438
3.128096370711666,45.31036368608149
3.1281837007508972,45.32531437944232
3.1286139596340496,45.32531437944232
3.128633810941097,45.32531437944232
3.1292673030431946,45.32531437944232
3.129267774089522,45.34025690079256
3.12936921444843,45.34025690079256
3.1295109864840867,45.34025690079256
3.1296458791452033,45.34025690079256
3.1300354960101853,45.3551912568306
3.1300989907217813,45.3551912568306
3.1304163458932117,45.3551912568306
3.1305203173383775,45.37011745424747
3.1306937190091992,45.385035499726925
3.1307406201329644,45.385035499726925
3.130907920558701,45.385035499726925
3.131302315073274,45.3999453999454
3.1313120549424758,45.3999453999454
3.131441418779862,45.3999453999454
3.131524060375656,45.414847161572055
3.1316910849107216,45.414847161572055
3.132074039215192,45.414847161572055
3.132418117473011,45.429740791268756
3.1328005352343586,45.429740791268756
3.1328555065441797,45.44462629569013
3.132906348682283,45.44462629569013
3.1330265537565567,45.459503681483504
3.1330765270005108,45.47437295528899
3.1332519384192543,45.489234123739436
3.1332566289221044,45.50408719346049
3.1332903283824076,45.51893217107055
3.133808648776185,45.53376906318083
3.1338581012869575,45.54859787639532
3.133946387188007,45.54859787639532
3.133962824888075,45.56341861731083
3.134133725076675,45.56341861731083
3.1341405764695347,45.56341861731083
3.1341692282028197,45.56341861731083
3.134417995277197,45.57823129251701
3.1346352006280496,45.5930359085963
3.135773637025723,45.5930359085963
3.1359052698776444,45.5930359085963
3.1363093138478897,45.60783247212402
3.1365162000175455,45.6226209896683
3.136664683926602,45.63740146779016
3.1366754159094876,45.63740146779016
3.1367931248297336,45.63740146779016
3.1372364695365196,45.65217391304348
3.1376091006616407,45.666938331975004
3.1378234000766256,45.68169473112439
3.1381130109470172,45.68169473112439
3.1383637632256463,45.69644311702417
3.1383922946092864,45.71118349619978
3.1384738394992118,45.71118349619978
3.1385705958146746,45.725915875169605
3.138653429990587,45.74064026044493
3.1386579949860973,45.75535665852997
3.138786363938147,45.770065075921906
3.13891613675102,45.770065075921906
3.139101569632472,45.78476551911087
3.1391105420149477,45.799457994579946
3.1392042423031614,45.8141425088052
3.1392660080665906,45.8141425088052
3.1401112171724015,45.8141425088052
3.1403183067054323,45.8141425088052
3.140716044417299,45.8141425088052
3.1407439726698483,45.82881906825569
3.1407943938654515,45.84348767939345
3.1409415671177325,45.858148348673524
3.1410052957295775,45.87280108254398
3.1410156158869733,45.87280108254398
3.1411469772524314,45.87280108254398
3.141357773207111,45.887445887445885
3.1415324678899297,45.887445887445885
3.1416063467737763,45.90208276981336
3.14221111504318,45.91671173607355
3.1423836842392037,45.931332792646664
3.143130169614289,45.94594594594595
3.143138367789305,45.94594594594595
3.143189373419422,45.96055120237774
3.1432268969700625,45.96055120237774
3.143472585820127,45.97514856834144
3.1438319953769565,45.98973805022955
3.144263823640972,46.00431965442765
3.1443407435544652,46.00431965442765
3.144645100431612,46.01889338731444
3.1446849457095807,46.01889338731444
3.144691619322509,46.01889338731444
3.144779521948026,46.03345925526174
3.144934224296857,46.03345925526174
3.1449462816271128,46.04801726463448
3.1450860446526563,46.062567421790725
3.1453512169430615,46.07710973308169
3.145410563366887,46.091644204851754
3.145602381223668,46.10617084343843
3.1457381970520113,46.12068965517241
3.1457556418595374,46.1352006463776
3.146007203154603,46.1352006463776
3.1461229149063943,46.14970382337103
3.146500182551718,46.16419919246299
3.146794594343564,46.178686759956946
3.146909435953385,46.19316653214958
3.1472489989736556,46.20763851533082
3.1472566300403497,46.20763851533082
3.147433963299604,46.22210271578381
3.1477372498816942,46.236559139784944
3.1481811437540763,46.25100779360387
3.148315665103543,46.25100779360387
3.148646080078602,46.25100779360387
3.14867796953754,46.26544868350349
3.1487125277477044,46.26544868350349
3.148809465884081,46.27988181573999
3.1488234884353474,46.27988181573999
3.1491669896799745,46.27988181573999
3.1497018636297685,46.27988181573999
3.149775536229162,46.27988181573999
3.150084769129748,46.29430719656283
3.1500885104458267,46.29430719656283
3.1502701734009078,46.29430719656283
3.150361969009839,46.29430719656283
3.1506503140578968,46.29430719656283
3.150729015022053,46.308724832214764
3.150840114488463,46.308724832214764
3.150847997580545,46.308724832214764
3.1515382872522095,46.308724832214764
3.151661400786362,46.323134728931834
3.152069943240196,46.323134728931834
3.15227712143104,46.33753689294339
3.1524458487164364,46.33753689294339
3.15274234090124,46.3519313304721
3.1528002151673475,46.3519313304721
3.1528840570334675,46.3519313304721
3.152993572438642,46.3519313304721
3.153038026906213,46.36631804773398
3.1531441202886668,46.36631804773398
3.1536290419676267,46.38069705093834
3.1542240926320173,46.39506834628786
3.154544881891054,46.39506834628786
3.154604498334373,46.40943193997856
3.15460980233438,46.423787838199836
3.154972763625616,46.43813604713444
3.155182112588699,46.4524765729585
3.1551894371448563,46.466809421841546
3.155213220813072,46.466809421841546
3.155225709526953,46.481134599946486
3.15535193616315,46.49545211342964
3.1553685781536958,46.49545211342964
3.1554434196508527,46.49545211342964
3.155594156182031,46.49545211342964
3.155835625172799,46.50976196844076
3.1562942944326764,46.524064171122994
3.156478904357671,46.53835872761294
3.1565077994095425,46.53835872761294
3.1565968730530676,46.552645644040616
3.156792083465111,46.56692492652952
3.1569476606349345,46.56692492652952
3.1572903167982553,46.56692492652952
3.1574510424486926,46.56692492652952
3.157494559343708,46.56692492652952
3.1578323633209773,46.58119658119658
3.157834083864208,46.58119658119658
3.1579689467275545,46.58119658119658
3.1581117353639603,46.58119658119658
3.158153439614818,46.5954606141522
3.1582710739087188,46.5954606141522
3.158324903661387,46.5954606141522
3.158352509267382,46.5954606141522
3.1585208540757232,46.5954606141522
3.1585997895003333,46.5954606141522
3.1586498195354378,46.60971703150027
3.1586545264255586,46.60971703150027
3.158755275948505,46.62396583933814
3.1589113795732344,46.62396583933814
3.158942586555431,46.638207043756665
3.1591813731824767,46.65244065084023
3.160410525112105,46.666666666666664
3.160552941754514,46.68088509730738
3.1607770568202023,46.695095948827294
3.1609905533050884,46.70929922728484
3.1616145666456936,46.72349493873202
3.1620128128468923,46.737683089214386
3.162177229333197,46.75186368477103
3.1622499231817534,46.75186368477103
3.162400974835322,46.76603673143466
3.16280369103863,46.780202235231506
3.1629306626108944,46.79436020218143
3.162941929383941,46.808510638297875
3.1631079061486393,46.822653549587876
3.163111906830762,46.836788942052095
3.163463513244505,46.836788942052095
3.1634764523159764,46.85091682168483
3.1635845787656063,46.86503719447396
3.1643035600085456,46.86503719447396
3.164461125363082,46.87915006640107
3.164494169402865,46.87915006640107
3.1645511031715157,46.89325544344132
3.1649268096395673,46.90735333156358
3.164941446655971,46.92144373673036
3.164959501234245,46.92144373673036
3.1650435397898704,46.92144373673036
3.16511182724412,46.93552666489785
3.165201622248254,46.93552666489785
3.165500123674727,46.93552666489785
3.1657881691112095,46.94960212201592
3.1658408737216788,46.96367011402811
3.165882880218904,46.96367011402811
3.166009442061076,46.96367011402811
3.1662476746209163,46.96367011402811
3.1665926818331096,46.977730646871684
3.1667627863175065,46.99178372647761
3.1669595546100435,47.005829358770534
3.1671492923894835,47.019867549668874
3.1672285942496248,47.019867549668874
3.167402645655506,47.03389830508475
3.1676495315255964,47.03389830508475
3.1679273107599797,47.04792163092401
3.1680287680877997,47.06193753308629
3.1682731003863114,47.075946017464936
3.168380317254352,47.08994708994709
3.168659603058935,47.08994708994709
3.168736225851855,47.08994708994709
3.1691621325152837,47.10394075641365
3.1695507181688103,47.117927022739295
3.170008818397196,47.13190589479249
3.170355739815883,47.13190589479249
3.1704720578787335,47.13190589479249
3.170742690711394,47.13190589479249
3.1710298599035887,47.13190589479249
3.1714232587137627,47.14587737843552
3.171462232505283,47.14587737843552
3.171647704282825,47.14587737843552
3.1718138155400655,47.14587737843552
3.171861210309415,47.15984147952444
3.172069579602515,47.15984147952444
3.172246112223309,47.173798203909136
3.1723270230878415,47.173798203909136
3.1723462357935936,47.173798203909136
3.172401715103755,47.187747557433326
3.1725063495668375,47.20168954593453
3.172629588188078,47.21562417524412
3.1727673868269863,47.21562417524412
3.172879613968053,47.229551451187334
3.1731247249196715,47.24347137958323
3.1738166207218157,47.257383966244724
3.1741041902277582,47.257383966244724
3.17416367107988,47.271289216978644
3.1742230245273086,47.28518713758566
3.17426029822729,47.299077733860344
3.1745517705300133,47.31296101159115
3.1746183413637064,47.31296101159115
3.1748749152330706,47.31296101159115
3.1749479095742936,47.31296101159115
3.1753809437700875,47.31296101159115
3.1754538731797926,47.31296101159115
3.175499135427872,47.31296101159115
3.175577930115962,47.32683697656044
3.1756190465638348,47.3407056345445
3.17568801004635,47.3407056345445
3.1757162968532175,47.3407056345445
3.1763401667032025,47.3407056345445
3.1763586400012715,47.3407056345445
3.1764150104988915,47.3407056345445
3.1764215103772186,47.354566991313504
3.1764234621830187,47.354566991313504
3.1764496422400144,47.368421052631575
3.1769056474125654,47.38226782425677
3.177267956293447,47.39610731194108
3.177491522058537,47.39610731194108
3.1776126539419014,47.39610731194108
3.177639520447489,47.39610731194108
3.177945367092392,47.39610731194108
3.17817977595442,47.40993952143045
3.178264626454079,47.423764458464774
3.1784599048119566,47.423764458464774
3.1785345131385356,47.43758212877792
3.1788151749557128,47.43758212877792
3.178897784620978,47.45139253809774
3.17900159851592,47.46519569214605
3.1795576749216052,47.46519569214605
3.179708727905633,47.47899159663865
3.179710281465475,47.47899159663865
3.179796634778275,47.47899159663865
3.179882986722223,47.492780257285375
3.179918276879851,47.506561679790025
3.180580070962485,47.520335869850435
3.1807151943563556,47.520335869850435
3.1810766019762244,47.53410283315845
3.181084100470917,47.53410283315845
3.1811485411647795,47.54786257539995
3.1812860922065287,47.56161510225485
3.1814350764411747,47.56161510225485
3.181491102383557,47.575360419397114
3.181492774452455,47.575360419397114
3.1815104267834786,47.575360419397114
3.1815162208930126,47.575360419397114
3.181598161300165,47.58909853249476
3.1816937359346746,47.60282944720985
3.181702137123076,47.61655316919853
3.182000222971742,47.61655316919853
3.1820059134604675,47.63026970411102
3.1822965684720006,47.64397905759162
3.1824174724586305,47.65768123527872
3.1831285467702854,47.65768123527872
3.1831608589100377,47.67137624280481
3.1832425651184657,47.6850640857965
3.18337307936554,47.69874476987448
3.1834361573246843,47.712418300653596
3.1835157575097983,47.712418300653596
3.1836769588234883,47.72608468374281
3.183712214122597,47.739743924745234
3.183818030589737,47.7533960292581
3.1839575998845615,47.7533960292581
3.1841713618449994,47.7533960292581
3.1846100666383124,47.767041002872816
3.1847405847415224,47.78067885117493
3.184805248144332,47.794309579744194
3.1849926876295394,47.794309579744194
3.1853266054952254,47.80793319415449
3.185557158094107,47.82154969997391
3.1856230292206558,47.835159102764734
3.185931599454318,47.835159102764734
3.185961815879361,47.84876140808344
3.186199229760317,47.84876140808344
3.186225162811462,47.862356621480714
3.1862674964603577,47.862356621480714
3.186585567703863,47.862356621480714
3.1869161468243523,47.87594474850143
3.187019818970209,47.87594474850143
3.1871442407849626,47.88952579468474
3.187657222458973,47.88952579468474
3.1877416272105203,47.90309976556395
3.187769725575077,47.91666666666667
3.1877924661257997,47.91666666666667
3.188070694618556,47.91666666666667
3.188090242466117,47.91666666666667
3.1881373635104926,47.93022650351471
3.188173252430302,47.93022650351471
3.1881898994717175,47.93022650351471
3.1883057974482023,47.93022650351471
3.188311980333637,47.93022650351471
3.1885813973219572,47.93022650351471
3.188693226555325,47.93022650351471
3.188793516577165,47.93022650351471
3.1889704270091075,47.94377928162415
3.1892048423557013,47.957325006505336
3.1892518213488437,47.957325006505336
3.1893416523920566,47.97086368366285
3.1893985217538345,47.97086368366285
3.1895322369592445,47.98439531859558
3.189616111477246,47.997919916796675
3.1897093068862854,47.997919916796675
3.1899217626315886,48.011437483753575
3.190019866134862,48.011437483753575
3.1900690588283194,48.011437483753575
3.190093704740761,48.024948024948024
3.1901061666632797,48.024948024948024
3.190290054376295,48.024948024948024
3.1908048465104035,48.024948024948024
3.19080754214372,48.024948024948024
3.1910471529943787,48.024948024948024
3.1911727480215513,48.03845154585606
3.1912043002460426,48.05194805194805
3.1912307306801564,48.06543754868865
3.191347154247277,48.07892004153687
3.191362794650607,48.07892004153687
3.1913744315166865,48.07892004153687
3.191530307858875,48.07892004153687
3.191588106313861,48.09239553594601
3.192001872592081,48.09239553594601
3.192045529552932,48.10586403736378
3.1924317596479597,48.10586403736378
3.1925673590794896,48.10586403736378
3.192632076105621,48.119325551232166
3.19286158957009,48.13278008298755
3.1929786338010855,48.146227638060665
3.192984580289348,48.15966822187662
3.1930644433966564,48.17310183985489
3.19312916258698,48.17310183985489
3.1932394280042504,48.17310183985489
3.1935192353740733,48.18652849740933
3.1937274795474697,48.1999481999482
3.193898750484204,48.1999481999482
3.1939907395225973,48.213360952874154
3.1941604028093256,48.213360952874154
3.194428687098761,48.213360952874154
3.194481677012239,48.213360952874154
3.194862792567726,48.22676676158426
3.1951697253252065,48.22676676158426
3.1955411725765215,48.22676676158426
3.1956661776890254,48.22676676158426
3.1963787039098612,48.24016563146998
3.19654965097278,48.24016563146998
3.1968935086377663,48.24016563146998
3.1972286488909725,48.253557567917206
3.1973298230488534,48.26694257630626
3.197403707714023,48.26694257630626
3.1976476124196833,48.280320662011896
3.1977119227077524,48.280320662011896
3.1978260374932828,48.293691830403304
3.1981037998790858,48.293691830403304
3.198285606256592,48.30705608684415
3.1983362425422373,48.30705608684415
3.1984923888047043,48.30705608684415
3.1985174581950613,48.320413436692505
3.1987732029974962,48.333763885300954
3.199038260520921,48.333763885300954
3.199040701897946,48.333763885300954
3.1991867128192006,48.34710743801653
3.199225730037282,48.360444100180736
3.199279655508256,48.37377387712959
3.1993458942235704,48.38709677419355
3.1994891732005417,48.40041279669763
3.199725548124286,48.40041279669763
3.1999520448872922,48.41372194996131
3.2000797404583374,48.41372194996131
3.2003630984562026,48.41372194996131
3.2004932916127564,48.4270242392986
3.2011793175741174,48.4270242392986
3.201376570739538,48.44031967001804
3.201382952281751,48.44031967001804
3.2013949427826387,48.45360824742268
3.2014737754226985,48.4668899768101
3.2014905038389205,48.4668899768101
3.201617288194273,48.48016486347244
3.2020582713941543,48.49343291269637
3.202119677994743,48.506694129763126
3.202990853769023,48.506694129763126
3.2033010118035183,48.506694129763126
3.2033791613312657,48.506694129763126
3.2035524277712146,48.51994851994852
3.2036630256626615,48.5331960885229
3.2039228018539596,48.54643684075122
3.2039431387693273,48.54643684075122
3.204277972731227,48.559670781893004
3.2043678726532026,48.57289791720237
3.2047512401283043,48.58611825192802
3.205058656124717,48.59933179131329
3.2050702106983247,48.6125385405961
3.2051549497147076,48.6125385405961
3.2053755053311477,48.62573850500899
3.20563865495924,48.62573850500899
3.2059460459266615,48.62573850500899
3.206070028761778,48.63893168977915
3.2061064099430157,48.63893168977915
3.2063469566636797,48.65211810012837
3.2063923765586226,48.6652977412731
3.206618266427134,48.6652977412731
3.2066538196203713,48.67847061842443
3.2066599054300884,48.67847061842443
3.206731794946661,48.67847061842443
3.206795566059984,48.6916367367881
3.2068732901823442,48.704796101564504
3.2068889193711625,48.704796101564504
3.207075776323817,48.704796101564504
3.20743862259985,48.717948717948715
3.2076148450599877,48.73109459113048
3.207818814254503,48.744233726294205
3.20803549743803,48.75736612861901
3.2081373455797304,48.77049180327869
3.2083087875173866,48.78361075544174
3.2083185210759417,48.79672299027138
3.208710825088766,48.80982851292552
3.2089718166768613,48.80982851292552
3.2090928207975984,48.80982851292552
3.2094186777966844,48.80982851292552
3.209787568837079,48.80982851292552
3.2097885302466014,48.80982851292552
3.2099927217254183,48.82292732855681
3.2101813720425674,48.83601944231261
3.210230032522015,48.84910485933504
3.210258720230151,48.84910485933504
3.2105808505465525,48.862183584760935
3.210591026664081,48.875255623721884
3.2108004033869935,48.888320981344236
3.2109312206743876,48.888320981344236
3.2109322138114327,48.90137966274911
3.2114682298508948,48.91443167305236
3.211885793726872,48.91443167305236
3.211917062647714,48.91443167305236
3.2120461205932056,48.91443167305236
3.212211615324219,48.92747701736466
3.2124517520228384,48.92747701736466
3.2125833697199337,48.94051570079142
3.212625125208994,48.94051570079142
3.2127839869513086,48.94051570079142
3.212809533232893,48.95354772843287
3.2128386457790827,48.96657310538403
3.212991761050149,48.97959183673469
3.213085161563174,48.9926039275695
3.213241378497649,49.005609382967876
3.2133027352057355,49.005609382967876
3.213350740791704,49.005609382967876
3.213473651608498,49.005609382967876
3.2135947270006047,49.018608208004075
3.2136208687742984,49.03160040774719
3.2136955291992533,49.044585987261144
3.213955608510836,49.05756495160469
3.213966821882366,49.07053730583142
3.2142820998124755,49.08350305498982
3.2143462585587823,49.096462204123185
3.2147145411220404,49.10941475826972
3.215757789553768,49.10941475826972
3.216051133998199,49.10941475826972
3.2161469246487604,49.122360722462474
3.2162103667910547,49.1353001017294
3.2170323429665992,49.148232901093316
3.2172098836790703,49.161159125571935
3.2172776619582844,49.174078780177894
3.21731733546148,49.1869918699187
3.2173387611845476,49.1998983997968
3.217380438904043,49.1998983997968
3.2176826575934316,49.212798374809545
3.2177960490480246,49.22569179994923
3.218155659688104,49.23857868020304
3.218209990953602,49.251459020553156
3.218638152389314,49.251459020553156
3.218779345356731,49.251459020553156
3.2188890172517293,49.26433282597666
3.2190460811038117,49.26433282597666
3.21922743263351,49.26433282597666
3.2192943319925877,49.26433282597666
3.219301027516417,49.2772001014456
3.219666341724725,49.2772001014456
3.2196685881086995,49.2772001014456
3.2204563453987456,49.2772001014456
3.22053263242751,49.290060851926974
3.2205868182905397,49.290060851926974
3.220751243881517,49.30291508238277
3.2209331719245657,49.30291508238277
3.2210246186328484,49.30291508238277
3.221034667397796,49.30291508238277
3.2211044484362215,49.30291508238277
3.2212179769035423,49.30291508238277
3.2216745048831,49.30291508238277
3.2216762805702768,49.30291508238277
3.221819582457962,49.30291508238277
3.222095420559939,49.31576279776989
3.2221951097771724,49.32860400304028
3.222217846272527,49.32860400304028
3.2226306980098007,49.32860400304028
3.222656926525927,49.32860400304028
3.222826527480699,49.32860400304028
3.2228330059267267,49.34143870314083
3.222931177019827,49.354266903013425
3.223055613584249,49.354266903013425
3.223140760821927,49.36708860759494
3.223290917863399,49.37990382181726
3.223442190160995,49.37990382181726
3.223992523411775,49.37990382181726
3.2241393576508828,49.37990382181726
3.224308030663971,49.392712550607285
3.224389651741401,49.392712550607285
3.2244560409003404,49.40551479888693
3.2245056883627643,49.418310571573095
3.2247835044014237,49.43109987357775
3.2252176581909118,49.43109987357775
3.225377352828515,49.43109987357775
3.2254284997651372,49.44388270980789
3.225661879884782,49.44388270980789
3.2260799846932096,49.456659085165526
3.226080228328642,49.46942900454775
3.226285037488978,49.46942900454775
3.2266620698518866,49.482192472846684
3.2269641676333483,49.494949494949495
3.2271039013374647,49.50770007573845
3.2271871004600725,49.50770007573845
3.2272146007542717,49.50770007573845
3.2274329446910044,49.50770007573845
3.2277243984367217,49.520444220090866
3.2278034528001904,49.520444220090866
3.2278052849491985,49.53318193287913
3.227848825851128,49.53318193287913
3.2279298994289927,49.53318193287913
3.227987826746428,49.53318193287913
3.228188553923306,49.54591321897074
3.228471954482997,49.558638083228246
3.2284988113825,49.571356530509334
3.2287345205369005,49.58406856566675
3.228962674868619,49.596774193548384
3.22914380080345,49.60947341899723
3.2294226366978824,49.622166246851386
3.2297548915463645,49.622166246851386
3.2297964637134102,49.622166246851386
3.230483142617639,49.622166246851386
3.230656449997209,49.634852681944096
3.2307234076981115,49.64753272910373
3.230926681270777,49.660206393153786
3.231027285780257,49.672873678912936
3.2310471651908843,49.685534591194966
3.2310985482997454,49.69818913480885
3.2311233360660525,49.69818913480885
3.231304218040269,49.71083731455872
3.231424882303907,49.72347913524384
3.2318726274443987,49.72347913524384
3.2319683178927603,49.72347913524384
3.232342900802746,49.72347913524384
3.232438009439716,49.73611460165871
3.2324386478904334,49.74874371859296
3.2324473962525193,49.76136649083145
3.232491303445186,49.77398292315419
3.232555199927308,49.786593020336426
3.2326406783676775,49.79919678714859
3.2326793085439567,49.79919678714859
3.2327931701822292,49.81179422835634
3.232840994399943,49.824385348720526
3.2330148270346415,49.824385348720526
3.233025100977362,49.824385348720526
3.233052346762376,49.83697015299724
3.233195724040598,49.849548645937816
3.233237592158663,49.849548645937816
3.233290591243207,49.849548645937816
3.2333680498467787,49.862120832288795
3.2334873248096456,49.87468671679198
3.233516064765264,49.887246304184416
3.2336224206286324,49.899799599198396
3.233714021660938,49.899799599198396
3.233732629631679,49.91234660656148
3.2337345702503093,49.92488733099649
3.2337638355726597,49.92488733099649
3.2339555680576866,49.93742177722152
3.2339831210648495,49.94994994994995
3.234115242196128,49.96247185389041
3.2341490900980783,49.97498749374687
3.234412407518039,49.97498749374687
3.234808566651097,49.97498749374687
3.2349675283748214,49.98749687421856
3.234987475440721,50.0
3.235069220694889,50.01249687578105
3.2354227376591727,50.01249687578105
3.235932989276393,50.02498750624687
3.2360311825016543,50.02498750624687
3.2362937033231085,50.037471896077946
3.2363599741381637,50.049950049950056
3.2366364049226335,50.06242197253433
3.236773828558556,50.07488766849726
3.2368883874840306,50.07488766849726
3.236948857161802,50.07488766849726
3.2370691396339635,50.087347142500626
3.2370894573332176,50.0998003992016
3.2371214553251932,50.0998003992016
3.237316293517361,50.11224744325268
3.2373477271271685,50.11224744325268
3.2373942583278725,50.11224744325268
3.2374655047813263,50.11224744325268
3.2374878565794396,50.11224744325268
3.2374931771441853,50.12468827930174
3.23760936496816,50.13712291199203
3.237808327298634,50.13712291199203
3.2379222167363415,50.13712291199203
3.2381991071816882,50.13712291199203
3.238266766117301,50.14955134596212
3.238334605511322,50.161973585846
3.238629123619872,50.161973585846
3.238637001556795,50.17438963627304
3.2396650076590334,50.186799501867995
3.2398174009692555,50.199203187250994
3.2398468070769293,50.199203187250994
3.2398846042049847,50.211600697037596
3.240188421655753,50.22399203583873
3.240200702770535,50.23637720826076
3.2402716134776512,50.24875621890548
3.240299952412874,50.24875621890548
3.2404164407868614,50.26112907237006
3.2404347081089324,50.26112907237006
3.2405124957420877,50.27349577324715
3.2406352084379635,50.28585632612478
3.2406675413916317,50.29821073558648
3.2409008354400606,50.31055900621118
3.241014623301191,50.31055900621118
3.241189221381109,50.32290114257327
3.241338795504949,50.32290114257327
3.2414283061950977,50.32290114257327
3.2417579110049988,50.335237149242616
3.24192221362051,50.335237149242616
3.2421516625271254,50.335237149242616
3.2422247597070553,50.335237149242616
3.24243338170285,50.34756703078451
3.242539521252349,50.359890791759746
3.242603044322028,50.37220843672456
3.242655109814319,50.38451997023071
3.2426896418526954,50.38451997023071
3.242728281267424,50.38451997023071
3.2427326425794294,50.39682539682539
3.2427342787288884,50.39682539682539
3.242746114398201,50.39682539682539
3.242868439413424,50.39682539682539
3.243195009378959,50.39682539682539
3.243301217404361,50.39682539682539
3.243420292378569,50.39682539682539
3.2437876373927845,50.39682539682539
3.243963808436915,50.40912472105133
3.2441288252017717,50.40912472105133
3.2443952063758474,50.4214179474467
3.2445394142167014,50.4214179474467
3.2445707433056077,50.4214179474467
3.2445813452458387,50.4214179474467
3.2445944851686805,50.4214179474467
3.244616253109302,50.43370508054523
3.2447005757984484,50.43370508054523
3.2449810092858566,50.43370508054523
3.2451239987302007,50.44598612487612
3.245402343539745,50.458261084964086
3.245593954582051,50.47052996532937
3.2457026169602927,50.47052996532937
3.245729918902353,50.47052996532937
3.24580538847116,50.47052996532937
3.245986481699512,50.47052996532937
3.246087048963566,50.47052996532937
3.2462635591684084,50.47052996532937
3.2466335005158533,50.48279277048775
3.246754294892525,50.48279277048775
3.2469647073607013,50.48279277048775
3.247028196097399,50.495049504950494
3.247154178888803,50.495049504950494
3.2472805831914946,50.50730017322444
3.2473433119360617,50.51954477981197
3.2474609948932427,50.53178332921098
3.2474829710308257,50.53178332921098
3.2475247493763844,50.54401582591493
3.247553598766726,50.55624227441285
3.247577519592758,50.56846267918932
3.2476055105384876,50.58067704472449
3.2477264033148177,50.58067704472449
3.247950576213868,50.59288537549407
3.248123590562332,50.59288537549407
3.2483244241577673,50.60508767596937
3.2483384529352644,50.617283950617285
3.2483820776128742,50.62947420390027
3.248475826670234,50.62947420390027
3.248529911052811,50.62947420390027
3.248683527477897,50.62947420390027
3.248941360052321,50.6416584402764
3.2490054393624215,50.65383666419936
3.2493079310268658,50.6660088801184
3.249315621353746,50.6660088801184
3.249503031152032,50.67817509247842
3.249540798140405,50.69033530571993
3.249703684812897,50.69033530571993
3.2498292529957973,50.69033530571993
3.250068810273533,50.69033530571993
3.250268978682539,50.702489524279024
3.250345617524982,50.71463775258748
3.250465575926127,50.72677999507268
3.250575418270478,50.72677999507268
3.250610917689593,50.73891625615764
3.2506413021228244,50.75104654026102
3.2507370361664707,50.75104654026102
3.2507696718626033,50.76317085179715
3.250772717557818,50.76317085179715
3.250795033036731,50.77528919517598
3.2508718269365104,50.78740157480315
3.2509468208954413,50.78740157480315
3.251011832132914,50.79950799507995
3.251185707997918,50.81160846040335
3.2512283240327,50.81160846040335
3.251236498071096,50.82370297516597
3.251252603911876,50.82370297516597
3.2516637245652356,50.835791543756145
3.251685150566881,50.84787417055787
3.2518258584991817,50.84787417055787
3.2518493191901148,50.859950859950864
3.2521633928622986,50.87202161631049
3.2524300709666925,50.884086444007856
3.252488217383927,50.884086444007856
3.252575950110957,50.89614534740977
3.2525784077658777,50.90819833087874
3.252693523767165,50.90819833087874
3.2529306949681507,50.920245398773
3.2531572767279795,50.920245398773
3.2535906307539233,50.93228655544652
3.253639536952472,50.94432180524896
3.253653715364382,50.95635115252575
3.2536843535371545,50.95635115252575
3.253967577775319,50.96837460161804
3.25400897130745,50.96837460161804
3.2542350186653253,50.98039215686274
3.2546202021777706,50.9924038225925
3.254625324854695,51.00440960313571
3.2549815102878776,51.01640950281655
3.2555110706820813,51.02840352595494
3.2555457499976987,51.02840352595494
3.255633183319116,51.02840352595494
3.2556719414660718,51.02840352595494
3.25570232324972,51.040391676866584
3.255871687526899,51.040391676866584
3.2560149030264465,51.040391676866584
3.256083459929697,51.040391676866584
3.256206108796808,51.040391676866584
3.2564558360210825,51.040391676866584
3.256588054678658,51.05237395986295
3.2567790401594716,51.06435037925129
3.2567936351748514,51.07632093933464
3.2571405076811115,51.07632093933464
3.2571560024724984,51.07632093933464
3.2572087319655036,51.07632093933464
3.2574126486223287,51.07632093933464
3.2574670230006295,51.08828564441183
3.257511402580933,51.08828564441183
3.257586835140332,51.08828564441183
3.2578862847061556,51.1002444987775
3.2580727779261363,51.1002444987775
3.258126381562739,51.11219750672207
3.258295867893198,51.12414467253177
3.25837185262659,51.12414467253177
3.258460508407512,51.12414467253177
3.258514981549652,51.12414467253177
3.2585403622179996,51.13608600048863
3.2586365351724376,51.13608600048863
3.2589258059478983,51.14802149487054
3.259205624704604,51.14802149487054
3.259269023027376,51.14802149487054
3.2592984103290985,51.14802149487054
3.259485813328012,51.14802149487054
3.2595549083219497,51.159951159951156
3.259572564848373,51.171875
3.2597829949119204,51.171875
3.2600786669802373,51.171875
3.260080451919377,51.1837930192824
3.260359522730803,51.1837930192824
3.2603769374549523,51.1837930192824
3.260417011995823,51.1837930192824
3.260468262921939,51.1837930192824
3.2607498337436116,51.19570522205954
3.2612237122642953,51.20761161258843
3.261248664540823,51.21951219512195
3.261393898426112,51.2314069739088
3.261881127102247,51.24329595319357
3.2620409895570983,51.24329595319357
3.2622012371963587,51.255179137216665
3.2626780503091375,51.267056530214425
3.262748227976659,51.267056530214425
3.262848574370248,51.278928136419
3.2628891527310424,51.29079396005846
3.263231866694489,51.29079396005846
3.2635132503841655,51.30265400535671
3.2636061454109786,51.30265400535671
3.263643536386892,51.31450827653359
3.263652517296312,51.32635677780482
3.2639041799601456,51.338199513382
3.2640366659460645,51.338199513382
3.2643735143767674,51.350036487472636
3.2644799424382867,51.350036487472636
3.264511644240501,51.36186770428015
3.2645814394820523,51.36186770428015
3.265059899461312,51.37369316800389
3.2652137198514755,51.38551288283909
3.2653187849457095,51.38551288283909
3.2654076254522275,51.38551288283909
3.2654284522008745,51.38551288283909
3.2655575283626654,51.38551288283909
3.2656162431134046,51.39732685297691
3.265794999877467,51.40913508260447
3.265886139872553,51.42093757590479
3.2659827627402516,51.42093757590479
3.2659917094128708,51.43273433705683
3.266538077081595,51.444525370235496
3.266952255419557,51.45631067961165
3.2672024955489034,51.468090269352096
3.2673708241151043,51.468090269352096
3.2674546762514134,51.468090269352096
3.2675069450827756,51.468090269352096
3.26756817654378,51.468090269352096
3.267689392099464,51.4798641436196
3.26774939365634,51.49163230657289
3.267785923674775,51.50339476236664
3.2678959719054825,51.50339476236664
3.2683209123492993,51.50339476236664
3.2684116752510843,51.50339476236664
3.268489438017576,51.50339476236664
3.2685517631760157,51.50339476236664
3.268587450166144,51.50339476236664
3.2686455005603294,51.515151515151516
3.268757070272144,51.52690256907416
3.2689763346254064,51.5386479282772
3.269291185197479,51.5386479282772
3.2695399961635734,51.55038759689923
3.2696253254578873,51.55038759689923
3.2698476607585687,51.55038759689923
3.2705937450613947,51.55038759689923
3.270697162678002,51.55038759689923
3.2708195190574134,51.55038759689923
3.2708539691759535,51.56212157907484
3.2709784862493696,51.56212157907484
3.2711658945522966,51.57384987893463
3.271297689425574,51.58557250060518
3.271359077176825,51.58557250060518
3.271800004610106,51.597289448209104
3.2718287237668946,51.597289448209104
3.2718659954973544,51.60900072586499
3.27190078003248,51.60900072586499
3.2720402398409343,51.60900072586499
3.2720477463698816,51.60900072586499
3.2720540569040253,51.60900072586499
3.272057257463521,51.62070633768747
3.272090671447491,51.63240628778718
3.2721638255108747,51.63240628778718
3.272310343224188,51.64410058027079
3.2724894068471424,51.64410058027079
3.2726760748317285,51.64410058027079
3.27277809152208,51.64410058027079
3.2728435300501424,51.655789219241
3.27307273212111,51.655789219241
3.273273454451622,51.66747220879652
3.2732886252928415,51.67914955303213
3.2733593839432324,51.67914955303213
3.2735827084212734,51.67914955303213
3.2736471862563654,51.67914955303213
3.2739080353956442,51.67914955303213
3.2739459240612567,51.690821256038646
3.273986852523771,51.690821256038646
3.2741211123193636,51.690821256038646
3.274173559103891,51.70248732190292
3.2744798878608816,51.714147754707874
3.274632125262589,51.725802558532465
3.2751727540739894,51.737451737451735
3.2757032315228276,51.7490952955368
3.2757773169546405,51.7607332368548
3.2759174315557575,51.7607332368548
3.276057829949323,51.772365565469016
3.2763030861196163,51.783992285438764
3.276308083216327,51.79561340081948
3.2765358857272444,51.79561340081948
3.276590400533098,51.80722891566265
3.2767365650126514,51.8188388340159
3.2768922762560395,51.83044315992292
3.276896890932974,51.84204189742355
3.2769187641419504,51.853635050553684
3.2774359487398077,51.853635050553684
3.2777574083412726,51.86522262334536
3.2778420874173886,51.86522262334536
3.278258603256563,51.87680461982676
3.2782607123689904,51.88838104402214
3.278645815804492,51.8999518999519
3.2787055873394046,51.911517191632605
3.2792915531922597,51.92307692307693
3.2801162567819664,51.93463109829368
3.2801937081950845,51.94617972128784
3.280376846510282,51.94617972128784
3.280636684107556,51.95772279606054
3.2808455597638924,51.95772279606054
3.280904632139955,51.95772279606054
3.2809528694936048,51.95772279606054
3.2812802143914084,51.95772279606054
3.2814270400503087,51.96926032660903
3.2815085028256967,51.980792316926774
3.28181627180189,51.980792316926774
3.2818737592164937,51.980792316926774
3.2820016377044645,51.99231877100337
3.2824373192092327,52.00383969282457
3.282507338866185,52.00383969282457
3.2826467046412326,52.01535508637236
3.2830805499366065,52.02686495562485
3.283493118954852,52.02686495562485
3.2836345547008197,52.038369304556355
3.2838032181343073,52.038369304556355
3.284122226250162,52.04986813713738
3.2843901451634117,52.04986813713738
3.2844969217569084,52.04986813713738
3.2847424686850744,52.04986813713738
3.2847747287968025,52.06136145733461
3.284830077372869,52.072849269110954
3.2848388436470586,52.08433157642549
3.2850008954908136,52.08433157642549
3.2855588208330255,52.09580838323353
3.285899494648074,52.10727969348659
3.2861698947523603,52.11874551113239
3.2862352683136637,52.13020584011488
3.2863128989356167,52.141660684374244
3.2863303796613463,52.141660684374244
3.2864003053444963,52.15311004784689
3.286745131300413,52.16455393446544
3.286910141120217,52.16455393446544
3.2869499057363694,52.17599234815877
3.2871011534795853,52.18742529285202
3.2871925223793657,52.198852772466545
3.28754055279551,52.198852772466545
3.2878106491812664,52.198852772466545
3.2880300848320037,52.210274790919954
3.288159443899597,52.22169135212613
3.2883973097275168,52.22169135212613
3.288689415170569,52.22169135212613
3.2887762828474,52.22169135212613
3.2889027495463132,52.23310245999523
3.2890003879580916,52.24450811843362
3.289014666745126,52.24450811843362
3.289026948810579,52.25590833134399
3.28903975574705,52.2673031026253
3.2895058145812537,52.2673031026253
3.2896437954878355,52.2673031026253
3.2898144541757928,52.27869243617275
3.289841106248941,52.27869243617275
3.289877818659361,52.29007633587786
3.2899562544894057,52.29007633587786
3.290241419538812,52.30145480562843
3.290407873579025,52.31282784930854
3.2904903645563617,52.31282784930854
3.290515225783767,52.32419547079857
3.290763338947145,52.32419547079857
3.2911656872120076,52.32419547079857
3.291313695015501,52.32419547079857
3.291487378241428,52.33555767397522
3.291528388517441,52.34691446271146
3.29161532472914,52.358265840876605
3.292085982345099,52.36961181233627
3.2921493242749635,52.38095238095239
3.293037417958332,52.38095238095239
3.293219579451342,52.38095238095239
3.293253599281268,52.39228755058319
3.2937187916437254,52.39228755058319
3.2937263751250394,52.39228755058319
3.294053586297292,52.39228755058319
3.294164437417671,52.39228755058319
3.2942449154208875,52.39228755058319
3.294459835089264,52.39228755058319
3.2944606043357676,52.403617325083296
3.294535958969747,52.403617325083296
3.2947325316634317,52.414941708303594
3.2951742811524367,52.414941708303594
3.2952338386492346,52.414941708303594
3.2952622812022345,52.42626070409134
3.2952917523615697,52.437574316290124
3.295445732789836,52.437574316290124
3.295608862569392,52.448882548739896
3.2956088683869273,52.46018540527692
3.2956421119266732,52.47148288973384
3.29567934891611,52.47148288973384
3.2957910907495185,52.47148288973384
3.2958929254292104,52.47148288973384
3.2958936243308727,52.48277500593965
3.295901343726271,52.49406175771971
3.2959450284682927,52.49406175771971
3.2960307591797666,52.50534314889575
3.296224996019628,52.50534314889575
3.2963141511063365,52.516619183285854
3.2968374526817206,52.52788986470449
3.2968610353498478,52.539155196962504
3.2970881924461475,52.539155196962504
3.2970918722769533,52.539155196962504
3.2971037998636086,52.55041518386714
3.29723176185009,52.55041518386714
3.297958988076621,52.56166982922201
3.2979904688930493,52.572919136827124
3.298155173661126,52.572919136827124
3.298354964997583,52.572919136827124
3.29843607644845,52.572919136827124
3.2985144726697464,52.572919136827124
3.2985281471213446,52.572919136827124
3.2986164384878793,52.572919136827124
3.2989155941578603,52.572919136827124
3.299097919547602,52.572919136827124
3.2991069537372963,52.572919136827124
3.299162039204484,52.572919136827124
3.29919529083153,52.5841631104789
3.2993115548668195,52.59540175397014
3.2993521339536764,52.59540175397014
3.2996469588570196,52.60663507109005
3.299746135780276,52.61786306562426
3.2999196467885263,52.61786306562426
3.300145976905792,52.62908574135481
3.300369352110012,52.64030310206015
3.3004956178740827,52.64030310206015
3.3006236396712643,52.64030310206015
3.3006513697717157,52.64030310206015
3.3011585825417797,52.65151515151515
3.301181270816485,52.662721893491124
3.301432174357457,52.662721893491124
3.301778158883957,52.6739233317558
3.3017895740436436,52.6739233317558
3.3018567995067203,52.6739233317558
3.3020354311822464,52.6739233317558
3.30215342254469,52.68511947007334
3.3022599949331592,52.69631031220435
3.3023407297224994,52.70749586190588
3.302709438760733,52.71867612293144
3.302724552534595,52.71867612293144
3.3029483452191544,52.72985109903097
3.303035600878009,52.74102079395085
3.303038208619998,52.75218521143397
3.303396261853413,52.76334435521966
3.3034991792093753,52.77449822904369
3.3035901018149962,52.77449822904369
3.303676405580576,52.77449822904369
3.3037555298137256,52.77449822904369
3.30387451853993,52.77449822904369
3.304063792690715,52.77449822904369
3.304298144015238,52.785646836638335
3.304675509765788,52.785646836638335
3.3048985260744175,52.796790181732355
3.3052510336066185,52.796790181732355
3.3053687121417212,52.796790181732355
3.3059139061104945,52.807928268050965
3.3059584429131936,52.807928268050965
3.3065152241324314,52.807928268050965
3.306516812689302,52.807928268050965
3.3065985382704772,52.81906109931588
3.3066462757172865,52.83018867924528
3.306906936000341,52.83018867924528
3.3071669441934364,52.841311011553884
3.3071815225190377,52.85242809995285
3.307233940687235,52.85242809995285
3.3072997881892805,52.86353994814989
3.308583123638228,52.874646559849204
3.3090040985520743,52.874646559849204
3.309048375961224,52.88574793875147
3.309138444523086,52.88574793875147
3.309263848817321,52.88574793875147
3.309305741646343,52.88574793875147
3.3094474579284547,52.88574793875147
3.309493922312844,52.88574793875147
3.3095378482638553,52.89684408855393
3.3097315871570863,52.90793501295031
3.310110634918152,52.90793501295031
3.310140635256783,52.90793501295031
3.3103759356719267,52.90793501295031
3.310761949303427,52.91902071563088
3.3108996185912556,52.93010120028242
3.311000177918314,52.94117647058824
3.311046976743674,52.94117647058824
3.3112404962886743,52.94117647058824
3.3113705956742576,52.95224653022819
3.3116034122060256,52.95224653022819
3.3117667619614437,52.95224653022819
3.312057309009111,52.95224653022819
3.312634709784225,52.96331138287864
3.3127102671861643,52.97437103221255
3.3128425156298373,52.985425481899384
3.312994831850307,52.99647473560517
3.3130972178387275,53.00751879699248
3.3132317675780665,53.00751879699248
3.3132399533360153,53.01855766972046
3.3133596277158284,53.02959135744481
3.3133599448681132,53.040619863817795
3.3135145815093656,53.040619863817795
3.3143579598089485,53.051643192488264
3.3146085523633055,53.06266134710162
3.314872382372578,53.073674331299856
3.315075251203098,53.08468214872156
3.3150993046124526,53.08468214872156
3.315848540494373,53.08468214872156
3.316052154960461,53.08468214872156
3.316252204680553,53.09568480300187
3.3163356789541782,53.106682297772565
3.3163673894467056,53.106682297772565
3.3167071053503103,53.11767463666198
3.3167438412201835,53.11767463666198
3.3169264649468326,53.11767463666198
3.3170754726862652,53.128661823295054
3.31709426142974,53.128661823295054
3.3175968723205638,53.128661823295054
3.3177767404341307,53.13964386129335
3.3178801128771664,53.13964386129335
3.317916113355753,53.13964386129335
3.3180323285144793,53.150620754275
3.318188207807714,53.150620754275
3.318227466813254,53.150620754275
3.3182386504167463,53.161592505854806
3.3182830172852285,53.161592505854806
3.31841507054899,53.161592505854806
3.3184487742125928,53.17255911964411
3.3186016455756384,53.18352059925093
3.3188181821164155,53.1944769482799
3.319077858031668,53.20542817033223
3.319130950632304,53.216374269005854
3.319146841763304,53.22731524789523
3.3195577631683344,53.22731524789523
3.319673409886067,53.23825111059154
3.3202455415902077,53.24918186068256
3.3202648810453934,53.26010750175275
3.3211023984459964,53.26010750175275
3.3211681830418285,53.271028037383175
3.3213076030217343,53.28194347115161
3.3219983133715902,53.292853806632415
3.3231122618183577,53.30375904739668
3.323303732710785,53.31465919701214
3.3242187761332747,53.32555425904317
3.3243516228186163,53.32555425904317
3.324535592707476,53.33644423705086
3.324740581958874,53.33644423705086
3.324876661610273,53.33644423705086
3.3251772997965654,53.34732913459296
3.3253632067591585,53.35820895522389
3.325411693403117,53.35820895522389
3.3255331902127523,53.369083702494756
3.3255514769357153,53.369083702494756
3.325701647891268,53.379953379953385
3.3258524559922455,53.39081799114426
3.3268545881293736,53.39081799114426
3.326970844760591,53.40167753960857
3.3273378306781938,53.41253202888423
3.327379280886038,53.42338146250582
3.327403851558189,53.42338146250582
3.327703876441408,53.43422584400466
3.3277065778638546,53.445065176908756
3.327773385675329,53.45589946474284
3.328044093954878,53.46672871102839
3.3281608631776853,53.46672871102839
3.3282320350542993,53.46672871102839
3.3283534127673553,53.47755291928355
3.328636356663664,53.48837209302325
3.3286898066134007,53.49918623575912
3.3289151123398195,53.50999535099954
3.329233481407577,53.52079944224959
3.3292633304895483,53.53159851301115
3.3293160939298603,53.53159851301115
3.329435226691003,53.53159851301115
3.329603866670489,53.53159851301115
3.3297485221359273,53.53159851301115
3.329809784877114,53.53159851301115
3.3298301868462596,53.53159851301115
3.3300115211919254,53.542392566782816
3.330037789966383,53.542392566782816
3.3300505437690653,53.55318160705992
3.330254916163021,53.563965637334576
3.330457636495073,53.57474466109564
3.3306223646982627,53.57474466109564
3.3309190857224884,53.585518681828724
3.331821149643852,53.596287703016245
3.331955761216175,53.60705172813732
3.3321764664029705,53.60705172813732
3.3323767444901002,53.60705172813732
3.3325093714956475,53.61781076066791
3.332541088083992,53.62856480408069
3.332609425023191,53.62856480408069
3.3328594746817943,53.62856480408069
3.33310009604614,53.63931386184515
3.333142639789939,53.63931386184515
3.3331874444039014,53.650057937427576
3.333284968839801,53.66079703429101
3.333361991223545,53.66079703429101
3.3335553830095526,53.66079703429101
3.3338273781060295,53.6715311558953
3.3338918644538365,53.682260305697085
3.3339751977931344,53.69298448714981
3.3345403442093193,53.69298448714981
3.334576886957235,53.69298448714981
3.334661559343415,53.70370370370371
3.3352114566794633,53.70370370370371
3.3352924255172383,53.714417958805825
3.3353820432548305,53.72512725590005
3.3354000245937443,53.72512725590005
3.335502073293701,53.72512725590005
3.3355044397028064,53.73583159842702
3.335643469482327,53.73583159842702
3.3361687001011986,53.74653098982424
3.3362047303056457,53.75722543352601
3.3363277688180126,53.76791493296348
3.3364203780079262,53.77859949156459
3.3368852024315103,53.789279112754166
3.336898672167849,53.799953799953805
3.3369930117435462,53.799953799953805
3.337450560878418,53.81062355658198
3.3376811689036896,53.821288386054036
3.337711475996597,53.83194829178208
3.3377204566373058,53.84260327717517
3.3378346057085677,53.85325334563913
3.3380051230764565,53.85325334563913
3.338304807202773,53.85325334563913
3.338425603402338,53.85325334563913
3.3384702416871463,53.85325334563913
3.3386210422300464,53.8638985005767
3.3387124207241263,53.8638985005767
3.338740132788527,53.8638985005767
3.3387644935611664,53.8638985005767
3.3388766669771806,53.8638985005767
3.339289042584273,53.874538745387454
3.339324943840621,53.874538745387454
3.3395550696482594,53.88517408346784
3.339753722592619,53.88517408346784
3.340012239667796,53.89580451821116
3.3401385231273997,53.89580451821116
3.340323115705236,53.89580451821116
3.340615880482023,53.906430053007604
3.340796381817994,53.91705069124424
3.3408008697853946,53.91705069124424
3.341105197597904,53.927666436305
3.3412490349166486,53.927666436305
3.341620182938672,53.927666436305
3.341718250565312,53.9382772915707
3.3418484655185243,53.9382772915707
3.3419619421027273,53.948883260419066
3.3419890148114106,53.95948434622467
3.3420985296621337,53.95948434622467
3.3423987487197317,53.970080552359036
3.3424962137872685,53.98067188219052
3.342695279300741,53.991258339084425
3.3427029829787456,53.991258339084425
3.3430578054830495,53.991258339084425
3.3431099194707268,54.00183992640294
3.3431596841285427,54.01241664750517
3.3433475589829484,54.02298850574713
3.343386643866233,54.02298850574713
3.343410068598128,54.033555504481726
3.343489513194899,54.033555504481726
3.343528619515992,54.033555504481726
3.3435621444621986,54.04411764705882
3.3436135900240522,54.05467493682517
3.3438733092122783,54.05467493682517
3.3438878785360675,54.05467493682517
3.3439956026833486,54.05467493682517
3.344173665962183,54.05467493682517
3.344224935655696,54.05467493682517
3.3442879482606247,54.05467493682517
3.344615409673785,54.06522737712448
3.344643575989726,54.06522737712448
3.344690290020348,54.06522737712448
3.3449759010521563,54.07577497129736
3.345036888508998,54.07577497129736
3.3450589745003176,54.07577497129736
3.345157980085599,54.08631772268136
3.3454006584771356,54.096855634610975
3.3456294780186777,54.096855634610975
3.3456348005289827,54.107388710417624
3.3456763121370425,54.11791695342969
3.345717436191815,54.12844036697248
3.3458426423208794,54.12844036697248
3.3464601718241545,54.12844036697248
3.346545004378977,54.13895895436826
3.346852865645324,54.149472718936266
3.3469092399405165,54.149472718936266
3.3470052193017112,54.149472718936266
3.3470303857256978,54.15998166399266
3.3471036287811327,54.15998166399266
3.3471770223075326,54.15998166399266
3.3473506209823345,54.15998166399266
3.347488616314858,54.15998166399266
3.3475650253774782,54.1704857928506
3.3477372693170344,54.1704857928506
3.3480572201145664,54.1704857928506
3.3481588326073446,54.1704857928506
3.34836191138389,54.1704857928506
3.348369453579042,54.18098510882016
3.348401625787116,54.19147961520843
3.3484979907231893,54.201969315319445
3.3485634342144497,54.201969315319445
3.348790504821817,54.21245421245421
3.348824250100113,54.21245421245421
3.34887302310205,54.21245421245421
3.34904615713931,54.21245421245421
3.3491287553471474,54.222934309910734
3.349224099834462,54.23340961098398
3.349297489429043,54.24388011896591
3.349516706998723,54.254345837145465
3.3495649846616935,54.26480676880859
3.3495770004708048,54.27526291723822
3.3496691099891165,54.285714285714285
3.3498246629072623,54.296160877513714
3.349837612788597,54.296160877513714
3.349838872777209,54.296160877513714
3.3499451450809783,54.30660269591044
3.3500163607741635,54.30660269591044
3.3500243047200793,54.317039744175425
3.3505298949429037,54.317039744175425
3.350696121377421,54.317039744175425
3.3507699997349314,54.32747202557662
3.3508323904332533,54.337899543378995
3.3509173378821226,54.337899543378995
3.3512134941932867,54.337899543378995
3.3512315023828356,54.34832230084455
3.351555307893101,54.34832230084455
3.3515945880630933,54.34832230084455
3.3517501658735376,54.35874030123231
3.351822536473403,54.35874030123231
3.352039532734157,54.35874030123231
3.352048678581873,54.35874030123231
3.352431527699847,54.36915354779831
3.3525697295150074,54.36915354779831
3.3527660332992606,54.36915354779831
3.3529580186762296,54.36915354779831
3.3530361403626503,54.379562043795616
3.353194484837336,54.38996579247435
3.3534473136785117,54.38996579247435
3.3536184405738956,54.40036479708162
3.35372712632072,54.410759060861636
3.3538211635944224,54.410759060861636
3.3538243327916515,54.410759060861636
3.3540932255293985,54.4211485870556
3.35412222605086,54.4211485870556
3.3541672729149403,54.4211485870556
3.354387142623729,54.4315333789018
3.354474993361791,54.441913439635535
3.354518910429354,54.441913439635535
3.354724568205992,54.441913439635535
3.354742639205018,54.441913439635535
3.355067884309335,54.452288772489176
3.3552383351454096,54.452288772489176
3.3553621884484293,54.462659380692166
3.3554284984977447,54.47302526747097
3.355745901852444,54.47302526747097
3.3557488781979408,54.48338643604915
3.355885666469627,54.49374288964732
3.355925124094218,54.49374288964732
3.356026454891854,54.49374288964732
3.356267446539782,54.50409463148317
3.356287726974934,54.51444166477144
3.3563119841140328,54.52478399272397
3.3563619848927746,54.52478399272397
3.356419649510481,54.535121618549674
3.356895332201176,54.54545454545454
3.3569513484774762,54.55578277664167
3.357095322707602,54.55578277664167
3.357218806562702,54.566106315311224
3.3573301775037034,54.566106315311224
3.3574386486160974,54.576425164660456
3.3577072058545734,54.586739327883734
3.3579462387461834,54.586739327883734
3.358168098399476,54.586739327883734
3.358213914546885,54.59704880817253
3.35837252348552,54.59704880817253
3.358443484477043,54.60735360871539
3.3588628741176696,54.61765373269798
3.3593712402965026,54.62794918330308
3.3594205313346093,54.63823996371059
3.3594646878096808,54.63823996371059
3.3595470807358656,54.6485260770975
3.3595651749421913,54.65880752663795
3.359585282243554,54.66908431550317
3.3596555313058882,54.66908431550317
3.3599690116601497,54.67935644686155
3.3600534484245697,54.67935644686155
3.360121573019515,54.68962392387857
3.360156546336267,54.699886749716875
3.360157006858894,54.699886749716875
3.360213140443378,54.710144927536234
3.360217066321387,54.72039846049355
3.360449995984177,54.72039846049355
3.360638612717004,54.72039846049355
3.3606901105534024,54.72039846049355
3.360834812704586,54.72039846049355
3.3609120877918244,54.72039846049355
3.3609730363897445,54.72039846049355
3.3614033149944023,54.72039846049355
3.3618814220926585,54.72039846049355
3.362144908022118,54.73064735174287
3.3625119504818284,54.74089160443539
3.3625514056571246,54.74089160443539
3.362586629766175,54.75113122171946
3.3629875186585054,54.75113122171946
3.3630514078043974,54.75113122171946
3.363195063375406,54.75113122171946
3.363271869320291,54.75113122171946
3.363279415181284,54.75113122171946
3.3634101359987625,54.75113122171946
3.363533446712835,54.76136620674056
3.3637077133781235,54.76136620674056
3.363860339867136,54.771596562641335
3.3641754982514835,54.781822292561614
3.3642891692251764,54.781822292561614
3.3645953986788397,54.781822292561614
3.364941293050976,54.79204339963834
3.365043428749339,54.80225988700565
3.3650905151178967,54.80225988700565
3.3652103921211958,54.80225988700565
3.3653805037752416,54.80225988700565
3.3656974445343626,54.80225988700565
3.365712238934806,54.812471757794846
3.3659265169478694,54.812471757794846
3.3661254083934202,54.8226790151344
3.3661425092368082,54.8226790151344
3.366237566170469,54.8226790151344
3.36643953483663,54.83288166214996
3.366454167499707,54.83288166214996
3.3666493565916498,54.83288166214996
3.366735961899729,54.84307970196433
3.3668873133189137,54.85327313769752
3.3670209731545215,54.85327313769752
3.3671320631206174,54.86346197246671
3.3673447372422203,54.87364620938629
3.3673612531997508,54.88382585156779
3.367426314346721,54.88382585156779
3.36743144666592,54.88382585156779
3.367981855770577,54.88382585156779
3.368001444174802,54.88382585156779
3.36801654526675,54.88382585156779
3.3680973207292593,54.89400090211998
3.368411703920843,54.89400090211998
3.368468852545259,54.89400090211998
3.368549965329361,54.89400090211998
3.3687209232365856,54.89400090211998
3.368738450805813,54.904171364148816
3.368833814912259,54.904171364148816
3.368903656317182,54.904171364148816
3.3691472526918234,54.904171364148816
3.369600613068406,54.91433724075744
3.369760207294852,54.924498535046204
3.3700520100644837,54.93465525011266
3.3701589172374526,54.94480738905159
3.3703359221568645,54.94480738905159
3.3703816914116214,54.95495495495496
3.370545860857972,54.965097950911954
3.370848653773843,54.965097950911954
3.3711486023379296,54.97523638000901
3.371485435387464,54.98537024532973
3.371680207715402,54.98537024532973
3.371764422798526,54.98537024532973
3.371825360859355,54.995499549955
3.3723345611073086,55.005624296962885
3.3725087365821196,55.0157444894287
3.3727165332664377,55.02586013042501
3.372776518909084,55.03597122302158
3.372881189938094,55.046077770285464
3.3730682982296467,55.046077770285464
3.3731906724141054,55.0561797752809
3.3733930671266315,55.06627724106943
3.373565319927624,55.06627724106943
3.3737351700976945,55.0763701707098
3.3739432707671715,55.08645856725802
3.374136851825582,55.096542433767404
3.3743379210470352,55.096542433767404
3.374372562368925,55.106621773288445
3.3747833154859013,55.106621773288445
3.374914823550049,55.106621773288445
3.375970509133898,55.11669658886894
3.3760258332195168,55.11669658886894
3.3761739962889683,55.11669658886894
3.3768103295167777,55.11669658886894
3.376992398169451,55.11669658886894
3.3770279831172187,55.126766883553955
3.3773532579693497,55.13683266038583
3.377424775117713,55.13683266038583
3.377547137503262,55.146893922404125
3.377641944690657,55.146893922404125
3.3776672331576822,55.15695067264574
3.3778581818871105,55.15695067264574
3.37807367911209,55.16700291414482
3.3783370591495787,55.16700291414482
3.3789671690083476,55.16700291414482
3.3790129520324235,55.16700291414482
3.3793210727165572,55.16700291414482
3.3793988727556292,55.17705064993277
3.379490073050207,55.187093883038315
3.379566405977446,55.187093883038315
3.379646828308815,55.187093883038315
3.379714525388933,55.19713261648745
3.3798085561626183,55.20716685330347
3.3799592038861563,55.217196596506945
3.3801453555291716,55.217196596506945
3.3807324738032847,55.217196596506945
3.3809088250802155,55.217196596506945
3.38092265741204,55.217196596506945
3.3811506654772194,55.227221849115736
3.381153067256551,55.23724261414503
3.381426917027056,55.2472588946073
3.3814564644287106,55.257270693512304
3.3815411721288395,55.257270693512304
3.3815511738531843,55.26727801386715
3.3817069853308657,55.26727801386715
3.3817781888819627,55.27728085867621
3.381852179771401,55.27728085867621
3.3824024914752724,55.27728085867621
3.3824059125424086,55.2872792309412
3.3825177616371227,55.2872792309412
3.3825422481726064,55.29727313366115
3.382621370211427,55.29727313366115
3.3826473412019795,55.3072625698324
3.3827126432916494,55.31724754244861
3.3828699908302062,55.32722805450078
3.382911501876182,55.32722805450078
3.382972814919789,55.337204108977225
3.3830353326900218,55.34717570886358
3.383057869285795,55.34717570886358
3.383072205152903,55.35714285714286
3.383253626260539,55.36710555679536
3.3834362727073586,55.36710555679536
3.3839401495735704,55.37706381079875
3.383971052809898,55.38701762212804
3.3840446276442058,55.39696699375558
3.384189509813047,55.39696699375558
3.384272437040604,55.406911928651056
3.3844673159073646,55.416852429781535
3.3845614765393432,55.416852429781535
3.384663415665477,55.426788500111435
3.3847644144228495,55.426788500111435
3.384799977296457,55.43672014260249
3.384929661129363,55.44664736021385
3.3854166163499397,55.45657015590201
3.3855072571847296,55.45657015590201
3.385533551437718,55.45657015590201
3.3858314601135944,55.466488532620794
3.385898862801037,55.476402493321466
3.386138911998939,55.476402493321466
3.386559312720749,55.476402493321466
3.386838144757444,55.476402493321466
3.3868714120442798,55.476402493321466
3.3872207177615055,55.48631204095259
3.387547301509416,55.48631204095259
3.3875874624708517,55.49621717846017
3.3875896083291543,55.49621717846017
3.3877012296051503,55.506117908787544
3.3877242490351187,55.51601423487544
3.387768365381441,55.51601423487544
3.3879883820516414,55.525906159662
3.3879979246130554,55.525906159662
3.388142203036777,55.525906159662
3.3882183287034833,55.525906159662
3.388292903411208,55.5357936860827
3.3884390375361755,55.54567681707046
3.3884840700363146,55.55555555555556
3.3885511387340204,55.55555555555556
3.3889271508710714,55.55555555555556
3.388949529332896,55.56542990446568
3.3890580917685185,55.5752998667259
3.3890615193793114,55.585165445258724
3.3890745819733805,55.585165445258724
3.389149542655358,55.59502664298401
3.3893078258888245,55.60488346281909
3.389414545158471,55.60488346281909
3.3897536193620295,55.60488346281909
3.3901508630073063,55.61473590767865
3.390226832259878,55.61473590767865
3.39046784678549,55.61473590767865
3.3905035923533586,55.62458398047482
3.3906031013335127,55.62458398047482
3.390605563149318,55.62458398047482
3.390804886631396,55.62458398047482
3.3908399513596814,55.63442768411713
3.3910853085315407,55.644267021512526
3.3910995638524493,55.644267021512526
3.3911559042317942,55.644267021512526
3.391177567962132,55.644267021512526
3.391303408668076,55.654101995565405
3.391694080621216,55.654101995565405
3.391719742748046,55.654101995565405
3.391764378070569,55.66393260917757
3.3918680873181417,55.66393260917757
3.3919939967396795,55.673758865248224
3.3922610405695406,55.683580766674055
3.3923332198302387,55.69339831634914
3.3926151362078416,55.69339831634914
3.392628529742863,55.70321151716501
3.3927143015416252,55.713020372010625
3.3927808313342354,55.72282488377242
3.393128468470025,55.73262505533422
3.3933597455953732,55.74242088957734
3.393407466518662,55.75221238938053
3.393447349246276,55.75221238938053
3.393460089035816,55.76199955761999
3.393618846608108,55.77178239716939
3.3936425951703564,55.78156091089984
3.393660356970074,55.78156091089984
3.39370029795167,55.79133510167993
3.3937710584746306,55.79133510167993
3.393882905155603,55.79133510167993
3.3939084158364143,55.79133510167993
3.393918370541523,55.79133510167993
3.393962076787456,55.79133510167993
3.394281677416647,55.79133510167993
3.3946150059381104,55.79133510167993
3.3946682272222675,55.79133510167993
3.394756234994167,55.79133510167993
3.3950922884490313,55.79133510167993
3.395411812939508,55.80110497237569
3.395516044629736,55.81087052585064
3.3957073751710714,55.81087052585064
3.3957635368491874,55.82063176496575
3.3958784649856004,55.830388692579504
3.395905656069143,55.84014131154781
3.3959361591357133,55.84988962472406
3.3959556553226458,55.84988962472406
3.396011084648846,55.859633634959174
3.3962355037948817,55.859633634959174
3.3963042969189505,55.859633634959174
3.3964095390130917,55.8693733451015
3.396467750281034,55.8693733451015
3.39648051765617,55.8693733451015
3.396545271186442,55.87910875799691
3.3965938648193674,55.88883987648875
3.396722064364463,55.88883987648875
3.396724098994696,55.88883987648875
3.3968118913079484,55.89856670341786
3.3970377101801734,55.908289241622576
3.3970781577949603,55.908289241622576
3.3971424063756204,55.908289241622576
3.3972154010822018,55.908289241622576
3.397247117689617,55.908289241622576
3.397302875043129,55.908289241622576
3.3973335000668885,55.918007493938724
3.3973875758542147,55.918007493938724
3.397422085027606,55.918007493938724
3.3974601518881493,55.918007493938724
3.397769680049558,55.927721463199646
3.3978011055853914,55.93743115223617
3.3979105733321586,55.947136563876654
3.3979206007483946,55.95683770094693
3.397959770694936,55.96653456627037
3.398057425894405,55.97622716266783
3.3980907216651577,55.98591549295775
3.3981168914018913,55.98591549295775
3.398132691945449,55.98591549295775
3.3983492423313018,55.995599559956
3.3984829529430294,55.995599559956
3.3984998910937625,56.005279366476024
3.3985060158945246,56.005279366476024
3.3985458213865085,56.005279366476024
3.3985514495129894,56.005279366476024
3.3986793072746972,56.005279366476024
3.398679443285832,56.01495491532879
3.398986576154623,56.02462620932278
3.3989935630904653,56.02462620932278
3.399022879377061,56.03429325126401
3.3990265085975713,56.043956043956044
3.3992788909126186,56.05361459019995
3.399348364524205,56.06326889279437
3.399451252314453,56.07291895453547
3.399473777128782,56.08256477821695
3.399679170086848,56.09220636663008
3.399739438364178,56.09220636663008
3.399785813857981,56.09220636663008
3.400048886096035,56.10184372256365
3.400532179193705,56.10184372256365
3.400912600093377,56.10184372256365
3.4011138893083963,56.10184372256365
3.4016045821288357,56.111476848804045
3.401979456722051,56.111476848804045
3.402037446209723,56.12110574813515
3.402089235208408,56.13073042333845
3.402251348374168,56.13073042333845
3.402341256584761,56.13073042333845
3.4024227233277418,56.13073042333845
3.4030631450590936,56.13073042333845
3.4031032154790273,56.13073042333845
3.403205875135944,56.14035087719298
3.403491602509043,56.14996711247533
3.4038850482777736,56.14996711247533
3.4043700179875125,56.14996711247533
3.404372001278923,56.15957913195967
3.404565685813064,56.15957913195967
3.40480448855407,56.15957913195967
3.4048191167689934,56.1691869384177
3.405108290686952,56.17879053461875
3.4051256100628216,56.17879053461875
3.4053634934844816,56.18838992332969
3.405391055447943,56.19798510731494
3.405607611810275,56.19798510731494
3.405712787248315,56.20757608933654
3.4057477986401916,56.21716287215411
3.4058613468868586,56.22674545852484
3.405904653773577,56.236323851203494
3.4059751675726564,56.245898052942465
3.4060029257801223,56.245898052942465
3.406219419987242,56.245898052942465
3.4062852005241284,56.245898052942465
3.4062868209185706,56.25546806649169
3.406458687655823,56.26503389459874
3.4072167237480704,56.27459554000874
3.40727750876635,56.27459554000874
3.4073023405713525,56.284153005464475
3.4073051652387276,56.29370629370629
3.407307183815605,56.30325540747214
3.4073173325370067,56.31280034949759
3.4073868459623826,56.31280034949759
3.4074653506455803,56.32234112251583
3.4075672604425624,56.32234112251583
3.4075746000032296,56.33187772925764
3.4077429556209657,56.34141017245143
3.408103774242703,56.35093845482322
3.4085335206770377,56.35093845482322
3.408596047913656,56.36046257909666
3.408620147325222,56.36046257909666
3.4086387959902638,56.36046257909666
3.4089485042597962,56.36998254799301
3.409372080980673,56.37949836423118
3.4093744262986254,56.3890100305277
3.409462718465097,56.39851754959668
3.4101835523732333,56.40802092414996
3.4102102383106985,56.41752015689693
3.4102334616053493,56.42701525054466
3.410273851754097,56.42701525054466
3.410312531109306,56.42701525054466
3.4103862227862156,56.42701525054466
3.4104154105473734,56.42701525054466
3.4104687362626014,56.42701525054466
3.410492528956172,56.43650620779786
3.410590401054578,56.43650620779786
3.410966968705868,56.43650620779786
3.411142513442821,56.43650620779786
3.411243748265799,56.44599303135889
3.4113718467000043,56.45547572392772
3.41139594250441,56.45547572392772
3.4114715543747094,56.45547572392772
3.41171828467156,56.45547572392772
3.411820625262176,56.46495428820201
3.4118246049209286,56.46495428820201
3.41183188922326,56.46495428820201
3.4123323312776788,56.46495428820201
3.412430658850014,56.474428726877036
3.412501258127452,56.474428726877036
3.412623625584954,56.474428726877036
3.4127803223372264,56.48389904264578
3.4127972075316886,56.49336523819882
3.4131092591320833,56.49336523819882
3.413113154969979,56.50282731622445
3.4134218962276486,56.50282731622445
3.4134898909293536,56.51228527940857
3.4135142038600668,56.51228527940857
3.414089273706628,56.51228527940857
3.4140983487153194,56.52173913043478
3.414128904676241,56.52173913043478
3.414402762879339,56.52173913043478
3.4144058116081797,56.52173913043478
3.4144380560479206,56.52173913043478
3.414542173161023,56.52173913043478
3.4145512169255596,56.52173913043478
3.4146950438885892,56.52173913043478
3.4147531938802436,56.52173913043478
3.4148160785843076,56.52173913043478
3.4149980527201507,56.52173913043478
3.4150645561038964,56.53118887198435
3.4152897903077677,56.53118887198435
3.4154740966859625,56.5406345067362
3.415501827927034,56.5406345067362
3.4155019011493524,56.550076037366935
3.415505751455228,56.550076037366935
3.4156531261133267,56.559513466550825
3.415816919273671,56.56894679695983
3.41587163349952,56.578376031263566
3.4159296763120874,56.578376031263566
3.4160118057523987,56.578376031263566
3.416226446479004,56.58780117212937
3.4162469950200727,56.59722222222222
3.4163070381285805,56.59722222222222
3.4163489103458033,56.59722222222222
3.4165566247665082,56.60663918420482
3.417104281735471,56.61605206073753
3.417264055970006,56.625460854478426
3.4173017839677846,56.63486556808326
3.417576391630096,56.64426620420551
3.417846099886859,56.653662765496314
3.4179171656313367,56.66305525460456
3.417946391899638,56.66305525460456
3.4179744674823214,56.66305525460456
3.418129909818993,56.672443674176776
3.4182067995464562,56.672443674176776
3.4183059357922865,56.68182802685726
3.418324958025389,56.691208315288
3.418543988658016,56.691208315288
3.418648388818494,56.691208315288
3.4191940192638777,56.70058454210868
3.419393154225048,56.709956709956714
3.4193938944359052,56.71932482146721
3.419457111759371,56.72868887927304
3.419581314428807,56.738048886004755
3.419625181246656,56.738048886004755
3.4198052454758727,56.747404844290664
3.4198442999927847,56.75675675675676
3.4199427350190756,56.75675675675676
3.420020603877673,56.7661046260268
3.4204405326942187,56.7661046260268
3.4206225460922544,56.7661046260268
3.4206813840618726,56.7661046260268
3.420769000600883,56.7661046260268
3.420775905974964,56.77544845472228
3.420873966647713,56.77544845472228
3.4209043826889722,56.7847882454624
3.4210768205586106,56.79412400086412
3.4212150259153873,56.803455723542115
3.421247659136291,56.812783416108836
3.4212576123195504,56.812783416108836
3.4213807245459993,56.812783416108836
3.42150375349031,56.812783416108836
3.4217764260792043,56.812783416108836
3.422008738803644,56.82210708117444
3.422052830903257,56.82210708117444
3.4221768393779235,56.83142672134686
3.422181590512805,56.84074233923177
3.4222318449568614,56.85005393743258
3.4222635914994055,56.85936151855048
3.4222769762764664,56.86866508518439
3.422280007535901,56.86866508518439
3.422362108500081,56.86866508518439
3.4223641446855675,56.877964639931
3.4225412953321164,56.88726018538478
3.4227583713157306,56.88726018538478
3.4229026330285546,56.88726018538478
3.422989432728672,56.88726018538478
3.42317239292464,56.896551724137936
3.4232253663213497,56.90583925878043
3.4232460182369806,56.90583925878043
3.423286435986507,56.90583925878043
3.42344390021641,56.90583925878043
3.4235450560382827,56.91512279190004
3.42355917461718,56.91512279190004
3.4236858443499334,56.92440232608228
3.424053336691901,56.92440232608228
3.4241382393101367,56.933677863910425
3.4243227614550995,56.94294940796556
3.4246601524725393,56.95221696082652
3.4247858987454745,56.96148052506994
3.4250725995932503,56.96148052506994
3.425403675984289,56.96148052506994
3.4256683333391496,56.96148052506994
3.4257760260032724,56.96148052506994
3.425888992792501,56.970740103270224
3.4260451845613757,56.97999569799958
3.426071028050758,56.97999569799958
3.4260750283781944,56.98924731182796
3.4261467758561155,56.98924731182796
3.4262117654499824,56.98924731182796
3.4264106432688055,56.99849494732315
3.4268578198579083,56.99849494732315
3.4269942190116884,57.007738607050726
3.4273429522004824,57.01697829357404
3.4275114465791585,57.01697829357404
3.427537113179342,57.026214009454236
3.427574508181024,57.03544575725027
3.427646197519061,57.0446735395189
3.428014478217935,57.05389735881469
3.4280603751560212,57.06311721768999
3.4283568769868857,57.072333118695
3.428391197670712,57.08154506437768
3.428498740100149,57.08154506437768
3.4286544963357284,57.08154506437768
3.428835593828007,57.08154506437768
3.428996103372049,57.08154506437768
3.4291043474833693,57.08154506437768
3.4291391265362945,57.09075305728385
3.429190086886473,57.09075305728385
3.4295171770002693,57.0999570999571
3.4296291251031956,57.0999570999571
3.429671555946233,57.0999570999571
3.4297991236755183,57.109157194938874
3.4298341987281753,57.11835334476844
3.4302065302507785,57.12754555198285
3.430648355771545,57.12754555198285
3.430769805910559,57.12754555198285
3.4310053085232584,57.13673381911701
3.4313196324252586,57.145918148703664
3.431510234056692,57.145918148703664
3.43155187965148,57.155098543273354
3.4315554455077324,57.16427500535447
3.4316900096621654,57.17344753747323
3.431730400980047,57.17344753747323
3.4317621667263003,57.18261614215372
3.4317925055416945,57.1917808219178
3.4319980788945217,57.1917808219178
3.4320688157151213,57.20094157928526
3.4321326609345504,57.21009841677363
3.4321946045777203,57.21925133689839
3.4322633822215884,57.228400342172804
3.432696140130067,57.237545435107975
3.4329080859016807,57.237545435107975
3.4329172951743474,57.24668661821292
3.4330351786238995,57.24668661821292
3.433360780684423,57.24668661821292
3.4334297722163645,57.24668661821292
3.433568979342232,57.24668661821292
3.433707277750393,57.25582389399444
3.433728934537719,57.26495726495726
3.433743639420344,57.27408673360394
3.433848598992424,57.28321230243486
3.434434618579866,57.29233397394833
3.4344368898312627,57.29233397394833
3.4345253360692247,57.29233397394833
3.435105032781464,57.301451750640474
3.435108048869412,57.301451750640474
3.4351928198477752,57.31056563500534
3.4353975156980487,57.319675629534785
3.4355412430634957,57.32878173671858
3.435564825391762,57.33788395904437
3.435767680874407,57.33788395904437
3.4357944450888227,57.34698229899765
3.4359439604982263,57.356076759061835
3.4359884302881656,57.356076759061835
3.4360925478089386,57.365167341718184
3.4361675814683883,57.37425404944586
3.4362305404343045,57.38333688472193
3.436380180868157,57.38333688472193
3.436425916217565,57.39241585002131
3.4364376999721618,57.401490947816825
3.437070523963083,57.41056218057922
3.437633075924353,57.41056218057922
3.4378725857589245,57.41056218057922
3.437908003184662,57.419629550777096
3.4379080493364618,57.419629550777096
3.437920020683875,57.42869306087697
3.4380099965213007,57.42869306087697
3.4381007042450804,57.43775271334326
3.438311080819764,57.446808510638306
3.438361295970865,57.446808510638306
3.438445459864764,57.446808510638306
3.4387504766060264,57.45586045522229
3.4388985487418204,57.464908549553385
3.4389417043171684,57.464908549553385
3.4389427643518364,57.464908549553385
3.4389925551184355,57.4739527960876
3.439018375007896,57.4739527960876
3.4391705106407495,57.4739527960876
3.4392758186255397,57.48299319727891
3.439306095773578,57.49202975557917
3.439416597591708,57.49202975557917
3.4396186343646478,57.50106247343817
3.439630350980337,57.50106247343817
3.439632467334241,57.510091353303594
3.439635761015133,57.510091353303594
3.439729437085502,57.519116397621076
3.439849392696292,57.52813760883415
3.439867540575837,57.52813760883415
3.439928889767513,57.537154989384284
3.4399694634086266,57.546168541710884
3.4401710137001897,57.555178268251275
3.4403507497620605,57.555178268251275
3.440381708525417,57.564184171440694
3.440566241507547,57.564184171440694
3.4405746302272453,57.564184171440694
3.4406274085724347,57.57318625371235
3.4407111519179647,57.57318625371235
3.4407474330104897,57.57318625371235
3.440860082512366,57.57318625371235
3.4408986308450196,57.582184517497346
3.4408998065102234,57.59117896522476
3.4410712400558405,57.6001695993216
3.441167638221464,57.6001695993216
3.4412696460619863,57.6001695993216
3.441296837017958,57.609156422212806
3.4413271342264258,57.61813943632126
3.4416279186758905,57.6271186440678
3.4419513358933305,57.6271186440678
3.4419620446990735,57.6271186440678
3.4421881258312665,57.6271186440678
3.4423378847234405,57.63609404787121
3.442383872773684,57.63609404787121
3.442409965838655,57.64506565014824
3.4424551375162404,57.654033453313566
3.442672416703235,57.654033453313566
3.442892263561313,57.654033453313566
3.443015000815191,57.654033453313566
3.4431451606013983,57.654033453313566
3.443238850423917,57.654033453313566
3.4432688128576627,57.654033453313566
3.443456002887699,57.654033453313566
3.443509259196243,57.66299745977985
3.443637197465885,57.66299745977985
3.44371722787489,57.66299745977985
3.443802391854252,57.67195767195767
3.4438571658568993,57.67195767195767
3.444011581290376,57.67195767195767
3.444149860878488,57.680914092255605
3.444305144131926,57.680914092255605
3.444626559759076,57.68986672308017
3.4446911101602673,57.69881556683587
3.445089435850813,57.69881556683587
3.4450966876607834,57.69881556683587
3.4451083898579067,57.69881556683587
3.4455134249475705,57.70776062592514
3.445883838670594,57.70776062592514
3.4460416116744343,57.70776062592514
3.446057400374266,57.71670190274841
3.446172097374694,57.71670190274841
3.4462783441488987,57.72563939970408
3.446343466650073,57.734573119188504
3.446348228598222,57.74350306359602
3.446351874881166,57.74350306359602
3.446374761780671,57.75242923531897
3.446449533563689,57.75242923531897
3.4474558404044995,57.76135163674763
3.4474970841165695,57.76135163674763
3.448011740545579,57.770270270270274
3.4482195345835818,57.770270270270274
3.448452594512308,57.77918513827317
3.448558988819755,57.788096243140565
3.4489288288859283,57.79700358725469
3.448973636358137,57.79700358725469
3.449339713436389,57.79700358725469
3.4493441613472124,57.80590717299579
3.4494171678722285,57.81480700274204
3.4496394846999086,57.82370307886967
3.4498688647555,57.8325954037529
3.4500510206264012,57.8325954037529
3.4501636555320467,57.84148397976391
3.450218230319562,57.85036880927292
3.45028723433938,57.85036880927292
3.450406458588435,57.85924989464812
3.4504917196735576,57.86812723825574
3.45054872306581,57.86812723825574
3.450560543929267,57.86812723825574
3.4507080398787067,57.86812723825574
3.4507370143000955,57.87700084245998
3.451062094080499,57.88587070962308
3.451330964720701,57.88587070962308
3.451527911844702,57.89473684210527
3.4518914129608604,57.89473684210527
3.451937206075579,57.90359924226479
3.4519392525574,57.91245791245792
3.452128551061537,57.91245791245792
3.4523376030949837,57.92131285503892
3.452425173996426,57.930164072360114
3.45247319263638,57.93901156677181
3.452499207612306,57.94785534062237
3.4528565472781447,57.95669539625815
3.452905783945972,57.95669539625815
3.4531626430764213,57.965531736023536
3.4533600790504546,57.965531736023536
3.453436300714214,57.97436436226098
3.453471434322369,57.98319327731093
3.45354128418096,57.98319327731093
3.453616495055453,57.98319327731093
3.4536187711592246,57.98319327731093
3.4536246534068,57.98319327731093
3.45382725190308,57.98319327731093
3.4538704742856443,57.99201848351186
3.453941256248611,57.99201848351186
3.454093140929473,58.000839983200336
3.4541996435981206,58.0096577787109
3.4542316273395657,58.01847187237615
3.454235664245282,58.02728226652676
3.4542716380262926,58.036088963491395
3.4543637329176633,58.04489196559681
3.4543954911387265,58.053691275167786
3.454721656298788,58.062486894527154
3.4547943501822975,58.062486894527154
3.4549099193270103,58.062486894527154
3.455112659775659,58.062486894527154
3.455585299071732,58.062486894527154
3.455713490552197,58.07127882599581
3.4560213961017228,58.080067071892685
3.4560890967152265,58.08885163453479
3.456322011192777,58.09763251623716
3.4564868092395415,58.09763251623716
3.4568148504161043,58.10640971931294
3.456874338915564,58.1151832460733
3.456876707675757,58.12395309882747
3.4568826996201913,58.12395309882747
3.457100833647137,58.12395309882747
3.4571347046423133,58.12395309882747
3.457185226433615,58.12395309882747
3.457465336683109,58.13271927988277
3.457613793942517,58.14148179154458
3.457665458644388,58.14148179154458
3.4577106989571025,58.150240636116344
3.4580036850924896,58.15899581589959
3.458088869979795,58.15899581589959
3.458698840763189,58.1677473331939
3.45885251705337,58.17649519029695
3.4591441563428007,58.185239389504495
3.4596341939063575,58.185239389504495
3.4596915003260116,58.19397993311036
3.4597295148374942,58.202716823406476
3.459792454001835,58.21145006268282
3.459919801146866,58.22017965322749
3.4600044895281314,58.22890559732665
3.4600878837455222,58.23762789726457
3.460589438994369,58.23762789726457
3.460788654823811,58.23762789726457
3.4608982748998813,58.24634655532359
3.460915688802148,58.24634655532359
3.461297585760057,58.25506157378418
3.4617413534566666,58.263772954924875
3.4618423937235874,58.263772954924875
3.4618440468540856,58.263772954924875
3.46194321251642,58.272480701022324
3.462050507685792,58.28118481435127
3.462108547806961,58.28118481435127
3.462294560973168,58.28118481435127
3.462467095287569,58.28988529718456
3.462642217960528,58.29858215179316
3.4628080386727236,58.29858215179316
3.462899331197704,58.307275380446114
3.4629841842207782,58.307275380446114
3.4636368980284855,58.31596498541059
3.4636661064659857,58.31596498541059
3.4636693558524456,58.31596498541059
3.463773080863439,58.31596498541059
3.4639345233016754,58.324650968951865
3.4640171061124785,58.333333333333336
3.4644218813773637,58.342012080816495
3.4644661411262896,58.350687213660976
3.46446822242419,58.3593587341245
3.464567917907784,58.368026644462944
3.4650292395015483,58.376690946930275
3.465305071980311,58.376690946930275
3.4653308230159974,58.385351643778606
3.4653644816648694,58.39400873725816
3.465393072717724,58.39400873725816
3.4654958773119033,58.402662229617306
3.4657964750202126,58.402662229617306
3.4657983428793795,58.402662229617306
3.465808999679712,58.41131212310252
3.4658906604017523,58.41131212310252
3.4659678687761657,58.41995841995842
3.4659987928071296,58.42860112242777
3.4660659206454945,58.42860112242777
3.466128940142518,58.43724023275145
3.4661363505832363,58.445875753168494
3.4661998930770093,58.45450768591608
3.4662579584334865,58.45450768591608
3.4662897500580576,58.45450768591608
3.4664191965969335,58.46313603322949
3.4666843899863933,58.4717607973422
3.4667594305953062,58.4717607973422
3.466990776452623,58.48038198048579
3.4671724801871986,58.48899958489
3.4673730205282065,58.49761361278274
3.467411893257348,58.50622406639005
3.467580706235073,58.51483094793611
3.467632395028214,58.51483094793611
3.467663202670316,58.51483094793611
3.4676897826448516,58.51483094793611
3.46775654082671,58.51483094793611
3.4677672496924403,58.51483094793611
3.468074254631011,58.5234342596433
3.4682029803675407,58.532034003732115
3.468665073354338,58.540630182421225
3.4689479001562766,58.549222797927456
3.4690231681288712,58.55781185246581
3.4690320012003926,58.56639734824943
3.4694161821701437,58.56639734824943
3.4694712232420275,58.57497928748965
3.4695650299279572,58.58355767239593
3.4697230626099316,58.58355767239593
3.4697388979972548,58.58355767239593
3.4697885965133963,58.59213250517599
3.470083639307836,58.59213250517599
3.4702651997568377,58.6007037880356
3.470373165553937,58.6007037880356
3.4707184989944153,58.609271523178805
3.4707561242964555,58.609271523178805
3.470815739508439,58.617835712807775
3.4708168267306916,58.62639635912288
3.4709195925173644,58.62639635912288
3.4709363567420843,58.62639635912288
3.4710477747784627,58.63495346432265
3.4713883237036973,58.63495346432265
3.4720016008938828,58.6435070306038
3.472045440880408,58.6435070306038
3.472329424612801,58.652057060161255
3.472368501207032,58.660603555188096
3.472418541351097,58.66914651787559
3.472770465021357,58.67768595041323
3.4727830969642066,58.68622185498864
3.4728503234705492,58.68622185498864
3.473007518962946,58.69475423378769
3.4732661315397046,58.69475423378769
3.4733097197971188,58.69475423378769
3.473398969540317,58.69475423378769
3.4735020521923397,58.69475423378769
3.4735608676029033,58.70328308899443
3.4738674508894345,58.70328308899443
3.473982934323272,58.71180842279108
3.474151169912729,58.7203302373581
3.474356308600951,58.728848534874125
3.4744708347945834,58.73736331751599
3.4746480201668515,58.745874587458744
3.474661937846202,58.754382346875644
3.4757060648538727,58.76288659793815
3.475969122580003,58.77138734281592
3.4760479925422176,58.77138734281592
3.476368140051079,58.77988458367683
3.4764674389784154,58.788378322686995
3.4768597959932754,58.788378322686995
3.4769140609731326,58.788378322686995
3.4772128657994923,58.788378322686995
3.4773400245286257,58.796868562010715
3.4773656770583665,58.796868562010715
3.477401350692549,58.796868562010715
3.477408895006676,58.8053553038105
3.4774246726195432,58.81383855024712
3.477562169034208,58.81383855024712
3.4777577835768607,58.82231830347951
3.4778119894532473,58.83079456566488
3.4780026795347583,58.839267338958635
3.4780171887090923,58.839267338958635
3.4790184502813117,58.8477366255144
3.479472915170813,58.856202427484064
3.479525740614049,58.86466474701769
3.4796755735320386,58.86466474701769
3.4798886786984413,58.87312358626362
3.479999366581801,58.87312358626362
3.4801034729960922,58.88157894736842
3.4808125104839074,58.88157894736842
3.480995125399109,58.88157894736842
3.481036509229537,58.88157894736842
3.4813325948823213,58.89003083247688
3.481547574219663,58.89847924373201
3.4815476892236505,58.90692418327512
3.4815786516370686,58.915365653245686
3.481877046666903,58.92380365578147
3.4819222961131895,58.932238193018485
3.481924891125753,58.932238193018485
3.482115147586043,58.940669267090954
3.4821796877430624,58.94909688013136
3.4824202497015717,58.957521034270464
3.4826758335209727,58.957521034270464
3.4828575806590534,58.957521034270464
3.4828638163746017,58.957521034270464
3.4832337957860853,58.96594173163726
3.4833752565455485,58.97435897435898
3.483427663164873,58.98277276456112
3.483491573379167,58.99118310436744
3.483518808191743,58.99958999589996
3.4835267631342473,59.00799344127895
3.483707755663662,59.00799344127895
3.48370813906558,59.01639344262295
3.483745256240843,59.01639344262295
3.483914929853379,59.02479000204877
3.4839522249456856,59.02479000204877
3.4839802016321655,59.02479000204877
3.4839811424229774,59.03318312167145
3.4842078014004136,59.04157280360434
3.4845789535108307,59.04157280360434
3.484708326719049,59.04157280360434
3.4848505117836064,59.04995904995906
3.484865668357904,59.058341862845445
3.485181062723552,59.06672124437168
3.4852053212454033,59.07509719664416
3.48520660092838,59.08346972176759
3.4852071540037324,59.08346972176759
3.4852551260216518,59.09183882184495
3.485309166155028,59.09183882184495
3.4853463010565435,59.100204498977504
3.4854710455341853,59.10856675526477
3.485574513394267,59.116925592804584
3.485578527869678,59.125281013693034
3.4856953817010203,59.125281013693034
3.485770861570731,59.133633020024526
3.485787148299564,59.133633020024526
3.48599759453454,59.14198161389172
3.486133069080897,59.150326797385624
3.486360020017683,59.150326797385624
3.4865291607219535,59.150326797385624
3.4865727994837155,59.15866857259546
3.4866672481179837,59.15866857259546
3.4868370605602923,59.167006941608825
3.4868776150925753,59.167006941608825
3.4873264007755944,59.167006941608825
3.487371774218135,59.167006941608825
3.487434965516761,59.175341906511534
3.487451275269905,59.183673469387756
3.488063833509418,59.192001632319936
3.4882698833248185,59.192001632319936
3.4883061431198996,59.20032639738883
3.488572617934749,59.20864776667346
3.4890011809831214,59.216965742251226
3.489274911928157,59.22528032619776
3.4892832275259855,59.233591520587034
3.4894581110989087,59.233591520587034
3.489624803710999,59.233591520587034
3.4898328345643943,59.241899327491346
3.4898627906930244,59.241899327491346
3.4899048120010825,59.241899327491346
3.490001454330661,59.25020374898126
3.490117220074948,59.25850478712569
3.4903279484060152,59.25850478712569
3.490330870334537,59.26680244399185
3.490545544247901,59.27509672164528
3.4906849462217573,59.27509672164528
3.490768668862543,59.28338762214984
3.4910637471774257,59.28338762214984
3.491073293374419,59.28338762214984
3.4910788512598407,59.28338762214984
3.4910983248311642,59.28338762214984
3.491493152813765,59.28338762214984
3.491583855361151,59.29167514756768
3.4915917860406447,59.29167514756768
3.49166220525637,59.299959299959305
3.491741322131969,59.299959299959305
3.491779542709965,59.299959299959305
3.4918987449575716,59.299959299959305
3.491960367827256,59.299959299959305
3.49202608943282,59.299959299959305
3.4920624550702217,59.30824008138352
3.492132597969237,59.30824008138352
3.4924047035786554,59.30824008138352
3.492559219367544,59.31651749389748
3.492594029816955,59.32479153955664
3.492642585769634,59.3330622204148
3.4926816948511954,59.3330622204148
3.492719387809152,59.3330622204148
3.492880817864026,59.3330622204148
3.4931567990643386,59.3330622204148
3.4937353227694414,59.3330622204148
3.493741776338592,59.34132953852409
3.493846752918738,59.34132953852409
3.493893127230175,59.34132953852409
3.49403173877145,59.34132953852409
3.4941069667895897,59.34959349593496
3.494597840466274,59.35785409469621
3.4951186483646697,59.366111336854935
3.495148603272993,59.366111336854935
3.495239471667405,59.366111336854935
3.4952796252933758,59.366111336854935
3.4953148039335846,59.374365224456625
3.4954108506298707,59.38261575954509
3.495436384471637,59.38261575954509
3.4955086382714424,59.38261575954509
3.495541678314726,59.390862944162436
3.495654685329732,59.399106780349165
3.4958708248027377,59.40734727014411
3.496023870536731,59.41558441558441
3.496139476628787,59.42381821870561
3.4962476939443667,59.42381821870561
3.4962569699005295,59.42381821870561
3.496574845876951,59.42381821870561
3.4974209466093393,59.43204868154158
3.4975041016868773,59.44027580612452
3.4976974467617032,59.44027580612452
3.497769331664554,59.44027580612452
3.4979823675929826,59.44027580612452
3.498131125433099,59.44849959448499
3.4982972324772343,59.45672004865193
3.49857504293997,59.45672004865193
3.4986229858739635,59.46493717065261
3.498706930080867,59.47315096251267
3.4987579494431458,59.48136142625607
3.498768738209714,59.4895685639052
3.4988613654287017,59.497772377480764
3.49942522091908,59.497772377480764
3.4995907170773086,59.50597286900182
3.4997787571773893,59.51417004048582
3.499828289909544,59.51417004048582
3.499932478335698,59.51417004048582
3.5000275997086088,59.51417004048582
3.500093190721371,59.522363893948594
3.5002076974385616,59.522363893948594
3.500466993922638,59.53055443140429
3.5004834842474994,59.53874165486547
3.5006501603928197,59.53874165486547
3.500795383436746,59.54692556634305
3.500980042826319,59.555106167846304
3.501541762595089,59.555106167846304
3.5018490115688,59.56328346138293
3.501922634692944,59.56328346138293
3.502337633579562,59.57145744895897
3.50239438093104,59.57145744895897
3.5023960203077587,59.57145744895897
3.5025916435092563,59.57962813257882
3.5028171045396346,59.5877955142453
3.502964490541149,59.5877955142453
3.503054159877728,59.5877955142453
3.5031329528199326,59.59595959595959
3.5031817905172753,59.60412037972127
3.5033853732696523,59.61227786752828
3.503592640897983,59.62043206137694
3.5037282825351577,59.62043206137694
3.503873193491669,59.62858296326201
3.5039170978790697,59.62858296326201
3.5040975914240478,59.636730575176585
3.504176488762774,59.636730575176585
3.504379171200511,59.64487489911219
3.5047149559365294,59.653015937058704
3.504808140847023,59.653015937058704
3.504817403122674,59.653015937058704
3.5048478455222027,59.66115369100444
3.504897209999872,59.66115369100444
3.504930009643227,59.66928816293608
3.505022392433301,59.66928816293608
3.505077475423129,59.67741935483871
3.5056598616877688,59.67741935483871
3.5058735609140435,59.67741935483871
3.505886732727853,59.68554726869583
3.50599801138556,59.68554726869583
3.5064056111770943,59.68554726869583
3.5066497089151905,59.69367190648932
3.5067934174443938,59.69367190648932
3.5068228460230295,59.701793270199474
3.50694099939488,59.709911361805
3.506951280941256,59.709911361805
3.507047835665238,59.71802618328298
3.5074036114830074,59.72613773660894
3.507597629622066,59.72613773660894
3.5077614356094853,59.72613773660894
3.5079203893176993,59.734246023756796
3.5080389111558277,59.74235104669887
3.5080411179956528,59.74235104669887
3.508044744147999,59.74235104669887
3.508333455677526,59.75045280740592
3.5084434637370574,59.75045280740592
3.5085393049063685,59.758551307847085
3.508691968438893,59.76664654998994
3.5087239467137015,59.77473853580049
3.508788796030339,59.78282726724311
3.508991128706706,59.790912746280654
3.5090190631245832,59.790912746280654
3.5090258822405027,59.790912746280654
3.50919755639717,59.798994974874375
3.5092719694661856,59.80707395498393
3.5094358310949074,59.815149688567416
3.509437271741912,59.82322217758136
3.509543708753786,59.82322217758136
3.5095519487808775,59.831291423980716
3.509665586785687,59.831291423980716
3.5097701491573523,59.83935742971887
3.50986306561392,59.83935742971887
3.5100943760744974,59.847420196747635
3.5101693767330744,59.855479727017254
3.510536604181751,59.86353602247642
3.5107117060395128,59.87158908507223
3.5108196069866384,59.87963891675025
3.510911529162459,59.88768551945447
3.511082791240374,59.895728895127334
3.511092093400426,59.895728895127334
3.5120572501654004,59.9037690457097
3.512175097104584,59.9037690457097
3.5122600424333554,59.9037690457097
3.5124782715260103,59.9037690457097
3.512539533201563,59.91180597314091
3.5125935427605413,59.91180597314091
3.5131233050361925,59.91180597314091
3.5131572778669167,59.919839679358724
3.513483631251639,59.927870166299336
3.513554397466453,59.927870166299336
3.5135764619084773,59.927870166299336
3.513616893550506,59.93589743589743
3.5137552787598785,59.94392149008612
3.5138026378573994,59.94392149008612
3.513933967781983,59.95194233079696
3.514047878747821,59.95194233079696
3.5140926621212754,59.95995995995996
3.5141510652412244,59.96797437950361
3.5143834925483826,59.96797437950361
3.514648221195758,59.97598559135481
3.5148060447217597,59.97598559135481
3.514907619829197,59.98399359743898
3.514915235485157,59.991998399679936
3.515048530354264,60.0
3.5153258863363144,60.00799840031994
3.5154030762224164,60.01599360255898
3.5157651922993507,60.01599360255898
3.5157751214791673,60.023985608634824
3.5159490760209997,60.03197442046363
3.5159841240757728,60.03197442046363
3.5160929551126054,60.03197442046363
3.5162243079621764,60.039960039960036
3.5162279485782424,60.04794246903715
3.5162948012041486,60.05592170960655
3.516336743553442,60.05592170960655
3.5164340984233524,60.05592170960655
3.5165872201584123,60.063897763578275
3.5166357483157418,60.07187063286084
3.516639487305974,60.079840319361274
3.516711265368323,60.08780682498504
3.516729538172914,60.08780682498504
3.5169048169501766,60.095770151636074
3.517066274692427,60.10373030121684
3.5174409108829794,60.10373030121684
3.517480033201766,60.11168727562824
3.517493242026998,60.11168727562824
3.5177834876285448,60.11168727562824
3.517807964565256,60.11168727562824
3.5178186799709086,60.11964107676969
3.5178461510709846,60.11964107676969
3.517853111704217,60.11964107676969
3.517932261688586,60.12759170653907
3.5179514441126893,60.135539166832764
3.5179961316896486,60.143483459545635
3.5180116218097743,60.15142458657103
3.518094856722865,60.1593625498008
3.518575688283209,60.1593625498008
3.5186431043761672,60.1593625498008
3.5186445053163515,60.1593625498008
3.5186631592171373,60.16729735112527
3.5186948521585646,60.1752289924333
3.5187968786142116,60.183157475612184
3.5188263503350736,60.19108280254777
3.519293577559616,60.19900497512438
3.519505520490242,60.20692399522483
3.5196255943543178,60.21483986473045
3.519985001978854,60.22275258552108
3.5201581735179683,60.22275258552108
3.5201611373970154,60.230662159475045
3.520187891677876,60.238568588469185
3.5203216829193074,60.238568588469185
3.5206219118419204,60.238568588469185
3.5207068084460458,60.238568588469185
3.520792124272337,60.238568588469185
3.5211463607299316,60.238568588469185
3.521318926967062,60.238568588469185
3.521413144382479,60.24647187437885
3.521566716415505,60.254372019077906
3.5215785876399837,60.254372019077906
3.5216108758563394,60.26226902443871
3.5217253146366327,60.270162892332145
3.5220178881804665,60.2780536246276
3.5220700508571237,60.28594122319301
3.522093116642842,60.28594122319301
3.5222055497322065,60.28594122319301
3.5222739601573556,60.293825689894774
3.522283995520032,60.293825689894774
3.522334775991515,60.30170702659786
3.522534438857258,60.30170702659786
3.522663426034115,60.309585235165706
3.522672173212183,60.309585235165706
3.5230191177469004,60.309585235165706
3.523046620505131,60.309585235165706
3.5231633950301307,60.317460317460316
3.5233788976100877,60.32533227534219
3.523410689861481,60.32533227534219
3.523654045660029,60.32533227534219
3.523698759212262,60.32533227534219
3.5237639344335667,60.333201110670366
3.52377043261781,60.341066825302406
3.523820003327938,60.34892942109437
3.523866215770039,60.34892942109437
3.5238834778281882,60.35678889990089
3.5239893022995874,60.36464526357511
3.5241186758301364,60.36464526357511
3.524180871807057,60.36464526357511
3.52421571613396,60.36464526357511
3.5242407467269925,60.3724985139687
3.5242851265601502,60.38034865293186
3.524304037633229,60.38034865293186
3.524326091197669,60.38819568231333
3.524371822073881,60.396039603960396
3.524438827157269,60.40388041971887
3.52452547493058,60.40388041971887
3.5245998932523706,60.40388041971887
3.5246679171464104,60.40388041971887
3.5246734332797804,60.4117181314331
3.5246969651550324,60.4117181314331
3.5247379840625377,60.41955274094597
3.525209155411413,60.42738425009894
3.5254679471154473,60.43521266073195
3.525670415760943,60.43521266073195
3.525868667912378,60.43521266073195
3.525979347479472,60.44303797468354
3.525979626224435,60.44303797468354
3.5261314837424202,60.45086019379079
3.526167100067694,60.458679319889285
3.5265177397290612,60.4664953548132
3.5266659017210067,60.4664953548132
3.5266701364896056,60.47430830039525
3.526709131526776,60.482118158466704
3.5267854631490003,60.48992493085736
3.527130100033845,60.497728619395616
3.5271455884136285,60.497728619395616
3.527228363716977,60.505529225908376
3.527309108918635,60.51332675222113
3.5273719279228115,60.521121200157914
3.528033361147048,60.521121200157914
3.528041056735601,60.52891257154135
3.528225923855189,60.53670086819258
3.528702679700322,60.54448609193135
3.528937368111014,60.54448609193135
3.529193452587192,60.54448609193135
3.5292274772329857,60.54448609193135
3.529253470951342,60.552268244575934
3.529616437313061,60.56004732794321
3.5300003947932477,60.56782334384858
3.5300453204986635,60.57559629410605
3.530164946336511,60.58336618052819
3.5302396777722103,60.591133004926114
3.530412533572787,60.591133004926114
3.530509566871864,60.59889676910954
3.530577876021379,60.60665747488675
3.530650919281987,60.61441512406459
3.5310947037597997,60.62216971844852
3.5312456741954006,60.629921259842526
3.531418715392982,60.637669750049206
3.5314886820205875,60.637669750049206
3.53155746946308,60.645415190869734
3.5319498730738768,60.65315758410388
3.5319587971385884,60.660896931549956
3.5319876086455055,60.660896931549956
3.532067303444183,60.660896931549956
3.532161323765444,60.660896931549956
3.5321674874533073,60.660896931549956
3.5322047262137315,60.66863323500492
3.53236885800585,60.66863323500492
3.532595535224154,60.67636649626426
3.5327698064790023,60.684096717122074
3.532855866268389,60.684096717122074
3.5330177364633606,60.691823899371066
3.5330893168695696,60.691823899371066
3.5331277864426225,60.691823899371066
3.5331688941429396,60.69954804480252
3.533511816103237,60.69954804480252
3.5335161296152973,60.70726915520629
3.533598796520017,60.71498723237085
3.5336919180295294,60.72270227808326
3.533697566083219,60.7304142941292
3.533970848706121,60.73812328229289
3.534144528037904,60.73812328229289
3.5341555119886987,60.73812328229289
3.5344013716519473,60.74582924435721
3.534419954805529,60.75353218210361
3.5347795719624298,60.761232097312146
3.5349433615939927,60.76892899176147
3.535168305412564,60.776622867228866
3.5352652893340677,60.776622867228866
3.5355812014700954,60.78431372549019
3.5356603903444213,60.78431372549019
3.535752354557856,60.79200156831994
3.5358257985601447,60.79200156831994
3.5360357779482987,60.79200156831994
3.5361833342144458,60.79968639749118
3.5362909699611804,60.80736821477563
3.536427468110838,60.81504702194357
3.536456136556566,60.82272282076395
3.536512977988892,60.82272282076395
3.5366049874662626,60.82272282076395
3.5366824975400246,60.82272282076395
3.5367568879150246,60.82272282076395
3.536778240565297,60.82272282076395
3.5369915725560412,60.82272282076395
3.5370372289956875,60.830395613004306
3.5371074494098007,60.838065400430786
3.537488133322646,60.84573218480814
3.537760019768037,60.85339596789978
3.537818997004749,60.85339596789978
3.5381446438627204,60.861056751467714
3.5383193941902666,60.861056751467714
3.538454434384657,60.86871453727255
3.5387383974702553,60.86871453727255
3.5387529481347215,60.86871453727255
3.539058192206962,60.876369327073554
3.539116500828954,60.876369327073554
3.539267529173842,60.876369327073554
3.5394095350861843,60.884021122628596
3.53952400910432,60.884021122628596
3.5396710189282183,60.89166992569417
3.53991725818227,60.899315738025415
3.5400024751019297,60.90695856137608
3.5400733770994175,60.91459839749853
3.540140819145772,60.92223524814381
3.5401953697113653,60.92986911506153
3.540414174081004,60.9375
3.5406050386367114,60.94512790470611
3.5407117174650256,60.95275283092542
3.5407158901674993,60.95275283092542
3.5409017413094914,60.95275283092542
3.5410424800766074,60.960374780402105
3.5412652468718644,60.960374780402105
3.5414742120961686,60.967993754879004
3.5415205222534807,60.97560975609756
3.5416164513983013,60.97560975609756
3.5417943888513364,60.97560975609756
3.541809461415333,60.9832227857979
3.5418328375806243,60.99083284571874
3.542007237577225,60.99083284571874
3.542111670392322,60.9984399375975
3.542267865836086,61.00604406317021
3.5423197936902087,61.01364522417154
3.542337525092025,61.02124342233483
3.542519016847486,61.02883865939205
3.542694182065427,61.03643093707384
3.5427438898478765,61.044020257109466
3.542970269762122,61.051606621226874
3.542987080371092,61.051606621226874
3.543022407502754,61.051606621226874
3.54328399560093,61.051606621226874
3.5433689509824946,61.059190031152646
3.543784325717456,61.06677048861203
3.5439843634920436,61.07434799532893
3.5441048030987674,61.07434799532893
3.5441244638831693,61.08192255302588
3.5445351195417434,61.08949416342413
3.544683644418576,61.08949416342413
3.5447569767301323,61.08949416342413
3.544784197120422,61.09706282824353
3.5452065865121702,61.09706282824353
3.5453407129659325,61.104628549202644
3.54551187224932,61.104628549202644
3.5455876622099147,61.11219132801866
3.545738576625042,61.11219132801866
3.5458138111866098,61.11975116640747
3.545819586825913,61.12730806608357
3.545822891893105,61.1348620287602
3.545900300160169,61.142413056149216
3.5462169876923313,61.14996114996115
3.5465611945247524,61.15750631190523
3.5468432873852342,61.15750631190523
3.546955833583163,61.15750631190523
3.546961812763272,61.15750631190523
3.546993102091377,61.15750631190523
3.5471152436414175,61.165048543689316
3.547253165491196,61.165048543689316
3.5473513891053043,61.165048543689316
3.547445698217222,61.17258784702
3.547618641174757,61.18012422360248
3.548153124675022,61.18765767514069
3.548282916163135,61.19518820333722
3.5483447700348854,61.202715809893306
3.5484317225795423,61.210240496508916
3.548474336600023,61.21776226488268
3.5485482597530953,61.21776226488268
3.5486395055844486,61.225281116711905
3.5488172887216907,61.23279705369258
3.5488209670924955,61.240310077519375
3.5488989244964837,61.240310077519375
3.5489993878185984,61.24782018988568
3.5491782194402086,61.24782018988568
3.549359649076805,61.24782018988568
3.5496952355559075,61.25532739248354
3.5497846163568854,61.25532739248354
3.5500463401066047,61.26283168700368
3.5501150596792352,61.270333075135554
3.550190991950908,61.27783155856727
3.5502997194705452,61.28532713898568
3.550368934281728,61.28532713898568
3.550406510579695,61.29281981807625
3.55049392662712,61.30030959752322
3.5506822413329298,61.30030959752322
3.551034598853698,61.30779647900948
3.55115373223631,61.315280464216634
3.5514143354239844,61.32276155482499
3.551566799613209,61.32276155482499
3.5518079746866476,61.330239752513535
3.5519299405973186,61.337715058959986
3.55195837813458,61.345187475840746
3.5522152395849007,61.345187475840746
3.552288294661186,61.35265700483091
3.5522969446482398,61.35265700483091
3.5524588478705756,61.35265700483091
3.5525213967397096,61.360123647604325
3.5526660538778567,61.360123647604325
3.552948421906826,61.36758740583349
3.5532390337786293,61.36758740583349
3.553296826627372,61.37504828118965
3.55330240664036,61.38250627534273
3.5533491461907953,61.38250627534273
3.5537219218919036,61.38250627534273
3.5537442978496387,61.38996138996139
3.553904394380283,61.38996138996139
3.5539339072980605,61.38996138996139
3.554025540552614,61.38996138996139
3.5540354201082613,61.397413626712996
3.5540462938421524,61.397413626712996
3.554140477059144,61.404862987263606
3.5541445852320024,61.41230947327803
3.5541664853514168,61.419753086419746
3.5544333220581943,61.427193828351015
3.554608618294435,61.427193828351015
3.5546578480175874,61.434631700732744
3.554681247492496,61.434631700732744
3.5548014589123107,61.434631700732744
3.554932663942498,61.4420667052246
3.55496031444243,61.4420667052246
3.554975224945739,61.4420667052246
3.5549926617281624,61.44949884348496
3.555016347964074,61.45692811717094
3.555493199042455,61.45692811717094
3.555578635216726,61.45692811717094
3.5558059757697507,61.45692811717094
3.556321206895643,61.45692811717094
3.556438592635018,61.45692811717094
3.556607295170546,61.45692811717094
3.5566239225027156,61.46435452793835
3.556711189838966,61.471778077441726
3.556742667442656,61.47919876733437
3.556956576633147,61.47919876733437
3.5569575076431543,61.48661659926825
3.5569750546274945,61.4940315748941
3.5569782158229843,61.501443695861404
3.5570590356136917,61.50885296381831
3.557146747224772,61.50885296381831
3.557231898550803,61.516259380411775
3.5572505209383687,61.52366294728742
3.557331411670575,61.52366294728742
3.557378648429017,61.531063666089636
3.557498323517608,61.53846153846154
3.5578338709988087,61.53846153846154
3.557901654943494,61.54585656604499
3.558056281091417,61.553248750480584
3.5584745749692166,61.553248750480584
3.558523691892216,61.553248750480584
3.5586731341339277,61.553248750480584
3.5588832675797475,61.56063809340765
3.558898704223935,61.56063809340765
3.5590411139170732,61.568024596464255
3.559103699396356,61.57540826128722
3.5591839285098126,61.57540826128722
3.5592419131345183,61.57540826128722
3.5594546926332398,61.57540826128722
3.559630395002099,61.57540826128722
3.559898354530246,61.57540826128722
3.560115653105909,61.57540826128722
3.5602568766309792,61.582789089512104
3.560277757720041,61.582789089512104
3.5603521449922133,61.59016708277319
3.5605254325921116,61.597542242703526
3.5606246112668876,61.597542242703526
3.5608188877100146,61.60491457093492
3.5608549907840374,61.61228406909789
3.561004220121704,61.61965073882172
3.561212785952313,61.627014581734464
3.5613466407893024,61.63437559946288
3.5614123979792685,61.641733793632525
3.5615735364915095,61.649089165867686
3.561646805105139,61.65644171779141
3.561665388994561,61.663791451025496
3.561889476858148,61.671138367190494
3.561948175027852,61.678482467905724
3.562172542657544,61.678482467905724
3.5628507385310915,61.678482467905724
3.563069506305682,61.678482467905724
3.5630810228992567,61.678482467905724
3.5630840362329197,61.68582375478927
3.5630895584795574,61.68582375478927
3.5631161331014245,61.68582375478927
3.5632327593014,61.693162229457954
3.563233365322446,61.700497893527384
3.563466376163243,61.70783074861191
3.563663504866654,61.70783074861191
3.563781176905691,61.70783074861191
3.564056239200423,61.70783074861191
3.5640582178034963,61.71516079632465
3.5643119491955866,61.72248803827751
3.564341777540638,61.729812476081136
3.5643637868501736,61.729812476081136
3.5643941821757887,61.737134111344936
3.5644027557288105,61.74445294567712
3.564404400995149,61.75176898068464
3.5644052316246793,61.75908221797323
3.564406649289356,61.75908221797323
3.564444631492885,61.76639265914739
3.5645644677199226,61.76639265914739
3.564625569172648,61.773700305810394
3.564878642033061,61.78100515956431
3.5650968968733383,61.78100515956431
3.5652452813488824,61.78100515956431
3.5652549052012024,61.788307222009934
3.565406604684892,61.788307222009934
3.56542406793737,61.79560649474689
3.5655906790902336,61.79560649474689
3.5659225899929483,61.80290297937356
3.565939961115377,61.810196677487106
3.5661947612272313,61.81748759068346
3.5663250257452295,61.81748759068346
3.5664444839817366,61.824775720557355
3.5669376283866994,61.832061068702295
3.56743072992363,61.83934363671055
3.5674596646240575,61.84662342617322
3.567546631321194,61.85390043868014
3.5675487408696904,61.85390043868014
3.5676708007400015,61.86117467581999
3.567864717947386,61.86117467581999
3.5679183077989145,61.868446139180165
3.567943919381532,61.87571483034693
3.568060819063578,61.88298075090528
3.5680770992100617,61.890243902439025
3.5682277924066703,61.890243902439025
3.5683937853299135,61.890243902439025
3.568439770902885,61.890243902439025
3.5685486470838397,61.890243902439025
3.568605023803702,61.89750428653077
3.5687689389553205,61.904761904761905
3.5688143817845908,61.91201675871263
3.568867924052585,61.91926884996192
3.569308495912551,61.92651818008756
3.56938040501493,61.92651818008756
3.569713207033031,61.92651818008756
3.5697872051837995,61.93376475066616
3.569903394582347,61.94100856327307
3.5700519514404694,61.94100856327307
3.5704289629011337,61.94100856327307
3.570493117076983,61.94100856327307
3.57059981221869,61.948249619482496
3.5707807392472994,61.948249619482496
3.570891448136791,61.948249619482496
3.571305776662359,61.95548792086741
3.5713361562933597,61.96272346899961
3.5714827629538237,61.96272346899961
3.5715027402172725,61.96272346899961
3.571646826956355,61.96272346899961
3.5717090288576614,61.96272346899961
3.571770988680478,61.96272346899961
3.5717727386672324,61.96995626544971
3.5717866827251954,61.96995626544971
3.571837268320658,61.96995626544971
3.5719861051184907,61.97718631178707
3.5719890569659083,61.984413609579924
3.572020416613471,61.984413609579924
3.5720627023751153,61.99163816039529
3.572108216524604,61.99885996579897
3.5721441823097444,61.99885996579897
3.572523779389397,61.99885996579897
3.572583463838789,61.99885996579897
3.572609824702713,61.99885996579897
3.5731016735152195,61.99885996579897
3.5731972758422494,61.99885996579897
3.5732558173192808,62.00607902735562
3.573494075841881,62.00607902735562
3.5736119185960233,62.00607902735562
3.57385654283641,62.01329534662868
3.5738606422536683,62.02050892518041
3.5739189048232873,62.02771976457186
3.5742091871677135,62.03492786636294
3.5743378828945036,62.03492786636294
3.574511931931409,62.04213323211235
3.5745817958746198,62.04213323211235
3.574677695820427,62.04213323211235
3.575007905731102,62.04933586337761
3.5754608801594117,62.05653576171505
3.5754683735757795,62.05653576171505
3.57546971386943,62.06373292867981
3.575559745640265,62.06373292867981
3.575627283930261,62.0709273658259
3.575762093478141,62.0709273658259
3.5758374006980476,62.0709273658259
3.5760869401409523,62.0709273658259
3.5761033621310134,62.07811907470611
3.5762528778602993,62.08530805687204
3.5764400590152,62.09249431387415
3.576516500995232,62.09249431387415
3.576700387915438,62.09249431387415
3.5770133185231487,62.0996778472617
3.5771263155710096,62.106858658582794
3.57738475647321,62.11403674938435
3.577603527742474,62.121212121212125
3.577644422002744,62.121212121212125
3.5777167773555267,62.121212121212125
3.577870172017745,62.121212121212125
3.578256906839272,62.121212121212125
3.578553195732663,62.121212121212125
3.578599958564876,62.121212121212125
3.5786139018623637,62.12838477561068
3.5786602678908492,62.135554714123444
3.57890231295461,62.135554714123444
3.5791051222287362,62.14272193829263
3.579229043039234,62.149886449659355
3.579400391594087,62.149886449659355
3.579666575194069,62.15704824976348
3.579704955908894,62.164207340143776
3.5798164340197607,62.171363722337816
3.5799020663122456,62.178517397882
3.5800586821877136,62.178517397882
3.5802451139773286,62.178517397882
3.580271466312772,62.178517397882
3.5804588483887887,62.18566836831159
3.5805658222578076,62.18566836831159
3.580745111853808,62.19281663516069
3.5809711676377862,62.19281663516069
3.580986373192076,62.19281663516069
3.581006338445278,62.1999621999622
3.5812038736607827,62.207105064247926
3.581214633452279,62.207105064247926
3.5813533108057802,62.21424522954846
3.5817591590615523,62.22138269739328
3.581780682988766,62.22138269739328
3.5818669262533893,62.22138269739328
3.5822188592114665,62.228517469310674
3.582561819535265,62.228517469310674
3.582734915834453,62.2356495468278
3.5830440780889083,62.242778931470646
3.5830446425747704,62.242778931470646
3.5833550533110565,62.242778931470646
3.5833650451800008,62.249905624764054
3.5836368096844677,62.249905624764054
3.5836625049282067,62.25702962823174
3.583698201263551,62.25702962823174
3.5838226945962046,62.264150943396224
3.5838393581484005,62.27126957177891
3.5838811080826303,62.27126957177891
3.584047590033168,62.27838551490004
3.584175737709913,62.27838551490004
3.5844255000668896,62.27838551490004
3.5844603606681176,62.27838551490004
3.584527031808121,62.285498774278715
3.584527991094232,62.285498774278715
3.584688000464532,62.29260935143288
3.584762697524563,62.29971724787936
3.5851376652338556,62.30682246513381
3.5853471147597515,62.30682246513381
3.5855221516420546,62.313925004710754
3.5857769598903126,62.32102486812359
3.5862044409338685,62.32102486812359
3.5862181378711235,62.32812205688454
3.586336145305045,62.335216572504706
3.5863474103749784,62.34230841649408
3.5866925911941414,62.34939759036144
3.586789278942954,62.356484095614526
3.5868509010799032,62.36356793375988
3.586860768627458,62.37064910630291
3.587156315552633,62.37772761474793
3.587188491572473,62.38480346059808
3.5873043365081143,62.38480346059808
3.5873654751758215,62.391876645355396
3.587462127177177,62.391876645355396
3.5875795818918874,62.391876645355396
3.5876219898694526,62.39894717052078
3.587759329566048,62.40601503759399
3.5882938670903117,62.40601503759399
3.5885172862013515,62.41308024807367
3.5886367185582486,62.420142803457345
3.5886714751210063,62.420142803457345
3.5888501580511853,62.4272027052414
3.5888950487373283,62.43425995492111
3.589062022623054,62.441314553990615
3.5890788105388194,62.44836650394292
3.589147037351095,62.44836650394292
3.589382817344219,62.45541580626994
3.589903253107962,62.46246246246246
3.5900037704001893,62.46950647401013
3.5902171057541974,62.476547842401494
3.5902940480715513,62.48358656912399
3.5906811668481065,62.49062265566392
3.5908046739821273,62.49062265566392
3.5908204447121927,62.49765610350647
3.5911773139420102,62.49765610350647
3.591306177201059,62.49765610350647
3.5913976713808107,62.50468691413573
3.5914202825260655,62.51171508903468
3.5915455852173417,62.518740629685155
3.5915732557858915,62.518740629685155
3.591684609014765,62.525763537567926
3.59169061613378,62.532783814162606
3.5918606910070254,62.53980146094774
3.592064206875629,62.546816479400746
3.5921019260043687,62.55382887099794
3.5922941498624903,62.55382887099794
3.5923294345006123,62.56083863721452
3.5923570682502883,62.56784577952461
3.5924041115775918,62.56784577952461
3.5926625102816026,62.5748502994012
3.5927069112082175,62.5748502994012
3.5927379933879826,62.58185219831618
3.592780734851673,62.58885147774037
3.5927917995531398,62.59584813914344
3.5930692314580077,62.59584813914344
3.593252648713927,62.59584813914344
3.5933173129351217,62.602842183994014
3.593772007176183,62.60983361375958
3.5941377390090676,62.60983361375958
3.594267543637448,62.616822429906534
3.594600788835993,62.616822429906534
3.594643451489619,62.623808633900204
3.594643918560602,62.623808633900204
3.594714389292942,62.63079222720478
3.5947223052730033,62.63079222720478
3.5948429845772925,62.63079222720478
3.5949084959395248,62.63079222720478
3.595056625037731,62.63777321128339
3.595062336576298,62.63777321128339
3.5950670671724345,62.64475158759806
3.5951751803196106,62.65172735760971
3.595434054969703,62.65172735760971
3.5954783453963226,62.65172735760971
3.5956225498522154,62.65870052277819
3.5956961664272837,62.65870052277819
3.5961659253886133,62.665671084562256
3.5962386261763823,62.665671084562256
3.5962670724879064,62.67263904441956
3.596442139774815,62.67263904441956
3.5964906905414686,62.67960440380668
3.596551215332352,62.68656716417911
3.5971430337711543,62.69352732699123
3.59720874307856,62.700484893696384
3.5976778656586084,62.700484893696384
3.5978473956863146,62.707439865746785
3.597866607729397,62.71439224459358
3.598004599884242,62.71439224459358
3.598230257822643,62.71439224459358
3.598497221149843,62.71439224459358
3.598505362253408,62.72134203168685
3.5987145423108795,62.72828922847559
3.5989806556246595,62.73523383640768
3.5990297335054082,62.74217585692996
3.5991301173713013,62.74911529148818
3.5992262118054397,62.74911529148818
3.5993524154890775,62.75605214152699
3.5994541312269344,62.75605214152699
3.599572366883412,62.76298640849004
3.599604133950608,62.76991809381981
3.5996481340512783,62.76991809381981
3.599715722313551,62.77684719895775
3.5997686405180462,62.78377372534425
3.5999607918230607,62.7906976744186
3.600012969771286,62.7906976744186
3.6001300427761955,62.797619047619044
3.6001843583071196,62.80453784638274
3.600214319115808,62.81145407214578
3.6002711903352393,62.81836772634318
3.600497051970702,62.81836772634318
3.6006640964226806,62.81836772634318
3.600786083448697,62.81836772634318
3.6008093232794076,62.81836772634318
3.6010066699000096,62.825278810408925
3.601021161626859,62.825278810408925
3.601023104432465,62.825278810408925
3.6011081195670323,62.825278810408925
3.601145949711936,62.83218732577588
3.6013050723953532,62.83909327387588
3.601394081714615,62.83909327387588
3.6016045994070036,62.845996656139704
3.601740948369398,62.852897473997025
3.6020514470539857,62.85979572887651
3.602087064995655,62.866691422205726
3.6022122917235393,62.87358455541118
3.6023750564996737,62.88047512991833
3.602410975453606,62.88736314715161
3.602468235462447,62.89424860853432
3.602628630554963,62.89424860853432
3.602667955441497,62.89424860853432
3.602883025284016,62.90113151548877
3.603007747594654,62.90113151548877
3.6031876992060337,62.90113151548877
3.6032365859921414,62.908011869436194
3.6033522013857535,62.91488967179677
3.6033805403247574,62.91488967179677
3.60377238252035,62.91488967179677
3.6038073301334594,62.92176492398962
3.6038203038968493,62.92176492398962
3.603885877908073,62.928637627432806
3.6041354553824627,62.928637627432806
3.604261782627719,62.928637627432806
3.604293672938663,62.935507783543365
3.604337740768334,62.94237539373726
3.6043517852714664,62.94237539373726
3.6044292166554954,62.94237539373726
3.6045804928668286,62.949240459429426
3.6046375394874257,62.95610298203371
3.6049104012006414,62.96296296296296
3.6049805451495636,62.969820403628965
3.6050069410480714,62.976675305442434
3.6050526894597903,62.983527669813064
3.60509276517955,62.983527669813064
3.6051952310486457,62.99037749814952
3.605216213227185,62.99037749814952
3.6053722038048632,62.99722479185939
3.605603706249675,63.00406955234924
3.605635620680108,63.00406955234924
3.605750253103076,63.01091178102459
3.6057509224379647,63.01775147928994
3.60602473175117,63.024588648548715
3.6064880615935504,63.03142329020333
3.606668875922935,63.03825540565514
3.6067911298510364,63.04508499630451
3.6068783228414283,63.05191206355071
3.60696730257643,63.05191206355071
3.607147444432913,63.05191206355071
3.60726029648612,63.05873660879202
3.60733432000464,63.06555863342567
3.607399568993813,63.06555863342567
3.6077565070185336,63.06555863342567
3.6078703375523102,63.07237813884786
3.608145155696476,63.079195126453754
3.608310926010493,63.079195126453754
3.6083190777691136,63.086009597637506
3.6085768086177743,63.086009597637506
3.6087281013955956,63.09282155379221
3.608826241669622,63.09963099630996
3.608832834543342,63.10643792658182
3.6088582437716696,63.10643792658182
3.608954908900612,63.11324234599779
3.609071014551746,63.120044255946894
3.6091499119256985,63.12684365781711
3.6092987070641964,63.12684365781711
3.609371193567583,63.133640552995395
3.6094507426329923,63.14043494286767
3.609938516203745,63.14043494286767
3.6101497700830274,63.14722682881887
3.610406716364388,63.14722682881887
3.610443117563225,63.15401621223287
3.610738549685722,63.160803094492536
3.610930012823038,63.16758747697975
3.611470490884996,63.16758747697975
3.611510837169069,63.174369361075314
3.6115110545667597,63.18114874815905
3.6115274536015094,63.18792563960979
3.611615160173374,63.194700036805294
3.6116871933519192,63.194700036805294
3.612149971540568,63.194700036805294
3.612261919162223,63.20147194112236
3.61249122162329,63.20824135393672
3.6126081958170984,63.21500827662314
3.6127132647147344,63.22177271055535
3.6129225727491523,63.22853465710608
3.613175812205277,63.22853465710608
3.613322808680806,63.22853465710608
3.6133393345722453,63.23529411764706
3.6136763828959664,63.24205109354898
3.614060296409828,63.248805586181554
3.6142834046848646,63.25555759691347
3.614507040441494,63.262307127112415
3.6147172310929254,63.262307127112415
3.6148453756716337,63.26905417814509
3.614943379696814,63.27579875137715
3.6149663132966827,63.27579875137715
3.615047161303027,63.27579875137715
3.6152757499519774,63.27579875137715
3.6155487822228722,63.27579875137715
3.615659774844409,63.27579875137715
3.615798348179013,63.27579875137715
3.6158979817614356,63.282540848173305
3.6161206565209953,63.289280469897214
3.6162966649118418,63.289280469897214
3.616487393364447,63.289280469897214
3.6166253479937374,63.296017617911545
3.6170901219988427,63.30275229357798
3.6172768581211634,63.3094844982572
3.6175986309370045,63.3094844982572
3.6176960638307527,63.31621423330888
3.61780957990316,63.31621423330888
3.617850558393551,63.31621423330888
3.6182201203121305,63.32294150009169
3.6183580925902636,63.32294150009169
3.6184164219021335,63.32966629996333
3.618798973452211,63.336388634280475
3.619036897281506,63.336388634280475
3.61919355468981,63.34310850439883
3.619224497327518,63.349825911673086
3.619445416033204,63.349825911673086
3.6196319453414416,63.35654085745694
3.6196371426462473,63.36325334310313
3.6196498634871728,63.369963369963365
3.619740477715494,63.37667093938839
3.6200063119761987,63.38337605272793
3.6201306209446664,63.38337605272793
3.6203231075800923,63.38337605272793
3.620426969943157,63.38337605272793
3.6206473390536855,63.390078711330766
3.6207094065376033,63.39677891654466
3.6208787576672483,63.39677891654466
3.62099382062394,63.403476669716376
3.6211643128232525,63.41017197219173
3.6212201040790624,63.41017197219173
3.6216039721149205,63.416864825315535
3.6216225713776926,63.4235552304316
3.6216337136244645,63.4302431888828
3.6216702814774266,63.43692870201097
3.6216763741682594,63.443611771157
3.6220817191764727,63.450292397660824
3.6221325154955317,63.450292397660824
3.6222582408269814,63.45697058286132
3.62234928204093,63.46364632809646
3.622743626632159,63.4703196347032
3.6227769883560463,63.47699050401753
3.622868083611663,63.48365893737448
3.623162277797918,63.49032493610807
3.623271799544747,63.49032493610807
3.6234062903692092,63.49032493610807
3.623417669214288,63.49698850155138
3.62345013179024,63.503649635036496
3.6236198034292393,63.51030833789455
3.623840644955992,63.51696461145567
3.6238509369770764,63.51696461145567
3.624033972055729,63.52361845704906
3.624060153503248,63.52361845704906
3.6241399885572263,63.53026987600292
3.62417985341978,63.53691886964449
3.6241863044202702,63.54356543930003
3.62446204048938,63.54356543930003
3.624525568601355,63.55020958629488
3.6246192890875353,63.55020958629488
3.624683035154707,63.55685131195335
3.624872522949243,63.55685131195335
3.624880129681471,63.55685131195335
3.6249103918212886,63.56349061759884
3.6249484079141197,63.56349061759884
3.624958115675913,63.56349061759884
3.625003860422629,63.56349061759884
3.6250248980182604,63.56349061759884
3.6251758595770234,63.57012750455373
3.625178450941307,63.57676197413951
3.625231275540973,63.58339402767662
3.6252711953161727,63.59002366648462
3.6254862632298335,63.59665089188206
3.6255735627127414,63.60327570518653
3.6256530013031028,63.6098981077147
3.6258772553033,63.61651810078225
3.626065115639638,63.62313568570389
3.6260749679525786,63.62975086379342
3.626155936569927,63.63636363636363
3.626212955498615,63.63636363636363
3.626341526699562,63.64297400472642
3.6263599942608375,63.649581970192656
3.6265605637934524,63.65618753407233
3.6266273324189844,63.662790697674424
3.626847912435799,63.66939146230699
3.6270275284336626,63.67598982927716
3.6270364510630944,63.67598982927716
3.627066319664792,63.682585799891044
3.6274188825805993,63.68917937545389
3.6275004966158875,63.68917937545389
3.6275766139712973,63.68917937545389
3.627591666479108,63.695770557269924
3.6276401659534225,63.695770557269924
3.627705109732331,63.695770557269924
3.627783084733325,63.695770557269924
3.6278182676145496,63.695770557269924
3.6278780101337325,63.695770557269924
3.6281609469635097,63.70235934664247
3.6285642374429363,63.70894574487389
3.628736252892685,63.70894574487389
3.6288632316998086,63.7155297532656
3.6288851770570725,63.7155297532656
3.628915149238375,63.7155297532656
3.628917507315474,63.7155297532656
3.629058777882309,63.72211137311808
3.6291458591249817,63.72211137311808
3.62937234178693,63.72211137311808
3.6293726093561265,63.72869060573086
3.6296088331581395,63.73526745240253
3.6298374353528224,63.74184191443075
3.6299935029862858,63.748413993112194
3.63010719784229,63.748413993112194
3.630383399686625,63.75498368974266
3.6304576458902846,63.75498368974266
3.6304722007449275,63.76155100561696
3.6305047370395616,63.76811594202898
3.630575937794962,63.76811594202898
3.6306147057496263,63.77467850027168
3.630686313290839,63.781238681637085
3.630859724080192,63.781238681637085
3.631020774798981,63.78779648741626
3.6310919348580226,63.79435191889935
3.6311194701047937,63.79435191889935
3.6314285446328003,63.79435191889935
3.631452484915709,63.80090497737556
3.6318612416940312,63.80745566413319
3.6321881370057487,63.81400398045957
3.632523767815753,63.81400398045957
3.632525274111756,63.81400398045957
3.632859692389497,63.81400398045957
3.6329868556246616,63.8205499276411
3.633126715763757,63.8205499276411
3.6332440066015192,63.8205499276411
3.6334813207818946,63.82709350696329
3.6335004175001164,63.83363471971067
3.633634323522448,63.83363471971067
3.6336547729438875,63.83363471971067
3.6336766053617606,63.84017356716688
3.633907214224931,63.84017356716688
3.634203584387382,63.84017356716688
3.6342691821983815,63.84671005061461
3.6345341602020516,63.85324417133562
3.6345755781770297,63.85977593061077
3.635050892318789,63.85977593061077
3.635249787527344,63.866305329719964
3.635502796616761,63.866305329719964
3.6356235252170843,63.866305329719964
3.6356300116764677,63.8728323699422
3.636086680427429,63.87935705255554
3.636239058722153,63.87935705255554
3.636368335458272,63.88587937883713
3.636395499979207,63.88587937883713
3.6365114052256073,63.89239935006319
3.636551080366921,63.898916967509024
3.6366874271593552,63.90543223244901
3.637014612958287,63.911945146156626
3.6371138112567327,63.911945146156626
3.637226002164767,63.918455709904386
3.637455510037298,63.918455709904386
3.6379359152460724,63.924963924963926
3.638078991342153,63.924963924963926
3.6380953985879185,63.93146979260595
3.6381033546243327,63.93797331410025
3.6383026977373634,63.9444744907157
3.6389244103537757,63.95097332372026
3.6391796407300547,63.95097332372026
3.6392255153840782,63.95746981438097
3.6393357163194344,63.96396396396396
3.6393943317128796,63.96396396396396
3.639891056065765,63.96396396396396
3.639893193701501,63.97045577373446
3.6401252761007847,63.97045577373446
3.6401636061537808,63.976945244956774
3.640212780028672,63.976945244956774
3.640436716746755,63.976945244956774
3.640733368913056,63.976945244956774
3.640913829695922,63.98343237889429
3.641113584114411,63.989917176809506
3.6412742220983887,63.996399639964
3.641615614521356,64.00287976961843
3.642016262031772,64.00935756703258
3.6420715065649185,64.01583303346527
3.642076956128289,64.02230617017449
3.6420938837237533,64.02230617017449
3.6422993426796024,64.02877697841727
3.6423395623634396,64.03524545944974
3.6424286824964756,64.04171161452716
3.6426020378911357,64.04817544490383
3.642677190835102,64.05463695183322
3.6428781536302774,64.05463695183322
3.6430745604545036,64.05463695183322
3.643238859253669,64.06109613656783
3.6433244463853405,64.06109613656783
3.643326874855178,64.06755300035933
3.6436364237357854,64.07400754445841
3.6439382667738194,64.08045977011494
3.6440094629888704,64.08045977011494
3.644539328736744,64.08045977011494
3.6445812500438004,64.08690967857784
3.644673281279097,64.09335727109516
3.644795530570611,64.09980254891401
3.644951835793243,64.1062455132807
3.6451710241679445,64.11268616544051
3.6454079926584546,64.11912450663796
3.6454686832302308,64.12556053811659
3.6458725423539833,64.12556053811659
3.645913761204421,64.13199426111909
3.646033953187,64.13842567688721
3.646102061551616,64.13842567688721
3.646332203051226,64.14485478666188
3.646376508048455,64.14485478666188
3.6465092184708827,64.1512815916831
3.646512806679708,64.15770609318996
3.64709558072141,64.16412829242071
3.647372424171658,64.16412829242071
3.6473881203674994,64.17054819061269
3.647440898480334,64.17054819061269
3.6475490103718893,64.17696578900232
3.6475868872925155,64.17696578900232
3.6476637384276183,64.18338108882521
3.6479134332341623,64.18979409131602
3.6480002629113186,64.18979409131602
3.648174029394671,64.18979409131602
3.648382163588792,64.18979409131602
3.6486221686889415,64.19620479770856
3.648846319398126,64.19620479770856
3.6489279892847457,64.20261320923572
3.6490349361658696,64.20901932712957
3.649281200603427,64.20901932712957
3.6497695458370085,64.20901932712957
3.6508632417970017,64.21542315262123
3.6508912549555,64.21542315262123
3.6509993607386377,64.21542315262123
3.651003384309834,64.22182468694096
3.6510193998936504,64.22822393131818
3.651114024584884,64.22822393131818
3.651118009104124,64.22822393131818
3.6511265934907935,64.22822393131818
3.6511351398851852,64.2346208869814
3.651150215975187,64.2346208869814
3.6513007516986216,64.24101555515823
3.651323432731527,64.24740793707544
3.6514369466184293,64.25379803395889
3.6514389435090617,64.2601858470336
3.651456073524056,64.26657137752368
3.6515373829108126,64.26657137752368
3.651574979295012,64.27295462665238
3.651842476668275,64.27933559564208
3.6518875800826454,64.27933559564208
3.6520018417457973,64.28571428571429
3.6520103344055346,64.29209069808964
3.652014914728171,64.29846483398785
3.652118393254403,64.30483669462788
3.652127398603178,64.3112062812277
3.6521625089098646,64.3112062812277
3.6521681860468114,64.3112062812277
3.652479407435829,64.3112062812277
3.6527092135272428,64.31757359500446
3.6528642484383997,64.31757359500446
3.652887253437624,64.32393863717446
3.6532153771417284,64.32393863717446
3.653221224848031,64.32393863717446
3.6534976990149466,64.33030140895309
3.653514204444036,64.33030140895309
3.6538042800049695,64.33030140895309
3.65382935348624,64.33666191155493
3.653843692889809,64.34302014619362
3.6540490290590006,64.34302014619362
3.6541151211611798,64.34302014619362
3.6541258810420993,64.349376114082
3.6543206613121275,64.355729816432
3.654515309568351,64.36208125445474
3.6545485552898125,64.36208125445474
3.6545486145113957,64.36208125445474
3.6548984893427328,64.36843042936042
3.655138282419027,64.37477734235839
3.6553205153729507,64.38112199465716
3.655475797480407,64.38746438746439
3.6555298874563884,64.38746438746439
3.6555896896765425,64.38746438746439
3.6555968176430857,64.38746438746439
3.655647477691354,64.39380452198684
3.6562627082900927,64.40014239943041
3.656371470855653,64.40014239943041
3.65644556335745,64.40647802100018
3.6566578929149793,64.41281138790036
3.656749696950255,64.41914250133428
3.6568096218506505,64.41914250133428
3.656882111131537,64.42547136250445
3.6570931532587347,64.42547136250445
3.657138011894097,64.42547136250445
3.6573252916981804,64.43179797261249
3.6573427160404197,64.43812233285917
3.657357476039842,64.43812233285917
3.6575872467413673,64.43812233285917
3.657602048770773,64.43812233285917
3.6576763650224136,64.44444444444444
3.6577384909773936,64.45076430856737
3.6577992909454227,64.45708192642616
3.6579499703600327,64.4633972992182
3.657974435865356,64.46971042813999
3.6580720582858155,64.47602131438721
3.658292381666818,64.48232995915468
3.658482372435564,64.48232995915468
3.658520387530462,64.48232995915468
3.6585894246532833,64.48863636363636
3.658992347719027,64.49494052902538
3.6590113808278724,64.49494052902538
3.659196438633919,64.50124245651402
3.659201099198234,64.50124245651402
3.659294080951471,64.50754214729369
3.6594339677242846,64.513839602555
3.6595360994454964,64.513839602555
3.659547178339022,64.52013482348768
3.6595847916097792,64.5264278112806
3.6597008446059207,64.5264278112806
3.6598471732182913,64.5264278112806
3.659894278888625,64.53271856712183
3.660125559329784,64.53271856712183
3.660194879070555,64.53900709219859
3.660241274864911,64.53900709219859
3.6604078874323367,64.54529338769723
3.660693228510731,64.54529338769723
3.6609074517592664,64.55157745480327
3.660943287332155,64.5578592947014
3.6609853063004594,64.56413890857547
3.661194252437099,64.5704162976085
3.6612083293101114,64.57669146298264
3.661219051365427,64.58296440587922
3.6612529921965513,64.58923512747874
3.6613249796251965,64.59550362896088
3.661331997528474,64.59550362896088
3.6614370517756494,64.60176991150442
3.661584237806022,64.60803397628739
3.6618318329295683,64.61429582448692
3.6618857781735743,64.62055545727932
3.661889240921404,64.62055545727932
3.661962776385223,64.62055545727932
3.6621750655191234,64.62681287584012
3.6621926023811664,64.63306808134395
3.662554650266201,64.63932107496464
3.662654450593359,64.6455718578752
3.6626657077295386,64.65182043124778
3.662752494862258,64.65806679625375
3.662804384899506,64.66431095406361
3.6628396704532533,64.67055290584702
3.663079437108414,64.67055290584702
3.663154379732403,64.67679265277287
3.66321463791969,64.67679265277287
3.6632348233676066,64.68303019600918
3.663383537488475,64.68303019600918
3.6633888908200163,64.68926553672316
3.6633990403271715,64.6954986760812
3.6637197998819278,64.70172961524885
3.663942711033436,64.70172961524885
3.663948125132069,64.70172961524885
3.6640233331945935,64.70172961524885
3.6640967339237984,64.70795835539086
3.6644813816123216,64.71418489767113
3.6646224150260625,64.72040924325277
3.66466450379683,64.72663139329806
3.6647488741301393,64.73285134896844
3.6647762225490883,64.73285134896844
3.6648801053000506,64.73906911142454
3.6649291675801394,64.74528468182619
3.6651280676884213,64.74528468182619
3.665167841642913,64.75149806133238
3.665575450565415,64.75770925110133
3.6656773934570843,64.76391825229034
3.665815807795002,64.77012506605601
3.6658929529377957,64.77632969355408
3.6658960283272717,64.77632969355408
3.6659101267055436,64.77632969355408
3.666429292988902,64.78253213593943
3.666452987210691,64.7887323943662
3.6664760115535255,64.7887323943662
3.666552290748064,64.79493046998768
3.6666251167488872,64.79493046998768
3.6667118586637306,64.80112636395636
3.666738426241292,64.8073200774239
3.6669662185614573,64.81351161154116
3.6671775323664,64.81970096745823
3.667189825054131,64.8258881463243
3.6674196847326805,64.83207314928785
3.667485057222603,64.83207314928785
3.667561836862199,64.83825597749649
3.6678168522294428,64.83825597749649
3.667880922646614,64.84443663209703
3.6679224372660193,64.8506151142355
3.6679492034066477,64.8567914250571
3.6679580167470442,64.86296556570625
3.668900104963832,64.86296556570625
3.669254987184117,64.86296556570625
3.6693935932231776,64.86913753732654
3.6695431153245206,64.86913753732654
3.669570405706269,64.86913753732654
3.66976257691465,64.87530734106076
3.6698075674359147,64.87530734106076
3.669860450280403,64.87530734106076
3.6698941216519807,64.87530734106076
3.6699050859644187,64.87530734106076
3.6699209941067283,64.88147497805092
3.669949118892368,64.8876404494382
3.6701457150213845,64.893803756363
3.670159539506463,64.8999648999649
3.6701690463345025,64.9061238813827
3.6705138630973897,64.9061238813827
3.6705164186580292,64.9061238813827
3.6705686839133063,64.9061238813827
3.6706443140779954,64.91228070175438
3.6708893495362998,64.91843536221715
3.671098202459925,64.91843536221715
3.67160451052166,64.9245878639074
3.6716371900683202,64.9245878639074
3.672031959995305,64.93073820796073
3.6725617620399365,64.93073820796073
3.6725650211074594,64.93688639551192
3.673085421078481,64.943032427695
3.673248085558023,64.94917630564319
3.6732796676152533,64.94917630564319
3.673344113760662,64.94917630564319
3.67337711333196,64.95531803048887
3.673405379372629,64.95531803048887
3.6734411781779728,64.9614576033637
3.6737968772287264,64.9675950253985
3.6738110364218635,64.9675950253985
3.673900500020667,64.97373029772329
3.6739837751997415,64.97986342146734
3.6740403063664533,64.9859943977591
3.6740619741530627,64.99212322772624
3.6740899996268856,64.99824991249562
3.6744482409893227,64.99824991249562
3.674490352711127,65.00437445319335
3.6747330445899613,65.01049685094472
3.6750770960780543,65.01661710687424
3.675132606129772,65.01661710687424
3.675365318892471,65.01661710687424
3.6755954318458888,65.01661710687424
3.6756522481266796,65.01661710687424
3.675709752452634,65.01661710687424
3.675781388499789,65.02273522210564
3.6760460633454373,65.02885119776185
3.6763081308613823,65.03496503496503
3.6763636412505094,65.04107673483657
3.6764637118430117,65.04718629849702
3.6770372915784,65.05329372706622
3.6770901226650876,65.05939902166318
3.677122674576235,65.06550218340611
3.6775584460303437,65.0716032134125
3.677786949381408,65.0716032134125
3.6779242764156206,65.07770211279902
3.678045849154464,65.08379888268156
3.6784733093142044,65.08379888268156
3.6785417764494914,65.08989352417525
3.6786089322877507,65.08989352417525
3.6786609157493815,65.09598603839441
3.67884553941621,65.10207642645263
3.678914413934181,65.10816468946267
3.679034273181966,65.11425082853654
3.679052938642475,65.11425082853654
3.6790944149430764,65.11425082853654
3.6791432361419094,65.12033484478549
3.679307000414116,65.12641673931996
3.6795081876992177,65.13249651324965
3.67958695899176,65.13249651324965
3.679599948723367,65.13857416768346
3.6796039014137936,65.14464970372951
3.6796424852184435,65.14464970372951
3.679827610546323,65.14464970372951
3.680172613219739,65.14464970372951
3.680224636118606,65.15072312249521
3.680248974897688,65.1567944250871
3.680496727478485,65.16286361261105
3.680511253766237,65.16893068617206
3.680911717919718,65.17499564687445
3.680942782639467,65.18105849582173
3.681020138506702,65.18105849582173
3.6810443532954267,65.18711923411662
3.681092748917317,65.19317786286112
3.6812522805191286,65.19317786286112
3.6812777434793533,65.19923438315644
3.6813588452489556,65.19923438315644
3.6816676720011414,65.20528879610299
3.681778803704739,65.20528879610299
3.681815022280348,65.20528879610299
3.6818411462842873,65.20528879610299
3.6818621252613815,65.21134110280049
3.682026122006948,65.21739130434783
3.6822368339505744,65.22343940184315
3.682324822672454,65.22343940184315
3.6826422492356565,65.22948539638386
3.6831968512784643,65.23552928906658
3.683440778932007,65.23552928906658
3.683500923769038,65.23552928906658
3.683561839254471,65.23552928906658
3.683585338692395,65.24157108098714
3.683601932015203,65.24761077324067
3.68369274283409,65.24761077324067
3.6838792307568573,65.24761077324067
3.6840248485720495,65.25364836692147
3.684061528584437,65.25968386312316
3.684064179289158,65.26571726293852
3.6842954986419914,65.26571726293852
3.6843101120619917,65.27174856745962
3.684385221418603,65.27777777777779
3.684431670518991,65.2838048949835
3.6850527773690223,65.28982992016661
3.685137242522593,65.2958528544161
3.68524325334361,65.30187369882027
3.6852668350292066,65.30789245446661
3.685437558236712,65.3139091224419
3.685439873581325,65.31992370383215
3.6855487597828787,65.3259361997226
3.6857816948940583,65.33194661119778
3.686167398596467,65.33194661119778
3.686542162010611,65.33194661119778
3.6865824720572675,65.33194661119778
3.686692429214513,65.33194661119778
3.6867062454782036,65.33795493934143
3.68673216131699,65.34396118523654
3.686734378498203,65.34996534996536
3.687055640281373,65.35596743460938
3.687312955611812,65.36196744024939
3.6873863620622127,65.36796536796537
3.687432078164383,65.37396121883657
3.6875498222734047,65.3799549939415
3.6876459985358787,65.3799549939415
3.6876862665944965,65.38594669435791
3.6877575277615056,65.39193632116283
3.6878049526110446,65.39193632116283
3.6879988106115253,65.39792387543253
3.6881233189128184,65.40390935824252
3.688148893772674,65.40390935824252
3.6883344054539124,65.40390935824252
3.688442674751614,65.40989277066758
3.6886345306753268,65.40989277066758
3.688751530048041,65.41587411378177
3.6887951141994697,65.42185338865836
3.688948475425777,65.42783059636992
3.689027182270858,65.42783059636992
3.6892250567498084,65.43380573798825
3.689274506607225,65.43977881458441
3.6893560958655915,65.44574982722875
3.6895089026128485,65.44574982722875
3.6897052147914295,65.44574982722875
3.689728413376965,65.45171877699084
3.689729597529124,65.45768566493955
3.6898534132433074,65.46365049214297
3.689909359549149,65.4696132596685
3.689930837571297,65.47557396858276
3.689949658827174,65.48153261995168
3.690090424280821,65.48748921484038
3.6902989019111603,65.49344375431332
3.6903002933866484,65.49344375431332
3.6903072205362655,65.49939623943419
3.6906284606291795,65.50534667126595
3.690822468360932,65.51129505087084
3.6908484639876575,65.51724137931035
3.6908559698266274,65.51724137931035
3.691234830393373,65.51724137931035
3.691286922843244,65.52318565764523
3.691315964606183,65.52912788693554
3.69133859845338,65.53506806824056
3.691580992295391,65.54100620261887
3.6916198166673095,65.54100620261887
3.691661263988149,65.54100620261887
3.6918108531789775,65.54100620261887
3.6918177510017554,65.54100620261887
3.6918652804142202,65.54694229112835
3.6923932961528108,65.55287633482604
3.69255048084595,65.55287633482604
3.692782941671782,65.55880833476839
3.6927936278854587,65.56473829201101
3.692800533683864,65.56473829201101
3.692869852933647,65.56473829201101
3.6930238604794208,65.57066620760888
3.6931101555748054,65.57659208261619
3.693344635467811,65.57659208261619
3.6934221109709635,65.58251591808639
3.6938878505280073,65.58251591808639
3.693919534697883,65.58843771507227
3.694021030624567,65.59435747462584
3.694085975431254,65.59435747462584
3.6941081127028057,65.60027519779842
3.694288781938948,65.60619088564059
3.6946000547896674,65.61210453920219
3.6947202470701694,65.61210453920219
3.694899068322727,65.61210453920219
3.6949062835747584,65.6180161595324
3.6949798896567394,65.6239257476796
3.6954109585145236,65.62983330469153
3.6956453848370665,65.62983330469153
3.6961033230153264,65.63573883161511
3.696165862821628,65.63573883161511
3.6962152163469577,65.64164232949665
3.6962690290097684,65.64754379938165
3.696302401866201,65.65344324231496
3.696425619654742,65.65344324231496
3.696453846224433,65.65934065934066
3.6966533234192336,65.66523605150213
3.696874568802913,65.67112941984209
3.6969921358221547,65.67112941984209
3.697254952165452,65.67112941984209
3.6973431130639107,65.67702076540243
3.6974311796621815,65.67702076540243
3.6975718303598386,65.68291008922444
3.6977941859401096,65.68879739234859
3.6984992640483925,65.68879739234859
3.6985565282920088,65.68879739234859
3.6985975153523425,65.69468267581475
3.6986042699767787,65.70056594066199
3.698908451882512,65.70644718792867
3.698977765581892,65.70644718792867
3.699426418607271,65.70644718792867
3.6994266714726773,65.70644718792867
3.6996045476634567,65.7123264186525
3.699670977359099,65.71820363387042
3.6999226459436803,65.72407883461868
3.700105858595263,65.72407883461868
3.70020724152547,65.72995202193283
3.7002218028943568,65.7358231968477
3.7002953231924627,65.7358231968477
3.7004024712350154,65.7416923603974
3.7004714333064723,65.7416923603974
3.70059512801525,65.74755951361536
3.700773944489574,65.75342465753424
3.7008278252709967,65.75342465753424
3.7009518072070073,65.75342465753424
3.7011497833964895,65.75342465753424
3.7014325956619025,65.75928779318609
3.7015199600406348,65.76514892160219
3.7015373427466307,65.77100804381311
3.7017270730330276,65.77100804381311
3.701795002904076,65.77686516084873
3.7018585980117193,65.77686516084873
3.702260006326043,65.77686516084873
3.702372437165683,65.77686516084873
3.7031269809152656,65.78272027373824
3.703272557042116,65.7885733835101
3.703454531353096,65.7885733835101
3.7035003524126657,65.7885733835101
3.703610124128531,65.79442449119206
3.703730033774457,65.80027359781123
3.7037769353580434,65.8061207043939
3.7044881445321636,65.8119658119658
3.704621166535885,65.8119658119658
3.7048302066750467,65.8119658119658
3.7049999058823038,65.81780892155187
3.7052462309040197,65.82365003417635
3.7053675950311877,65.82365003417635
3.7054764257009087,65.82948915086281
3.7055247819949866,65.83532627263409
3.7055525200907327,65.83532627263409
3.7055721935750556,65.84116140051238
3.7056159054066082,65.84699453551912
3.7056539708677496,65.84699453551912
3.7056839109954205,65.85282567867509
3.7057057298572533,65.85865483100034
3.706175405206756,65.85865483100034
3.7062786731042774,65.86448199351426
3.7063573989086307,65.8703071672355
3.7067018251993304,65.8703071672355
3.706871465572513,65.87613035318205
3.707199929556834,65.8819515523712
3.7073058684168054,65.8819515523712
3.707334125680093,65.88777076581954
3.7073430712394413,65.89358799454298
3.7079212760527653,65.89358799454298
3.707952071653626,65.89358799454298
3.7079947900323966,65.8994032395567
3.708688572057767,65.9052165018752
3.7087423432851208,65.91102778251235
3.708935114101558,65.91102778251235
3.7091507950597453,65.91683708248125
3.7094049842003876,65.92264440279433
3.7094797955423733,65.92844974446336
3.7096395892642575,65.9342531084994
3.709778669986193,65.9342531084994
3.709788914795723,65.9342531084994
3.7098328638384115,65.9400544959128
3.710004964298007,65.94585390771326
3.7102535796914506,65.94585390771326
3.710496785339882,65.95165134490976
3.7107506917355355,65.95744680851064
3.7109522176356844,65.96324029952349
3.71118426547333,65.96324029952349
3.711415678268427,65.96903181895524
3.7114159049440607,65.97482136781218
3.711424613072826,65.98060894709985
3.71155450657619,65.98639455782312
3.7118660961705254,65.99217820098623
3.71202274189238,65.99795987759266
3.7121417183953285,65.99795987759266
3.712193022878089,65.99795987759266
3.7122424800269695,66.00373958864525
3.7123630008073314,66.00373958864525
3.712518755942016,66.00951733514616
3.7126371980374366,66.00951733514616
3.7126636267677817,66.01529311809685
3.7127414862007018,66.02106693849812
3.712806804664841,66.0268387973501
3.7128124336280246,66.03260869565217
3.7128878137891994,66.03837663440314
3.7129379669437537,66.04414261460101
3.712995921989115,66.04414261460101
3.7133327878658453,66.04414261460101
3.713660546080786,66.04414261460101
3.7136733334229888,66.04990663724325
3.71373477739226,66.04990663724325
3.7139451414307865,66.05566870332655
3.713947199693603,66.06142881384693
3.714140955265774,66.06718696979979
3.7141748041469866,66.0729431721798
3.7144675722740677,66.0729431721798
3.7145048191780794,66.078697421981
3.714550185275341,66.08444972019672
3.7147925943003854,66.08444972019672
3.7149501480657876,66.09020006781961
3.715106173677414,66.09020006781961
3.7155810525958417,66.09020006781961
3.7158787079874918,66.09594846584167
3.716120260250431,66.10169491525424
3.7161738190589957,66.10743941704796
3.716615076292784,66.11318197221281
3.716726196958501,66.1189225817381
3.7167293008782445,66.12466124661248
3.71682145974359,66.13039796782387
3.716844551562593,66.13613274635964
3.71693663665869,66.14186558320637
3.7170252758275875,66.14759647935003
3.717067633059313,66.15332543577594
3.717555962688606,66.15332543577594
3.717658816219048,66.15905245346869
3.717698546366872,66.16477753341228
3.717880118878536,66.17050067658998
3.718052855198715,66.17622188398444
3.718173017355735,66.17622188398444
3.718284788439183,66.17622188398444
3.7183106000590205,66.18194115657762
3.7183415981304537,66.1876584953508
3.718485611785094,66.19337390128464
3.7191438764480056,66.19908737535913
3.719555884247724,66.20479891855356
3.7195857321560197,66.21050853184659
3.719666731560483,66.21050853184659
3.719783272320675,66.21621621621621
3.71987322307499,66.22192197263975
3.720355948627518,66.2276258020939
3.7206376310628526,66.23332770555461
3.720669060148661,66.23902768399729
3.7207715921101743,66.24472573839662
3.7209094966677423,66.25042186972662
3.721101415057482,66.25042186972662
3.7213737171055037,66.25611607896069
3.721521794073273,66.26180836707152
3.7216814130621563,66.26749873503121
3.7216866956694674,66.27318718381113
3.7219658954443355,66.27318718381113
3.7219956903579514,66.27318718381113
3.7221287794031785,66.27887371438206
3.7221525995323375,66.27887371438206
3.722337812730926,66.2845583277141
3.7224514797058137,66.2845583277141
3.7227197957455678,66.29024102477668
3.7227475864968684,66.29592180653859
3.722839212762945,66.29592180653859
3.722979462742074,66.30160067396798
3.7230485428965903,66.30160067396798
3.723060068283338,66.30727762803235
3.7233145666893974,66.3129526696985
3.7233272832841497,66.3129526696985
3.7233583506484753,66.3129526696985
3.7237810172445203,66.31862579993265
3.7238108279311355,66.32429701970028
3.723915378644845,66.32996632996633
3.7240826774521794,66.32996632996633
3.7242079476646834,66.32996632996633
3.7242381421796,66.335633731695
3.724278023159277,66.335633731695
3.724327453989181,66.34129922584988
3.7243288992171584,66.34129922584988
3.7244927304767472,66.34129922584988
3.72458690910123,66.3469628133939
3.72476197557253,66.3469628133939
3.7251962675054586,66.35262449528938
3.725435129860232,66.3582842724979
3.7257752957442065,66.3582842724979
3.7259619900265184,66.36394214598049
3.7261289579819317,66.36959811669749
3.7261624077062767,66.37525218560862
3.7262540305510172,66.37525218560862
3.726269320194256,66.37525218560862
3.726477199234435,66.38090435367289
3.726631541611765,66.38090435367289
3.72672664187191,66.38090435367289
3.726747206640108,66.38655462184873
3.726964160724117,66.38655462184873
3.7271338868142205,66.38655462184873
3.7273319107128877,66.39220299109392
3.727393516556305,66.39220299109392
3.727430207815043,66.39784946236558
3.7274988728248384,66.40349403662019
3.727765506470548,66.40913671481357
3.727803109483891,66.40913671481357
3.727902230506148,66.41477749790093
3.7280499424434397,66.4204163868368
3.7282621654612322,66.42605338257512
3.728754943619838,66.43168848606915
3.7290753741273424,66.43732169827152
3.7291341330213346,66.44295302013423
3.7291730147650393,66.44295302013423
3.7294381235502563,66.44295302013423
3.729470854559055,66.44295302013423
3.729575227369734,66.44858245260862
3.7295775531931885,66.45420999664542
3.7296141534995924,66.45420999664542
3.729857216447364,66.4598356531947
3.729896423418406,66.4598356531947
3.7299092608346998,66.4654594232059
3.7299487846444235,66.47108130762783
3.730077536055036,66.47670130740865
3.730168321280342,66.4823194234959
3.730365954589906,66.48793565683646
3.7304768704547464,66.48793565683646
3.730494220710616,66.49355000837662
3.730586615470609,66.49916247906198
3.7307792207380537,66.50477306983755
3.730842618075887,66.51038178164768
3.730921060539225,66.51598861543613
3.7309557155577937,66.52159357214596
3.7309670209986536,66.52719665271967
3.7309886193025497,66.53279785809906
3.731017428601917,66.53279785809906
3.731019655132133,66.53839718922536
3.7314959630805595,66.54399464703914
3.731542959065936,66.54959023248036
3.731549249333228,66.54959023248036
3.7315841266264047,66.5551839464883
3.7321065909319597,66.56077579000167
3.7322041269804145,66.56636576395854
3.7322430061104215,66.57195386929634
3.7322506525277146,66.57754010695187
3.7323479283379646,66.58312447786132
3.732404959772742,66.58870698296025
3.7329591453095317,66.59428762318356
3.7330515277587297,66.59428762318356
3.7332838690465375,66.59428762318356
3.73330193926194,66.59428762318356
3.7333750770684184,66.59428762318356
3.7335642813244396,66.5998663994656
3.733638218944277,66.60544331274002
3.733710903862807,66.6110183639399
3.7338102034255436,66.6110183639399
3.7338114269524945,66.61659155399767
3.733937860022979,66.62216288384512
3.7340280298591395,66.62773235441348
3.734055419282094,66.62773235441348
3.7342009891244285,66.6332999666333
3.7344759134659617,66.6332999666333
3.734530944317363,66.63886572143453
3.73454795128992,66.64442961974649
3.7348796644750606,66.64442961974649
3.7349400712062604,66.64442961974649
3.7355996196021444,66.64442961974649
3.7356271317384495,66.64999166249792
3.7359755449825123,66.65555185061687
3.7362156910210924,66.66111018503084
3.7362537406090883,66.66111018503084
3.73632458438886,66.66666666666666
3.7363252782253165,66.6722212964506
3.7364098461995847,66.6722212964506
3.7365297393995784,66.67777407530822
3.736671471472856,66.68332500416459
3.7366845124625447,66.68332500416459
3.7374639022441905,66.68332500416459
3.737466553175006,66.68887408394404
3.7375476472257945,66.69442131557037
3.737789143594577,66.69442131557037
3.7382485546981408,66.6999666999667
3.738260644061757,66.7055102380556
3.7383179172153667,66.7055102380556
3.7383446346947675,66.7055102380556
3.7384512764324165,66.711051930759
3.738476724246836,66.711051930759
3.738564156853662,66.71659177899816
3.738982545359558,66.72212978369384
3.7392730319127403,66.72766594576609
3.739317153075402,66.73320026613439
3.7394872689394383,66.73873274571761
3.739962887176909,66.73873274571761
3.7400160118203845,66.74426338543398
3.7402149825053783,66.74979218620116
3.7402291948186552,66.75531914893617
3.740278187551769,66.75531914893617
3.740429936942264,66.75531914893617
3.740575739127651,66.76084427455542
3.740684947367732,66.76636756397474
3.740883363841868,66.77188901810932
3.740940726904739,66.77740863787376
3.741635367155316,66.78292642418204
3.741752519241947,66.78844237794752
3.7418736593543076,66.79395650008301
3.7422231895145837,66.79395650008301
3.742433271998185,66.79395650008301
3.742800326052913,66.79395650008301
3.742964174544617,66.79946879150066
3.7430853304245906,66.80497925311202
3.7431856852438465,66.81048788582807
3.7432419320117822,66.81599469055915
3.7432640039263076,66.821499668215
3.7432722489301087,66.82700281970476
3.7436686561476327,66.83250414593698
3.7437651218122685,66.83250414593698
3.7439166798856522,66.83250414593698
3.743971092467007,66.83250414593698
3.744058932646845,66.83250414593698
3.7441326034108853,66.8380036478196
3.744336148049775,66.84350132625994
3.7445087493146376,66.84899718216477
3.7445402165170196,66.85449121644017
3.744707550469911,66.85449121644017
3.7448844900795195,66.85998342999171
3.7449096502969006,66.85998342999171
3.744969522352684,66.86547382372432
3.7450451974772436,66.87096239854232
3.7453189211937863,66.87096239854232
3.7453739424404695,66.87096239854232
3.7456312218096985,66.87644915534945
3.745795658740104,66.87644915534945
3.745855909868085,66.88193409504885
3.7458771484172995,66.88741721854305
3.74598710738668,66.89289852673397
3.7460347940139522,66.89837802052301
3.746159505888609,66.90385570081085
3.7462572747403136,66.90933156849769
3.7463796888818184,66.90933156849769
3.746402672529622,66.91480562448304
3.74649903032359,66.9202778696659
3.746900193568068,66.9257483049446
3.7469516450005838,66.9257483049446
3.746974832027168,66.9257483049446
3.747110898528747,66.93121693121694
3.7472368187504626,66.93668374938007
3.7473387671283866,66.93668374938007
3.74739830853894,66.94214876033058
3.7475098898577217,66.94761196496447
3.747516667370052,66.95307336417713
3.747842613221048,66.95853295886337
3.7478752845125003,66.96399074991741
3.7481039246133836,66.96399074991741
3.7484422317722883,66.96944673823286
3.7484689886081566,66.97490092470278
3.748601456451851,66.97490092470278
3.7487343495891,66.98035331021957
3.7487451261761664,66.98580389567515
3.748782407847487,66.98580389567515
3.7487977851291028,66.98580389567515
3.748865877144003,66.99125268196072
3.7490346896061815,66.99125268196072
3.749576211736957,66.996699669967
3.7496409223853107,66.996699669967
3.7496575606301503,66.996699669967
3.749824577808444,66.996699669967
3.749834498700556,67.00214486058407
3.749854107301617,67.00758825470142
3.7498975470732496,67.00758825470142
3.7499091266576334,67.00758825470142
3.7504732635095595,67.01302985320798
3.751367814975815,67.01846965699208
3.7513850777752684,67.02390766694147
3.7514412372797583,67.02390766694147
3.7514958886082197,67.02390766694147
3.751496079137025,67.02390766694147
3.7517280616559745,67.0293438839433
3.7517605681323114,67.03477830888413
3.7520991096134244,67.04021094264996
3.7521381427221727,67.04564178612623
3.7521873871928864,67.0510708401977
3.7523448772384276,67.0510708401977
3.752414459166994,67.0510708401977
3.752555788224898,67.0510708401977
3.752616626062815,67.05649810574864
3.7528054426663133,67.06192358366272
3.752831801354192,67.06734727482299
3.753001350514954,67.06734727482299
3.7531528274466734,67.07276918011196
3.753248449653534,67.07276918011196
3.753459914296122,67.07818930041152
3.753470385112935,67.08360763660302
3.75350912847885,67.08360763660302
3.753579557003187,67.08902418956723
3.7537248863118373,67.08902418956723
3.753824504820769,67.08902418956723
3.7538949950030918,67.09443896018426
3.754300823920923,67.09985194933378
3.7543189795582776,67.09985194933378
3.754442356063481,67.10526315789474
3.7544509863825573,67.10526315789474
3.754619859838344,67.11067258674561
3.7547139927099193,67.11067258674561
3.7549507200408363,67.11067258674561
3.7550789131335724,67.11067258674561
3.755083877969805,67.11067258674561
3.7552309956495984,67.11608023676422
3.7552713208652566,67.11608023676422
3.755280143435752,67.11608023676422
3.7552864095225034,67.12148610882788
3.755366718487229,67.12689020381329
3.7555273953957,67.13229252259654
3.7556667801186303,67.13229252259654
3.755718440134541,67.13229252259654
3.755761216093712,67.13229252259654
3.755770688219077,67.13769306605325
3.75577326932147,67.14309183505833
3.7557887737958797,67.14309183505833
3.7558912497328807,67.1484888304862
3.755926575458713,67.15388405321072
3.7560866561003237,67.15927750410509
3.756514803810705,67.16466918404203
3.7566147898181317,67.16466918404203
3.7566287266536205,67.17005909389363
3.7566425121861133,67.17005909389363
3.7567148116246085,67.17005909389363
3.7568102385561732,67.17005909389363
3.756898301449281,67.17544723453143
3.7575174058171448,67.18083360682638
3.7575876237920065,67.18083360682638
3.757682399499309,67.18083360682638
3.7577435744076815,67.18083360682638
3.758001137520507,67.18083360682638
3.7580416388696105,67.18083360682638
3.758212636419336,67.18083360682638
3.7582984339298466,67.18083360682638
3.7584964853837888,67.18083360682638
3.7586758875665365,67.18621821164889
3.758774519163569,67.19160104986877
3.7589790296414822,67.19698212235525
3.7590688639958936,67.19698212235525
3.7591038212042047,67.20236142997705
3.759678250860881,67.20773897360223
3.759808365417146,67.20773897360223
3.759885885937027,67.21311475409836
3.759991704066302,67.21311475409836
3.759999132916127,67.21311475409836
3.76030133303963,67.2184887723324
3.7607602103066737,67.22386102917076
3.760836805611938,67.22386102917076
3.7614457563778254,67.22923152547928
3.7615877616542135,67.22923152547928
3.761730694348291,67.2346002621232
3.761756558611133,67.23996723996723
3.761773802067058,67.24533245987553
3.761775225245085,67.25069592271164
3.761839636512792,67.25069592271164
3.7618789125870076,67.25605762933857
3.761950975825833,67.25605762933857
3.7620623404520486,67.26141758061875
3.7620704557412723,67.26141758061875
3.762268105143454,67.26677577741408
3.7623664803602037,67.26677577741408
3.7624108779113388,67.26677577741408
3.762440336674089,67.27213222058583
3.7625854330496873,67.27213222058583
3.7626812468354314,67.27748691099477
3.7628893459358084,67.28283984950106
3.763061532569607,67.28819103696434
3.7631119954968706,67.28819103696434
3.763242041457358,67.28819103696434
3.763363531913249,67.29354047424366
3.7635140004381515,67.29888816219751
3.7636074445088865,67.30423410168383
3.764110698252994,67.30957829356
3.764153256544843,67.31492073868279
3.7642909222191827,67.31492073868279
3.7644752520610525,67.3202614379085
3.7645876471311595,67.3202614379085
3.7646324634739394,67.3202614379085
3.7647145813770115,67.3202614379085
3.7647180482670226,67.3202614379085
3.764890393426825,67.3256003920928
3.764968178852614,67.3256003920928
3.7650026792204585,67.3256003920928
3.765343430327284,67.33093760209083
3.7660514441300377,67.33093760209083
3.7661412482207863,67.33627306875715
3.7663073620321823,67.34160679294578
3.766839782598558,67.34160679294578
3.766935610359761,67.3469387755102
3.766952459529995,67.3522690173033
3.7669675334176853,67.35759751917742
3.767066788217501,67.35759751917742
3.7671374145928325,67.36292428198433
3.7673161830139916,67.36824930657531
3.7673524490698016,67.36824930657531
3.767420522473978,67.37357259380097
3.767505172307119,67.37357259380097
3.767527040395428,67.3788941445115
3.767535484715063,67.3788941445115
3.7676857016842726,67.38421395955643
3.7678870071929342,67.38953203978477
3.7678937963306964,67.394848386045
3.7679940606052353,67.394848386045
3.7681866416778864,67.40016299918501
3.768267053466432,67.40547588005215
3.7684002621658124,67.41078702949324
3.768453420732093,67.41078702949324
3.7684553992422005,67.41609644835451
3.768461593269664,67.42140413748167
3.7685402965505723,67.42671009771986
3.768559290310067,67.4320143299137
3.7687789195449106,67.43731683490721
3.768792348877186,67.44261761354387
3.7688857576866877,67.44791666666666
3.7689293770373467,67.44791666666666
3.7689821081216626,67.45321399511798
3.7689885510146586,67.45321399511798
3.769178080712536,67.45321399511798
3.769567839834817,67.45321399511798
3.7695958082125305,67.45850959973967
3.7697651090777193,67.45850959973967
3.7698555500110515,67.46380348137303
3.770003223739896,67.46380348137303
3.7700491234382234,67.46909564085881
3.77014871924928,67.47438607903725
3.770333693844375,67.47967479674797
3.7705244529492483,67.47967479674797
3.770657627671586,67.47967479674797
3.7707255417805685,67.48496179483011
3.7707930297201995,67.49024707412224
3.770854279603957,67.49024707412224
3.7708558129200744,67.49553063546237
3.77096902420354,67.50081247968801
3.7710194049894534,67.50081247968801
3.7710227696000596,67.50609260763608
3.771144301440301,67.51137102014295
3.771255979525319,67.5166477180445
3.7713300376702223,67.5166477180445
3.7714086159094893,67.5166477180445
3.7714818055108483,67.52192270217603
3.7715019456689087,67.5271959733723
3.7715116956171633,67.5271959733723
3.7715196193196716,67.53246753246754
3.771850599112369,67.5377373802954
3.7718698077576094,67.5377373802954
3.771926678573516,67.54300551768905
3.7719549143207503,67.5482719454811
3.772039909417501,67.5482719454811
3.7720575576475044,67.5482719454811
3.7722864010353496,67.5482719454811
3.7723142140836003,67.55353666450357
3.7723190317933826,67.55353666450357
3.7725041390364367,67.55353666450357
3.7725945113951598,67.55353666450357
3.772677036368761,67.558799675588
3.7726928884606634,67.56406097956535
3.773018059392447,67.56932057726608
3.7733928963751766,67.56932057726608
3.773576361168666,67.5745784695201
3.773801580828448,67.57983465715675
3.7739619053755282,67.58508914100486
3.7739993005946717,67.58508914100486
3.7741532310806285,67.59034192189273
3.7743217431335268,67.5955930006481
3.7744117348286856,67.5955930006481
3.7746033739193354,67.60084237809816
3.7749400919143463,67.60609005506964
3.7753008625906674,67.61133603238866
3.7753024822528922,67.61658031088082
3.77532727753863,67.61658031088082
3.7757222642322925,67.61658031088082
3.775743973996112,67.62182289137122
3.77585899408168,67.62706377468436
3.77597099006003,67.63230296164427
3.77604591915713,67.63230296164427
3.776650985179785,67.63754045307444
3.7767776291192776,67.64277624979776
3.776832203271885,67.64801035263669
3.7774235573348798,67.64801035263669
3.777536860728687,67.65324276241307
3.7775887277124607,67.65847347994826
3.777878795880862,67.66370250606305
3.7778991698294435,67.66892984157775
3.7779276787876688,67.6741554873121
3.778040592448314,67.67937944408533
3.7780429982631665,67.6846017127161
3.778157250045726,67.68982229402262
3.7781653270333675,67.69504118882249
3.7782634484661344,67.70025839793283
3.778386327512072,67.70547392217019
3.7789492005593934,67.71068776235066
3.779045765324788,67.71068776235066
3.779047884026738,67.71068776235066
3.7791075636353715,67.71589991928974
3.7792092806875104,67.71589991928974
3.7793708379741444,67.71589991928974
3.779606885249521,67.72111039380245
3.7796622380191747,67.72631918670325
3.7798016494527027,67.73152629880606
3.780143899044677,67.73152629880606
3.780301475579046,67.73673173092433
3.780305379901392,67.74193548387096
3.780335722263013,67.74713755845832
3.7804218146583803,67.74713755845832
3.7804506311786605,67.75233795549823
3.7805281346369846,67.75753667580203
3.7809224157497257,67.76273372018052
3.7809707213168253,67.767929089444
3.7809859174867655,67.77312278440219
3.781057277233782,67.77831480586435
3.7813728396893365,67.78350515463917
3.7814064740019613,67.78869383153487
3.7814646159515273,67.7938808373591
3.7814804704949223,67.79906617291901
3.7814870341319438,67.80424983902125
3.7815036943034785,67.80943183647192
3.781616898477742,67.80943183647192
3.7817107434313644,67.8146121660766
3.7818338327783323,67.8146121660766
3.781941182702195,67.8146121660766
3.7822488933261376,67.8197908286404
3.782252991540149,67.82496782496783
3.7822561942525486,67.83014315586296
3.782381779790532,67.83014315586296
3.7824845724858593,67.83014315586296
3.782611626497367,67.8353168221293
3.782810777754147,67.8353168221293
3.7828426115639107,67.84048882456986
3.7830326299344383,67.84048882456986
3.783079932376245,67.84565916398714
3.783172919032473,67.84565916398714
3.7833380977271354,67.84565916398714
3.783347412619765,67.85082784118309
3.7835019213736993,67.85082784118309
3.7835184823372847,67.85082784118309
3.7836416784912585,67.85599485695919
3.783671985240908,67.86116021211635
3.783769924210077,67.86632390745501
3.7837854930126924,67.86632390745501
3.783808098603017,67.8714859437751
3.7838368771155695,67.876646321876
3.7839835786260574,67.8818050425566
3.7840277774809277,67.88696210661529
3.784083050147234,67.89211751484989
3.7841441283855692,67.89211751484989
3.784262945150349,67.89727126805778
3.7845695723538686,67.89727126805778
3.784785493280308,67.89727126805778
3.78482675781032,67.89727126805778
3.785000944598749,67.9024233670358
3.785162795408224,67.9024233670358
3.7851781340018653,67.90757381258024
3.785345288975734,67.91272260548692
3.7853548669696506,67.91272260548692
3.7857588613054522,67.91272260548692
3.785869114326295,67.91272260548692
3.7859329897614042,67.91786974655118
3.7861857915524912,67.92301523656776
3.786340101016335,67.92815907633099
3.786480363853691,67.9333012666346
3.7866395252223977,67.93844180827188
3.786769805881002,67.94358070203558
3.78685158891933,67.94871794871796
3.787109283380614,67.94871794871796
3.7875632763241027,67.95385354911072
3.787563443202976,67.95385354911072
3.7877652330232476,67.95898750400514
3.78778052098132,67.95898750400514
3.788087260996529,67.95898750400514
3.7882060366074715,67.96411981419189
3.7882119023725256,67.96411981419189
3.788308308343635,67.96411981419189
3.7883549330865813,67.96925048046124
3.7883671595688018,67.96925048046124
3.788432991225094,67.97437950360288
3.788461237413,67.97950688440602
3.7885122640713704,67.97950688440602
3.788660044251271,67.97950688440602
3.7888449105965085,67.98463262365935
3.7888930519726176,67.98463262365935
3.788960599474248,67.98975672215109
3.789209652610096,67.9948791806689
3.7892361430119763,67.9948791806689
3.7892717792908,68.0
3.7892954968745687,68.00511918093105
3.789593861006227,68.01023672424824
3.7897913338711757,68.01023672424824
3.7898556123082394,68.01535263073724
3.7899102767593575,68.02046690118324
3.7900202479322087,68.02557953637091
3.7901460540671823,68.03069053708441
3.7901960823306835,68.03579990410739
3.790277516472384,68.04090763822308
3.7905748678892492,68.04090763822308
3.790591991252251,68.04090763822308
3.7906775784927786,68.0460137402141
3.7906980956280534,68.05111821086261
3.7908119399869387,68.05622105095033
3.790881864446864,68.06132226125838
3.7908941053590444,68.06642184256746
3.790935721826746,68.07151979565774
3.790966706759628,68.07661612130886
3.79117712450077,68.08171082030003
3.79134737558785,68.08680389340992
3.79141608755455,68.08680389340992
3.7914847924056803,68.09189534141672
3.79165215728798,68.09189534141672
3.791657917595015,68.09189534141672
3.791752846847179,68.0969851650981
3.7917716284618685,68.10207336523126
3.7918564579178007,68.10715994259289
3.791874730764214,68.11224489795919
3.7918941920964264,68.11732823210586
3.791954466032324,68.12240994580809
3.7919936279511126,68.12240994580809
3.792571346570701,68.12240994580809
3.792594678197127,68.12240994580809
3.792784735099516,68.12240994580809
3.792817878603797,68.12240994580809
3.792983323030509,68.12749003984064
3.7931904587893666,68.12749003984064
3.793364721889833,68.13256851497769
3.793418318195854,68.13764537199299
3.793689793130793,68.14272061165977
3.79371167825533,68.14779423475076
3.7939232632173003,68.15286624203821
3.793936413088563,68.1579366342939
3.794016133915629,68.16300541228908
3.7943913485568745,68.16807257679453
3.794702930124005,68.16807257679453
3.794722116094375,68.16807257679453
3.7950377987113706,68.16807257679453
3.7951298904370976,68.16807257679453
3.7951778961644074,68.17313812858052
3.7954812726248126,68.17820206841687
3.7955723268276698,68.17820206841687
3.795739434337769,68.18326439707286
3.795773297818077,68.18832511531731
3.7958540179304703,68.19338422391857
3.795972791775397,68.19844172364445
3.7962987859795905,68.20349761526232
3.796334751461915,68.20855189953903
3.7964283906143876,68.21360457724094
3.7965056484635165,68.21865564913396
3.796532664831421,68.22370511598348
3.7965478553297993,68.22875297855441
3.7966170208217966,68.23379923761118
3.7968941007383794,68.23884389391773
3.7969970627782375,68.24388694823753
3.797110055866105,68.24892840133354
3.797234348651859,68.24892840133354
3.797266749190309,68.24892840133354
3.797713587825702,68.25396825396825
3.797729612908061,68.25396825396825
3.797914864669312,68.25396825396825
3.798014915986893,68.25396825396825
3.798153010079432,68.25396825396825
3.798201388764442,68.25396825396825
3.7982398028948183,68.25396825396825
3.798321612566328,68.25900650690366
3.798617724930979,68.2640431609013
3.7988263934155952,68.2690782167222
3.798828364322028,68.2741116751269
3.79890328411775,68.2741116751269
3.7989314233239653,68.2791435368755
3.7992279162560347,68.2791435368755
3.79948071957562,68.2791435368755
3.79954847098062,68.2791435368755
3.7996976362091814,68.2791435368755
3.7997644364806966,68.2791435368755
3.800090827089267,68.2791435368755
3.8002722672548073,68.28417380272757
3.8002951679394763,68.28920247344222
3.8003310934158954,68.29422954977807
3.8004442291889013,68.29925503249326
3.800471922635087,68.30427892234549
3.8005361918103175,68.3093012200919
3.800663891974685,68.31432192648923
3.800841225531564,68.31432192648923
3.8009197541771,68.31432192648923
3.801173448815239,68.31432192648923
3.8012460958292125,68.31432192648923
3.8012590357291214,68.31934104229369
3.8013156712280955,68.32435856826102
3.801341643911784,68.32937450514648
3.801349738061849,68.32937450514648
3.801402140735055,68.32937450514648
3.8014357923427062,68.32937450514648
3.801507256509662,68.32937450514648
3.801621866333659,68.33438885370488
3.801697915999845,68.33438885370488
3.8017006998808145,68.33940161469052
3.801744653817954,68.34441278885723
3.8017708924386824,68.34441278885723
3.8019699306305044,68.34441278885723
3.802188653083331,68.34441278885723
3.802488042040202,68.34441278885723
3.80268492089764,68.34942237695839
3.8031461251143948,68.35443037974683
3.803158410854222,68.35443037974683
3.8032606916745544,68.35443037974683
3.8032776615802653,68.35943679797501
3.8034656733028624,68.35943679797501
3.8034945445570005,68.36444163239481
3.8035099184081855,68.36444163239481
3.8036783171658253,68.36944488375771
3.8037600341796014,68.37444655281467
3.803990597101003,68.37444655281467
3.804035069394744,68.37444655281467
3.80416926558911,68.37444655281467
3.8041825616443594,68.37444655281467
3.8042250015954804,68.37944664031622
3.8044254496494534,68.37944664031622
3.8046498099541295,68.37944664031622
3.8047277945685907,68.38444514701233
3.8047454748865857,68.38944207365259
3.804760373536956,68.3944374209861
3.8048307538931843,68.39943118976142
3.804932535227889,68.39943118976142
3.80503973040276,68.4044233807267
3.8050678626921535,68.4094139946296
3.8050856667248003,68.41440303221731
3.8054801086794523,68.41440303221731
3.8054999563442866,68.41939049423654
3.80557731261828,68.41939049423654
3.805994774623724,68.41939049423654
3.8060329140488545,68.42437638143353
3.8061945604493346,68.42936069455406
3.8063285211402027,68.43434343434343
3.806455022240541,68.43932460154647
3.806573134096643,68.44430419690755
3.80663148862826,68.44430419690755
3.8066390932338248,68.44430419690755
3.80672322803194,68.44928222117052
3.806780560538995,68.45425867507886
3.806798386430295,68.45425867507886
3.8069663136261145,68.45425867507886
3.807104446615768,68.45923355937549
3.80711975435445,68.4642068748029
3.8071222596658747,68.4642068748029
3.807153923575247,68.46917862210312
3.807212677744411,68.46917862210312
3.807265615580057,68.46917862210312
3.807304111087453,68.47414880201765
3.807387457178919,68.47414880201765
3.8076726187586547,68.47911741528763
3.807764124127943,68.48408446265364
3.808178441946308,68.48904994485584
3.8082258412394987,68.49401386263389
3.8083998725566004,68.49897621672704
3.8084251158896367,68.49897621672704
3.8084475853424045,68.49897621672704
3.8085037717961043,68.49897621672704
3.808706850083346,68.49897621672704
3.8087326951390987,68.49897621672704
3.8088535809843376,68.50393700787401
3.808868110727853,68.5088962368131
3.809074170797342,68.51385390428212
3.8091697568088208,68.51881001101842
3.809182681759886,68.51881001101842
3.809190475312804,68.5237645577589
3.80920649035526,68.52871754523997
3.809219132698131,68.53366897419761
3.809403137600594,68.53366897419761
3.8095755881284217,68.53861884536731
3.8096119241263993,68.54356715948413
3.8097416083405453,68.54356715948413
3.8097878413680917,68.54356715948413
3.8098623548525907,68.54356715948413
3.809917839738355,68.54851391728259
3.8102577721793716,68.54851391728259
3.8103581978599506,68.55345911949685
3.810570073184444,68.55840276686055
3.8106532793684798,68.5633448601069
3.8110044267438123,68.56828539996856
3.8111346459376736,68.57322438717787
3.811422934800992,68.57322438717787
3.811435994763307,68.57816182246661
3.8115458565423976,68.58309770656614
3.8118630285075294,68.58309770656614
3.811960619228265,68.58309770656614
3.812161977497605,68.58803204020731
3.8122613429870578,68.5929648241206
3.8127259680043917,68.59789605903596
3.8127344818856193,68.60282574568289
3.812783661933224,68.60282574568289
3.812899882306931,68.60775388479045
3.8129833855675965,68.61268047708727
3.8131069329162455,68.61268047708727
3.8131652226377426,68.61268047708727
3.8132457326791003,68.61760552330142
3.81327371443868,68.62252902416066
3.813431967571958,68.62252902416066
3.8136534340975197,68.62745098039215
3.8136663203699084,68.63237139272272
3.8137409788745176,68.63237139272272
3.8137798560463545,68.63237139272272
3.8138141006391946,68.63729026187862
3.8138511620023423,68.64220758858576
3.813861332336494,68.64712337356953
3.813925544834335,68.65203761755487
3.813953111480126,68.65695032126627
3.814047751770705,68.66186148542776
3.8140946110990814,68.66186148542776
3.814154602163358,68.66677111076297
3.814381452228282,68.67167919799499
3.81445831262088,68.67658574784652
3.814539676910506,68.68149076103978
3.815310035763587,68.68639423829654
3.8153422406509847,68.69129618033813
3.8156502789834077,68.69619658788542
3.8161104820601652,68.69619658788542
3.816135971564802,68.70109546165885
3.816229426448424,68.70109546165885
3.816275585262467,68.70599280237835
3.8163072418107125,68.71088861076345
3.816399454137632,68.71088861076345
3.8164217925255364,68.71578288753324
3.8164312245553327,68.71578288753324
3.8168527257210676,68.71578288753324
3.8169502237288597,68.72067563340632
3.816959648008015,68.72556684910086
3.816981570000686,68.73045653533458
3.8169865737470023,68.73045653533458
3.8170915141873616,68.73534469282477
3.8174473798244493,68.73534469282477
3.8176275109963007,68.74023132228821
3.81831207987587,68.74511642444132
3.818412512682348,68.74511642444132
3.818415493601761,68.75
3.8184278686402338,68.75488204967974
3.8186492528277873,68.75976257419556
3.818717118308997,68.75976257419556
3.818774990729941,68.76464157426206
3.8188683384391733,68.76951905059337
3.8188904998729334,68.7743950039032
3.819170578410032,68.77926943490478
3.8192457303315974,68.77926943490478
3.819322325725623,68.78414234431091
3.8195318155644666,68.78901373283396
3.8196683000463683,68.78901373283396
3.819715878821016,68.79388360118584
3.8197187352730593,68.79875195007801
3.819903129853273,68.8036187802215
3.820027687334978,68.8036187802215
3.8203336213390666,68.80848409232688
3.8203336440277575,68.81334788710431
3.8203839605621317,68.81821016526348
3.820500315649149,68.82307092751364
3.820502222385068,68.82793017456359
3.820521693939055,68.83278790712171
3.8210127593803396,68.83764412589592
3.8212344436101797,68.8424988315937
3.821328194265914,68.8424988315937
3.821343910501396,68.8424988315937
3.8215354358918763,68.84735202492212
3.821536842754332,68.84735202492212
3.8217677043470784,68.84735202492212
3.8218642153849296,68.84735202492212
3.821895727375214,68.85220370658776
3.822000796955374,68.85705387729679
3.8220839052015037,68.86190253775494
3.822170554315457,68.8667496886675
3.8221854449050636,68.8715953307393
3.8224674766908198,68.87643946467476
3.8225676487206375,68.88128209117784
3.8227626798497965,68.88128209117784
3.8228975786954815,68.88128209117784
3.8229095111712583,68.88612321095209
3.8229153895007513,68.89096282470058
3.8229227904635277,68.89096282470058
3.822943127490764,68.89580093312597
3.823225756428264,68.89580093312597
3.823295539093382,68.9006375369305
3.823354879140062,68.9006375369305
3.8235241302533494,68.90547263681593
3.823555312857753,68.9103062334836
3.8237924362608178,68.91513832763444
3.823833449392377,68.91996891996892
3.824031843326921,68.92479801118708
3.8243657814438876,68.9296256019885
3.824493649864056,68.93445169307239
3.824521621216896,68.93927628513744
3.824586593231492,68.94409937888199
3.8246886981892705,68.94409937888199
3.824752789041234,68.94892097500389
3.824840733261273,68.94892097500389
3.8248849350311787,68.94892097500389
3.8249520939300794,68.95374107420056
3.8249762279855264,68.95855967716902
3.8253075082629273,68.95855967716902
3.82536643771593,68.95855967716902
3.825757124067896,68.96337678460583
3.825992412771593,68.96819239720713
3.8260160255589963,68.97300651566863
3.826060043158545,68.97300651566863
3.8261064980887736,68.9778191406856
3.826186652330629,68.98263027295285
3.826226614257865,68.98743991316482
3.826284926336764,68.98743991316482
3.8263144085447056,68.9922480620155
3.8264328172929867,68.9922480620155
3.8265510467486332,68.99705472019842
3.826815573107214,69.00185988840668
3.827342739858529,69.00666356733302
3.8274743019795063,69.01146575766967
3.8274749379288906,69.01626646010844
3.8274878631562923,69.01626646010844
3.8275229802972808,69.02106567534076
3.8275324405909634,69.02106567534076
3.8278792755660755,69.02106567534076
3.8278983636782047,69.0258634040576
3.828238153804287,69.03065964694952
3.8282518663147163,69.03065964694952
3.828312492357516,69.03545440470661
3.828318181348324,69.04024767801857
3.828478021009601,69.04024767801857
3.8286896984252423,69.04503946757468
3.828866548062741,69.04982977406375
3.8290253859774674,69.04982977406375
3.829116760269815,69.04982977406375
3.8293100334414407,69.04982977406375
3.829539462160009,69.05461859817422
3.8295423678957876,69.05940594059405
3.8296850787105727,69.06419180201084
3.829783363567924,69.06897618311166
3.8299027780837034,69.06897618311166
3.830202704926359,69.07375908458326
3.8303498353364476,69.07854050711194
3.8303919894522043,69.08332045138353
3.830435922279964,69.08332045138353
3.830479113239221,69.08809891808346
3.8307094382727427,69.08809891808346
3.830842347356317,69.09287590789677
3.8309746911098372,69.09765142150803
3.831083716460494,69.10242545960142
3.831124800187142,69.10719802286067
3.8314179816915823,69.1119691119691
3.831486953240558,69.11673872760964
3.8314978280755874,69.11673872760964
3.8315702470497803,69.11673872760964
3.831939271809251,69.12150687046473
3.83205167520161,69.12627354121642
3.832270271787814,69.12627354121642
3.8322705181374332,69.12627354121642
3.832667020287766,69.13103874054639
3.832680028530018,69.1358024691358
3.8328775504359736,69.1358024691358
3.8330064920261697,69.1358024691358
3.833106167207481,69.1358024691358
3.833170543260453,69.14056472766549
3.833235973717235,69.14532551681579
3.833254661913969,69.1500848372667
3.8332576683000803,69.1500848372667
3.83347904770905,69.15484268969772
3.8337838246766704,69.15959907478796
3.833830014124223,69.16435399321615
3.8338314224698204,69.16435399321615
3.8339189425676943,69.16435399321615
3.8341849854838035,69.16435399321615
3.8352640105906035,69.16435399321615
3.8353117311941705,69.16910744566054
3.8356363577417123,69.16910744566054
3.835639030597326,69.173859432799
3.835814292802912,69.173859432799
3.8358627309461393,69.173859432799
3.8359475878694616,69.17860995530899
3.8361023328958863,69.18335901386749
3.836108441670978,69.18335901386749
3.836237516437581,69.18810660915113
3.8364036140061604,69.18810660915113
3.836477196189513,69.1928527418361
3.836611955527713,69.19759741259817
3.8369062846572053,69.19759741259817
3.8369444879338896,69.19759741259817
3.837044460309889,69.19759741259817
3.837154944145674,69.19759741259817
3.8373595035355144,69.19759741259817
3.8373810929978647,69.20234062211273
3.837426588038363,69.20234062211273
3.8374874043348313,69.20708237105467
3.8376145285025327,69.21182266009852
3.8376654204229834,69.21182266009852
3.837679789678662,69.21656148991843
3.8377161447496784,69.22129886118806
3.8377996251266833,69.22129886118806
3.837809397512581,69.2260347745807
3.8378880841514142,69.23076923076923
3.83791700148204,69.23550223042609
3.8379482912553584,69.24023377422331
3.8380521240316066,69.24496386283255
3.838253522124077,69.24969249692496
3.8382802577675292,69.25441967717141
3.8383636039171893,69.25914540424223
3.8385146890770927,69.26386967880744
3.83892372381213,69.26859250153657
3.8396161268572957,69.26859250153657
3.839733868733076,69.27331387309879
3.8398844063447726,69.27331387309879
3.8399507345205683,69.27803379416282
3.8403027572376844,69.27803379416282
3.8403918636154275,69.28275226539702
3.8404074835331716,69.28275226539702
3.8405955400196965,69.28275226539702
3.840712210487836,69.28746928746928
3.8409175031959615,69.28746928746928
3.841112991553068,69.29218486104713
3.841205991434596,69.29218486104713
3.8413173699344623,69.29689898679766
3.841353839811033,69.30161166538757
3.8414387568200876,69.30161166538757
3.8415936205038808,69.30632289748311
3.8416018280061506,69.3110326837502
3.841645923068608,69.3110326837502
3.8417268282763377,69.31574102485425
3.8419208677681103,69.32044792146034
3.8419723524155978,69.32044792146034
3.842347814358403,69.32515337423312
3.8424253758247207,69.32985738383684
3.8424714387274577,69.32985738383684
3.842574372794383,69.32985738383684
3.842759698027575,69.33455995093529
3.842811964432409,69.33455995093529
3.8428329376200265,69.33455995093529
3.842857306053788,69.33926107619193
3.842900145698689,69.34396076026978
3.8430743198545625,69.34396076026978
3.843204371854363,69.34865900383141
3.843508225656821,69.35335580753907
3.843669496841343,69.35335580753907
3.8438880368723964,69.35335580753907
3.844132216205078,69.35805117205454
3.8441325834711453,69.35805117205454
3.8442789099879073,69.36274509803921
3.8442923188820615,69.36743758615408
3.844321209418708,69.37212863705973
3.84443689846527,69.37681825141631
3.844506968511836,69.38150642988366
3.8445452362161774,69.38619317312109
3.844949358968775,69.38619317312109
3.8452361361920904,69.38619317312109
3.8452490293865433,69.39087848178758
3.845540142495473,69.39556235654169
3.8457289026460684,69.40024479804161
3.8457454377668996,69.40492580694509
3.845944337808579,69.40960538390945
3.8460947041157327,69.40960538390945
3.8461242106418436,69.41428352959169
3.846336428646043,69.41896024464832
3.8463787517884165,69.42363552973552
3.8467366173784687,69.42830938550902
3.8467442022270855,69.43298181262418
3.8471547851104644,69.43765281173594
3.847214212108259,69.44232238349886
3.8473936858228046,69.44232238349886
3.847492355289434,69.44232238349886
3.8476919976118373,69.44699052856707
3.8481677047399856,69.45165724759433
3.848258009519137,69.45165724759433
3.848293780074075,69.45632254123396
3.8486748615511193,69.45632254123396
3.848892702026734,69.46098641013894
3.8489522938752136,69.46098641013894
3.849194241451083,69.46098641013894
3.8493291538774224,69.46564885496184
3.8494048137827224,69.46564885496184
3.8499880128847086,69.46564885496184
3.8500076487921957,69.47030987635475
3.850218352337117,69.47496947496947
3.8503382814300458,69.47962765145735
3.8504104545062394,69.48428440646933
3.8505094650645075,69.48893974065598
3.8505252644963868,69.49359365466748
3.8505260860493835,69.49824614915357
3.8505354012921216,69.50289722476364
3.8505803782629946,69.50754688214667
3.850582006598905,69.51219512195121
3.850586662064028,69.51684194482549
3.850614503458331,69.51684194482549
3.8506455005255193,69.52148735141725
3.850666818587949,69.52148735141725
3.8509055786850412,69.52613134237392
3.851055367621607,69.52613134237392
3.8511933845990245,69.53077391834248
3.851211884034347,69.53541507996952
3.8513088348641933,69.53541507996952
3.85131603428215,69.53541507996952
3.851361170253224,69.54005482790132
3.851500540072513,69.54469316278362
3.851533958733999,69.54469316278362
3.8517331625419193,69.54469316278362
3.851747945351287,69.54933008526187
3.8517701122846906,69.55396559598113
3.851788119535686,69.558599695586
3.8518488489899894,69.558599695586
3.851910294607407,69.56323238472073
3.8519706908746163,69.56786366402922
3.8526140067493206,69.57249353415487
3.852940985878934,69.57249353415487
3.8535066903116237,69.5771219957408
3.8535105129513103,69.58174904942965
3.8535376067944744,69.58174904942965
3.853565916251705,69.58637469586375
3.8538381187714847,69.59099893568496
3.853946679276592,69.59562176953482
3.854037013855505,69.59562176953482
3.8543750918602093,69.60024319805441
3.8548080833777343,69.6048632218845
3.8548228214106968,69.6048632218845
3.854977377936458,69.6094818416654
3.8549933364214755,69.61409905803707
3.8552339827002657,69.61871487163907
3.8552761560601247,69.62332928311056
3.855337698458769,69.62794229309036
3.855456958783302,69.62794229309036
3.855571614775633,69.63255390221683
3.8556861954371997,69.63716411112799
3.8557732518397407,69.63716411112799
3.8559745319223433,69.63716411112799
3.8560063997567924,69.64177292046145
3.856089721122527,69.64177292046145
3.8562623052563403,69.64638033085446
3.8562795465069457,69.64638033085446
3.8563480632209983,69.64638033085446
3.8563847086159746,69.64638033085446
3.8563938238841686,69.65098634294385
3.856429508989379,69.65559095736612
3.856450414451279,69.66019417475728
3.856926535203271,69.66479599575307
3.85699730194356,69.66479599575307
3.8570579131866936,69.66939642098879
3.857066702437477,69.66939642098879
3.8571551613013546,69.67399545109932
3.857156043198787,69.67859308671922
3.8571624311583785,69.67859308671922
3.8575343307189747,69.68318932848264
3.8575452116359243,69.68778417702333
3.8577336865061858,69.68778417702333
3.8581595922871617,69.69237763297468
3.85816818692263,69.6969696969697
3.8581725951397843,69.6969696969697
3.858546798530617,69.6969696969697
3.8586968440657206,69.6969696969697
3.8588052901265497,69.6969696969697
3.8591396878154893,69.6969696969697
3.8594513463974427,69.70156036964096
3.8595155852165153,69.70614965162072
3.859561449904791,69.70614965162072
3.8597746517016303,69.70614965162072
3.8601861929013497,69.70614965162072
3.8602100511539983,69.71073754354082
3.860242845221472,69.71073754354082
3.8602489572773795,69.71073754354082
3.860297579342538,69.71073754354082
3.8603184829108534,69.7153240460327
3.8603406022926503,69.7153240460327
3.8604532284572417,69.71990915972748
3.860473929492536,69.72449288525583
3.860502476947652,69.72449288525583
3.8605261039018437,69.72907522324807
3.8606435843359987,69.73365617433413
3.860743909129985,69.73365617433413
3.8608577106967177,69.73365617433413
3.8610573834091917,69.73823573914359
3.8612429170313627,69.7428139183056
3.861666725469883,69.74739071244895
3.861788116709241,69.74739071244895
3.862054994575052,69.75196612220206
3.8620574511823387,69.75196612220206
3.862066665439816,69.75654014819295
3.86234027825774,69.76111279104929
3.862412343161333,69.76568405139834
3.8624297392677986,69.76568405139834
3.8626498268903973,69.77025392986698
3.8626674081082903,69.77482242708176
3.8627994069115847,69.77938954366878
3.8630150202443234,69.78395528025382
3.8631062037388886,69.78851963746223
3.863166754828197,69.78851963746223
3.86346397865253,69.79308261591905
3.863676631113875,69.79764421624887
3.8641386898532124,69.80220443907595
3.864359464622212,69.80676328502415
3.864492670541308,69.81132075471697
3.8647943276349865,69.81132075471697
3.864916167313903,69.81587684877755
3.8650538400262766,69.81587684877755
3.8650726954724095,69.81587684877755
3.8653337939255143,69.81587684877755
3.865469720114144,69.82043156782858
3.8655507482188427,69.82043156782858
3.8657830243389943,69.82498491249245
3.865967320379258,69.82953688339116
3.8662689160344503,69.8340874811463
3.8662926714295707,69.83863670637913
3.866315358381581,69.8431845597105
3.8663763222423952,69.8431845597105
3.866477892494314,69.8477310417609
3.8669420902106304,69.85227615315044
3.867005313502853,69.85681989449887
3.867149789845021,69.86136226642556
3.8671515177823332,69.86590326954949
3.8671757167092236,69.87044290448931
3.867342819590604,69.87498117186324
3.867377028405825,69.87951807228916
3.8675084025869015,69.88405360638458
3.8675483271214905,69.88858777476665
3.867607658071957,69.89312057805208
3.8679093559730835,69.89765201685731
3.8679776595792528,69.89765201685731
3.8680050228039704,69.90218209179835
3.8681686186068145,69.90671080349082
3.8683466295467164,69.90671080349082
3.8683773938275787,69.91123815255003
3.8683962109941765,69.91123815255003
3.868654382028351,69.91576413959085
3.8687206638417373,69.92028876522785
3.868948693056429,69.92481203007519
3.868978554393754,69.92933393474665
3.869274229145554,69.93385447985568
3.869322698353948,69.93837366601532
3.8696083144666464,69.94289149383829
3.8697758823326347,69.9474079639369
3.8699197673859653,69.95192307692307
3.870175141467293,69.95643683340845
3.870203225108036,69.9609492340042
3.870217306436756,69.9609492340042
3.870258050882464,69.96546027932122
3.870278543776613,69.96996996996997
3.870330590538652,69.97447830656057
3.8703381429059287,69.97898528970279
3.870484094934171,69.983490920006
3.8706094611823043,69.983490920006
3.8707228020572875,69.98799519807923
3.8707753365739306,69.98799519807923
3.8709424206415592,69.99249812453114
3.8710295069008627,69.99699969996999
3.871043740373299,69.99699969996999
3.8711939965116913,70.00149992500376
3.871417043717398,70.00599880023995
3.8715365619285333,70.0104963262858
3.8718992080562953,70.01499250374813
3.871906743398446,70.01499250374813
3.8721212378363097,70.0194873332334
3.8722988663324953,70.0194873332334
3.872571947508688,70.02398081534771
3.8726362948788644,70.02847295069684
3.8729025057998903,70.03296373988613
3.8729793133698442,70.0374531835206
3.8731211358182156,70.0374531835206
3.8732037565938757,70.0374531835206
3.8733511176221413,70.04194128220492
3.873375203686924,70.04642803654336
3.873419110895253,70.05091344713986
3.8736423660233688,70.055397514598
3.8736552303946734,70.055397514598
3.873742366368479,70.05988023952095
3.874096993408091,70.0643616225116
3.8743166261010478,70.0643616225116
3.8744760616568104,70.0688416641724
3.8744985951979793,70.0688416641724
3.874521750689535,70.0733203651055
3.874717154679002,70.07779772591263
3.874900452776684,70.08227374719522
3.874914175845634,70.08674842955429
3.8751383020201757,70.08674842955429
3.8751634382371365,70.09122177359055
3.8753155932461567,70.09569377990431
3.8754007013689464,70.10016444909553
3.8755083728362822,70.10016444909553
3.875646667017933,70.10016444909553
3.8759490628785955,70.10463378176382
3.8759866725617953,70.10463378176382
3.8761194162640553,70.10910177850845
3.8761450394368238,70.11356843992827
3.876224491249585,70.11356843992827
3.8766044674734705,70.11803376662185
3.87662900364737,70.11803376662185
3.876691414125589,70.12249775918733
3.8766958149654416,70.12696041822255
3.877089287184757,70.13142174432497
3.877177358920341,70.13588173809168
3.877231990797372,70.14034040011944
3.8772793486343082,70.14479773100463
3.877282892249738,70.1492537313433
3.877397383928673,70.1492537313433
3.877454501480493,70.15370840173108
3.8779100781766886,70.15816174276335
3.8779889498508777,70.15816174276335
3.8781737339989264,70.16261375503507
3.8784744104436446,70.16706443914082
3.878497986130675,70.17151379567487
3.878572996399487,70.17596182523114
3.878580929699189,70.18040852840316
3.8786728443044947,70.18040852840316
3.8786834352983584,70.18040852840316
3.8787770773092105,70.18485390578414
3.8788056262898865,70.18929795796691
3.878813846945304,70.19374068554396
3.8788519026310957,70.19818208910743
3.8788973083985137,70.20262216924911
3.8792199248254247,70.2070609265604
3.879244905460281,70.21149836163241
3.8792750061131316,70.21593447505585
3.8792984036904166,70.22036926742108
3.879513051860926,70.22480273931815
3.8796441733764504,70.22923489133672
3.8797427516154928,70.22923489133672
3.879756643356102,70.22923489133672
3.8800784206345527,70.23366572406609
3.880434646592485,70.23809523809523
3.880687987114164,70.2425234340128
3.8808872430225487,70.24695031240702
3.880998715304447,70.25137587386583
3.881014843925222,70.2558001189768
3.8811221747873965,70.26022304832715
3.88114153082842,70.26022304832715
3.881526665222876,70.26464466250371
3.8815772244206594,70.26906496209305
3.881973652176461,70.27348394768134
3.882079878433725,70.27790161985436
3.8820933261733774,70.27790161985436
3.882192296924608,70.27790161985436
3.8823696682910955,70.27790161985436
3.8824107770515925,70.27790161985436
3.882590133751178,70.27790161985436
3.8828428030599853,70.28231797919761
3.882986582772405,70.28231797919761
3.8829987570449918,70.28231797919761
3.8832024041553406,70.28673302629625
3.8832368702980893,70.291146761735
3.8833289581497255,70.29555918609832
3.883451788095914,70.29555918609832
3.883606057615887,70.29997029997031
3.8836159893583244,70.30438010393468
3.8842935270036003,70.30878859857482
3.8844052800333895,70.3131957844738
3.8844177723155586,70.3131957844738
3.8845903427264936,70.3176016622143
3.8846077455588124,70.32200623237868
3.8846614904560632,70.32640949554896
3.8847065417364703,70.33081145230678
3.8850233205879734,70.33521210323346
3.885153442203762,70.33521210323346
3.8853973401888475,70.33961144890998
3.8854413961317693,70.33961144890998
3.8854626658236917,70.33961144890998
3.8855657128836127,70.33961144890998
3.88574257761998,70.34400948991696
3.8858507552003583,70.3484062268347
3.885905745676114,70.3484062268347
3.8860336446054586,70.3484062268347
3.8861655356266094,70.3484062268347
3.886207838986633,70.3484062268347
3.8862497944125276,70.3528016602431
3.8864748236760813,70.3571957907218
3.886658317742887,70.36158861885004
3.886669578904727,70.36598014520669
3.886702666193885,70.37037037037037
3.8867291155932455,70.37475929491927
3.886807855566678,70.37475929491927
3.8868552963379996,70.37475929491927
3.8869149260439717,70.37914691943128
3.887359877247069,70.37914691943128
3.8873653392880443,70.38353324448393
3.8875545918556105,70.38791827065442
3.887608564569058,70.39230199851961
3.8876488683474824,70.39230199851961
3.887650055154581,70.39230199851961
3.887716444640899,70.39668442865602
3.8877939319604953,70.40106556163978
3.888057980835551,70.40544539804677
3.888234025438614,70.40544539804677
3.8885132278845345,70.40982393845243
3.888709832512061,70.40982393845243
3.888738649291566,70.40982393845243
3.8887607219779894,70.41420118343196
3.888995383878872,70.41857713356012
3.889057899984284,70.42295178941141
3.889146207165773,70.42732515155996
3.8891792031304413,70.43169722057954
3.8894847874792977,70.43606799704361
3.889630088970953,70.44043748152528
3.8896630822365004,70.4448056745973
3.889689587379244,70.44917257683215
3.889863359372279,70.45353818880189
3.889907705724065,70.45790251107829
3.88994593031916,70.45790251107829
3.8899950431843524,70.45790251107829
3.8900100762832537,70.46226554423276
3.890037905143028,70.46662728883638
3.890606657590879,70.46662728883638
3.890869125543016,70.47098774545991
3.890993960842913,70.47534691467375
3.891137120318119,70.47970479704797
3.891358323972828,70.4840613931523
3.891434041330291,70.4840613931523
3.8918285767849143,70.48841670355614
3.8918560549076453,70.49277072882856
3.8920266238198433,70.49277072882856
3.8921798224103665,70.49712346953828
3.8923284890491523,70.49712346953828
3.89236394116822,70.49712346953828
3.892386273475256,70.49712346953828
3.892609660729782,70.49712346953828
3.893177779030418,70.50147492625368
3.8933176577106785,70.50582509954285
3.8936546216515446,70.51017398997345
3.8939439800409534,70.51452159811294
3.8939893545738076,70.51452159811294
3.8942095199244737,70.51452159811294
3.8943513868150657,70.51452159811294
3.894432191534711,70.51886792452831
3.8945986657201637,70.5232129697863
3.8946524952466772,70.5232129697863
3.895105545655035,70.5232129697863
3.895925183501601,70.5232129697863
3.896050638337706,70.52755673445328
3.8960512444708915,70.53189921909532
3.896291225630253,70.53624042427813
3.896439107905892,70.5405803505671
3.8966423914539283,70.5405803505671
3.8966665449045745,70.5405803505671
3.897139158138055,70.54491899852725
3.897302654398222,70.5492563687233
3.897459827619528,70.55359246171967
3.897522208777287,70.55359246171967
3.897656394203453,70.55792727808038
3.897743399488183,70.55792727808038
3.8977448178366734,70.56226081836915
3.8977548471416656,70.56226081836915
3.8981135036975574,70.56226081836915
3.898155287993658,70.56659308314937
3.8985228030719346,70.57092407298411
3.8986869707286687,70.57525378843607
3.898829592465193,70.57525378843607
3.898909932593023,70.57958223006767
3.8989471195704293,70.57958223006767
3.899023613238494,70.57958223006767
3.8991182484218263,70.58390939844095
3.8993313952759405,70.58390939844095
3.899349086584311,70.58823529411765
3.8995569838566375,70.59255991765917
3.899655131874828,70.59255991765917
3.8997421124291876,70.59688326962657
3.899782841447353,70.59688326962657
3.8999475289100705,70.60120535058063
3.900154026454798,70.60552616108173
3.900156974281617,70.60552616108173
3.9002590683757763,70.60552616108173
3.900547874366732,70.60984570168993
3.900619500486185,70.60984570168993
3.9006435000997284,70.61416397296503
3.9006474998735325,70.61848097546644
3.9008270096180224,70.62279670975323
3.9008373884262,70.62279670975323
3.900855443122171,70.62711117638419
3.9009477049071664,70.63142437591777
3.9009497311405488,70.63142437591777
3.900986430983293,70.63573630891206
3.9010886508855345,70.63573630891206
3.901207756222845,70.64004697592485
3.9012182670008393,70.64435637751357
3.901288432682104,70.64435637751357
3.901501610866478,70.64866451423539
3.9015417202933,70.64866451423539
3.901557924986519,70.64866451423539
3.9015617337885193,70.6529713866471
3.901644141034214,70.65727699530517
3.901757968750545,70.65727699530517
3.902251832852918,70.65727699530517
3.9022964151394888,70.66158134076574
3.9023743879814954,70.66588442358463
3.902377668428135,70.67018624431735
3.9024319557265867,70.67018624431735
3.902433156741488,70.67018624431735
3.90285009612552,70.67448680351906
3.9034415372013704,70.67448680351906
3.903720011733306,70.67448680351906
3.90373193059614,70.67878610174462
3.9037385573796577,70.68308413954853
3.9040004511376565,70.68738091748497
3.90422683233069,70.68738091748497
3.9043074003519402,70.69167643610785
3.904380681891611,70.6959706959707
3.9046057195545902,70.70026369762672
3.90474497466618,70.70455544162883
3.9048725313203074,70.70455544162883
3.9054119149537208,70.70455544162883
3.9055795917239484,70.70884592852958
3.9058054707105327,70.70884592852958
3.9059810604971514,70.71313515888124
3.906123386164167,70.71313515888124
3.9062415877487076,70.71742313323573
3.9063630970275205,70.72170985214463
3.9063754384828737,70.72170985214463
3.9064195300691065,70.72599531615926
3.9065397994260347,70.73027952583053
3.906568944784584,70.7345624817091
3.9067184476456736,70.73884418434528
3.9068545775807175,70.74312463428906
3.9068669950183748,70.74312463428906
3.9069588658338956,70.7474038320901
3.9069588768121197,70.75168177829775
3.907134296225313,70.75595847346104
3.9071566492375163,70.76023391812866
3.9073411297827065,70.764508112849
3.90740281304671,70.76878105817013
3.9075501292693855,70.77305275463978
3.907687672584715,70.77732320280538
3.907958319455066,70.78159240321402
3.907971271990796,70.7858603564125
3.9080711733007125,70.79012706294728
3.9080775808832366,70.7943925233645
3.9081566588074472,70.7943925233645
3.9084033415360264,70.79865673820996
3.90869733145744,70.8029197080292
3.9088661247776475,70.8029197080292
3.90914703068029,70.80718143336739
3.9092134740529363,70.81144191476942
3.90936026731117,70.81570115277981
3.909410568250964,70.81995914794281
3.9096577188698207,70.81995914794281
3.9101930908951137,70.82421590080233
3.9102818928515144,70.82421590080233
3.9105028103617125,70.82421590080233
3.9105075532864584,70.82847141190199
3.91078739483908,70.83272568178504
3.911085147825526,70.83697871099446
3.9113216519506704,70.8412305000729
3.9115460666871744,70.8412305000729
3.9117028470645208,70.8454810495627
3.9117345610604812,70.84973036000582
3.911836624139606,70.84973036000582
3.9119122262707178,70.85397843194404
3.912034213958315,70.85822526591869
3.912089713533344,70.86247086247086
3.9122593049491545,70.8667152221413
3.912364622520701,70.87095834547044
3.9125830903870256,70.87520023299841
3.912643195515408,70.879440885265
3.913518785065192,70.88368030280972
3.9136335429311013,70.88791848617177
3.9137621538204073,70.89215543588998
3.913974970342152,70.89639115250291
3.914374046297355,70.90062563654882
3.914481051880142,70.90485888856561
3.914920634254481,70.9090909090909
3.915267917060992,70.9090909090909
3.9152726392005315,70.91332169866202
3.915552224635078,70.91332169866202
3.9156352315188667,70.91332169866202
3.9156638840289655,70.9175512578159
3.915681477906286,70.92177958708928
3.915782305556837,70.92600668701846
3.915808768816554,70.92600668701846
3.9159855838863438,70.93023255813954
3.9159884385491837,70.93445720098823
3.916256574747002,70.93868061609997
3.9163982142569718,70.94290280400988
3.916499889602334,70.94712376525277
3.91657109809738,70.94712376525277
3.9169131040882044,70.95134350036311
3.9172560431175154,70.95556200987511
3.9175171028593927,70.95977929432263
3.917551893202872,70.96399535423926
3.9176527261747713,70.96821019015822
3.91773441592902,70.96821019015822
3.917855866989626,70.96821019015822
3.917950401260018,70.97242380261248
3.917969981573306,70.97663619213466
3.9179901045749768,70.97663619213466
3.9179906709083125,70.9808473592571
3.9182568720711237,70.98505730451183
3.9184226139533522,70.98926602843052
3.918831583592293,70.9934735315446
3.9188670318452594,70.9934735315446
3.919078076022407,70.99767981438515
3.919199623846391,71.00188487748296
3.919572711584426,71.00188487748296
3.919625437063465,71.00608872136851
3.9197279509017897,71.01029134657196
3.919788506773899,71.01449275362319
3.9200629873889854,71.01869294305173
3.9201705657070245,71.01869294305173
3.9205701327577716,71.02289191538685
3.9209574054763126,71.02708967115747
3.921035449013536,71.03128621089225
3.921137568599002,71.03548153511949
3.921165126630586,71.03967564436722
3.921190262194841,71.03967564436722
3.921194179514496,71.04386853916317
3.921217818422515,71.04806022003474
3.9214631461821283,71.04806022003474
3.9215027946273833,71.05225068750904
3.9215332488062677,71.05225068750904
3.921552140091073,71.05643994211289
3.921740758938661,71.06062798437274
3.921944824639069,71.06481481481481
3.9220947464174767,71.06900043396499
3.9221122026197244,71.07318484234885
3.9225450674162343,71.07736804049168
3.9225699667152862,71.08155002891846
3.922598122127317,71.08155002891846
3.922623451535186,71.08573080815383
3.9226274839796473,71.08991037872218
3.9227055639121193,71.08991037872218
3.9227790354995244,71.09408874114756
3.92289886027981,71.09826589595376
3.922921844040963,71.10244184366421
3.9229458816278795,71.10661658480208
3.923040786886355,71.10661658480208
3.9230548625775095,71.11079011989023
3.923055000322118,71.11496244945118
3.9233477756773434,71.11496244945118
3.923470797023935,71.11913357400722
3.923537437695138,71.12330349408028
3.923577605204044,71.127472210192
3.9239045346289956,71.13163972286374
3.924197253420553,71.13163972286374
3.924313969494308,71.13163972286374
3.924386760967558,71.13580603261654
3.924781791115366,71.13997113997114
3.92494731553795,71.13997113997114
3.925049210667066,71.13997113997114
3.9252821717104567,71.14413504544798
3.925590171923955,71.14829774956722
3.925628199051106,71.1524592528487
3.9256828582537184,71.1524592528487
3.926073290353186,71.15661955581194
3.9261528039557185,71.15661955581194
3.926203765819009,71.16077865897621
3.926286864030025,71.16493656286043
3.9262929031820195,71.16909326798327
3.9263231639015936,71.17324877486307
3.926373328016391,71.17740308401787
3.9264842484414184,71.18155619596543
3.926633176481741,71.18570811122316
3.9266366054235857,71.18570811122316
3.926658550866902,71.18985883030827
3.926705253537013,71.19400835373759
3.927017904663507,71.19400835373759
3.9271793855362525,71.19815668202764
3.9272073606960918,71.20230381569475
3.9279510151097425,71.20230381569475
3.928615751846403,71.20644975525482
3.9287453469866933,71.21059450122354
3.9289082534716613,71.21473805411628
3.929050766497602,71.21473805411628
3.9293157358889683,71.21888041444812
3.9294362697797873,71.22302158273382
3.929591856693652,71.22716155948784
3.929731391596953,71.2313003452244
3.9298481077478167,71.2313003452244
3.9299360814938953,71.23543794045736
3.930113408075077,71.23957434570032
3.930287815831233,71.23957434570032
3.930299626089189,71.24370956146657
3.930380065205073,71.24784358826912
3.9304574214911043,71.24784358826912
3.9305071853280795,71.25197642662067
3.9305533976516864,71.25610807703363
3.9305546161467486,71.26023854002011
3.9305662961669943,71.26436781609196
3.9306652082910203,71.26436781609196
3.9310001917973887,71.26436781609196
3.9311713502187047,71.26436781609196
3.931247661438549,71.26436781609196
3.9314495005242316,71.26849590576066
3.931662624471498,71.26849590576066
3.9316875886108056,71.2726228095375
3.931696086457866,71.2726228095375
3.9318340090103487,71.2726228095375
3.93189984619635,71.27674852793336
3.932104176309733,71.28087306145893
3.9322326727272494,71.28499641062454
3.9323985051430257,71.28911857594028
3.932771791336208,71.29323955791588
3.932777406798791,71.29735935706086
3.9331339361820365,71.30147797388435
3.933426960496883,71.30559540889526
3.9334648030074413,71.30971166260221
3.9335064256460157,71.30971166260221
3.9336031985128432,71.31382673551349
3.9337035246461864,71.3179406281371
3.9337311396855696,71.3179406281371
3.933747501710348,71.32205334098079
3.9338520097940886,71.32205334098079
3.933885692236789,71.32616487455196
3.933943031509163,71.3302752293578
3.9340828007595188,71.33438440590511
3.934084433948263,71.33849240470049
3.934239931774476,71.34259922625019
3.9342449693727053,71.34670487106017
3.934298693741805,71.35080933963616
3.9343376919788238,71.35080933963616
3.9343758952383188,71.35491263248352
3.9346054445906535,71.3590147501074
3.934898594203154,71.3631156930126
3.935021072771883,71.36721546170365
3.935069262169761,71.36721546170365
3.9351087379959964,71.3713140566848
3.935234120108022,71.37541147846
3.9352362702936317,71.37950772753291
3.9356162419414398,71.37950772753291
3.935833094166041,71.38360280440692
3.9359860900173578,71.38769670958513
3.936436227002948,71.38769670958513
3.9364596885584784,71.3917894435703
3.9366292045236255,71.395881006865
3.936716849291662,71.39997139997139
3.936877675959689,71.40406062339147
3.936930370262019,71.40814867762688
3.937046131340095,71.41223556317897
3.9371179039595785,71.41223556317897
3.937283675473795,71.41632128054881
3.937313275780324,71.41632128054881
3.937347450338871,71.42040583023721
3.9375645517998237,71.42448921274467
3.937693208154576,71.42857142857143
3.9378300534073953,71.42857142857143
3.937961682614852,71.43265247821739
3.9382410599446454,71.43673236218223
3.9384729028788943,71.4408110809653
3.938624398535577,71.44488863506567
3.938654913245469,71.44488863506567
3.9386574961308183,71.44896502498216
3.9388097546951766,71.44896502498216
3.938981756725631,71.44896502498216
3.9390321017969496,71.45304025121325
3.9392533157211655,71.45711431425717
3.9393166281578513,71.46118721461188
3.93932788289269,71.465258952775
3.9393576042664282,71.46932952924394
3.940153503820673,71.47339894451576
3.940494233230686,71.47339894451576
3.940755756165033,71.47746719908727
3.9407903318214785,71.48153429345501
3.940822626865972,71.48153429345501
3.9409384586530036,71.4856002281152
3.9409891607239254,71.4896650035638
3.9410495828587924,71.4896650035638
3.941054391581383,71.4896650035638
3.9411539319226594,71.49372862029647
3.941472294591688,71.4977910788086
3.9414990569034494,71.50185237959532
3.9416151010703984,71.50591252315145
3.9417314394805425,71.50591252315145
3.9417964141630515,71.50591252315145
3.9418937180872184,71.50997150997152
3.9419964487326165,71.50997150997152
3.942038242115614,71.51402934054978
3.942279220923446,71.51808601538023
3.942316001032759,71.52214153495657
3.9423293677656255,71.5261958997722
3.9424848245536626,71.5261958997722
3.94249876876509,71.53024911032028
3.942506352258159,71.53024911032028
3.9426320056395943,71.53430116709364
3.9429831024747095,71.53430116709364
3.9429881725293567,71.53835207058489
3.943028322218226,71.54240182128629
3.9432966707575674,71.54645041968986
3.9434418863511254,71.55049786628734
3.943455752217112,71.55454416157019
3.943515600914126,71.55454416157019
3.9436853304422,71.55858930602957
3.9437353357213625,71.5626333001564
3.943796423752796,71.5626333001564
3.944125719599905,71.5626333001564
3.944153681315422,71.56667614444129
3.9442503080566427,71.57071783937455
3.9443467742572187,71.57475838544627
3.944787003759136,71.57879778314623
3.944792861936552,71.58283603296391
3.944860507571249,71.58687313538856
3.9451182222363226,71.5909090909091
3.945179267341791,71.5949439000142
3.945279320905885,71.59897756319228
3.9452846843316762,71.60301008093141
3.9454045428312834,71.60704145371948
3.945562790292939,71.60704145371948
3.945586311178893,71.611071682044
3.9456977579751102,71.611071682044
3.9461365209022943,71.61510076639229
3.946358107427188,71.6191287072513
3.9465754200722003,71.62315550510783
3.9465790222765893,71.62718116044829
3.9465955983239236,71.63120567375887
3.9466277577445514,71.63522904552546
3.946655520339164,71.6392512762337
3.9467872671472595,71.64327236636893
3.9468863827139176,71.64327236636893
3.9471413026109996,71.64729231641623
3.947242310116779,71.65131112686038
3.9473161605827616,71.65131112686038
3.9474270506269216,71.65532879818595
3.947554991796604,71.65532879818595
3.9476158228551337,71.65934533087714
3.947791167712553,71.66336072541797
3.9478607488177997,71.66336072541797
3.9478880251198163,71.6673749822921
3.947888480057221,71.671388101983
3.947972406968521,71.6754000849738
3.94802871245124,71.67941093174738
3.9480674132701035,71.68342064278636
3.9487266281256526,71.68742921857304
3.9490696625137987,71.69143665958953
3.9493385670166816,71.69143665958953
3.9493447881225414,71.69143665958953
3.9493706873367813,71.69143665958953
3.949725748069048,71.69544296631759
3.9499410878050045,71.69544296631759
3.9501690137511845,71.69944813923873
3.950182208967589,71.69944813923873
3.9505666227199656,71.70345217883418
3.950837791048793,71.70345217883418
3.9509467688783864,71.70745508558495
3.951192415119792,71.71145685997172
3.951225440953021,71.71145685997172
3.9513426513380967,71.7154575024749
3.9513519985164263,71.71945701357465
3.95153098734301,71.72345539375088
3.9520202805624356,71.72345539375088
3.9521098698532633,71.72745264348318
3.9521806797756764,71.73144876325088
3.9522625781243077,71.73544375353306
3.9524741750462007,71.73943761480854
3.952492084374785,71.7434303475558
3.952576998550839,71.7434303475558
3.9527593139388073,71.74742195225315
3.95285699958517,71.74742195225315
3.952871604860549,71.74742195225315
3.9528842771010257,71.75141242937853
3.9528989736942304,71.7554017794097
3.9531338376485117,71.7554017794097
3.9532039253374682,71.75939000282406
3.953631899599572,71.76337710009882
3.9536453784475993,71.76337710009882
3.9538387410191422,71.7673630717109
3.953988766435668,71.7673630717109
3.9543770288029285,71.77134791813691
3.9551668883425366,71.77533163985323
3.955185882589393,71.77533163985323
3.955372610289566,71.77533163985323
3.955480183073401,71.77931423733597
3.955837831957011,71.77931423733597
3.9560378464925448,71.78329571106094
3.9561077268530447,71.78329571106094
3.9561325271837444,71.78329571106094
3.9564095080431136,71.78329571106094
3.956743751749466,71.78727606150373
3.9568735105854604,71.79125528913963
3.956915144230553,71.79125528913963
3.9571353114009047,71.79125528913963
3.9572222177604095,71.79523339444366
3.957679363216457,71.79921037789057
3.957726118398759,71.80318623995488
3.9577407515716594,71.8071609811108
3.9580070273564494,71.81113460183226
3.958042970153764,71.81510710259302
3.9580903169084545,71.81907848386643
3.958595652686477,71.82304874612568
3.958673857493516,71.82701788984363
3.9587784951004323,71.83098591549296
3.9594120291179906,71.83495282354599
3.95951606496504,71.8389186144748
3.9599160042254717,71.84288328875124
3.959968030090894,71.84684684684684
3.9601308648470224,71.84684684684684
3.960231969710592,71.85080928923293
3.9603515437833563,71.85477061638052
3.9603569058194332,71.85873082876037
3.960568480850712,71.85873082876037
3.96086240722202,71.85873082876037
3.9608727020571473,71.86268992684299
3.961047567267099,71.8666479110986
3.961079862943966,71.87060478199719
3.9611425578622446,71.87456054000843
3.96130890763079,71.87456054000843
3.9613141526142632,71.8785151856018
3.9613242480684625,71.8785151856018
3.961474899200468,71.8785151856018
3.9615971799934853,71.88246871924645
3.961666547346151,71.8864211414113
3.9618867687491726,71.8864211414113
3.9619272578968405,71.8864211414113
3.9620887616343423,71.8864211414113
3.9621060669292385,71.8864211414113
3.9621180077088223,71.890372452565
3.9622756920690336,71.89432265317595
3.9623452158820136,71.89827174371224
3.9624957062858157,71.90221972464175
3.962572690634203,71.90221972464175
3.9625921697758133,71.90221972464175
3.9627509797929688,71.90221972464175
3.9630371352689657,71.90221972464175
3.9630714114526557,71.90616659643209
3.9634884237112145,71.91011235955057
3.9635647634968074,71.91011235955057
3.963632556451377,71.91011235955057
3.963704411502135,71.91405701446426
3.9637325163175356,71.91800056164
3.9637979319302064,71.92194300154429
3.9641578108457445,71.92194300154429
3.9643390773774696,71.92588433464347
3.964549904231444,71.9298245614035
3.9645924094656246,71.9337636822902
3.9647323640651195,71.93770169776906
3.96507910904589,71.94163860830527
3.9651371420111907,71.94557441436386
3.965219020335957,71.94557441436386
3.9655536650752277,71.94950911640954
3.96569153859343,71.95344271490674
3.965728522783854,71.95737521031968
3.965729178387358,71.96130660311229
3.9657487384262686,71.96523689374825
3.965780135289616,71.96916608269096
3.9662469555534137,71.97309417040358
3.9662775941093837,71.97702115734903
3.966278530370826,71.97702115734903
3.9666366993709885,71.98094704398991
3.9669682566469984,71.98487183078862
3.967166177810998,71.98879551820728
3.9673446286781995,71.98879551820728
3.9673457902330624,71.98879551820728
3.967370406679573,71.99271810670774
3.9675450843153452,71.9966395967516
3.9675558521798093,71.9966395967516
3.9677634978768306,72.00055998880023
3.967765134767467,72.00447928331467
3.9677672580693795,72.00839748075578
3.96821331028136,72.0123145815841
3.9682976967804384,72.0123145815841
3.9683300634412135,72.0123145815841
3.9683354169723906,72.0123145815841
3.9683620503078414,72.01623058625997
3.9685558987289347,72.02014549524343
3.9687993650625777,72.02405930899427
3.968827509527423,72.02797202797203
3.968890769852275,72.031883652636
3.968929344818863,72.03579418344519
3.968954176820031,72.03579418344519
3.969024891263323,72.03579418344519
3.969165018158462,72.03970362085839
3.9692585799545257,72.04361196533408
3.9692906516367406,72.04751921733053
3.9693167982733404,72.05142537730576
3.969484526258386,72.05533044571749
3.9695683650186973,72.05923442302318
3.969761577902598,72.06313730968013
3.969818907322132,72.06703910614524
3.969864484047434,72.0709398128753
3.9699388981923915,72.0709398128753
3.9700273138767033,72.0709398128753
3.9701986805574756,72.0709398128753
3.9703116733502397,72.0709398128753
3.970315659401486,72.07483943032672
3.9705174267206864,72.07873795895574
3.9705324844456693,72.0826353992183
3.9705482664663085,72.08653175157013
3.9707781142829477,72.09042701646665
3.97084406734916,72.09432119436305
3.970866472041422,72.09821428571429
3.9709029755641483,72.10210629097503
3.971070620340698,72.10599721059972
3.971090917028957,72.10599721059972
3.9710988417445385,72.10599721059972
3.971342646365256,72.10988704504253
3.971362395982499,72.11377579475739
3.9714486360037586,72.11766346019797
3.9715021004600604,72.12155004181767
3.971665554686607,72.12543554006969
3.9717637152550718,72.12931995540691
3.971827419260959,72.133203288282
3.97187421032067,72.13708553914739
3.9718787742021116,72.14096670845521
3.9719478303683813,72.14484679665738
3.9720544156555557,72.14872580420554
3.9721617741646984,72.1526037315511
3.9722370431694243,72.1564805791452
3.9723404990550533,72.16035634743875
3.972750228042578,72.1642310368824
3.9729994419613526,72.16810464792653
3.9732741269501326,72.17197718102129
3.9736995636152197,72.17584863661658
3.973711169955841,72.17971901516206
3.9739903495274524,72.1835883171071
3.97404792924291,72.1835883171071
3.974095226087454,72.18745654290085
3.9741197572963856,72.18745654290085
3.97419303975947,72.18745654290085
3.9742401074184386,72.19132369299221
3.9744469926176413,72.19518976782983
3.9747664074261038,72.19518976782983
3.974768402115836,72.19905476786211
3.9748067359300907,72.20291869353717
3.9748761619319857,72.20678154530295
3.9751164943496913,72.20678154530295
3.975140293522564,72.20678154530295
3.975167079497776,72.21064332360706
3.9753181841141942,72.21064332360706
3.9756712829079697,72.21450402889693
3.9758268631230416,72.21836366161966
3.9758508811910778,72.22222222222221
3.97595233135755,72.22222222222221
3.976093359130583,72.22222222222221
3.976265828488272,72.22607971115123
3.976590443485768,72.2299361288531
3.9766977609113225,72.2299361288531
3.9767891947569685,72.23379147577398
3.977085145396053,72.2376457523598
3.9771357078051692,72.2376457523598
3.9771400571289814,72.24149895905622
3.977219318783262,72.24535109630862
3.9773652377663087,72.24920216456223
3.9774135270606537,72.25305216426193
3.977631184461882,72.25690109585241
3.977719400178907,72.26074895977808
3.977907193935816,72.26074895977808
3.9779109828460824,72.26459575648315
3.9780427781521204,72.26459575648315
3.9780986837916403,72.26844148641153
3.978194702073136,72.26844148641153
3.9782441261804027,72.27228615000693
3.9782791555385977,72.27228615000693
3.9782903450399596,72.27612974771279
3.9786987413079884,72.27997227997228
3.97872242306719,72.27997227997228
3.978838549273172,72.28381374722838
3.9788572661058397,72.28381374722838
3.978894970617704,72.28765414992378
3.9790892573180945,72.29149348850098
3.9793361089892345,72.29149348850098
3.9798926656921676,72.29533176340213
3.979940218622826,72.29533176340213
3.9800665627200074,72.29916897506925
3.980099664187443,72.30300512394405
3.9802918035358665,72.30300512394405
3.9803508342511202,72.30684021046801
3.980469279530315,72.31067423508237
3.981055804586626,72.31450719822813
3.981301453261504,72.31833910034602
3.9814124517241436,72.32216994187655
3.9816171009499466,72.32599972326
3.9816622341572017,72.32982844493637
3.9817956128419807,72.3336561073454
3.9822418672400706,72.3374827109267
3.9822808430187107,72.3374827109267
3.982318490973933,72.34130825611949
3.9823677910561837,72.34513274336283
3.982377431832589,72.34513274336283
3.9826192818300825,72.34895617309553
3.982706111977994,72.35277854575615
3.982722925345628,72.35277854575615
3.982789312265584,72.356599861783
3.9827968327454357,72.36042012161415
3.9828654992585695,72.36423932568744
3.9829031872764404,72.36805747444045
3.982922798263068,72.36805747444045
3.983117216655652,72.37187456831053
3.9833123540774458,72.37569060773481
3.9839067578046836,72.37950559315011
3.984203558340625,72.3833195249931
3.9842238395119898,72.38713240370012
3.9843947180030623,72.39094422970734
3.9845231478593797,72.39094422970734
3.984544032847271,72.39475500345065
3.984609281334197,72.39856472536572
3.9846426082015647,72.39856472536572
3.9846921986872808,72.39856472536572
3.984936748415374,72.40237339588795
3.9849814998216613,72.40237339588795
3.9851247600950828,72.40618101545255
3.9851612523710767,72.40998758449442
3.9852472208790823,72.41379310344827
3.985296589970856,72.41759757274858
3.9854901777895333,72.41759757274858
3.985722325001683,72.42140099282956
3.9858784853418463,72.4252033641252
3.9860477527570732,72.4290046870692
3.9864008290103765,72.4290046870692
3.986745321359031,72.4290046870692
3.986884982940794,72.4328049620951
3.9869428350061837,72.43660418963617
3.98700514797109,72.4404023701254
3.987316068717037,72.44419950399559
3.987523147548416,72.44799559167929
3.9877196075628385,72.45179063360881
3.98779805273447,72.45558463021622
3.987824669726974,72.45558463021622
3.9880637114571336,72.45937758193335
3.9880640964130567,72.45937758193335
3.988091099319182,72.4631694891918
3.9882102099272254,72.4669603524229
3.98832428896149,72.4707501720578
3.9885141510658215,72.4745389485274
3.9885276202480915,72.47832668226228
3.988685361512934,72.4821133736929
3.9894786223074106,72.48589902324942
3.9895082222982357,72.48968363136176
3.9895261367120662,72.48968363136176
3.9896682508463015,72.48968363136176
3.9897288878478063,72.49346719845964
3.9898986140087613,72.4972497249725
3.9900278775351685,72.50103121132958
3.990075853208699,72.50481165795986
3.9901048861454846,72.5085910652921
3.9901406222368463,72.51236943375481
3.9902279710254684,72.51236943375481
3.9902885521104237,72.51614676377628
3.9903028638901703,72.51992305578455
3.990341632713673,72.52369831020744
3.9903663408723817,72.52369831020744
3.9904812645681242,72.52747252747253
3.990481738666998,72.52747252747253
3.990521991928447,72.52747252747253
3.9906951042252508,72.52747252747253
3.9907371962660254,72.53124570800715
3.9909698298781544,72.53124570800715
3.991069440379026,72.5350178522384
3.9911398006266916,72.53878896059317
3.9912585190850187,72.54255903349808
3.991345797546398,72.54255903349808
3.991396937536042,72.54632807137955
3.991609756460126,72.55009607466374
3.9916963605435254,72.55009607466374
3.991713747400392,72.55386304377659
3.991770231642497,72.55386304377659
3.9918093219404547,72.55386304377659
3.99183293125329,72.5576289791438
3.992010995266296,72.5576289791438
3.992083001316952,72.56139388119084
3.992102007572816,72.56139388119084
3.9922093528874787,72.56515775034293
3.9922545843509423,72.5689205870251
3.992297756589731,72.57268239166208
3.9924358674196854,72.57644316467847
3.992482709887334,72.5802029064985
3.9925744514626844,72.58396161754627
3.9926180233665036,72.58771929824562
3.993235117962641,72.59147594902015
3.993411727414847,72.59147594902015
3.993537263898287,72.59523157029322
3.9939168289260403,72.59898616248802
3.994220257369631,72.59898616248802
3.9942654390553547,72.59898616248802
3.9943750012095274,72.6027397260274
3.9945073252393506,72.6027397260274
3.994528476644798,72.60649226133407
3.9946061168320894,72.60649226133407
3.994628505716248,72.60649226133407
3.994716744588505,72.60649226133407
3.9948065486854967,72.61024376883046
3.9950919903559408,72.6139942489388
3.995177899622631,72.61774370208104
3.9951934269225875,72.621492128679
3.9952217912801937,72.621492128679
3.995238654667127,72.62523952915411
3.9952902715368874,72.62523952915411
3.995918887553426,72.62898590392774
3.996054093337548,72.63273125342091
3.9964118986907,72.63647557805444
3.9964123179319038,72.63647557805444
3.9964679508373777,72.64021887824897
3.9965639166653597,72.64396115442484
3.996579304442465,72.64396115442484
3.9968046877035253,72.64770240700219
3.996966892497699,72.64770240700219
3.997208665061306,72.65144263640093
3.9973543736028105,72.65144263640093
3.9975983445760637,72.65144263640093
3.9977913055185934,72.65518184304074
3.9978335141240837,72.65518184304074
3.9979801684110385,72.65518184304074
3.998015081411005,72.65518184304074
3.998035858274451,72.65518184304074
3.9981659497741426,72.65892002734108
3.99817562331757,72.66265718972116
3.9981797282892724,72.66639333059997
3.998397964190561,72.66639333059997
3.998400634164877,72.67012845039629
3.9984270336996954,72.67386254952862
3.9987970465010574,72.6775956284153
3.9989211820317228,72.6775956284153
3.999071642852858,72.68132768747438
3.9998321070346714,72.68132768747438
4.000317974478752,72.68505872712375
4.000392391070636,72.68878874778096
4.000418487977912,72.69251774986346
4.000710369253983,72.6962457337884
4.001432586849619,72.6999726999727
4.001470764342252,72.70369864883308
4.0015619357520285,72.70742358078603
4.001779818625115,72.71114749624779
4.001787253215429,72.71487039563438
4.001986143602535,72.71859227936162
4.001988695418443,72.72231314784506
4.002307793137196,72.72603300150007
4.002508661366285,72.72603300150007
4.002543895775334,72.72603300150007
4.002770813951573,72.72975184074176
4.002785238371915,72.72975184074176
4.002850342679008,72.73346966598501
4.002886478249955,72.73346966598501
4.002928324135118,72.73718647764449
4.003071097831965,72.74090227613466
4.003127765299458,72.74461706186972
4.003134451843259,72.74833083526366
4.003249140880744,72.75204359673025
4.00337388687709,72.75204359673025
4.003469356893382,72.75575534668302
4.003520019792528,72.75575534668302
4.003548541197913,72.75946608553528
4.003587451981118,72.75946608553528
4.003830158341285,72.76317581370012
4.003853934169399,72.76688453159042
4.003856020006854,72.76688453159042
4.003907735668651,72.76688453159042
4.0040466297829305,72.7705922396188
4.004055202032492,72.77429893819766
4.004107459217315,72.77800462773921
4.004158900269746,72.78170930865542
4.0041691130817485,72.78541298135801
4.004199018568088,72.78541298135801
4.0043713099786435,72.78911564625851
4.0043720306781,72.7928173037682
4.004424433421505,72.79651795429814
4.004464575347624,72.80021759825921
4.00453099212544,72.80391623606201
4.004709459283887,72.80761386811693
4.0047824450694645,72.80761386811693
4.004806231247744,72.81131049483415
4.0048369412586045,72.81500611662362
4.004903551484562,72.81870073389508
4.005044899502058,72.82239434705802
4.005273280117598,72.82608695652173
4.005282059939791,72.82608695652173
4.005345854703421,72.8297785626953
4.005396127340794,72.83346916598751
4.005425517571018,72.83715876680701
4.005526204675481,72.83715876680701
4.005614590984756,72.84084736556218
4.005620353267649,72.84084736556218
4.0058361838021295,72.84084736556218
4.0060494883994116,72.84453496266123
4.006095971826861,72.84453496266123
4.006208992292793,72.84822155851208
4.006309925502866,72.85190715352246
4.006495437283082,72.8555917480999
4.006498426844892,72.85927534265166
4.006545636400264,72.86295793758481
4.006908817515665,72.86295793758481
4.007107634686089,72.8666395333062
4.007112093650082,72.87032013022247
4.007248532951482,72.87032013022247
4.00726385740973,72.87399972874
4.007320343849594,72.87767832926498
4.007460912640646,72.88135593220339
4.007542982485567,72.88503253796095
4.0075614422532375,72.8887081469432
4.0076622850760915,72.8887081469432
4.008331767773952,72.89238275955543
4.008338458551141,72.89605637620274
4.0084248243618354,72.89972899728997
4.008469615422227,72.90340062322178
4.008537095755408,72.90340062322178
4.008578966755816,72.9070712544026
4.008601324666727,72.91074089123663
4.008609574382723,72.91440953412784
4.008752219622192,72.91440953412784
4.00881182633477,72.91440953412784
4.00888428978595,72.91807718348002
4.009344693111117,72.92174383969673
4.00936461853369,72.92540950318126
4.009420495566522,72.92907417433676
4.009900962700985,72.92907417433676
4.009930232407852,72.92907417433676
4.0099620976105905,72.92907417433676
4.01012360358822,72.93273785356611
4.010204080344137,72.93273785356611
4.010784839053606,72.93640054127198
4.010924186596193,72.93640054127198
4.011002299929196,72.94006223785685
4.011233774001556,72.94372294372295
4.011308673803922,72.9473826592723
4.011439734577144,72.95104138490667
4.01162058585602,72.95469912102772
4.0117681663542,72.95469912102772
4.012086537398566,72.95835586803678
4.012239329179533,72.962011626335
4.012318733721237,72.96566639632333
4.012332237321087,72.96566639632333
4.012378969770601,72.96566639632333
4.013189446266084,72.96566639632333
4.013261995979464,72.96932017840248
4.013378666470286,72.97297297297297
4.013551182716118,72.97662478043507
4.013845680410751,72.97662478043507
4.013933244521572,72.97662478043507
4.0139927189475655,72.98027560118886
4.014187166744233,72.9839254356342
4.0141893158065916,72.98757428417072
4.014391159326838,72.99122214719785
4.014962567096058,72.99486902511477
4.015135433809568,72.99851491832051
4.016034897748484,72.99851491832051
4.016053654253195,73.00215982721382
4.016164732709427,73.00580375219327
4.016304123950012,73.00944669365722
4.016396909865663,73.01308865200377
4.0164627056216355,73.01672962763087
4.016473302464157,73.0203696209362
4.016548713312186,73.02400863231723
4.016595814966821,73.02764666217128
4.016740713795354,73.02764666217128
4.016766342511067,73.03128371089535
4.017062218692195,73.03491977888635
4.017135225764046,73.03855486654085
4.017151491545034,73.03855486654085
4.01736535812721,73.0421889742553
4.017374320444025,73.0421889742553
4.017382735806935,73.04582210242587
4.017896131896036,73.04945425144858
4.018290580366538,73.04945425144858
4.018344790894139,73.04945425144858
4.01837323762303,73.05308542171922
4.018478951513729,73.05308542171922
4.018513131979782,73.0567156136333
4.0186674940456015,73.0603448275862
4.018712259725313,73.06397306397307
4.018989152390515,73.06397306397307
4.019231709067411,73.0676003231888
4.019245156944809,73.07122660562811
4.019275779781331,73.07485191168551
4.01957298552165,73.07847624175528
4.019664806212222,73.0820995962315
4.019668777197414,73.0820995962315
4.0196790590342175,73.0820995962315
4.019694120722989,73.08572197550801
4.0198824972129685,73.08934337997847
4.019893247001587,73.08934337997847
4.020104562475402,73.09296381003632
4.020174020543708,73.09658326607479
4.020277189917339,73.10020174848688
4.020587694014676,73.10381925766542
4.020611004488613,73.10743579400297
4.020791340429908,73.11105135789191
4.02086129147205,73.11466594972443
4.02094022358178,73.11827956989248
4.021098850149158,73.12189221878779
4.021513062535404,73.12550389680193
4.021597998850631,73.12911460432622
4.021771206678766,73.13272434175174
4.022133992041889,73.13633310946945
4.022272097005558,73.13994090787
4.022346695111211,73.1435477373439
4.023048152016415,73.14715359828142
4.0230503062410845,73.14715359828142
4.02305115651279,73.15075849107264
4.0232739860599995,73.15436241610739
4.023353525213365,73.15796537377534
4.023770514001349,73.15796537377534
4.023840576219349,73.16156736446592
4.024168859260819,73.16516838856836
4.0244630946253,73.16876844647169
4.024470705313402,73.16876844647169
4.0244997913812295,73.17236753856471
4.024701815714627,73.17596566523605
4.024795464441307,73.17956282687408
4.024820379496227,73.18315902386698
4.024867587589138,73.18675425660275
4.024888277657946,73.19034852546918
4.025106235298528,73.19394183085377
4.025156811923739,73.19753417314394
4.025179276542515,73.2011255527268
4.025192690175298,73.20471596998928
4.025334126348701,73.20830542531816
4.025439660345111,73.21189391909992
4.0254451080207305,73.2154814517209
4.025472109331096,73.2154814517209
4.025490344423088,73.21906802356722
4.025514524054692,73.21906802356722
4.02566397156657,73.21906802356722
4.02628044195177,73.22265363502477
4.026281166003678,73.22265363502477
4.026754839131619,73.22623828647924
4.026949790085276,73.22623828647924
4.02699418497359,73.22982197831615
4.027003038480927,73.23340471092077
4.027271782099802,73.23698648467818
4.027435992198467,73.24056729997324
4.027607895466742,73.24056729997324
4.0280899826886705,73.24414715719062
4.02858639015477,73.24772605671482
4.028606030130761,73.24772605671482
4.0288320204073536,73.25130399893006
4.028885679165265,73.25488098422038
4.02896973807381,73.25845701296964
4.028983120941451,73.2620320855615
4.029195089721962,73.26560620237936
4.029318806196323,73.26560620237936
4.029430377188161,73.26560620237936
4.0295795139109165,73.26917936380647
4.02961753658798,73.27275157022585
4.029696493169711,73.27275157022585
4.0302059024068395,73.27632282202032
4.030251991832015,73.27989311957248
4.030273548912011,73.28346246326475
4.030596344137458,73.28346246326475
4.030672719708466,73.28346246326475
4.030678846927159,73.28703085347937
4.030791818955476,73.28703085347937
4.030814683968148,73.29059829059828
4.030874673913539,73.29416477500334
4.030893844611684,73.29773030707611
4.031026862800143,73.30129488719798
4.031229774653497,73.30129488719798
4.031259585063353,73.30129488719798
4.031513782747672,73.30485851575014
4.0315200640656,73.30842119311357
4.03152196385099,73.31198291966908
4.0316260711547685,73.3155436957972
4.031880323335485,73.31910352187833
4.032035152734469,73.32266239829265
4.032222614823686,73.32266239829265
4.032336440874782,73.32266239829265
4.032469158889231,73.32622032542011
4.032589206703498,73.32977730364048
4.032626361807953,73.32977730364048
4.032921377504955,73.32977730364048
4.0330734430710775,73.33333333333333
4.0332932606744984,73.33688841487802
4.033498911227163,73.33688841487802
4.033504396069418,73.3404425486537
4.033785336256846,73.34399573503931
4.033844273117023,73.34754797441366
4.033893926892773,73.35109926715523
4.033926217526501,73.35109926715523
4.033978416328314,73.35109926715523
4.034457957069026,73.35464961364242
4.034503807446811,73.35819901425337
4.034531942878207,73.35819901425337
4.034569049247689,73.36174746936601
4.034640303951122,73.36529497935811
4.034813447706584,73.36884154460719
4.03487497873349,73.37238716549062
4.034989526567734,73.37593184238551
4.035333855242687,73.37947557566883
4.035401440339659,73.37947557566883
4.035546517141732,73.37947557566883
4.036158467496534,73.38301836571732
4.0361779530240165,73.38301836571732
4.0362333358114295,73.38301836571732
4.036610086866428,73.38656021290751
4.036643210498576,73.39010111761576
4.0366491206859125,73.39364108021817
4.036722696589246,73.39718010109073
4.036889321025125,73.39718010109073
4.036902466571335,73.39718010109073
4.037205660579092,73.40071818060913
4.037224227445883,73.40425531914893
4.037239898309015,73.4077915170855
4.037275975689768,73.41132677479393
4.037497027144131,73.41132677479393
4.037656214187344,73.4148610926492
4.037749282001452,73.41839447102605
4.037833235161284,73.421926910299
4.037833969443185,73.42545841084241
4.03787411770923,73.42545841084241
4.037875293515035,73.42898897303043
4.038221476593554,73.43251859723698
4.038256752372712,73.43604728383583
4.038270651068999,73.43957503320053
4.038572454235221,73.43957503320053
4.03861143806486,73.43957503320053
4.038654734509845,73.44310184570442
4.038803439124506,73.44662772172066
4.0389223014808,73.44662772172066
4.039024283596528,73.4501526616222
4.039132474189265,73.45367666578179
4.039147884198151,73.45367666578179
4.039163632219217,73.457199734572
4.039534726607517,73.46072186836517
4.0397137019768845,73.4642430675335
4.0397220678092935,73.46776333244892
4.039818747988972,73.47128266348322
4.039841741616606,73.47128266348322
4.039922850948998,73.47480106100795
4.039964866905637,73.47831852539451
4.039982582614903,73.48183505701405
4.040118719857855,73.48535065623757
4.040213962339344,73.48535065623757
4.0402412095388085,73.48535065623757
4.040334140794073,73.48886532343585
4.040595252902954,73.49237905897945
4.040693262096739,73.49589186323881
4.040772137752833,73.49589186323881
4.0409166302411785,73.49589186323881
4.041143003143271,73.49940373658407
4.041218795836235,73.49940373658407
4.041225767776279,73.50291467938527
4.041396122254708,73.50291467938527
4.041445075485637,73.50642469201219
4.041614397034525,73.50993377483444
4.041672212391957,73.51344192822143
4.041776552900927,73.51694915254238
4.04194791205672,73.51694915254238
4.042090968211065,73.52045544816629
4.042108222173887,73.523960815462
4.042350028201548,73.523960815462
4.042491560347003,73.52746525479816
4.042715673706814,73.53096876654315
4.043087876336115,73.53447135106524
4.043137714624343,73.53797300873246
4.043998266395572,73.53797300873246
4.044006275419076,73.53797300873246
4.044030018120082,73.53797300873246
4.044036637030447,73.53797300873246
4.044155560252422,73.54147373991269
4.044186876520114,73.54497354497354
4.0442123995707355,73.54847242428251
4.044301352173037,73.55197037820682
4.044769723962315,73.55546740711358
4.045174575078419,73.55896351136964
4.04520198861422,73.55896351136964
4.0452308215978805,73.55896351136964
4.045784356836883,73.5624586913417
4.045989959883819,73.56595294739626
4.046142886773812,73.56944627989957
4.046289904795357,73.57293868921776
4.046434382651704,73.57643017571674
4.046477952474211,73.57992073976222
4.046622528006335,73.58341038171972
4.046709119365945,73.58341038171972
4.046894236188886,73.58341038171972
4.046930192228012,73.58341038171972
4.046956552669473,73.58689910195457
4.047177568404468,73.58689910195457
4.047224768852846,73.5903869008319
4.047280663298007,73.59387377871667
4.047389562502112,73.5973597359736
4.0473995133997045,73.60084477296726
4.047464574433191,73.60432889006204
4.047465394881732,73.60781208762207
4.047547172670696,73.61129436601135
4.047758849093549,73.61129436601135
4.047887403512949,73.61477572559367
4.047905347507272,73.61825616673262
4.048004750730597,73.6217356897916
4.048177371404737,73.62521429513386
4.048317424107729,73.62869198312237
4.0483209385385015,73.63216875411997
4.04845937253071,73.63564460848933
4.048463817508218,73.63911954659285
4.048510673922221,73.64259356879283
4.048546959033942,73.64259356879283
4.048549542941701,73.64606667545132
4.048674766279951,73.64953886693017
4.048712650905596,73.65301014359109
4.049063737412162,73.65648050579557
4.049160091965305,73.65994995390491
4.049320888780611,73.66341848828021
4.050196280388733,73.66688610928243
4.050224582692306,73.67035281727225
4.050240142697534,73.67035281727225
4.050361854615177,73.67035281727225
4.0504413336374,73.67381861261025
4.050662960172963,73.67381861261025
4.050847072871604,73.67381861261025
4.050928297612529,73.67728349565675
4.051021398253222,73.68074746677195
4.051190227647377,73.68421052631578
4.051349834437972,73.68421052631578
4.051395387445913,73.68767267464807
4.051404108413599,73.68767267464807
4.051452362400106,73.6911339121284
4.0515317574615874,73.69459423911614
4.05162220139258,73.69459423911614
4.051691161139526,73.69805365597054
4.051918570893096,73.70151216305062
4.051926706432556,73.70496976071522
4.052025641429566,73.708426449323
4.052078383097328,73.71188222923239
4.052455437665436,73.71533710080168
4.052518217391292,73.71879106438897
4.052604640557711,73.72224412035212
4.052926059292132,73.72569626904887
4.053456242887318,73.72914751083673
4.053583795173262,73.73259784607302
4.053858161516231,73.73259784607302
4.054148824132465,73.7360472751149
4.054569459793374,73.73949579831933
4.054727959357778,73.73949579831933
4.054983891561494,73.73949579831933
4.055046165864373,73.73949579831933
4.055175020723173,73.73949579831933
4.055251227514933,73.73949579831933
4.055416242878393,73.74294341604306
4.055527047248783,73.74639012864269
4.055613181495759,73.74983593647461
4.055614422440078,73.75328083989501
4.055715880473849,73.75328083989501
4.055726432004072,73.75672483925993
4.055738561120573,73.75672483925993
4.056140179041554,73.75672483925993
4.056450126979568,73.76016793492522
4.056590026146737,73.76016793492522
4.056649234466776,73.7636101272465
4.056654432754916,73.76705141657922
4.056696329355112,73.77049180327869
4.056937474481133,73.77393128769998
4.057216004284983,73.77736987019799
4.0573016232422665,73.78080755112742
4.057565951966642,73.78424433084284
4.057679164803499,73.78424433084284
4.058026957829564,73.78424433084284
4.05805559541729,73.78768020969856
4.058291895390135,73.79111518804875
4.058861959296996,73.79454926624737
4.058872886763424,73.79798244464824
4.058985471425752,73.80141472360494
4.059406446030315,73.80141472360494
4.0594093568930845,73.80141472360494
4.059752104702621,73.80484610347085
4.059759000984505,73.80827658459927
4.0598441344891905,73.80827658459927
4.0600366090549525,73.80827658459927
4.06010693255723,73.80827658459927
4.060335253604097,73.81170616734319
4.060365064857528,73.81170616734319
4.060389524515832,73.81170616734319
4.060434438918365,73.81513485205551
4.060481711653451,73.81856263908888
4.060711766867463,73.82198952879581
4.060730493182074,73.82198952879581
4.060805532527184,73.8254155215286
4.060812245210792,73.82884061763936
4.060919517095654,73.83226481748004
4.0610381049429645,73.83568812140241
4.061164368522664,73.83911052975802
4.061231245171808,73.84253204289824
4.061311158988173,73.84595266117432
4.061331845803381,73.84937238493724
4.061347748824679,73.85279121453785
4.061434541985088,73.85279121453785
4.06152831381937,73.85279121453785
4.061669723898351,73.85279121453785
4.061871785842753,73.8562091503268
4.062252666229298,73.8562091503268
4.062373061121464,73.8562091503268
4.062459050203647,73.85962619265456
4.062835868485674,73.85962619265456
4.062872323632546,73.85962619265456
4.063176644495336,73.85962619265456
4.063243632215251,73.8630423418714
4.063272300896804,73.86645759832746
4.06340294178392,73.86645759832746
4.063436396290784,73.86987196237261
4.063516838027925,73.87328543435663
4.063737283347485,73.87669801462906
4.063881039039438,73.87669801462906
4.064212025271586,73.87669801462906
4.064244910588636,73.87669801462906
4.064253480315039,73.88010970353925
4.064329761048754,73.88352050143641
4.06455926857798,73.88693040866954
4.064562063705029,73.89033942558747
4.0646152783487475,73.89374755253884
4.064810048247957,73.8971547898721
4.065143784541614,73.90056113793554
4.0652025980138475,73.90396659707724
4.065267600410838,73.90737116764514
4.065331170893779,73.91077484998696
4.065523535726307,73.91417764445023
4.0656355769211725,73.91757955138237
4.065752888313905,73.91757955138237
4.06584499300885,73.92098057113053
4.065937093845973,73.92098057113053
4.066123352018945,73.92438070404172
4.066141647931419,73.92438070404172
4.066236038767423,73.92438070404172
4.066389862472102,73.92777995046278
4.066447671494099,73.93117831074035
4.0664991192134865,73.93117831074035
4.06650719360969,73.9345757852209
4.0666774817677105,73.9345757852209
4.067039239017508,73.9345757852209
4.067075303705353,73.9345757852209
4.067087853993172,73.9345757852209
4.067103972592548,73.93797237425072
4.067201840296118,73.93797237425072
4.06725746487675,73.93797237425072
4.067368100478065,73.9413680781759
4.0675161882254,73.94476289734236
4.067670573580774,73.94476289734236
4.067766254589936,73.94815683209586
4.067847063626843,73.95154988278198
4.067897963360023,73.95494204974607
4.067957627363258,73.95494204974607
4.0680974600338216,73.95833333333334
4.06820047929368,73.96172373388882
4.068266600457431,73.96172373388882
4.068441062125714,73.96172373388882
4.068645739306862,73.96511325175736
4.068668791936685,73.96511325175736
4.06883828950173,73.96850188728361
4.069117689105238,73.97188964081207
4.0695208566602945,73.97527651268705
4.06994145941576,73.97527651268705
4.069944565936548,73.97866250325266
4.069962630054766,73.98204761285287
4.06998669598429,73.98543184183143
4.070051900952908,73.98881519053194
4.070308363792524,73.99219765929779
4.070392323311297,73.99557924847224
4.070439193711413,73.99895995839833
4.070482648746736,74.00233978941895
4.070707515727201,74.00571874187679
4.070786353412305,74.00909681611436
4.070891388789422,74.01247401247402
4.071164266274764,74.01585033129791
4.071220387594707,74.01922577292804
4.071318094254332,74.0226003377062
4.071321510002489,74.02597402597402
4.07138612001276,74.02934683807297
4.0714946173132995,74.03271877434433
4.071691459575688,74.03608983512918
4.0718463805811185,74.03946002076843
4.072018275736657,74.04282933160286
4.0720189902346515,74.04619776797301
4.072120440307352,74.04956533021928
4.072128047315766,74.04956533021928
4.072151142744745,74.04956533021928
4.072223917878375,74.0529320186819
4.072232048559991,74.0529320186819
4.072628947681836,74.05629783370087
4.0727524181371475,74.05629783370087
4.072862821527069,74.05966277561609
4.07288949165342,74.06302684476721
4.0729107852698565,74.06639004149378
4.073534090236934,74.06639004149378
4.073575933918071,74.0697523661351
4.073706281232671,74.0697523661351
4.073720737440186,74.07311381903034
4.073760987805785,74.07311381903034
4.0739629881657455,74.07311381903034
4.07396897487112,74.07647440051846
4.073981552416504,74.07647440051846
4.073983527747766,74.07983411093831
4.074226415841622,74.08319295062849
4.0742591360406815,74.08655091992745
4.074567348495401,74.08990801917346
4.074605615100024,74.08990801917346
4.074606416215766,74.09326424870466
4.074656982555421,74.09661960885896
4.074679332153347,74.09997409997409
4.074823092280868,74.09997409997409
4.074830655389465,74.09997409997409
4.0749082824505,74.09997409997409
4.074956962563408,74.10332772238768
4.075151909430903,74.10668047643708
4.075352086675585,74.11003236245955
4.07538818852531,74.11338338079213
4.075391093947823,74.1167335317717
4.075428474369117,74.12008281573499
4.075473079841266,74.1234312330185
4.075502318691598,74.1267787839586
4.0757089581632,74.13012546889148
4.0759140588421605,74.13347128815313
4.076003006270149,74.13681624207939
4.076050101267433,74.14016033100594
4.076075373094011,74.14350355526827
4.076270316295693,74.14350355526827
4.076383953707439,74.14350355526827
4.076608975153992,74.14684591520165
4.0766200796282925,74.15018741114126
4.0766450756750405,74.15352804342207
4.076703672464654,74.15686781237886
4.07677887497557,74.16020671834626
4.0768861217404435,74.16020671834626
4.076893065894317,74.1635447616587
4.076927222058431,74.1635447616587
4.077041452909294,74.16688194265048
4.077073144233965,74.17021826165569
4.077090837566083,74.17355371900827
4.07729639674066,74.17688831504196
4.077427009762771,74.18022205009038
4.077464414247785,74.1835549244869
4.077552391580089,74.18688693856478
4.077575665215107,74.18688693856478
4.077578215215357,74.19021809265712
4.077778249455047,74.19354838709677
4.077922777973812,74.19687782221649
4.077940316887521,74.19687782221649
4.078262575718097,74.20020639834881
4.078483112400217,74.20020639834881
4.078640998307294,74.20020639834881
4.078806531220484,74.20353411582613
4.078816570674478,74.20686097498066
4.078869820734144,74.21018697614443
4.0790249351531145,74.21351211964931
4.0792110535878585,74.216836405827
4.079532353095491,74.22015983500903
4.079591033984372,74.22348240752675
4.079635282730969,74.22680412371135
4.079773880330095,74.22680412371135
4.079810691910588,74.23012498389383
4.079819678615551,74.23012498389383
4.079861593351365,74.23012498389383
4.080047441618657,74.23344498840505
4.080157143358008,74.23344498840505
4.080163214952116,74.23676413757569
4.080315006584543,74.24008243173623
4.080360813005394,74.243399871217
4.080580904334827,74.24671645634818
4.080868472248539,74.25003218745977
4.0809899896231405,74.25334706488157
4.0811097350928565,74.25334706488157
4.081415682623003,74.25666108894323
4.0816702352076035,74.25666108894323
4.082033107940192,74.25666108894323
4.082061908770366,74.25666108894323
4.0821464361228355,74.25997425997426
4.082284195782944,74.25997425997426
4.082296922828566,74.26328657830396
4.082392507695879,74.26659804426146
4.082445602700898,74.26990865817574
4.082528031759362,74.27321842037561
4.082625552279474,74.27652733118971
4.082752359906738,74.2798353909465
4.082913227916655,74.28314259997428
4.082981908482489,74.28644895860118
4.0834929312675,74.28975446715516
4.083556737747009,74.28975446715516
4.083747591245526,74.28975446715516
4.083750813869722,74.293059125964
4.0838137480958085,74.29636293535535
4.08385764188538,74.29966589565664
4.0838643736221405,74.29966589565664
4.083974245878619,74.30296800719518
4.08400633571499,74.30626927029805
4.084180473105297,74.30626927029805
4.0842024096283245,74.30626927029805
4.084203640422821,74.30956968529223
4.084305038671264,74.3128692525045
4.084326386079034,74.3128692525045
4.084363103830985,74.31616797226145
4.084471920613843,74.31946584488958
4.084552537212889,74.32276287071511
4.084565614634199,74.32605905006419
4.084568435154029,74.32935438326274
4.084607889712567,74.32935438326274
4.084854864528357,74.32935438326274
4.084977443827782,74.33264887063655
4.084992815330613,74.33594251251124
4.085268864425938,74.33594251251124
4.085425365324529,74.33923530921221
4.085586154829796,74.33923530921221
4.085617391240909,74.33923530921221
4.085626911076575,74.34252726106479
4.085655421940636,74.34252726106479
4.086041186265957,74.34581836839405
4.086214217377814,74.34581836839405
4.086483731206948,74.34910863152494
4.08652195054546,74.35239805078226
4.086573379210973,74.35239805078226
4.086686824570937,74.35568662649058
4.0869370022926095,74.35568662649058
4.086948447260983,74.35568662649058
4.086951666714444,74.35897435897436
4.087039843976307,74.36226124855789
4.087062221379712,74.36554729556524
4.087087253989901,74.3688325003204
4.087308979410062,74.37211686314711
4.0873697903110076,74.375400384369
4.087488945537648,74.375400384369
4.087505815774505,74.3786830643095
4.087607248598972,74.38196490329192
4.0876433750405505,74.38524590163934
4.0878191338680745,74.38852605967473
4.08794977794991,74.38852605967473
4.0879529545415405,74.39180537772087
4.087953901594452,74.39508385610037
4.08795607391896,74.39508385610037
4.088001282171184,74.39836149513569
4.0881023748043,74.40163829514911
4.088116625624015,74.40491425646276
4.088336361108704,74.40491425646276
4.088518415122055,74.40818937939859
4.088663770946279,74.4114636642784
4.088820700403056,74.41473711142382
4.088929603647433,74.41800972115631
4.089008893790754,74.42128149379717
4.089161349396493,74.42455242966753
4.089566099522394,74.42782252908835
4.089656804156632,74.43109179238047
4.089812129497088,74.4343602198645
4.089821455812328,74.4343602198645
4.090058272463863,74.43762781186093
4.090097996131152,74.4408945686901
4.09057059678286,74.44416049067212
4.090669401973134,74.447425578127
4.090920957414329,74.45068983137455
4.091029509339354,74.45395325073446
4.0914722883312775,74.45395325073446
4.09153327708336,74.45721583652617
4.091583525994663,74.46047758906909
4.0918127127057415,74.46047758906909
4.09182216513403,74.46047758906909
4.0918310149201655,74.46373850868233
4.091863391468577,74.46699859568491
4.091864101017854,74.47025785039571
4.092032429846412,74.47351627313338
4.09218445645005,74.47677386421644
4.0922788102321075,74.48003062396326
4.092302835182703,74.48328655269202
4.0923438628718865,74.48654165072075
4.092454036860547,74.48654165072075
4.092502518118536,74.48979591836735
4.0925708444538955,74.48979591836735
4.092616626947184,74.4930493559495
4.092864131357228,74.49630196378475
4.092883158613501,74.49955374219049
4.093073405609281,74.49955374219049
4.093272532180355,74.50280469148393
4.09343713491609,74.50605481198215
4.093611941795946,74.50930410400204
4.093884860886687,74.51255256786033
4.093966374879298,74.51255256786033
4.094018103288766,74.51255256786033
4.094084558594834,74.5158002038736
4.094110353664081,74.51904701235826
4.094300315724789,74.52229299363057
4.094441438958731,74.52553814800662
4.094554099091175,74.52878247580234
4.094638835657542,74.5320259773335
4.094701215492078,74.5320259773335
4.095005838397171,74.5352686529157
4.09522377285634,74.53851050286443
4.095250525098928,74.53851050286443
4.095297973246131,74.54175152749491
4.095360472481423,74.54499172712231
4.0954257897371305,74.54823110206159
4.095429969742987,74.55146965262756
4.0955001834249565,74.55470737913485
4.095513716629489,74.55794428189797
4.095574176373954,74.55794428189797
4.095618716713638,74.56118036123124
4.095621082481352,74.56441561744882
4.095788376622357,74.56441561744882
4.095796391033472,74.56441561744882
4.096126116245511,74.5676500508647
4.096267859647068,74.57088366179275
4.0963705915670765,74.57411645054665
4.0965032022479635,74.57411645054665
4.096578728868189,74.57411645054665
4.096599751218494,74.57734841743994
4.096664449068196,74.58057956278597
4.09685429843484,74.58380988689795
4.097131642856818,74.58703939008895
4.0971621369725115,74.59026807267183
4.097252575215154,74.59349593495935
4.0972873136080095,74.59672297726406
4.097474378684856,74.59994919989839
4.0976248054761815,74.60317460317461
4.097851944944135,74.60639918740478
4.097875278613206,74.60962295290085
4.098060530558773,74.60962295290085
4.098109610666913,74.60962295290085
4.098323840716208,74.61284589997462
4.098330832480582,74.61284589997462
4.098340655022535,74.61284589997462
4.0985400969294545,74.61606802893769
4.098667595199888,74.61606802893769
4.098705691470867,74.61928934010153
4.0988871896254455,74.61928934010153
4.098940824852789,74.61928934010153
4.098967726114804,74.61928934010153
4.099284550017391,74.62250983377744
4.099400420192761,74.62572951027659
4.099421095358338,74.62894836990993
4.099528912221319,74.63216641298833
4.099530934139957,74.63538363982245
4.099655604162408,74.63538363982245
4.099776220804952,74.63538363982245
4.099810834958226,74.6386000507228
4.0998389499858625,74.6386000507228
4.099841373699803,74.64181564599974
4.099864830527057,74.64503042596348
4.099879148385314,74.64824439092406
4.099919736283393,74.64824439092406
4.099975537725183,74.64824439092406
4.1002421777880835,74.65145754119138
4.100357200624986,74.65466987707515
4.100435728330415,74.65466987707515
4.10052603552646,74.65788139888495
4.100532916373058,74.6610921069302
4.10070877741403,74.6610921069302
4.100773221456597,74.66430200152014
4.100883824499195,74.66430200152014
4.1011031356695025,74.66430200152014
4.101241692503321,74.6675110829639
4.101249625246353,74.6675110829639
4.101327651700151,74.6675110829639
4.1013707668823765,74.67071935157041
4.101400047486702,74.67071935157041
4.101523745925734,74.67071935157041
4.101619324670505,74.67392680764847
4.101621631237874,74.6771334515067
4.101664670327784,74.6771334515067
4.101794318601523,74.6803392834536
4.102005095477217,74.6803392834536
4.1020072151075,74.68354430379746
4.102050806699018,74.68674851284648
4.102194704276942,74.68995191090862
4.102388487504543,74.69315449829179
4.102467632224801,74.69635627530364
4.102509844161778,74.69955724225173
4.102601457842284,74.70275739944347
4.102612363819944,74.70595674718604
4.102693698962232,74.70915528578655
4.102840060623379,74.7123530155519
4.102997506652022,74.71554993678888
4.103248957104781,74.71874604980407
4.103379720936154,74.72194135490395
4.1036459379439805,74.7251358523948
4.103672025596666,74.7251358523948
4.104086387373734,74.7251358523948
4.104125534903196,74.72832954258276
4.1041618823022965,74.73152242577385
4.104217836861047,74.73152242577385
4.104298385838537,74.73471450227387
4.104535271725412,74.73790577238853
4.104543749564411,74.73790577238853
4.104556731751796,74.74109623642335
4.1046039615310175,74.74428589468367
4.105133096756105,74.74428589468367
4.105325705774727,74.74747474747475
4.10549351553639,74.75066279510163
4.106194717150431,74.75385003786923
4.106557807444297,74.75703647608229
4.106888068003512,74.76022211004543
4.106988407712963,74.76340694006309
4.107025331521616,74.76340694006309
4.107042125200486,74.76659096643957
4.10710740170856,74.769774189479
4.107123831751722,74.77295660948536
4.1071366174078285,74.77613822676251
4.1073052208737675,74.77613822676251
4.107322633431066,74.77931904161412
4.10740877609178,74.7824990543437
4.107494168462293,74.78567826525466
4.107622636711796,74.78885667465019
4.107875923718532,74.78885667465019
4.10791014509831,74.78885667465019
4.10830698027149,74.79203428283337
4.108542159053294,74.79521109010712
4.108555351481312,74.79838709677419
4.108558247977781,74.8015623031372
4.108695054804132,74.80473670949861
4.108997086717172,74.80791031616073
4.109062177783415,74.81108312342569
4.109197148534557,74.81425513159552
4.109590029558102,74.81742634097205
4.109606114968691,74.82059675185698
4.109647985745998,74.82376636455186
4.109686229829605,74.82693517935809
4.109746025168704,74.82693517935809
4.109903436116526,74.83010319657689
4.110047901242547,74.83010319657689
4.110280837517188,74.83327041650938
4.110308030236364,74.83643683945647
4.110375897966217,74.83960246571895
4.110420784952531,74.83960246571895
4.110447095332212,74.84276729559748
4.1106108555027365,74.84593132939253
4.110611227156274,74.84593132939253
4.110727768736627,74.84909456740442
4.111002183326255,74.85225700993335
4.111428863847891,74.85541865727936
4.111470291748825,74.8585795097423
4.111477696571438,74.86173956762192
4.111660744559903,74.8648988312178
4.111676375406295,74.8648988312178
4.111894443620217,74.86805730082935
4.112000308510114,74.87121497675588
4.112615413549205,74.87437185929649
4.112710778847304,74.87752794875016
4.112793229310412,74.88068324541572
4.113016990693271,74.88383774959186
4.113159166168892,74.8869914615771
4.113183768850439,74.89014438166981
4.113249512056111,74.89329651016821
4.113398403613911,74.89329651016821
4.113874127866039,74.89644784737041
4.114004500545033,74.89644784737041
4.114053149795408,74.8995983935743
4.114071173878008,74.90274814907768
4.114230426802637,74.90589711417816
4.114753509162037,74.90904528917325
4.114929760213388,74.91219267436026
4.115657194894993,74.91219267436026
4.115696964845681,74.91533927003637
4.115961055230327,74.91848507649863
4.115970940928873,74.92163009404389
4.116044840989123,74.92477432296891
4.116073841457486,74.92791776357026
4.116078341353432,74.9310604161444
4.116129124309675,74.9310604161444
4.116313603334271,74.93420228098759
4.116439575193113,74.93734335839599
4.1165225311302835,74.94048364866558
4.116662038523442,74.94362315209221
4.117018689587473,74.94676186897156
4.117346213712175,74.9498997995992
4.11741574180067,74.95303694427051
4.117576290712359,74.95303694427051
4.117723495605926,74.95617330328074
4.117911686064812,74.95930887692501
4.11792043541393,74.96244366549824
4.117984771839642,74.96557766929529
4.118054798740228,74.96871088861077
4.118090774739267,74.96871088861077
4.118552328304743,74.97184332373921
4.1188234576136,74.97497497497497
4.1188749471883535,74.97810584261228
4.1189263817685156,74.98123592694522
4.119117964690613,74.98436522826766
4.1191945125611715,74.98749374687344
4.1192335508494935,74.99062148305615
4.119262304504212,74.99374843710928
4.119266487139178,74.99687460932617
4.119673103543395,75.0
4.119831197161132,75.00312460942382
4.119959178737564,75.00312460942382
4.1200573461394185,75.00624843789053
4.120092388872829,75.00937148569287
4.120363644805943,75.01249375312344
4.12051550315998,75.0156152404747
4.120529031044127,75.01873594803897
4.120545303455816,75.0218558761084
4.120574757782044,75.02497502497502
4.120618666114931,75.0280933949307
4.120719811028373,75.03121098626715
4.121024635601049,75.03432779927599
4.121088160529907,75.03432779927599
4.121205984637148,75.03744383424863
4.121245084909993,75.04055909147635
4.1212461196884265,75.04367357125031
4.121293540687559,75.04678727386151
4.121415990362306,75.0499001996008
4.121447832504504,75.0499001996008
4.121791267878833,75.05301234875888
4.121791610306379,75.05301234875888
4.121825677719317,75.05301234875888
4.122122016887792,75.05612372162635
4.122175718168179,75.05923431849357
4.122246062827325,75.06234413965088
4.122367837186842,75.06545318538835
4.122454450732585,75.068561455996
4.122468466515556,75.07166895176368
4.1225771605508355,75.07477567298105
4.122629567397753,75.0778816199377
4.122639943844406,75.080986792923
4.12295011713997,75.080986792923
4.122990493796401,75.080986792923
4.123117717733205,75.08409119222623
4.123194789554314,75.08719481813652
4.123364160287019,75.09029767094283
4.123444054115355,75.093399750934
4.123449855111759,75.093399750934
4.1234650623058,75.0965010583987
4.123578608980092,75.0996015936255
4.123635857289258,75.10270135690278
4.123764477307413,75.10270135690278
4.124025643588136,75.1058003485188
4.1240652878618045,75.10889856876167
4.124165273664453,75.11199601791935
4.124181101845633,75.1150926962797
4.124245150811774,75.1150926962797
4.124362344883222,75.11818860413038
4.124900070690866,75.12128374175893
4.1251820750748065,75.12437810945273
4.125404472670759,75.12747170749907
4.1254787933202435,75.13056453618503
4.125525624059471,75.13365659579759
4.125634015011031,75.13674788662357
4.1259361769276985,75.13983840894966
4.126119181047339,75.1429281630624
4.126169504719262,75.14601714924817
4.1262055747831665,75.14910536779324
4.126312519539386,75.15219281898372
4.126347963526298,75.15219281898372
4.1263758157478705,75.15219281898372
4.126421605342359,75.15527950310559
4.126519351082962,75.15836542044467
4.126574035178141,75.16145057128664
4.126649298731738,75.16453495591705
4.126761875846556,75.16453495591705
4.126770786830017,75.16761857462132
4.126819893088116,75.16761857462132
4.126826373236931,75.17070142768468
4.126848464238418,75.17378351539226
4.127249029503728,75.17686483802905
4.127419031115476,75.17994539587987
4.127433072092929,75.18302518922944
4.127494566918824,75.18610421836229
4.127568688219059,75.18918248356283
4.127702391837193,75.19225998511536
4.127805582659912,75.19533672330398
4.1278244580182495,75.1984126984127
4.128029209802849,75.1984126984127
4.1280330371864675,75.20148791072536
4.128120446449312,75.20456236052566
4.128129696431875,75.20763604809719
4.128357781470007,75.21070897372336
4.128472769545516,75.21378113768745
4.128484739188407,75.21378113768745
4.128669377082947,75.21378113768745
4.128763367705605,75.21378113768745
4.12877202202159,75.21685254027261
4.128855181941186,75.21992318176186
4.12892491938519,75.21992318176186
4.128954003474315,75.21992318176186
4.129332512088716,75.22299306243806
4.12937747260834,75.22299306243806
4.1294186986651065,75.22606218258392
4.12953808023578,75.22913054248204
4.129679481616917,75.23219814241486
4.129817998462915,75.23526498266469
4.130006219151764,75.23833106351368
4.13019682352464,75.24139638524387
4.130290346225735,75.24139638524387
4.130335909418474,75.24446094813715
4.130424725035618,75.24752475247524
4.1305261053473865,75.25058779853978
4.130712341243883,75.25058779853978
4.130796424643886,75.25365008661223
4.1310299084320485,75.25671161697389
4.131116375607383,75.25977238990599
4.131151376101953,75.25977238990599
4.131264229654068,75.26283240568955
4.1314235277437135,75.26589166460549
4.131428206615516,75.26589166460549
4.131668522078052,75.26895016693459
4.131706742815212,75.27200791295748
4.132002933089893,75.27200791295748
4.132032870645895,75.27506490295463
4.132152479335847,75.27506490295463
4.132222022256306,75.27506490295463
4.13236511785027,75.27812113720643
4.132412284767357,75.28117661599309
4.132547766666137,75.28423133959467
4.132549835749855,75.28728530829112
4.132681523280403,75.28728530829112
4.132872438094383,75.29033852236225
4.1328827950816605,75.29033852236225
4.132898158209511,75.29033852236225
4.133005962250793,75.2933909820877
4.13309900229036,75.29644268774703
4.133255480353241,75.29644268774703
4.133376488924318,75.29644268774703
4.133399975200786,75.29949363961961
4.133540236346556,75.30254383798469
4.133751253176472,75.30254383798469
4.133972744232859,75.30559328312137
4.134048688649013,75.30864197530865
4.134318030041018,75.31168991482534
4.134509869188738,75.31473710195013
4.134586461190335,75.31778353696163
4.134699488236557,75.32082922013821
4.134810613444863,75.32387415175818
4.135066480002904,75.32387415175818
4.135104206676977,75.32387415175818
4.135145241191464,75.32691833209968
4.13525238925362,75.32996176144073
4.135496822348218,75.3330044400592
4.135847578158191,75.3330044400592
4.136291382809452,75.33604636823283
4.136553467444504,75.33604636823283
4.136675730404155,75.33908754623921
4.136837236243832,75.33908754623921
4.136898729937181,75.3421279743558
4.1371755217173565,75.34516765285996
4.137205709745236,75.34820658202884
4.137717071416141,75.35124476213952
4.1378420486532645,75.35124476213952
4.138114880459346,75.35124476213952
4.138181115238201,75.35428219346888
4.138342054461502,75.35428219346888
4.138441930036679,75.35731887629375
4.138524947250113,75.36035481089073
4.138708994169188,75.36338999753633
4.138839280508811,75.36642443650696
4.1389399358702486,75.36945812807882
4.139037356930855,75.37249107252802
4.139043796209823,75.3755232701305
4.139254267236155,75.37855472116213
4.139332180224272,75.38158542589856
4.139380783497238,75.38461538461539
4.139515864728584,75.387644597588
4.139780434835475,75.39067306509168
4.140019766986508,75.39370078740157
4.1401200252526085,75.39672776479271
4.140225094277108,75.39975399753997
4.140360970618915,75.40277948591809
4.140800733182722,75.40277948591809
4.140809240209542,75.40580423020167
4.1408810637857645,75.4088282306652
4.140945921091797,75.4088282306652
4.141059812661613,75.41185148758298
4.141313882103664,75.41185148758298
4.141314496895695,75.41487400122926
4.141336086583947,75.41789577187808
4.141369426997312,75.42091679980338
4.141825312679249,75.42393708527894
4.141968443642472,75.42393708527894
4.142164145238518,75.42393708527894
4.142442355560278,75.42695662857845
4.142454241287814,75.42997542997543
4.1427072558883085,75.43299348974327
4.142777925127467,75.43299348974327
4.142984984870932,75.43601080815525
4.143191281054404,75.43902738548447
4.143269078521386,75.43902738548447
4.143291044917284,75.44204322200393
4.143569541736873,75.44204322200393
4.143715407608671,75.4450583179865
4.1437783495164675,75.44807267370489
4.143965191079587,75.45108628943169
4.144126095447576,75.45409916543937
4.1442793720554345,75.45711130200024
4.1443353826141776,75.4601226993865
4.144376471024973,75.4631333578702
4.144534744124208,75.46614327772326
4.1445705768191266,75.46915245921747
4.144702032935794,75.47216090262448
4.144807069485615,75.47516860821581
4.144857386190028,75.47516860821581
4.144868163109157,75.47516860821581
4.145025921124627,75.47516860821581
4.14517494159589,75.47817557626287
4.145311146894992,75.4811818070369
4.145319970187831,75.48418730080903
4.145321407519192,75.48719205785022
4.14533754770678,75.48719205785022
4.146030118437423,75.49019607843137
4.146037755686616,75.49319936282318
4.146155766761432,75.49319936282318
4.1462246842411625,75.49620191129624
4.14636836103198,75.49620191129624
4.146450563267162,75.49920372412103
4.146543463626079,75.50220480156786
4.146635765536828,75.50520514390692
4.1469598885056325,75.50820475140829
4.146984511040876,75.50820475140829
4.147300050339285,75.51120362434186
4.147361497016441,75.51420176297748
4.147370489608669,75.51719916758476
4.14748896278899,75.5201958384333
4.147575700071421,75.52319177579244
4.147587751722981,75.52618697993148
4.148069791817381,75.52618697993148
4.148108632919757,75.52918145111954
4.148168644949157,75.53217518962563
4.148210435684187,75.53217518962563
4.148216582796543,75.53516819571865
4.148366306692922,75.53816046966732
4.148444062153279,75.54115201174024
4.148520820494019,75.54414282220591
4.148620015036996,75.54414282220591
4.148999281468395,75.54713290133267
4.149050857035045,75.54713290133267
4.149073390374149,75.55012224938875
4.149080122795622,75.55311086664221
4.1491475835272045,75.55609875336103
4.149552052021004,75.55908590981304
4.149864620684854,75.56207233626589
4.149905731629404,75.56505803298718
4.150114465291392,75.56804300024432
4.150296774801404,75.57102723830464
4.15032700536212,75.57401074743527
4.1503648213568205,75.57401074743527
4.150404130896896,75.57699352790328
4.150489695354054,75.57997557997558
4.150701313378827,75.58295690391894
4.150792629352966,75.5859375
4.151185084817252,75.5889173684853
4.15128567575974,75.5918965096412
4.151577536815218,75.59487492373398
4.151828382629318,75.59785261102977
4.151880278094486,75.60082957179456
4.152230560124978,75.60380580629422
4.152310390261479,75.60678131479449
4.152327297933124,75.60975609756098
4.1523290733324965,75.61273015485916
4.1523988778731376,75.61273015485916
4.152605764770204,75.6157034869544
4.152607579267465,75.6157034869544
4.152657872515041,75.61867609411192
4.152827316552102,75.62164797659679
4.152858901502712,75.62164797659679
4.152867605352801,75.62461913467398
4.153068531386614,75.62758956860833
4.153205777531175,75.62758956860833
4.153213418458657,75.63055927866455
4.153701516654087,75.6335282651072
4.153713654462732,75.63649652820075
4.1538584640843,75.6394640682095
4.153893705889379,75.64243088539764
4.15395872444934,75.64539698002922
4.15396500584735,75.6483623523682
4.15409383820024,75.6483623523682
4.154151828436777,75.65132700267836
4.154296155055889,75.65132700267836
4.154462078193634,75.65429093122337
4.154469588032121,75.6572541382668
4.154488729230854,75.66021662407204
4.154497639796845,75.66021662407204
4.154657566157053,75.66021662407204
4.155129206684752,75.66317838890241
4.1552700208069595,75.66317838890241
4.155284457453401,75.66613943302104
4.155421781696312,75.669099756691
4.155532274254987,75.67205936017515
4.155594164071294,75.67501824373632
4.155854930501392,75.67797640763712
4.155962276414199,75.68093385214007
4.156748512686483,75.6838905775076
4.1567531614528,75.68684658400194
4.1569592300037606,75.68980187188525
4.157128303526946,75.69275644141953
4.157373635259522,75.69571029286669
4.157591715787074,75.69571029286669
4.15764880390463,75.69571029286669
4.158124736300748,75.69866342648845
4.158265501661914,75.69866342648845
4.158483754212551,75.70161584254646
4.158510935939161,75.70456754130224
4.158562642373757,75.70456754130224
4.158611513929204,75.70456754130224
4.1586358939937185,75.70751852301713
4.158717812605291,75.7104687879524
4.158721497961315,75.71341833636916
4.158773093709593,75.71341833636916
4.158831404027356,75.71636716852841
4.159534735905422,75.71931528469102
4.159580323837886,75.71931528469102
4.159580471324792,75.72226268511774
4.159643519847977,75.72520937006918
4.159708414961466,75.72815533980582
4.159797397573938,75.72815533980582
4.159841649070018,75.73110059458803
4.160057363531364,75.73110059458803
4.160081189514546,75.73404513467605
4.16031692795053,75.73698896032998
4.160338131374529,75.73698896032998
4.160458494143732,75.7399320718098
4.160712945625719,75.7399320718098
4.160787702716457,75.74287446937538
4.160920671868278,75.74581615328644
4.160975685729223,75.74581615328644
4.161134209546713,75.74581615328644
4.161352044665828,75.74581615328644
4.161546156139238,75.74875712380259
4.161674269007902,75.75169738118332
4.161747097057015,75.75169738118332
4.16175029140911,75.75463692568796
4.161802280813886,75.75463692568796
4.162005181825815,75.75757575757575
4.162180916171666,75.75757575757575
4.1622226011505905,75.76051387710581
4.162350784349631,75.76345128453708
4.162368136888346,75.76345128453708
4.162560020491631,75.76638798012844
4.162837002641135,75.76638798012844
4.162962559288868,75.76932396413861
4.162964275625786,75.77225923682617
4.163038349668805,75.7751937984496
4.163088149362667,75.77812764926729
4.163365070471242,75.7810607895374
4.163484543774714,75.7810607895374
4.163508625868369,75.7839932195181
4.1639891247052745,75.7839932195181
4.164039654417665,75.78692493946731
4.164063835986356,75.7898559496429
4.164101412776452,75.79278625030258
4.164125038592515,75.79571584170398
4.164371365146728,75.79864472410455
4.164456325137893,75.80157289776164
4.164556906522547,75.80450036293249
4.16461290901783,75.80742711987419
4.165055978026217,75.80742711987419
4.16517244518871,75.81035316884373
4.165304549953456,75.81327851009796
4.165334917965299,75.81620314389359
4.165345319297444,75.81912707048724
4.165447212450584,75.8220502901354
4.165510837613558,75.8249728030944
4.165550687272345,75.8278946096205
4.165658153396286,75.83081570996978
4.165701608817246,75.83373610439827
4.165992889981564,75.83373610439827
4.166099329872156,75.83665579316178
4.166128900827153,75.83665579316178
4.166171674411665,75.83665579316178
4.166252956817162,75.83665579316178
4.166504965497241,75.83957477651607
4.1665406499006075,75.84249305471675
4.166545237300541,75.84249305471675
4.166642913190789,75.84541062801932
4.166652283399865,75.84541062801932
4.1666784216892,75.84832749667915
4.166783899698681,75.85124366095147
4.167580226392218,75.85415912109139
4.167704094041804,75.85415912109139
4.167766426201446,75.85415912109139
4.167818758951608,75.85707387735393
4.1678884038809,75.85998792999396
4.168403362928096,75.86290127926624
4.16850046568712,75.86581392542536
4.168563299338229,75.86872586872587
4.168569799312337,75.87163710942212
4.168572822955417,75.8745476477684
4.168841230043849,75.8745476477684
4.168943564964041,75.8745476477684
4.168950146557635,75.8745476477684
4.169108078329508,75.87745748401882
4.169344112191376,75.87745748401882
4.169688360512013,75.87745748401882
4.169822818488749,75.8803666184274
4.169895199534827,75.8803666184274
4.169923789123459,75.8803666184274
4.170096959645798,75.8803666184274
4.170237540083359,75.88327505124805
4.170409551590052,75.88618278273451
4.170586554368901,75.88908981314044
4.170674571428306,75.89199614271939
4.1707071094813974,75.89199614271939
4.170757226822448,75.89490177172472
4.170777333246958,75.89780670040975
4.170802714059612,75.9007109290276
4.171059980475269,75.9007109290276
4.171222334162498,75.90361445783132
4.171437302723976,75.90361445783132
4.17162953295234,75.90361445783132
4.171866015699433,75.90651728707385
4.172008589202815,75.90941941700795
4.17200970762801,75.90941941700795
4.172185620598594,75.9123208478863
4.17233327389069,75.9123208478863
4.1724664149938935,75.91522157996147
4.172531942044181,75.91522157996147
4.172561120046168,75.91812161348585
4.172618102219778,75.92102094871177
4.172794660501532,75.92102094871177
4.172837743298352,75.92391958589143
4.172868645653584,75.92681752527685
4.1729294034223905,75.92971476711999
4.173154112132201,75.92971476711999
4.173307933964912,75.92971476711999
4.17334288115643,75.93261131167269
4.173366941625607,75.93550715918663
4.173454140482995,75.93550715918663
4.173473879200785,75.93840230991337
4.173658197366256,75.93840230991337
4.173736736385228,75.94129676410442
4.173992207165656,75.94419052201107
4.1740532093931275,75.94708358388455
4.174086001917848,75.94997594997595
4.17416228133964,75.94997594997595
4.1742356985805005,75.95286762053625
4.1746073867999085,75.95286762053625
4.174654756252783,75.9557585958163
4.174666966713313,75.95864887606683
4.174767299389158,75.96153846153845
4.174880621535937,75.96442735248168
4.175024640496286,75.96442735248168
4.1750635005479015,75.96731554914685
4.175077946653651,75.96731554914685
4.175089232737992,75.97020305178421
4.175190151763055,75.97308986064391
4.175301502882383,75.97597597597597
4.175350529990796,75.97886139803026
4.1753679193573126,75.98174612705655
4.175396851075134,75.98174612705655
4.175477076221595,75.98463016330452
4.175670790195686,75.98751350702365
4.175917659076792,75.99039615846338
4.1759834746566264,75.993278117873
4.176056437186499,75.99615938550168
4.176130140422964,75.99903996159847
4.176269546306415,76.00191984641229
4.176286834661388,76.00479904019195
4.176314147849615,76.00767754318618
4.176376215364224,76.01055535564352
4.17646019194244,76.01343247781243
4.176610711218006,76.01630890994124
4.176693561505979,76.01918465227818
4.176797042448475,76.02205970507133
4.176865047245807,76.02493406856868
4.176943009807127,76.02493406856868
4.177036325401415,76.02780774301809
4.177358360635711,76.0306807286673
4.177450354061486,76.0306807286673
4.177604502445419,76.0306807286673
4.177639994200575,76.03355302576394
4.177649236466302,76.03642463455547
4.177690948301456,76.03929555528933
4.177797637396772,76.04216578821274
4.177890922483572,76.04216578821274
4.177934305473725,76.04216578821274
4.1779699498687854,76.04503533357288
4.17826095819578,76.04790419161677
4.178270550986359,76.0507723625913
4.178353473057906,76.0507723625913
4.1788932092011155,76.0507723625913
4.178906071430221,76.0536398467433
4.178929939154004,76.05650664431941
4.179019620050288,76.0593727555662
4.179110314468287,76.0622381807301
4.17921504166501,76.06510292005744
4.1793133703380745,76.06796697379443
4.179343250280728,76.07083034218712
4.179468475562478,76.07083034218712
4.179608560524297,76.07083034218712
4.179743143714628,76.07083034218712
4.17987039359655,76.07369302548152
4.1799118443107375,76.07655502392345
4.180144650486562,76.07655502392345
4.180179776777459,76.07655502392345
4.180393132774973,76.07941633775864
4.18054464407398,76.07941633775864
4.18073010018706,76.07941633775864
4.1808578271424475,76.08227696723272
4.180887070948915,76.08513691259118
4.1808952662184184,76.0879961740794
4.180906045454229,76.09085475194262
4.180955998902129,76.09085475194262
4.181020770847965,76.09371264642601
4.181069104250717,76.09656985777458
4.181083618877577,76.09942638623328
4.181089503040721,76.10228223204683
4.181197639337229,76.10228223204683
4.181347078773527,76.10513739545998
4.1816607651001165,76.10799187671724
4.181696982021196,76.11084567606306
4.181809667866542,76.11369879374179
4.182138236599538,76.11655122999761
4.182797901344887,76.11655122999761
4.182882877971015,76.11940298507463
4.18292062086091,76.12225405921681
4.183012974595988,76.12510445266803
4.183151991837418,76.127954165672
4.1832651591628105,76.13080319847238
4.18333278993625,76.13365155131265
4.183708653261927,76.13649922443622
4.184024613108994,76.13934621808637
4.184112899416781,76.14219253250626
4.1845086736578265,76.14219253250626
4.184568384629126,76.14219253250626
4.184871686291341,76.14503816793892
4.185206026144338,76.14788312462731
4.1854572158260535,76.14788312462731
4.185601238615286,76.15072740281421
4.185621538552767,76.15357100274234
4.18570522671957,76.15641392465426
4.185822293069415,76.15925616879247
4.185980063283601,76.16209773539929
4.186079093582413,76.16493862471697
4.186250051425032,76.16493862471697
4.186734876071309,76.16777883698761
4.186741189256632,76.16777883698761
4.1869697535979915,76.17061837245323
4.186992056294642,76.17061837245323
4.187049423245261,76.17061837245323
4.187071243283721,76.17061837245323
4.187188826039538,76.17345723135574
4.187384110533023,76.17629541393687
4.187456199793943,76.1791329204383
4.187790264142432,76.1791329204383
4.187947227024497,76.18196975110159
4.188061581841376,76.18480590616814
4.188598207678182,76.18764138587927
4.188733536747302,76.19047619047619
4.188887494643467,76.19047619047619
4.1888909409849155,76.19331032019998
4.189151054353815,76.1961437752916
4.189168364712362,76.1961437752916
4.189330286818992,76.1989765559919
4.1894515589184715,76.1989765559919
4.189667911989102,76.20180866254165
4.1896912256711705,76.20180866254165
4.1908161001994495,76.20464009518145
4.190918075691544,76.2074708541518
4.191063696194703,76.21030093969311
4.191070075290723,76.21313035204567
4.191335227087495,76.21595909144963
4.191413073766524,76.21878715814506
4.191499902354378,76.21878715814506
4.191634579959813,76.21878715814506
4.191717278830689,76.2216145523719
4.191782805182994,76.22444127436995
4.191790368983241,76.22444127436995
4.191912095732834,76.22726732437893
4.1919727671825,76.23009270263846
4.192026782376744,76.232917409388
4.192040648285045,76.23574144486692
4.1920706899434865,76.23856480931448
4.1921434245752955,76.24138750296983
4.192186135693051,76.24420952607198
4.192505169065128,76.24703087885986
4.192715185343032,76.24985156157226
4.192736251231865,76.25267157444787
4.192833947892466,76.25549091772528
4.192885458430011,76.25549091772528
4.1931370775228425,76.25830959164293
4.193186712073355,76.25830959164293
4.193492085180155,76.26112759643917
4.193785949713232,76.26112759643917
4.19382550348726,76.26394493235225
4.193841378851538,76.26394493235225
4.193949681525579,76.26676159962027
4.194168889416931,76.26676159962027
4.194192512898866,76.26676159962027
4.19431698274594,76.26957759848125
4.1943910069313155,76.2723929291731
4.194569018307637,76.27520759193357
4.1948077890698015,76.27802158700035
4.194827271000857,76.280834914611
4.194873103560675,76.28364757500296
4.194956013345201,76.28645956841356
4.19501169533921,76.28927089508002
4.195296977861603,76.29208155523945
4.195328518493776,76.29489154912883
4.19542347970749,76.29770087698506
4.195444279798517,76.30050953904491
4.195486097926471,76.30050953904491
4.19551338736515,76.30050953904491
4.195522099012322,76.30050953904491
4.195598690603154,76.30050953904491
4.1957145946929275,76.30331753554502
4.195749700453611,76.30612486672194
4.196091375595503,76.30893153281212
4.196123189176219,76.30893153281212
4.196322378447401,76.30893153281212
4.196394668255887,76.31173753405189
4.196796183014125,76.3145428706774
4.196820048282553,76.31734754292481
4.196993583848142,76.31734754292481
4.197041821388685,76.32015155103007
4.197179726422142,76.32015155103007
4.19726400638115,76.32295489522907
4.197301897167266,76.32575757575758
4.197322814973985,76.32855959285122
4.1977498759055,76.33136094674556
4.197849315651694,76.33416163767602
4.198220639028809,76.33416163767602
4.198248832589728,76.3369616658779
4.198496155446642,76.3369616658779
4.198655218685105,76.3369616658779
4.1987865520970535,76.3369616658779
4.199034266712855,76.33976103158642
4.199352397440996,76.34255973503666
4.199457291587322,76.34535777646363
4.199525821092351,76.34815515610217
4.19981048544059,76.35095187418706
4.199816049870227,76.35374793095295
4.199857018473971,76.35654332663435
4.199895313576239,76.35933806146572
4.20000286381873,76.36213213568136
4.200003386171306,76.36492554951548
4.200035546325364,76.36771830320217
4.200097737787548,76.37051039697542
4.200238891558831,76.37330183106911
4.200350872711479,76.37609260571698
4.200588201913402,76.3788827211527
4.200654262066269,76.3788827211527
4.201006009418944,76.38167217760983
4.201251157099479,76.38446097532177
4.20134510966831,76.38446097532177
4.201374530004212,76.38724911452184
4.201633785502181,76.38724911452184
4.202027251548931,76.38724911452184
4.202293749192655,76.39003659544328
4.202341150841865,76.39282341831917
4.202526667181561,76.39560958338251
4.202532594898867,76.39839509086617
4.202626699086637,76.40117994100295
4.2026529709673826,76.40396413402549
4.202656712800693,76.40396413402549
4.202952481489989,76.40674767016633
4.203138312872239,76.40953054965793
4.2037257829541455,76.41231277273263
4.203734384856933,76.41509433962264
4.203809190736484,76.41787525056007
4.203950426031726,76.42065550577694
4.2042161635750865,76.42343510550513
4.204326406838307,76.42621404997642
4.204344218952426,76.4289923394225
4.204366698603219,76.43176997407495
4.204448271128989,76.4345469541652
4.204648749392429,76.4373232799246
4.204765311893881,76.4400989515844
4.2047798730667605,76.44287396937574
4.20490914805021,76.44564833352962
4.205104478831798,76.44842204427697
4.205201118854618,76.45119510184858
4.205481338689222,76.45396750647517
4.205618274450539,76.45673925838729
4.205662600034673,76.45951035781545
4.205878939407694,76.46228080499
4.205880421401651,76.46505060014121
4.206106771823878,76.46781974349923
4.2062517148746394,76.47058823529412
4.206330609982281,76.47335607575579
4.206623492670379,76.47335607575579
4.206642748148108,76.4761232651141
4.206648756324,76.47888980359873
4.206658517319612,76.48165569143931
4.206659897880701,76.48442092886538
4.206676219104979,76.48718551610628
4.206813731192261,76.48994945339133
4.207110067779439,76.4927127409497
4.207164642305634,76.4927127409497
4.207204368845313,76.4927127409497
4.2073001176596385,76.4927127409497
4.207325017317309,76.49547537901046
4.207386556631385,76.49823736780259
4.207902319479183,76.50099870755493
4.208069128081408,76.50375939849624
4.208179131159942,76.50651944085516
4.208228267039853,76.50927883486023
4.208288313055055,76.51203758073987
4.208335830023843,76.51479567872241
4.208925988743931,76.51755312903605
4.208953757317717,76.51755312903605
4.209210056395374,76.5203099319089
4.209560024759666,76.52306608756896
4.209655516924353,76.52582159624414
4.209739117206606,76.52582159624414
4.209791693561165,76.52857645816219
4.209819446889367,76.53133067355081
4.209984926695345,76.53408424263756
4.210165514255421,76.53683716564993
4.210365489183393,76.53958944281524
4.2108177134300435,76.54234107436078
4.210883234370817,76.54234107436078
4.21123366593394,76.54509206051367
4.211236715086055,76.54784240150094
4.211270868102363,76.55059209754954
4.211632866310994,76.55059209754954
4.211770759287247,76.55059209754954
4.2118297877231665,76.55059209754954
4.211861163854042,76.55334114888629
4.211880943325874,76.5560895557379
4.211882126525685,76.55883731833099
4.212018450641531,76.56158443689206
4.212164934722842,76.56433091164753
4.212194005760754,76.56707674282367
4.212243118296738,76.56982193064667
4.212316566800387,76.57256647534263
4.212729938744694,76.57531037713751
4.212818085203959,76.57531037713751
4.212881555057466,76.57805363625717
4.212882857726172,76.5807962529274
4.212958742215654,76.58353822737385
4.213159969844211,76.58627955982206
4.213255369858305,76.58627955982206
4.213263595645632,76.58902025049748
4.213274023675053,76.59176029962546
4.213509542512297,76.59176029962546
4.213566698008898,76.59176029962546
4.213567969849116,76.59449970743125
4.213653943827865,76.59449970743125
4.213727269435338,76.59723847413996
4.213923520683023,76.5999765999766
4.214080630357877,76.5999765999766
4.214363130696569,76.60271408516613
4.214582561402017,76.60271408516613
4.214739027158809,76.60545092993333
4.214821491269101,76.60545092993333
4.214970689526729,76.60818713450293
4.214982817356761,76.60818713450293
4.215012847096152,76.61092269909952
4.215081551530557,76.61092269909952
4.215129768250863,76.61365762394762
4.21536298036356,76.6163919092716
4.215456243489129,76.61912555529577
4.215539489193011,76.61912555529577
4.215886023160231,76.61912555529577
4.215942937324904,76.6218585622443
4.216131541615509,76.62459093034128
4.216445754157312,76.62732265981069
4.21658362086646,76.63005375087637
4.216762071105557,76.63278420376211
4.21686517361693,76.63551401869158
4.216880605832476,76.63824319588834
4.216986164254502,76.63824319588834
4.216997548125622,76.6409717355758
4.217132775674907,76.64369963797735
4.217262656901299,76.64642690331621
4.217562976274688,76.64915353181553
4.21760819231541,76.65187952369834
4.217796064563622,76.65460487918759
4.217891307571386,76.65732959850608
4.217993536163187,76.66005368187653
4.218211665485298,76.66277712952159
4.21844563763531,76.66549994166375
4.21849659580387,76.66549994166375
4.218558095283261,76.66822211852543
4.21902379987157,76.67094366032894
4.219184195850789,76.67094366032894
4.219206687898109,76.67366456729647
4.21941026458121,76.67638483965014
4.219471589607295,76.67910447761194
4.219633353281287,76.67910447761194
4.21963451176857,76.67910447761194
4.219707004264663,76.67910447761194
4.219781350775142,76.68182348140375
4.219803933916497,76.68454185124737
4.2198712217615935,76.6872595873645
4.219981312425909,76.68997668997669
4.2200832255386596,76.69269315930545
4.220153030150563,76.69540899557212
4.22027198939539,76.69540899557212
4.220548215665348,76.69812419899802
4.220631649938437,76.70083876980429
4.220805826255076,76.703552708212
4.220876257065148,76.703552708212
4.220966620663808,76.703552708212
4.220972902191762,76.70626601444212
4.221064403155064,76.70626601444212
4.221079148425408,76.7089786887155
4.221155296893751,76.71169073125292
4.2212755915549955,76.714402142275
4.221296616637138,76.714402142275
4.221638332580319,76.714402142275
4.221651602250231,76.714402142275
4.221659509502168,76.71711292200233
4.22192281028731,76.71982307065534
4.22208004560099,76.72253258845437
4.22226936693604,76.72524147561968
4.222380683264388,76.72794973237143
4.2224313211740085,76.7306573589296
4.222433518558644,76.73336435551418
4.222677073105487,76.736070722345
4.2230923798540685,76.736070722345
4.223227632074777,76.73877645964178
4.223325533512149,76.74148156762413
4.223505810666973,76.74148156762413
4.223561605194295,76.74418604651163
4.223581941949727,76.74688989652367
4.2237250237067245,76.74688989652367
4.223864290858573,76.74959311787957
4.223873761264892,76.75229571079856
4.224082113827173,76.75229571079856
4.224259271812305,76.75499767549977
4.224291918798477,76.75769901220221
4.224342169467685,76.7603997211248
4.224345915429747,76.7603997211248
4.224532564206381,76.7603997211248
4.224579343702215,76.76309980248635
4.225065131632966,76.76579925650557
4.225207325517336,76.7684980834011
4.225214073003427,76.7684980834011
4.22550687800843,76.7711962833914
4.225529026992331,76.7711962833914
4.225563896917078,76.7711962833914
4.225913904618735,76.77389385669493
4.2260790004303725,76.77659080352996
4.226220835923861,76.77928712411472
4.226343807233504,76.78198281866729
4.226410248957104,76.78198281866729
4.2264836224255875,76.78198281866729
4.226524053063423,76.78467788740568
4.226658893868369,76.78737233054783
4.227011658884467,76.79006614831148
4.227063109941753,76.79275934091436
4.227342049727015,76.79545190857408
4.227458869472418,76.79814385150812
4.227540795055206,76.79814385150812
4.227767403408869,76.80083516993388
4.227880164941093,76.80352586406866
4.227970684475836,76.80621593412965
4.228162306824349,76.80621593412965
4.228236205582925,76.80890538033395
4.228337781610259,76.81159420289855
4.228649435352854,76.81428240204035
4.229314737793623,76.81696997797613
4.229492195275131,76.81696997797613
4.229512687025871,76.81696997797613
4.22962541279981,76.81965693092258
4.229646582974871,76.82234326109631
4.229738600278335,76.8250289687138
4.2298209626153875,76.82771405399143
4.230045182029649,76.83039851714551
4.230204601797553,76.83039851714551
4.2302917584517274,76.83039851714551
4.230303884299692,76.83308235839222
4.230412927204311,76.83576557794764
4.23050348128872,76.8384481760278
4.230634672247132,76.8384481760278
4.230678803531677,76.8384481760278
4.230779748452617,76.84113015284854
4.230797009527868,76.84381150862568
4.231070408305106,76.8464922435749
4.23110613601475,76.8491723579118
4.231145203322933,76.85185185185185
4.23123698958238,76.85453072561046
4.231465635788775,76.85720897940291
4.231511922959791,76.8598866134444
4.231675083020513,76.86256362795002
4.2317971747322165,76.86256362795002
4.232012594571309,76.86256362795002
4.232275421232805,76.86524002313476
4.232468244880106,76.8679157992135
4.232468447422788,76.8679157992135
4.23251903432582,76.87059095640106
4.233019261110169,76.87059095640106
4.233253976978968,76.87326549491212
4.233260834073306,76.87326549491212
4.233394282135555,76.87593941496127
4.23373720953418,76.878612716763
4.2337987766424705,76.88128540053172
4.2339675136207156,76.88395746648173
4.234134789012213,76.88395746648173
4.2343508426468235,76.88662891482723
4.2345251862962705,76.8892997457823
4.234632440750918,76.89196995956095
4.2347676606854865,76.89463955637707
4.234980876110029,76.8973085364445
4.235004236233082,76.8973085364445
4.235096215369733,76.8973085364445
4.235193235204541,76.89997689997689
4.235235666094093,76.9026446471879
4.235242192684411,76.905311778291
4.235558523194045,76.9079782934996
4.2356619023681885,76.91064419302701
4.235695819181986,76.91064419302701
4.235778389688001,76.91330947708646
4.235787458007691,76.91597414589104
4.235903866584967,76.91863819965377
4.236003985425212,76.92130163858758
4.236048044856012,76.92396446290527
4.236230314497315,76.92662667281957
4.236260330392897,76.92662667281957
4.236429918290007,76.92928826854309
4.23677589553982,76.93194925028835
4.236832781951879,76.93460961826779
4.236921249217186,76.93726937269373
4.236994266399464,76.93992851377838
4.23728514005241,76.93992851377838
4.237325596126244,76.93992851377838
4.237330389551462,76.94258704173392
4.237425321344891,76.94524495677233
4.237429298572037,76.94790225910559
4.237433537653188,76.95055894894548
4.237528364602984,76.95055894894548
4.237682994049838,76.95321502650381
4.238105666070924,76.95587049199216
4.238198729768637,76.95852534562212
4.238239611216575,76.96117958760512
4.238284098917271,76.9638332181525
4.238314580607732,76.9638332181525
4.238315113469561,76.9638332181525
4.238391154285893,76.96648623747552
4.238534527156653,76.96648623747552
4.238642290819848,76.96913864578535
4.238676056966279,76.97179044329303
4.238727938995252,76.97444163020954
4.23911587686059,76.97709220674571
4.239239686042083,76.97974217311234
4.2396357109038405,76.98239152952007
4.239794641825322,76.98504027617952
4.239798087148167,76.98768841330111
4.239812711530663,76.99033594109525
4.24006614017539,76.99298285977223
4.240092362642344,76.99562916954221
4.24010120261813,76.99827487061529
4.24014714803131,77.00091996320147
4.240287913802177,77.00356444751063
4.240376804550304,77.00356444751063
4.240378877846207,77.00356444751063
4.2404982782170615,77.00620832375259
4.240584294308374,77.00885159213703
4.240633446027865,77.01149425287356
4.240746463162245,77.01413630617171
4.240815186129627,77.01677775224086
4.241005520293251,77.01677775224086
4.241212548244571,77.01941859129036
4.241278372485453,77.02205882352942
4.241456199566414,77.02469844916715
4.241465376234459,77.0273374684126
4.241763795935705,77.02997588147468
4.241898252905047,77.02997588147468
4.242309152918204,77.02997588147468
4.242389386767201,77.03261368856225
4.2424549258499225,77.03525088988403
4.24261784572996,77.03525088988403
4.242956438602012,77.03788748564868
4.243094467256553,77.04052347606475
4.2431715749849115,77.04315886134067
4.243218815502863,77.04315886134067
4.243301753989339,77.04579364168484
4.2434027437571435,77.04842781730548
4.2434398187661335,77.05106138841079
4.2438779029860365,77.05369435520882
4.24392151813919,77.05369435520882
4.244014837436095,77.05632671790754
4.2441623561108255,77.05632671790754
4.244327260782478,77.05895847671485
4.244549030783484,77.06158963183852
4.244594607025021,77.06422018348624
4.244622895182167,77.06685013186562
4.244666133825348,77.06947947718413
4.244858767723904,77.06947947718413
4.244877245117245,77.06947947718413
4.245019857043167,77.07210821964921
4.245033491488131,77.07210821964921
4.245095751241091,77.07473635946813
4.245202171088488,77.07736389684814
4.245264874196949,77.07736389684814
4.245376408669492,77.07999083199634
4.245410879850794,77.08261716511974
4.24543858605766,77.0852428964253
4.245788989029643,77.08786802611984
4.24581603720304,77.08786802611984
4.245943848901419,77.09049255441009
4.245954845730807,77.09049255441009
4.245997241079355,77.09311648150269
4.246096077726024,77.09573980760422
4.246406481489521,77.0983625329211
4.246503776538946,77.10098465765972
4.246505833825786,77.10360618202633
4.246516923494855,77.10360618202633
4.246519701698492,77.10622710622711
4.246636555712007,77.10622710622711
4.24665663461,77.10884743046812
4.246727086939475,77.11146715495538
4.246793985302503,77.11146715495538
4.246803147928841,77.11408627989472
4.2468403556226635,77.11670480549199
4.247213498360049,77.11670480549199
4.247348348261941,77.11932273195286
4.247436129182001,77.12194005948295
4.247602126806011,77.12194005948295
4.247756606778052,77.12194005948295
4.247773811923279,77.12194005948295
4.247855042382427,77.12455678828776
4.24788585999905,77.12717291857274
4.248146711867918,77.12978845054317
4.248351624960039,77.1324033844043
4.248370581460527,77.13501772036126
4.2486157055375955,77.13763145861911
4.248911732873131,77.1402445993828
4.249329963959139,77.14285714285715
4.249533058389001,77.14546908924694
4.24982329174421,77.14546908924694
4.249895415536024,77.14808043875686
4.2499260527065275,77.14808043875686
4.249930742376175,77.15069119159146
4.250098579617224,77.15069119159146
4.250425654024956,77.15330134795522
4.250461460617044,77.15591090805253
4.250578520691538,77.15851987208772
4.250718983251723,77.16112824026493
4.250828980760614,77.16112824026493
4.251069611018119,77.16112824026493
4.251199125799298,77.1637360127883
4.251296333337584,77.16634318986185
4.251376832251445,77.1689497716895
4.2514374699277555,77.1689497716895
4.251755887154472,77.1689497716895
4.251915539898231,77.1689497716895
4.25193920106767,77.17155575847507
4.25196555308276,77.17416115042228
4.252026946895317,77.17416115042228
4.252098799551754,77.1767659477348
4.252121969261252,77.17937015061615
4.252159395076146,77.18197375926982
4.252169171165336,77.18457677389917
4.2522029999225195,77.18717919470743
4.252850471270613,77.1897810218978
4.252869579105713,77.1923822556734
4.2528978969331925,77.19498289623718
4.252964284943358,77.19758294379204
4.253015927555212,77.2001823985408
4.2535483609121,77.2027812606862
4.2536312581696265,77.20537953043082
4.253704432081705,77.20797720797721
4.2537658053244005,77.2105742935278
4.253782446185259,77.2105742935278
4.253831736832402,77.21317078728495
4.254052453770101,77.2157666894509
4.2541200261755945,77.21836200022781
4.254149358104185,77.22095671981776
4.254239013691259,77.22355084842273
4.2545105028021775,77.22614438624458
4.254716017928894,77.22873733348514
4.254734142325986,77.23132969034609
4.2549925176164045,77.23392145702903
4.2550015631006515,77.23392145702903
4.2550623726142325,77.23651263373549
4.255369377354145,77.23651263373549
4.2554521247230115,77.23910322066689
4.255894713272276,77.23910322066689
4.256192591896593,77.23910322066689
4.256338359688292,77.24169321802458
4.256354056579359,77.24169321802458
4.256552907637602,77.24169321802458
4.256567495142318,77.24428262600979
4.256705554348716,77.24687144482367
4.257080858925719,77.24945967466728
4.257223519822751,77.25204731574158
4.2572428597854355,77.25463436824747
4.257255702139092,77.25722083238573
4.257458724006844,77.25980670835703
4.257820487022482,77.26239199636198
4.258151318760447,77.26497669660112
4.258239424370297,77.26756080927484
4.258287078603521,77.27014433458348
4.258457087208977,77.27014433458348
4.258478445932789,77.27272727272727
4.258531287361351,77.27530962390638
4.258899227050151,77.27789138832084
4.259085445216006,77.28047256617062
4.259114471894586,77.28047256617062
4.259402065031087,77.28047256617062
4.259444875534628,77.28305315765562
4.259775691059151,77.28563316297559
4.260020563424471,77.28821258233023
4.260048526806919,77.29079141591916
4.260176050122852,77.29336966394187
4.260228280868173,77.29336966394187
4.260493666003867,77.29336966394187
4.260664969790649,77.2959473265978
4.260712659060333,77.2959473265978
4.260750098731434,77.29852440408627
4.260864209676959,77.30110089660651
4.260906262000965,77.30367680435769
4.261380644087373,77.30625212753887
4.261436843091546,77.308826866349
4.261498630231543,77.308826866349
4.261726647550498,77.31140102098696
4.261729646909286,77.31397459165154
4.261762173507284,77.31397459165154
4.261825131590478,77.31654757854145
4.2618918538063015,77.3191199818553
4.262154262725399,77.32169180179159
4.2621649631457545,77.32426303854876
4.262290480395528,77.32683369232514
4.262443033011468,77.32940376331896
4.262482136627273,77.33197325172844
4.26251907288943,77.33197325172844
4.262621179417509,77.33197325172844
4.262642858299762,77.33454215775159
4.262731275030821,77.33711048158641
4.262798207241822,77.33711048158641
4.263181649057229,77.33711048158641
4.26321532206072,77.33711048158641
4.263226290065483,77.33967822343078
4.263255549176676,77.3422453834825
4.263272726697963,77.34481196193929
4.2634449234895095,77.34737795899875
4.263461313302373,77.34737795899875
4.2634896841196515,77.34994337485843
4.2635075001907525,77.35250820971578
4.263658754666171,77.35250820971578
4.263754139558094,77.35507246376811
4.263759847621806,77.35763613721272
4.263809736761347,77.35763613721272
4.263906219547871,77.35763613721272
4.26392527407167,77.36019923024678
4.264123489646215,77.36276174306734
4.2643873831291685,77.36532367587144
4.2644520232151,77.36788502885594
4.264529814155692,77.37044580221769
4.264598853145745,77.37300599615341
4.264869543442785,77.37556561085974
4.264888898499234,77.3781246465332
4.264961626758544,77.38068310337027
4.265150391861976,77.38324098156734
4.265153331937484,77.38579828132067
4.265193736147318,77.38835500282646
4.265309289374485,77.3909111462808
4.265561988687784,77.3909111462808
4.265566775547601,77.39346671187974
4.265729860250517,77.39602169981917
4.26575158804038,77.39602169981917
4.265926823909502,77.39857611029495
4.266055758764897,77.40112994350282
4.266410864251108,77.40368319963846
4.266664057886911,77.40623587889742
4.266672792654122,77.40623587889742
4.26700182173882,77.4087879814752
4.267023628431002,77.4113395075672
4.267029741008464,77.41389045736872
4.267083562299888,77.41644083107498
4.267100053340526,77.41899062888112
4.267365611647141,77.42153985098217
4.267404007708875,77.42408849757308
4.267414389552567,77.42663656884876
4.267641950371789,77.42918406500395
4.267823636519672,77.43173098623336
4.267838250641699,77.43173098623336
4.267867563086624,77.43427733273158
4.267902249264703,77.43682310469315
4.2679926600759535,77.43936830231246
4.268088874166623,77.4419129257839
4.268114041925202,77.44445697530168
4.268130623791803,77.44700045105999
4.268155607923847,77.4495433532529
4.268257847921148,77.45208568207441
4.2683867086441865,77.45208568207441
4.268388795269436,77.4546274377184
4.268758684106037,77.45716862037872
4.269024443497989,77.45970923024908
4.269058898377056,77.46224926752309
4.269270057687925,77.46478873239437
4.269916653402357,77.46478873239437
4.269972122853616,77.46732762505634
4.270022351273866,77.46986594570238
4.270062203000612,77.4724036945258
4.270089336889805,77.4749408717198
4.270162818475691,77.47747747747748
4.270253215052565,77.4800135119919
4.270277137692746,77.48254897545598
4.270288279074529,77.48508386806259
4.270560155278744,77.4876181900045
4.270872052254082,77.4901519414744
4.271038157685844,77.49268512266487
4.271135781649466,77.49521773376843
4.271361284423989,77.49521773376843
4.271414594750085,77.49774977497749
4.271476229733092,77.49774977497749
4.271656914558569,77.50028124648442
4.2717022276146865,77.50281214848144
4.271769610445527,77.50534248116072
4.27194010104803,77.50787224471435
4.272068739844887,77.5104014393343
4.2721030356133385,77.5129300652125
4.272155738036429,77.51545812254075
4.272193668910563,77.51798561151078
4.272261187642232,77.52051253231427
4.272529890751551,77.52303888514273
4.2725351366711735,77.52556467018766
4.272713809191184,77.52808988764045
4.273195305481074,77.5306145376924
4.273421123349922,77.53313862053471
4.273540324695285,77.53566213635852
4.27366081107982,77.5381850853549
4.273912511504045,77.54070746771477
4.274039359568101,77.54322928362902
4.274224070094924,77.54575053328843
4.274264925004058,77.5482712168837
4.274539117610457,77.55079133460545
4.274542447500183,77.55331088664423
4.274629442634054,77.55582987319045
4.274632616828437,77.55834829443447
4.27480336827189,77.56086615056658
4.274936386331219,77.56338344177698
4.27495488412251,77.56590016825575
4.27507511985966,77.56841633019292
4.275648770750808,77.56841633019292
4.27570834183075,77.5709319277784
4.276217135767784,77.57344696120207
4.276678665583978,77.57596143065366
4.276706528925423,77.57847533632287
4.276810508697361,77.5809886783993
4.2768404984112305,77.5835014570724
4.276905345344545,77.5835014570724
4.276921730528632,77.58601367253166
4.276933932717997,77.58601367253166
4.2769835981576,77.58601367253166
4.277441101337402,77.58852532496638
4.277524657718387,77.58852532496638
4.27766595318822,77.59103641456583
4.277686632887254,77.59354694151915
4.277979826753904,77.59354694151915
4.2782380183800734,77.59354694151915
4.279032852097755,77.59354694151915
4.27908349944187,77.59605690601545
4.279138977091386,77.59856630824373
4.2792165498140085,77.60107514839288
4.279264668800224,77.60358342665174
4.279449386068995,77.60609114320904
4.279645921663267,77.60609114320904
4.280071067321341,77.60609114320904
4.280118484674454,77.60609114320904
4.280139941260173,77.60859829825347
4.280274136985218,77.61110489197358
4.280438858788867,77.61361092455788
4.280566105150549,77.61611639619474
4.280577562345197,77.61611639619474
4.280638227986046,77.61611639619474
4.280653609038782,77.61862130707252
4.2806899854599925,77.62112565737944
4.280730927527889,77.62362944730364
4.281182098301952,77.62613267703323
4.2813403975076065,77.62863534675614
4.2813488539744835,77.63113745666033
4.281366715963872,77.63113745666033
4.281368734875773,77.63113745666033
4.281419097989502,77.63363900693358
4.281742659172306,77.6361399977636
4.281860949351978,77.6386404293381
4.281897721156034,77.6411403018446
4.281908366020323,77.6436396154706
4.281924340033273,77.6436396154706
4.282016672521122,77.6436396154706
4.282140387711356,77.6436396154706
4.282142407595644,77.6436396154706
4.282224429865044,77.64613837040348
4.282296533197744,77.64613837040348
4.2823661051944,77.64613837040348
4.282389329983966,77.64863656683058
4.282400216004341,77.6511342049391
4.28247211656335,77.6536312849162
4.282536120149533,77.6536312849162
4.282538658325559,77.65612780694894
4.282551616101831,77.65862377122431
4.282592655039081,77.66111917792918
4.282709892579211,77.66111917792918
4.282853593773949,77.66361402725039
4.28292113012711,77.66610831937464
4.283002255501294,77.66610831937464
4.283092731606119,77.66860205448862
4.283222989990876,77.66860205448862
4.283704283353582,77.67109523277882
4.283731434465472,77.67358785443179
4.283745977017723,77.67607991963389
4.283760059631368,77.67607991963389
4.283764421096016,77.67857142857143
4.283775748919173,77.68106238143065
4.28387222565693,77.68106238143065
4.283965538678469,77.68355277839768
4.283989482299165,77.68604261965861
4.284078212728515,77.68604261965861
4.28414712599415,77.68853190539937
4.2841807854361145,77.69102063580591
4.284244830527803,77.69102063580591
4.284303276724309,77.69102063580591
4.284309170837896,77.69102063580591
4.284422758768356,77.69102063580591
4.284534142864237,77.69102063580591
4.2846017886103915,77.69350881106402
4.284978064802459,77.69599643135943
4.285033100244407,77.69848349687778
4.285053310507371,77.70097000780466
4.285177520286745,77.70345596432553
4.2852355246003375,77.70345596432553
4.285289544822422,77.7059413666258
4.285309388930874,77.70842621489076
4.2853678287150885,77.70842621489076
4.285441565197161,77.71091050930569
4.285503592463728,77.71339425005571
4.285587109283037,77.71587743732591
4.28570394724859,77.71836007130125
4.285955984010159,77.71836007130125
4.286073828992734,77.72084215216665
4.286073948243594,77.72084215216665
4.286200649733299,77.72332368010693
4.286569376884507,77.72580465530683
4.286697819886885,77.728285077951
4.286772815935115,77.73076494822404
4.28680185453823,77.73076494822404
4.2868041406284885,77.73076494822404
4.286855365361156,77.7332442663104
4.2870042527851275,77.73572303239452
4.287071503005248,77.73572303239452
4.287396188594419,77.73820124666074
4.287418198157444,77.74067890929327
4.287463930001625,77.7431560204763
4.287465924687625,77.7456325803939
4.28752372212815,77.74810858923009
4.287833830689541,77.75058404716876
4.287864904503823,77.75305895439377
4.287865332523803,77.75305895439377
4.28788600871048,77.75553331108887
4.2879446365945215,77.75800711743773
4.287963769989832,77.76048037362393
4.288092838263056,77.762953079831
4.288621897698258,77.76542523624236
4.288754739258136,77.76789684304136
4.2888641709941435,77.76789684304136
4.289039580818782,77.76789684304136
4.289066301528441,77.76789684304136
4.289071686886858,77.77036790041126
4.28909584311914,77.77283840853522
4.2891809533434015,77.77283840853522
4.289322002037287,77.77283840853522
4.289334880084198,77.7753083675964
4.289471436428296,77.77777777777779
4.289503806689444,77.7802466392623
4.2896862221379894,77.78271495223284
4.289690878772101,77.78518271687216
4.289705774365187,77.78518271687216
4.2897253510642255,77.78764993336294
4.289756492949294,77.79011660188783
4.289762640043558,77.79011660188783
4.2898332868206985,77.79258272262936
4.289880304514104,77.79258272262936
4.29001705421646,77.79258272262936
4.290019526701758,77.79504829576996
4.290043273080932,77.79504829576996
4.2901174269898315,77.79504829576996
4.2901472252309425,77.797513321492
4.290426449193085,77.79997779997781
4.290836378856941,77.80244173140954
4.290868446229804,77.80490511596938
4.290889061642313,77.80490511596938
4.290975028405515,77.80736795383932
4.291089636419174,77.80983024520137
4.2911352624990435,77.8122919902374
4.29114637936067,77.81475318912922
4.291162396606046,77.81721384205856
4.291290700865756,77.81967394920706
4.291332993313474,77.82213351075626
4.2914053801780625,77.82459252688768
4.291813497425592,77.82459252688768
4.292089442652716,77.82459252688768
4.292129596299424,77.8270509977827
4.292355179743327,77.8270509977827
4.292515794959321,77.8270509977827
4.292886073196044,77.82950892362265
4.292989377034075,77.83196630458879
4.293007127510516,77.83442314086224
4.293134033632701,77.83442314086224
4.293191988033951,77.83687943262412
4.293196620406749,77.8393351800554
4.2933387074717695,77.8393351800554
4.293431939383144,77.84179038333703
4.293599068456661,77.84179038333703
4.293608118741,77.84424504264983
4.293775244427815,77.84424504264983
4.294252151529175,77.84669915817457
4.29431649121685,77.84669915817457
4.294476157363045,77.84915273009193
4.294580018998561,77.8516057585825
4.294597491575652,77.8516057585825
4.294708327290593,77.85405824382681
4.294773592983473,77.85651018600531
4.294857998220184,77.85896158529835
4.2950927866426865,77.85896158529835
4.29514740560456,77.86141244188622
4.295183957600948,77.86386275594909
4.2952061665858485,77.86386275594909
4.295299400233193,77.86386275594909
4.295673321704779,77.86631252766712
4.295840908807007,77.86876175722031
4.295966473881333,77.86876175722031
4.296225524961729,77.86876175722031
4.296323462171483,77.86876175722031
4.296342887278686,77.87121044478867
4.2964757516291385,77.87365859055205
4.296576486383636,77.87610619469027
4.296597059159858,77.87855325738303
4.2966633929489095,77.88099977881001
4.296685915969451,77.88099977881001
4.297155533379367,77.88099977881001
4.297241542485376,77.88344575915073
4.297314808794956,77.8858911985847
4.297520588100811,77.88833609729132
4.297551753000117,77.89078045544993
4.297820297553177,77.89322427323975
4.298126361368212,77.89566755083996
4.298338845031027,77.89811028842965
4.298622076053408,77.90055248618785
4.298692563832687,77.90299414429344
4.298705739948564,77.90543526292531
4.2987472924045695,77.90543526292531
4.298959602272142,77.90787584226223
4.299171566916214,77.91031588248288
4.299236058766313,77.91275538376587
4.299410717936759,77.91519434628975
4.299526538438511,77.91763277023297
4.299588805806038,77.9200706557739
4.299597985506187,77.92250800309085
4.299607280790275,77.92250800309085
4.299657120570166,77.92494481236203
4.2997541590836965,77.9273810837656
4.3004089959509555,77.92981681747958
4.300421157784459,77.932252013682
4.300524868581905,77.932252013682
4.300571636166148,77.932252013682
4.300587931147252,77.932252013682
4.300683544085783,77.93468667255074
4.300804200778596,77.93468667255074
4.300874908899311,77.93712079426365
4.300979000557687,77.93712079426365
4.300993907262069,77.93955437899845
4.30106208640326,77.94198742693284
4.30108714490067,77.94441993824438
4.301198801230202,77.94441993824438
4.3012369323681705,77.94441993824438
4.3012845697750475,77.94685191311059
4.301295785231148,77.94928335170893
4.3014962939729084,77.95171425421672
4.3015360206339315,77.95414462081128
4.301657745750805,77.9565744516698
4.301712421252999,77.95900374696936
4.301813621146125,77.95900374696936
4.30223848715406,77.96143250688705
4.302282919494099,77.96386073159982
4.302294464919792,77.96628842128457
4.302443445195884,77.96871557611809
4.302741881007106,77.96871557611809
4.302855462848555,77.96871557611809
4.3029040178484115,77.97114219627713
4.303256394467746,77.97356828193833
4.303288649895283,77.97356828193833
4.303288650411465,77.97599383327828
4.303494169257973,77.97841885047346
4.303543973045917,77.97841885047346
4.30364225200641,77.98084333370032
4.303734905878761,77.98084333370032
4.3040097426107975,77.98326728313518
4.304036953860207,77.98569069895433
4.304070104202404,77.98811358133392
4.305051597598966,77.9905359304501
4.3051404278772,77.99295774647888
4.3051974763062715,77.99537902959621
4.305266326611019,77.997799779978
4.305386663621964,78.00021999780003
4.305981272393406,78.002639683238
4.30609433096615,78.002639683238
4.306121553323692,78.00505883646761
4.3061256101963234,78.0074774576644
4.306249501277319,78.00989554700385
4.306319923015947,78.01231310466139
4.306343964115385,78.01473013081235
4.306367672868032,78.01714662563201
4.306373260189666,78.01956258929553
4.306492846584692,78.02197802197803
4.306494231043035,78.02197802197803
4.306502768382621,78.02197802197803
4.306682732619519,78.02439292385452
4.306716764651428,78.02680729509997
4.306805277717267,78.02922113588927
4.306915968932506,78.02922113588927
4.307290491354978,78.03163444639719
4.308130035462897,78.03404722679846
4.308230665336638,78.03404722679846
4.308335660920363,78.03404722679846
4.308383792822704,78.03645947726774
4.308463462126826,78.03887119797957
4.308575213514106,78.04128238910847
4.308614970596272,78.04369305082885
4.308787419234562,78.04610318331504
4.309023213936102,78.0485127867413
4.309071817722797,78.0485127867413
4.3091661301074105,78.05092186128184
4.309377905065171,78.05333040711072
4.309436704753537,78.05573842440202
4.309530031572998,78.05814591332968
4.309762749056993,78.05814591332968
4.310032325214799,78.06055287406757
4.31011498143961,78.06295930678951
4.310115166535526,78.06295930678951
4.310254513176188,78.06536521166922
4.310335397639536,78.06536521166922
4.310618271610787,78.06536521166922
4.310642500062991,78.06777058888036
4.310765347061675,78.0701754385965
4.310802110872092,78.0701754385965
4.311119152876021,78.07257976099112
4.3112481788249815,78.07498355623767
4.311397177883023,78.07738682450947
4.311500613253691,78.07978956597982
4.311602377881075,78.08219178082192
4.311607470489145,78.08459346920885
4.3116987907100945,78.08699463131369
4.311786020995097,78.08699463131369
4.311926401203082,78.08939526730938
4.3120102057383125,78.09179537736883
4.312176815399534,78.09419496166484
4.312220104998964,78.09659402037016
4.312242911996022,78.09899255365747
4.312244286892141,78.09899255365747
4.312661045951695,78.10139056169933
4.312762488002471,78.10378804466828
4.312772421026871,78.10618500273672
4.312784156922845,78.10858143607706
4.313010526191474,78.11097734486155
4.313036713869037,78.11097734486155
4.313439675755543,78.11337272926242
4.313670368374931,78.1157675894518
4.314077465048459,78.11816192560175
4.31428075451254,78.11816192560175
4.314408634721468,78.12055573788426
4.314409195752422,78.12294902647123
4.314437190502868,78.12534179153451
4.3144776734482795,78.12773403324584
4.314572122538431,78.12773403324584
4.314690964336709,78.13012575177693
4.314886279242296,78.13251694729937
4.314929281523559,78.13251694729937
4.3150107706177385,78.13251694729937
4.315090872993483,78.13251694729937
4.315134381238159,78.13251694729937
4.315217407713749,78.13490761998469
4.315327382192055,78.13729777000438
4.31533486997489,78.13968739752978
4.315342346628388,78.14207650273224
4.3154296847627975,78.14446508578298
4.315579624284948,78.14685314685315
4.315671419539676,78.14924068611384
4.315696468494993,78.15162770373607
4.315843095265724,78.15401419989078
4.3159035405274775,78.1564001747488
4.315912987632354,78.1564001747488
4.3159250413200665,78.15878562848094
4.315993517721845,78.16117056125792
4.3160006624086895,78.16117056125792
4.316002862984066,78.16355497325036
4.3160725932782364,78.16593886462883
4.316121835924452,78.1683222355638
4.316441476698293,78.17070508622571
4.3165211904167,78.17070508622571
4.316528143088191,78.17070508622571
4.316715386951832,78.1730874167849
4.3170341325585735,78.17546922741161
4.317162203966226,78.17785051827605
4.317295287417415,78.18023128954833
4.317451252444529,78.1826115413985
4.317540037198782,78.1849912739965
4.31762115114623,78.18737048751227
4.31782884355701,78.18974918211559
4.317921851053323,78.19212735797623
4.318003526058074,78.19450501526384
4.318012470842207,78.19450501526384
4.31813666001371,78.19688215414804
4.318332112415012,78.19688215414804
4.318469584658555,78.19925877479834
4.318649740483726,78.19925877479834
4.318790242829389,78.2016348773842
4.318839728870358,78.2016348773842
4.319091754582184,78.20401046207498
4.319097185643194,78.20401046207498
4.319522050248575,78.20638552903999
4.3195685780199575,78.20638552903999
4.319583386913732,78.20876007844846
4.3198426825783836,78.21113411046954
4.319894377681779,78.21350762527233
4.320185058724582,78.21588062302581
4.320195051432423,78.21825310389895
4.320279818738986,78.22062506806054
4.320378222407708,78.22299651567944
4.320505890264691,78.22299651567944
4.320607397992446,78.22536744692434
4.320866895661519,78.22536744692434
4.320887999442726,78.22536744692434
4.32101843528724,78.22773786196386
4.321051269626648,78.23010776096659
4.321101022527987,78.232477144101
4.321537999648067,78.23484601153552
4.321661197921498,78.23721436343853
4.321700043887975,78.23958219997824
4.321732432279005,78.24194952132288
4.321939549104732,78.24431632764059
4.322108999388518,78.24668261909942
4.322148690959809,78.24668261909942
4.322274767390326,78.24904839586732
4.322308910760551,78.25141365811223
4.32247173468784,78.25377840600196
4.3225123639803025,78.25614263970428
4.322675509774644,78.2585063593869
4.322772225573329,78.26086956521739
4.3231954472978655,78.26086956521739
4.323428627981706,78.26086956521739
4.3234394503993165,78.26323225736334
4.323973204345791,78.26559443599218
4.32424520211722,78.26795610127132
4.324384806136227,78.2703172533681
4.324424814295528,78.2703172533681
4.324467121585337,78.27267789244976
4.3246027270569645,78.27503801868346
4.324604188660503,78.27739763223634
4.3246193754958835,78.2797567332754
4.324623066706633,78.28211532196764
4.324661809414455,78.28447339847992
4.324731578635796,78.28447339847992
4.324746769432433,78.28683096297905
4.324771538966356,78.28918801563178
4.324830429819151,78.29154455660479
4.324866909910026,78.29390058606468
4.32494595105362,78.29625610417797
4.325153997976527,78.29861111111111
4.325163034438501,78.30096560703049
4.325184077941265,78.30331959210241
4.325203354364722,78.30567306649311
4.3260095222325035,78.30802603036877
4.326525851505836,78.31037848389546
4.326710434158327,78.3127304272392
4.326729016457685,78.31508186056597
4.3267337156910175,78.31508186056597
4.326781662677289,78.31743278404163
4.3268069214862015,78.31743278404163
4.326846096870651,78.31743278404163
4.326848044258406,78.31743278404163
4.326884066166817,78.31978319783198
4.326932649785974,78.32213310210275
4.327080897787453,78.32213310210275
4.327172630050246,78.32448249701962
4.32754078217647,78.32683138274817
4.327638528270707,78.3291797594539
4.327776446384173,78.33152762730228
4.3277789174927355,78.33387498645867
4.32823436416673,78.33622183708839
4.328442245305362,78.33856817935666
4.328773956313491,78.34091401342863
4.328794182047069,78.34091401342863
4.32913485440452,78.34325933946941
4.329363607782571,78.34325933946941
4.329411537789863,78.34325933946941
4.329574416347425,78.345604157644
4.329615977267831,78.34794846811735
4.329684754175003,78.34794846811735
4.329741326341396,78.35029227105434
4.329747604969461,78.35263556661977
4.329809824373796,78.35497835497836
4.32989403186486,78.35497835497836
4.3299210174201574,78.35732063629477
4.330023369379295,78.3596624107336
4.330142609002262,78.36200367845937
4.3301563231619795,78.36434443963653
4.3302860534596475,78.36434443963653
4.3303165476570715,78.36668469442942
4.330421432884186,78.36902444300237
4.330430844926709,78.37136368551963
4.330439433987867,78.37136368551963
4.3304847246520675,78.37370242214533
4.330929763782725,78.37370242214533
4.330956477888936,78.37370242214533
4.331073132747818,78.37604065304357
4.331330244832712,78.37604065304357
4.331391607344242,78.37837837837837
4.331399696031413,78.3807155983137
4.331589631213834,78.3807155983137
4.331636120335176,78.38305231301341
4.3316717534317215,78.38305231301341
4.331759255578583,78.3853885226413
4.331792657640553,78.38772422736115
4.3318879440566835,78.39005942733658
4.332201570753701,78.3923941227312
4.332259575335875,78.39472831370854
4.332337594500608,78.39472831370854
4.33258625541416,78.39706200043206
4.332811632219155,78.39706200043206
4.33285165201369,78.39706200043206
4.332867682941838,78.39706200043206
4.333036828969619,78.39939518306512
4.333112514266372,78.40172786177105
4.333728905048942,78.40406003671309
4.333971950672443,78.40639170805441
4.334162527554908,78.40872287595812
4.33417243276628,78.41105354058722
4.334292733661708,78.41105354058722
4.334807256508566,78.4133837021047
4.334870446062497,78.41571336067344
4.334944408844554,78.41804251645624
4.3349541046828755,78.42037116961589
4.335071988256617,78.42269932031502
4.3351365507782464,78.4250269687163
4.3354469424752065,78.42735411498221
4.335678691574046,78.42735411498221
4.335689030072891,78.42968075927523
4.335782255921574,78.43200690175779
4.335833763919022,78.43433254259219
4.335998989052559,78.43433254259219
4.3360174825214335,78.4366576819407
4.336035185323219,78.4389823199655
4.336370540247903,78.44130645682871
4.336398801999249,78.4436300926924
4.336629626095711,78.4459532277185
4.336667358933552,78.44827586206897
4.336699689683121,78.45059799590561
4.336834278684811,78.45291962939022
4.336874062700406,78.45524076268447
4.337016510841612,78.45756139595002
4.337120907675939,78.45756139595002
4.337261290143506,78.45988152934841
4.337272067889819,78.46220116304113
4.33773874537785,78.46220116304113
4.337983368990046,78.46452029718962
4.338028935941644,78.46683893195521
4.338047232611407,78.4691570674992
4.3380790672255385,78.47147470398278
4.3380828122807555,78.4737918415671
4.338167840094178,78.47610848041326
4.338230920918814,78.47842462068223
4.338260302373339,78.48074026253497
4.338267114381459,78.48305540613232
4.3382772000184655,78.48305540613232
4.338358116306269,78.48537005163512
4.338401425354372,78.48768419920404
4.338522997112128,78.48768419920404
4.338914419478331,78.48999784899978
4.338934281855196,78.49231100118293
4.3390101495659374,78.49231100118293
4.33906404606817,78.49462365591397
4.339118932662167,78.4969358133534
4.3391887758231,78.49924747366158
4.339260614326275,78.49924747366158
4.33930389816806,78.49924747366158
4.339325135256731,78.50155863699881
4.33949684954993,78.50386930352536
4.339518308290066,78.50617947340139
4.339521978739566,78.50848914678701
4.3395414992186945,78.50848914678701
4.339564614903179,78.51079832384227
4.339702049824071,78.51079832384227
4.339959641137193,78.51310700472712
4.340301674631517,78.51541518960146
4.3404506097488555,78.51772287862514
4.340488450538614,78.51772287862514
4.340589515093514,78.5200300719579
4.3406946474172265,78.52233676975945
4.340929118521986,78.52464297218941
4.341151334065073,78.52694867940735
4.341189354072459,78.52925389157274
4.341404607804486,78.531558608845
4.341607889803481,78.53386283138349
4.341851926954967,78.53386283138349
4.341971733598545,78.53616655934749
4.342074724209176,78.53846979289624
4.342268626727461,78.53846979289624
4.342379169064739,78.54077253218884
4.342524569829125,78.5430747773844
4.342562043278251,78.54537652864192
4.342621698054726,78.54537652864192
4.342705289989915,78.54767778612035
4.342731276070984,78.54767778612035
4.342848326431748,78.54997854997855
4.342999642665516,78.55227882037534
4.3430963098742765,78.55227882037534
4.343106676761153,78.55457859746944
4.343112878282451,78.55687788141954
4.343207197228318,78.55917667238423
4.343289687011217,78.56147497052203
4.34342189146696,78.56147497052203
4.343499536595025,78.56377277599142
4.343596999586429,78.56377277599142
4.343643591587716,78.56607008895081
4.343947346246949,78.5683669095585
4.344063395021992,78.57066323797278
4.344115795368946,78.57295907435183
4.344136354429864,78.57525441885377
4.344344584359507,78.57754927163667
4.344365795489893,78.57984363285851
4.34444751399218,78.57984363285851
4.344534874877682,78.58213750267723
4.344617916996285,78.58443088125067
4.344809536392193,78.58672376873662
4.345162754762992,78.58901616529279
4.345176993527967,78.58901616529279
4.345324632806788,78.59130807107687
4.345915405171784,78.59359948624639
4.34630014562742,78.5958904109589
4.346326608679264,78.59818084537186
4.346364823344182,78.60047078964263
4.346469851294568,78.60276024392854
4.346603460249432,78.60504920838682
4.3466618723989905,78.60733768317468
4.346963924120306,78.60733768317468
4.346990696727742,78.60733768317468
4.347207724461399,78.6096256684492
4.347363080871506,78.6096256684492
4.3474810155929005,78.61191316436744
4.347494958338086,78.61191316436744
4.347564090634512,78.6142001710864
4.347587772159037,78.6142001710864
4.347799470643277,78.61648668876296
4.348322319782176,78.61877271755398
4.348323147987723,78.62105825761626
4.3483756503483235,78.62334330910645
4.34875335002909,78.62562787218125
4.348856960173493,78.62791194699722
4.348859260751555,78.63019553371086
4.348875840004255,78.63247863247864
4.348963553898136,78.63247863247864
4.348988758289061,78.6347612434569
4.349001751258487,78.63704336680196
4.3490573227994185,78.63932500267008
4.3491855114070646,78.63932500267008
4.3495149102798765,78.63932500267008
4.349827002037352,78.64160615121743
4.34994756655361,78.6438868126001
4.350041946459111,78.64616698697417
4.35011683770464,78.64844667449556
4.350117771963683,78.64844667449556
4.350476575900384,78.65072587532023
4.350523570806934,78.65072587532023
4.350656912185463,78.65300458960401
4.350718547498183,78.65528281750267
4.350958376250312,78.65528281750267
4.351165044651594,78.65756055917191
4.351392558589094,78.6598378147674
4.3518206796530166,78.66211458444468
4.351984365582509,78.66211458444468
4.352035436657485,78.66211458444468
4.352085626367907,78.66439086835929
4.352201941581652,78.66666666666666
4.352361437917074,78.66894197952219
4.352456665665574,78.67121680708115
4.352486097082114,78.67349114949883
4.352558263550285,78.67576500693038
4.352791842880022,78.67803837953092
4.353192508573538,78.67803837953092
4.35333199262251,78.6803112674555
4.35345693691016,78.6825836708591
4.353831670296836,78.6825836708591
4.3538960461452785,78.68485558989661
4.3544005064984,78.68485558989661
4.354478338958409,78.68712702472294
4.354591823640072,78.68939797549281
4.355025448093778,78.69166844236096
4.355088471607612,78.69166844236096
4.355104869390123,78.69166844236096
4.355123439274935,78.69393842548205
4.355466148112565,78.69620792501065
4.355484161886961,78.69620792501065
4.3555157873747685,78.69847694110129
4.355711999290095,78.69847694110129
4.355918584293582,78.70074547390841
4.356072639893499,78.7030135235864
4.356235190204236,78.7052810902896
4.356407803709681,78.70754817417226
4.356417992954144,78.70981477538854
4.356503683074523,78.71208089409261
4.356707825347009,78.71434653043849
4.3567096723203536,78.71661168458019
4.356714086454194,78.71661168458019
4.356885446454205,78.71887635667163
4.357009258475904,78.72114054686669
4.357127913092347,78.72340425531915
4.357434857899581,78.72340425531915
4.357435717483546,78.72340425531915
4.357473764997236,78.72340425531915
4.357577261399527,78.72566748218274
4.35763262733392,78.72566748218274
4.3576709352485095,78.72793022761114
4.3577146834655585,78.73019249175795
4.357793230687497,78.73245427477669
4.357835525084446,78.73471557682083
4.357957988125706,78.7369763980438
4.3582120363754075,78.73923673859892
4.358241640412026,78.74149659863946
4.358320389221353,78.74375597831863
4.358376873935991,78.74375597831863
4.358452141168713,78.74601487778958
4.3586625984474034,78.74601487778958
4.3587885630587415,78.7482732972054
4.358809225045353,78.7482732972054
4.3589134821680675,78.7482732972054
4.3590892324422885,78.75053123671908
4.359098741396479,78.75278869648359
4.359126164447398,78.75504567665179
4.359179033015669,78.75504567665179
4.359197451955152,78.75730217737653
4.359334464508281,78.75955819881054
4.359348903574133,78.75955819881054
4.359622576093094,78.76181374110651
4.359959504090321,78.76406880441708
4.360199267889992,78.76632338889479
4.360230519349395,78.76632338889479
4.360234923377709,78.76632338889479
4.360387438274955,78.76632338889479
4.360431565110615,78.76857749469215
4.360654519445721,78.77083112196158
4.36078559385417,78.77308427085545
4.3608084558072475,78.77308427085545
4.360892400533035,78.77533694152605
4.36109870290308,78.77758913412563
4.361363352157802,78.77984084880637
4.3613890868498455,78.78209208572035
4.3617201273699795,78.78209208572035
4.361779983606466,78.78209208572035
4.361788597933948,78.78434284501962
4.361803234232156,78.78434284501962
4.362090440389162,78.78659312685618
4.362165354850846,78.78884293138191
4.362236693318835,78.79109225874868
4.362253695629056,78.79334110910825
4.362290576737671,78.79334110910825
4.362461196028158,78.79558948261239
4.36251613247362,78.7978373794127
4.362723081069826,78.7978373794127
4.362902005657486,78.8000847996608
4.363062043188279,78.8000847996608
4.363259998565745,78.80233174350822
4.363319843910884,78.80233174350822
4.363366764909966,78.8045782111064
4.3634715203742465,78.8045782111064
4.363493449137275,78.8045782111064
4.363686819649896,78.80682420260676
4.364114143344408,78.80906971816063
4.364164605263273,78.80906971816063
4.364241642907031,78.80906971816063
4.364272010800514,78.80906971816063
4.364486762343602,78.81131475791928
4.3646037715325114,78.8135593220339
4.364747494611609,78.81580341065565
4.364876361965864,78.8180470239356
4.365033051368984,78.82029016202478
4.365099224623061,78.82253282507412
4.365233635326034,78.82253282507412
4.365688036312482,78.82253282507412
4.365747028880854,78.82477501323451
4.365774085614281,78.82477501323451
4.366086726634274,78.82701672665678
4.366373537812285,78.82701672665678
4.366405527952277,78.82925796549169
4.366626339641301,78.83149872988993
4.36676154231076,78.83373902000211
4.366864361677062,78.83597883597884
4.366974378285844,78.83821817797059
4.367085124104836,78.8404570461278
4.3671371725542585,78.84269544060086
4.367947849280215,78.84493336154009
4.368195859254276,78.84717080909572
4.368298334480511,78.84940778341793
4.3684131876148955,78.85164428465686
4.368499005398867,78.85388031296257
4.368514908887531,78.85611586848505
4.368585576474591,78.8583509513742
4.368707439292234,78.8583509513742
4.368750884549737,78.8583509513742
4.368877680430381,78.86058556177994
4.369041968498379,78.86281969985204
4.369094471332063,78.86281969985204
4.369238510439379,78.86281969985204
4.369265053217236,78.86281969985204
4.369377655387381,78.86281969985204
4.369504592838024,78.86281969985204
4.369683758591943,78.86505336574025
4.369761824248236,78.86728655959425
4.369763957315436,78.86951928156365
4.370089045630704,78.87175153179801
4.370169579579361,78.87398331044682
4.370256180121461,78.87621461765949
4.370800971198386,78.87844545358539
4.371211988783268,78.88067581837382
4.371241613474335,78.882905712174
4.371378813961218,78.88513513513513
4.371393566848374,78.88513513513513
4.37182353838062,78.88736408740631
4.372066198457202,78.88959256913658
4.3722169298304125,78.89182058047494
4.3722266975167905,78.89404812157028
4.372259383095735,78.89404812157028
4.372282310245421,78.89627519257148
4.372295914004212,78.89627519257148
4.372310269295385,78.89850179362735
4.372355849478564,78.89850179362735
4.372453540646031,78.9007279248866
4.37255978632198,78.9007279248866
4.372663152383258,78.90295358649789
4.372986138521922,78.90517877860985
4.373059096922266,78.90740350137102
4.373111956057173,78.90962775492987
4.373566891760017,78.91185153943483
4.373628250162109,78.91407485503427
4.373716470921433,78.91407485503427
4.373717978605155,78.91629770187645
4.373742797407133,78.91629770187645
4.373757218061174,78.91852008010962
4.373850005161112,78.92074198988196
4.374103159391136,78.92296343134156
4.3742946280853605,78.92296343134156
4.374495006240373,78.92518440463647
4.374538038255265,78.92740490991466
4.374659667587597,78.92962494732406
4.374719953941506,78.93184451701254
4.374846345378041,78.93406361912787
4.3749596494322684,78.93406361912787
4.374963566741902,78.93628225381781
4.375013091298507,78.93850042122999
4.375159469206136,78.94071812151205
4.375370021210518,78.94293535481154
4.375458347726461,78.94515212127592
4.375522212900873,78.94736842105263
4.37558594862816,78.94736842105263
4.375609666936355,78.94958425428902
4.375663349861029,78.9517996211324
4.375681044566589,78.9517996211324
4.375728441583467,78.95401452172997
4.375744333456167,78.95622895622895
4.37592766842647,78.95844292477643
4.375943994550072,78.95844292477643
4.3759609002500515,78.96065642751947
4.375989821859837,78.96065642751947
4.376374532900968,78.96286946460502
4.3766858742084604,78.96508203618005
4.377013850729875,78.96729414239142
4.377045827427307,78.96729414239142
4.3770574768113075,78.96950578338591
4.377153291241158,78.97171695931027
4.377160215333467,78.97171695931027
4.377160564009783,78.97392767031118
4.377168017566111,78.97613791653527
4.377330370510835,78.97834769812907
4.377401838569601,78.97834769812907
4.377562277588437,78.97834769812907
4.377642207486327,78.97834769812907
4.377684731648486,78.97834769812907
4.377685691835618,78.9805570152391
4.377882018188978,78.98276586801177
4.378294094903669,78.98497425659346
4.378580670554202,78.98718218113049
4.378898000012946,78.9893896417691
4.37897662936194,78.99159663865547
4.379378872455683,78.99380317193572
4.3796767860089885,78.99600924175594
4.379698125477176,78.99821484826211
4.379698491321289,78.99821484826211
4.379707342737945,79.00041999160017
4.379843732086613,79.00262467191601
4.38003104583018,79.00482888935545
4.380167519581352,79.00703264406424
4.380371864571741,79.00923593618808
4.380675663926422,79.0114387658726
4.380718542524547,79.0114387658726
4.38084698976427,79.01364113326338
4.380934691133276,79.01584303850593
4.38099928152216,79.01584303850593
4.381145326326823,79.01584303850593
4.3813109759021245,79.0180444817457
4.381314899594186,79.02024546312808
4.3815484841970695,79.0224459827984
4.381593459647709,79.02464604090194
4.381881016292232,79.0268456375839
4.382037276295153,79.02904477298941
4.382061764515031,79.03124344726358
4.382081044902202,79.03344166055142
4.382525566927162,79.03563941299791
4.3825362524197,79.03783670474793
4.382959557555533,79.04003353594634
4.38314092753072,79.04003353594634
4.383229156139355,79.04003353594634
4.383438694605306,79.04222990673793
4.383571284707345,79.0444258172674
4.38357792257097,79.0444258172674
4.383748044465909,79.04662126767941
4.383861219104278,79.04662126767941
4.384010825860746,79.04662126767941
4.38404395819937,79.04881625811858
4.384173554470757,79.05101078872944
4.384195427899654,79.05320485965646
4.384319524232271,79.05539847104409
4.384336569318404,79.05759162303664
4.384644670924888,79.05978431577844
4.3846479579699285,79.05978431577844
4.384922603470865,79.05978431577844
4.385050003742476,79.06197654941374
4.385197996034043,79.06416832408667
4.385305250160654,79.06635963994138
4.385654925629262,79.06855049712192
4.385658135837314,79.07074089577229
4.385673932376583,79.07074089577229
4.385703573163104,79.07074089577229
4.3857053789781,79.07293083603642
4.386392631367896,79.07512031805817
4.386670939716071,79.07730934198139
4.386762066278484,79.07949790794979
4.386891487991549,79.0816860161071
4.387111807560359,79.08387366659694
4.38712272721447,79.0860608595629
4.387196317270437,79.08824759514847
4.387465017008097,79.09043387349712
4.3874777534211775,79.09043387349712
4.387886652909267,79.09261969475226
4.387927732804507,79.09261969475226
4.3880444855992655,79.09261969475226
4.388452866884444,79.09480505905717
4.388490902504961,79.09698996655518
4.388553005313027,79.09917441738948
4.388802032300543,79.10135841170323
4.38880458315077,79.10354194963953
4.38891069520473,79.10572503134141
4.388912546969447,79.10790765695185
4.388915779733609,79.11008982661374
4.3890094765478365,79.11227154046998
4.389216477916677,79.11227154046998
4.389336275319776,79.11445279866332
4.389511316059082,79.11663360133655
4.3895328707837,79.11881394863228
4.38959136624668,79.12099384069319
4.3895933510499034,79.12317327766179
4.3896436565007395,79.12535225968061
4.389811644494293,79.12753078689208
4.390131583470528,79.12753078689208
4.390240030442139,79.12970885943858
4.390247074862759,79.12970885943858
4.390395604546575,79.13188647746243
4.39054831221138,79.13406364110588
4.390730963445912,79.13406364110588
4.39073634322726,79.13624035051117
4.391142325645594,79.13841660582038
4.391401794076439,79.14059240717563
4.391524532180981,79.14276775471895
4.391545928451254,79.14494264859229
4.391569866677747,79.14711708893755
4.391715110385082,79.14711708893755
4.391956585309635,79.14929107589657
4.392059931345846,79.14929107589657
4.39221806625291,79.15146460961118
4.392242091031053,79.15146460961118
4.392676950536695,79.15363769022305
4.39285269919031,79.15363769022305
4.393125913647464,79.1558103178739
4.3931283695795225,79.1558103178739
4.393478716226388,79.15798249270529
4.393835083792262,79.1601542148588
4.393950280414234,79.16232548447594
4.393957385662483,79.16232548447594
4.394056003057315,79.1644963016981
4.394386851413759,79.1644963016981
4.394813567077232,79.1644963016981
4.395257935967151,79.16666666666666
4.395272857717005,79.16883657952296
4.395784455397056,79.17100604040824
4.395953798695332,79.17317504946371
4.3960466001851985,79.17534360683048
4.39609697304105,79.17751171264966
4.39630911267807,79.17967936706225
4.396399987181374,79.18184657020923
4.396521281269203,79.18401332223148
4.396661915389868,79.18401332223148
4.3967329474841765,79.18401332223148
4.397104957859308,79.18401332223148
4.397537822802622,79.18617962326985
4.39756632574565,79.18834547346513
4.397668826483655,79.18834547346513
4.397795735904045,79.19051087295806
4.398364700742305,79.1926758218893
4.398448966648534,79.19484032039946
4.398506019158649,79.19700436862908
4.398566137900868,79.19916796671866
4.398663479252893,79.20133111480865
4.398826074048349,79.20133111480865
4.399056455634956,79.2034938130394
4.399178814423209,79.20565606155125
4.399190723954734,79.20781786048445
4.399286226724012,79.20781786048445
4.399710504386731,79.20781786048445
4.399757905287816,79.20997920997921
4.399759603655423,79.21214011017565
4.399954332563203,79.21430056121388
4.400062275289799,79.21646056323391
4.4001348563236045,79.21862011637573
4.400144409488314,79.22077922077922
4.400350233383762,79.22293787658425
4.40057807595786,79.22509608393061
4.400962754378223,79.22725384295804
4.401108491680704,79.22941115380621
4.401519666352386,79.23156801661474
4.4017140156187065,79.23372443152321
4.401998061607038,79.2358803986711
4.4020193542423955,79.2358803986711
4.402115266508298,79.2358803986711
4.40228747955168,79.23803591819785
4.402329024155456,79.23803591819785
4.4023524275785535,79.23803591819785
4.402751426102138,79.23803591819785
4.402764251790086,79.2401909902429
4.402871190279369,79.2423456149455
4.403066955837261,79.244499792445
4.403301123977938,79.24665352288056
4.40334195132826,79.24880680639137
4.403479724595786,79.2509596431165
4.403524294127196,79.25311203319502
4.403825727773067,79.2552639767659
4.403878889144517,79.25741547396805
4.403884546310937,79.25741547396805
4.403937289111563,79.25956652494037
4.403993900903011,79.26171712982165
4.404038802664516,79.26386728875065
4.404118809856529,79.26601700186606
4.40418330347415,79.26816626930652
4.40428743263204,79.27031509121062
4.4043053852940135,79.27031509121062
4.404483330704014,79.27031509121062
4.404500055931005,79.27246346771686
4.404537283981598,79.27246346771686
4.404967797409531,79.27461139896373
4.405260332711395,79.27675888508962
4.405315434097547,79.27675888508962
4.405336572325019,79.2789059262329
4.405343224409572,79.28105252253187
4.405658729887606,79.28105252253187
4.4056744550811135,79.2831986741247
4.405906509787194,79.28534438114966
4.406100717856668,79.28534438114966
4.406389502316093,79.28748964374482
4.406408660922273,79.28748964374482
4.406441014587147,79.28748964374482
4.4065649033241865,79.28963446204826
4.406652260184696,79.29177883619796
4.406660208665958,79.29177883619796
4.4067580591319375,79.29392276633192
4.406837645864734,79.29606625258799
4.407113157934117,79.29820929510403
4.407126075993371,79.30035189401781
4.407291942245856,79.30035189401781
4.4073399143995315,79.30035189401781
4.4074347780324095,79.30249404946704
4.407531395869617,79.30463576158941
4.408046173942068,79.3067770305225
4.408449024904682,79.3089178564039
4.408523676584497,79.31105823937105
4.408808108858706,79.31319817956144
4.4088510722087,79.31319817956144
4.40885300103165,79.31533767711242
4.40896612119976,79.31747673216132
4.40907536205402,79.31961534484542
4.409099236157523,79.3217535153019
4.4093073161073795,79.3217535153019
4.409312517953171,79.32389124366794
4.409324869923395,79.32389124366794
4.409421473962879,79.32602853008063
4.409502370653415,79.32816537467701
4.409553093113167,79.33030177759404
4.409885788118841,79.33030177759404
4.409922828229963,79.33030177759404
4.410072984382481,79.3324377389687
4.410283885503687,79.33457325893781
4.410342885638525,79.33670833763819
4.410391997837338,79.33884297520662
4.41050941190955,79.34097717177977
4.410522081201276,79.34311092749432
4.41056382908086,79.34311092749432
4.410685528953627,79.34524424248683
4.410692892101316,79.34524424248683
4.410700275219012,79.34524424248683
4.410885324532509,79.34737711689385
4.41098402074099,79.34950955085183
4.411055267834871,79.34950955085183
4.411070263473669,79.35164154449721
4.411229300582611,79.35377309796635
4.4112820966470165,79.35590421139554
4.411355345174254,79.35803488492105
4.411364920470166,79.36016511867905
4.411411432589436,79.36016511867905
4.411457035203434,79.3622949128057
4.4114785773220975,79.3622949128057
4.411481916693905,79.3622949128057
4.411504533494079,79.36442426743706
4.411632756551955,79.36442426743706
4.411663797585829,79.36655318270918
4.411828869160872,79.368681658758
4.411965474527263,79.37080969571944
4.411997861873655,79.37293729372938
4.412031889795716,79.37506445292358
4.412042402730106,79.37719117343782
4.412219505363089,79.37931745540777
4.412464906151728,79.38144329896907
4.412501661038398,79.38356870425729
4.41261310421486,79.38569367140795
4.412649394284275,79.38781820055652
4.412738216972101,79.38781820055652
4.41297198254406,79.38781820055652
4.413059671281169,79.38781820055652
4.413333161935343,79.38994229183842
4.413371240255308,79.39206594538898
4.413586986842194,79.39206594538898
4.413853167892588,79.39206594538898
4.413988141689497,79.3941891613435
4.414069551594269,79.39631193983723
4.414257256521999,79.39843428100536
4.414291054321174,79.39843428100536
4.414551398354583,79.39843428100536
4.414576893378888,79.39843428100536
4.4147766755448705,79.400556184983
4.41480818252686,79.40267765190525
4.4148888306814245,79.40479868190712
4.414902941720179,79.40691927512356
4.415051880291998,79.4090394316895
4.415146550447009,79.41115915173975
4.415149917584534,79.41327843540917
4.415238011681055,79.41539728283244
4.4153337470895435,79.41539728283244
4.415413725969009,79.41539728283244
4.415446492371945,79.41539728283244
4.415607865433248,79.41751569414429
4.415634794103759,79.41963366947931
4.4156428197630495,79.42175120897211
4.415679992578073,79.42386831275721
4.415747476414197,79.42598498096903
4.415786621834078,79.42810121374202
4.41582660032439,79.42810121374202
4.415908188492871,79.43021701121053
4.415954882718496,79.43021701121053
4.4159774157857585,79.43233237350884
4.416029468024606,79.43233237350884
4.416179700466023,79.43444730077121
4.4161821200006495,79.43656179313182
4.416346100883673,79.43656179313182
4.416347941886619,79.43656179313182
4.416510101440461,79.43867585072478
4.416511385008299,79.44078947368422
4.416598498468996,79.4429026621441
4.416643868584844,79.44501541623843
4.416952515630913,79.44712773610112
4.416959375436988,79.44712773610112
4.417022192998565,79.44712773610112
4.417105133268293,79.44923962186601
4.417119177603094,79.45135107366691
4.417239300549371,79.45346209163756
4.417267657100225,79.45346209163756
4.417352988703594,79.45557267591165
4.417422881375783,79.45557267591165
4.417428741422364,79.45768282662284
4.417553009131873,79.4597925439047
4.417755262901115,79.46190182789074
4.417813590471918,79.46401067871444
4.417922625240976,79.46611909650923
4.418044526778324,79.46611909650923
4.418341730832515,79.46822708140849
4.418462376200131,79.47033463354546
4.418673899728047,79.47033463354546
4.41911313431248,79.47244175305347
4.419238619029935,79.47454844006569
4.419258510895589,79.47665469471524
4.419260399799887,79.47665469471524
4.419315236785516,79.47876051713524
4.41934855425981,79.4808659074587
4.419443321177988,79.48297086581863
4.419499535172802,79.48507539234794
4.419740205647658,79.48717948717949
4.41991888632763,79.48928315044611
4.419925654909881,79.49138638228057
4.420060079137916,79.49138638228057
4.420060266598171,79.49138638228057
4.420066587086698,79.49348918281555
4.420119619133334,79.49559155218373
4.420189724671114,79.49769349051769
4.420537147302014,79.49979499794998
4.420687069030845,79.5018960746131
4.420820914533559,79.50399672063948
4.420977034143887,79.5060969361615
4.421047150499536,79.50819672131148
4.421147891689278,79.50819672131148
4.421572261831295,79.51029607622169
4.421772234222857,79.51239500102439
4.421977700634691,79.5144934958517
4.422062709486056,79.5144934958517
4.422210735589315,79.51659156083572
4.422456331882572,79.51868919610855
4.4226328833618815,79.52078640180217
4.422645149589657,79.52078640180217
4.422722855301323,79.52288317804853
4.422955226074585,79.52497952497953
4.423030258716514,79.527075442727
4.4230987306326774,79.52917093142273
4.423290716606928,79.53126599119844
4.423468452277067,79.53336062218584
4.423715777448384,79.53545482451652
4.423898585783292,79.53754859832209
4.42440081199787,79.53754859832209
4.424423511582803,79.53964194373401
4.424741420295392,79.54173486088379
4.4249271438801365,79.54382734990283
4.424946906094377,79.54591941092248
4.424962013763386,79.54801104407404
4.425315367197336,79.55010224948876
4.425318602598872,79.55010224948876
4.42535438058881,79.55010224948876
4.425555028914165,79.55219302729782
4.4255863518173895,79.55428337763239
4.425743232141535,79.55637330062353
4.425853029575721,79.55846279640228
4.426021625477287,79.55846279640228
4.426240789480424,79.56055186509964
4.426434110312662,79.56264050684652
4.426751745050127,79.56472872177378
4.426844597226957,79.56681651001226
4.426930866861591,79.56681651001226
4.426981236402818,79.56681651001226
4.427016943517969,79.56681651001226
4.4272308564482366,79.56890387169273
4.427303297029437,79.57099080694586
4.427497900742996,79.57307731590237
4.427499046615838,79.57516339869281
4.427526708246983,79.57724905544778
4.427606187530456,79.57933428629774
4.427842393456937,79.58141909137315
4.4279206777631295,79.5835034708044
4.427969208801436,79.58558742472185
4.42800173608153,79.58767095325577
4.428244756142652,79.58975405653638
4.428259209774584,79.59183673469387
4.42838228122189,79.59391898785839
4.428419182992556,79.59600081615996
4.42868247578669,79.59808221972865
4.428697114971761,79.6001631986944
4.428718424779978,79.6001631986944
4.428881488628592,79.60224375318715
4.429012691254989,79.60224375318715
4.429048275342919,79.60224375318715
4.429215276842707,79.60432388333673
4.429269541958882,79.60432388333673
4.429583629985388,79.60640358927297
4.429708626495074,79.60640358927297
4.43001972767709,79.60640358927297
4.430088646539657,79.6084828711256
4.430150794144863,79.61056172902437
4.430351844897539,79.61264016309887
4.430418148869568,79.61471817347875
4.4304339991124895,79.61679576029351
4.4304559143396345,79.61887292367268
4.43089409998307,79.62094966374566
4.43090604483793,79.62302598064187
4.430909492347664,79.62302598064187
4.430940450016592,79.62302598064187
4.431213289889955,79.62510187449062
4.431407432950562,79.6271773454212
4.431491250842414,79.6271773454212
4.431577474328333,79.62925239356284
4.431605700721564,79.6313270190447
4.431808859028276,79.63340122199592
4.432106586295617,79.63340122199592
4.432276870044497,79.63547500254556
4.432450544823291,79.63754836082263
4.432994122398589,79.63754836082263
4.433012470797184,79.63754836082263
4.433179285090866,79.63962129695612
4.433262930572077,79.64169381107492
4.43340982986575,79.64376590330788
4.433434020718253,79.64376590330788
4.433449943594362,79.64583757378384
4.4338249750077265,79.64583757378384
4.4338340426582565,79.64790882263154
4.433883314977665,79.64997964997966
4.433913727577523,79.64997964997966
4.433936569081761,79.65205005595686
4.433970493977489,79.65205005595686
4.434034507657378,79.65205005595686
4.434367268871593,79.65412004069175
4.43451173698694,79.65618960431289
4.434712313934009,79.65825874694875
4.43482883055688,79.65825874694875
4.434848055996242,79.66032746872776
4.434945138654752,79.66032746872776
4.4351036428130195,79.66032746872776
4.435127483304936,79.66239576977831
4.435197964698356,79.66239576977831
4.435203973905122,79.66446365022878
4.43521255980982,79.6665311102074
4.435229642004541,79.66859814984242
4.435233887501651,79.67066476926205
4.435321913966138,79.67066476926205
4.435430127118695,79.67273096859438
4.435565381582762,79.67479674796748
4.435650278883098,79.6768621075094
4.4356794933342725,79.6789270473481
4.435894807775044,79.6789270473481
4.43592347027045,79.6809915676115
4.4359342461292135,79.6809915676115
4.4362053387869045,79.68305566842747
4.436460187383,79.68511934992381
4.436482481972069,79.68718261222831
4.436568481618487,79.68924545546867
4.436579293080322,79.68924545546867
4.436620748733749,79.69130787977254
4.436901960948618,79.69336988526754
4.437176845655368,79.69543147208121
4.43720217013195,79.69749264034108
4.437311975419193,79.69955339017459
4.437357726609633,79.70161372170912
4.437409174000107,79.70367363507205
4.437431261081231,79.70573313039067
4.437587467524965,79.70573313039067
4.437637344281032,79.70779220779221
4.437773009191937,79.70985086740387
4.437800212628416,79.7119091093528
4.437884252100951,79.7139669337661
4.437939678912116,79.71602434077079
4.4379665269355,79.71808133049386
4.438012082301921,79.72013790306227
4.438230825625047,79.72219405860285
4.438298223350619,79.72424979724249
4.438722050356029,79.72630511910795
4.438807774254527,79.72630511910795
4.43895305748245,79.72836002432598
4.4390544900922695,79.72836002432598
4.4391748958476835,79.7304145130232
4.43928863958232,79.73246858532632
4.439295966432349,79.73246858532632
4.439554903381092,79.73452224136184
4.439689971334618,79.73657548125634
4.439712350718902,79.73862830513626
4.439937718822512,79.74068071312804
4.440512677708615,79.74068071312804
4.440649792485116,79.74273270535804
4.440756103261031,79.7447842819526
4.441060827474908,79.7447842819526
4.441087406850209,79.74683544303798
4.441113891319254,79.74683544303798
4.44122436103534,79.74888618874037
4.441306680888287,79.75093651918598
4.441357806892674,79.75093651918598
4.441634144045099,79.75298643450091
4.441826652085546,79.75503593481122
4.441902270093101,79.75708502024291
4.441909252091312,79.75708502024291
4.4421293621858915,79.75913369092197
4.4421690425913125,79.7611819469743
4.442316545457973,79.76322978852575
4.442356979521774,79.76527721570214
4.442587289215389,79.76732422862923
4.442621045579722,79.76937082743272
4.442627965742088,79.76937082743272
4.442741212850527,79.77141701223829
4.4429012112845765,79.77346278317152
4.443256440658857,79.77346278317152
4.443286839924223,79.77550814035797
4.443488309754792,79.77755308392315
4.44363506013596,79.77959761399251
4.443673311892107,79.78164173069146
4.443971811232871,79.78368543414535
4.444032310188848,79.78368543414535
4.444257059566273,79.78368543414535
4.444408799524421,79.78572872447948
4.44442998923874,79.7877716018191
4.444640892624177,79.7877716018191
4.444761785371306,79.78981406628941
4.4451140410306555,79.78981406628941
4.445380975926422,79.79185611801556
4.445466417864651,79.79389775712265
4.445514769970055,79.79593898373572
4.44554317205045,79.7979797979798
4.445543825772046,79.8000201999798
4.44559943067847,79.8000201999798
4.445724910241719,79.80206018986064
4.445761422147507,79.80409976774715
4.445874489504155,79.80613893376413
4.445967901086852,79.80613893376413
4.4460754104510825,79.80817768803634
4.4464149273649785,79.80817768803634
4.4469160413153865,79.80817768803634
4.446964401320663,79.80817768803634
4.4469910289797125,79.81021603068848
4.447083421585387,79.81021603068848
4.447196240913702,79.81225396184516
4.447232257800811,79.814291481631
4.447309610281154,79.81632859017054
4.44796672393252,79.8183652875883
4.448066513432578,79.82040157400868
4.448200912744097,79.82040157400868
4.448219323086911,79.82040157400868
4.448253599891012,79.82243744955609
4.448419680447444,79.82447291435489
4.448758983349386,79.82447291435489
4.44881967913271,79.82650796852934
4.448828241889482,79.82854261220373
4.4492191158021415,79.83057684550222
4.449397795886457,79.83261066854895
4.450134808455056,79.83464408146804
4.450179404135362,79.83667708438351
4.450182186992907,79.83870967741935
4.4502287083955165,79.84074186069952
4.450238224690557,79.84277363434792
4.450318277762524,79.84480499848836
4.450443603119285,79.84683595324465
4.450565886070228,79.84886649874056
4.450673976255965,79.85089663509973
4.450931781175231,79.85089663509973
4.451010642677114,79.85089663509973
4.451097505682522,79.85292636244586
4.451288658345371,79.85292636244586
4.451295769652558,79.85495568090249
4.451632632778546,79.85495568090249
4.451807989273405,79.85495568090249
4.451922394764257,79.85698459059321
4.451946393722245,79.8590130916415
4.4520885567138055,79.8590130916415
4.452103593608916,79.8590130916415
4.452198853437016,79.86104118417077
4.4523402426970735,79.86306886830447
4.452516068057922,79.86306886830447
4.452552260589756,79.86509614416592
4.452554672751174,79.86712301187839
4.452555448269618,79.86914947156517
4.452635454205639,79.87117552334944
4.452653367159959,79.87320116735434
4.45290497519585,79.87522640370295
4.4531726326708565,79.87522640370295
4.45351346872667,79.87522640370295
4.4536090494739335,79.87725123251836
4.4536463509448385,79.87927565392354
4.453679144894039,79.87927565392354
4.453701646051647,79.88129966804145
4.453758860830882,79.88332327499496
4.453780018547367,79.88534647490697
4.454082292495081,79.88534647490697
4.454201244291073,79.88736926790024
4.45458342306621,79.88736926790024
4.454636004223325,79.88736926790024
4.454663941004904,79.88939165409754
4.454735587983892,79.89141363362155
4.454821420147799,79.89343520659496
4.454898848187727,79.89545637314033
4.4550548991690855,79.89747713338024
4.455065138735662,79.89949748743719
4.455222123989533,79.90151743543362
4.455369439424959,79.90353697749197
4.455714186231381,79.90555611373455
4.455805107682766,79.9075748442837
4.455835096458312,79.90959316926167
4.455931284554501,79.91161108879068
4.4560410904821515,79.91161108879068
4.456245373987103,79.91362860299287
4.456342594027187,79.91564571199035
4.456376132539383,79.91766241590521
4.456696899140796,79.91967871485943
4.45675481533055,79.91967871485943
4.456845468104535,79.91967871485943
4.457027638084063,79.921694608975
4.457372248435536,79.92371009837382
4.457532359171003,79.92572518317775
4.457537962179782,79.92572518317775
4.45759061189634,79.92572518317775
4.457635816626369,79.92773986350863
4.457728933316202,79.92773986350863
4.45781652036898,79.92975413948821
4.457825072896974,79.92975413948821
4.458152048622316,79.93176801123822
4.458448551661387,79.9337814788803
4.459038175705409,79.93579454253612
4.459043729135161,79.93780720232722
4.459103280850682,79.93780720232722
4.459136750618118,79.93981945837513
4.459595673369953,79.94183131080132
4.459751226867861,79.94183131080132
4.459798867606885,79.94384275972723
4.459997848574388,79.94585380527424
4.460046769225486,79.94786444756366
4.460141449577995,79.9498746867168
4.460167746244405,79.9498746867168
4.460240841996307,79.95188452285485
4.460298017972037,79.95188452285485
4.460775962575361,79.95389395609904
4.460777467229298,79.95389395609904
4.460962433809539,79.95590298657046
4.461131533806292,79.95791161439023
4.46115480733593,79.95991983967936
4.461253274101437,79.96192766255886
4.461336561041789,79.96393508314968
4.4616954544076215,79.96594210157268
4.461821334842456,79.96794871794873
4.461827380599123,79.96995493239861
4.462208440015705,79.97196074504306
4.462581278962277,79.9739661560028
4.462628654906954,79.9739661560028
4.463010769835976,79.9739661560028
4.463215434895998,79.9739661560028
4.463728760046795,79.97597116539848
4.46405316576967,79.97797577335068
4.464237535901754,79.97997997997997
4.464253951988505,79.98198378540687
4.464274052599363,79.9839871897518
4.464323157223325,79.9859901931352
4.46441880052179,79.98799279567741
4.464537205393579,79.98999499749874
4.464827934671998,79.99199679871948
4.465088494208281,79.99199679871948
4.4653285576886095,79.99399819945984
4.465417856218202,79.99599919983997
4.465693675610672,79.99799979998001
4.465739319332301,80.0
4.465769999158865,80.0
4.465775690938285,80.0
4.4659126722474145,80.00199980002
4.465948226966391,80.00399920015997
4.4659511065248365,80.00599820053984
4.466057178306557,80.00799680127949
4.466229925924438,80.00999500249874
4.466327119381855,80.01199280431742
4.466385997610247,80.0139902068552
4.46654028865568,80.01598721023181
4.466734783815842,80.01798381456689
4.467145079073065,80.01998001998003
4.467334612295159,80.01998001998003
4.467496646825501,80.02197582659075
4.4677230950476,80.02197582659075
4.468038042429085,80.02397123451857
4.468118997048892,80.02596624388295
4.468123213188821,80.02796085480327
4.468125868795938,80.0299550673989
4.468419233170449,80.03194888178913
4.468459896504625,80.03394229809324
4.468590151381908,80.03593531643043
4.4686294911106135,80.03792793691986
4.468687416136233,80.03992015968065
4.4687654941251465,80.04191198483184
4.4688584830696705,80.04390341249251
4.468870196670719,80.0458944427816
4.469013655864448,80.04788507581804
4.469015400230778,80.0498753117207
4.469068510685765,80.05186515060842
4.469095051737634,80.05385459259998
4.469221403939134,80.05584363781412
4.4693942372733,80.05783228636952
4.46941723947296,80.05982053838484
4.469543249458382,80.06180839397867
4.469579033573281,80.06379585326954
4.4696278995179375,80.06578291637597
4.469649092266398,80.06776958341638
4.469663826444754,80.06975585450921
4.469798598852845,80.06975585450921
4.469857252118948,80.07174172977281
4.469860398874388,80.07174172977281
4.469870358323112,80.0737272093255
4.469970010740301,80.0737272093255
4.47023209266529,80.07571229328552
4.470880850100794,80.0776969817711
4.470892860330805,80.0796812749004
4.471050449848234,80.08166517279155
4.471117099185816,80.08364867556264
4.471208705317164,80.08563178333168
4.471442716800082,80.08761449621664
4.4714665024779645,80.0895968143355
4.472085829136934,80.09157873780609
4.472165254239153,80.0935602667463
4.472403699318462,80.0935602667463
4.472430564447632,80.0935602667463
4.473072623957588,80.09554140127389
4.473073468006008,80.09752214150662
4.473187766473637,80.09752214150662
4.473244929910791,80.09950248756219
4.473456597504733,80.09950248756219
4.4735136344070865,80.10148243955825
4.473608921928335,80.10346199761241
4.47369572692067,80.10544116184224
4.473731312122056,80.10741993236523
4.473823851528172,80.10939830929885
4.473856980261764,80.11137629276054
4.474082410396176,80.11335388286766
4.474361311516952,80.11335388286766
4.4744434948546195,80.11533107973752
4.474561239601746,80.11533107973752
4.474630551698009,80.11730788348743
4.474682648979129,80.11730788348743
4.474823128015938,80.11928429423459
4.474844414486486,80.12126031209621
4.474863669513239,80.12323593718943
4.47487679706728,80.12521116963133
4.474956168451148,80.12718600953896
4.474987698974786,80.12916045702931
4.474991825890167,80.13113451221935
4.47500112271579,80.13310817522598
4.4751116688499755,80.13310817522598
4.47515305434907,80.13508144616607
4.475283966956117,80.13705432515643
4.475287823215851,80.1390268123138
4.475506535714779,80.14099890775493
4.475520017620412,80.14099890775493
4.475591329484551,80.14099890775493
4.475695734727611,80.14297061159651
4.4759638219457125,80.14494192395513
4.476001003767275,80.14494192395513
4.47627205938297,80.1469128449474
4.476406298120301,80.14888337468983
4.476843474094737,80.15085351329893
4.477064650221325,80.15282326089114
4.4772897518289385,80.15479261758284
4.477786182743528,80.15676158349042
4.478036081837616,80.15873015873017
4.478151175867395,80.16069834341832
4.478186118930977,80.1626661376711
4.478196099680986,80.1626661376711
4.478244940838281,80.1626661376711
4.478420193891479,80.16463354160467
4.478635811650796,80.1666005553352
4.47922507957641,80.1666005553352
4.479238641516079,80.1666005553352
4.479391053867799,80.1666005553352
4.479450700025382,80.16856717897868
4.479559076875727,80.1705334126512
4.480357548163398,80.17249925646873
4.480404060514319,80.17446471054718
4.48040630733361,80.17446471054718
4.480432423404047,80.17642977500248
4.4805201174711,80.17839444995045
4.480549863637755,80.18035873550689
4.480575904368731,80.18232263178756
4.4807368499268145,80.18428613890816
4.481053566110409,80.18624925698434
4.481161297785785,80.18624925698434
4.481173442855987,80.18821198613175
4.481185355071904,80.19017432646592
4.481207072578591,80.19017432646592
4.481289054873441,80.19213627810241
4.481785467274658,80.19409784115666
4.481974428716943,80.19605901574414
4.482005493123123,80.19801980198021
4.482021402076125,80.1999801999802
4.482169793976656,80.1999801999802
4.4821848179002695,80.20194020985943
4.482550044956592,80.20389983173315
4.482707897328292,80.20585906571654
4.482765345098978,80.20781791192479
4.482797674779614,80.20977637047298
4.482848872949581,80.2117344414762
4.482887270802326,80.2117344414762
4.483165103187291,80.21369212504946
4.483248432505931,80.21564942130775
4.4833673931575335,80.21760633036598
4.483440278508359,80.21956285233904
4.483477069026743,80.22151898734177
4.483681668084542,80.22347473548898
4.4837311855823545,80.2254300968954
4.483776570994084,80.22738507167573
4.483919349043732,80.22933965994464
4.484035542197494,80.23129386181674
4.484098786115687,80.23324767740661
4.484127455125037,80.23324767740661
4.484237325173097,80.23520110682874
4.484337618857645,80.23520110682874
4.4845092751488,80.23715415019763
4.484590439830445,80.23715415019763
4.4846547366327725,80.2391068076277
4.484738510464059,80.24105907923335
4.485139811830753,80.24301096512892
4.485689115073977,80.24496246542869
4.485716075886994,80.24691358024691
4.485794451619095,80.24886430969781
4.4858430342389175,80.25081465389553
4.485897951934953,80.25276461295418
4.485918144494872,80.25471418698785
4.486130265402991,80.25666337611057
4.486392173872804,80.25861218043629
4.486404883665313,80.26056060007896
4.486406866343339,80.26250863515247
4.486410455921052,80.26445628577066
4.486555457318358,80.26640355204736
4.486730549000059,80.26835043409629
4.486786811137066,80.26835043409629
4.486875392811902,80.27029693203117
4.486977176813321,80.27224304596568
4.487343668838333,80.27224304596568
4.487414379405371,80.27418877601342
4.487581619107891,80.27418877601342
4.487611198209965,80.27613412228797
4.487760690342928,80.27807908490287
4.488035018166574,80.2800236639716
4.488048256390993,80.2819678596076
4.488397808576968,80.28391167192429
4.488426653252942,80.28391167192429
4.488882376523017,80.285855101035
4.489046692257177,80.28779814705302
4.489098622523939,80.28974081009164
4.489126049258937,80.29168309026409
4.489255616797681,80.29168309026409
4.489296930413959,80.29362498768351
4.489427639101079,80.29556650246306
4.489728498619719,80.2975076347158
4.4898824061951155,80.29944838455478
4.490472100794927,80.30138875209298
4.4906577819264735,80.30332873744337
4.490672661993065,80.30332873744337
4.490773120012775,80.30526834071885
4.490977371941369,80.3072075620323
4.491165191473728,80.3072075620323
4.4912817895590855,80.3091464014965
4.491632561900787,80.31108485922425
4.491920949331276,80.31302293532828
4.492013162471445,80.31496062992126
4.492230869297828,80.31496062992126
4.492591435956928,80.31689794311583
4.492758518466769,80.3188348750246
4.4931310383245995,80.3188348750246
4.493335801425961,80.3188348750246
4.493638186948849,80.3188348750246
4.493703089903231,80.32077142576011
4.493719377022226,80.32077142576011
4.49372396647553,80.32270759543488
4.493759822307813,80.32464338416135
4.493807298764956,80.32657879205193
4.4940598732867825,80.32851381921904
4.49411721588496,80.32851381921904
4.4942616266830795,80.33044846577498
4.494477824294549,80.33044846577498
4.49466900365171,80.33238273183204
4.495159332039739,80.33431661750245
4.495198934518815,80.33625012289843
4.495414196986982,80.33625012289843
4.495571368515389,80.33818324813213
4.495644451641532,80.34011599331564
4.495946396561774,80.34204835856103
4.4959487758476735,80.34398034398035
4.49595935865557,80.34591194968553
4.496158636784512,80.34784317578854
4.496197807192581,80.34977402240125
4.4962915803223975,80.35170448963552
4.496351520162053,80.35363457760315
4.496583280384949,80.35556428641587
4.496698238142243,80.35749361618542
4.496815267596419,80.35942256702347
4.497061116318645,80.36135113904163
4.497146705054616,80.3632793323515
4.4971582701171124,80.3632793323515
4.497173934593457,80.3652071470646
4.497357217932732,80.36713458329243
4.497380181591451,80.36906164114644
4.497415511266403,80.37098832073805
4.497562089592296,80.37098832073805
4.497860324595926,80.3729146221786
4.497960799705508,80.3729146221786
4.49809512774134,80.37484054557943
4.498161003930589,80.37484054557943
4.498368604039382,80.37484054557943
4.4984230228388915,80.3767660910518
4.498647456602388,80.3767660910518
4.498824344320307,80.37869125870697
4.498832653623614,80.38061604865607
4.498928499133629,80.3825404610103
4.498958759682157,80.38446449588074
4.498968207642819,80.38446449588074
4.499139941638498,80.38638815337845
4.499241819119888,80.38638815337845
4.499456653134366,80.38638815337845
4.499813196758222,80.38831143361443
4.499852749953486,80.39023433669968
4.499914965734898,80.3921568627451
4.499946545424053,80.39407901186159
4.499977688966845,80.39407901186159
4.499991680305743,80.39600078415997
4.500043450779975,80.39792217975106
4.500101975715767,80.39984319874559
4.500476688233293,80.39984319874559
4.500517881838618,80.4017638412543
4.500559009192199,80.4036841073878
4.5006714682673605,80.40560399725678
4.5006896973880215,80.40752351097179
4.500809263057208,80.40944264864336
4.500809288010635,80.40944264864336
4.501028001150057,80.40944264864336
4.501129891390071,80.41136141038197
4.501259605869111,80.41327979629811
4.501435751923579,80.41519780650216
4.501450045633688,80.41519780650216
4.501856694291028,80.41711544110447
4.501996750749471,80.41903270021538
4.502329973117853,80.42094958394517
4.502361817005211,80.42286609240408
4.502387013699122,80.42478222570226
4.502414328146231,80.4266979839499
4.502494936116063,80.42861336725707
4.502502176471528,80.42861336725707
4.502572329160521,80.42861336725707
4.502677839985374,80.43052837573386
4.502759431260954,80.43244300949026
4.50278254619203,80.43435726863628
4.502831392851862,80.43435726863628
4.502869470219728,80.43627115328181
4.5029883120295136,80.43627115328181
4.503039819201834,80.43818466353677
4.503340195544572,80.43818466353677
4.503369785748714,80.440097799511
4.503869898909226,80.44201056131429
4.503953136658579,80.44392294905643
4.503978870110568,80.44583496284709
4.50400059522784,80.44774660279597
4.504055914628641,80.44774660279597
4.504111533961977,80.4496578690127
4.504246699832516,80.45156876160688
4.504345712419094,80.45347928068803
4.504517790291614,80.45538942636567
4.504575083632688,80.45729919874927
4.504583508491335,80.45920859794822
4.504590904774651,80.4611176240719
4.5046544578535075,80.46302627722966
4.504685778841631,80.46493455753077
4.504707642578828,80.46684246508448
4.5050431143938825,80.46875
4.5050800449498585,80.46875
4.505187639506727,80.47065716238649
4.505465546555405,80.47065716238649
4.5056610800346855,80.47065716238649
4.505771758659549,80.47256395235306
4.505875778448403,80.47447037000879
4.506006110401921,80.47637641546271
4.506299088266012,80.47828208882382
4.506623459358732,80.47828208882382
4.506670005813998,80.48018739020105
4.506780017696233,80.48209231970333
4.506799816817979,80.48209231970333
4.507135170215173,80.4839968774395
4.5072754577419865,80.4859010635184
4.507326271544629,80.48780487804879
4.507409072322173,80.48780487804879
4.5074729638549424,80.4897083211394
4.507739657828871,80.49161139289895
4.507813206822689,80.49161139289895
4.507883866831696,80.49161139289895
4.50809888568928,80.49161139289895
4.508355501911292,80.49351409343608
4.508488331948497,80.49541642285936
4.508493284268385,80.49541642285936
4.508750156614627,80.49731838127742
4.508772052765836,80.49921996879876
4.509094703856387,80.49921996879876
4.509100734495137,80.49921996879876
4.509447020413813,80.50112118553183
4.509475946531629,80.5030220315851
4.509567402075619,80.50492250706696
4.509596494754556,80.50682261208577
4.509620663911963,80.50872234674983
4.5096515682618366,80.50872234674983
4.5097835863596485,80.51062171116742
4.510001216988482,80.51062171116742
4.510199297277739,80.51252070544676
4.51023831075984,80.51441932969603
4.510351121577037,80.51441932969603
4.510993894101824,80.51631758402338
4.511137344030344,80.51631758402338
4.5111490734094355,80.51821546853691
4.5113973374708545,80.52011298334469
4.5115237498473,80.52201012855474
4.511611463257151,80.523906904275
4.511628656099155,80.52580331061344
4.511678163082212,80.52769934767792
4.511746348129413,80.52769934767792
4.5118271278087185,80.52959501557633
4.51197100570285,80.53149031441643
4.5120659758811925,80.53149031441643
4.512133031187838,80.533385244306
4.512133387979944,80.5352798053528
4.512474453986852,80.53717399766445
4.512495028981964,80.53906782134864
4.512568724435485,80.54096127651295
4.512954274796266,80.54285436326491
4.512992602733581,80.54474708171206
4.513013459960094,80.54663943196188
4.513083635380884,80.54853141412177
4.5131985090580935,80.55042302829914
4.513261144438315,80.55231427460131
4.513270643929671,80.55420515313564
4.5134642120213,80.55609566400933
4.513490172552949,80.55798580732963
4.513553114069008,80.55798580732963
4.513561048143257,80.55987558320373
4.513564219288616,80.55987558320373
4.513571562598073,80.56176499173876
4.513586268478585,80.56365403304179
4.513734605674716,80.5655427072199
4.513915394728351,80.56743101438009
4.513929509615556,80.56931895462935
4.5139354914992165,80.56931895462935
4.515020249072206,80.5712065280746
4.515155797768717,80.57309373482273
4.51515785450134,80.57498057498057
4.515234219407297,80.57686704865495
4.515245204373751,80.57875315595261
4.515335388244888,80.58063889698029
4.515381064404613,80.58252427184466
4.515459926407026,80.58440928065237
4.515566913093029,80.58629392351
4.515636764258614,80.58817820052411
4.515717570393511,80.59006211180125
4.5159968946578255,80.59194565744784
4.516056554819027,80.59382883757034
4.516068366103611,80.59571165227514
4.516083798673195,80.5975941016686
4.516103586906586,80.5975941016686
4.516127825549452,80.59947618585703
4.516265249380271,80.60135790494665
4.51638441381504,80.60135790494665
4.516590216244106,80.60135790494665
4.516706231648607,80.60135790494665
4.516837050230289,80.60323925904373
4.516857319678283,80.60512024825445
4.516885051599661,80.60700087268496
4.516933907043675,80.60700087268496
4.517077268736454,80.60888113244134
4.517151678354441,80.61076102762966
4.517303883840051,80.61264055835595
4.517366446699645,80.61451972472618
4.517377247470504,80.61451972472618
4.517806094113663,80.61639852684628
4.517818119695996,80.61827696482217
4.518237050305929,80.62015503875969
4.518323566255647,80.62203274876465
4.518439380724852,80.62203274876465
4.518524275525917,80.62203274876465
4.518623709933492,80.62391009494284
4.518973373470681,80.62578707739998
4.518977890691912,80.62766369624177
4.5189918829210365,80.62766369624177
4.519502955731363,80.62953995157385
4.5195508411388,80.63141584350184
4.51959159604006,80.63141584350184
4.519722702215133,80.63329137213131
4.5198524196624925,80.63516653756778
4.519878718035818,80.63704133991673
4.520136853420354,80.63704133991673
4.520255103754652,80.63704133991673
4.520394275564119,80.63891577928364
4.5205722206560175,80.63891577928364
4.52081099160626,80.64078985577389
4.521061881293729,80.64266356949284
4.52118520170073,80.64453692054583
4.5212238921304575,80.64453692054583
4.521448357465201,80.64640990903813
4.5215101207122395,80.64828253507498
4.521599780816101,80.6501547987616
4.521821577539536,80.65202670020315
4.521882151834936,80.65389823950474
4.522019289558829,80.65576941677145
4.522131752722629,80.65764023210832
4.522419757183906,80.65951068562035
4.522489044984308,80.66138077741249
4.522547154800285,80.66325050758968
4.522751626461926,80.66511987625677
4.5227846770626075,80.66698888351861
4.52299940599607,80.66885752948
4.523170885796085,80.67072581424567
4.523227935373537,80.67259373792038
4.523406510511413,80.67446130060875
4.524319243793969,80.67632850241546
4.52435586922793,80.67819534344508
4.524379596528474,80.68006182380216
4.524384113186267,80.68192794359122
4.524393138595673,80.68379370291674
4.524478765378913,80.68565910188315
4.524513589202271,80.68752414059482
4.524558676921996,80.68752414059482
4.524632841852248,80.68752414059482
4.524634788250776,80.68938881915612
4.524761225932021,80.69125313767137
4.524771118318845,80.69311709624482
4.525054801946204,80.69311709624482
4.525376181036665,80.69311709624482
4.525453273389253,80.6949806949807
4.525515463770502,80.6968439339832
4.525803933328127,80.6987068133565
4.52592330377853,80.70056933320467
4.525947392696089,80.70243149363179
4.526222449954967,80.70429329474193
4.526333306787228,80.70615473663901
4.526583549671863,80.70615473663901
4.5266068601586555,80.70801581942703
4.5266258833351705,80.70801581942703
4.526685228456491,80.70987654320987
4.526941925064557,80.70987654320987
4.526997591541598,80.71173690809142
4.527017117053521,80.71359691417551
4.527026587544251,80.71359691417551
4.527127923087817,80.7154565615659
4.527143754103659,80.71731585036636
4.527400832100427,80.71917478068062
4.527582985293461,80.72103335261231
4.527590827244343,80.72289156626506
4.527613704244677,80.72474942174249
4.527955928496349,80.72474942174249
4.528148465792278,80.72660691914811
4.5281910481424,80.72846405858547
4.528335557605046,80.72846405858547
4.5287231158801,80.72846405858547
4.528802845762572,80.73032084015802
4.52895009051815,80.73217726396918
4.529069341267616,80.73403333012233
4.529343854150176,80.73588903872087
4.529408884577449,80.73774438986806
4.5294245930809645,80.73959938366718
4.529428495893549,80.74145402022147
4.529681744141402,80.74330829963412
4.530159404404313,80.74330829963412
4.530340829817843,80.74516222200828
4.530462523895944,80.74701578744705
4.5305853725693455,80.74886899605352
4.530676257367232,80.7507218479307
4.530845502670885,80.7525743431816
4.530860438836267,80.75442648190916
4.531025208679566,80.75442648190916
4.5311799060280675,80.75627826421629
4.5312081915452485,80.75812969020589
4.531249688481549,80.75998075998076
4.531508691193269,80.76183147364371
4.531787522140012,80.76368183129749
4.532097174327054,80.76553183304482
4.532378513576736,80.76738147898837
4.532523060506199,80.76923076923077
4.532801720531683,80.76923076923077
4.53286188529526,80.77107970387462
4.533056706251052,80.7729282830225
4.533065912641183,80.77477650677689
4.5330979235095805,80.77662437524029
4.533196117565999,80.77847188851514
4.5333091822260725,80.78031904670382
4.533508590476859,80.78216584990872
4.533542001934155,80.78401229823213
4.5337247879562455,80.78585839177634
4.533960983536061,80.78770413064362
4.5339761088544375,80.78954951493613
4.533979627800828,80.78954951493613
4.534157116782835,80.79139454475605
4.534573529941949,80.79323922020552
4.534645860858269,80.79508354138659
4.534654439679359,80.79692750840134
4.534699872381307,80.79877112135176
4.534711161309892,80.80061438033982
4.534772712903586,80.80245728546745
4.534793662145914,80.80245728546745
4.535004027623086,80.80429983683655
4.535125896488024,80.80614203454894
4.535169638208231,80.80798387870645
4.535274558518715,80.80798387870645
4.535375968596989,80.80982536941086
4.535397207769104,80.81166650676388
4.535443778733931,80.81350729086722
4.535515739363748,80.81534772182253
4.535567864954038,80.81534772182253
4.5356132917508925,80.81718779973144
4.53594464316235,80.8190275246955
4.535957599417441,80.82086689681627
4.53602742090468,80.82086689681627
4.536030566694299,80.82270591619522
4.536114528651294,80.82454458293384
4.536272120480708,80.82454458293384
4.53628361054981,80.82638289713354
4.536342731615893,80.8282208588957
4.536485407655814,80.83005846832168
4.537010277855782,80.83005846832168
4.5370542505851175,80.83189572551275
4.537118677043928,80.8337326305702
4.537181715115141,80.83556918359524
4.537252998559512,80.83740538468909
4.537303495945206,80.83924123395286
4.537400409071165,80.84107673148769
4.537429781315608,80.84291187739464
4.53769718914716,80.84291187739464
4.5378551403007155,80.84474667177474
4.538038261516584,80.84658111472898
4.538067415136296,80.84658111472898
4.5381703063181895,80.84841520635833
4.5382571805294525,80.85024894676368
4.5382648159781604,80.85208233604595
4.538423387579552,80.85391537430596
4.538445274049183,80.85574806164449
4.538491491047013,80.85758039816233
4.538783407308011,80.85941238396018
4.538798563773199,80.86124401913875
4.538805906328468,80.86124401913875
4.538963834739403,80.86307530379868
4.539032622296201,80.86490623804056
4.539215416511645,80.86490623804056
4.539351002072695,80.86490623804056
4.539428781548381,80.86673682196499
4.53947095918282,80.86856705567247
4.53949775212545,80.87039693926351
4.539707093659991,80.87039693926351
4.539853753080906,80.87039693926351
4.539944353663478,80.87222647283856
4.540037092395764,80.87405565649804
4.540045674996702,80.87588449034232
4.540139039293142,80.87771297447175
4.54051378883186,80.87954110898661
4.5405400534883364,80.88136889398719
4.5406061237246815,80.88319632957369
4.540629671606552,80.88502341584632
4.540853445614262,80.8868501529052
4.540883568550729,80.88867654085045
4.540954335050052,80.89050257978215
4.5410175674200985,80.89232826980033
4.541131290727501,80.89415361100497
4.5412130798239705,80.89415361100497
4.541408881943555,80.89597860349603
4.541413247299364,80.89780324737345
4.54162951900659,80.89962754273708
4.541802769896377,80.89962754273708
4.542280528503887,80.90145148968678
4.5425699484522335,80.90327508832236
4.54298790838814,80.90327508832236
4.543141885734706,80.90327508832236
4.5432678880240704,80.90509833874356
4.5434034461090675,80.90692124105013
4.5435118084257855,80.90874379534173
4.543651874241016,80.91056600171805
4.543859015412957,80.91238786027868
4.543899560086607,80.9142093711232
4.544347409586039,80.91603053435115
4.5444717382652176,80.91785135006202
4.544484894336236,80.91967181835528
4.54462351628462,80.92149193933035
4.5446778480760255,80.9233117130866
4.544901753148068,80.92513113972342
4.544973543450701,80.92695021934007
4.5451479568900925,80.92876895203585
4.545261412747901,80.93058733790998
4.54529817325786,80.93058733790998
4.54533361479837,80.93058733790998
4.545485477724187,80.93240537706168
4.545643877279918,80.93422306959009
4.545652991388849,80.93604041559432
4.545666116669022,80.93785741517347
4.545718976796721,80.93967406842657
4.545867938983195,80.94149037545264
4.5458941721609,80.94330633635064
4.546004452473604,80.9451219512195
4.546132554252469,80.94693722015815
4.54653700525167,80.94875214326538
4.5465581526823335,80.95056672064005
4.546618804389706,80.95238095238095
4.546968332766226,80.9541948385868
4.5472304932615755,80.9541948385868
4.547401912062623,80.95600837935632
4.5474720197585405,80.95600837935632
4.547495430195755,80.95782157478816
4.547644426295116,80.95963442498096
4.548241643523348,80.95963442498096
4.548298501110211,80.95963442498096
4.548317740119619,80.96144693003332
4.548342891708566,80.96325909004378
4.5485706397168455,80.96325909004378
4.549364404920684,80.96325909004378
4.549434169915256,80.96507090511088
4.549674170000634,80.96688237533309
4.549763566837087,80.96869350080883
4.54978282879993,80.97050428163654
4.549831017430742,80.97231471791456
4.549988573609071,80.97412480974124
4.550054515227134,80.97593455721488
4.550271176421576,80.97774396043371
4.55050045805063,80.97955301949595
4.550572605561229,80.97955301949595
4.550610541082046,80.97955301949595
4.550639848531828,80.98136173449981
4.550777327805199,80.98136173449981
4.550794251422472,80.9831701055434
4.550823403942818,80.98497813272485
4.550873628610406,80.98678581614222
4.551097258022873,80.98678581614222
4.5513635162161235,80.98859315589354
4.551377566094297,80.9904001520768
4.551431259483086,80.99220680478997
4.55159774156288,80.99401311413095
4.551746347133513,80.99581908019763
4.552024604092791,80.9976247030879
4.552233787905872,80.99942998289949
4.552381903120821,80.99942998289949
4.552505993805141,80.99942998289949
4.552880016287603,81.00123491973021
4.552946884505183,81.00123491973021
4.553054467364769,81.0030395136778
4.553098338195615,81.00484376483996
4.553295062382608,81.00664767331433
4.553427349695831,81.00845123919855
4.5537534201224075,81.00845123919855
4.553818421077602,81.0102544625902
4.5538863894307635,81.0102544625902
4.553924470065967,81.01205734358682
4.5541417399678,81.01385988228593
4.554142908620639,81.015662078785
4.5543269108998725,81.01746393318147
4.5543744219841065,81.01926544557274
4.55456858160172,81.02106661605617
4.554842682446388,81.0228674447291
4.5548697699630685,81.02466793168881
4.554899090662236,81.02646807703255
4.555006037006307,81.02826788085751
4.555159514592886,81.02826788085751
4.5551923885924195,81.03006734326094
4.555322012974023,81.03186646433991
4.555418406896777,81.03366524419155
4.555423868205651,81.03546368291296
4.555439867585619,81.03726178060113
4.555477856196781,81.03726178060113
4.555654941495405,81.03726178060113
4.555672818108932,81.03905953735305
4.5557278115647035,81.04085695326572
4.555746229756202,81.04265402843602
4.555787990133841,81.04445076296085
4.55599087078412,81.04445076296085
4.556003646491027,81.04624715693708
4.556136137793267,81.04804321046149
4.556162384475517,81.04983892363084
4.556260793524483,81.05163429654192
4.5562625882468355,81.05342932929139
4.55668422558483,81.05342932929139
4.556733570391675,81.05522402197593
4.556892681916882,81.05701837469218
4.556925793784846,81.05881238753669
4.55720483725444,81.06060606060606
4.557288915334573,81.06060606060606
4.5573509330421915,81.06239939399677
4.557623139482656,81.06419238780535
4.557674921597597,81.06598504212819
4.557762102592229,81.06598504212819
4.557898094603536,81.06777735706171
4.557921622749351,81.06956933270232
4.55794818500663,81.07136096914633
4.5581051048764305,81.07136096914633
4.5581207341506795,81.07136096914633
4.55821370735613,81.07136096914633
4.558241467749991,81.07136096914633
4.558743098624151,81.07315226649001
4.55876124611032,81.07494322482968
4.558795087449784,81.07673384426151
4.5590626804363055,81.07852412488174
4.559365334640728,81.07852412488174
4.559722947340247,81.0803140667865
4.559744079883117,81.08210367007189
4.559839163999618,81.08389293483401
4.55989668383704,81.08568186116891
4.5599466776955895,81.08747044917257
4.560023901691919,81.08747044917257
4.560146519691209,81.08925869894101
4.5602297572731,81.0910466105701
4.560296859095609,81.09283418415579
4.560357025948805,81.09283418415579
4.560387813283697,81.09462141979394
4.560545069200119,81.09640831758034
4.560708869250764,81.09819487761081
4.560745781791194,81.09819487761081
4.560774558104822,81.0999810999811
4.560797238613393,81.10176698478693
4.560813542944918,81.10176698478693
4.560942474044317,81.10355253212396
4.560954748478583,81.10533774208785
4.560969574308343,81.10712261477423
4.561091465319692,81.10712261477423
4.561197302971554,81.10890715027864
4.561395991315689,81.11069134869663
4.561438295942789,81.11247521012372
4.561465992632911,81.11425873465534
4.561666475581847,81.11604192238693
4.561865087406584,81.11604192238693
4.561941563474185,81.1178247734139
4.562128832844789,81.11960728783158
4.562195677496187,81.12138946573533
4.562215631847241,81.12317130722039
4.562287272937016,81.12495281238203
4.562414314792228,81.12673398131547
4.562434520822423,81.12851481411587
4.562435948690345,81.13029531087838
4.562439758100111,81.13207547169812
4.562471814196167,81.13385529667012
4.56248285329466,81.13563478588945
4.562504713894017,81.1374139394511
4.562548800200593,81.13919275745002
4.562684638402135,81.14097123998114
4.562850779280683,81.14274938713936
4.562863518377641,81.1445271990195
4.56286824755659,81.14630467571644
4.562916118400231,81.14808181732491
4.563037020730358,81.14808181732491
4.563042738918489,81.14808181732491
4.5630644314576205,81.14808181732491
4.563068238687381,81.14985862393968
4.563116041819499,81.14985862393968
4.5632215223153905,81.15163509565545
4.563567943050749,81.15341123256691
4.563801419139092,81.15518703476869
4.563914624572061,81.15696250235538
4.564079229761655,81.15873763542157
4.564132697994537,81.16051243406179
4.56414545418216,81.16228689837054
4.5643228281363335,81.16406102844226
4.564366985552123,81.1658348243714
4.564580986964169,81.16760828625236
4.564602290491415,81.16938141417945
4.564637984104496,81.17115420824703
4.56464571106411,81.17292666854937
4.5646945965519485,81.17469879518072
4.564800553961806,81.17647058823529
4.564823494693578,81.17647058823529
4.564907422583561,81.17647058823529
4.565192072708219,81.17647058823529
4.565230707418352,81.17824204780727
4.565608247586864,81.18001317399077
4.56562577135788,81.18178396687993
4.565996862709736,81.18355442656882
4.566062485381804,81.18532455315146
4.566285721677501,81.18532455315146
4.566339131909697,81.18709434672185
4.566367605580078,81.18886380737396
4.566619214541996,81.19063293520173
4.566738509928966,81.19240173029904
4.566777108651298,81.19417019275976
4.566905400812363,81.19593832267769
4.566944320665703,81.19770612014666
4.567289178501048,81.19947358526038
4.567489611627748,81.19947358526038
4.567509531482521,81.19947358526038
4.567615581869519,81.2012407181126
4.567831650628768,81.2012407181126
4.567862675306837,81.2012407181126
4.56800261234994,81.2012407181126
4.568149983799663,81.2012407181126
4.56840990445272,81.2012407181126
4.568444442571009,81.2012407181126
4.568477063550943,81.203007518797
4.568542855706405,81.2047739874072
4.568592296167882,81.20654012403683
4.56873757005529,81.20830592877948
4.5687634571261,81.20830592877948
4.5689159996380395,81.21007140172868
4.569220208644697,81.21007140172868
4.5694610833571625,81.21183654297792
4.569540713247475,81.21183654297792
4.569577043166405,81.21183654297792
4.569788190869572,81.2136013526207
4.569868261499913,81.21536583075044
4.570055809812744,81.21712997746056
4.570173972311149,81.2188937928444
4.570200685849891,81.2206572769953
4.570365390552503,81.22242043000657
4.570420848601508,81.22242043000657
4.571223659347689,81.22242043000657
4.5714135284923145,81.22242043000657
4.571743814454313,81.22418325197145
4.571819831315136,81.2259457429832
4.571894387154067,81.22770790313497
4.571940370934291,81.22946973251995
4.571962817058301,81.23123123123122
4.572021080599861,81.23299239936192
4.5721965007318275,81.23475323700507
4.5727836164168085,81.23651374425368
4.57300270634989,81.23651374425368
4.573096734783192,81.23827392120076
4.573130079954449,81.23827392120076
4.573311965315935,81.24003376793921
4.573506339562145,81.241793284562
4.573558195613867,81.24355247116196
4.573732921433886,81.24531132783196
4.573746793514121,81.24706985466479
4.574094033527671,81.24882805175324
4.574140180100757,81.25058591919002
4.574315746377029,81.25234345706787
4.574421198337729,81.25410066547943
4.574496674649414,81.25585754451734
4.574737849019739,81.25585754451734
4.575007259116066,81.25585754451734
4.575023719852264,81.25585754451734
4.57536814585212,81.2576140942742
4.57537987339177,81.25937031484258
4.575564671648987,81.261126206315
4.575814403632597,81.26288176878396
4.575986453638868,81.26463700234193
4.5761669800573515,81.2663919070813
4.576287265141394,81.26814648309451
4.576731060168175,81.26990073047388
4.57679036164867,81.27165464931173
4.576805352017508,81.27165464931173
4.576819921800523,81.27165464931173
4.576946183987917,81.27340823970037
4.577117636432177,81.27516150173206
4.577168660154613,81.27691443549897
4.57724799794352,81.27866704109333
4.577273142083717,81.28041931860727
4.577291662935342,81.28041931860727
4.5773394775648235,81.2821712681329
4.577508025547833,81.28392288976231
4.577624616966877,81.28567418358753
4.5776320863069655,81.2874251497006
4.577717167879844,81.28917578819348
4.577787850461637,81.28917578819348
4.578024222157773,81.29092609915809
4.578034797276947,81.29267608268637
4.578284952712367,81.29442573887017
4.578570518722252,81.29617506780137
4.578763392632603,81.29792406957172
4.578908592770452,81.29967274427302
4.57905122708749,81.301421091997
4.5792409959845575,81.30316911283538
4.57935754763519,81.30491680687979
4.5793597374917665,81.3066641742219
4.579401175480406,81.3066641742219
4.579504548924296,81.30841121495327
4.57983514913001,81.3101579291655
4.5798728570901375,81.3101579291655
4.579942649303434,81.3119043169501
4.580012640388118,81.31365037839858
4.580071658361748,81.31539611360239
4.580087706275379,81.31714152265297
4.580269568188494,81.3188866056417
4.580471331641006,81.32063136265995
4.580564622988053,81.32063136265995
4.580580748122997,81.32237579379903
4.580615183711413,81.32237579379903
4.580700691332634,81.32237579379903
4.580705293634665,81.32411989915025
4.581020141312578,81.32411989915025
4.5810896438896,81.32586367880485
4.581178045714347,81.32760713285407
4.581189739857449,81.3293502613891
4.581352136037835,81.33109306450108
4.58161216863597,81.33283554228112
4.581800996509344,81.33457769482034
4.581826914576476,81.33631952220978
4.58201901616576,81.33806102454045
4.582190450518303,81.33980220190334
4.582193671652279,81.33980220190334
4.582467699967949,81.33980220190334
4.582646382138573,81.3415430543894
4.582675512233517,81.34328358208955
4.582867095939436,81.34502378509467
4.583007219444471,81.34502378509467
4.583064645448646,81.34676366349561
4.5833284021721035,81.34676366349561
4.583477802880309,81.3485032173832
4.58354958263024,81.3485032173832
4.583582506154995,81.3485032173832
4.583886363984204,81.35024244684818
4.584079937317152,81.35198135198135
4.58409974576068,81.35371993287339
4.584479485997885,81.35545818961499
4.5847999797286105,81.35545818961499
4.585070255880257,81.35545818961499
4.5851970587616195,81.3571961222968
4.585253121695957,81.3571961222968
4.585314319012276,81.35893373100942
4.585404556801083,81.36067101584344
4.585560924558634,81.36240797688939
4.585679799587327,81.3641446142378
4.5858531006911285,81.36588092797913
4.586168361112457,81.36761691820384
4.586255204220467,81.36761691820384
4.586350254469266,81.36935258500233
4.586878428008507,81.36935258500233
4.586882012754588,81.37108792846497
4.586890213778324,81.37282294868213
4.586987851980685,81.37455764574409
4.587748146229596,81.37629201974113
4.587772735509905,81.3780260707635
4.588277871154186,81.3797597989014
4.5884248097145,81.38149320424502
4.588505411505976,81.38149320424502
4.58861295752432,81.38322628688448
4.5887137272323475,81.3849590469099
4.5888545832355705,81.38669148441136
4.588938130389009,81.38669148441136
4.588971503391583,81.38842359947887
4.589023162291053,81.39015539220247
4.589034433478947,81.39188686267212
4.58908563363298,81.39361801097776
4.589431531342609,81.3953488372093
4.589445118799961,81.39707934145662
4.589701032837871,81.39707934145662
4.590149859362388,81.39880952380952
4.59018051904697,81.39880952380952
4.590394892355628,81.40053938435786
4.590537526674002,81.40226892319137
4.590554633378737,81.4039981403998
4.590594341693293,81.4039981403998
4.590628834821606,81.40572703607289
4.590793705574881,81.40745561030027
4.590805479673482,81.40745561030027
4.590831544163853,81.40918386317159
4.59094505373702,81.41091179477647
4.590980182763889,81.41263940520446
4.591205658533501,81.41436669454511
4.591288409238909,81.41436669454511
4.5912993526302355,81.41436669454511
4.5914484236859705,81.41609366288793
4.59210337427853,81.41609366288793
4.592384380551631,81.41609366288793
4.592479521759737,81.4178203103224
4.592493544435686,81.4178203103224
4.592701898790055,81.41954663693795
4.592750447168222,81.42127264282396
4.592777533435013,81.42299832806985
4.592917347731267,81.42472369276493
4.592999529813311,81.42644873699851
4.593063117950201,81.42817346085988
4.5931470265420895,81.42989786443825
4.593336825932681,81.43162194782286
4.593364719383443,81.43334571110286
4.593413050020078,81.4350691543674
4.593579530188476,81.43679227770558
4.5936134872060475,81.4385150812065
4.59378162162199,81.4385150812065
4.594001390447668,81.44023756495918
4.594021108621063,81.44195972905261
4.594179929534856,81.44195972905261
4.594227883961287,81.4436815735758
4.594902654699276,81.44540309861769
4.59517659876286,81.44712430426716
4.595259639237401,81.44712430426716
4.595281149475542,81.44884519061311
4.595457796136926,81.45056575774439
4.595578743624851,81.4522860057498
4.595641541264128,81.4540059347181
4.595839056039482,81.45572554473807
4.596346184423637,81.45572554473807
4.596519014324904,81.45572554473807
4.596691929849103,81.45744483589839
4.596703748021707,81.45916380828776
4.596735071513986,81.46088246199481
4.596805032528994,81.46260079710817
4.596960102345345,81.4643188137164
4.596995105881433,81.4643188137164
4.597122425116617,81.4643188137164
4.597206189273256,81.46603651190807
4.597300553774635,81.46603651190807
4.597342174008449,81.4677538917717
4.597453466894619,81.46947095339571
4.597524864726892,81.46947095339571
4.597589078111081,81.47118769686863
4.597645005633577,81.47290412227883
4.597989099669889,81.47462022971472
4.598041149974557,81.47633601926461
4.598199078952194,81.47805149101686
4.59821678813682,81.47976664505973
4.5986535688300165,81.48148148148148
4.598735755932093,81.48319600037034
4.598979027653957,81.48491020181447
4.599093450953738,81.48662408590206
4.599128501997009,81.48662408590206
4.599760413559025,81.48833765272121
4.600059726741473,81.48833765272121
4.600271272003631,81.49005090236003
4.600273544940271,81.49176383490654
4.600456221823429,81.49347645044878
4.600531394805768,81.49518874907476
4.600687028714085,81.49690073087243
4.600839934680784,81.4986123959297
4.600968386712666,81.50032374433448
4.601015749634461,81.50032374433448
4.60116350374366,81.50203477617463
4.601317158401617,81.50374549153796
4.601317690946805,81.50545589051231
4.601379869617076,81.50545589051231
4.601490014218227,81.5071659731854
4.601623871523359,81.50887573964496
4.60173919106893,81.51058518997874
4.601749262039364,81.51229432427436
4.60193725140636,81.51400314261946
4.6019647854854275,81.51571164510166
4.602146703432888,81.51741983180852
4.602508216526333,81.51912770282757
4.602552293983568,81.52083525824632
4.602956142644748,81.52254249815225
4.603175600309753,81.5242494226328
4.603268143849843,81.5242494226328
4.603650596886743,81.52595603177537
4.603965572622507,81.52766232566732
4.604178690573781,81.52766232566732
4.604222300974415,81.52936830439602
4.604255379597178,81.52936830439602
4.604328743276446,81.52936830439602
4.6045047153559615,81.53107396804876
4.604546756481907,81.53277931671283
4.604572597246622,81.53277931671283
4.604664662118823,81.53277931671283
4.604727164055246,81.5344843504755
4.604852907069829,81.5344843504755
4.605234675144903,81.53618906942393
4.605237447362921,81.53789347364534
4.605279800080853,81.53959756322688
4.605403387883784,81.53959756322688
4.6057742040370755,81.53959756322688
4.606164082092004,81.54130133825565
4.606176921287676,81.54300479881876
4.606260330962208,81.54470794500322
4.606287664532767,81.54641077689611
4.606330875046387,81.54641077689611
4.606404014898038,81.54811329458437
4.606441703952933,81.54811329458437
4.606496655263333,81.54981549815497
4.606842563654363,81.54981549815497
4.606909724607436,81.55151738769486
4.607375187321116,81.5532189632909
4.607408674377322,81.55492022502997
4.6075734391600305,81.55662117299889
4.607592102291665,81.55832180728446
4.607645050221223,81.56002212797344
4.607714527383925,81.56002212797344
4.6077475702677795,81.56172213515258
4.60803350366542,81.56172213515258
4.6081451792915535,81.56342182890856
4.608207814398596,81.56512120932805
4.608582548215938,81.5668202764977
4.60859229148899,81.5685190305041
4.608791694117049,81.5685190305041
4.608816932000896,81.5685190305041
4.608878766977554,81.57021747143384
4.609036411478359,81.57191559937344
4.609185548034424,81.57361341440944
4.609194461636767,81.57531091662828
4.609278856144684,81.57700810611644
4.6096260161023785,81.5787049829603
4.60965765594295,81.58040154724627
4.609769966037444,81.58040154724627
4.609851082124025,81.58209779906068
4.610207736022989,81.58379373848987
4.610288375954502,81.5854893656201
4.6104671697079995,81.5854893656201
4.610601151511589,81.58718468053765
4.610669147094329,81.58887968332873
4.610678682213947,81.58887968332873
4.610823064395347,81.59057437407952
4.61091554010151,81.59226875287621
4.61133626618211,81.59226875287621
4.612025346736723,81.5939628198049
4.612263782723434,81.59565657495169
4.6125154866799765,81.59735001840265
4.612567191016854,81.59904315024382
4.612769671923337,81.60073597056117
4.613075607913151,81.60242847944072
4.613254481303724,81.60412067696836
4.613413351367657,81.60581256323002
4.61343734303996,81.60581256323002
4.613448341161556,81.60581256323002
4.613517877510047,81.60750413831157
4.613624439965052,81.60919540229885
4.613638691533934,81.61088635527769
4.613963490214156,81.61257699733382
4.614073424877996,81.61426732855304
4.61415197161245,81.61595734902104
4.614502981087701,81.61764705882352
4.614541911025609,81.61764705882352
4.614772751947633,81.61933645804613
4.614997392079083,81.62102554677449
4.615029751155619,81.62102554677449
4.615076329201407,81.62271432509418
4.615080758942052,81.62271432509418
4.615126041493236,81.62440279309078
4.61512627717341,81.6260909508498
4.615388564262626,81.62777879845673
4.615834199365373,81.62946633599705
4.615849922488964,81.63115356355621
4.615914085233369,81.63115356355621
4.616177304957231,81.63284048121959
4.6163050963384595,81.63452708907253
4.61633613768437,81.63621338720044
4.616419262083339,81.63789937568858
4.616496085337475,81.63958505462223
4.616514692127121,81.64127042408666
4.616896841056852,81.64127042408666
4.61699249822602,81.64295548416705
4.617190732850981,81.64464023494861
4.617192680968626,81.64632467651647
4.617343064593649,81.64800880895578
4.6174112126598885,81.64969263235159
4.61777479281681,81.65137614678899
4.617777695869681,81.653059352353
4.617789038479173,81.6547422491286
4.61782888317794,81.65642483720077
4.61788152909555,81.65810711665445
4.618206476927703,81.65810711665445
4.61858744291697,81.65810711665445
4.618795819334208,81.65978908757451
4.618850848699718,81.66147075004585
4.618875522927503,81.6631521041533
4.6188912834995115,81.6631521041533
4.6189953588824375,81.66483314998166
4.619166684658277,81.66483314998166
4.619194646928383,81.66651388761574
4.619238101812453,81.66819431714025
4.619292761338293,81.66819431714025
4.6195566449525005,81.6698744386399
4.619583159971875,81.67155425219941
4.619765263702461,81.67323375790342
4.6197708215881494,81.67491295583655
4.619809598264701,81.67659184608337
4.619872304729084,81.67827042872847
4.620233985432769,81.67994870385638
4.620437358785176,81.68162667155157
4.620628406768663,81.68330433189853
4.620869123007946,81.68330433189853
4.620925598398536,81.68498168498168
4.621043337559431,81.68665873088545
4.621072416351835,81.6883354696942
4.621374065186003,81.69001190149227
4.621448495124893,81.69001190149227
4.621467737721524,81.69168802636398
4.621684270457512,81.6933638443936
4.621690174086581,81.69503935566539
4.621820107825931,81.69671456026357
4.6218210087407225,81.69671456026357
4.6218596757507555,81.69671456026357
4.621868292779289,81.69671456026357
4.621969506156338,81.69838945827233
4.622292684127758,81.70006404977582
4.622372154580332,81.70173833485819
4.622429493801608,81.70341231360352
4.622471676147387,81.70341231360352
4.622621901594052,81.70341231360352
4.622660201295418,81.70508598609587
4.623191170802868,81.70675935241928
4.623444253188561,81.70843241265776
4.623455530036452,81.71010516689529
4.623577054294396,81.7117776152158
4.623765599282985,81.7134497577032
4.623796190791171,81.7151215944414
4.623879883200796,81.71679312551422
4.624070936985941,81.71846435100548
4.624093287744977,81.720135270999
4.624378918277958,81.7218058855785
4.624509572644542,81.72347619482775
4.6245817108635014,81.72514619883042
4.62458695421344,81.72681589767016
4.6247121052908575,81.72848529143066
4.624716784077876,81.73015438019549
4.624781254410645,81.73182316404822
4.625090261707267,81.73349164307243
4.625102482685947,81.73349164307243
4.625305254857824,81.73349164307243
4.625476387472391,81.73349164307243
4.625641596325732,81.7351598173516
4.625805913297702,81.73682768696922
4.6258661679465956,81.73849525200878
4.625966521783602,81.74016251255364
4.626010373555491,81.74182946868723
4.626110726290806,81.74349612049294
4.626126836831713,81.74516246805403
4.626370458725758,81.74682851145386
4.62637050701722,81.74682851145386
4.626410289238383,81.74849425077569
4.626528470277084,81.75015968610275
4.626805943045133,81.75182481751825
4.626868140074959,81.75348964510538
4.6268807420934355,81.75348964510538
4.626906921256358,81.75515416894727
4.626909962577737,81.75681838912706
4.626946139319842,81.75681838912706
4.6270066152431335,81.75848230572784
4.627060339454105,81.76014591883265
4.627355333498544,81.76180922852453
4.627729042540572,81.76347223488648
4.627759103924879,81.76513493800147
4.627978507112648,81.76679733795241
4.628035815951474,81.76845943482223
4.628076785174273,81.76845943482223
4.628138893956166,81.77012122869382
4.628148763623125,81.77178271965002
4.628210909378391,81.77344390777363
4.62823278194248,81.77510479314743
4.628259442180067,81.77510479314743
4.628287999591233,81.77676537585421
4.6283549153134365,81.77842565597668
4.628385837709082,81.78008563359752
4.628390534002669,81.78008563359752
4.628615282925959,81.78174530879942
4.6286604114307135,81.78340468166499
4.628679181440656,81.78506375227687
4.628884942205027,81.78506375227687
4.6289617272066055,81.7867225207176
4.629110804989703,81.78838098706976
4.62914752726898,81.78838098706976
4.629270989982216,81.79003915141583
4.629583603473664,81.7916970138383
4.629741635090315,81.7916970138383
4.629883959228545,81.79335457441967
4.629917439784292,81.7950118332423
4.6299410019927505,81.7950118332423
4.629997152386975,81.79666879038864
4.630014522224494,81.79666879038864
4.630148673732619,81.79832544594102
4.630424284527347,81.79998179998181
4.630496335495311,81.80163785259327
4.630695418082247,81.8032936038577
4.63074308916907,81.8032936038577
4.630855795226881,81.80494905385734
4.6308879578587145,81.80660420267442
4.63102807517521,81.80660420267442
4.631028700949494,81.80660420267442
4.631033937125906,81.80825905039111
4.631408418292131,81.80991359708959
4.631419328460265,81.81156784285196
4.631538590731564,81.8132217877603
4.631681579574601,81.81487543189671
4.6317321762990105,81.81652877534322
4.631967029169572,81.81652877534322
4.632043639530584,81.81818181818183
4.6322289713884945,81.8198345604945
4.632298422422472,81.8214870023632
4.632428900131728,81.82313914386985
4.632448263569622,81.82313914386985
4.632519634206739,81.82313914386985
4.6325383865214445,81.82479098509633
4.632606700253139,81.82644252612448
4.632840763771549,81.82809376703617
4.633472969961541,81.82809376703617
4.633816391391664,81.82809376703617
4.633827499777486,81.82809376703617
4.633973193399605,81.82809376703617
4.63410393235009,81.82974470791315
4.634254016357081,81.8313953488372
4.634276010975959,81.8330456898901
4.634291984430714,81.83469573115349
4.634656298586042,81.8363454727091
4.634691131292043,81.8363454727091
4.634703540607681,81.83799491463859
4.634881062884477,81.83964405702352
4.635091472988373,81.84129289994553
4.635359786093631,81.84294144348615
4.635453223480399,81.84458968772694
4.6357054938322895,81.84623763274939
4.635716197462243,81.84788527863496
4.635744488537299,81.8495326254651
4.635765628045469,81.85117967332124
4.635919683845866,81.85282642228474
4.636080054568259,81.85282642228474
4.636201236767307,81.85447287243694
4.636217206317864,81.85611902385921
4.6363410410877455,81.8577648766328
4.6363440768571,81.85941043083899
4.636439638142816,81.86105568655904
4.636494722963357,81.86270064387413
4.6366421946512295,81.86434530286544
4.636744813658079,81.86598966361412
4.63696606767499,81.86598966361412
4.6370496464804525,81.86598966361412
4.63707636870568,81.86598966361412
4.637112119582057,81.86763372620128
4.637132626803233,81.86763372620128
4.637201882590768,81.86763372620128
4.637249060662309,81.869277490708
4.6376533747692905,81.87092095721538
4.637690695543165,81.87092095721538
4.637808463553802,81.8725641258044
4.638074565861945,81.8742069965561
4.638107119477084,81.87584956955143
4.638206530103646,81.87749184487133
4.638221851483538,81.87749184487133
4.638306291920962,81.87913382259671
4.638424391031758,81.88077550280848
4.638466090929093,81.88241688558746
4.63891409017695,81.88405797101449
4.638991297844618,81.88405797101449
4.639028893158095,81.88569875917037
4.639032616689993,81.88733925013585
4.639065044211799,81.88733925013585
4.639195459787606,81.88897944399167
4.639566243793566,81.89061934081855
4.639576910245449,81.89061934081855
4.6395920293593695,81.89061934081855
4.63961091426899,81.89225894069715
4.639819253245933,81.89389824370814
4.639904072822622,81.89389824370814
4.640072152580066,81.8955372499321
4.640173378918576,81.89717595944967
4.640300601311344,81.89717595944967
4.640363374323434,81.89717595944967
4.640486840454754,81.89881437234139
4.640645146254975,81.90045248868778
4.640773956206293,81.90209030856937
4.640890549676408,81.9037278320666
4.640925329250967,81.90536505925992
4.640958483365778,81.90536505925992
4.64109502721878,81.90700199022977
4.6411093372606675,81.90700199022977
4.6412771730269835,81.90863862505654
4.6414421380451145,81.90863862505654
4.641539666401968,81.91027496382056
4.641634826359643,81.91027496382056
4.641790320406621,81.91191100660215
4.64179299512975,81.91354675348165
4.6419432507361975,81.91518220453929
4.642067881673068,81.91518220453929
4.642081329876758,81.91681735985533
4.642106459282235,81.91845221950999
4.642151952625039,81.92008678358343
4.642338268001971,81.92008678358343
4.642586157375597,81.92172105215583
4.642728720105191,81.9233550253073
4.642836045345977,81.92498870311795
4.64288099510119,81.92662208566782
4.642989564180772,81.92825517303696
4.643018575919671,81.92988796530538
4.643023426919504,81.93152046255308
4.643084378684244,81.93152046255308
4.643146152517078,81.93315266485999
4.6435151566444235,81.93315266485999
4.643537927545168,81.93478457230603
4.643581773081442,81.9364161849711
4.643714457583156,81.9364161849711
4.643795828285657,81.9364161849711
4.644009115825213,81.93804750293506
4.644015634638183,81.93967852627777
4.644139781608698,81.93967852627777
4.644160418923628,81.93967852627777
4.644180784639008,81.93967852627777
4.644557998411814,81.93967852627777
4.644639509137791,81.93967852627777
4.645002530596325,81.93967852627777
4.645092249914634,81.941309255079
4.64536698193736,81.94293968941857
4.645414089025197,81.94293968941857
4.645417865101162,81.94293968941857
4.645586279807014,81.94456982937619
4.645817832602311,81.9461996750316
4.6458333879327025,81.94782922646449
4.646133650765929,81.94945848375451
4.6461366391577155,81.95108744698132
4.646149712068497,81.95108744698132
4.646261782252432,81.95271611622451
4.646354920098066,81.95434449156366
4.646441528353378,81.95597257307831
4.6464703843999,81.95597257307831
4.6465021882522235,81.95760036084799
4.646639329917864,81.95922785495219
4.646859903544749,81.95922785495219
4.647055597230196,81.96085505547038
4.647543212840047,81.96248196248196
4.647550017459753,81.96410857606638
4.64761975165922,81.96573489630298
4.647729917545033,81.96736092327112
4.6478269302753,81.96898665705012
4.647839399760662,81.97061209771928
4.647947913352498,81.97223724535785
4.648226521976215,81.97223724535785
4.648305706535608,81.97223724535785
4.648328448371728,81.97386210004507
4.648397773429677,81.97548666186013
4.648438464116243,81.97711093088222
4.6484610491452285,81.97873490719049
4.64853493479752,81.98035859086404
4.648714029678929,81.98035859086404
4.649007050259976,81.98198198198197
4.649242507846771,81.98198198198197
4.649260233667648,81.98360508062336
4.649347880772779,81.98522788686724
4.649359218564979,81.98685040079258
4.6495965169843245,81.98847262247838
4.6498522902039054,81.9900945520036
4.649862978874507,81.99171618944715
4.649871524108249,81.99333753488791
4.649914570869455,81.99495858840476
4.650038088734341,81.99657935007652
4.650155219139173,81.998199819982
4.6502431662278525,81.998199819982
4.650296867915272,81.99981999819998
4.65046358493259,82.00143988480922
4.650511669551491,82.00305947988842
4.650573416631792,82.00305947988842
4.65061650351076,82.00467878351628
4.650795522158671,82.00629779577147
4.651290252518449,82.00791651673264
4.651381916866201,82.00791651673264
4.651440387061053,82.00953494647837
4.651577414366192,82.00953494647837
4.65158424632324,82.00953494647837
4.651662307138663,82.00953494647837
4.6518830316872295,82.00953494647837
4.652586745822292,82.01115308508724
4.652624855493926,82.01277093263782
4.652642551138686,82.01438848920863
4.652712032725882,82.01600575487817
4.65308210943557,82.01762272972488
4.653137593435892,82.01762272972488
4.6533748100726635,82.01923941382721
4.653435371051022,82.02085580726357
4.653697905105946,82.02247191011236
4.653846262994715,82.02408772245191
4.653901197028305,82.02570324436056
4.653901581953874,82.02570324436056
4.654014347599148,82.02570324436056
4.654069611281962,82.02570324436056
4.654177494977147,82.02570324436056
4.6543569504127245,82.02731847591662
4.654429784594597,82.02893341719832
4.654449245810513,82.03054806828392
4.65500584498806,82.03216242925164
4.65501516913767,82.03377650017967
4.655022509251474,82.03539028114614
4.655286842249808,82.03700377222921
4.655345433389152,82.03861697350696
4.655693838532131,82.04022988505747
4.655732983679934,82.04022988505747
4.6558246383927795,82.04184250695879
4.655973376508573,82.04345483928893
4.656094203707856,82.04506688212587
4.656103819564381,82.04667863554758
4.656334495081256,82.04667863554758
4.656378202214569,82.048290099632
4.6565519020991415,82.049901274457
4.656644739070031,82.049901274457
4.656654909082554,82.05151216010051
4.656790908805738,82.05312275664033
4.656866886468345,82.05473306415433
4.6569124558704855,82.05634308272026
4.657266660848837,82.0579528124159
4.657292969515555,82.05956225331899
4.6575762762040585,82.06117140550721
4.657653088169242,82.06117140550721
4.657683721663386,82.0627802690583
4.657841640725977,82.0627802690583
4.657865942468799,82.0627802690583
4.657935669782805,82.06438884404986
4.658092680717196,82.06599713055954
4.658345877677668,82.06760512866494
4.658405622991924,82.0692128384436
4.658459314424521,82.0708202599731
4.658507734550263,82.07242739333094
4.658559475038248,82.0740342385946
4.65861505028561,82.07564079584155
4.658663167397943,82.07564079584155
4.6586914003935584,82.07564079584155
4.658866448673637,82.07564079584155
4.659453489540541,82.07564079584155
4.659595040365092,82.07724706514921
4.6597559330348,82.07724706514921
4.659759867588873,82.07885304659499
4.6599201301490325,82.08045874025625
4.660062991645331,82.08045874025625
4.66006436690359,82.08206414621036
4.660108641633213,82.08366926453462
4.660118767737424,82.08527409530633
4.660293822201428,82.08687863860278
4.6603128087595,82.08848289450117
4.660422559027587,82.09008686307871
4.6604456422968825,82.09169054441261
4.6606828388500094,82.09329393858
4.660717861305402,82.09329393858
4.660741680050616,82.09329393858
4.66086823695923,82.09489704565802
4.66090738318996,82.09649986572374
4.6610637838672595,82.09810239885428
4.661138041012014,82.09970464512665
4.661149802746248,82.10130660461786
4.661265408100942,82.10130660461786
4.661338045721425,82.10130660461786
4.6615305830768525,82.10130660461786
4.661750094619713,82.10290827740492
4.661783545264381,82.10450966356478
4.662142849362143,82.10611076317437
4.662148815133526,82.1077115763106
4.662341922975263,82.10931210305036
4.662437576018312,82.10931210305036
4.662544115528282,82.11091234347049
4.662608931678221,82.1125122976478
4.662633873263738,82.11411196565909
4.662688219320918,82.11571134758115
4.662838939181468,82.1173104434907
4.662872218793809,82.11890925346445
4.663005632074349,82.12050777757912
4.66306383191037,82.12210601591133
4.663219592444384,82.12370396853773
4.663313093054619,82.1253016355349
4.6633777330945305,82.12689901697945
4.663538190334946,82.1284961129479
4.663761174729892,82.1300929235168
4.663768933348993,82.13168944876263
4.663867953441782,82.13328568876183
4.66412917830776,82.13488164359089
4.664173655716001,82.13647731332618
4.664227678557213,82.13807269804411
4.664272412199833,82.13966779782103
4.664868961615957,82.13966779782103
4.664980189843146,82.14126261273329
4.665032651841928,82.14285714285714
4.665034590618373,82.1444513882689
4.66509571013035,82.14604534904481
4.665197038719975,82.14763902526109
4.665198571467808,82.14763902526109
4.6652573535307855,82.14763902526109
4.665343302527473,82.14923241699394
4.665410934031776,82.14923241699394
4.665445147262685,82.1508255243195
4.665725765032393,82.1508255243195
4.665831518262118,82.15241834731394
4.665943230220057,82.15401088605336
4.666684220038077,82.15560314061385
4.666795862222777,82.15719511107146
4.667168222596558,82.15878679750223
4.667455897823106,82.16037819998216
4.667471978835111,82.16037819998216
4.667514059681153,82.16196931858723
4.6675175758272855,82.16196931858723
4.667733639300452,82.16356015339338
4.667795758396364,82.16515070447655
4.66783351089006,82.16674097191262
4.667980974053222,82.16833095577746
4.668369695043068,82.16992065614693
4.668657818390093,82.17151007309681
4.669026625818326,82.17309920670291
4.66912955565573,82.17309920670291
4.669247565143943,82.174688057041
4.669496963756631,82.1762766241868
4.669524709368744,82.17786490821601
4.669562810406549,82.17945290920431
4.669655730320587,82.17945290920431
4.669663053059245,82.18104062722738
4.669748684893088,82.18104062722738
4.66979375890854,82.18262806236079
4.670011794378466,82.18421521468021
4.670323239102971,82.18580208426116
4.670509739472057,82.18738867117919
4.6705919617728116,82.18897497550984
4.670686179186338,82.19056099732859
4.67079098064535,82.1921467367109
4.670832219579676,82.19373219373219
4.6708606346403005,82.1953173684679
4.6708848565212975,82.19690226099341
4.670902490421516,82.19848687138406
4.670932204582116,82.2000711997152
4.671281802445424,82.20165524606212
4.671302693046056,82.20323901050008
4.671345468533132,82.20482249310437
4.671354499432071,82.20640569395017
4.671557641794376,82.20640569395017
4.671557837356066,82.20798861311272
4.6715586997638034,82.20798861311272
4.671631231587541,82.20957125066715
4.671661214390321,82.2111536066886
4.671672321606628,82.2111536066886
4.671838542829037,82.21273568125223
4.671929709826484,82.21431747443309
4.67205652629157,82.21431747443309
4.672119243557568,82.21431747443309
4.67222739449543,82.21589898630624
4.672230938580151,82.21748021694674
4.672517227497775,82.21748021694674
4.67258128570033,82.21906116642958
4.672632146046538,82.22064183482976
4.6728067981588834,82.22064183482976
4.672818325225376,82.22222222222221
4.672994374077289,82.2238023286819
4.673014433025106,82.2253821542837
4.673278789588028,82.2253821542837
4.673484667279837,82.22696169910246
4.673604505331887,82.22854096321308
4.673752341012888,82.23011994669037
4.673757880383898,82.2316986496091
4.673761759193102,82.23327707204406
4.673770718412904,82.23485521407
4.673777469880745,82.23485521407
4.6738394423959955,82.23643307576161
4.673970206442515,82.23643307576161
4.674040157684699,82.23643307576161
4.674137160735083,82.2380106571936
4.674223806834709,82.23958795844064
4.674348177229815,82.24116497957735
4.674492940907982,82.24274172067832
4.674709826025632,82.24431818181817
4.674793069666321,82.24589436307146
4.674935488046928,82.24747026451269
4.675042041604225,82.24747026451269
4.675473134385339,82.2490458862164
4.675506416595868,82.25062122825702
4.675551702880988,82.25219629070902
4.675804657576914,82.25219629070902
4.676327389048919,82.25377107364686
4.67642527741495,82.2553455771449
4.676548570688569,82.2569198012775
4.676662734141283,82.2569198012775
4.6766958292639655,82.25849374611904
4.676806714603898,82.25849374611904
4.676807168344983,82.26006741174383
4.676926312638029,82.26164079822617
4.677117592936861,82.2632139056403
4.677232041712683,82.2632139056403
4.677367450958884,82.26478673406048
4.677725268486534,82.26478673406048
4.67787988027298,82.26478673406048
4.678128389870422,82.26635928356092
4.678759448469379,82.2679315542158
4.678805067242665,82.2679315542158
4.678900529944512,82.26950354609929
4.67913940434136,82.27107525928552
4.67924498111089,82.2726466938486
4.6794255284342166,82.2726466938486
4.679670344958794,82.27421784986262
4.679698897427346,82.27578872740163
4.6797360361874265,82.27735932653965
4.679738649724836,82.27735932653965
4.679797275699677,82.2789296473507
4.679831342105259,82.28049968990875
4.679887965111218,82.28049968990875
4.680081415646423,82.28206945428774
4.680227452341801,82.28363894056162
4.680284334555016,82.28520814880426
4.680443052332171,82.28677707908955
4.680480396202324,82.28834573149132
4.680685591243183,82.28991410608342
4.680928873545438,82.29148220293962
4.681105334506393,82.29305002213368
4.681334672977311,82.29305002213368
4.681557229434208,82.29461756373938
4.6816882055982125,82.2961848278304
4.681735055916689,82.29775181448043
4.681913996896553,82.29931852376316
4.6821042213855835,82.29931852376316
4.682122192298976,82.29931852376316
4.682128542998011,82.30088495575221
4.682175318196828,82.30088495575221
4.6821959325680815,82.30088495575221
4.682264605954254,82.30245111052119
4.682405587540307,82.30245111052119
4.6824678574127425,82.30401698814369
4.682601949827111,82.30401698814369
4.682610398919592,82.30558258869327
4.682776994276977,82.30714791224345
4.682802264384793,82.30871295886776
4.682832934314829,82.31027772863966
4.682876403875181,82.31184222163262
4.682982252418326,82.31340643792005
4.683051267015379,82.31497037757538
4.683206742646226,82.31653404067197
4.683459822443309,82.31809742728318
4.683507748192212,82.31966053748232
4.683554158468912,82.3212233713427
4.68363748023993,82.3227859289376
4.683780447648087,82.3227859289376
4.68424577128938,82.32434821034026
4.684288388096409,82.32434821034026
4.684383695805295,82.32434821034026
4.684482771163812,82.32434821034026
4.684543629305416,82.32591021562389
4.684707160030197,82.32747194486171
4.6849642099943045,82.32903339812688
4.685021432895624,82.33059457549253
4.685445225011755,82.3321554770318
4.685447160515972,82.33371610281777
4.685726878039047,82.33527645292351
4.685799574582813,82.33683652742207
4.68581532244023,82.33839632638643
4.6858437534151784,82.33839632638643
4.686099612250565,82.33839632638643
4.686267202068912,82.33995584988962
4.686306521140276,82.34151509800459
4.6863403755116675,82.34151509800459
4.6863707710033315,82.34307407080426
4.6864035144315705,82.34463276836158
4.686543170104889,82.34619119074941
4.686591405684233,82.34619119074941
4.68699212656224,82.3477493380406
4.687065567868249,82.34930721030801
4.687525327654213,82.35086480762442
4.687706004035716,82.35242213006265
4.687761709622443,82.35397917769542
4.687816115650512,82.35553595059551
4.687896612829957,82.35709244883557
4.688075626358733,82.35709244883557
4.688127510399846,82.35864867248831
4.688536860408688,82.3602046216264
4.688694648527441,82.36176029632243
4.688971301976243,82.36331569664902
4.689046889724214,82.36487082267877
4.689085013308516,82.36642567448422
4.689153646157931,82.36798025213788
4.68919757330308,82.36953455571228
4.689394307916011,82.37108858527986
4.68941452584837,82.37264234091309
4.689524392287264,82.37419582268441
4.689845685571509,82.3757490306662
4.689858150413727,82.37730196493082
4.6899097884487935,82.37730196493082
4.690131317774253,82.37885462555066
4.690205770430079,82.38040701259801
4.6903034740831115,82.38195912614518
4.6903654243580775,82.38195912614518
4.6903735828993,82.38351096626442
4.690724228452443,82.385062533028
4.690792676619371,82.38661382650815
4.69080655503303,82.38816484677703
4.690891976850533,82.38971559390684
4.690938339149567,82.38971559390684
4.6911397057536615,82.38971559390684
4.691387186045908,82.39126606796971
4.691445171245708,82.39281626903777
4.6914468117033366,82.39281626903777
4.691866731315363,82.3943661971831
4.691966299434384,82.3943661971831
4.692108021276523,82.39591585247777
4.6921279777637555,82.39591585247777
4.692230854815619,82.39746523499385
4.69237073249172,82.3990143448033
4.692371260981475,82.40056318197819
4.692516812143502,82.40056318197819
4.692651487824836,82.4021117465904
4.692885502446446,82.40366003871195
4.6929012879492,82.40520805841471
4.692962496962676,82.40675580577059
4.6930034500463,82.40830328085144
4.693081311807037,82.40830328085144
4.693222094288365,82.4098504837291
4.693260831871561,82.41139741447542
4.693502156139534,82.41294407316215
4.693558795339593,82.41449045986109
4.693700745733244,82.41603657464393
4.693863648507294,82.41758241758241
4.693872018766799,82.41912798874824
4.694068608457128,82.42067328821307
4.694190297794608,82.42221831604851
4.694383975707287,82.42376307232621
4.6945082515412615,82.42530755711776
4.694664054627207,82.42685177049468
4.694857377697566,82.42685177049468
4.6948906158502055,82.42685177049468
4.694961010740218,82.42839571252856
4.6951462966155075,82.42993938329087
4.695284998231854,82.43148278285312
4.695545216269086,82.43302591128679
4.6956075538100706,82.43302591128679
4.695921170153974,82.43456876866327
4.696079950626137,82.43456876866327
4.696086884184077,82.43611135505401
4.696506789150785,82.43765367053038
4.696557022444947,82.43765367053038
4.696596226857363,82.43765367053038
4.696701186750585,82.43919571516376
4.696722949697605,82.44073748902547
4.696741812207778,82.44227899218681
4.696784851853245,82.44227899218681
4.697246573457501,82.4438202247191
4.697413111091402,82.4438202247191
4.697427604734134,82.44536118669359
4.697493388107945,82.4469018781815
4.6975408924832855,82.44844229925405
4.6977116059146695,82.44844229925405
4.697756050396822,82.44998244998246
4.697911569310958,82.44998244998246
4.697912585179311,82.45152233043783
4.69795697583597,82.45152233043783
4.698204270485669,82.45152233043783
4.698554725108923,82.45306194069136
4.698652192353604,82.45460128081412
4.6986885031388645,82.45614035087719
4.698750154382898,82.45767915095166
4.698791821100611,82.45921768110858
4.699033505029634,82.46075594141892
4.6990810875744655,82.4622939319537
4.69908741844795,82.46383165278387
4.699157977487961,82.46536910398035
4.699292746918237,82.46536910398035
4.699323899466396,82.4669062856141
4.699375710170591,82.46844319775596
4.699551822261098,82.46844319775596
4.69960410427766,82.46997984047681
4.699726721881669,82.47151621384751
4.699793668872568,82.47305231793884
4.699991808583286,82.4745881528216
4.700016934762894,82.47612371856655
4.700024204523937,82.47765901524443
4.700074758774555,82.47919404292597
4.700095725995536,82.48072880168185
4.700192065591815,82.48226329158273
4.700356083891873,82.48379751269924
4.700444734125321,82.48379751269924
4.700467123797038,82.48379751269924
4.701187949188069,82.48379751269924
4.701412119102891,82.48533146510202
4.7015148605737185,82.48686514886164
4.70152441296676,82.48839856404868
4.701540540882486,82.48993171073367
4.701629188300689,82.49146458898713
4.701700369177793,82.49299719887955
4.70179125420144,82.49299719887955
4.701832768251824,82.4945295404814
4.70195492826859,82.49606161386312
4.701957811172519,82.49606161386312
4.702015427222325,82.49759341909513
4.702283702706549,82.49912495624781
4.702347321805917,82.50065622539154
4.7024259732161555,82.50218722659667
4.702673323209534,82.50371795993351
4.7028921704509505,82.50371795993351
4.7028944351080115,82.50524842547236
4.702974242307395,82.50677862328347
4.7030112774979,82.50830855343712
4.703049511559297,82.5098382160035
4.703054262036209,82.5098382160035
4.703121158330775,82.5113676110528
4.703489939940889,82.51289673865524
4.703574434419468,82.51442559888092
4.7036182497870955,82.51595419179998
4.7036814403454725,82.51748251748252
4.703876905539154,82.51901057599859
4.704063671568669,82.51901057599859
4.7041850185322955,82.52053836741828
4.704470067632861,82.5220658918116
4.704575214792107,82.52359314924853
4.704804475327265,82.52512013979903
4.7048680333706345,82.52664686353312
4.705004660098105,82.52817332052066
4.705089678556363,82.52969951083159
4.7052419491135735,82.53122543453577
4.705521153817069,82.53275109170306
4.705667002645783,82.53427648240329
4.705901275237458,82.53580160670624
4.705935822849357,82.53732646468174
4.705936333203447,82.53885105639951
4.706308385657373,82.5403753819293
4.70636779664833,82.5403753819293
4.706380234644805,82.54189944134079
4.706468278592667,82.54189944134079
4.706896198712274,82.54342323470367
4.706961117015486,82.54494676208762
4.7070948429414985,82.54647002356226
4.707137203913364,82.54799301919721
4.707163174979431,82.54799301919721
4.707835787073811,82.54951574906204
4.708120888844615,82.55103821322632
4.708141162257876,82.55103821322632
4.708363236037163,82.55103821322632
4.708386016967261,82.55256041175957
4.708443090066978,82.55408234473133
4.708455115225338,82.55408234473133
4.708773854148167,82.55560401221108
4.709084467838179,82.55712541426827
4.709526644826293,82.55712541426827
4.709536870740638,82.55864655097236
4.709669466433895,82.55864655097236
4.70969732298162,82.56016742239275
4.7097400862321015,82.56168802859884
4.709769381275442,82.56168802859884
4.709844752937547,82.56168802859884
4.709912785877474,82.56320836965998
4.710192032048631,82.56320836965998
4.7102388240598625,82.56320836965998
4.710377056355774,82.56472844564554
4.710436793088018,82.56624825662483
4.710501346269107,82.56776780266713
4.710521994607443,82.56928708384173
4.7105979971573815,82.57080610021787
4.710665657959635,82.57232485186476
4.710747924461875,82.57384333885162
4.7107736927510855,82.5753615612476
4.710837815969526,82.57687951912187
4.710847779324196,82.57839721254355
4.711393708300702,82.57991464158174
4.711484812575985,82.58143180630552
4.711499454117047,82.58294870678394
4.711541721504864,82.58294870678394
4.711573535041499,82.58294870678394
4.711714501674395,82.58446534308604
4.711746259863354,82.5859817152808
4.711993365411597,82.58749782343723
4.712216866676478,82.58901366762427
4.712400279850158,82.59052924791087
4.712427158688802,82.59204456436592
4.7124785209405635,82.5935596170583
4.712512405072953,82.5935596170583
4.712561136772174,82.59507440605691
4.712563513773877,82.59658893143056
4.712596949448648,82.59810319324806
4.7127113869154735,82.59961719157822
4.7127204730120384,82.60113092648977
4.712764011347009,82.6026443980515
4.712783423339599,82.60415760633208
4.713011964311336,82.60415760633208
4.713021919060421,82.60415760633208
4.713444390164997,82.60567055140025
4.713990986630951,82.60718323332463
4.714074467244005,82.6086956521739
4.714533456268678,82.6102078080167
4.7146386894065255,82.6102078080167
4.714653795271992,82.61171970092158
4.7147037694401455,82.61323133095713
4.714713681840472,82.61474269819193
4.714888263038026,82.61625380269449
4.714894826893341,82.61776464453328
4.715178215933108,82.61927522377684
4.715427069776279,82.62078554049357
4.715568743575493,82.62078554049357
4.715622567157841,82.62229559475193
4.715881120634442,82.62380538662033
4.71595550877874,82.62531491616714
4.715973572312887,82.62682418346074
4.716122827828935,82.62833318856944
4.7162525855811,82.62984193156157
4.716408456146171,82.63135041250543
4.716484165352845,82.63285863146926
4.716567958709386,82.63436658852132
4.716697061953163,82.63587428372982
4.716704563654209,82.63738171716295
4.716927403523529,82.63888888888889
4.717119131067147,82.64039579897579
4.717380848425378,82.64190244749176
4.717388248244419,82.64340883450491
4.717418409385135,82.64340883450491
4.717472833089553,82.6449149600833
4.717535936597533,82.646420824295
4.717791412257702,82.64792642720805
4.718050751509488,82.64943176889044
4.71806103146702,82.64943176889044
4.718128879552224,82.65093684941013
4.718439649667287,82.65244166883511
4.718475417149869,82.65244166883511
4.718479273202394,82.6539462272333
4.718486116182073,82.65545052467263
4.718570691197712,82.65695456122096
4.718659866766482,82.65845833694615
4.718700933112434,82.65996185191608
4.71876669202798,82.66146510619853
4.7188596119175,82.66146510619853
4.718945273768005,82.6629680998613
4.718950637191122,82.66447083297219
4.718972950325714,82.66447083297219
4.7193800663957965,82.6659733055989
4.719522495223643,82.66747551780917
4.719655426298203,82.66747551780917
4.719883204014227,82.66897746967071
4.719947924880224,82.6704791612512
4.720258682338148,82.6704791612512
4.7209525450160434,82.67198059261827
4.72104596793316,82.67348176383955
4.721119460545778,82.67498267498267
4.721151793028522,82.67498267498267
4.72118729122389,82.67498267498267
4.721237268397397,82.67498267498267
4.721378556446049,82.6764833261152
4.721404479639039,82.6764833261152
4.721662669747061,82.6779837173047
4.72173615006589,82.67948384861869
4.721736850719324,82.6809837201247
4.721742410709163,82.68248333189021
4.722066188010544,82.68248333189021
4.722227258297994,82.68398268398268
4.722251587799008,82.68548177646957
4.722308448240605,82.68698060941828
4.722409806557142,82.68847918289622
4.722470116023913,82.68997749697074
4.72263043888216,82.69147555170922
4.722902674270968,82.69297334717895
4.723004742464628,82.69447088344725
4.723005717097074,82.69447088344725
4.723023185526956,82.69596816058142
4.7230971432589826,82.69596816058142
4.723112625051866,82.69746517864867
4.7232805598209655,82.69896193771626
4.7233657857445035,82.69896193771626
4.7234539188528615,82.7004584378514
4.723542257399646,82.70195467912126
4.723635374556055,82.70345066159301
4.723719302765954,82.70345066159301
4.723819215270753,82.70345066159301
4.724009711707142,82.7049463853338
4.724510768637657,82.70644185041071
4.72459991938911,82.70793705689088
4.724739712129053,82.70943200484136
4.724769833420843,82.71092669432917
4.724774819929652,82.71242112542139
4.724868485240879,82.71391529818496
4.724907041015126,82.71391529818496
4.725074229601799,82.71391529818496
4.725124652886207,82.71540921268688
4.725335775034781,82.71690286899413
4.725424341751971,82.71839626717359
4.72558462218756,82.7198894072922
4.7256952821195135,82.72138228941685
4.725774664167447,82.72287491361438
4.725846008562469,82.72436727995162
4.725909292730816,82.72585938849542
4.726102981676408,82.72735123931255
4.726157533546067,82.72884283246978
4.726201051909335,82.73033416803385
4.726361144243267,82.7318252460715
4.726402411647159,82.7333160666494
4.726496678365899,82.73480662983425
4.727032683843882,82.7362969356927
4.727293627321632,82.73778698429139
4.72762217539679,82.73927677569691
4.727653284450898,82.74076630997584
4.727681165967872,82.74076630997584
4.72789299169017,82.74225558719476
4.727942237766907,82.74374460742018
4.728341790021844,82.74374460742018
4.72842632577881,82.74523337071867
4.728551493874143,82.74672187715666
4.728691783916037,82.74672187715666
4.728777270073616,82.74821012680066
4.728893251493082,82.7496981197171
4.729033074206334,82.7496981197171
4.729238098495395,82.7511858559724
4.729240970029131,82.75267333563298
4.729536914218921,82.7541605587652
4.729547984447325,82.75564752543542
4.729584646626902,82.75713423570997
4.729870320564089,82.75713423570997
4.729941127961912,82.75862068965517
4.729954638011612,82.7601068873373
4.730003105059586,82.76159282882261
4.730010209896456,82.76307851417737
4.730368534203337,82.76456394346778
4.730535382280445,82.76456394346778
4.730613191288912,82.76604911676002
4.7308698584385285,82.76753403412029
4.730887212062296,82.76901869561472
4.730948202134756,82.76901869561472
4.731582765193591,82.77050310130944
4.731658710806252,82.77198725127056
4.731822163443845,82.77347114556417
4.731980858926327,82.77495478425631
4.732123567208131,82.77643816741302
4.732193483769647,82.77792129510033
4.732196295897106,82.77792129510033
4.7322284379639665,82.7794041673842
4.7322832628594655,82.7808867843306
4.73237588740262,82.78236914600551
4.732416857819719,82.78236914600551
4.732458157056165,82.78385125247482
4.732558017262679,82.78385125247482
4.732818905124165,82.78533310380443
4.733052586849773,82.78533310380443
4.733132539749772,82.78681470006025
4.733156477706545,82.78829604130809
4.733179475227669,82.7897771276138
4.733372640533428,82.7897771276138
4.733545135993831,82.7912579590432
4.733560136562536,82.79273853566205
4.733710786252723,82.79273853566205
4.734241594059633,82.79421885753612
4.734372946212798,82.79569892473118
4.734406872233463,82.79569892473118
4.7347608317475345,82.79717873731292
4.735246517271423,82.79865829534704
4.735521740606177,82.79865829534704
4.735532117616201,82.79865829534704
4.73567968707493,82.8001375988992
4.735741092200324,82.8001375988992
4.735756390389831,82.80161664803508
4.735912446309662,82.8030954428203
4.735935147781355,82.80457398332044
4.736079846338718,82.80457398332044
4.736088692433466,82.80605226960111
4.736107618000232,82.80605226960111
4.736188278988045,82.80605226960111
4.736240089827145,82.80753030172784
4.736290207698473,82.8090080797662
4.7363211677604795,82.81048560378169
4.736408045489337,82.81048560378169
4.7364123380222125,82.81048560378169
4.73641302025806,82.8119628738398
4.736504470372833,82.8119628738398
4.736570553078365,82.81343989000601
4.736600198307681,82.81491665234576
4.736654494275138,82.81639316092448
4.736752418257467,82.81786941580756
4.736755398276177,82.81786941580756
4.736776258766778,82.81934541706039
4.736843855316228,82.81934541706039
4.736910434372708,82.82082116474832
4.7369781495089,82.82082116474832
4.737069537189115,82.82082116474832
4.73734189042342,82.82082116474832
4.737363272799797,82.8222966589367
4.7374964334601755,82.82377189969083
4.737518922596716,82.82524688707599
4.73752141105679,82.82672162115749
4.737534478595614,82.82819610200052
4.737574157688319,82.82819610200052
4.737584730195303,82.82967032967034
4.737629306282714,82.83114430423211
4.737903666178997,82.83261802575107
4.737948880906376,82.83409149429234
4.7380880137121615,82.83556470992104
4.738137460982988,82.83703767270231
4.7383420972292924,82.83851038270122
4.738483472653169,82.83998283998284
4.739206970464529,82.83998283998284
4.739244373532858,82.84145504461222
4.739524785021276,82.84145504461222
4.739661261997919,82.84292699665437
4.739716940704136,82.84439869617431
4.739854622104012,82.845870143237
4.739956053574838,82.84734133790738
4.7400186462898395,82.8488122802504
4.740079248455654,82.850282970331
4.7402625956974465,82.85175340821401
4.740269261872101,82.85322359396433
4.740306759782441,82.8546935276468
4.740352125025831,82.85616320932625
4.7405187341390445,82.85616320932625
4.7405446645809395,82.85763263906746
4.740569067052866,82.85910181693521
4.740644004384468,82.86057074299426
4.740662947850918,82.86203941730935
4.740707787529492,82.86350783994516
4.740710759206104,82.86497601096642
4.740821964754794,82.86644393043775
4.741074241307032,82.86644393043775
4.741394131814388,82.86791159842385
4.741531861868346,82.86937901498929
4.74156375349387,82.8708461801987
4.741590700594059,82.87231309411663
4.741715628251187,82.87377975680768
4.741723325303398,82.87524616833633
4.74176914311023,82.87671232876713
4.741789744302863,82.87671232876713
4.741988698758692,82.87817823816455
4.742085880358735,82.87964389659305
4.74212775988705,82.87964389659305
4.742334767900233,82.88110930411709
4.742366617484206,82.8825744608011
4.74240427112988,82.88403936670946
4.742433163361477,82.88550402190656
4.742532102865883,82.88696842645675
4.742629726693962,82.88696842645675
4.74275357294313,82.88843258042436
4.742770858807761,82.88989648387373
4.74277814111748,82.89136013686912
4.742838214407439,82.89136013686912
4.7428541152975905,82.89282353947482
4.742878518473343,82.89428669175504
4.742900032799851,82.89428669175504
4.742983701913821,82.89574959377404
4.743008045606671,82.89721224559602
4.743133481530919,82.89867464728516
4.743177455475343,82.9001367989056
4.743221625232981,82.9001367989056
4.743307811378906,82.9015987005215
4.743322554674594,82.90306035219696
4.74339972894614,82.90452175399606
4.743602964120598,82.90598290598291
4.743668680122875,82.90744380822152
4.743821506587585,82.90744380822152
4.74400639428159,82.90890446077593
4.744191488922692,82.91036486371016
4.7445406298229384,82.91036486371016
4.744784283233812,82.91036486371016
4.744785108669142,82.91182501708818
4.7448582977367595,82.91328492097394
4.744923090525394,82.9147445754314
4.745001978206415,82.91620398052447
4.745055302349467,82.91766313631705
4.745101569968508,82.919122042873
4.745139337006598,82.9205807002562
4.745328539795451,82.92203910853044
4.7453491154868965,82.92349726775956
4.745431807305022,82.92495517800734
4.7454516269311515,82.92641283933754
4.745457766444635,82.92787025181391
4.74547322454906,82.92932741550018
4.745481939059169,82.93078433046001
4.7456725518697755,82.93224099675712
4.7456883642964725,82.93369741445515
4.745786242856313,82.93515358361775
4.745986392098933,82.9366095043085
4.746001039891638,82.93806517659102
4.746588204306747,82.93952060052887
4.746643841327015,82.9409757761856
4.746895731364398,82.94243070362474
4.747043782222885,82.94388538290977
4.747259950976518,82.94388538290977
4.74754392495015,82.9453398141042
4.747624568124475,82.94679399727148
4.747818842388668,82.94824793247506
4.74812954027739,82.94970161977835
4.7481693299629635,82.95115505924474
4.748484169849437,82.95260825093762
4.74850018597901,82.95406119492031
4.74856770046961,82.95551389125619
4.748698124147989,82.95696634000852
4.748860091026611,82.95841854124063
4.748950391495536,82.95987049501576
4.749100535750853,82.96132220139717
4.749565969884107,82.96132220139717
4.7495733653664916,82.96277366044808
4.749630339383651,82.96422487223168
4.749952125918045,82.96567583681117
4.750080509832763,82.96567583681117
4.750264814658734,82.9671265542497
4.750437412594934,82.9685770246104
4.750437815177959,82.9700272479564
4.750477509476704,82.97147722435079
4.750539580164859,82.97292695385663
4.750574299839226,82.97437643653699
4.750656909052069,82.97582567245489
4.750819581332666,82.97727466167333
4.7509639257019876,82.97872340425532
4.750988734242675,82.98017190026381
4.75109811179419,82.98162014976175
4.751120866661133,82.98306815281205
4.751152943376208,82.98451590947764
4.751322827973497,82.98596341982135
4.751384520755553,82.98741068390609
4.751488803797166,82.98885770179467
4.751494807626662,82.99030447354993
4.751573559261894,82.99175099923463
4.7517181864691445,82.99175099923463
4.751740783198104,82.99319727891157
4.751847124851864,82.99464331264348
4.751924458969377,82.99464331264348
4.751944716476958,82.99608910049311
4.752016183879614,82.99753464252316
4.752195228696553,82.99897993879632
4.752210650178391,83.00042498937526
4.752299080300896,83.00186979432263
4.752317588052685,83.00331435370103
4.752539264627257,83.00475866757307
4.752650214524258,83.00475866757307
4.7527796651781085,83.00620273600136
4.752940248587114,83.00764655904842
4.7530125010155455,83.00764655904842
4.753090323277933,83.00909013677682
4.753101073726678,83.01053346924907
4.753106792471156,83.01197655652764
4.753120403483389,83.01341939867505
4.753129002686379,83.01486199575372
4.7532799628602165,83.01486199575372
4.753385012328896,83.0163043478261
4.7533966979595945,83.01774645495458
4.753430669949512,83.01774645495458
4.753598374640292,83.01918831720157
4.753696843155725,83.01918831720157
4.754109779757011,83.02062993462943
4.754337044576006,83.02207130730051
4.754510993179948,83.02207130730051
4.754651760381691,83.02207130730051
4.7550827158529305,83.02351243527714
4.755346775841552,83.02495331862163
4.755518579168597,83.02639395739625
4.755590522576556,83.02783435166327
4.755726010317259,83.02927450148493
4.755857025206688,83.02927450148493
4.755859421641962,83.03071440692347
4.756198763757925,83.03215406804107
4.756365328932899,83.03359348489991
4.756427148188937,83.03359348489991
4.756565915280903,83.03503265756214
4.756670681964245,83.03647158608992
4.756762657588955,83.03791027054534
4.756879006109972,83.0393487109905
4.757150054247726,83.0393487109905
4.757174293920397,83.0393487109905
4.757699658645733,83.0407869074875
4.75776864319706,83.04222486009836
4.757843724709869,83.04222486009836
4.758093865859485,83.04366256888513
4.758542597790957,83.0451000339098
4.758560828629824,83.0451000339098
4.758804315009359,83.0451000339098
4.758941517477428,83.04653725523437
4.758986469287491,83.04653725523437
4.759024292144572,83.04653725523437
4.759340155003084,83.04797423292084
4.759354472929314,83.04941096703111
4.759408524549952,83.05084745762711
4.759462445907152,83.05228370477079
4.759649085746348,83.05228370477079
4.7598690707379845,83.05371970852397
4.75991417751298,83.05515546894857
4.759984648596936,83.0565909861064
4.7600732819576,83.0580262600593
4.760135030323056,83.05946129086905
4.760243549456233,83.05946129086905
4.760571082692996,83.05946129086905
4.761249783263279,83.05946129086905
4.761445728078121,83.05946129086905
4.761668961317546,83.06089607859745
4.761761482296253,83.06089607859745
4.761962577007485,83.06233062330624
4.76215451088299,83.06376492505716
4.762287644218974,83.06376492505716
4.762307841868103,83.06519898391194
4.762321061947211,83.06663279993228
4.762391179281038,83.06806637317982
4.762404230064169,83.06949970371625
4.762556405567269,83.07093279160318
4.762631176201986,83.07236563690225
4.762730129663532,83.07379823967501
4.762818009119988,83.07523059998307
4.7628292593680515,83.07666271788797
4.7629012412094225,83.07809459345123
4.763033389826604,83.07952622673434
4.763057012277813,83.07952622673434
4.7631109110577805,83.07952622673434
4.763129421613303,83.07952622673434
4.7631453545611455,83.07952622673434
4.763279040572665,83.08095761779883
4.763382657613332,83.08238876670615
4.76367309332022,83.08238876670615
4.763861521185797,83.08381967351772
4.763993206497055,83.085250338295
4.763995962104584,83.08668076109936
4.763998779919742,83.08811094199223
4.7640438664996365,83.08954088103492
4.764212777769312,83.0909705782888
4.764270157420639,83.0924000338152
4.764270536037753,83.0938292476754
4.7642719216860545,83.0938292476754
4.764367964600344,83.09525821993068
4.76440061887783,83.09668695064232
4.764531751673753,83.09811543987155
4.764838812201895,83.09954368767957
4.765020757335698,83.09954368767957
4.765084287339385,83.1009716941276
4.765087195870885,83.1009716941276
4.765106643451505,83.10239945927678
4.765149570991281,83.10239945927678
4.765179395536069,83.10382698318831
4.765440152996999,83.1052542659233
4.765564074722053,83.10668130754286
4.7657431534755,83.1081081081081
4.765751561796163,83.1081081081081
4.76579701873709,83.1081081081081
4.765835749379438,83.1095346676801
4.766166127772412,83.11096098631988
4.76626375112723,83.1123870640885
4.7662722778827185,83.11381290104694
4.766305986771702,83.11381290104694
4.766592319556465,83.11523849725623
4.766902541812348,83.11666385277731
4.766984186653365,83.11808896767114
4.767037003176369,83.11951384199865
4.767308203482107,83.12093847582075
4.767470408149692,83.12236286919831
4.767902196802687,83.12378702219222
4.768327853750228,83.12521093486332
4.768349668955842,83.12663460727242
4.768678823885877,83.12663460727242
4.768712454341533,83.12805803948035
4.7687550141488915,83.12948123154787
4.76877190141007,83.13090418353576
4.768779762260748,83.13232689550476
4.769203326845088,83.13232689550476
4.769472786280699,83.13374936751559
4.76955539213668,83.13374936751559
4.769572622278667,83.13517159962898
4.769760141273962,83.13517159962898
4.769915137727952,83.13517159962898
4.770142314717273,83.13659359190557
4.770224529989825,83.13801534440603
4.770298571936835,83.13943685719103
4.770316569503139,83.14085813032118
4.77034792393684,83.14227916385704
4.770351344053521,83.14369995785925
4.770364200696562,83.14512051238833
4.770428034292279,83.14512051238833
4.77062871079297,83.14512051238833
4.770820841023767,83.14654082750485
4.77094507278699,83.1479609032693
4.77098047226081,83.14938073974218
4.770996933204337,83.150800336984
4.771001171981896,83.15221969505518
4.771347696989028,83.15363881401618
4.771409365723756,83.1550576939274
4.771858910523336,83.15647633484924
4.7722486551165835,83.15789473684211
4.772722396625653,83.15931289996632
4.772739298732262,83.16073082428223
4.772787091108914,83.16214850985014
4.772801342436084,83.16356595673037
4.772916341455187,83.16498316498317
4.773178677445029,83.16640013466879
4.773264802082572,83.1678168658475
4.773506502752478,83.16923335857949
4.773954351625254,83.17064961292495
4.774086208303299,83.17206562894405
4.774174170976352,83.17348140669696
4.774188426809947,83.17348140669696
4.774413378492409,83.17489694624379
4.77462178909025,83.17631224764467
4.774762741564458,83.17631224764467
4.774972482367367,83.17772731095971
4.775102476184646,83.17914213624896
4.775194923346194,83.18055672357245
4.775435469564102,83.18197107299025
4.775512745385317,83.18338518456235
4.775608903069886,83.18479905834874
4.77574731478425,83.1862126944094
4.776035891828755,83.1862126944094
4.776175868673752,83.1876260928043
4.776242607141656,83.18903925359335
4.776502769816719,83.19045217683644
4.776515261732685,83.19186486259349
4.776544313980313,83.19327731092437
4.776586646585841,83.19468952188892
4.776649540530568,83.19610149554697
4.776726570952574,83.19751323195833
4.776815132688273,83.1989247311828
4.776899881016999,83.1989247311828
4.776901835579971,83.20033599328013
4.776915744107349,83.20174701831009
4.7770098771900305,83.2031578063324
4.777040953147776,83.20456835740679
4.777119580418706,83.20597867159292
4.7774249928364645,83.20738874895046
4.777445879983926,83.20879858953909
4.777786326095485,83.2102081934184
4.777811025493207,83.21161756064804
4.777828853578976,83.21302669128757
4.777943473785434,83.21443558539656
4.778326065277737,83.21584424303458
4.778371151192608,83.21725266426114
4.778552917031996,83.21866084913576
4.778631845892283,83.22006879771793
4.77872653022941,83.22006879771793
4.778790768900706,83.22006879771793
4.77906452662904,83.22006879771793
4.779173646380706,83.22147651006712
4.779186141774112,83.22288398624276
4.779196881158721,83.22429122630432
4.779202462944758,83.22569823031117
4.779219851230946,83.22710499832272
4.7793660133444025,83.22851153039832
4.779394607625872,83.22991782659736
4.779403397543871,83.22991782659736
4.779511036350661,83.23132388697913
4.779540247530892,83.23272971160294
4.779647337324388,83.23413530052812
4.779697183994113,83.23413530052812
4.77980483210917,83.23413530052812
4.780016959390747,83.23554065381391
4.780297302380465,83.23694577151957
4.780307110121812,83.23835065370433
4.780427303063099,83.23975530042739
4.7805317799711835,83.24115971174794
4.7805768682779055,83.24256388772517
4.7806333230721725,83.24396782841823
4.780706238840823,83.24537153388624
4.780879566724846,83.24677500418831
4.780947668649608,83.24817823938353
4.7810380375826576,83.24958123953098
4.781058770117674,83.24958123953098
4.781089359922071,83.25098400468973
4.781230350655842,83.25238653491877
4.78127696587129,83.25238653491877
4.781438750252334,83.25378883027716
4.781521061775573,83.25519089082385
4.78162532268358,83.25659271661783
4.7816448595497,83.25799430771806
4.781785488177407,83.25939566418347
4.7817890873076685,83.26079678607299
4.7818087302789465,83.26219767344548
4.782107096033625,83.26359832635984
4.782168248496737,83.2649987448749
4.7824381189547545,83.26639892904953
4.782475365285129,83.26779887894253
4.782620403698835,83.26919859461267
4.782689501026808,83.26919859461267
4.7827049244990505,83.27059807611877
4.782979240199006,83.27199732351957
4.783001233784294,83.2733963368738
4.783003158645822,83.2733963368738
4.783146074834165,83.2733963368738
4.783318301644318,83.2733963368738
4.7833835600356185,83.27479511624017
4.783556539822888,83.27479511624017
4.783668113019707,83.2761936616774
4.783740998875718,83.2761936616774
4.783832052510331,83.27759197324414
4.783859362757754,83.27899005099908
4.783892078184262,83.27899005099908
4.784055112705299,83.28038789500084
4.784320704111772,83.28178550530804
4.784422286840854,83.28318288197927
4.784424463601035,83.28458002507313
4.784588538150329,83.28597693464816
4.785039651345224,83.28737361076293
4.785055388884585,83.28877005347593
4.785262614946095,83.29016626284569
4.7855666313878285,83.29156223893067
4.786055443866381,83.29295798178933
4.786093079573659,83.29435349148012
4.786214133080138,83.29574876806147
4.786641640541685,83.29714381159178
4.786842557800342,83.29853862212944
4.786919946819015,83.2999331997328
4.7870352302363814,83.30132754446021
4.78724512516147,83.30272165637001
4.7873657830485,83.30272165637001
4.787508341502203,83.3041155355205
4.787656844220831,83.3041155355205
4.7876734664673455,83.3041155355205
4.787692725247919,83.30550918196995
4.787707699242477,83.30550918196995
4.7877211266270345,83.30690259577665
4.787843864742223,83.30690259577665
4.787879586639381,83.30829577699883
4.787991515913114,83.30829577699883
4.788080110380168,83.30968872569473
4.788525516112115,83.30968872569473
4.788530697902428,83.30968872569473
4.788538537645761,83.30968872569473
4.788546373256861,83.31108144192257
4.788899351558567,83.3124739257405
4.789300986868999,83.31386617720675
4.789314251678562,83.31525819637942
4.789347896986902,83.31664998331665
4.789583086834566,83.31804153807657
4.7898069300551604,83.31943286071727
4.789910238065878,83.31943286071727
4.790200929032021,83.3208239512968
4.790301253682752,83.32221480987326
4.790312096605599,83.32360543650464
4.790613230144054,83.32499583124896
4.790614163540605,83.32638599416423
4.7906337263353125,83.32777592530843
4.790942424400347,83.32916562473952
4.790958083228223,83.32916562473952
4.790966341124493,83.33055509251543
4.79105855221961,83.33055509251543
4.791090656085641,83.33194432869406
4.791290389119792,83.33194432869406
4.791411043813841,83.33333333333334
4.791470731037274,83.33472210649113
4.791642202137135,83.33611064822529
4.791706011976738,83.33749895859368
4.791744664018634,83.33888703765412
4.791824592709004,83.3402748854644
4.7918791309326805,83.34166250208229
4.79188296215672,83.34304988756558
4.791900503539792,83.34304988756558
4.791924561628355,83.34304988756558
4.792275315045141,83.34443704197201
4.7924623782907405,83.34582396535932
4.792836009894106,83.34721065778517
4.792953503512619,83.3485971193073
4.793154915481295,83.3485971193073
4.793293323369002,83.34998334998335
4.793491924624688,83.35136934987098
4.7936973096858875,83.3527551190278
4.79392578817558,83.35414065751145
4.793932117445434,83.3555259653795
4.794130806957045,83.35691104268952
4.794192088197308,83.35829588949909
4.794315596915087,83.35968050586571
4.794432374925141,83.36106489184692
4.794442670821068,83.3624490475002
4.794776012201291,83.36383297288305
4.794868427306474,83.3652166680529
4.795239255714965,83.36660013306721
4.7955773015215195,83.36798336798337
4.795918019944485,83.3693663728588
4.796095168178971,83.37074914775089
4.796169682042852,83.37074914775089
4.796247660361884,83.37213169271699
4.796399788705854,83.37351400781445
4.796717955666286,83.37489609310057
4.796726729396519,83.3762779486327
4.796748446719996,83.37765957446808
4.796975074333879,83.37904097066401
4.7970820082939065,83.3804221372777
4.7971619018508855,83.38180307436643
4.7971656525460356,83.38180307436643
4.797314443987689,83.38180307436643
4.7977921923114595,83.38318378198737
4.797809888699242,83.38456426019772
4.797811880751873,83.38456426019772
4.798175941141264,83.38456426019772
4.798294417476644,83.38594450905465
4.7984474629357425,83.38732452861534
4.798724991975811,83.38870431893687
4.798797966064711,83.38870431893687
4.798964159410811,83.3900838800764
4.799101118210176,83.39146321209101
4.799237541542874,83.39284231503778
4.79939682456536,83.39284231503778
4.799502811152166,83.39422118897376
4.799509530137742,83.395599833956
4.79959316477519,83.39697825004151
4.799721260425828,83.39835643728729
4.799755253029709,83.39973439575033
4.800001582985687,83.4011121254876
4.800131928198599,83.4011121254876
4.800148395473531,83.4011121254876
4.800168511536483,83.40248962655602
4.800437405520111,83.40248962655602
4.800448322192092,83.40386689901254
4.800595908237122,83.40524394291404
4.801016951479382,83.40662075831743
4.801063879941639,83.40799734527957
4.8010651793940315,83.40799734527957
4.801286540948994,83.40937370385733
4.8013832306583675,83.4107498341075
4.801390058226863,83.41212573608692
4.801568602434822,83.41350140985237
4.8017049347370175,83.41487685546065
4.8017448039505775,83.41625207296849
4.8019024895418605,83.41762706243263
4.802017833052,83.41762706243263
4.802059241635186,83.4190018239098
4.802065392470819,83.42037635745669
4.802458315710613,83.42175066312998
4.802681719673835,83.42312474098632
4.802813384405257,83.42449859108238
4.802897872519273,83.42587221347476
4.80290084836665,83.42724560822009
4.802902166451392,83.42861877537493
4.803075914488615,83.42999171499585
4.803207185625526,83.42999171499585
4.803238662559439,83.43136442713941
4.8034414297326125,83.43273691186216
4.8036188352814895,83.43410916922058
4.803639257628314,83.43548119927117
4.803783999295358,83.4368530020704
4.8039595148285335,83.4368530020704
4.804141147199023,83.43822457767473
4.804200547469519,83.4395959261406
4.804449730403908,83.4395959261406
4.804504024427921,83.44096704752442
4.804568876344104,83.4423379418826
4.8045716692212705,83.44370860927152
4.80516696158185,83.44507904974753
4.805356945281146,83.446449263367
4.805410420940551,83.44781925018621
4.805645043950744,83.4491890102615
4.8059324739512554,83.4491890102615
4.80602443018618,83.45055854364915
4.806153386690606,83.45055854364915
4.806182421476078,83.45192785040543
4.80622156513965,83.45329693058659
4.806237323636738,83.45329693058659
4.806467199961512,83.45329693058659
4.806635306274507,83.45466578424883
4.806745336414008,83.45603441144843
4.807185900048139,83.45740281224153
4.807204500715714,83.4587709866843
4.807258559334478,83.46013893483295
4.807285825207657,83.46013893483295
4.807295165059992,83.46013893483295
4.807560939012901,83.46150665674357
4.807574269525949,83.4628741524723
4.807805526563528,83.4628741524723
4.8078525501371905,83.46424142207523
4.808259327238349,83.46560846560847
4.808296768881181,83.46697528312805
4.80850530837532,83.46834187469003
4.808760343648861,83.46970824035044
4.808903519372829,83.46970824035044
4.8089057871502865,83.47107438016529
4.808941580997371,83.47244029419056
4.809063237019825,83.47380598248223
4.809193740086115,83.47517144509625
4.809225354925901,83.47653668208856
4.80925677575681,83.47790169351508
4.809393593282776,83.47926647943169
4.809473571195672,83.48063103989428
4.8096599154102195,83.4819953749587
4.809708677081471,83.48335948468082
4.809726699744717,83.48335948468082
4.809841263457119,83.48472336911644
4.809843318080912,83.48608702832136
4.809968611511786,83.48608702832136
4.810122913597235,83.48745046235139
4.810313899090581,83.48881367126228
4.810352368657223,83.49017665510979
4.810545029315837,83.49153941394964
4.810570242970363,83.49290194783757
4.810704459794179,83.49426425682925
4.81086988127657,83.49562634098035
4.8109908050907775,83.49698820034656
4.8111186767073795,83.4983498349835
4.811130254953777,83.49971124494678
4.811368963844404,83.49971124494678
4.811391726444562,83.49971124494678
4.811477760545821,83.50107243029203
4.8118505490170325,83.50243339107482
4.812288699336043,83.50243339107482
4.812444901562027,83.5037941273507
4.812520972788545,83.50515463917526
4.812616693977146,83.506514926604
4.812855773724536,83.506514926604
4.81291928274554,83.50787498969243
4.812961497565383,83.50787498969243
4.813183812677961,83.50787498969243
4.813474304512727,83.50787498969243
4.813489681856581,83.50923482849603
4.813925083202496,83.51059444307033
4.814000372167797,83.51059444307033
4.814042927340441,83.51059444307033
4.814305284607379,83.51059444307033
4.814367833553267,83.51195383347073
4.814612624520438,83.5133129997527
4.815107078553604,83.51467194197164
4.815112906044991,83.51603066018298
4.815358858909132,83.51603066018298
4.815774624014585,83.51738915444207
4.815836863489863,83.51874742480429
4.8159322395996185,83.52010547132498
4.815949336709693,83.52146329405949
4.816020267679056,83.52282089306311
4.816151478355699,83.52282089306311
4.816184358510681,83.52282089306311
4.81641557051766,83.52417826839114
4.816448668845712,83.52553542009885
4.816671713279184,83.5268923482415
4.816929252598069,83.5268923482415
4.816949717962278,83.5268923482415
4.816960373937175,83.52824905287433
4.817101811814239,83.52824905287433
4.8172649678461665,83.52824905287433
4.817633462064034,83.52960553405254
4.8177114188515375,83.53096179183136
4.817982871231087,83.53096179183136
4.818039348990323,83.53096179183136
4.81871058031197,83.53231782626595
4.818791544184949,83.5336736374115
4.819095687367379,83.53502922532311
4.819157358075011,83.53502922532311
4.819422426411597,83.53638459005597
4.8195092936960355,83.53773973166516
4.819555124167928,83.53909465020575
4.819680012972262,83.54044934573285
4.819753375548059,83.54180381830152
4.819860143685948,83.54315806796676
4.819880288201292,83.54451209478361
4.820035747669511,83.54451209478361
4.820067187131622,83.54586589880707
4.820163476001313,83.54586589880707
4.820201963547864,83.54721948009214
4.820757233517621,83.54857283869376
4.8207661442423015,83.54992597466688
4.820821729048424,83.54992597466688
4.82082182157421,83.55127888806645
4.82093335866965,83.55127888806645
4.820941754325958,83.55127888806645
4.821066318581918,83.55263157894737
4.8211604845829985,83.55398404736452
4.821166480368868,83.55533629337279
4.821317387254623,83.55668831702705
4.821465125545867,83.55668831702705
4.821537607368118,83.55668831702705
4.821833191292467,83.55668831702705
4.821894658961625,83.55804011838211
4.8221394459055675,83.55804011838211
4.822281844676968,83.5593916974928
4.822349990473974,83.56074305441395
4.822387717927441,83.5620941892003
4.822407910419581,83.56344510190664
4.822597852702837,83.56479579258772
4.822609561756212,83.56614626129829
4.82291154509798,83.56749650809301
4.822924871649411,83.56749650809301
4.82305127029213,83.56749650809301
4.823271316634753,83.56884653302662
4.82327193650773,83.57019633615378
4.823371978182807,83.57154591752915
4.823372119872972,83.5728952772074
4.823396614326095,83.5742444152431
4.823531561194432,83.5755933316909
4.823551709382985,83.57694202660535
4.823562748983222,83.57694202660535
4.823936687860126,83.57829050004105
4.824022913184113,83.57963875205255
4.824257353127669,83.58098678269435
4.824349688834435,83.58098678269435
4.824401219718661,83.58233459202101
4.824420269283824,83.58233459202101
4.82473764135927,83.58368218008701
4.82475292121679,83.58502954694683
4.824993087586036,83.58502954694683
4.825094654537803,83.58502954694683
4.825112802819688,83.58637669265491
4.82515211859213,83.58772361726572
4.82534399089029,83.58907032083368
4.825425951072309,83.58907032083368
4.825483863374854,83.59041680341319
4.825709621353354,83.59041680341319
4.825750146615195,83.59041680341319
4.826123201623735,83.59176306505866
4.826170864693728,83.59310910582445
4.8262145933652905,83.59445492576491
4.826248822763118,83.59580052493439
4.826336324020602,83.59580052493439
4.8264838037230104,83.59714590338719
4.826519272959725,83.59849106117763
4.827027294443657,83.59983599835998
4.827143266363211,83.60118071498852
4.827210846341989,83.60252521111748
4.827216113048056,83.60386948680112
4.8274467018988085,83.60386948680112
4.827482177038322,83.60521354209361
4.827507254106523,83.60655737704919
4.8275126115725415,83.60655737704919
4.827797241113038,83.60790099172199
4.827923043394529,83.60924438616621
4.828022697310864,83.61058756043596
4.828119304541242,83.61193051458538
4.828201822143851,83.61327324866858
4.8282043268561035,83.61327324866858
4.82826134196628,83.61461576273965
4.828264742555786,83.61595805685262
4.828319535630406,83.61595805685262
4.828513190537561,83.6173001310616
4.828619826820259,83.6186419854206
4.828708554347186,83.6186419854206
4.828743348430877,83.6186419854206
4.828857929220928,83.6186419854206
4.829187851458632,83.6186419854206
4.829360691549433,83.61998361998361
4.82948846022555,83.62132503480468
4.829555600429258,83.62266622993776
4.829850355757335,83.62400720543684
4.82986954781631,83.62400720543684
4.829941502992233,83.62534796135583
4.829947856423528,83.62668849774867
4.830065623603723,83.62668849774867
4.830091715312719,83.62802881466929
4.830185609160034,83.62802881466929
4.83019938470371,83.62936891217157
4.8302979443105665,83.63070879030938
4.830365574968451,83.63204844913659
4.83086968541418,83.63204844913659
4.830997922302961,83.63204844913659
4.8310446802225036,83.63338788870703
4.831188364553044,83.63472710907455
4.83127288371419,83.63472710907455
4.8313447806495935,83.63606611029292
4.83157881478219,83.63740489241593
4.831608346742016,83.63874345549738
4.832095045808317,83.640081799591
4.832218334543727,83.640081799591
4.83229335758529,83.64141992475052
4.832296658567483,83.64275783102968
4.832484431691272,83.64409551848217
4.83255993342434,83.64543298716166
4.832654963927059,83.64677023712184
4.832703942155055,83.64810726841631
4.832921684022057,83.64944408109875
4.832951221189559,83.65078067522276
4.8330004991851645,83.65211705084191
4.833048670772577,83.65211705084191
4.833098041025146,83.65211705084191
4.833222126484822,83.65345320800981
4.833324108363707,83.65478914677999
4.8333521347803154,83.65612486720602
4.8334741526462714,83.6574603693414
4.833649262272407,83.65879565323965
4.833801680620996,83.66013071895425
4.83383193899869,83.66146556653868
4.833857647349175,83.66146556653868
4.8338768625360355,83.66146556653868
4.834276257272527,83.66280019604639
4.834306519579653,83.66413460753084
4.8343281126701525,83.6654688010454
4.834400888040116,83.66680277664352
4.8350525796476465,83.66813653437856
4.835057067343388,83.6694700743039
4.835255023187924,83.6694700743039
4.835292363051019,83.67080339647289
4.835351653876024,83.67080339647289
4.835694678642799,83.67213650093885
4.8357964166229825,83.67213650093885
4.835873961226343,83.6734693877551
4.836056892544476,83.67480205697494
4.836191372984146,83.67613450865164
4.836236417926764,83.67746674283849
4.836243942582483,83.6787987595887
4.836340523293118,83.68013055895553
4.836379182416734,83.68013055895553
4.836435124720743,83.68146214099217
4.8364842441914115,83.68279350575182
4.836558614090579,83.68412465328765
4.836720097551608,83.68412465328765
4.83675090585438,83.68412465328765
4.836769522551037,83.68412465328765
4.836793355410578,83.68545558365282
4.836971987090755,83.68545558365282
4.837287072441834,83.68678629690048
4.837830470374928,83.68811679308376
4.837865919590148,83.68811679308376
4.8381151966184825,83.68944707225575
4.838133576020685,83.68944707225575
4.838677131069771,83.68944707225575
4.838784968762365,83.69077713446954
4.838798424784737,83.69210697977822
4.83884317156165,83.69343660823482
4.838999225684827,83.69476601989238
4.839029180133031,83.69609521480395
4.839107253654305,83.6974241930225
4.839307243205734,83.69875295460103
4.839348010887484,83.7000814995925
4.839375627954309,83.70140982804988
4.83946552831801,83.70273794002607
4.8395387743444,83.70406583557403
4.839598895251742,83.70539351474662
4.8396514805343624,83.70539351474662
4.839708442942104,83.70672097759673
4.839852112200572,83.70804822417726
4.840098984761743,83.70804822417726
4.840101456085909,83.709375254541
4.840151762542759,83.709375254541
4.840307334138604,83.71070206874084
4.8404245769823815,83.71202866682954
4.841022987968402,83.71335504885994
4.841075680634002,83.71468121488478
4.841220285749227,83.71600716495685
4.8412242327910295,83.71733289912888
4.841314021687035,83.7186584174536
4.841450289625694,83.7186584174536
4.841593037609707,83.71998371998372
4.841732053997043,83.72130880677193
4.841784911057755,83.72130880677193
4.841873443741223,83.72263367787092
4.841888969369307,83.72395833333334
4.842010380124592,83.72395833333334
4.842104520791833,83.72528277321182
4.842323491231417,83.72528277321182
4.842368687417123,83.72660699755899
4.8425064226774746,83.72793100642747
4.842753995844568,83.72793100642747
4.842855712023562,83.72925479986984
4.842883722608338,83.73057837793867
4.8429072337638805,83.73190174068651
4.842943190295908,83.73322488816592
4.84310923943274,83.73322488816592
4.843224264955043,83.73322488816592
4.843250361382535,83.73322488816592
4.843313421425832,83.73454782042941
4.843512061129009,83.73587053752948
4.843762371759293,83.73719303951862
4.844149728301881,83.7385153264493
4.8441647978549,83.73983739837398
4.8442415050080285,83.7411592553451
4.844354503889382,83.74248089741505
4.8444406231949015,83.74380232463626
4.84464310365189,83.74512353706112
4.844760993643193,83.74644453474197
4.8447654812035506,83.7477653177312
4.84477103799408,83.74908588608109
4.84502394265364,83.74908588608109
4.8450290328269645,83.750406239844
4.845269977857679,83.75172637907222
4.845471645733994,83.75304630381804
4.845539460123385,83.75304630381804
4.845611325182635,83.7543660141337
4.845702247503216,83.75568551007147
4.84581573766573,83.75700479168358
4.846091917428928,83.75832385902225
4.846092817118901,83.75964271213967
4.846163891323144,83.76096135108801
4.8461922354116425,83.76227977591945
4.846192718066519,83.76359798668615
4.846423907902695,83.76491598344022
4.8466711774150575,83.76623376623377
4.846673252129613,83.76623376623377
4.846788866029729,83.76755133511891
4.847063400425486,83.7688686901477
4.847117975369506,83.77018583137223
4.847341605346773,83.77018583137223
4.847693952748755,83.77018583137223
4.847734296493179,83.77150275884453
4.847735097923482,83.77281947261663
4.84805008129852,83.77413597274055
4.848084146832949,83.77545225926826
4.84808741176067,83.77676833225178
4.848425756914109,83.77808419174303
4.848583309376217,83.779399837794
4.848630980775928,83.779399837794
4.848901215320544,83.78071527045657
4.848975289336687,83.78203048978267
4.8490074804485825,83.78334549582421
4.849180708038019,83.78466028863305
4.849284845210341,83.78597486826105
4.8494716459984115,83.78728923476005
4.849574251810254,83.7886033881819
4.849712475441851,83.78991732857838
4.849742300721614,83.7912310560013
4.84977698814536,83.7912310560013
4.849877591259868,83.7912310560013
4.850277976922956,83.79254457050244
4.850286300015803,83.79385787213354
4.850334497306565,83.79385787213354
4.85034884955102,83.79517096094636
4.8504281061748875,83.79517096094636
4.850435370143706,83.79517096094636
4.850827392997612,83.79648383699264
4.851074167542559,83.79779650032404
4.851594253972347,83.7991089509923
4.851942674028515,83.80042118904909
4.852008973254455,83.80173321454605
4.852118857678652,83.80304502753482
4.85217818493889,83.80435662806704
4.852424839968109,83.80566801619433
4.852461607045458,83.80697919196827
4.852483680756893,83.80697919196827
4.852517227578027,83.80697919196827
4.852553299988867,83.80829015544042
4.852628546237837,83.80829015544042
4.852958863191327,83.80960090666235
4.852992242160956,83.80960090666235
4.8530094858415795,83.8109114456856
4.853047828786686,83.81222177256171
4.853476908710852,83.81353188734218
4.853650612111818,83.8148417900785
4.8538158675879215,83.8148417900785
4.85387223641176,83.81615148082214
4.853910596228817,83.81746095962457
4.853929007246392,83.81877022653723
4.853965807109121,83.81877022653723
4.854044623130284,83.81877022653723
4.854129440763615,83.81877022653723
4.854188410461626,83.81877022653723
4.854282164442807,83.82007928161151
4.854293891478389,83.82138812489889
4.854349222288768,83.8226967564507
4.854375368270646,83.82400517631834
4.854444787509125,83.82531338455318
4.854530893435345,83.82531338455318
4.854535915070845,83.82531338455318
4.854708339288367,83.82662138120654
4.854722033230134,83.82792916632975
4.854773024759161,83.82923673997412
4.854781297367117,83.82923673997412
4.8547980049100765,83.83054410219096
4.854917955002856,83.83185125303153
4.854955481994089,83.83315819254709
4.855142936482993,83.83315819254709
4.855283833212579,83.83446492078888
4.855448497986186,83.83446492078888
4.855517876000062,83.83577143780812
4.855852711914189,83.83707774365605
4.855971242008155,83.83838383838383
4.85606016841768,83.83968972204266
4.856060974154508,83.84099539468369
4.856123003479675,83.84230085635805
4.856186752130296,83.84230085635805
4.8563107593503405,83.8436061071169
4.856357184054775,83.8436061071169
4.856458550999963,83.84491114701132
4.856487901740757,83.84491114701132
4.856716486620429,83.84491114701132
4.856798554488116,83.84491114701132
4.856929772979667,83.8462159760924
4.85711881750234,83.8462159760924
4.857221265470962,83.84752059441124
4.857263075982946,83.8488250020189
4.857448428429106,83.8501291989664
4.857490789266385,83.8514331853048
4.857662474195912,83.8527369610851
4.857808583491769,83.8527369610851
4.857905379128663,83.8527369610851
4.858077364573137,83.85404052635828
4.85845080999548,83.85404052635828
4.858501439707608,83.85534388117533
4.858647920424746,83.85664702558722
4.858810472950649,83.85794995964487
4.858913273234728,83.85925268339925
4.859057732155402,83.86055519690123
4.859074429105968,83.86185750020174
4.859227222532943,83.86185750020174
4.859281487916675,83.86315959335163
4.859368413740019,83.86315959335163
4.859414646510647,83.86446147640177
4.859483317656719,83.86576314940304
4.859526311447876,83.86576314940304
4.859618627886326,83.86576314940304
4.859784257170717,83.86706461240622
4.859784442023701,83.86836586546217
4.859890607725448,83.86966690862167
4.859975286782353,83.87096774193549
4.860236970119779,83.87226836545439
4.8603388406940615,83.87356877922916
4.86046322290644,83.87486898331049
4.860495646008832,83.87616897774912
4.860506305984999,83.87746876259573
4.8607765330346036,83.87876833790101
4.860911446987278,83.88006770371564
4.861358285014773,83.88006770371564
4.861494187212653,83.88006770371564
4.861503741713714,83.88136686009027
4.861525943998398,83.88266580707551
4.861538807834891,83.88266580707551
4.861576585919692,83.883964544722
4.861681984776722,83.88526307308032
4.861742587625522,83.8865613922011
4.861776409358216,83.8865613922011
4.861844736663795,83.88785950213486
4.862033522388959,83.88915740293217
4.8622783486066865,83.89045509464358
4.862343519842199,83.8917525773196
4.862347941727756,83.89304985101072
4.862563999298705,83.89434691576744
4.862649546931676,83.89564377164022
4.8627616815379175,83.89694041867955
4.863536413421167,83.89823685693584
4.8638304933001235,83.89953308645951
4.863895390123211,83.90082910730098
4.863928099345202,83.90082910730098
4.8640219574814045,83.90212491951063
4.864095045224901,83.90342052313883
4.864218506258847,83.90342052313883
4.864231516779816,83.90342052313883
4.864254338343817,83.90471591823596
4.86430533465938,83.90471591823596
4.864312777738481,83.90471591823596
4.8644502230422715,83.90601110485234
4.864512325840997,83.9073060830383
4.864535838739606,83.9073060830383
4.864665510792279,83.90860085284415
4.864782769449416,83.90989541432019
4.8648008186829905,83.91118976751669
4.865118745723384,83.91248391248392
4.865238829941354,83.9137778492721
4.865301651793218,83.9137778492721
4.865455860435507,83.9137778492721
4.865697590801248,83.9137778492721
4.865777911039276,83.91507157793147
4.86581891411738,83.91636509851227
4.86618839063277,83.91765841106465
4.866235314815438,83.91895151563882
4.866238263346563,83.92024441228493
4.866309688857446,83.92153710105313
4.866449196980521,83.92153710105313
4.866531923729514,83.92282958199357
4.866669550775812,83.92282958199357
4.866971788700141,83.92412185515634
4.867127999472671,83.92541392059154
4.867175930149567,83.92670577834927
4.867295036551523,83.92670577834927
4.867311684851784,83.92670577834927
4.867711124074547,83.92799742847959
4.867788615666961,83.92928887103255
4.867907090130615,83.93058010605817
4.868207590525587,83.93187113360649
4.868244837272855,83.93187113360649
4.868252475901395,83.9331619537275
4.868403789605209,83.93445256647121
4.868443644040786,83.93574297188755
4.868506989274369,83.93703317002651
4.868627933396011,83.938323160938
4.868713909743144,83.93961294467196
4.868876754473293,83.9409025212783
4.869243495943771,83.9409025212783
4.8694121366668925,83.94219189080691
4.869467988730141,83.94348105330765
4.869496280594727,83.94348105330765
4.869685506072327,83.94477000883037
4.86972696850404,83.94605875742495
4.869745297766382,83.94734729914119
4.870011507948377,83.94863563402889
4.870081979233686,83.94992376213787
4.870633248848186,83.9512116835179
4.870689584511538,83.95249939821873
4.871069776756054,83.95378690629012
4.871112298395756,83.95507420778179
4.87131092507605,83.95507420778179
4.871337748130563,83.95636130274346
4.871341921910659,83.95764819122483
4.871421094263226,83.95893487327558
4.871441972906979,83.95893487327558
4.871515325633432,83.95893487327558
4.872009654793072,83.96022134894538
4.872124561694212,83.96150761828387
4.872222170336172,83.96279368134071
4.872239881642921,83.96407953816549
4.872314574611096,83.96407953816549
4.872422781873075,83.96536518880782
4.872509146592133,83.9666506333173
4.872529516547315,83.96793587174348
4.872575351608472,83.96793587174348
4.872626788325505,83.96922090413594
4.87270112376192,83.9705057305442
4.872748461114313,83.97179035101779
4.872990165549844,83.97179035101779
4.87338272207073,83.97179035101779
4.873601217079132,83.97307476560621
4.873606035200092,83.97307476560621
4.873863730319025,83.97307476560621
4.873987488618561,83.97435897435898
4.874394328891098,83.97564297732553
4.874478082161492,83.97564297732553
4.874765948202869,83.97692677455537
4.874991818635148,83.9782103660979
4.875085974526785,83.9782103660979
4.8752074437611626,83.97949375200257
4.875207791226095,83.98077693231878
4.875483920106532,83.98205990709596
4.875587333117402,83.98334267638344
4.875787285028295,83.98462524023063
4.875799344583928,83.98590759868685
4.876095514177816,83.98718975180144
4.8762353586658,83.98847169962373
4.876358577169262,83.98975344220301
4.876426461320961,83.99103497958858
4.876435491958682,83.99231631182967
4.876502380285273,83.99359743897558
4.876722339423034,83.99487836107554
4.87704342756984,83.99615907817876
4.877107197621254,83.99743959033445
4.8771927202197904,83.99871989759181
4.87769123484004,84.0
4.8777033825734595,84.0
4.877842068992663,84.0012798976082
4.878042861582877,84.0012798976082
4.87808174603813,84.00255959046554
4.878164627476855,84.00383907862114
4.878289057309322,84.00511836212412
4.87851570771194,84.00511836212412
4.878686580912418,84.0063974410236
4.878697738518719,84.0063974410236
4.879024721165348,84.00767631536861
4.87920809177085,84.00767631536861
4.879350461152283,84.00895498520828
4.879651054103166,84.00895498520828
4.8796647506015365,84.01023345059161
4.8798611235707865,84.01023345059161
4.880378103644097,84.01151171156766
4.88045055294859,84.01278976818544
4.88077101574733,84.01406762049398
4.880808240466092,84.01534526854219
4.881031288609806,84.01534526854219
4.881070273873265,84.01662271237913
4.881134421389726,84.0178999520537
4.881186257691473,84.0178999520537
4.881446023464138,84.01917698761487
4.881448925139669,84.02045381911154
4.881598934387408,84.02173044659264
4.881715413899845,84.02173044659264
4.881718730354238,84.02300687010704
4.881845594710758,84.02428308970366
4.881847167427094,84.02555910543131
4.881991193148181,84.02683491733886
4.882102942492191,84.02683491733886
4.88210408529233,84.02811052547517
4.882258085081243,84.029385929889
4.882371626771836,84.029385929889
4.882418893166913,84.029385929889
4.882566150590291,84.0306611306292
4.882581294457348,84.03193612774452
4.882883034778735,84.03193612774452
4.882935235884578,84.03321092128373
4.883110401897028,84.0344855112956
4.883170630005801,84.03575989782887
4.883194196372123,84.03703408093224
4.883209636119644,84.03830806065443
4.883396090910199,84.03830806065443
4.883448460937213,84.03958183704412
4.883587144596249,84.04085541015002
4.883984532999672,84.04212878002075
4.884051948857537,84.04212878002075
4.8843581184455065,84.04340194670496
4.884603593828306,84.04467491025129
4.884758254389385,84.04467491025129
4.884784485563686,84.04594767070836
4.885033744319855,84.04722022812476
4.885265096832083,84.04849258254904
4.88529132096997,84.04976473402984
4.885307171192603,84.05103668261563
4.885333829832339,84.05230842835499
4.885363530203668,84.05357997129644
4.885395256740396,84.05485131148848
4.885443012496358,84.0561224489796
4.8854624847805,84.05739338381825
4.8855406899761356,84.05866411605292
4.8856510829770015,84.05993464573204
4.885849942855673,84.06120497290405
4.885967813609636,84.06120497290405
4.886067548053215,84.06247509761734
4.8861016859644355,84.06374501992032
4.88610956532392,84.06501473986137
4.88624057372206,84.06628425748885
4.886316781684481,84.06755357285111
4.886387078794196,84.0688226859965
4.886426764307509,84.07009159697331
4.88646366730369,84.07136030582988
4.886580476030896,84.07262881261448
4.886589741306092,84.07262881261448
4.886661851780403,84.07389711737537
4.88668549266946,84.07516522016084
4.886699122266162,84.07643312101911
4.886728482294779,84.07770081999841
4.886782987526797,84.07896831714694
4.887013013824426,84.07896831714694
4.887122468219891,84.07896831714694
4.887132079182201,84.07896831714694
4.887237606830931,84.08023561251294
4.887314586419559,84.08150270614453
4.8873862166459805,84.08276959808994
4.887489447902504,84.08276959808994
4.887774353120582,84.08403628839726
4.88781737858565,84.08530277711466
4.887903075059098,84.08656906429026
4.887932891707983,84.08783514997215
4.887988426876711,84.08910103420844
4.888074350464063,84.08910103420844
4.888090273445879,84.09036671704717
4.8880953774947065,84.09163219853643
4.8881692929982785,84.09289747872425
4.888306375131082,84.09416255765866
4.888335920133852,84.09542743538768
4.888358522378631,84.0966921119593
4.888431043354099,84.09795658742148
4.888435667314857,84.09795658742148
4.88873100501308,84.09922086182223
4.888769255273209,84.10048493520948
4.888976405771658,84.10174880763115
4.889133745882628,84.10174880763115
4.88940481928584,84.10174880763115
4.889414396051045,84.10174880763115
4.889437972605594,84.1030124791352
4.889584568244586,84.10427594976952
4.889778242352336,84.10553921958197
4.889783206446325,84.10680228862047
4.89000072386398,84.10680228862047
4.890065926373678,84.10806515693285
4.890171011819909,84.10932782456698
4.890313772601277,84.11059029157066
4.89032599130338,84.11185255799174
4.890375212304675,84.11311462387799
4.890488987859384,84.1143764892772
4.89052138705001,84.1143764892772
4.890522331089359,84.11563815423715
4.890549056896221,84.11689961880559
4.890677976434812,84.11816088303026
4.891258822531458,84.11942194695887
4.8913247673897295,84.11942194695887
4.891462107518186,84.12068281063915
4.8915646573074,84.12194347411877
4.891693393204278,84.12320393744542
4.891798937969155,84.12320393744542
4.891912225239776,84.12446420066676
4.891991254793615,84.12572426383046
4.892169095692739,84.12572426383046
4.892309569430618,84.12698412698413
4.892508347250999,84.12824379017539
4.892588239407654,84.12950325345183
4.8927376613681055,84.13076251686107
4.892875176455715,84.13202158045065
4.8930461902669835,84.13202158045065
4.8931848665350515,84.13328044426814
4.893190456538441,84.1345391083611
4.893259029942254,84.13579757277702
4.893298095327579,84.13705583756345
4.893330769579642,84.13705583756345
4.89349047755217,84.13831390276786
4.893667616149836,84.13831390276786
4.893726220395919,84.13957176843775
4.893739733087361,84.14082943462057
4.893805303518563,84.14082943462057
4.893982157265364,84.14208690136378
4.894051870782333,84.14334416871482
4.894259738176769,84.14334416871482
4.894422318659456,84.1446012367211
4.894601826121512,84.14585810543004
4.894673755997217,84.14711477488903
4.8946877806461515,84.14837124514544
4.894866875429239,84.14962751624662
4.894938165950029,84.15088358823995
4.8949679123074405,84.15213946117274
4.89499133147964,84.15213946117274
4.895039897227302,84.1533951350923
4.895050233750843,84.1533951350923
4.895095781465234,84.15465061004596
4.895243667460816,84.15465061004596
4.895314090388279,84.15590588608096
4.895447870967015,84.15716096324462
4.895536022457324,84.15841584158416
4.895719367431306,84.15967052114684
4.895907693139571,84.15967052114684
4.89591584642385,84.16092500197988
4.895972556229783,84.16092500197988
4.895992382121815,84.1621792841305
4.896258169746921,84.1634333676459
4.89628099922712,84.16468725257323
4.896406749989532,84.16594093895971
4.8964141165929105,84.16719442685245
4.896572332809801,84.16844771629857
4.8966880507517025,84.16970080734527
4.896819456657349,84.17095370003958
4.897023584724154,84.17095370003958
4.897099096574503,84.17220639442861
4.897147854877652,84.17345889055947
4.897378998695382,84.1747111884792
4.897391862037919,84.17596328823484
4.897448057304413,84.17721518987342
4.897514530877116,84.17721518987342
4.897593747978011,84.17721518987342
4.897627193621784,84.17846689344198
4.897805622413208,84.1797183989875
4.898232004671352,84.18096970655698
4.898262156513536,84.1822208161974
4.898547169549433,84.18347172795572
4.898571318635834,84.18472244187886
4.898600973512564,84.18597295801375
4.8986873448810355,84.18722327640734
4.898916014038782,84.18722327640734
4.898990436573439,84.18847339710649
4.899060830999626,84.18847339710649
4.899406946821032,84.18847339710649
4.899592868493133,84.18972332015811
4.8996533157128574,84.18972332015811
4.899801823805291,84.19097304560904
4.899927015943736,84.19222257350617
4.899976195064266,84.19347190389631
4.900010703471897,84.19472103682631
4.900492728773927,84.19472103682631
4.900561461052762,84.19472103682631
4.900626009224819,84.19596997234294
4.900767207433916,84.19721871049305
4.900797099194851,84.19846725132338
4.901117034999222,84.19971559488071
4.90134263823782,84.2009637412118
4.901541943533126,84.2009637412118
4.901577507406879,84.20221169036336
4.90163588723546,84.20345944238213
4.901661074462613,84.20345944238213
4.901757259404246,84.2047069973148
4.901869906101926,84.2047069973148
4.901915386061276,84.20595435520809
4.902141271679342,84.20720151610865
4.902377563286913,84.20844848006317
4.9024381370280015,84.20969524711826
4.902764367309339,84.20969524711826
4.902834583445348,84.21094181732059
4.902930193340833,84.21094181732059
4.9029317348707675,84.21218819071676
4.902967934555544,84.21343436735339
4.903023619621664,84.21468034727704
4.903342194478178,84.21592613053429
4.903457144059179,84.21592613053429
4.903630834615726,84.21717171717171
4.903694844828899,84.21841710723585
4.904031502914609,84.21966230077324
4.904102732387675,84.22090729783037
4.904309211009773,84.22215209845378
4.904322258603978,84.22339670268991
4.904362867747037,84.22464111058527
4.904588496035975,84.22588532218629
4.90465015244587,84.22712933753942
4.904689107763942,84.22712933753942
4.904718035974501,84.22837315669112
4.904911264249973,84.22961677968775
4.905072650300908,84.23086020657573
4.905239198552777,84.23210343740145
4.905266317425285,84.23334647221127
4.905303503615119,84.23458931105155
4.905367368626422,84.23583195396863
4.90545358838473,84.23707440100883
4.905533627021553,84.23831665221846
4.905762913118826,84.23831665221846
4.905774482459553,84.23831665221846
4.905824889370989,84.23955870764381
4.905854513211313,84.24080056733118
4.905912050297806,84.24204223132682
4.9059461035266985,84.24328369967698
4.906243087209564,84.24452497242791
4.906399132230294,84.24576604962584
4.906513235098599,84.24576604962584
4.906893147391672,84.24700693131695
4.906931917011235,84.24824761754746
4.9069885045152235,84.24824761754746
4.907139841581363,84.24948810836352
4.9071953316198265,84.25072840381132
4.907335202682117,84.25072840381132
4.907351259665966,84.25196850393701
4.907403167714487,84.2532084087867
4.90756538686944,84.25444811840656
4.9078436846354405,84.25444811840656
4.907964227484538,84.25568763284264
4.908046147875261,84.25692695214106
4.908113413971843,84.25816607634789
4.908140300867815,84.25940500550921
4.908269846615439,84.25940500550921
4.908396519407588,84.26064373967105
4.9085206869543185,84.26188227887944
4.9085542238768864,84.26188227887944
4.9085611616975635,84.26312062318043
4.9085932336033995,84.26435877261999
4.9086472500336535,84.26559672724412
4.908658021059837,84.2668344870988
4.908736397536365,84.26807205223
4.909022355521403,84.26930942268366
4.909425436873766,84.26930942268366
4.909429078300084,84.2705465985057
4.909705064987222,84.27178357974205
4.909770018120907,84.27302036643863
4.909840682704566,84.27425695864129
4.909853873833113,84.27549335639594
4.910031675975552,84.27672955974843
4.910058566763851,84.27672955974843
4.9101213951469855,84.27796556874459
4.910525341368359,84.27920138343028
4.910647040919414,84.28043700385129
4.910673238297679,84.28167243005345
4.9111132955890575,84.28290766208252
4.911294517339569,84.28414269998429
4.911390653850151,84.2853775438045
4.911723790847779,84.28661219358894
4.911917373957691,84.2878466493833
4.91201415368245,84.2890809112333
4.912104654156617,84.29031497918467
4.912139376388598,84.29154885328308
4.9121401496472386,84.29278253357417
4.912496428064132,84.29401602010365
4.912730239614486,84.29524931291715
4.912823899736145,84.29524931291715
4.913003514817443,84.2964824120603
4.913092449418022,84.2977153175787
4.913216306808523,84.29894802951797
4.9134676354558335,84.29894802951797
4.9134843177653185,84.29894802951797
4.913484893824698,84.3001805479237
4.913500964217056,84.30141287284144
4.913545816731602,84.30264500431677
4.913642560845825,84.30264500431677
4.913863936029924,84.30387694239523
4.91392530123511,84.30510868712234
4.914006719023402,84.30634023854363
4.914133899682376,84.30634023854363
4.914215140526328,84.30634023854363
4.914355939076123,84.30757159670459
4.914754340281837,84.30880276165071
4.914855340230369,84.31003373342747
4.915043292629622,84.31003373342747
4.915048175284395,84.31126451208033
4.915139200199061,84.31249509765472
4.915192375977841,84.31372549019608
4.915326224747159,84.31372549019608
4.915510516986972,84.31372549019608
4.915566529182091,84.31495568974982
4.915590654888742,84.31495568974982
4.915828212347465,84.31618569636136
4.915872423973148,84.31741551007606
4.915896787732359,84.31741551007606
4.9160054197808805,84.31741551007606
4.916080018675922,84.31864513093932
4.916098154314336,84.31987455899647
4.916206168774875,84.32110379429288
4.916238203184715,84.32233283687387
4.916326821417471,84.32356168678477
4.916816001954445,84.32479034407085
4.916817383219194,84.32601880877742
4.916938568852194,84.32724708094977
4.917052921764047,84.32847516063313
4.917649813653499,84.32970304787275
4.917722211284766,84.33093074271389
4.917829652666145,84.33215824520173
4.917866064571524,84.33338555538148
4.91797404971612,84.33461267329835
4.918044814546655,84.3358395989975
4.918264701607097,84.33706633252407
4.91828900687235,84.33829287392327
4.918335880647259,84.33951922324016
4.918538302522698,84.34074538051989
4.918761275829792,84.34074538051989
4.918985046083364,84.34197134580756
4.919137071699267,84.34319711914827
4.919141092067573,84.34442270058709
4.91924055861763,84.34564809016906
4.919499511875,84.34687328793926
4.919564640660168,84.34687328793926
4.919612611655831,84.34809829394271
4.91980282014339,84.34932310822443
4.920208619959472,84.35054773082942
4.920418703191383,84.35177216180267
4.920467331928104,84.35177216180267
4.920477652274557,84.35177216180267
4.920486729238241,84.35299640118917
4.9205139574863646,84.35422044903387
4.920543147998181,84.35544430538174
4.920599001579264,84.35666797027767
4.920634103288864,84.35789144376662
4.920821639309265,84.35911472589348
4.920963562260347,84.36033781670315
4.920980219585684,84.36156071624052
4.921086387269741,84.36278342455043
4.921291843431748,84.36400594167775
4.921292919802532,84.36522826766729
4.921353450823909,84.3664504025639
4.921358188943193,84.36767234641238
4.921613348847239,84.36767234641238
4.9216732523826785,84.36889409925752
4.921689220356421,84.37011566114411
4.921723556041204,84.3713370321169
4.921786617209181,84.3713370321169
4.921979831108245,84.37255821222067
4.921981946694499,84.37255821222067
4.921982594768865,84.37377920150013
4.922064510628575,84.375
4.922247554390914,84.37622060776502
4.922571957830039,84.37744102483987
4.922676150040462,84.37866125126924
4.922806281595955,84.37988128709777
4.922822976717024,84.38110113237018
4.922995778469604,84.38110113237018
4.923138661206685,84.38232078713104
4.923165372512766,84.383540251425
4.9231679262878645,84.38475952529669
4.92337702589129,84.38475952529669
4.92373624459662,84.38475952529669
4.923741514726991,84.3859786087907
4.924096783379027,84.3859786087907
4.924123499336889,84.3871975019516
4.924170555100771,84.38841620482398
4.924204388944176,84.3896347174524
4.924218130225642,84.39085303988138
4.924851341608343,84.39207117215545
4.924948354368454,84.39207117215545
4.92500729533886,84.39207117215545
4.9250882999237655,84.39328911431916
4.925098916426809,84.39450686641698
4.925190839519367,84.39572442849341
4.925322839497918,84.39694180059291
4.925555549707227,84.39694180059291
4.925701308330709,84.39694180059291
4.92589118801589,84.39815898275997
4.926019882066807,84.399375975039
4.9260538556902125,84.40059277747446
4.926151683621202,84.40059277747446
4.926244886616078,84.40180939011074
4.92631626654378,84.40302581299228
4.9266169545893455,84.40424204616345
4.926689116235744,84.40424204616345
4.926721917566386,84.40424204616345
4.926783071568128,84.40424204616345
4.926866318331173,84.40545808966861
4.926975096488918,84.40545808966861
4.927281418522285,84.40667394355216
4.927295044868459,84.40788960785842
4.9273420690554,84.40910508263174
4.927440327059747,84.41032036791644
4.927785141414624,84.41153546375682
4.927865531175884,84.41275037019717
4.92787387424325,84.4139650872818
4.927883614400626,84.41517961505494
4.92796104493886,84.41639395356086
4.927968733067052,84.41760810284379
4.928260714834664,84.41882206294797
4.9283044610280555,84.42003583391758
4.928400808708307,84.42124941579685
4.928611246669783,84.42124941579685
4.9286427655869005,84.42246280862996
4.928651074744498,84.42246280862996
4.928682920896768,84.42367601246106
4.928847019140257,84.42488902733432
4.928926338674326,84.42610185329387
4.928972398967439,84.42610185329387
4.929282083187376,84.42731449038386
4.9293162896049925,84.42852693864839
4.929613846734613,84.42973919813157
4.929634969538821,84.43095126887748
4.929899389133852,84.43216315093018
4.930216943447792,84.43337484433376
4.930340753441378,84.43458634913222
4.93048712958565,84.43579766536965
4.930552969910448,84.43579766536965
4.930785410402144,84.43700879309003
4.930894407535952,84.43821973233739
4.931317172478448,84.43821973233739
4.931750930590296,84.43943048315569
4.931919784234506,84.43943048315569
4.9319485589248595,84.44064104558893
4.932188003438731,84.44185141968106
4.932217865212544,84.44306160547605
4.9322331092489256,84.44427160301781
4.932249734167123,84.44548141235029
4.932311584352232,84.44669103351738
4.9325936275074245,84.44790046656298
4.932657798131741,84.449109711531
4.93273789322138,84.45031876846525
4.9328055272387,84.45152763740963
4.932969068130945,84.45273631840796
4.93297343828711,84.45394481150407
4.933053893399966,84.45394481150407
4.933164372039749,84.45394481150407
4.933193304793616,84.4551531167418
4.933266031346999,84.4551531167418
4.933300339193485,84.45636123416492
4.933386129123245,84.45636123416492
4.933415300095137,84.45756916381723
4.9336338957626875,84.45877690574248
4.933775472817708,84.45998445998445
4.933969860294572,84.45998445998445
4.934027408185793,84.4611918265869
4.934043391075401,84.46239900559354
4.934135968331796,84.46360599704809
4.934353638101208,84.46481280099425
4.934376693292563,84.46601941747572
4.934436173100637,84.46601941747572
4.934566097568939,84.46722584653618
4.934809963276216,84.46722584653618
4.934955789461721,84.4684320882193
4.9350163376819784,84.46963814256873
4.9351591612413825,84.47084400962808
4.935416038773801,84.472049689441
4.935745994184511,84.472049689441
4.935861010045549,84.47325518205109
4.936107858514735,84.47446048750194
4.936177299925961,84.47566560583715
4.93639586437886,84.47687053710028
4.93649641831629,84.47687053710028
4.936507777735028,84.47807528133488
4.936629902630683,84.4792798385845
4.936834225976219,84.48048420889268
4.936893362201933,84.48048420889268
4.937200737517789,84.48168839230293
4.937371058734212,84.48289238885872
4.9373851583507955,84.48409619860357
4.937441277651063,84.48529982158095
4.937444286129346,84.48650325783431
4.937551479359743,84.48770650740713
4.937555006762987,84.4889095703428
4.937675521740506,84.49011244668476
4.937689604062555,84.49011244668476
4.937719747070225,84.49131513647643
4.93788616519962,84.49131513647643
4.937927682158728,84.49131513647643
4.938096693728934,84.49251763976119
4.938272623242434,84.49371995658241
4.938301960412098,84.49492208698348
4.938477800342295,84.49612403100775
4.938835417290974,84.49732578869855
4.9388753391055475,84.4985273600992
4.938919531430299,84.49972874525304
4.9389735923471125,84.50092994420335
4.939529309309605,84.50213095699341
4.939627352679713,84.50333178366651
4.939707532002353,84.50333178366651
4.939751531121596,84.5045324242659
4.939769128742853,84.50573287883483
4.939860012671791,84.50693314741653
4.939899345446006,84.50813323005421
4.940135883332711,84.5093331267911
4.940184841250756,84.51053283767038
4.940361743086607,84.51173236273523
4.940464834348158,84.51173236273523
4.94048965477624,84.51293170202881
4.940560646065708,84.51293170202881
4.940801380605069,84.51413085559427
4.940845824575452,84.51532982347476
4.940881839979833,84.5165286057134
4.940915097525917,84.5165286057134
4.941020284189023,84.51772720235331
4.941283739823695,84.51772720235331
4.9413979192975255,84.51892561343757
4.9414443293023185,84.52012383900929
4.941876453788641,84.52132187911153
4.941938244920371,84.52251973378733
4.942193758121142,84.52371740307979
4.94230496472343,84.52491488703188
4.942394499002835,84.52491488703188
4.942473076206481,84.52611218568666
4.942517932903368,84.52730929908712
4.942658405615873,84.52850622727624
4.942779006000942,84.52850622727624
4.942815720388857,84.52970297029702
4.942847753509061,84.53089952819244
4.942882171019683,84.53089952819244
4.943016331625092,84.5320959010054
4.943139898222123,84.5332920887789
4.943417467780198,84.53448809155583
4.943604205919197,84.53568390937912
4.9436828603367395,84.53568390937912
4.943685260970952,84.53687954229163
4.943832886448861,84.5380749903363
4.9440569801562395,84.53927025355597
4.944639786628869,84.5404653319935
4.944752441831416,84.54166022569176
4.944756149500392,84.54166022569176
4.944827590094553,84.54285493469357
4.944851212195783,84.54404945904173
4.944854579769725,84.54524379877908
4.9450698735767595,84.54524379877908
4.945080356441935,84.54524379877908
4.945342166844304,84.54643795394838
4.945419276315574,84.54763192459245
4.945511523476838,84.54882571075402
4.945643889595048,84.55001931247585
4.945650275710886,84.55121272980071
4.945888481585974,84.55240596277129
4.9459155881884165,84.55359901143034
4.946011354801998,84.55359901143034
4.946234562419107,84.55359901143034
4.946270973238328,84.55479187582053
4.9463450880588455,84.55598455598455
4.946503301902225,84.5571770519651
4.9466055587114965,84.55836936380481
4.946834415845499,84.55956149154636
4.946869102241607,84.56075343523236
4.947024461910221,84.56194519490545
4.947368984827037,84.56313677060821
4.94771068957124,84.56432816238328
4.947779209224903,84.5655193702732
4.947819580452182,84.56671039432055
4.947836588866456,84.5679012345679
4.948482242936474,84.5690918910578
4.9485137652111435,84.5690918910578
4.9487745120823865,84.57028236383273
4.948793902250094,84.57147265293527
4.94887685197711,84.57147265293527
4.949103031563779,84.5726627584079
4.9491364133422096,84.5726627584079
4.94917769417733,84.5738526802931
4.949389846032798,84.57504241863334
4.949512346546881,84.57623197347111
4.949764702590566,84.57742134484886
4.949778540860755,84.57861053280901
4.949892426811782,84.57979953739398
4.950014300421785,84.58098835864621
4.950084887748057,84.58217699660808
4.95014543611184,84.58336545132198
4.95015209825314,84.58455372283028
4.950409940396615,84.58574181117534
4.950493458485246,84.58692971639951
4.950660237746316,84.58811743854511
4.95069089666264,84.58930497765449
4.95082503887762,84.59049233376994
4.950848055568182,84.59167950693374
4.950860999180953,84.5928664971882
4.951076164159102,84.59405330457557
4.951091318571784,84.5952399291381
4.951145677375654,84.5952399291381
4.9511842894490545,84.5952399291381
4.951243726330064,84.59642637091805
4.951777122792978,84.59642637091805
4.951948976949927,84.59761262995764
4.9519716102366536,84.59879870629909
4.952145036515418,84.5999845999846
4.952150876584255,84.60117031105636
4.952282630359066,84.60235583955655
4.952403179046677,84.60354118552733
4.95271658298208,84.60472634901085
4.952816221166032,84.60591133004927
4.953163556189944,84.60709612868467
4.953294143245837,84.6082807449592
4.953340680474315,84.6082807449592
4.9536843084405575,84.60946517891497
4.95386107247929,84.60946517891497
4.954280058408673,84.60946517891497
4.954450047162412,84.60946517891497
4.9544698262128675,84.61064943059404
4.954636400145358,84.61064943059404
4.954654061564596,84.61183350003847
4.954693537968475,84.61301738729036
4.95470597196963,84.61420109239172
4.954728444336844,84.61538461538461
4.954740592982734,84.61538461538461
4.954757907647084,84.61656795631104
4.9550280877781185,84.61775111521305
4.955068165709796,84.61893409213258
4.955076298736323,84.62011688711166
4.955586511608277,84.62011688711166
4.955950352642001,84.62011688711166
4.956227961882902,84.62129950019224
4.9563067103047835,84.62248193141627
4.956416049254956,84.62248193141627
4.956417086644448,84.62366418082571
4.956482892319965,84.62484624846248
4.956613000205239,84.62602813436851
4.956620113773087,84.6272098385857
4.9567321885588775,84.6272098385857
4.956750356002434,84.62839136115593
4.956952915293505,84.62957270212111
4.957007822117876,84.63075386152309
4.957056874366984,84.63075386152309
4.9570821908542,84.63193483940373
4.957127573971148,84.63311563580484
4.957256380526879,84.63311563580484
4.95728127119654,84.63311563580484
4.957285070706105,84.63311563580484
4.957547482847543,84.63429625076829
4.957568054005653,84.63547668433587
4.957901689963564,84.63665693654939
4.957952351859174,84.63665693654939
4.958203259131762,84.63783700745064
4.9582131138246766,84.63783700745064
4.958220096285131,84.63783700745064
4.9583683051653855,84.63783700745064
4.958532060916427,84.63783700745064
4.958634103135323,84.63783700745064
4.95896490469159,84.6390168970814
4.959009278381805,84.64019660548345
4.959072296006612,84.64019660548345
4.9592303577303225,84.64137613269851
4.959545546843452,84.64255547876833
4.959576864716778,84.64255547876833
4.959648357829358,84.64255547876833
4.95970302809653,84.64373464373465
4.959821251768247,84.64373464373465
4.959933477628564,84.64491362763916
4.9602565557722915,84.64609243052357
4.960316160528443,84.64727105242957
4.960361055920556,84.64727105242957
4.960396364432393,84.64844949339884
4.960561524174609,84.64962775347303
4.960684218699771,84.65080583269379
4.960747556060241,84.65198373110276
4.960926882038264,84.65316144874156
4.961034835107685,84.6543389856518
4.961069864766778,84.65551634187509
4.961179731704166,84.65669351745301
4.961250698891639,84.65669351745301
4.961341040707134,84.65669351745301
4.961708780220538,84.65787051242712
4.961870752962697,84.659047326839
4.962001916058466,84.659047326839
4.962164108996322,84.659047326839
4.962174743492088,84.66022396073018
4.962254575623312,84.66140041414218
4.96237414227822,84.66257668711657
4.9625198170583795,84.66375277969482
4.96270722427715,84.66492869191842
4.962727053197294,84.66610442382887
4.962955083807606,84.66727997546765
4.963079799169459,84.66845534687619
4.963080121132921,84.66963053809596
4.963315087547534,84.67080554916839
4.963373539821224,84.67198038013488
4.963472021946691,84.67198038013488
4.963631096946734,84.67315503103686
4.963701776959612,84.67432950191571
4.963793297631849,84.6755037928128
4.9638428167323685,84.67667790376953
4.96388833082818,84.67667790376953
4.963994705749429,84.67785183482725
4.964000477625332,84.67902558602727
4.964271215223465,84.68019915741095
4.964522280949511,84.68137254901961
4.964605510632123,84.68137254901961
4.9646402114949915,84.68137254901961
4.964721066262608,84.68137254901961
4.9648887349573645,84.68254576089453
4.965170708203794,84.68254576089453
4.965510365886032,84.68371879307705
4.965515113706394,84.68489164560839
4.965696886414859,84.68489164560839
4.965998289942612,84.68606431852986
4.9667153767540295,84.68606431852986
4.966802088532129,84.6872368118827
4.966948494221444,84.6872368118827
4.9670480819079,84.68840912570816
4.967071042748588,84.68958126004746
4.967376219436818,84.69075321494182
4.967403993120901,84.69192499043245
4.967580466346241,84.69192499043245
4.967841651026435,84.69309658656053
4.967903714845078,84.69426800336726
4.967921133506549,84.69426800336726
4.967923944656783,84.69543924089379
4.967940503157805,84.69543924089379
4.9679977916105775,84.69661029918127
4.968015986451599,84.69778117827084
4.968603377289897,84.69895187820366
4.968666624114463,84.7001223990208
4.968869537809494,84.7012927407634
4.96890953979877,84.7012927407634
4.9689481820820385,84.70246290347254
4.969454853512236,84.7036328871893
4.969464802963026,84.7036328871893
4.969682380172753,84.70480269195473
4.969690344036157,84.7059723178099
4.969693348900656,84.7059723178099
4.969757497713697,84.70714176479585
4.969837640456986,84.70714176479585
4.969892394197101,84.70714176479585
4.970014118360475,84.70714176479585
4.970117260353176,84.70714176479585
4.970168188695884,84.70831103295359
4.970202358171698,84.70948012232415
4.970243228694424,84.71064903294855
4.9703254131009,84.71064903294855
4.970327422531608,84.71064903294855
4.970428340524655,84.71064903294855
4.970589715847738,84.71181776486776
4.970639692457786,84.71298631812274
4.970897745683119,84.71298631812274
4.971204722458885,84.71298631812274
4.971272243730354,84.7141546927545
4.971308481576313,84.71532288880398
4.971316972092338,84.71649090631209
4.971385829415618,84.71649090631209
4.971434913995747,84.71765874531978
4.97145461240482,84.71882640586797
4.971459854976365,84.71999388799756
4.97159432053928,84.72116119174943
4.971698825677602,84.72116119174943
4.971791714105329,84.72232831716447
4.971857156057443,84.72349526428353
4.972399718119773,84.72349526428353
4.972407061096062,84.72466203314748
4.972609672719282,84.72466203314748
4.97282425594314,84.72466203314748
4.97311390556321,84.72466203314748
4.9731162329554195,84.72582862379716
4.973126239103104,84.72582862379716
4.973131813068755,84.7269950362734
4.9731538523269165,84.7269950362734
4.973227778061907,84.7269950362734
4.973586031216057,84.72816127061698
4.973942908134995,84.72816127061698
4.973989977756207,84.72816127061698
4.974354114828673,84.72816127061698
4.974374795448657,84.72932732686876
4.974762881625315,84.72932732686876
4.974779120349884,84.73049320506948
4.974977799816144,84.73165890525995
4.975049751127337,84.7328244274809
4.975191549749631,84.73398977177314
4.975538815323723,84.73515493817739
4.975542595167225,84.73515493817739
4.975663836354494,84.73515493817739
4.975920467660753,84.73515493817739
4.976077688141879,84.73515493817739
4.9761477444678555,84.73515493817739
4.97620427284862,84.73515493817739
4.976294411469572,84.73631992673434
4.976381217713836,84.73631992673434
4.976419856130787,84.73748473748473
4.976477476204591,84.73864937046929
4.976554788321656,84.73981382572867
4.976611043016294,84.74097810330358
4.976623665998887,84.74214220323466
4.976679543999203,84.74330612556258
4.976760949766624,84.74330612556258
4.976849831332663,84.744469870328
4.976935454115334,84.74563343757151
4.976979875831356,84.74679682733374
4.977055965012999,84.7479600396553
4.977539518959716,84.7479600396553
4.977718614322974,84.74912307457679
4.977976178079449,84.74912307457679
4.977991570429748,84.75028593213877
4.978085959829663,84.75028593213877
4.978114155680003,84.75144861238182
4.9782218572715475,84.7526111153465
4.978348012795803,84.75377344107333
4.978630901063732,84.75493558960287
4.978822044762414,84.7560975609756
4.979486908765565,84.75725935523208
4.979853322735243,84.75842097241274
4.980012212107341,84.75842097241274
4.980132090339879,84.7595824125581
4.980524736247149,84.76074367570862
4.980872762289579,84.76190476190476
4.980954836081855,84.76306567118695
4.981028638756095,84.76422640359564
4.981285277484328,84.76538695917124
4.981343461394995,84.76654733795415
4.981606263095119,84.76654733795415
4.981794357955244,84.76770753998477
4.981963711380709,84.76886756530348
4.982003878172799,84.77002741395066
4.982106097611215,84.77118708596664
4.982229419515574,84.77234658139182
4.982440878032356,84.77350590026647
4.982645327697307,84.77466504263094
4.982894466153524,84.77582400852553
4.983021893605002,84.77698279799057
4.983228270210307,84.77814141106629
4.9832379064584424,84.779299847793
4.983588098352396,84.78045810821094
4.983725658318924,84.78045810821094
4.984065154368613,84.78045810821094
4.984267491328974,84.78161619236037
4.984294244966825,84.78277410028153
4.984365290198744,84.7839318320146
4.984450625651525,84.7839318320146
4.984542057310749,84.78508938759984
4.984632821640609,84.78624676707743
4.984884861537019,84.78740397048756
4.984913750302892,84.7885609978704
4.984970110068178,84.7885609978704
4.985007815263742,84.7885609978704
4.985033203325645,84.7897178492661
4.985289654583701,84.7897178492661
4.985363541182436,84.79087452471484
4.9856311738649115,84.79203102425672
4.98578638631012,84.79318734793188
4.98580579770864,84.79434349578044
4.986006095561274,84.79549946784249
4.9861455316870495,84.79665526415812
4.986197050574013,84.79781088476742
4.986301838366383,84.79896632971042
4.986392981813296,84.80012159902721
4.986576787076575,84.80127669275781
4.986628025334686,84.80243161094225
4.986983319071415,84.80358635362055
4.9870930836372365,84.8047409208327
4.987234675458964,84.8058953126187
4.987265649236967,84.80704952901853
4.987294332126069,84.80820357007217
4.987313983787757,84.80935743581954
4.987456804065529,84.8105111263006
4.987493558927864,84.81166464155528
4.988046946248956,84.81281798162351
4.988064101790718,84.81397114654517
4.988104307959832,84.81512413636018
4.988469655290145,84.81627695110842
4.988665166435907,84.81742959082973
4.98904341153971,84.81858205556398
4.98910995433739,84.81973434535104
4.989127804157435,84.81973434535104
4.98913429821801,84.82088646023072
4.989174375994378,84.82088646023072
4.98928178276726,84.82203840024285
4.989402115009559,84.82319016542723
4.989486045877869,84.82434175582367
4.989501577400746,84.82434175582367
4.9895674333448286,84.82549317147192
4.9895776503253595,84.8266444124118
4.989836374344885,84.82779547868306
4.989921225365516,84.82894637032543
4.989948645574896,84.83009708737865
4.990063540689504,84.83124762988244
4.990166362010985,84.83124762988244
4.990338302231202,84.83239799787654
4.990494751581541,84.83354819140062
4.990791518051918,84.83469821049438
4.9908473001591345,84.83584805519752
4.99124481010188,84.83699772554965
4.991256334114324,84.83814722159048
4.991418282160309,84.83929654335961
4.991631556464305,84.84044569089669
4.991665728207349,84.84159466424133
4.991668399496099,84.84159466424133
4.991781406781094,84.84274346343312
4.992021867161798,84.84389208851168
4.992233672361615,84.84389208851168
4.992332627991754,84.84389208851168
4.9924028024891,84.84504053951656
4.992496117462788,84.84504053951656
4.992543404878868,84.84618881648734
4.992589303870151,84.8473369194636
4.992645795849228,84.84848484848484
4.992702210709195,84.84963260359063
4.992756436377796,84.85078018482048
4.992981709335301,84.8519275922139
4.99301620127027,84.85307482581035
4.993198499162551,84.85422188564937
4.993217680474569,84.85536877177042
4.9932346255188085,84.85536877177042
4.993248144593991,84.8565154842129
4.993323094069506,84.85766202301636
4.9937056408989315,84.85880838822015
4.993766180779833,84.85995457986374
4.993896176022932,84.86110059798652
4.993926800709462,84.8622464426279
4.993961317306676,84.8622464426279
4.994017064198096,84.8622464426279
4.994404636726041,84.8633921138273
4.994494592835427,84.86453761162403
4.994773183289652,84.86568293605751
4.994826193078359,84.86568293605751
4.994891960835814,84.86682808716706
4.994932182361748,84.86797306499206
4.995055409128077,84.8691178695718
4.995134206851072,84.8702625009456
4.995326568943909,84.8702625009456
4.9956480763657725,84.8714069591528
4.995732053139256,84.8714069591528
4.9958909748214015,84.87255124423267
4.995953949264888,84.87255124423267
4.9962448483205115,84.87369535622447
4.9963521256186985,84.87483929516752
4.996400936120006,84.87598306110102
4.996524811646328,84.87712665406427
4.996545145207298,84.87712665406427
4.996665304091053,84.87827007409648
4.99667171959149,84.87941332123687
4.997071113412064,84.88055639552464
4.997126826775088,84.88169929699902
4.997153553440827,84.88284202569916
4.997311138183309,84.88398458166428
4.99734284029898,84.8851269649335
4.997359081726073,84.8851269649335
4.997486264395214,84.8851269649335
4.997486520256325,84.88626917554598
4.997488387708251,84.88626917554598
4.9976198712952415,84.88741121354087
4.997639469806982,84.8885530789573
4.997686097735449,84.88969477183439
4.997750173034524,84.89083629221122
4.997853023516049,84.8919776401269
4.9979578751119105,84.89311881562051
4.99822658095005,84.89311881562051
4.998429915938724,84.89311881562051
4.998638994510085,84.89425981873111
4.999073075249927,84.89540064949777
4.99912550827148,84.89654130795952
4.999318693831606,84.8976817941554
4.999342007962154,84.89882210812443
4.9994919611408895,84.89882210812443
4.999867986626664,84.89996224990563
4.999926751780834,84.90110221953798
5.000098798431939,84.90224201706047
