time,conversion
0.00577880829200619,0.0
0.030483116830112893,0.0
0.04772388942589416,0.0
0.06561262166917073,0.0
0.06922361589702983,0.0
0.07192813530231858,0.0
0.09254816014822595,0.0
0.13861356369523153,0.0
0.13950349436383355,0.0
0.15535979574358796,0.0
0.1686856536961453,0.0
0.17530757682131365,0.0
0.1895347944465891,0.0
0.22982211465310678,0.0
0.2367607015582681,0.0
0.2452581220848096,0.0
0.24678859399990707,0.0
0.25248104488325723,0.0
0.2592570212755496,0.0
0.2629988285880501,0.0
0.2685365394604615,0.0
0.2882511136633626,0.0
0.2904475177589452,0.0
0.29245653501991586,0.0
0.3010150561716274,0.0
0.30177395937076834,0.0
0.3033475544051224,0.0
0.3091813210241949,0.0
0.320642395964378,0.0
0.3216579597257088,0.0
0.3245447003045064,0.0
0.33655180799348816,0.0
0.3452264041113473,0.0
0.348161509553507,0.0
0.35547200839163656,0.0
0.3577076317335772,0.0
0.3622145879618749,0.0
0.36611927111212916,0.0
0.3745843165369584,0.0
0.37468719973462833,0.0
0.37515480566338716,0.0
0.3844385363774867,0.0
0.38860966243825446,0.0
0.39414778572401593,0.0
0.3963501294929688,0.0
0.3967641723153033,0.0
0.3972970510378348,0.0
0.3986546779193863,0.0
0.4055971315283638,0.0
0.40931791353873226,0.0
0.413015009695353,0.0
0.41320188978817746,0.0
0.4160530791227094,0.0
0.42212298936854625,0.0
0.4262816209671878,0.0
0.4269679845831777,0.0
0.4390822970431527,0.0
0.44018187177263507,0.0
0.4435890147835409,0.0
0.4442737451636703,0.04997501249375312
0.4475858071135264,0.04997501249375312
0.44890313175683944,0.04997501249375312
0.4503593590902728,0.04997501249375312
0.4559814365972302,0.04997501249375312
0.4592315428102747,0.04997501249375312
0.4659437533895771,0.04997501249375312
0.4660646507769405,0.04997501249375312
0.4680843107179246,0.04997501249375312
0.46899036696259616,0.04997501249375312
0.4690711547750643,0.04997501249375312
0.47134277916933703,0.04997501249375312
0.47658618295949934,0.04997501249375312
0.47952506502723713,0.04997501249375312
0.48375333004942117,0.04997501249375312
0.4853496853132292,0.04997501249375312
0.49133702224690173,0.04997501249375312
0.49555358550781237,0.04997501249375312
0.5014273708583036,0.04997501249375312
0.5028125502567244,0.04997501249375312
0.5079085389538063,0.04997501249375312
0.5083221705702726,0.04997501249375312
0.515325435464957,0.04997501249375312
0.5251579574913458,0.04997501249375312
0.5282389334799664,0.04997501249375312
0.5295239973244202,0.04997501249375312
0.5299797571080747,0.04997501249375312
0.5322165864805192,0.04997501249375312
0.5361439262444743,0.04997501249375312
0.5432176620698979,0.04997501249375312
0.5434791461322839,0.04997501249375312
0.5547809355379101,0.0999000999000999
0.5562949134980805,0.0999000999000999
0.5651661749546385,0.0999000999000999
0.5676687973711984,0.0999000999000999
0.5717185499206995,0.0999000999000999
0.5783545163723289,0.0999000999000999
0.5807219763721079,0.14977533699450823
0.5811111757096253,0.14977533699450823
0.589604461581575,0.14977533699450823
0.5935545705970036,0.14977533699450823
0.5983307485580281,0.14977533699450823
0.6023707810141815,0.14977533699450823
0.6073833450170015,0.14977533699450823
0.6111448694393525,0.14977533699450823
0.6123307618058809,0.14977533699450823
0.6133967199516412,0.14977533699450823
0.6173203135846185,0.14977533699450823
0.6199035150336955,0.14977533699450823
0.6204405913175781,0.14977533699450823
0.6220745180623055,0.19960079840319359
0.6314004684783424,0.19960079840319359
0.6322168310775053,0.19960079840319359
0.6352163251874511,0.24937655860349126
0.6373906202786562,0.24937655860349126
0.6387536380269407,0.24937655860349126
0.6406109006630969,0.24937655860349126
0.6410662734454928,0.24937655860349126
0.6412522462246752,0.24937655860349126
0.6422841965507358,0.29910269192422734
0.6461722714848075,0.29910269192422734
0.6497559534933868,0.29910269192422734
0.6530195031468234,0.29910269192422734
0.6559687746665863,0.29910269192422734
0.6588967482027812,0.29910269192422734
0.6610097529278007,0.29910269192422734
0.662040565375843,0.29910269192422734
0.6631667817616695,0.3487792725460887
0.6646169745589142,0.3487792725460887
0.6688166924902319,0.3487792725460887
0.6740750207988325,0.3487792725460887
0.6746164177111086,0.3487792725460887
0.6821325270748655,0.3487792725460887
0.6869137533116348,0.3487792725460887
0.6878323411596704,0.3487792725460887
0.6881624339327175,0.3487792725460887
0.6916993321256123,0.3487792725460887
0.6949801387706716,0.3487792725460887
0.6994090299661452,0.3487792725460887
0.7024002983458703,0.3487792725460887
0.7035550216389188,0.3487792725460887
0.7060732421227709,0.398406374501992
0.707084067234684,0.398406374501992
0.7119735735801312,0.44798407167745147
0.7207576681806916,0.44798407167745147
0.725064593693914,0.4975124378109453
0.7277240666783299,0.5469915464942815
0.7288468768918261,0.5469915464942815
0.7290237774953604,0.5964214711729622
0.7294198899171693,0.5964214711729622
0.7315820180041355,0.5964214711729622
0.7342383294725764,0.5964214711729622
0.7368676027094082,0.5964214711729622
0.7394620243611069,0.5964214711729622
0.7408938143132235,0.5964214711729622
0.7439504824805809,0.5964214711729622
0.7449253855387773,0.5964214711729622
0.7452756240814848,0.5964214711729622
0.7470851408922428,0.5964214711729622
0.7515246763349724,0.5964214711729622
0.7584974489579362,0.5964214711729622
0.7586721836248769,0.5964214711729622
0.7605311338911256,0.5964214711729622
0.7611346041556845,0.5964214711729622
0.7622164176587398,0.5964214711729622
0.7651339215249491,0.5964214711729622
0.7672943221799486,0.5964214711729622
0.7699821404981763,0.5964214711729622
0.7713701672219856,0.5964214711729622
0.7719961194453812,0.6458022851465475
0.7750941403040563,0.6458022851465475
0.7779330122674539,0.6458022851465475
0.7799643045465,0.6458022851465475
0.7801053898943894,0.6458022851465475
0.7887436989340797,0.6458022851465475
0.7917858611208737,0.6458022851465475
0.8056889057339066,0.6458022851465475
0.8091233806283838,0.6458022851465475
0.811562557343466,0.6458022851465475
0.813786139258226,0.6951340615690168
0.8191177178315893,0.6951340615690168
0.8199491376170568,0.7444168734491315
0.8222109036406019,0.7444168734491315
0.8237122665618413,0.7444168734491315
0.826715481827641,0.7444168734491315
0.8292963163309142,0.7444168734491315
0.8297809435757484,0.7444168734491315
0.8311262445340795,0.7444168734491315
0.8371164442164839,0.7444168734491315
0.8383330864278482,0.7936507936507936
0.8396488881649489,0.7936507936507936
0.8405474998491186,0.842835894893406
0.8414069766292854,0.842835894893406
0.8469176089514737,0.842835894893406
0.8481714643426512,0.842835894893406
0.8491094885206211,0.842835894893406
0.852090223419816,0.842835894893406
0.8558013190803125,0.842835894893406
0.8561191036767344,0.842835894893406
0.8579873308834399,0.842835894893406
0.858901015909115,0.842835894893406
0.8604998685103377,0.842835894893406
0.8616370491904791,0.842835894893406
0.8657199587604079,0.842835894893406
0.8660804428934816,0.842835894893406
0.8667373442142132,0.842835894893406
0.8686089998330856,0.8919722497522299
0.8720487079455357,0.8919722497522299
0.8721211297792008,0.8919722497522299
0.8728649547864981,0.8919722497522299
0.874197995743334,0.8919722497522299
0.8762062754053127,0.8919722497522299
0.8769646783626199,0.8919722497522299
0.8773415100712598,0.8919722497522299
0.878567619631037,0.8919722497522299
0.8801672514514944,0.9410599306587419
0.8858582795797766,0.9410599306587419
0.8883365184274346,0.9410599306587419
0.8893941646121389,0.9410599306587419
0.8924314886404832,0.9410599306587419
0.895220832703967,0.9410599306587419
0.899683280310916,0.9410599306587419
0.9043994952935704,0.9900990099009901
0.9044003974212729,0.9900990099009901
0.9059281219406358,0.9900990099009901
0.906242741999874,0.9900990099009901
0.9082112591638675,0.9900990099009901
0.9096721394678776,0.9900990099009901
0.910714479064012,0.9900990099009901
0.9162786479107268,0.9900990099009901
0.9168880454901442,0.9900990099009901
0.9170830156147308,0.9900990099009901
0.9184101929732305,0.9900990099009901
0.9198840444723644,0.9900990099009901
0.9209596407673896,0.9900990099009901
0.9242984135629827,0.9900990099009901
0.9270938317822252,0.9900990099009901
0.9290545903741021,1.0390895596239487
0.930260946677684,1.0390895596239487
0.9349785457839835,1.0390895596239487
0.9383047282744912,1.0390895596239487
0.9397923063995922,1.0390895596239487
0.9412027217537917,1.0390895596239487
0.9425883324478425,1.0390895596239487
0.9511948280752124,1.0390895596239487
0.9611303078510212,1.0390895596239487
0.9645054179190294,1.0390895596239487
0.9653138358428306,1.0390895596239487
0.9673356588877207,1.0880316518298714
0.969917693866746,1.0880316518298714
0.9735141485841466,1.1369253583786456
0.9755237159550623,1.1369253583786456
0.9767744516204994,1.1369253583786456
0.9798440996542478,1.185770750988142
0.9805583105523898,1.2345679012345678
0.9848587213039636,1.2345679012345678
0.9855044323782877,1.2345679012345678
0.9855753447714729,1.2345679012345678
0.9864740953450583,1.2833168805528135
0.9888106806622763,1.2833168805528135
0.9889048702192076,1.2833168805528135
0.9898199250384997,1.2833168805528135
0.9906048553692001,1.2833168805528135
0.990824071667324,1.2833168805528135
0.9919619813427183,1.2833168805528135
0.9922312397961112,1.2833168805528135
0.9932416040395101,1.332017760236803
0.994146858945957,1.3806706114398422
0.9946329178008831,1.3806706114398422
0.9955147940380256,1.3806706114398422
0.995592491177931,1.429275505174963
0.9958055826469343,1.477832512315271
0.9990692834998558,1.5263417035942886
1.0016460387238435,1.5263417035942886
1.0028376540136392,1.5263417035942886
1.0041536923552683,1.574803149606299
1.0045106074123258,1.574803149606299
1.015659877191443,1.574803149606299
1.0178520424562472,1.574803149606299
1.0192724096271477,1.574803149606299
1.02271409116085,1.574803149606299
1.0270898227237812,1.574803149606299
1.027572415907682,1.574803149606299
1.0276474649891016,1.574803149606299
1.0286853537872662,1.574803149606299
1.02993430683282,1.574803149606299
1.0307408018707542,1.574803149606299
1.03405098015044,1.574803149606299
1.0355923147526276,1.574803149606299
1.038770129871597,1.574803149606299
1.040494897044824,1.574803149606299
1.0418688322002432,1.574803149606299
1.0465182009419889,1.6232169208066896
1.0469579373436015,1.6232169208066896
1.0471107861251416,1.6232169208066896
1.0491664665507765,1.6232169208066896
1.0492135798169728,1.671583087512291
1.0503373062245418,1.671583087512291
1.0525620723612177,1.671583087512291
1.0536512939801064,1.671583087512291
1.05487464755558,1.671583087512291
1.0570792801997664,1.671583087512291
1.0573682785017504,1.671583087512291
1.0598055581294403,1.671583087512291
1.0616453219296207,1.671583087512291
1.0618919529316961,1.671583087512291
1.0639180926656333,1.71990171990172
1.0640830179794831,1.768172888015717
1.0652561625014794,1.768172888015717
1.0665023203211217,1.768172888015717
1.0684678112927437,1.768172888015717
1.068626938039936,1.768172888015717
1.0686837485392773,1.768172888015717
1.068756744834989,1.768172888015717
1.0692255822129448,1.768172888015717
1.0721722944067311,1.768172888015717
1.072184452983364,1.768172888015717
1.0731156446347094,1.768172888015717
1.0742007345545754,1.768172888015717
1.0746653510061606,1.768172888015717
1.075315837652906,1.768172888015717
1.0763645756692224,1.768172888015717
1.0767590636997468,1.768172888015717
1.077033887578284,1.768172888015717
1.0783224883923113,1.768172888015717
1.0795637715991466,1.8163966617574867
1.0851334649165736,1.8163966617574867
1.0891552901751007,1.8645731108930326
1.0906613088505182,1.8645731108930326
1.0907234344821202,1.8645731108930326
1.093641581195726,1.8645731108930326
1.094086117283158,1.8645731108930326
1.0960475452411422,1.8645731108930326
1.0968308252668648,1.8645731108930326
1.098553790617595,1.9127023050514957
1.0993817308785618,1.9127023050514957
1.1006139092775247,1.9127023050514957
1.1017052135161034,1.9607843137254901
1.1036775748891867,1.9607843137254901
1.104743098952342,1.9607843137254901
1.1048022951922052,1.9607843137254901
1.1060117215287741,1.9607843137254901
1.1072156830579336,1.9607843137254901
1.1076813624495436,1.9607843137254901
1.1105168779609922,1.9607843137254901
1.1112637908638083,1.9607843137254901
1.1136167382080875,2.0088192062714354
1.1140961417988289,2.056807051909892
1.1160138947598797,2.056807051909892
1.116037379248375,2.056807051909892
1.116655430419086,2.056807051909892
1.1179947402752572,2.056807051909892
1.1200431252653495,2.056807051909892
1.12101788537682,2.056807051909892
1.1230851120387413,2.056807051909892
1.1255646598757416,2.1047479197258934
1.126453460236834,2.1047479197258934
1.1265318951525949,2.152641878669276
1.127453693795314,2.152641878669276
1.13269920655706,2.152641878669276
1.1354983994849908,2.2004889975550124
1.1377171982473187,2.2004889975550124
1.1378052289508782,2.2004889975550124
1.1397758596202927,2.2004889975550124
1.1425381506803824,2.248289345063539
1.1435460670674262,2.248289345063539
1.1456176377066591,2.2960429897410846
1.1478296897583709,2.2960429897410846
1.148285175002564,2.2960429897410846
1.1486989663741518,2.2960429897410846
1.150114327223038,2.2960429897410846
1.1525902559332026,2.2960429897410846
1.1534574846982426,2.34375
1.154134739261737,2.34375
1.1549816194744065,2.34375
1.1554728997108472,2.34375
1.1601660737451591,2.34375
1.1610362468245807,2.34375
1.1617514855558828,2.34375
1.1651461018784963,2.34375
1.167147694456621,2.34375
1.1684448641033847,2.3914104441190824
1.1686560628797746,2.3914104441190824
1.169640482073916,2.3914104441190824
1.1759679108389602,2.4390243902439024
1.1767287791994292,2.4865919063871282
1.17799592419941,2.4865919063871282
1.180834336648705,2.4865919063871282
1.1815982606816822,2.53411306042885
1.1817227722504893,2.53411306042885
1.1827968087858147,2.53411306042885
1.1849288608920354,2.53411306042885
1.1850800889777608,2.581587920116902
1.1882884731818453,2.581587920116902
1.18870885735538,2.581587920116902
1.1937467592364535,2.581587920116902
1.1957906125152749,2.581587920116902
1.1959271834778853,2.581587920116902
1.1968433624902273,2.581587920116902
1.2011683647644367,2.6290165530671863
1.201772279586328,2.67639902676399
1.2049675711666676,2.67639902676399
1.205429140084688,2.67639902676399
1.2076230426402488,2.67639902676399
1.2096514630560788,2.67639902676399
1.211853761630187,2.7237354085603114
1.2122573674152548,2.7237354085603114
1.2130840212189857,2.7237354085603114
1.2145206205552883,2.7237354085603114
1.217191877410866,2.7237354085603114
1.2175411378174856,2.7237354085603114
1.217657581725484,2.7237354085603114
1.2204179293632769,2.7710257656781723
1.2228009551201922,2.7710257656781723
1.2258449855179188,2.7710257656781723
1.2279683997398367,2.7710257656781723
1.2322114315485186,2.7710257656781723
1.2348612897720157,2.7710257656781723
1.2359969038141705,2.7710257656781723
1.2414030328639007,2.7710257656781723
1.2418121351666371,2.7710257656781723
1.2435005087137696,2.7710257656781723
1.244072485870983,2.818270165208941
1.2449687717769942,2.818270165208941
1.2455558713650283,2.8654686741136475
1.2457737329466363,2.912621359223301
1.2465048782409864,2.912621359223301
1.2497444081688567,2.912621359223301
1.2505544462045068,2.959728287239204
1.250992443195526,2.959728287239204
1.25178373626436,2.959728287239204
1.2522968069786637,2.959728287239204
1.2531937075364699,3.0067895247332688
1.2542133509979794,3.0538051381483275
1.2552545449546877,3.0538051381483275
1.2567011084359991,3.0538051381483275
1.2577169916386173,3.0538051381483275
1.2581356204070773,3.0538051381483275
1.2607822651875376,3.0538051381483275
1.2618168141856794,3.0538051381483275
1.2624748455725114,3.0538051381483275
1.2627490396682677,3.10077519379845
1.2689870894522717,3.10077519379845
1.269427195081603,3.10077519379845
1.2726310100359677,3.10077519379845
1.2731247312852791,3.10077519379845
1.2743602043278683,3.10077519379845
1.2750842152031867,3.10077519379845
1.275670449335818,3.10077519379845
1.275683648634664,3.10077519379845
1.2779665679963361,3.10077519379845
1.2794256182151034,3.10077519379845
1.2827603177683609,3.14769975786925
1.2845386817962647,3.14769975786925
1.2862762347959993,3.14769975786925
1.2883519489766768,3.1945788964181996
1.289312170784647,3.24141267537494
1.2894569636019069,3.24141267537494
1.2903114284657116,3.24141267537494
1.2939566575712556,3.2882011605415857
1.2944447549879432,3.2882011605415857
1.29577231123216,3.3349444175930403
1.2966725864193054,3.3816425120772946
1.2970276039136597,3.3816425120772946
1.29853588449254,3.3816425120772946
1.3022826938629548,3.4282955094157415
1.3033272833111345,3.4282955094157415
1.3098426988487895,3.4282955094157415
1.3110659626973282,3.474903474903475
1.3123485149571417,3.474903474903475
1.312984101440439,3.474903474903475
1.31596258941797,3.5214664737095993
1.3163515137487243,3.5214664737095993
1.3198621104704382,3.5214664737095993
1.3214580031040786,3.5214664737095993
1.321463270787831,3.567984570877531
1.322943261936949,3.567984570877531
1.3230449188322102,3.567984570877531
1.3231233242326328,3.567984570877531
1.3234436714031093,3.614457831325301
1.3234743921360694,3.614457831325301
1.325402220567357,3.6608863198458574
1.3263088838779946,3.7072701011073663
1.3265410410810288,3.7072701011073663
1.3277963092397425,3.7072701011073663
1.3297324328562061,3.7072701011073663
1.3326296312083625,3.7072701011073663
1.3345568940901704,3.7072701011073663
1.3346470462504632,3.7072701011073663
1.335282326138065,3.753609239653513
1.3356919240780953,3.753609239653513
1.3381806584085603,3.753609239653513
1.3402694963454689,3.753609239653513
1.3412571402624835,3.753609239653513
1.3514852383547566,3.753609239653513
1.3520343566479578,3.753609239653513
1.3522550041048023,3.753609239653513
1.3530127084152086,3.753609239653513
1.3541853925287899,3.753609239653513
1.3567829038042996,3.753609239653513
1.3568194023233071,3.753609239653513
1.3577974488751499,3.753609239653513
1.360339583558821,3.7999037999037997
1.3606709321460144,3.7999037999037997
1.360861114382673,3.8461538461538463
1.3612784827223077,3.8461538461538463
1.3628134098122082,3.8461538461538463
1.3633148776833628,3.8923594425756844
1.3671368593806665,3.8923594425756844
1.3671917305512848,3.8923594425756844
1.369086160012696,3.8923594425756844
1.3695997509831481,3.9385206532180597
1.3720934492413728,3.9385206532180597
1.3723450540499411,3.9846375420067215
1.3739346869657028,4.030710172744722
1.3739859334801778,4.030710172744722
1.3759823672366311,4.07673860911271
1.3768656592959316,4.07673860911271
1.3818112717951667,4.07673860911271
1.3820109484468175,4.07673860911271
1.3828508306543992,4.07673860911271
1.3840911913545504,4.07673860911271
1.3847930773332495,4.07673860911271
1.386404031408959,4.07673860911271
1.3872500917133854,4.1227229146692235
1.387691566484718,4.168663152850982
1.3880684775850265,4.168663152850982
1.3916451324021717,4.168663152850982
1.3941851086386217,4.21455938697318
1.3942996030658041,4.21455938697318
1.3949261592542836,4.21455938697318
1.3952094581246066,4.21455938697318
1.3956919952254,4.260411680229775
1.3972350278291779,4.260411680229775
1.4051182594281022,4.260411680229775
1.4068363007520448,4.260411680229775
1.4071064757627412,4.30622009569378
1.4080926110842609,4.30622009569378
1.4084446018157712,4.351984696317551
1.4089038266645055,4.351984696317551
1.4098918996246355,4.351984696317551
1.4124216730397088,4.351984696317551
1.4124838566577609,4.351984696317551
1.4134741556882633,4.397705544933078
1.4159987545509733,4.397705544933078
1.4185414413765292,4.397705544933078
1.4188828925295616,4.397705544933078
1.4191393468345612,4.4433827042522696
1.4195837343299782,4.4433827042522696
1.4209627316679811,4.4433827042522696
1.4215143246392163,4.48901623686724
1.4231122703118937,4.534606205250596
1.4300025865337815,4.534606205250596
1.4322155996346817,4.534606205250596
1.4343417557806113,4.534606205250596
1.4347646725395626,4.534606205250596
1.4365346722215817,4.534606205250596
1.4365766801328708,4.534606205250596
1.4373430424002571,4.580152671755725
1.438133393171241,4.580152671755725
1.438194207970694,4.625655698617072
1.4384521650282278,4.671115347950429
1.438991844966946,4.671115347950429
1.4391505229245594,4.671115347950429
1.4398788287023194,4.7165316817532155
1.4414853274123238,4.7165316817532155
1.443127022520672,4.7165316817532155
1.443409966153241,4.761904761904762
1.4445743289550954,4.761904761904762
1.4463919263696194,4.8072346501665875
1.4494042003671919,4.8072346501665875
1.451473899182428,4.8072346501665875
1.4542053910944885,4.8072346501665875
1.4542739376412905,4.8525214081826835
1.4546219087098151,4.897765097479791
1.4555280596344247,4.897765097479791
1.4569016077461046,4.897765097479791
1.4579669924207714,4.942965779467681
1.460382301027281,4.942965779467681
1.461000081764819,4.942965779467681
1.464761744289842,4.98812351543943
1.465501889137763,5.0332383665717
1.4662874709079428,5.0332383665717
1.4680458335622713,5.0332383665717
1.4692049603409216,5.0332383665717
1.4703904572979691,5.0332383665717
1.470873522516528,5.078310393925012
1.4710930574637224,5.078310393925012
1.4715066366318261,5.1233396584440225
1.472661260999587,5.1233396584440225
1.4728984644024,5.1233396584440225
1.47295263647213,5.1233396584440225
1.4731654691782943,5.1233396584440225
1.4745468876469443,5.1233396584440225
1.4763039910641274,5.1233396584440225
1.4781676787432572,5.1233396584440225
1.47967462785446,5.1233396584440225
1.4801892455023287,5.1233396584440225
1.481032835073731,5.1233396584440225
1.4820867989880815,5.1233396584440225
1.4850287714387131,5.1233396584440225
1.4855804260663275,5.1233396584440225
1.4893765404449457,5.1233396584440225
1.4900686619820616,5.1233396584440225
1.4922526773445985,5.1233396584440225
1.4941176333272608,5.1683262209578
1.494826544310403,5.1683262209578
1.495874555811027,5.1683262209578
1.496177972139257,5.1683262209578
1.4969545436785268,5.213270142180095
1.4971566237514955,5.258171482709616
1.4975909922431163,5.258171482709616
1.499096387336893,5.258171482709616
1.499239578241843,5.303030303030303
1.5018069892141093,5.347846663511595
1.5021058325412098,5.347846663511595
1.5025908137661343,5.347846663511595
1.5033663473161707,5.347846663511595
1.5043707351528721,5.392620624408704
1.5044440289742806,5.392620624408704
1.5067386747962142,5.392620624408704
1.5077024243931678,5.392620624408704
1.5100843752365654,5.392620624408704
1.510857428367238,5.392620624408704
1.5110665323421195,5.4373522458628845
1.5135950645898573,5.482041587901701
1.5176446720181143,5.482041587901701
1.5180954566158449,5.482041587901701
1.5189310883326648,5.482041587901701
1.5201130752889342,5.526688710439301
1.520483904942311,5.526688710439301
1.52321650527983,5.526688710439301
1.5242040673347415,5.571293673276676
1.5250479953185974,5.571293673276676
1.5255652455706878,5.571293673276676
1.5264316371928877,5.615856536101934
1.5271017434415186,5.615856536101934
1.5276914866203755,5.615856536101934
1.52789741273655,5.660377358490567
1.5282654742551272,5.660377358490567
1.5343870590810713,5.704856199905705
1.5368199929770434,5.704856199905705
1.5370168844997596,5.704856199905705
1.5371814974881883,5.749293119698398
1.537344897885955,5.749293119698398
1.538036023330057,5.7936881771078665
1.5389282558383355,5.7936881771078665
1.5397418475129194,5.7936881771078665
1.5408538332052406,5.7936881771078665
1.5412210062825908,5.7936881771078665
1.5413221953217966,5.7936881771078665
1.5417435275123104,5.83804143126177
1.5437416366677996,5.83804143126177
1.543742648924563,5.83804143126177
1.5438926358817604,5.83804143126177
1.5460063828335548,5.83804143126177
1.5480820656279193,5.88235294117647
1.548392999780471,5.88235294117647
1.5488745237871657,5.88235294117647
1.5496350122419045,5.9266227657572905
1.5500782796349994,5.9266227657572905
1.5505844527235446,5.970850963798777
1.5509425825371692,5.970850963798777
1.5517026017101794,5.970850963798777
1.5520683220501053,5.970850963798777
1.5534392144461924,5.970850963798777
1.5539389182844385,5.970850963798777
1.5550658075204926,5.970850963798777
1.5557480947647888,5.970850963798777
1.5564144237272215,5.970850963798777
1.5590745073034984,5.970850963798777
1.559444769433582,5.970850963798777
1.5596909960044998,5.970850963798777
1.5600163239953881,5.970850963798777
1.5618088077722827,5.970850963798777
1.562009111312719,5.970850963798777
1.5630608387940241,6.015037593984962
1.5630634223095081,6.015037593984962
1.5632633292128555,6.015037593984962
1.5643478951772853,6.015037593984962
1.5648704675000595,6.059182714889619
1.5682045285331097,6.059182714889619
1.569601758169385,6.059182714889619
1.5706040951434257,6.059182714889619
1.5711630945316144,6.059182714889619
1.5725276577983003,6.103286384976526
1.572702839056259,6.103286384976526
1.572950273466473,6.103286384976526
1.5733197844774445,6.103286384976526
1.5776486374297365,6.103286384976526
1.5815028256075516,6.103286384976526
1.5817116478835143,6.103286384976526
1.5823115862677877,6.103286384976526
1.5824911104756412,6.103286384976526
1.5891463158591186,6.103286384976526
1.58948317350185,6.103286384976526
1.589599055541837,6.103286384976526
1.5902201202069772,6.103286384976526
1.5911471648533566,6.147348662599718
1.5912500097299496,6.191369606003752
1.592572310968495,6.235349273323957
1.5934517323522477,6.235349273323957
1.5934903402555993,6.235349273323957
1.5935676254863438,6.235349273323957
1.5935770877272577,6.235349273323957
1.5937386495919736,6.235349273323957
1.5941430811170738,6.235349273323957
1.596054500404444,6.235349273323957
1.5963994076712624,6.235349273323957
1.5979195280229577,6.279287722586692
1.5993511382942156,6.323185011709602
1.6001936681479578,6.367041198501873
1.6018700457129273,6.367041198501873
1.6042592632108013,6.367041198501873
1.6049679025720411,6.367041198501873
1.6051796618116976,6.410856340664482
1.6064183422757468,6.410856340664482
1.607769957281124,6.410856340664482
1.608181415213621,6.454630495790459
1.6084674827652645,6.454630495790459
1.609465148541181,6.454630495790459
1.6097600250264548,6.4983637213651235
1.6097905886064179,6.5420560747663545
1.612502220573089,6.5420560747663545
1.6130437089076994,6.5420560747663545
1.6143105382489535,6.585707613264829
1.616150385413872,6.585707613264829
1.6163560414431823,6.585707613264829
1.6165174782599725,6.585707613264829
1.6178435837505978,6.629318394024277
1.618119989290637,6.672888474101726
1.618423436755407,6.7164179104477615
1.6195905486008546,6.7164179104477615
1.6223179904507974,6.7164179104477615
1.6226954472695583,6.7164179104477615
1.6231179401057148,6.7164179104477615
1.6255750995495881,6.7164179104477615
1.6279831070408195,6.7164179104477615
1.630078351130206,6.7164179104477615
1.6331962014871209,6.7164179104477615
1.635620146546532,6.7164179104477615
1.6365727593076638,6.7164179104477615
1.6366166469775454,6.7164179104477615
1.636722960648383,6.75990675990676
1.6423557811639666,6.803355079217148
1.6432551296754794,6.803355079217148
1.6448072756449201,6.803355079217148
1.6453108828056335,6.803355079217148
1.6472083757849634,6.803355079217148
1.6474445801926334,6.846762925011644
1.6486698253046108,6.846762925011644
1.6496859187587274,6.846762925011644
1.649688667837111,6.890130353817504
1.651330081656892,6.890130353817504
1.6515889417776666,6.93345742205677
1.6539289083107156,6.93345742205677
1.6553621214678713,6.976744186046512
1.6555702383239475,6.976744186046512
1.6559170107067924,6.976744186046512
1.6560208046759355,7.0199907019990695
1.658210894890487,7.0199907019990695
1.6592298923983215,7.0199907019990695
1.6600417974036126,7.063197026022305
1.6600804217284044,7.063197026022305
1.6604503203599748,7.106363214119833
1.6628192109346651,7.106363214119833
1.6636224568447049,7.106363214119833
1.6644064433336956,7.106363214119833
1.6658756963994976,7.149489322191272
1.6673836312303845,7.149489322191272
1.6690856772845717,7.149489322191272
1.669654948148538,7.149489322191272
1.6703305648011157,7.149489322191272
1.6708392997330872,7.192575406032482
1.6712645180237642,7.235621521335807
1.6715493876329337,7.235621521335807
1.671660648568674,7.2786277236903105
1.6738320999390153,7.2786277236903105
1.6741510408134597,7.2786277236903105
1.6747127084707576,7.32159406858202
1.6763377240204758,7.3645206113941635
1.6771968038488128,7.3645206113941635
1.677687722939074,7.4074074074074066
1.6790945350230437,7.4074074074074066
1.6797873396192071,7.4074074074074066
1.6798040049080027,7.4074074074074066
1.6827618557868955,7.450254511800093
1.6856493550610254,7.493061979648474
1.6863165082753633,7.493061979648474
1.6883426598536142,7.535829865926953
1.691498880019494,7.535829865926953
1.691504004889739,7.535829865926953
1.691532412478484,7.578558225508318
1.6931634393409845,7.621247113163972
1.6931936254129556,7.663896583564174
1.6948184727705695,7.706506691278264
1.694888804787368,7.7490774907749085
1.6969078983164423,7.7490774907749085
1.6972001403451666,7.7490774907749085
1.6972749695499831,7.7490774907749085
1.6975375597683129,7.7490774907749085
1.6980452891691264,7.7490774907749085
1.6987644719671133,7.7490774907749085
1.6999104076244005,7.791609036422314
1.7038418093829522,7.791609036422314
1.7044864436390936,7.834101382488479
1.7045107944923246,7.834101382488479
1.7052371944302052,7.876554583141409
1.7052854357318574,7.876554583141409
1.7053148767639486,7.876554583141409
1.705776051401004,7.918968692449356
1.7076551387907783,7.918968692449356
1.7082779621846547,7.918968692449356
1.7085711444476515,7.918968692449356
1.7086515388534687,7.918968692449356
1.7103148082280593,7.918968692449356
1.7117086713401293,7.918968692449356
1.7118337025031678,7.9613437643810405
1.7126328586751074,7.9613437643810405
1.7142709601726,7.9613437643810405
1.7157445360247523,7.9613437643810405
1.7175497139157079,7.9613437643810405
1.7203636744681763,7.9613437643810405
1.7215689601325126,7.9613437643810405
1.7218161760042436,7.9613437643810405
1.7223157669429712,7.9613437643810405
1.7243679920376274,7.9613437643810405
1.724961168645511,8.003679852805888
1.730187151393626,8.003679852805888
1.7305536381007605,8.003679852805888
1.7307235792927496,8.003679852805888
1.7318370735156423,8.003679852805888
1.7323032377707208,8.003679852805888
1.7323270373115105,8.003679852805888
1.7339419254233936,8.003679852805888
1.7365705530580393,8.045977011494253
1.736594314735613,8.045977011494253
1.7370978783551592,8.045977011494253
1.7375570549665962,8.045977011494253
1.739632528723649,8.045977011494253
1.7399677930175448,8.045977011494253
1.7409193394832847,8.045977011494253
1.7417649340149606,8.045977011494253
1.7429847980163773,8.088235294117647
1.744668344043305,8.130454754248968
1.7455048632431907,8.130454754248968
1.745849932771642,8.130454754248968
1.7458701708769426,8.172635445362717
1.7480636832869467,8.214777420835246
1.7500883921991468,8.214777420835246
1.7520697072652656,8.256880733944955
1.752125372064129,8.256880733944955
1.7528016083055804,8.298945437872536
1.7536244970149437,8.340971585701192
1.7547451849154434,8.340971585701192
1.7553705532265849,8.340971585701192
1.756116143672803,8.382959230416857
1.7569532286732787,8.382959230416857
1.7601016834438774,8.382959230416857
1.7602189090658313,8.382959230416857
1.7607555517598386,8.382959230416857
1.7611235894851984,8.382959230416857
1.761707074622163,8.382959230416857
1.7637061941209304,8.382959230416857
1.7637524418616362,8.424908424908425
1.764029327692938,8.466819221967963
1.7644570304799752,8.508691674290942
1.7652917909620864,8.508691674290942
1.7662870341158796,8.550525834476453
1.7667331083467384,8.550525834476453
1.7672588675928285,8.592321755027422
1.767878703517756,8.592321755027422
1.7678998282411371,8.592321755027422
1.767913952538259,8.592321755027422
1.7684211527213691,8.634079488350844
1.7687453620002436,8.634079488350844
1.769189014142423,8.67579908675799
1.771092478024112,8.717480602464628
1.7745273711299006,8.717480602464628
1.775248845527439,8.717480602464628
1.7762996755351783,8.717480602464628
1.7764629308101196,8.717480602464628
1.7815203530004855,8.717480602464628
1.7853004542184823,8.717480602464628
1.785913400553148,8.717480602464628
1.7862195196047792,8.717480602464628
1.786709792733048,8.75912408759124
1.7876735695483625,8.75912408759124
1.7886315861393276,8.75912408759124
1.7890424830734255,8.800729594163247
1.7898146262570487,8.842297174111211
1.7922439487222876,8.842297174111211
1.7931694423422149,8.842297174111211
1.7941122095383064,8.842297174111211
1.795258923447371,8.88382687927107
1.795340777909612,8.88382687927107
1.795525076091604,8.925318761384334
1.8001384395015887,8.925318761384334
1.8005726992663564,8.966772872098316
1.801684468764229,9.008189262966333
1.8017325270108369,9.008189262966333
1.8020202023082752,9.008189262966333
1.8023611940274782,9.049567985447931
1.8040520087410765,9.049567985447931
1.8044091219034464,9.090909090909092
1.8045065934849587,9.090909090909092
1.8045988158446478,9.132212630622444
1.805414460955571,9.173478655767484
1.8055146703862912,9.214707217430776
1.806477499126898,9.25589836660617
1.8073668060784462,9.25589836660617
1.8079040651401614,9.297052154195011
1.8084784886920333,9.338168631006347
1.8089358825202801,9.379247847757137
1.8092540039756053,9.379247847757137
1.8101943852491869,9.420289855072465
1.8102503703563009,9.420289855072465
1.8118981937546688,9.420289855072465
1.812010388200336,9.420289855072465
1.8148760420973278,9.46129470348574
1.8151339406610598,9.502262443438914
1.8172289692526258,9.502262443438914
1.817615647029919,9.543193125282677
1.8182514292128062,9.543193125282677
1.818737428122643,9.543193125282677
1.8193839616291836,9.543193125282677
1.8194849239405015,9.543193125282677
1.8223492114518967,9.543193125282677
1.8233030186672952,9.543193125282677
1.8238316690629135,9.543193125282677
1.8243980661691215,9.584086799276673
1.8265915838631994,9.584086799276673
1.8288256849779667,9.584086799276673
1.8293256244461966,9.624943515589697
1.8301301053045533,9.624943515589697
1.8302031733680866,9.66576332429991
1.8307822603744275,9.66576332429991
1.831211584249997,9.66576332429991
1.834222811326533,9.706546275395034
1.8343157725763795,9.706546275395034
1.8347472116767984,9.747292418772563
1.8359027067189448,9.788001804239963
1.8361893441352943,9.788001804239963
1.8370892228885836,9.788001804239963
1.8375680528342155,9.828674481514877
1.8382486438611474,9.828674481514877
1.8387811784189996,9.828674481514877
1.8397421458117755,9.828674481514877
1.840364075433702,9.869310500225327
1.840914897555892,9.869310500225327
1.8416215405611946,9.90990990990991
1.8417670385847822,9.95047276001801
1.8426011888851939,9.99099909990999
1.8439116452881867,10.0314889788574
1.8439408351601094,10.0314889788574
1.844487913606474,10.071942446043165
1.8445409857603,10.112359550561797
1.844724074309189,10.112359550561797
1.8454492838450383,10.152740341419586
1.8469233606477802,10.152740341419586
1.8471789359542647,10.152740341419586
1.8472382155901352,10.1930848675348
1.8472514455362008,10.1930848675348
1.8472761214506637,10.1930848675348
1.847661008540808,10.1930848675348
1.8481722181080877,10.1930848675348
1.849079485014725,10.23339317773788
1.8493070106787657,10.23339317773788
1.8495247698297868,10.23339317773788
1.8498377753384778,10.273665320771647
1.850028054121586,10.273665320771647
1.8508801234512318,10.273665320771647
1.8511236216144344,10.273665320771647
1.8518887695625017,10.31390134529148
1.8531447064984021,10.31390134529148
1.8543802034799934,10.31390134529148
1.855018249442083,10.31390134529148
1.8552638857902037,10.31390134529148
1.8561253285714037,10.31390134529148
1.8579579182364094,10.31390134529148
1.8587762750467292,10.354101299865532
1.8601481496789547,10.39426523297491
1.8604817194452392,10.434393193013882
1.8613597238680804,10.434393193013882
1.8616636549582548,10.474485228290064
1.8625936311412896,10.474485228290064
1.8633346625063725,10.51454138702461
1.8646914031920392,10.554561717352415
1.865487026548607,10.554561717352415
1.8659986690294892,10.554561717352415
1.8664853100109067,10.594546267322306
1.8673818332266603,10.63449508489723
1.8676884812660726,10.63449508489723
1.8677673489204882,10.63449508489723
1.8678340724430882,10.63449508489723
1.867931061428765,10.63449508489723
1.8686771345552993,10.674408217954444
1.868859027060129,10.674408217954444
1.8689558758374305,10.674408217954444
1.8689568659644957,10.674408217954444
1.8689866423729486,10.674408217954444
1.8695591097609943,10.674408217954444
1.8710318102588763,10.714285714285714
1.871755324961026,10.754127621597501
1.8723778861131977,10.793933987511151
1.8725730877018274,10.833704859563085
1.8737243216954982,10.833704859563085
1.8754194346094657,10.833704859563085
1.876527203288419,10.833704859563085
1.87663588178809,10.87344028520499
1.8771002435574902,10.87344028520499
1.877489336319668,10.913140311804009
1.8795145075897317,10.913140311804009
1.8804732894793044,10.95280498664292
1.880583100438682,10.95280498664292
1.8807117511655067,10.95280498664292
1.881423916824681,10.992434356920338
1.8825111427333705,11.032028469750891
1.883102780896847,11.032028469750891
1.8832921732506793,11.032028469750891
1.8840486233264884,11.032028469750891
1.8859896517862893,11.071587372165407
1.8866977512251137,11.071587372165407
1.8868570954895234,11.11111111111111
1.8874319760644882,11.150599733451799
1.88816969426455,11.150599733451799
1.8890280210680828,11.190053285968029
1.8900612643784407,11.190053285968029
1.8903236523174198,11.229471815357302
1.892196708311533,11.229471815357302
1.8923330089252945,11.229471815357302
1.892794258578546,11.229471815357302
1.893503896662953,11.229471815357302
1.895128011565014,11.26885536823425
1.895580137525114,11.26885536823425
1.8957034975409393,11.26885536823425
1.8958207052721587,11.26885536823425
1.8965172184465282,11.26885536823425
1.8978388366968424,11.30820399113082
1.8983410893512151,11.30820399113082
1.8993843590517168,11.30820399113082
1.9011332395880318,11.30820399113082
1.9012542067681344,11.347517730496454
1.901602681341356,11.386796632698273
1.9024146173618173,11.386796632698273
1.9036135519579158,11.386796632698273
1.90438285371539,11.386796632698273
1.9045941094406424,11.386796632698273
1.906927324106948,11.426040744021257
1.9103189981963025,11.426040744021257
1.9105802597792252,11.426040744021257
1.9113511214569079,11.426040744021257
1.9114230600967685,11.465250110668437
1.9118039218391467,11.465250110668437
1.9128205991474478,11.465250110668437
1.9141227368268834,11.504424778761061
1.9157005373159632,11.504424778761061
1.9169141006790429,11.543564794338788
1.9169260170504094,11.582670203359859
1.9185170978102197,11.582670203359859
1.9205667391644234,11.621741051701282
1.9214632094507071,11.66077738515901
1.923587154236853,11.66077738515901
1.9240314673431251,11.699779249448124
1.9247346565548418,11.738746690203
1.9252375403558757,11.777679752977503
1.9254950062864666,11.816578483245149
1.925554004713655,11.855442926399295
1.9256529309021382,11.855442926399295
1.9280165650564716,11.855442926399295
1.9280288993553956,11.894273127753303
1.9286917286381897,11.894273127753303
1.928723697440628,11.933069132540732
1.9290959923404098,11.933069132540732
1.9294290494510593,11.933069132540732
1.9302432242305396,11.971830985915492
1.930510851807623,11.971830985915492
1.9312721667213952,11.971830985915492
1.9321288006412098,12.010558732952045
1.9330498999392802,12.049252418645558
1.9340410310396987,12.049252418645558
1.9345562552584659,12.049252418645558
1.935778056069605,12.087912087912088
1.9369938961690365,12.126537785588752
1.9374406516185236,12.126537785588752
1.9378906791856474,12.165129556433904
1.9415652476485965,12.203687445127304
1.9423501812140531,12.203687445127304
1.9428221157299248,12.203687445127304
1.942857947048176,12.242211496270293
1.9445529384287799,12.242211496270293
1.9461855850806693,12.242211496270293
1.9478496651435329,12.280701754385964
1.9483022649445119,12.319158263919332
1.9484099740267822,12.357581069237511
1.9502860837400706,12.357581069237511
1.9508700720819434,12.357581069237511
1.9515064466438983,12.357581069237511
1.9519222180325637,12.357581069237511
1.9528931283620619,12.357581069237511
1.953196441243286,12.395970214629873
1.953383816109259,12.395970214629873
1.9538963725807768,12.43432574430823
1.9540937906155593,12.43432574430823
1.9543578071877281,12.472647702407002
1.9551034199861008,12.510936132983378
1.955784562150598,12.549191080017492
1.956200430280789,12.587412587412588
1.95627138434577,12.625600698995196
1.956562154243715,12.625600698995196
1.9574157851869134,12.625600698995196
1.9581360996736283,12.625600698995196
1.9606015132143821,12.663755458515283
1.9608232251978515,12.663755458515283
1.9609214505904926,12.663755458515283
1.9616574085162108,12.663755458515283
1.9616779508705764,12.663755458515283
1.9618251848225914,12.701876909646442
1.9622188039404573,12.739965095986038
1.9623934415276878,12.778020061055386
1.962673512851493,12.816041848299914
1.963145414313392,12.854030501089325
1.9641197544735136,12.854030501089325
1.9657308661468393,12.89198606271777
1.9658707126033315,12.89198606271777
1.966259109232635,12.89198606271777
1.9674693746980105,12.929908576404006
1.9679956709071924,12.967798085291557
1.9682160010356637,12.967798085291557
1.9685872936201014,13.00565463244889
1.9695692300865175,13.043478260869565
1.9698563119998516,13.081269013472404
1.9715916788115113,13.119026933101651
1.9719424549665374,13.119026933101651
1.9720158888488661,13.119026933101651
1.972140895688177,13.119026933101651
1.9739969921002425,13.156752062527138
1.9743100956052952,13.194444444444445
1.9751386252477583,13.194444444444445
1.975222901554405,13.194444444444445
1.975964303395262,13.194444444444445
1.9762960311333688,13.232104121475055
1.9765457623115688,13.269731136166522
1.9773107171652307,13.307325530992632
1.9791238246272902,13.307325530992632
1.9807871329591724,13.344887348353554
1.9808702168277885,13.382416630576008
1.9817821915904836,13.41991341991342
1.9825485363602484,13.41991341991342
1.9825909841882166,13.457377758546086
1.9829925547608322,13.457377758546086
1.9848762058889444,13.494809688581316
1.9852361570399324,13.53220925205361
1.9858878821492867,13.569576490924806
1.985904831830318,13.606911447084233
1.9868033529199214,13.644214162348877
1.9869229891851736,13.644214162348877
1.9869418817729951,13.644214162348877
1.9877155873520465,13.644214162348877
1.9885627925859242,13.68148467846353
1.9894211898208152,13.718723037100949
1.9905679864443355,13.75592927986201
1.990738829540758,13.75592927986201
1.991147387261267,13.793103448275861
1.9948877574524337,13.830245583800085
1.9963225767082176,13.830245583800085
1.9965819183460116,13.830245583800085
1.996927737177872,13.830245583800085
1.9974011659277109,13.830245583800085
1.9974821443664228,13.867355727820843
1.9990172161460438,13.904433921653034
1.9993601552104485,13.941480206540447
1.9994564274006275,13.941480206540447
2.000830656971301,13.941480206540447
2.0017206853598886,13.941480206540447
2.001758733086005,13.978494623655912
2.002143120064616,14.015477214101463
2.0034210999081856,14.015477214101463
2.0060069846234074,14.015477214101463
2.0060698975716873,14.015477214101463
2.006415681630456,14.052428018908467
2.0078554470089087,14.0893470790378
2.0087505283179854,14.126234435379992
2.009560077515537,14.126234435379992
2.0101551352247613,14.126234435379992
2.01054026967719,14.163090128755366
2.0105440926081046,14.163090128755366
2.010684569022787,14.163090128755366
2.011592700121531,14.163090128755366
2.011612454299734,14.199914199914199
2.0117824719088153,14.236706689536879
2.012659567628108,14.236706689536879
2.013423921033523,14.273467638234033
2.0140098448074597,14.3101970865467
2.015400791360742,14.346895074946467
2.015414702529959,14.383561643835616
2.015992680088227,14.383561643835616
2.017404396429512,14.383561643835616
2.017452616223488,14.383561643835616
2.0180708358059616,14.420196833547283
2.018190461348432,14.420196833547283
2.0182671479425824,14.420196833547283
2.0182930215495656,14.456800684345595
2.0183067899600555,14.456800684345595
2.018718422903351,14.456800684345595
2.018948472053044,14.456800684345595
2.019514865603202,14.456800684345595
2.0195954392633033,14.493373236425821
2.020358514211703,14.529914529914532
2.0211128511941263,14.529914529914532
2.0214685801811516,14.566424604869713
2.022096541255257,14.566424604869713
2.02373108571331,14.566424604869713
2.024683048282114,14.566424604869713
2.0247379469090774,14.566424604869713
2.02546250598527,14.602903501280956
2.027087675224857,14.639351259069569
2.028067474354183,14.675767918088736
2.02959253418812,14.712153518123666
2.0322540208602202,14.712153518123666
2.0323619321308604,14.712153518123666
2.0324103767450774,14.712153518123666
2.0341753215998373,14.712153518123666
2.0343127359009614,14.712153518123666
2.0343849186508134,14.74850809889173
2.0345236832326696,14.74850809889173
2.0350571481575326,14.74850809889173
2.0359320913052326,14.74850809889173
2.0363160733669137,14.784831700042607
2.0369621441665,14.784831700042607
2.038089463097759,14.784831700042607
2.0390704586791224,14.784831700042607
2.039201206562775,14.821124361158432
2.0396086437634455,14.821124361158432
2.0396660828205513,14.821124361158432
2.0401597415896826,14.821124361158432
2.0414276744434448,14.857386121753938
2.043168638871774,14.893617021276595
2.043229071581543,14.929817099106762
2.0441511239502463,14.929817099106762
2.0443030969110234,14.929817099106762
2.044347987497057,14.929817099106762
2.0444486302042004,14.929817099106762
2.045510252018829,14.929817099106762
2.0469704375235294,14.929817099106762
2.0477442121072227,14.965986394557824
2.0481390133356943,14.965986394557824
2.048742607019531,15.002124946876327
2.048896352459976,15.002124946876327
2.048948155514142,15.002124946876327
2.0494976021585694,15.002124946876327
2.0496972692640547,15.002124946876327
2.050119682527458,15.03823279524214
2.0504316928579898,15.074309978768577
2.0506020312641517,15.074309978768577
2.0507063970664166,15.074309978768577
2.0515278645401573,15.110356536502549
2.0517598086732804,15.110356536502549
2.054440478309596,15.146372507424694
2.0548153412246313,15.146372507424694
2.0548956802381406,15.146372507424694
2.0550649782393915,15.146372507424694
2.0556091628738367,15.146372507424694
2.055610278330307,15.146372507424694
2.055996976442821,15.182357930449534
2.0563433177640236,15.182357930449534
2.056403152837604,15.218312844425604
2.0566606832092953,15.218312844425604
2.0577047365704177,15.218312844425604
2.057719587830944,15.254237288135593
2.0585764320558946,15.290131300296483
2.0589390781693537,15.325994919559696
2.059321681992539,15.361828184511214
2.0594487753710116,15.361828184511214
2.059690239987543,15.361828184511214
2.059950051609569,15.397631133671744
2.060044133559972,15.433403805496829
2.061267587657686,15.469146238377007
2.0620716168955493,15.469146238377007
2.062428230871797,15.469146238377007
2.063016920613606,15.504858470637938
2.064095829641022,15.504858470637938
2.064574543142494,15.504858470637938
2.065557341846583,15.504858470637938
2.0660654543357593,15.504858470637938
2.0702000140093335,15.54054054054054
2.07039623812343,15.54054054054054
2.0705106799117554,15.54054054054054
2.070683402653535,15.576192486281132
2.0711551635738594,15.611814345991561
2.0739513199063677,15.611814345991561
2.076097478606822,15.611814345991561
2.0762626324107076,15.611814345991561
2.0778786182681905,15.611814345991561
2.0781573112048513,15.611814345991561
2.080558520085267,15.647406157739349
2.0814921800571318,15.682967959527824
2.081902099157976,15.718499789296251
2.0821833205438764,15.754001684919967
2.082535833204646,15.754001684919967
2.08304846505023,15.754001684919967
2.08324970601126,15.754001684919967
2.0835434483885424,15.789473684210526
2.084674037305479,15.789473684210526
2.085735330851521,15.824915824915825
2.086182178569138,15.824915824915825
2.0868104055387877,15.824915824915825
2.0883619085102074,15.824915824915825
2.088642210022604,15.824915824915825
2.0899556846110414,15.860328144720235
2.0907257661957255,15.860328144720235
2.0910922019005307,15.860328144720235
2.0912069109984097,15.860328144720235
2.091440162970508,15.860328144720235
2.0918428227732986,15.895710681244744
2.092055681355502,15.931063472047077
2.0934545033190664,15.931063472047077
2.0947025326356052,15.966386554621847
2.095140486778753,15.966386554621847
2.0954731825621122,15.966386554621847
2.095698720473147,15.966386554621847
2.0958710337151802,16.001679966400673
2.0971057013004346,16.036943744752307
2.097486357739875,16.036943744752307
2.098171372473118,16.036943744752307
2.098854365413962,16.036943744752307
2.098950280204717,16.072177926982796
2.0991651472323487,16.072177926982796
2.0996868892815157,16.072177926982796
2.100190981844083,16.10738255033557
2.1010550869208524,16.142557651991616
2.101252633421125,16.142557651991616
2.1013661980077343,16.142557651991616
2.1027221336014206,16.177703269069575
2.102904702691328,16.21281943862589
2.103661767811989,16.24790619765494
2.106791488972451,16.282963583089156
2.1072789625650326,16.282963583089156
2.1087038620435954,16.317991631799163
2.109456425926402,16.317991631799163
2.109796112499376,16.317991631799163
2.1104673700600456,16.352990380593894
2.11049832216602,16.387959866220736
2.111738096490213,16.42290012536565
2.112068591415315,16.4578111946533
2.113633317322442,16.4578111946533
2.1140124330429786,16.49269311064718
2.1147095166786642,16.52754590984975
2.1156592732021386,16.52754590984975
2.1161831884447033,16.562369628702545
2.1169197770728294,16.562369628702545
2.117376536670032,16.562369628702545
2.118062554824404,16.562369628702545
2.1182788289620795,16.562369628702545
2.1185878378757974,16.59716430358632
2.118649278347904,16.631929970821176
2.1189237189741577,16.631929970821176
2.119793212715676,16.631929970821176
2.119904739962118,16.631929970821176
2.1201873700140927,16.666666666666664
2.120297774613579,16.666666666666664
2.120475456640155,16.701374427321948
2.121026644075041,16.701374427321948
2.1210746231188886,16.701374427321948
2.1234531311899145,16.701374427321948
2.1236524565122163,16.736053288925895
2.1245891344015386,16.77070328755722
2.1246471735268124,16.77070328755722
2.1246927030001674,16.77070328755722
2.1251544509453004,16.77070328755722
2.125201234290577,16.80532445923461
2.1258229414999223,16.839916839916842
2.1260258500882294,16.839916839916842
2.1264151860589147,16.87448046550291
2.126491498925012,16.87448046550291
2.1272773558171005,16.909015371832155
2.1272999466409446,16.909015371832155
2.127537641113953,16.909015371832155
2.127798964837234,16.909015371832155
2.1281297969127486,16.943521594684384
2.128187877666298,16.943521594684384
2.1283278948726574,16.943521594684384
2.1287371442457967,16.97799916977999
2.1288220542256617,17.012448132780083
2.129010927038659,17.046868519286605
2.129047515370363,17.046868519286605
2.1292892577705684,17.081260364842453
2.1303012851314125,17.11562370493162
2.132579308878162,17.149958574979287
2.1325869277038665,17.184265010351968
2.1326313114744813,17.184265010351968
2.1327489699614506,17.218543046357617
2.133203659484517,17.25279271824576
2.135135904736155,17.25279271824576
2.1359498366090532,17.25279271824576
2.1359750618669606,17.25279271824576
2.138123599995232,17.28701406120761
2.138789123309155,17.28701406120761
2.139423161918364,17.32120711037619
2.139493885159817,17.32120711037619
2.139705291441537,17.32120711037619
2.1400557580092916,17.32120711037619
2.1406806325269367,17.355371900826448
2.1408708480808545,17.389508467575382
2.1417965045190126,17.389508467575382
2.142160375156609,17.389508467575382
2.142616262153144,17.389508467575382
2.14352565325825,17.423616845582163
2.1435832629273266,17.423616845582163
2.145079944959864,17.423616845582163
2.145264500269387,17.457697069748246
2.1459184563702665,17.491749174917494
2.1460763699614076,17.491749174917494
2.1466187610376806,17.491749174917494
2.1466384957514237,17.491749174917494
2.1473721076432306,17.491749174917494
2.147373217137941,17.491749174917494
2.1477362323802565,17.525773195876287
2.1492819996477954,17.55976916735367
2.1500825140891933,17.55976916735367
2.1501454682482564,17.593737124021423
2.1504595213204936,17.593737124021423
2.151265508313969,17.627677100494235
2.1520619192974206,17.661589131329766
2.153342015103295,17.661589131329766
2.1536075367404486,17.661589131329766
2.1538854732708934,17.661589131329766
2.1540414414747753,17.661589131329766
2.1546460083969716,17.661589131329766
2.1546521163085917,17.661589131329766
2.1548125630322588,17.661589131329766
2.155602445783209,17.661589131329766
2.1562455397659934,17.661589131329766
2.1563664975953944,17.661589131329766
2.15639709072298,17.695473251028808
2.1564240637295007,17.695473251028808
2.1576305640799656,17.729329494035376
2.1577546962710255,17.729329494035376
2.1583852130487178,17.729329494035376
2.1586988242634484,17.763157894736842
2.1597011783237283,17.763157894736842
2.1597581422859884,17.763157894736842
2.1598706634679976,17.763157894736842
2.1599534575049226,17.79695848746404
2.160032565191932,17.79695848746404
2.1600977060470505,17.830731306491373
2.1605260500681496,17.830731306491373
2.1611622262967707,17.864476386036962
2.1611760331689136,17.864476386036962
2.1615797988118404,17.898193760262725
2.1620688062218014,17.898193760262725
2.1621489573061172,17.931883463274517
2.1624061208343552,17.96554552912223
2.1626786450659696,17.99917999179992
2.163191998592249,18.0327868852459
2.163285794467883,18.0327868852459
2.164440588456401,18.0327868852459
2.1646666669253136,18.0327868852459
2.1676041831543826,18.0327868852459
2.168131441179353,18.066366243342895
2.168655645210284,18.066366243342895
2.169159093089614,18.066366243342895
2.169160641599785,18.0999180999181
2.16986701760304,18.13344248874335
2.16990456777878,18.16693944353519
2.170110378106003,18.16693944353519
2.17032338452784,18.200408997955012
2.1709158266715107,18.233851185609158
2.1731596901134997,18.26726604004904
2.173826464604824,18.30065359477124
2.17418638599792,18.33401388321764
2.1745127858810473,18.33401388321764
2.174955080094562,18.367346938775512
2.175279617048804,18.400652794777642
2.1765671424759696,18.400652794777642
2.1767050739289653,18.400652794777642
2.1774319153891497,18.400652794777642
2.1775608436280125,18.400652794777642
2.177681182182955,18.400652794777642
2.1778385965277467,18.43393148450245
2.1783961596057386,18.43393148450245
2.178480500790409,18.467183041174074
2.1790480408499056,18.467183041174074
2.1790593752389307,18.50040749796251
2.1800082769412144,18.533604887983707
2.1800461671531157,18.533604887983707
2.1807323534462237,18.533604887983707
2.180762407967399,18.533604887983707
2.1808561981713646,18.533604887983707
2.1813062620530013,18.533604887983707
2.1818894187517572,18.566775244299674
2.1828567379801296,18.566775244299674
2.1833751607994496,18.566775244299674
2.1845771384901447,18.566775244299674
2.1850620588749305,18.566775244299674
2.1851647508864986,18.5999185999186
2.1856817288192474,18.633034987794954
2.1857079372480266,18.633034987794954
2.1857276449517955,18.666124440829606
2.1857520417415155,18.666124440829606
2.1859934014224747,18.69918699186992
2.1862145459475544,18.69918699186992
2.186963788294951,18.732222673709874
2.18751110668168,18.765231519090168
2.187595509870559,18.798213560698336
2.1888431180062393,18.83116883116883
2.189111512722923,18.83116883116883
2.189805651555649,18.864097363083165
2.1906014048481923,18.896999188969993
2.192135943717216,18.896999188969993
2.192146057078623,18.92987434130523
2.1924484379116227,18.962722852512158
2.1929546122937817,18.962722852512158
2.1930668720676807,18.995544754961525
2.1939086009718447,19.02834008097166
2.194224048680868,19.061108862808577
2.195380866278691,19.093851132686083
2.1957583863881545,19.093851132686083
2.197143954723915,19.093851132686083
2.197355415424794,19.12656692276587
2.1973754734858626,19.12656692276587
2.1973796616861376,19.12656692276587
2.197389538135513,19.12656692276587
2.200687709925706,19.15925626515764
2.2015473751236603,19.19191919191919
2.201820462034203,19.19191919191919
2.2051845151301652,19.22455573505654
2.2055752762836676,19.25716592652402
2.206961440656397,19.289749798224374
2.2072100380329145,19.289749798224374
2.2073411645058196,19.289749798224374
2.207484595575547,19.322307382008873
2.2079484246958483,19.35483870967742
2.20842143500603,19.38734381297864
2.2090947725819805,19.38734381297864
2.211133636431056,19.419822723609993
2.2114169672359236,19.419822723609993
2.211942226604924,19.419822723609993
2.2148698646315688,19.419822723609993
2.215079900248503,19.419822723609993
2.21510458460158,19.45227547321788
2.2157171000563434,19.45227547321788
2.216108526378317,19.45227547321788
2.2168470149344532,19.484702093397747
2.2169879924909495,19.517102615694164
2.217249702752615,19.517102615694164
2.218550363160051,19.549477071600965
2.218602736378838,19.581825492561318
2.2200235009465445,19.581825492561318
2.220145618771868,19.581825492561318
2.2203596019192267,19.581825492561318
2.2203647914093056,19.614147909967848
2.2205771537031276,19.646444355162714
2.221012132440401,19.67871485943775
2.2212945708772796,19.710959454034523
2.223520182117972,19.710959454034523
2.223634903065238,19.710959454034523
2.2236421487516793,19.743178170144464
2.2236503704991017,19.775371038908947
2.223741232403535,19.807538091419406
2.224169310355521,19.839679358717436
2.2243532872280714,19.871794871794872
2.224707541100645,19.871794871794872
2.224850118042677,19.871794871794872
2.225545301848844,19.903884661593914
2.2255960988889893,19.903884661593914
2.226612802810839,19.903884661593914
2.2271810983483067,19.935948759007204
2.228005838171692,19.935948759007204
2.2287450107500435,19.96798719487795
2.2288326439300463,19.96798719487795
2.230010535241246,19.96798719487795
2.230031420543646,20.0
2.230154048561227,20.0
2.2303437454735144,20.03198720511795
2.2304061367996098,20.03198720511795
2.2305262052929904,20.06394884092726
2.230744231354799,20.06394884092726
2.2310343419938516,20.06394884092726
2.23111715374011,20.09588493807431
2.231310952173097,20.09588493807431
2.231475227266405,20.09588493807431
2.2317945636924303,20.09588493807431
2.2322030738485243,20.12779552715655
2.2322700792162897,20.159680638722556
2.23243892013997,20.159680638722556
2.2326852475727628,20.159680638722556
2.2327938077887013,20.191540303272145
2.2333819813460263,20.191540303272145
2.2335729477790007,20.191540303272145
2.2344774364245943,20.22337455125648
2.2347475912421615,20.22337455125648
2.2354238129574675,20.25518341307815
2.2355506806788026,20.25518341307815
2.2356197518147414,20.25518341307815
2.2366467697103656,20.25518341307815
2.237458237680799,20.28696691909127
2.2376830247445807,20.28696691909127
2.2379896750447235,20.28696691909127
2.2385063980927935,20.28696691909127
2.238823821777876,20.318725099601593
2.2394785133388924,20.350457984866587
2.239515465851045,20.350457984866587
2.2405571123984243,20.350457984866587
2.240792103856618,20.350457984866587
2.2408274641310153,20.350457984866587
2.2412461614593826,20.350457984866587
2.2414265086024945,20.382165605095544
2.241606376125755,20.413847990449664
2.2417344977159224,20.413847990449664
2.2418909820427237,20.413847990449664
2.2422413265299364,20.445505171042164
2.24255319545873,20.47713717693837
2.2425656065316133,20.47713717693837
2.243213627903702,20.47713717693837
2.2434497219320773,20.5087440381558
2.2436181325826907,20.5087440381558
2.2443214911657967,20.540325784664283
2.2444913977899543,20.57188244638602
2.2454279245796926,20.603414053195714
2.2458449749555602,20.634920634920633
2.2482887196592416,20.634920634920633
2.2488186281870575,20.66640222134074
2.2489153595578637,20.66640222134074
2.249898059648895,20.66640222134074
2.2508794543941932,20.697858842188737
2.2511541747777923,20.72929052715022
2.251154801950634,20.72929052715022
2.2512473176570564,20.72929052715022
2.25181093466754,20.72929052715022
2.251985647345839,20.72929052715022
2.252156867535434,20.72929052715022
2.2528398316032616,20.72929052715022
2.253731067687099,20.72929052715022
2.253777341357515,20.72929052715022
2.254089788549995,20.760697305863708
2.255591612957369,20.792079207920793
2.255637741631656,20.823436262866192
2.256106816262058,20.823436262866192
2.256282416411326,20.823436262866192
2.2574719746522476,20.823436262866192
2.2577807199393853,20.854768500197864
2.258016122986242,20.88607594936709
2.258470966148034,20.88607594936709
2.258482430978354,20.88607594936709
2.2587517386182827,20.88607594936709
2.259591272015942,20.88607594936709
2.260226527039331,20.88607594936709
2.260238608212706,20.91735863977857
2.2602796395493616,20.948616600790515
2.2609478127964397,20.979849861714737
2.2611938377636775,20.979849861714737
2.2612426122261735,21.011058451816748
2.2618603439966334,21.011058451816748
2.262189174037448,21.011058451816748
2.262190024570719,21.011058451816748
2.2622996471785437,21.011058451816748
2.2623679988506114,21.042242400315832
2.262727689884814,21.042242400315832
2.2638794598629066,21.042242400315832
2.2643665706393197,21.07340173638516
2.26445607467004,21.07340173638516
2.264669588089615,21.07340173638516
2.2649659437320673,21.104536489151872
2.266001477580891,21.104536489151872
2.2666583020222633,21.104536489151872
2.268081058539067,21.104536489151872
2.2683408936803775,21.104536489151872
2.268463032615394,21.104536489151872
2.2686484824247746,21.13564668769716
2.268815112634575,21.13564668769716
2.2691374892251437,21.13564668769716
2.2691843267887704,21.13564668769716
2.2697768763476707,21.13564668769716
2.271657976505058,21.166732361056365
2.272174458137396,21.166732361056365
2.2729771685252733,21.19779353821907
2.273136459837304,21.19779353821907
2.2731712587676123,21.228830248129185
2.273760884134146,21.228830248129185
2.2747620730451197,21.228830248129185
2.275608116532952,21.25984251968504
2.275613412391869,21.25984251968504
2.275911992048145,21.25984251968504
2.2761105740709078,21.25984251968504
2.2770523475845024,21.29083038173947
2.2771056667169374,21.321793863099924
2.27840050133856,21.321793863099924
2.279837993741541,21.321793863099924
2.2818924795541013,21.35273299252851
2.282263942406328,21.35273299252851
2.285086312041047,21.35273299252851
2.285109153707057,21.38364779874214
2.28646675257626,21.38364779874214
2.2865289647212457,21.38364779874214
2.2867575139386807,21.414538310412574
2.287463479894161,21.414538310412574
2.2903435697118444,21.414538310412574
2.2907473270977223,21.414538310412574
2.2926559976038257,21.445404556166537
2.2926668596158524,21.445404556166537
2.2928768377589313,21.445404556166537
2.2930657244771235,21.445404556166537
2.2936497146598005,21.47624656458579
2.293810151624122,21.47624656458579
2.2941064978073853,21.47624656458579
2.2944695436008913,21.47624656458579
2.2954813861540364,21.50706436420722
2.2966534233293014,21.50706436420722
2.2968925689508985,21.50706436420722
2.2970821632848675,21.50706436420722
2.2976322527224906,21.53785798352295
2.2976722951443325,21.53785798352295
2.2979100778551445,21.53785798352295
2.297941804679061,21.568627450980394
2.298290924934014,21.59937279498236
2.2988290561076408,21.59937279498236
2.300673983653415,21.59937279498236
2.3008915747433973,21.630094043887148
2.3008981398809705,21.660791226008616
2.3015873586100555,21.660791226008616
2.301992321614659,21.660791226008616
2.303028636132088,21.69146436961629
2.303564872190844,21.69146436961629
2.3046850643365455,21.722113502935418
2.3054291689834066,21.752738654147105
2.3054805478798848,21.752738654147105
2.3055590395560435,21.783339851388344
2.308181679019278,21.813917122752148
2.3084428734363565,21.844470496287613
2.3086076179004085,21.875
2.3087308431265328,21.90550566185084
2.309161732605734,21.935987509758
2.309471237823411,21.935987509758
2.309668195199962,21.935987509758
2.3115917736048797,21.966445571595784
2.311725948780333,21.966445571595784
2.3127938529305765,21.966445571595784
2.3152413847202125,21.966445571595784
2.3161483796542957,21.966445571595784
2.3161889911632696,21.996879875195006
2.3164621297647257,22.027290448343077
2.3169111300095304,22.027290448343077
2.316968719485284,22.027290448343077
2.317529906595827,22.0576773187841
2.318698165381261,22.0576773187841
2.3201002427310904,22.0576773187841
2.3208351831869027,22.0576773187841
2.32100104660587,22.0576773187841
2.3213235367112603,22.08804051421893
2.3213751596455583,22.08804051421893
2.321570462168244,22.118380062305295
2.3220143738575016,22.148695990657842
2.322047852255787,22.17898832684825
2.322076959377491,22.20925709840529
2.3221811394684297,22.23950233281493
2.3238069125631315,22.269724057520403
2.3245654070065407,22.269724057520403
2.325120744828294,22.2999222999223
2.3254256435910334,22.2999222999223
2.326365354084511,22.2999222999223
2.3265461895669994,22.330097087378643
2.327295025824822,22.330097087378643
2.3276028441265457,22.330097087378643
2.328033500829372,22.36024844720497
2.3280575085848647,22.390376406674427
2.3286664576499385,22.390376406674427
2.328708140998237,22.390376406674427
2.32872449650461,22.390376406674427
2.3295889199492916,22.420480993017843
2.330832928828712,22.420480993017843
2.3310017362092625,22.420480993017843
2.332115728457325,22.420480993017843
2.3323624983521647,22.450562233423806
2.3330053537144892,22.450562233423806
2.3337646841598194,22.450562233423806
2.3339341096740354,22.48062015503876
2.33442665840824,22.510654784967066
2.334971232229753,22.510654784967066
2.335093593887288,22.540666150271107
2.335209796311719,22.540666150271107
2.335647471660926,22.57065427797135
2.3371594763792136,22.60061919504644
2.3375033271725245,22.60061919504644
2.33794844570327,22.60061919504644
2.3380905213876604,22.63056092843327
2.3384204389429617,22.63056092843327
2.3392230130165528,22.63056092843327
2.3399292986910885,22.63056092843327
2.340254063175116,22.66047950502707
2.3409950530370423,22.66047950502707
2.3410390501838125,22.690374951681484
2.341296282343518,22.690374951681484
2.3417098987697327,22.690374951681484
2.342005595578281,22.690374951681484
2.343360198370074,22.690374951681484
2.3441276016962966,22.720247295208658
2.3453438899027423,22.720247295208658
2.3456454785417034,22.720247295208658
2.345893560047588,22.720247295208658
2.346030740881402,22.720247295208658
2.3468519466656423,22.720247295208658
2.3468695739031604,22.750096562379298
2.3470705374479794,22.750096562379298
2.3475147777267527,22.779922779922778
2.3476372663875074,22.809725974527208
2.3479432440206294,22.809725974527208
2.3479648617749582,22.839506172839506
2.3486697126274083,22.839506172839506
2.349498846881414,22.839506172839506
2.3499184231604824,22.869263401465485
2.3499747333996495,22.89899768696993
2.350085435741375,22.89899768696993
2.350336682326883,22.89899768696993
2.350488869471583,22.89899768696993
2.35110668305661,22.928709055876688
2.3518892792327666,22.95839753466872
2.3522805861566765,22.95839753466872
2.352665671787787,22.988063149788218
2.3529375026679102,22.988063149788218
2.353117472366585,22.988063149788218
2.3531233076523197,22.988063149788218
2.354350548613233,23.017705927636644
2.3544414181497415,23.017705927636644
2.354654579681028,23.017705927636644
2.3550693764399724,23.047325894574836
2.3558146445036625,23.076923076923077
2.356019718027928,23.10649750096117
2.3565296545430092,23.136049192928517
2.356666263532071,23.136049192928517
2.3568016281105426,23.136049192928517
2.357000396950347,23.1655781790242
2.3571700178623636,23.195084485407065
2.3575931988224204,23.224568138195778
2.3592659638561466,23.254029163468918
2.360542405177361,23.283467587265054
2.36057197125129,23.31288343558282
2.360675840400487,23.34227673438099
2.3607017944573276,23.34227673438099
2.360776893098464,23.34227673438099
2.3622959893429885,23.371647509578544
2.362788540430059,23.371647509578544
2.3630493842782223,23.400995787054768
2.363482871533304,23.400995787054768
2.364076414703435,23.43032159264931
2.3641095377694583,23.43032159264931
2.3641777910259747,23.43032159264931
2.364344587085301,23.43032159264931
2.364707650975597,23.43032159264931
2.3654556408731695,23.43032159264931
2.367168970896882,23.459624952162265
2.368240846285174,23.488905891354246
2.368651850602378,23.518164435946463
2.3687970221827994,23.518164435946463
2.3689373130949503,23.518164435946463
2.3692114222063267,23.518164435946463
2.3695531066348305,23.518164435946463
2.370373585901821,23.518164435946463
2.3705623432274745,23.547400611620795
2.370981459987244,23.547400611620795
2.371394683256548,23.57661444401987
2.371790480862187,23.57661444401987
2.371949412221645,23.57661444401987
2.372098899737664,23.605805958747137
2.373035062628907,23.605805958747137
2.3731584091206135,23.605805958747137
2.3733230160074417,23.605805958747137
2.3737102617606443,23.634975181366936
2.3757359105480793,23.634975181366936
2.3767676772746547,23.634975181366936
2.3772660469578,23.66412213740458
2.3781784355767224,23.693246852346434
2.378833172910655,23.693246852346434
2.3789981078113422,23.693246852346434
2.3798619090251862,23.72234935163997
2.380125401389572,23.751429660693862
2.380720756511316,23.78048780487805
2.3809710958716197,23.809523809523807
2.3812244936523155,23.83853769992384
2.3813643716160753,23.83853769992384
2.3824084181152756,23.83853769992384
2.382830066214,23.867529501332317
2.3828473550812097,23.867529501332317
2.382988070518671,23.896499238964992
2.3830656144695967,23.896499238964992
2.3844645558623445,23.92544693799924
2.385463598376865,23.92544693799924
2.3883137390380855,23.954372623574145
2.3886941630234615,23.983276320790576
2.3891812779214354,23.983276320790576
2.3892209312150388,23.983276320790576
2.3895323217241464,24.012158054711247
2.390763342038636,24.041017850360806
2.391053895613941,24.06985573272589
2.391228210738738,24.06985573272589
2.392060960047555,24.09867172675522
2.392272242866289,24.09867172675522
2.393349322518963,24.09867172675522
2.3940980464111776,24.09867172675522
2.394142834031352,24.09867172675522
2.395024762259697,24.09867172675522
2.3956347943902543,24.12746585735964
2.3958517668806505,24.15623814941221
2.395958703126092,24.184988627748293
2.3964504364640935,24.213717317165592
2.3965339256514318,24.242424242424242
2.396885075325094,24.271109428246877
2.3978839522898348,24.299772899318697
2.3980006812765224,24.299772899318697
2.399430515945855,24.299772899318697
2.3998148335333687,24.299772899318697
2.4003261959765183,24.299772899318697
2.4005950731426524,24.299772899318697
2.401048089885479,24.299772899318697
2.401106141346014,24.299772899318697
2.40142159231593,24.32841468028755
2.4014368844378002,24.32841468028755
2.4017172835478724,24.32841468028755
2.402071336641638,24.357034795763994
2.4022230352619154,24.357034795763994
2.4030403915552134,24.357034795763994
2.4040933793614228,24.357034795763994
2.4042976903946394,24.357034795763994
2.4044712685089196,24.38563327032136
2.4053803687787347,24.414210128495842
2.4057126940647953,24.44276539478655
2.4058475266945805,24.44276539478655
2.406510862233891,24.44276539478655
2.4067737816342243,24.47129909365559
2.4068669676892562,24.499811249528126
2.4085950953577724,24.528301886792452
2.4087664508935727,24.556771029800075
2.40956305701894,24.556771029800075
2.409747942784895,24.556771029800075
2.4097666031996097,24.556771029800075
2.4104696823047065,24.556771029800075
2.4109785464774136,24.58521870286576
2.412110813202942,24.58521870286576
2.4123343990791297,24.613644930267622
2.4128140591057763,24.642049736247174
2.4130864895043964,24.642049736247174
2.414154133788724,24.642049736247174
2.414478349779648,24.670433145009415
2.4149818565255416,24.670433145009415
2.415574962283846,24.670433145009415
2.416200872229757,24.670433145009415
2.4169301783985944,24.69879518072289
2.417269409900148,24.72713586751976
2.4175165041916498,24.72713586751976
2.417532324585035,24.72713586751976
2.4191174846193215,24.755455229495862
2.419443440150181,24.755455229495862
2.41969152796861,24.755455229495862
2.4197777243429943,24.783753290710795
2.41993050587849,24.81203007518797
2.420125166931355,24.840285606914694
2.4204676494321298,24.868519909842224
2.4206958621181154,24.896733007885842
2.421126897715036,24.896733007885842
2.421165805975613,24.896733007885842
2.421238042970078,24.896733007885842
2.4215113532305446,24.924924924924923
2.421786187420169,24.953095684803
2.4218820605499394,24.981245311327832
2.4244211024956255,24.981245311327832
2.424680004502842,24.981245311327832
2.424725072234563,25.009373828271464
2.4249327597597605,25.037481259370313
2.4251082964857353,25.037481259370313
2.425176373888623,25.037481259370313
2.425390659009155,25.037481259370313
2.4254221683476906,25.065567628325212
2.42636157349604,25.0936329588015
2.4265812286584234,25.0936329588015
2.4268745291661706,25.0936329588015
2.427432693536781,25.0936329588015
2.4287481301924907,25.0936329588015
2.4288369532116145,25.0936329588015
2.4291640596025026,25.121677274429054
2.42954523235467,25.121677274429054
2.429673605397211,25.149700598802394
2.4296815814565402,25.177702955480736
2.4299187896473398,25.205684367988034
2.430040411584713,25.205684367988034
2.4305672264307976,25.205684367988034
2.4317871460588107,25.205684367988034
2.432116569386323,25.233644859813083
2.4321234566294163,25.233644859813083
2.4324747842377756,25.233644859813083
2.43330558700673,25.26158445440957
2.4340794572290565,25.289503175196117
2.434544954494788,25.317401045556387
2.4359693292755646,25.317401045556387
2.436163239932342,25.317401045556387
2.4367668078164044,25.317401045556387
2.4368815458075916,25.317401045556387
2.436927621048,25.34527808883912
2.4369770113082354,25.34527808883912
2.4393345110144113,25.37313432835821
2.440047683670537,25.37313432835821
2.4410898901357423,25.400969787392764
2.4411634988917257,25.428784489187173
2.4413652660053375,25.456578456951174
2.441454230810657,25.48435171385991
2.4415632442926967,25.512104283054004
2.4418447128660294,25.539836187639615
2.4419072349624407,25.5675474506885
2.441983440273249,25.595238095238095
2.4424927586428473,25.595238095238095
2.442603566627926,25.622908144291557
2.442665053250859,25.622908144291557
2.4430404604368263,25.650557620817843
2.4433021041364404,25.678186547751764
2.4437253996552717,25.705794947994054
2.443896353663507,25.733382844411434
2.444007503561517,25.733382844411434
2.4445633122721215,25.733382844411434
2.44482984751237,25.760950259836672
2.445244855164855,25.788497217068645
2.4453512448091828,25.816023738872403
2.4456104753161028,25.816023738872403
2.4456297165522716,25.843529847979234
2.445989845130672,25.843529847979234
2.446636933972811,25.843529847979234
2.447049385607716,25.843529847979234
2.44706369681028,25.87101556708673
2.447912266422364,25.898480918858834
2.447986428311847,25.925925925925924
2.4485230699717233,25.925925925925924
2.448591280627294,25.925925925925924
2.4487562904443037,25.953350610884858
2.449327565783044,25.953350610884858
2.449669420922615,25.953350610884858
2.4497165365587863,25.953350610884858
2.4501453841722127,25.953350610884858
2.4526307820518265,25.953350610884858
2.4527032204403008,25.953350610884858
2.4531688011929735,25.980754996299037
2.4532118986854585,25.980754996299037
2.453658835741773,26.008139104698486
2.45459572584368,26.008139104698486
2.4547161903476016,26.008139104698486
2.45504957834072,26.008139104698486
2.4554686039911293,26.035502958579883
2.45592169570866,26.035502958579883
2.4562572071544584,26.062846580406656
2.4569837818590607,26.062846580406656
2.457346885130414,26.09016999260902
2.4573749476865623,26.09016999260902
2.4576625270692034,26.09016999260902
2.4580952523797372,26.117473217584042
2.458095971909806,26.117473217584042
2.4586971095079635,26.14475627769572
2.458729187195686,26.17201919527501
2.4588919094278645,26.199261992619927
2.4590807260077896,26.226484691995573
2.459937034525052,26.226484691995573
2.4608034625049187,26.226484691995573
2.4611642898521247,26.226484691995573
2.46172314166647,26.253687315634217
2.4626664521473325,26.253687315634217
2.46312671397104,26.253687315634217
2.4634719054245546,26.253687315634217
2.463559603004463,26.28086988573535
2.464008297904818,26.28086988573535
2.4647688454756516,26.28086988573535
2.4648647778487462,26.308032424465733
2.464963272051681,26.308032424465733
2.4652118048927782,26.335174953959484
2.465408699888284,26.335174953959484
2.465509127798431,26.362297496318117
2.466192046171947,26.389400073610602
2.466416360731119,26.389400073610602
2.4669403711829787,26.389400073610602
2.4669530140217453,26.389400073610602
2.4670248266640598,26.389400073610602
2.468122196083127,26.389400073610602
2.4693454073234107,26.416482707873435
2.4693734896791217,26.443545421110702
2.469434314011211,26.443545421110702
2.469442762233216,26.443545421110702
2.4696578348563216,26.443545421110702
2.4700626098618788,26.47058823529412
2.4702669614130386,26.47058823529412
2.47032270076232,26.4976111723631
2.4707281162590995,26.4976111723631
2.471726629809447,26.4976111723631
2.472825092650654,26.4976111723631
2.4735569765183905,26.4976111723631
2.4748000367141634,26.4976111723631
2.475298180670413,26.4976111723631
2.4754739010531623,26.524614254224833
2.4759919793215905,26.551597502754316
2.4771349523560993,26.551597502754316
2.4774414679752246,26.551597502754316
2.478802720227378,26.551597502754316
2.479569533595076,26.551597502754316
2.4801253604391773,26.551597502754316
2.480348825312397,26.57856093979442
2.480419697008957,26.605504587155966
2.4804654755894386,26.605504587155966
2.4812866405799467,26.632428466617753
2.4822299774262557,26.632428466617753
2.4823568533127824,26.632428466617753
2.482505048942412,26.632428466617753
2.4826518220871776,26.65933259992666
2.4830862541534247,26.68621700879765
2.48349585353421,26.68621700879765
2.483709490194535,26.71308171491389
2.483880429987705,26.71308171491389
2.4843535112584663,26.71308171491389
2.4847144212045404,26.71308171491389
2.484724930479468,26.71308171491389
2.4848767100383413,26.73992673992674
2.4856424221836786,26.766752105455875
2.4868564612145674,26.79355783308931
2.4872514838873467,26.79355783308931
2.487478895838535,26.79355783308931
2.487672479640649,26.79355783308931
2.4877352893307414,26.79355783308931
2.4888406313094236,26.79355783308931
2.489231804681332,26.79355783308931
2.489364283203589,26.79355783308931
2.4893998814072145,26.820343944383463
2.490400444735363,26.820343944383463
2.4909559772709216,26.820343944383463
2.4909849089857516,26.847110460863206
2.491099987172798,26.847110460863206
2.491128824903947,26.87385740402194
2.4917534700362216,26.900584795321635
2.4918735192862735,26.927292656192915
2.491958860543352,26.95398100803506
2.492155058246524,26.98064987221614
2.492323095126602,27.00729927007299
2.4937606337135803,27.033929222911347
2.493931581392856,27.033929222911347
2.494234523096284,27.060539752005834
2.494431608282718,27.060539752005834
2.494768918313033,27.087130878600075
2.4948095891165334,27.113702623906704
2.4950083315063125,27.113702623906704
2.495163664393006,27.113702623906704
2.4952185855100786,27.140255009107467
2.495628605506166,27.16678805535324
2.495652362056171,27.16678805535324
2.4956955943449763,27.16678805535324
2.496529016694763,27.193301783764106
2.4969586890559228,27.219796215429405
2.4978598004515407,27.219796215429405
2.4980970131648674,27.219796215429405
2.4984084955597354,27.219796215429405
2.498577513786151,27.246271371407783
2.499103673869008,27.27272727272727
2.499426693149992,27.27272727272727
2.5000119131029837,27.299163940385313
2.5005586297004174,27.299163940385313
2.500891553639362,27.299163940385313
2.5009090812407635,27.299163940385313
2.501659237132882,27.325581395348834
2.502400939303447,27.351979658554303
2.5027525645519644,27.351979658554303
2.5035477824812307,27.351979658554303
2.5044192389924755,27.351979658554303
2.5044462714238387,27.351979658554303
2.504472121315692,27.378358750907772
2.5045575922092627,27.378358750907772
2.504866379217608,27.378358750907772
2.5049279820518384,27.404718693284934
2.505163297341498,27.404718693284934
2.5054917677616246,27.431059506531202
2.50572142283711,27.457381211461733
2.5063261626549145,27.483683828861494
2.5066956049707185,27.509967379485325
2.507418019586083,27.509967379485325
2.50759720705483,27.536231884057973
2.5090333286587136,27.562477363274173
2.509053550085622,27.562477363274173
2.5090888160505473,27.562477363274173
2.509238568962685,27.588703837798693
2.509294984182739,27.588703837798693
2.5094172020612553,27.614911328266377
2.509951392727507,27.641099855282196
2.5101526273570856,27.66726943942134
2.51035100628015,27.66726943942134
2.510915040369101,27.66726943942134
2.511338477448139,27.66726943942134
2.512229032679244,27.66726943942134
2.5124006250349513,27.66726943942134
2.5128828352380346,27.69342010122921
2.5132588109311262,27.69342010122921
2.513793141634046,27.69342010122921
2.5147380125567915,27.719551861221543
2.514756887586821,27.719551861221543
2.514860332526314,27.74566473988439
2.515205387068387,27.771758757674252
2.5154715783110135,27.771758757674252
2.5160920882938522,27.79783393501805
2.516594394603406,27.823890292313248
2.5169482268182306,27.84992784992785
2.5170489480770093,27.875946628200506
2.5174375215429476,27.875946628200506
2.517619038890123,27.875946628200506
2.5184883634187947,27.901946647440518
2.518836916346364,27.901946647440518
2.519222442535627,27.927927927927925
2.5192895881032493,27.953890489913547
2.51946322018935,27.953890489913547
2.520072663871526,27.979834353619015
2.5205701945342662,28.005759539236863
2.520578634138828,28.005759539236863
2.520747364428811,28.031666066930548
2.521085246991217,28.05755395683453
2.5215161435839315,28.05755395683453
2.522127391734641,28.05755395683453
2.522334014804537,28.05755395683453
2.5224182701275715,28.0834232290543
2.523258175025153,28.109273903666427
2.5233991381395575,28.13510600071865
2.5248737128066727,28.13510600071865
2.525837937455674,28.160919540229884
2.525894844823782,28.186714542190305
2.526410790695038,28.212491026561377
2.5280210540068317,28.238249013275922
2.528142613175998,28.238249013275922
2.528440220940081,28.238249013275922
2.528560067620326,28.263988522238165
2.52881541135539,28.289709573323773
2.529407730445076,28.31541218637993
2.5299101479765915,28.341096381225366
2.5303406102380563,28.36676217765043
2.5304921609485693,28.36676217765043
2.5306757029872347,28.36676217765043
2.5307397413888513,28.392409595417114
2.5313865240495144,28.392409595417114
2.531735112990463,28.418038654259124
2.5317543566025744,28.418038654259124
2.531805373460398,28.44364937388193
2.5318774858296647,28.469241773962807
2.5319795333486166,28.469241773962807
2.533082726703521,28.494815874150873
2.533169094771739,28.494815874150873
2.533499028807231,28.494815874150873
2.533739722746917,28.520371694067194
2.5346480936265086,28.545909253304753
2.5347969493230647,28.545909253304753
2.5358547861846183,28.545909253304753
2.5374716455143123,28.57142857142857
2.538291448688804,28.596929667975722
2.538546464136682,28.62241256245539
2.539016675953377,28.62241256245539
2.53901809474312,28.62241256245539
2.5399742571155115,28.64787727434891
2.540236963900938,28.64787727434891
2.540335440272778,28.673323823109843
2.5404437112589267,28.673323823109843
2.541011957364882,28.673323823109843
2.5418319500296582,28.673323823109843
2.541840277179728,28.673323823109843
2.5429718890515676,28.673323823109843
2.5431560477860113,28.698752228163993
2.5434489736578274,28.72416250890948
2.5435004154897403,28.72416250890948
2.543887848531454,28.72416250890948
2.543947990505978,28.72416250890948
2.543968829672786,28.72416250890948
2.545511207170637,28.749554684716777
2.5456903240410855,28.774928774928775
2.5464004263253552,28.800284798860805
2.546772483614648,28.825622775800714
2.548264194416934,28.850942725008892
2.548292658328454,28.850942725008892
2.5484554797819663,28.850942725008892
2.5487276672109784,28.850942725008892
2.5491037218698716,28.87624466571835
2.5494165893999132,28.90152861713473
2.5505482835126423,28.926794598436388
2.550865147745016,28.926794598436388
2.5518397294826634,28.926794598436388
2.553839074661441,28.95204262877442
2.554046891908279,28.95204262877442
2.554383568687957,28.97727272727273
2.55522310320481,29.00248491302804
2.5552973941735364,29.00248491302804
2.555426121673283,29.00248491302804
2.5556130129899386,29.027679205110008
2.556303995524024,29.027679205110008
2.556426842132445,29.027679205110008
2.5576034940660692,29.027679205110008
2.5579957969872846,29.05285562256119
2.5584491000681915,29.078014184397162
2.558809996386337,29.10315490960652
2.5591217822117667,29.128277817150956
2.5594154873262953,29.128277817150956
2.55950346596528,29.128277817150956
2.5596118265652716,29.128277817150956
2.5596506083574804,29.15338292596529
2.5598471180660503,29.178470254957507
2.560384803371484,29.20353982300885
2.5611390838524137,29.22859164897382
2.5620787323439003,29.22859164897382
2.562237349898105,29.25362575168023
2.563426947154544,29.25362575168023
2.563520081069268,29.25362575168023
2.5648650730476037,29.27864214992928
2.5657695175492177,29.27864214992928
2.566244648138068,29.27864214992928
2.5662854930090133,29.303640862495584
2.5667228715577313,29.303640862495584
2.5683443056293704,29.328621908127207
2.5696488723976874,29.353585305545742
2.5701524234135,29.353585305545742
2.570532791871042,29.353585305545742
2.570965092570772,29.353585305545742
2.571067322859951,29.353585305545742
2.5710971978507433,29.353585305545742
2.5712062143022503,29.37853107344633
2.5713351800915776,29.37853107344633
2.5718035227090916,29.40345923049771
2.5720229230741904,29.40345923049771
2.5720536809601264,29.40345923049771
2.5720724707430054,29.428369795342274
2.572203681583422,29.428369795342274
2.573118449286957,29.453262786596117
2.57336749794985,29.478138222849083
2.5735376027939365,29.502996122664786
2.574724293514289,29.52783650458069
2.5748944124350657,29.552659387108136
2.575466067324005,29.552659387108136
2.575520047310912,29.577464788732392
2.5756876382043936,29.60225272791271
2.5759521810566297,29.60225272791271
2.5760982326999318,29.62702322308234
2.57621866796489,29.651776292648613
2.57704898328381,29.676511954992968
2.5770617923443666,29.701230228471005
2.577538337367138,29.72593113141251
2.577705923083485,29.75061468212153
2.578362176669497,29.775280898876407
2.5785252495414417,29.775280898876407
2.5786197062494485,29.775280898876407
2.578667108838762,29.799929799929796
2.578821770084011,29.799929799929796
2.578914894653263,29.82456140350877
2.5792424307236717,29.82456140350877
2.579787320635709,29.849175727814803
2.580080795956997,29.873772791023846
2.5801491191747497,29.898352611286366
2.580423672542269,29.922915206727403
2.580494817799426,29.947460595446586
2.580954714067356,29.971988795518207
2.5814315499399996,29.99649982499125
2.581759860324965,30.02099370188943
2.5833190130042007,30.045470444211265
2.5836353787398996,30.069930069930066
2.5837656259633763,30.094372596994056
2.583766355682644,30.094372596994056
2.5841928700218806,30.094372596994056
2.584747233667192,30.094372596994056
2.5849025015643514,30.118798043326343
2.5852210652273255,30.118798043326343
2.585991902937959,30.118798043326343
2.5864083575981405,30.118798043326343
2.587072119384613,30.14320642682501
2.5871352898860165,30.14320642682501
2.5872142835764995,30.16759776536313
2.5882052046425104,30.19197207678883
2.5882530021644032,30.19197207678883
2.5882615467149304,30.19197207678883
2.5891561860952996,30.19197207678883
2.5894677388028677,30.19197207678883
2.589819340882414,30.216329378925334
2.5901256405408213,30.216329378925334
2.5908991504593355,30.216329378925334
2.59104210387826,30.216329378925334
2.5914348615757303,30.240669689570982
2.5916083447576326,30.240669689570982
2.5917468373676336,30.264993026499305
2.592155500450641,30.289299407459048
2.5924371229978016,30.313588850174217
2.5926918833055534,30.337861372344133
2.592757210285217,30.337861372344133
2.592981261789447,30.362116991643457
2.5946256253002415,30.362116991643457
2.594872733896673,30.386355725722243
2.594955249971953,30.386355725722243
2.594995382318253,30.410577592205986
2.595233933165773,30.434782608695656
2.596237848722063,30.45897079276773
2.5965833444301927,30.45897079276773
2.5966283759057824,30.45897079276773
2.5966720129376637,30.45897079276773
2.5973224495780554,30.483142161974282
2.5974067281282367,30.50729673384295
2.597607550602446,30.53143452587704
2.5987485058261472,30.53143452587704
2.5987599175530276,30.555555555555557
2.5991636832398894,30.579659840333218
2.5992714882262833,30.579659840333218
2.6002448407968437,30.60374739764053
2.600530446822456,30.60374739764053
2.600996287318337,30.60374739764053
2.6010848981987866,30.6278182448838
2.6017012063900076,30.6278182448838
2.602395423500651,30.651872399445214
2.6024431407269297,30.651872399445214
2.6028901585348465,30.651872399445214
2.603221935675526,30.675909878682845
2.6040473609314874,30.6999306999307
2.605045608566788,30.6999306999307
2.606518168160241,30.72393488049879
2.6073579906561166,30.72393488049879
2.6077860332908642,30.72393488049879
2.608083496941895,30.72393488049879
2.6087754508352603,30.72393488049879
2.6092882305761944,30.72393488049879
2.6094022101728287,30.747922437673132
2.609674763106438,30.747922437673132
2.6098104035185763,30.747922437673132
2.6100374188376816,30.747922437673132
2.6101562508745872,30.77189338871582
2.6102413195762852,30.79584775086505
2.6104648352589455,30.79584775086505
2.6104999749414417,30.79584775086505
2.610630613978041,30.79584775086505
2.610711551597782,30.819785541335175
2.6110320662803517,30.819785541335175
2.611198232450059,30.843706777316736
2.6114104305311177,30.843706777316736
2.6120520475292497,30.843706777316736
2.6122747933030133,30.843706777316736
2.6125139732815885,30.867611475976496
2.6125335469324558,30.891499654457498
2.6127620340589783,30.915371329879104
2.6140989570320676,30.915371329879104
2.6141292729235537,30.939226519337016
2.614135763682019,30.963065239903347
2.615215750847115,30.963065239903347
2.6154548344361896,30.986887508626637
2.6158311385607163,30.986887508626637
2.616231478793315,31.01069334253191
2.6164696049653284,31.01069334253191
2.6165778701600386,31.01069334253191
2.617228431399901,31.01069334253191
2.617617021331724,31.01069334253191
2.618110287958121,31.01069334253191
2.6195784390578676,31.03448275862069
2.619817888704546,31.05825577387108
2.6202610515273634,31.05825577387108
2.6203509558202547,31.05825577387108
2.620428388055275,31.05825577387108
2.6206413404017384,31.08201240523777
2.62133410511541,31.08201240523777
2.6215899552364346,31.10575266965208
2.6216846166448904,31.10575266965208
2.6226301705021013,31.10575266965208
2.6227735693531633,31.10575266965208
2.6232286333260135,31.129476584022036
2.623306334126404,31.129476584022036
2.6234490886640707,31.129476584022036
2.6235423997369844,31.129476584022036
2.623905100184645,31.129476584022036
2.624088548416244,31.153184165232357
2.6242240637938274,31.17687543014453
2.624277382841368,31.17687543014453
2.6243867682611737,31.20055039559684
2.6244203151761947,31.20055039559684
2.6254611534470023,31.20055039559684
2.625484690827425,31.20055039559684
2.6256802781090016,31.20055039559684
2.626220128927999,31.224209078404403
2.6263267342414767,31.24785149535923
2.6267634313611237,31.27147766323024
2.627631167072473,31.29508759876331
2.627872388177548,31.29508759876331
2.6281950368981035,31.29508759876331
2.6282887429932362,31.318681318681318
2.629168634989505,31.318681318681318
2.6296861725072103,31.318681318681318
2.629849933295491,31.318681318681318
2.6304602533957238,31.318681318681318
2.631079146245204,31.342258839684174
2.6312512799788124,31.365820178448867
2.6314278218349045,31.3893653516295
2.631452054225628,31.412894375857338
2.632001860037298,31.412894375857338
2.632141460631257,31.43640726774083
2.632198889532427,31.43640726774083
2.6325791870964244,31.43640726774083
2.6325867943636077,31.43640726774083
2.633307827392709,31.45990404386566
2.633496962025594,31.45990404386566
2.634130627947995,31.45990404386566
2.6361238168420718,31.45990404386566
2.6362213187015655,31.483384720794795
2.6373217665115405,31.483384720794795
2.6375213695906896,31.506849315068493
2.637634807364777,31.53029784320438
2.6382582780230086,31.53029784320438
2.639314563387981,31.553730321697465
2.639421371934324,31.553730321697465
2.6394371572884965,31.577146767020185
2.6401618587889724,31.600547195622436
2.640329008496869,31.62393162393162
2.640739150723422,31.62393162393162
2.6412020751921004,31.62393162393162
2.641869853725429,31.62393162393162
2.6421362656866205,31.647300068352703
2.642429888695473,31.647300068352703
2.642448413071184,31.67065254526819
2.6427109312689105,31.693989071038253
2.6427710971245344,31.71730966200068
2.6432186487349583,31.71730966200068
2.643417354812381,31.71730966200068
2.644022285885939,31.74061433447099
2.6447418461639884,31.763903104742408
2.645224942419173,31.78717598908595
2.645655493640352,31.810433003750425
2.6462563645160353,31.83367416496251
2.646280800799051,31.85689948892675
2.6473051827957947,31.88010899182561
2.647373364403129,31.903302689819547
2.6478175266966932,31.926480599046968
2.647820915322583,31.926480599046968
2.647877418529522,31.949642735624362
2.648220333328649,31.949642735624362
2.6485419186741153,31.97278911564626
2.6504871128942993,31.99591975518531
2.6505021619705404,31.99591975518531
2.6521456528672753,32.01903467029232
2.6527238023454354,32.01903467029232
2.653331895069222,32.01903467029232
2.6535833574760463,32.04213387699627
2.654532184451471,32.04213387699627
2.654677125448968,32.04213387699627
2.6547951530403027,32.065217391304344
2.65487931174721,32.065217391304344
2.654977806365549,32.065217391304344
2.6551316923193697,32.088285229202036
2.6556246425714547,32.11133740665309
2.655779913858688,32.11133740665309
2.6565299694281155,32.13437393959959
2.6568426109143504,32.15739484396201
2.6574562475701673,32.15739484396201
2.6582226654617798,32.180400135639196
2.659114752203613,32.20338983050847
2.65959747921436,32.20338983050847
2.659632434370031,32.226363944425614
2.6596941406338375,32.226363944425614
2.6602477324316616,32.24932249322493
2.6606304050422795,32.24932249322493
2.6607321438819582,32.24932249322493
2.661041681910674,32.27226549271927
2.6614190186320967,32.29519295870007
2.6616099410756333,32.31810490693739
2.66212704858352,32.31810490693739
2.662304557213063,32.34100135317997
2.6623511825925608,32.36388231315522
2.662778818288854,32.3867478025693
2.6627984126077897,32.3867478025693
2.6628344434818216,32.40959783710713
2.6636449947512197,32.432432432432435
2.663871053861981,32.432432432432435
2.664741147376122,32.45525160418777
2.6650650492315546,32.4780553679946
2.6651245871158133,32.50084373945326
2.665259452571113,32.523616734143054
2.6652986976205253,32.523616734143054
2.6656639864390534,32.523616734143054
2.6658079561463692,32.54637436762226
2.6662977086336674,32.56911665542819
2.6663230152201387,32.56911665542819
2.667350617548439,32.56911665542819
2.6678235040719853,32.56911665542819
2.6681978790504086,32.59184361307718
2.668621844139893,32.61455525606469
2.6686413589219655,32.63725159986527
2.668894902002761,32.63725159986527
2.669027331515296,32.659932659932664
2.66912852175821,32.659932659932664
2.6691735398643797,32.659932659932664
2.6698322624292397,32.659932659932664
2.6701441730056263,32.659932659932664
2.670149781483163,32.68259845169976
2.67077319599527,32.68259845169976
2.671595275863422,32.68259845169976
2.672041391737324,32.68259845169976
2.6721801046879317,32.68259845169976
2.672272186665421,32.68259845169976
2.672707563547969,32.70524899057873
2.672730454871604,32.72788429196098
2.673637607697171,32.75050437121722
2.673637925865216,32.773109243697476
2.673821222288711,32.773109243697476
2.6740027945736298,32.795698924731184
2.6740048160222005,32.795698924731184
2.6743191121570966,32.81827342962714
2.6748964655169587,32.840832773673604
2.675277870413127,32.840832773673604
2.6753833863509473,32.863376972138305
2.67541556363145,32.863376972138305
2.6756864477201567,32.863376972138305
2.6759077721504143,32.863376972138305
2.6761327855254455,32.863376972138305
2.67632116127693,32.88590604026846
2.67635412228818,32.88590604026846
2.6766553256953114,32.88590604026846
2.67720134740923,32.88590604026846
2.6775476748720313,32.90841999329084
2.677701419841107,32.93091884641181
2.6781041148886815,32.95340261481729
2.6781566138513466,32.95340261481729
2.6782490037245417,32.975871313672926
2.6782592015032507,32.99832495812395
2.6787833223747253,33.02076356329538
2.6791805098240267,33.04318714429193
2.6797071670603656,33.065595716198125
2.6797475303882976,33.065595716198125
2.6799068531137613,33.065595716198125
2.6808535347153475,33.065595716198125
2.681066978507702,33.065595716198125
2.6811541667484544,33.065595716198125
2.681410305988755,33.087989294078284
2.681875657442022,33.087989294078284
2.6819337398237435,33.087989294078284
2.682195522183738,33.087989294078284
2.682416064715297,33.11036789297659
2.682498221452928,33.13273152791709
2.6825536379866417,33.13273152791709
2.682694017068414,33.13273152791709
2.6832843226288428,33.13273152791709
2.6834072434589777,33.155080213903744
2.6837990029069987,33.17741396592048
2.683840930139842,33.199732798931194
2.683981696547625,33.2220367278798
2.6842508908366822,33.2220367278798
2.685179695693507,33.244325767690256
2.686171665095749,33.244325767690256
2.686484436879139,33.244325767690256
2.686698650693566,33.2665999332666
2.686715199794389,33.2665999332666
2.687232166191904,33.2665999332666
2.6873932471838895,33.28885923949299
2.6877698160275303,33.28885923949299
2.687923833021638,33.28885923949299
2.688309554059241,33.31110370123375
2.688341527719009,33.33333333333333
2.689309024432432,33.35554815061646
2.6893895067343205,33.37774816788808
2.6894848962327225,33.3999333999334
2.689486032277722,33.3999333999334
2.6896142738539575,33.422103861517975
2.6898395705266083,33.422103861517975
2.6898613010299393,33.44425956738768
2.689954653608306,33.44425956738768
2.690450289635044,33.4664005322688
2.690765992836002,33.4664005322688
2.6910151734556904,33.48852677086798
2.6911702025394515,33.51063829787234
2.691259739875389,33.51063829787234
2.691606335246876,33.51063829787234
2.6918780454793882,33.51063829787234
2.6919020101969835,33.532735127949486
2.6924819253261045,33.5548172757475
2.6925860879875896,33.57688475589505
2.6927932788565276,33.59893758300132
2.6932523299681366,33.620975771656155
2.6934214796691704,33.620975771656155
2.694444829841274,33.620975771656155
2.6944918037909775,33.64299933642999
2.6946056052324083,33.66500829187397
2.695057654169746,33.687002652519894
2.695251433498454,33.70898243288035
2.6952791788115347,33.73094764744864
2.6960272317137592,33.75289831069891
2.6968780091125955,33.75289831069891
2.6975076739615345,33.75289831069891
2.697564422539083,33.75289831069891
2.697582858930547,33.75289831069891
2.6975999173676493,33.77483443708609
2.6976851262810078,33.79675604104601
2.6976973304878116,33.81866313699537
2.6981330689041614,33.84055573933179
2.6984022582280565,33.84055573933179
2.6991371722165476,33.86243386243386
2.6993100671417953,33.86243386243386
2.6993629165451205,33.88429752066116
2.699666373765388,33.88429752066116
2.700122303745551,33.906146728354265
2.7003103779209896,33.92798149983482
2.70088863169147,33.949801849405546
2.7014808842803983,33.949801849405546
2.702062327033612,33.949801849405546
2.7023228869797715,33.97160779135028
2.7024501963555077,33.993399339933994
2.7031857442182936,33.993399339933994
2.703288346301193,33.993399339933994
2.7038489201443276,34.01517650940284
2.704115610803731,34.01517650940284
2.7042007883906605,34.01517650940284
2.705024790748176,34.03693931398417
2.7051205363685624,34.05868776788658
2.705228738441828,34.080421885299934
2.705947573080319,34.080421885299934
2.70595302041031,34.102141680395384
2.706570802635002,34.12384716732543
2.706931668274243,34.1455383602239
2.7070863206416256,34.1455383602239
2.707718825791571,34.1455383602239
2.7077682117122923,34.1455383602239
2.70782749291587,34.16721527320606
2.7082925981541663,34.18887792036854
2.708308598024528,34.18887792036854
2.7083985581518695,34.21052631578947
2.708497040407395,34.21052631578947
2.7088824900036577,34.21052631578947
2.7090281860959164,34.232160473528445
2.7094953971218985,34.25378040762656
2.7096848795037585,34.25378040762656
2.710070050666873,34.27538613210647
2.710225213737009,34.27538613210647
2.7103589064872455,34.27538613210647
2.71042060169518,34.2969776609724
2.7104309590748246,34.2969776609724
2.710469850511428,34.2969776609724
2.711496677384637,34.31855500821018
2.711946438769161,34.34011818778726
2.7119821156782318,34.36166721365277
2.7122153129416544,34.38320209973753
2.7125082078171747,34.38320209973753
2.7127601208374132,34.38320209973753
2.7128856723178454,34.404722859954084
2.7133594467011966,34.42622950819672
2.7135540103621008,34.447722058341526
2.7136174069266947,34.447722058341526
2.7136868302916795,34.469200524246396
2.7138302035413715,34.49066491975106
2.7142071332629047,34.51211525867714
2.7147810724469297,34.53355155482815
2.715100824824125,34.55497382198953
2.7153742488131787,34.55497382198953
2.7156655901482307,34.55497382198953
2.715892118978251,34.55497382198953
2.7160432874673983,34.57638207392869
2.7160774060349087,34.57638207392869
2.716087178951131,34.57638207392869
2.7161247497464687,34.59777632439503
2.7170968857127313,34.619156587119974
2.717200701953708,34.64052287581699
2.7172729542872593,34.64052287581699
2.718318729144858,34.64052287581699
2.718775357728438,34.66187520418164
2.719812053478375,34.68321358589158
2.720253526081957,34.68321358589158
2.720455018392716,34.7045380346066
2.7208081879308925,34.72584856396867
2.7209961989273386,34.74714518760196
2.7210533884853176,34.768427919112845
2.7216734951572294,34.768427919112845
2.7222172174996793,34.78969677208999
2.7223670706729854,34.8109517601043
2.722435756044853,34.832192896709024
2.7224896951220683,34.85342019543974
2.723038896370511,34.85342019543974
2.723428967530007,34.87463366981439
2.7236101661754457,34.89583333333333
2.7238678260605713,34.91701919947934
2.7239258308500336,34.938191281717636
2.724302582463402,34.959349593495936
2.7248528329108375,34.980494148244475
2.724889863208397,34.980494148244475
2.725088619912445,34.980494148244475
2.7253443017088674,35.00162495937602
2.7256693052039003,35.00162495937602
2.7262593747574546,35.0227420402859
2.726284710816238,35.0227420402859
2.726289812581007,35.04384540435206
2.726587277142836,35.04384540435206
2.726833482201986,35.04384540435206
2.728012813432092,35.064935064935064
2.7285098967330432,35.08601103537812
2.7297104435590342,35.08601103537812
2.730356185969191,35.107073329007136
2.73068521155322,35.128121959130716
2.7310612859460495,35.1491569390402
2.73110381661557,35.17017828200972
2.7315293787019828,35.191186001296174
2.731643611695329,35.21218011013929
2.731745721485612,35.233160621761655
2.7317501037931966,35.25412754936873
2.731862312271694,35.25412754936873
2.7324555532134007,35.25412754936873
2.732519673962838,35.25412754936873
2.7333280513102447,35.275080906148865
2.7333397625774993,35.29602070527337
2.7335010332292393,35.316946959896505
2.7346746120401826,35.337859683155514
2.7354717247745413,35.337859683155514
2.7357266073740765,35.358758888170655
2.735824570060145,35.37964458804523
2.7361646378703304,35.400516795865634
2.736411019883747,35.400516795865634
2.7365336845966315,35.421375524701325
2.736630607437905,35.4422207876049
2.7371447439937384,35.46305259761213
2.7376712989981735,35.483870967741936
2.7377911556748837,35.504675910996454
2.737794772875484,35.525467440361055
2.7381145541019114,35.525467440361055
2.7385725103052736,35.54624556880439
2.738971752266474,35.56701030927835
2.739425211303481,35.5877616747182
2.7395305397042975,35.5877616747182
2.7396476402753454,35.5877616747182
2.7399128834750828,35.6084996780425
2.7403627694208397,35.6084996780425
2.7411147568274807,35.6292243321532
2.7414579965576964,35.64993564993565
2.742011119583546,35.6706336442586
2.7425426293363384,35.6706336442586
2.743243151031252,35.6706336442586
2.743630133457043,35.69131832797427
2.743713667894619,35.69131832797427
2.7437558435517184,35.69131832797427
2.743800292599662,35.69131832797427
2.744280031126615,35.71198971391835
2.7446556762005616,35.71198971391835
2.7447030794621616,35.732647814910024
2.7458370643713432,35.75329264375201
2.74640338760593,35.75329264375201
2.746437690255188,35.77392421323057
2.7465238834450827,35.79454253611557
2.747206338358057,35.815147625160456
2.7492232381817105,35.835739493102345
2.7495323234140323,35.835739493102345
2.7497027116225548,35.835739493102345
2.7497362077910372,35.85631815266196
2.7501687092031384,35.85631815266196
2.750277743111497,35.876883616543765
2.7506808290602334,35.8974358974359
2.7508426456276567,35.91797500801025
2.750899751554844,35.91797500801025
2.751245499398556,35.91797500801025
2.7512686726801596,35.93850096092249
2.75226834112122,35.93850096092249
2.7535845230714373,35.959013768812035
2.7536179016638447,35.97951344430218
2.7539785914135813,35.97951344430218
2.754173906676629,36.0
2.7545128766194686,36.0
2.754595270215024,36.0
2.7548434990802853,36.02047344849648
2.7554201809278114,36.02047344849648
2.755513967861684,36.02047344849648
2.7556410334761825,36.02047344849648
2.7558521589656984,36.02047344849648
2.755893578517283,36.04093380236649
2.756637253748744,36.0613810741688
2.7568702462227375,36.08181527644615
2.757039255095017,36.08181527644615
2.75705720316675,36.102236421725244
2.758248459160865,36.122644522516765
2.758522682894468,36.122644522516765
2.7587553024228906,36.122644522516765
2.758970114701307,36.14303959131545
2.7589702220438466,36.14303959131545
2.759027264316801,36.16342164060006
2.759144700617141,36.18379068283344
2.7597008586440546,36.20414673046252
2.7597309228534734,36.224489795918366
2.760185370425406,36.244819891616196
2.7613389576456937,36.26513702995538
2.7613522010747835,36.26513702995538
2.7618685557487876,36.26513702995538
2.762022808591987,36.28544122331953
2.7622156936053677,36.30573248407643
2.7622458655018907,36.30573248407643
2.762613346924821,36.32601082457816
2.7631772215636365,36.32601082457816
2.763190304156296,36.32601082457816
2.764009022341233,36.346276257161044
2.7649250670657315,36.36652879414572
2.7663646380352613,36.36652879414572
2.76657852842093,36.36652879414572
2.7666773426201288,36.38676844783715
2.7669508162148473,36.40699523052464
2.7673869438067533,36.42720915448188
2.7680727458018404,36.447410231966956
2.7683167336568753,36.46759847522236
2.7684397808692114,36.487773896475076
2.768592346016315,36.487773896475076
2.768725275141393,36.487773896475076
2.768900999347765,36.487773896475076
2.7691357906325473,36.487773896475076
2.769159941701329,36.487773896475076
2.7695818141087987,36.507936507936506
2.7696119844207066,36.507936507936506
2.770254965421187,36.507936507936506
2.770414966100643,36.507936507936506
2.7707842969501875,36.507936507936506
2.7709607564559873,36.5280863218026
2.771640875168695,36.5280863218026
2.771771164196689,36.54822335025381
2.7718699491043903,36.54822335025381
2.7718725561553774,36.54822335025381
2.7719071210030184,36.56834760545512
2.7719911290895642,36.56834760545512
2.772071745171008,36.58845909955612
2.772279790972446,36.58845909955612
2.7723475484284608,36.58845909955612
2.7724094120790674,36.58845909955612
2.7728267684681596,36.608557844690964
2.7732691573995334,36.608557844690964
2.7732924868036033,36.628643852978456
2.7736121625366774,36.648717136522016
2.7736181038300294,36.66877770740975
2.7741473166165895,36.66877770740975
2.7743177497246143,36.66877770740975
2.774331869539237,36.66877770740975
2.774688501114306,36.66877770740975
2.774772243749045,36.68882557771447
2.7752536534646337,36.708860759493675
2.775374349399252,36.708860759493675
2.7753882972001946,36.708860759493675
2.775959533731574,36.708860759493675
2.776220221714355,36.708860759493675
2.776230693237488,36.72888326478962
2.777222273819897,36.74889310562935
2.7774026607832947,36.76889029402466
2.778049888413922,36.76889029402466
2.7780791681234227,36.78887484197219
2.7781242946172955,36.78887484197219
2.77844273394542,36.808846761453395
2.778581777779966,36.828806064434616
2.779222434506653,36.828806064434616
2.779340151416462,36.848752762867065
2.779518192961157,36.868686868686865
2.779876305043023,36.88860839381508
2.7801432624624507,36.88860839381508
2.7801880407894646,36.90851735015773
2.780745510791896,36.9284137496058
2.781660063775954,36.948297604035304
2.781945115620746,36.948297604035304
2.7820309811241146,36.948297604035304
2.78217341691345,36.948297604035304
2.782952870675463,36.96816892530728
2.783928170308787,36.96816892530728
2.7846754970767806,36.988027725267806
2.7851384957167276,37.00787401574803
2.7851506885693715,37.00787401574803
2.7851796051298017,37.02770780856423
2.785255684172424,37.04752911551778
2.785557976368989,37.06733794839522
2.7868144743275045,37.08713431896823
2.7868317116370034,37.10691823899371
2.7872915010785917,37.12668972021377
2.7873249728751506,37.12668972021377
2.787534588320524,37.14644877435575
2.787686033824384,37.166195413132264
2.7878361065291752,37.166195413132264
2.7878964504035064,37.185929648241206
2.788051154908772,37.185929648241206
2.788091370055728,37.185929648241206
2.7881659124868423,37.185929648241206
2.7884187675100858,37.185929648241206
2.788456098011038,37.185929648241206
2.788784178904678,37.20565149136578
2.788841122637599,37.20565149136578
2.7897097682940704,37.22536095417451
2.790164927885484,37.22536095417451
2.7902467866390697,37.245058048321305
2.7903557308137303,37.26474278544542
2.790998223639816,37.284415177171525
2.7910975544326013,37.284415177171525
2.791326379317331,37.30407523510972
2.7915997476396486,37.323722970855535
2.7916408535105677,37.323722970855535
2.791752678953302,37.34335839598997
2.791975529078452,37.34335839598997
2.791979976015274,37.362981522079544
2.7924237114684516,37.362981522079544
2.7924633728971355,37.38259236067627
2.7928798415508727,37.38259236067627
2.7930250084578434,37.40219092331768
2.7930301273264613,37.40219092331768
2.7932402525026134,37.42177722152691
2.7933690910237012,37.42177722152691
2.794454332745235,37.42177722152691
2.794661819251695,37.44135126681264
2.7950836523487173,37.44135126681264
2.795528367634676,37.460913070669164
2.795931571762154,37.48046264457643
2.796588763138011,37.48046264457643
2.796903221810287,37.48046264457643
2.79692065465287,37.5
2.79708018045633,37.5
2.797098915729621,37.519525148391125
2.797284416615718,37.539038101186755
2.797400411002183,37.539038101186755
2.7980526013905243,37.539038101186755
2.798334769393124,37.539038101186755
2.8000135693469743,37.539038101186755
2.8000334293539844,37.55853886980955
2.800407425681386,37.578027465667915
2.800755637340724,37.578027465667915
2.8009035940550664,37.597503900156006
2.80183947371373,37.597503900156006
2.8021106235279865,37.597503900156006
2.8040452089355417,37.61696818465378
2.8040815741656555,37.61696818465378
2.804205458914656,37.636420330526974
2.804454916853247,37.636420330526974
2.8058727089013313,37.636420330526974
2.8062058410486825,37.65586034912718
2.8065300457482065,37.65586034912718
2.806603068509155,37.65586034912718
2.8070779427851127,37.65586034912718
2.8071169967520198,37.675288251791834
2.807611970167156,37.675288251791834
2.807734914545171,37.69470404984423
2.807840611140784,37.714107754593584
2.8079990040486926,37.733499377334994
2.809219364071232,37.733499377334994
2.8094430107204986,37.733499377334994
2.809478256402672,37.752878929349514
2.8098641529937844,37.77224642190417
2.810069577132634,37.77224642190417
2.810120462748349,37.791601866251945
2.8103451427630834,37.81094527363184
2.811065932175825,37.83027665526888
2.8112301524143257,37.83027665526888
2.8112817776290386,37.84959602237414
2.8120737863022596,37.868903386144765
2.812870573421194,37.88819875776397
2.8133176605121433,37.88819875776397
2.8134523317418973,37.88819875776397
2.8134525662173733,37.907482148401115
2.813599147077798,37.92675356921167
2.8138765709970963,37.94601303133726
2.81403648690918,37.94601303133726
2.8145712057918555,37.96526054590571
2.8148821372779698,37.98449612403101
2.815305595670435,37.98449612403101
2.8155718411992328,38.00371977681339
2.8155993004835147,38.02293151533932
2.816823648650194,38.04213135068154
2.816991884276371,38.06131929389904
2.818607838364652,38.080495356037154
2.81875658614342,38.080495356037154
2.818989321592467,38.080495356037154
2.8195400675983167,38.09965954812751
2.8195400842115665,38.11881188118812
2.81987725693027,38.137952366223324
2.8200065256423525,38.15708101422387
2.8204745468580823,38.17619783616693
2.8205795169152754,38.17619783616693
2.8211158552798574,38.19530284301607
2.8218367065956866,38.21439604572135
2.8228598826699467,38.23347745521927
2.8230646430850683,38.25254708243285
2.8241062525306835,38.25254708243285
2.824241123860437,38.25254708243285
2.8245635485851857,38.2716049382716
2.8250882813015985,38.2906510336316
2.8251606442094053,38.2906510336316
2.8251676848815386,38.30968537939544
2.825172799934543,38.32870798643231
2.825201250714178,38.32870798643231
2.8255060230543947,38.34771886559803
2.825562119561354,38.366718027734976
2.8265079581346297,38.366718027734976
2.8266059786457265,38.366718027734976
2.8266093641511203,38.366718027734976
2.8266634975667375,38.38570548367221
2.826672708876556,38.38570548367221
2.826954095508387,38.40468124422544
2.82866666335284,38.40468124422544
2.8291819831654768,38.42364532019704
2.829413567369001,38.442597722376114
2.8295541565427826,38.46153846153847
2.8304487917659964,38.46153846153847
2.8308045573528395,38.46153846153847
2.8308200564419486,38.48046754844663
2.8318462931072754,38.48046754844663
2.8319544451373786,38.48046754844663
2.832609299176395,38.49938499384994
2.8327328446058853,38.51829080848447
2.833350542966542,38.53718500307314
2.8337784733873135,38.556067588325654
2.8341260221468403,38.57493857493858
2.834306198602688,38.593797973595336
2.8345642341499286,38.593797973595336
2.8345750242459546,38.61264579496624
2.8345774510197628,38.631482049708495
2.83463928670049,38.65030674846626
2.8352438062572074,38.669119901870594
2.835499698210821,38.68792152053955
2.835933616380519,38.70671161507815
2.8367693752434535,38.72549019607843
2.836996575876846,38.72549019607843
2.8372908659903655,38.74425727411945
2.8377314001629017,38.7630128597673
2.8385186130873548,38.7630128597673
2.8386111360608113,38.78175696357515
2.83863482216029,38.80048959608323
2.8388409588427885,38.81921076781891
2.8390488751717378,38.837920489296636
2.8393456858533046,38.856618771018034
2.8396164660195296,38.87530562347188
2.8401237816971108,38.89398105713413
2.8402428280327627,38.912645082467925
2.8404056769510877,38.93129770992366
2.840513981876334,38.949938949938954
2.8406335337344872,38.949938949938954
2.8408927718091412,38.949938949938954
2.8411685849203825,38.949938949938954
2.841272436335493,38.96856881293866
2.842795417962765,38.987187309334956
2.8431533359580494,39.00579444952729
2.8431582221666476,39.00579444952729
2.8440261222959564,39.00579444952729
2.8440635478038194,39.00579444952729
2.844640597542863,39.02439024390244
2.844801205329724,39.02439024390244
2.8453257579938427,39.042974702834506
2.8453742009043594,39.061547836684944
2.8454459326224453,39.061547836684944
2.8454897979482325,39.080109655802616
2.84580577543388,39.09866017052375
2.846047888207075,39.09866017052375
2.846071081461785,39.117199391171994
2.846283376973798,39.117199391171994
2.8463510247974013,39.117199391171994
2.8472667626581667,39.13572732805843
2.847663197649037,39.13572732805843
2.847769585526865,39.13572732805843
2.8478434337289826,39.13572732805843
2.8479355661608663,39.15424399148159
2.84800107326369,39.15424399148159
2.8485370174897553,39.15424399148159
2.8488523291937753,39.15424399148159
2.849029417817327,39.17274939172749
2.8494883074836115,39.191243539069625
2.8501246056717453,39.209726443769
2.8501546957534765,39.22819811607414
2.850580559777935,39.24665856622114
2.850991480286467,39.26510780443365
2.8512554385348636,39.28354584092289
2.8520909662076934,39.30197268588771
2.8527264127851444,39.30197268588771
2.852862651981645,39.32038834951456
2.853269083526622,39.33879284197756
2.8533763879959526,39.33879284197756
2.853508754536142,39.35718617343845
2.853728475931769,39.37556835404668
2.8538730184469165,39.37556835404668
2.853920415805042,39.39393939393939
2.8539650424920815,39.41229930324145
2.8546858419639327,39.43064809206541
2.854704656512685,39.448985770511655
2.855382026073005,39.46731234866828
2.8554074214621235,39.46731234866828
2.8555373145640073,39.4856278366112
2.855778255399652,39.50393224440412
2.8559296607950446,39.52222558209858
2.855978044206929,39.54050785973398
2.8561626101831967,39.55877908733756
2.856276256441152,39.55877908733756
2.856288215128616,39.577039274924466
2.8563055145927474,39.59528843249773
2.8564215801729573,39.61352657004831
2.8566148578705985,39.631753697555084
2.85666457469276,39.64996982498491
2.856757402508148,39.66817496229261
2.8570143466397107,39.68636911942099
2.857219115898833,39.68636911942099
2.8574465914655813,39.70455230630087
2.8574647445801147,39.70455230630087
2.857660954387499,39.72272453285112
2.857965609860197,39.72272453285112
2.8582498267318632,39.72272453285112
2.8591089491850292,39.72272453285112
2.8593880714024986,39.74088580897861
2.8597198488587954,39.75903614457831
2.8601450318421624,39.75903614457831
2.861203320010886,39.777175549533276
2.8614451182229854,39.777175549533276
2.8622125942292684,39.777175549533276
2.8622133173488886,39.777175549533276
2.862425915249273,39.777175549533276
2.8627487151183746,39.777175549533276
2.8628895723996144,39.777175549533276
2.8634852468892498,39.79530403371463
2.863516332871781,39.79530403371463
2.8635692670456225,39.81342160698164
2.8638486120385642,39.83152827918171
2.8639281582972496,39.83152827918171
2.863939320407231,39.83152827918171
2.8640868258844976,39.849624060150376
2.8657238857101226,39.867708959711365
2.8658452894023876,39.867708959711365
2.865999569346577,39.885782987676585
2.866727231980949,39.90384615384615
2.8674115795659905,39.90384615384615
2.867807180816826,39.90384615384615
2.8682635881962595,39.90384615384615
2.869019517718841,39.90384615384615
2.8700076453016834,39.90384615384615
2.870371062439298,39.90384615384615
2.870452268583189,39.92189846800841
2.870731528804041,39.93993993993994
2.87088511792461,39.95797057940558
2.8712177391988822,39.97599039615846
2.8712402851649266,39.97599039615846
2.8717050454450073,39.97599039615846
2.8722423187581154,39.97599039615846
2.872411440558708,39.97599039615846
2.8728015645189102,39.993999399939995
2.873438612582594,40.0119976004799
2.873911665150389,40.0119976004799
2.874551221785744,40.02998500749625
2.874596418991415,40.04796163069545
2.8750394226301528,40.06592747977225
2.8751183136663263,40.06592747977225
2.8751634465944966,40.083882564409826
2.875212661048348,40.101826894279725
2.875636471565806,40.101826894279725
2.876025842299142,40.119760479041915
2.876299623017726,40.13768332834481
2.876637200744586,40.155595451825256
2.8768728296597956,40.155595451825256
2.8770106221108276,40.155595451825256
2.8772238521023223,40.155595451825256
2.8772480840831705,40.155595451825256
2.8783858884155067,40.17349685910859
2.87841678611574,40.17349685910859
2.878552161200277,40.19138755980861
2.878607410534592,40.19138755980861
2.8787911371631365,40.19138755980861
2.8789042713335085,40.20926756352765
2.878948812009839,40.20926756352765
2.8793180617975844,40.227136879856545
2.8793210405258396,40.244995518374665
2.879330564021193,40.26284348864994
2.880147387044863,40.280680800238876
2.8801865563536193,40.280680800238876
2.880191358309155,40.298507462686565
2.8802284117262307,40.31632348552671
2.8802944822191114,40.334128878281625
2.8805911594479654,40.351923650462275
2.8806004071300473,40.351923650462275
2.88094524367288,40.369707811568276
2.8818761723172286,40.38748137108793
2.8819832581363976,40.405244338498214
2.882741262009346,40.42299672326482
2.8836396974911582,40.42299672326482
2.88365874632567,40.44073853484217
2.8837132219820023,40.44073853484217
2.8837484256894603,40.45846978267342
2.8842395278043447,40.476190476190474
2.8843587647917626,40.476190476190474
2.884452898202898,40.476190476190474
2.884518274386346,40.493900624814046
2.884672697764868,40.493900624814046
2.885098151530138,40.493900624814046
2.885138545389631,40.5116002379536
2.8855632559592057,40.5116002379536
2.8857495249659424,40.5116002379536
2.886506278283041,40.52928932500743
2.8869559669890186,40.54696789536266
2.887157064778242,40.56463595839524
2.8873032317048875,40.56463595839524
2.8886236381051225,40.58229352346999
2.888700336335326,40.599940599940595
2.889310544337499,40.599940599940595
2.8893826437945522,40.61757719714964
2.889865284509221,40.61757719714964
2.8900616067333162,40.635203324428616
2.891019310912293,40.635203324428616
2.89110177527303,40.652818991097924
2.891499358597049,40.652818991097924
2.892202676528222,40.652818991097924
2.8922246749514193,40.670424206466926
2.8924457298358255,40.670424206466926
2.8928381064189397,40.68801897983393
2.8937122323684403,40.68801897983393
2.8941601129663352,40.70560332048622
2.8943646601377218,40.72317723770006
2.895045372062297,40.72317723770006
2.8960799329273756,40.72317723770006
2.8961642018803704,40.72317723770006
2.896186997137741,40.74074074074074
2.896201386790421,40.758293838862556
2.896805734161459,40.77583654130885
2.8976023192677083,40.77583654130885
2.8977743445898634,40.79336885731202
2.897780996054592,40.79336885731202
2.8984416408693043,40.79336885731202
2.898640661655893,40.81089079609352
2.8988235049219346,40.828402366863905
2.8989157102981196,40.845903578822835
2.899269513689187,40.86339444115908
2.8994107259188864,40.880874963050545
2.8995558714290857,40.8983451536643
2.9003324395093633,40.91580502215657
2.9009322868596863,40.93325457767277
2.9010667813874957,40.95069382934751
2.9012313770358262,40.968122786304605
2.9012497005405455,40.98554145765713
2.9012896399279917,40.98554145765713
2.901778798136801,40.98554145765713
2.9019666820178665,41.00294985250738
2.9020407266040698,41.02034797994692
2.902592786170427,41.02034797994692
2.9031681747306783,41.02034797994692
2.903244966021891,41.0377358490566
2.903408353117736,41.0377358490566
2.9035941060287853,41.0377358490566
2.9038971014119923,41.055113468906576
2.9041054760351623,41.055113468906576
2.9041294733132963,41.072480848556275
2.904609268144918,41.08983799705449
2.9047423357583138,41.08983799705449
2.904909516467746,41.10718492343934
2.9051440126905868,41.10718492343934
2.905460436875293,41.10718492343934
2.9057857503570115,41.1245216367383
2.9059832834148844,41.1245216367383
2.906035070577161,41.1245216367383
2.9060887430260998,41.14184814596822
2.90637565837657,41.15916446013534
2.906590000819256,41.15916446013534
2.9067372953843007,41.15916446013534
2.9067865645680424,41.17647058823529
2.906787158519702,41.19376653925316
2.906984850361135,41.19376653925316
2.908154931279863,41.21105232216343
2.908283761164376,41.22832794593006
2.9089679080965363,41.22832794593006
2.909232410135947,41.24559341950646
2.9093332334333515,41.24559341950646
2.9097560406634213,41.262848751835534
2.9098178497533453,41.262848751835534
2.9100600161974675,41.28009395184968
2.9102104649494853,41.2973290284708
2.9105616465847954,41.2973290284708
2.910717886844654,41.31455399061033
2.9110518242947316,41.33176884716926
2.9111823761549505,41.348973607038126
2.911968632815186,41.36616827909704
2.9119747594017453,41.38335287221571
2.912066681772395,41.40052739525345
2.9130873122576086,41.40052739525345
2.9131288259671204,41.41769185705917
2.9134217931289963,41.434846266471446
2.91358116249815,41.451990632318505
2.9137552586408315,41.4691249634182
2.913803621908919,41.48624926857812
2.9141996017323377,41.503363556595495
2.9144757763980924,41.52046783625731
2.914488748756062,41.53756211634025
2.91451278048843,41.53756211634025
2.9145903158774344,41.53756211634025
2.9146438638193355,41.53756211634025
2.9148839475679704,41.554646405610754
2.914912832772016,41.554646405610754
2.915058756401851,41.571720712825005
2.9159513097305445,41.58878504672897
2.916077641226292,41.58878504672897
2.916716059693053,41.58878504672897
2.9168459869838395,41.58878504672897
2.917208044653247,41.605839416058394
2.9174923929160745,41.605839416058394
2.9176076741496035,41.605839416058394
2.917736628792402,41.62288382953882
2.9180876672236056,41.639918295885614
2.918134335598029,41.656942823803966
2.918444794115389,41.656942823803966
2.9185403351779464,41.656942823803966
2.9188747107788746,41.673957421988916
2.9195017573804236,41.690962099125365
2.9195579170333077,41.690962099125365
2.9196691008123823,41.690962099125365
2.919805387570746,41.70795686388808
2.9199956956556883,41.72494172494173
2.920523895214082,41.74191669094087
2.9216702721286714,41.74191669094087
2.9219426918101883,41.758881770529996
2.9219466360010586,41.758881770529996
2.9220002576985133,41.758881770529996
2.9220005161452667,41.77583697234352
2.9221071002814534,41.77583697234352
2.922361388910367,41.79278230500582
2.9232361388169887,41.80971777713122
2.9234684860416844,41.82664339732403
2.9237835521487554,41.82664339732403
2.9239874732700297,41.84355917417854
2.9242019670862778,41.86046511627907
2.924224213787743,41.86046511627907
2.9242773793286787,41.877361232199945
2.924515728009838,41.89424753050552
2.924623767426303,41.91112401975022
2.9257669555749555,41.91112401975022
2.9258587130824787,41.91112401975022
2.92587163972211,41.92799070847851
2.9258773868024415,41.944847605224965
2.9261114520561704,41.96169471851422
2.9264345096119135,41.97853205686104
2.9270475206412327,41.9953596287703
2.9270608778127527,42.01217744273703
2.927580831563302,42.028985507246375
2.928257969776205,42.028985507246375
2.9283387909477416,42.028985507246375
2.9283714516337085,42.045783830773686
2.928812097076402,42.045783830773686
2.9289570078656264,42.06257242178447
2.929206831630273,42.079351288734436
2.92944186767345,42.096120440069484
2.9295125202032346,42.096120440069484
2.9298365496417116,42.11287988422576
2.929908793759295,42.129629629629626
2.9310626094606143,42.129629629629626
2.931742610436619,42.14636968469772
2.9322973187956847,42.1631000578369
2.9325213271687205,42.17982075744435
2.9326725520239005,42.19653179190752
2.933130182925546,42.21323316960416
2.933194014012278,42.21323316960416
2.9334416783612007,42.22992489890237
2.9341710896357505,42.24660698816056
2.934360589691695,42.263279445727484
2.9343809257148368,42.279942279942276
2.934691269017751,42.279942279942276
2.935115401439121,42.29659549913445
2.935172906461395,42.313239111623886
2.9354036958118823,42.32987312572088
2.9354846418165303,42.346497549726145
2.935488550663411,42.363112391930834
2.935980171354896,42.363112391930834
2.93600848259426,42.363112391930834
2.9364153743189685,42.37971766061654
2.9365269308681716,42.37971766061654
2.936540611179419,42.3963133640553
2.9366154127984667,42.3963133640553
2.9371670744579257,42.41289951050965
2.937554329110444,42.429476108232585
2.9376092251454335,42.44604316546763
2.9382418011837226,42.44604316546763
2.9385224603540827,42.44604316546763
2.938888371628388,42.462600690448795
2.939124591974407,42.47914869140063
2.93930870647093,42.49568717653824
2.9393564419168166,42.49568717653824
2.9397826955142943,42.49568717653824
2.939897435767681,42.51221615406726
2.9404276721191116,42.51221615406726
2.940539153934651,42.5287356321839
2.941059505956811,42.545245619074976
2.941313735791876,42.56174612291787
2.94203655584221,42.57823715188056
2.942201215681507,42.5947187141217
2.942763858091727,42.5947187141217
2.9431137763135715,42.61119081779053
2.9440869990213834,42.61119081779053
2.9440870138570068,42.61119081779053
2.944142995672166,42.61119081779053
2.9441640693110704,42.61119081779053
2.9446380298395507,42.62765347102697
2.944638908189021,42.62765347102697
2.9447317154594947,42.64410668196157
2.9451674722313355,42.64410668196157
2.9451831245615243,42.64410668196157
2.9453599890263487,42.64410668196157
2.945748167965447,42.64410668196157
2.945875402557774,42.6605504587156
2.9462334599487585,42.67698480940098
2.9464041063770514,42.693409742120345
2.946516772505497,42.70982526496706
2.9466748356139103,42.7262313860252
2.9467351944085665,42.7262313860252
2.9469194315357643,42.7262313860252
2.947004404594397,42.7426281133696
2.9470709911222435,42.75901545506583
2.9472082888104274,42.77539341917024
2.9478525203762884,42.77539341917024
2.9478789315627356,42.79176201372998
2.948185586708304,42.79176201372998
2.948213219783889,42.79176201372998
2.9486744479918143,42.79176201372998
2.948758807371458,42.80812124678295
2.948791144623753,42.80812124678295
2.9490439126397314,42.80812124678295
2.9497426143622447,42.82447112635792
2.9497947545163785,42.82447112635792
2.950052575897241,42.84081166047442
2.950521759315675,42.84081166047442
2.9507292840946007,42.857142857142854
2.9508150418192574,42.87346472436447
2.9508758546478817,42.889777270131354
2.9510722199394808,42.889777270131354
2.9511874860585405,42.90608050242649
2.9512648707620053,42.922374429223744
2.951516631702502,42.922374429223744
2.951727490463567,42.93865905848788
2.9518399439830563,42.95493439817456
2.9522930695325647,42.9712004562304
2.952711936048704,42.98745724059293
2.952804546476125,42.98745724059293
2.952808050095932,42.98745724059293
2.952978845783184,43.003704759190654
2.9531841722656282,43.01994301994302
2.95322266659876,43.03617203076047
2.9533005660080605,43.052391799544424
2.954263106190171,43.052391799544424
2.954297980241997,43.052391799544424
2.9543565118348756,43.068602334187304
2.9544709452109146,43.08480364257257
2.954643993319027,43.08480364257257
2.954700252542225,43.10099573257468
2.9551451863995055,43.117178612059156
2.955550838390623,43.117178612059156
2.955601881965065,43.13335228888257
2.9558861338083413,43.13335228888257
2.9563975028802294,43.14951677089255
2.9565944726945697,43.14951677089255
2.956810997541528,43.14951677089255
2.957425878314403,43.165672065927815
2.9575006180234107,43.18181818181818
2.957824561781717,43.19795512638455
2.958337672170477,43.21408290743896
2.958447015701436,43.21408290743896
2.9584922427650615,43.230201532784555
2.9587499129190604,43.24631101021566
2.9588204676778713,43.262411347517734
2.958959641236201,43.27850255246739
2.959141231003355,43.29458463283243
2.959593497378609,43.29458463283243
2.959851661331178,43.31065759637188
2.95994014102142,43.32672145083593
2.9603946449209144,43.342776203966004
2.96099612711746,43.35882186349476
2.9615485120285325,43.35882186349476
2.961918756801855,43.37485843714609
2.962168661891042,43.39088593263515
2.9621924289211155,43.39088593263515
2.9625727263093435,43.40690435766837
2.963278159088482,43.42291371994342
2.9635981530409725,43.42291371994342
2.9636207390564366,43.42291371994342
2.964434805048075,43.42291371994342
2.965281801584097,43.42291371994342
2.9655598370725906,43.43891402714932
2.9657193396042674,43.45490528696636
2.9658528887766797,43.45490528696636
2.965867798379339,43.470887507066145
2.966061890422578,43.48686069511161
2.966088152533092,43.48686069511161
2.9666370280295875,43.50282485875706
2.9666433250110957,43.518780005648125
2.966824590282354,43.5347261434218
2.966896326542542,43.5347261434218
2.9670398083916205,43.55066327970646
2.9670466698438114,43.566591422121896
2.967277565427638,43.566591422121896
2.9672982744819865,43.58251057827927
2.967306760817668,43.58251057827927
2.967593847978611,43.59842075578116
2.967817977640833,43.614321962221595
2.967945842003472,43.63021420518602
2.968469549942545,43.63021420518602
2.9685643728598876,43.63021420518602
2.968641533355423,43.64609749225134
2.9689739801908126,43.64609749225134
2.968985529940167,43.66197183098591
2.9693470166577556,43.66197183098591
2.9694379512591214,43.66197183098591
2.9698528435175326,43.67783722894959
2.970137653080506,43.67783722894959
2.970341083741614,43.69369369369369
2.9703568179648943,43.70954123276105
2.9707049019038596,43.725379853685986
2.970768035919721,43.741209563994374
2.9709035028337913,43.7570303712036
2.970974211938166,43.7570303712036
2.970992297935542,43.7570303712036
2.9714453970203496,43.7728422828226
2.9715256789065694,43.7728422828226
2.9716730257140043,43.78864530635188
2.971688669239976,43.78864530635188
2.9721942168849513,43.78864530635188
2.972527497121664,43.78864530635188
2.972819155647867,43.80443944928351
2.9733672643748634,43.82022471910113
2.9733800398009214,43.82022471910113
2.9734578144029484,43.82022471910113
2.974298441457291,43.83600112327998
2.9749767842228683,43.85176866928692
2.975036353432899,43.86752736458041
2.975101469674328,43.88327721661055
2.975101806192311,43.88327721661055
2.975190382460275,43.899018232819074
2.975237298712663,43.91475042063937
2.9753039993906527,43.930473787496496
2.975628248043189,43.946188340807176
2.975668750124739,43.96189408797982
2.9758552166359507,43.977591036414566
2.9759960806154293,43.977591036414566
2.976192498999924,43.99327919350322
2.9764282151140797,44.00895856662934
2.976618249244703,44.02462916316821
2.9768612611369907,44.040290990486845
2.976937541882239,44.040290990486845
2.976999967007658,44.040290990486845
2.9771193282649957,44.05594405594406
2.977624191572922,44.05594405594406
2.977629893725542,44.07158836689038
2.9780052562236605,44.07158836689038
2.97835732676575,44.07158836689038
2.978949983549945,44.08722393066816
2.9791774042721286,44.10285075461152
2.9791971907563215,44.11846884604638
2.9795384482235368,44.134078212290504
2.979603975331686,44.149678860653445
2.9796834147823463,44.16527079843663
2.9801386087769477,44.16527079843663
2.9803676265914465,44.16527079843663
2.9803831280629347,44.1808540329333
2.9809282063261424,44.19642857142857
2.9809531956793096,44.21199442119944
2.981272509529934,44.22755158951478
2.981386813811796,44.24310008363535
2.9817122714924738,44.25863991081383
2.9817737869171816,44.25863991081383
2.9820113557122565,44.25863991081383
2.9822082800829985,44.274171078294785
2.982386662381663,44.28969359331476
2.9824198396339794,44.3052074631022
2.9826641235435787,44.3052074631022
2.9828080738343337,44.32071269487751
2.983126174946357,44.336209295853045
2.9835197834939198,44.351697273233164
2.9837718394517245,44.351697273233164
2.985144719530641,44.36717663421418
2.9852795564478263,44.36717663421418
2.9853522246094517,44.38264738598443
2.9857216731036744,44.38264738598443
2.9858842651580084,44.39810953572422
2.9869717124129234,44.39810953572422
2.98731887162418,44.41356309060589
2.987385772363169,44.41356309060589
2.9875750534899432,44.41356309060589
2.9877053474695154,44.42900805779384
2.987791575416736,44.42900805779384
2.9881555722354354,44.44444444444444
2.9881989266480966,44.44444444444444
2.988445142049157,44.45987225770619
2.9884826709353636,44.45987225770619
2.9885633389896897,44.4752915047196
2.989159531958884,44.4752915047196
2.989502565366183,44.4752915047196
2.989646069647543,44.4752915047196
2.9900341855029016,44.4752915047196
2.9900748333117937,44.49070219261726
2.9908408267529785,44.49070219261726
2.990989733899333,44.50610432852386
2.991174743609307,44.521497919556175
2.9914686478553185,44.521497919556175
2.9918605286144335,44.521497919556175
2.992008383858374,44.521497919556175
2.9927224487642463,44.53688297282307
2.9931030868290285,44.53688297282307
2.993177592165962,44.55225949542556
2.994460712008643,44.567627494456765
2.9946041597973156,44.567627494456765
2.995134948092476,44.58298697700194
2.995164999593563,44.59833795013851
2.9954731439179043,44.59833795013851
2.9954863015853177,44.59833795013851
2.9955974830488845,44.61368042093603
2.995626311155241,44.61368042093603
2.997154999292968,44.629014396456256
2.9975582020989413,44.629014396456256
2.9979503628116797,44.629014396456256
2.9981439273979933,44.64433988375311
2.9982708477649886,44.64433988375311
2.9992785030875866,44.659656889872714
3.000439951526975,44.67496542185339
3.00075966233663,44.67496542185339
3.0008003594200825,44.67496542185339
3.001107590831338,44.67496542185339
3.001172714092079,44.690265486725664
3.001703647838897,44.705557091512304
3.0018599917380384,44.7208402432283
3.002288137823099,44.7361149488809
3.002832852155551,44.7361149488809
3.0029087950727553,44.751381215469614
3.003312138323875,44.76663904998619
3.0033952203720715,44.76663904998619
3.0038215577820493,44.76663904998619
3.003830516166683,44.78188845941469
3.0039619806241364,44.79712945073144
3.0043904735164766,44.81236203090508
3.0045275027358858,44.81236203090508
3.005184207720289,44.81236203090508
3.005231212669888,44.827586206896555
3.0057270404921392,44.827586206896555
3.006431398128677,44.827586206896555
3.0065774072266,44.827586206896555
3.0073031873015776,44.827586206896555
3.0074354435496264,44.84280198565913
3.008188438351843,44.84280198565913
3.008414807517615,44.84280198565913
3.0086643744525428,44.858009374138405
3.008668211885329,44.87320837927233
3.0089175284552008,44.88839900799118
3.0090343261353047,44.88839900799118
3.009923491736085,44.90358126721763
3.0101680598409666,44.918755163866706
3.010206125963272,44.93392070484582
3.0105784376883777,44.94907789705477
3.010639606392456,44.9642267473858
3.0107709709718002,44.9642267473858
3.010785154528607,44.97936726272352
3.010973610749035,44.994499449944996
3.0111406346575764,45.00962331591972
3.011229463841072,45.00962331591972
3.011535681487508,45.00962331591972
3.012540856602987,45.024738867509626
3.01275018252999,45.03984611156911
3.01285019884562,45.05494505494506
3.0129230037750623,45.070035704476794
3.0130162910224603,45.08511806699615
3.0130284209818807,45.08511806699615
3.013192143199619,45.100192149327476
3.0132672069341444,45.1152579582876
3.0135312186639673,45.13031550068587
3.0136733134514606,45.14536478332419
3.0137122997021892,45.160405812996984
3.014456291303663,45.17543859649123
3.014958482546329,45.19046314058646
3.0151091380730026,45.20547945205479
3.0157517232066247,45.220487537660915
3.0161347435269454,45.2354874041621
3.016262074006831,45.250479058308244
3.016960665162974,45.250479058308244
3.017035150382307,45.26546250684182
3.017390860522871,45.280437756497946
3.0176705480691925,45.29540481400438
3.017713781807078,45.29540481400438
3.0179075515250626,45.31036368608149
3.018123654567812,45.32531437944232
3.018265685828682,45.34025690079256
3.018552757789685,45.3551912568306
3.0186185275433925,45.37011745424747
3.0188150047753424,45.385035499726925
3.01884259408687,45.385035499726925
3.019825819743505,45.385035499726925
3.0199551715921826,45.3999453999454
3.0202312194388914,45.3999453999454
3.020561070021741,45.3999453999454
3.02135940171252,45.3999453999454
3.0217830431937904,45.414847161572055
3.0219451892560145,45.429740791268756
3.0223564496359336,45.44462629569013
3.0224048735966837,45.459503681483504
3.0225567167918537,45.47437295528899
3.0228097467013733,45.489234123739436
3.0231576552877657,45.50408719346049
3.0236309761701263,45.51893217107055
3.02366794569155,45.53376906318083
3.024055147176783,45.54859787639532
3.02410550352167,45.56341861731083
3.024301701256659,45.56341861731083
3.0243587625178865,45.56341861731083
3.0244503708207398,45.57823129251701
3.024552141843741,45.5930359085963
3.0255597325846892,45.60783247212402
3.025564043214233,45.6226209896683
3.0261363344725063,45.63740146779016
3.0262795856172215,45.65217391304348
3.0264496758749364,45.65217391304348
3.027002496064839,45.65217391304348
3.027315983894158,45.666938331975004
3.0275599533910444,45.666938331975004
3.0276765187537698,45.68169473112439
3.0277113028774156,45.69644311702417
3.027789895903587,45.69644311702417
3.028008937154395,45.69644311702417
3.028425061798788,45.71118349619978
3.0286242878516516,45.71118349619978
3.02902993268584,45.725915875169605
3.0290860417851575,45.725915875169605
3.0293024540461335,45.725915875169605
3.0305286277832235,45.725915875169605
3.0306709758924293,45.725915875169605
3.0307719842027963,45.74064026044493
3.031000879113806,45.74064026044493
3.0313632885262427,45.74064026044493
3.031714593252017,45.75535665852997
3.0317244443983187,45.770065075921906
3.031866281591217,45.78476551911087
3.0320526897476254,45.799457994579946
3.032096317365501,45.799457994579946
3.0321647699332956,45.799457994579946
3.0322841909814087,45.799457994579946
3.032355720885203,45.799457994579946
3.0336449552331652,45.8141425088052
3.033675776722189,45.82881906825569
3.0337487822876703,45.84348767939345
3.034064396338961,45.858148348673524
3.0343472716643154,45.87280108254398
3.034372228786239,45.887445887445885
3.034861719240959,45.887445887445885
3.0350807654320167,45.90208276981336
3.0356421349364955,45.90208276981336
3.0357640532069143,45.91671173607355
3.0358395232896314,45.91671173607355
3.0358490887096194,45.931332792646664
3.036232737019642,45.931332792646664
3.036416690128865,45.94594594594595
3.0372669929913396,45.96055120237774
3.0373509574157023,45.96055120237774
3.0374766495715577,45.96055120237774
3.037598295940985,45.96055120237774
3.0379379002635942,45.97514856834144
3.038072468417425,45.98973805022955
3.038310426463507,45.98973805022955
3.038870230367038,46.00431965442765
3.039266486741368,46.01889338731444
3.039375880990706,46.01889338731444
3.0398372110079115,46.03345925526174
3.0401756490694147,46.04801726463448
3.0402329429682418,46.04801726463448
3.040391618553659,46.04801726463448
3.0403946921048575,46.062567421790725
3.0409126028214293,46.07710973308169
3.041342045275893,46.091644204851754
3.0421652234239915,46.091644204851754
3.042456865144821,46.091644204851754
3.043249501431504,46.10617084343843
3.0433716433675655,46.12068965517241
3.043373586525281,46.1352006463776
3.0435393839941725,46.1352006463776
3.0439368317075757,46.14970382337103
3.044210073381489,46.14970382337103
3.044333688246435,46.16419919246299
3.0444277030992524,46.16419919246299
3.0449931103042966,46.178686759956946
3.0455888471328585,46.19316653214958
3.045760631792898,46.20763851533082
3.046095507678855,46.22210271578381
3.0462439038713853,46.236559139784944
3.0462650584813957,46.25100779360387
3.046569059356777,46.25100779360387
3.0466683664875407,46.26544868350349
3.0469935261432823,46.27988181573999
3.047001529830456,46.29430719656283
3.0475252286602856,46.308724832214764
3.047739042240991,46.323134728931834
3.048247159873115,46.323134728931834
3.0483100545414605,46.33753689294339
3.048510747044826,46.3519313304721
3.0486748778272235,46.36631804773398
3.0487817615781347,46.38069705093834
3.049166799298231,46.38069705093834
3.049231197747668,46.38069705093834
3.049810937500121,46.38069705093834
3.0498685708074613,46.38069705093834
3.050136572834511,46.38069705093834
3.050308676428095,46.39506834628786
3.050330115298934,46.40943193997856
3.050542946077455,46.423787838199836
3.0507516253746805,46.43813604713444
3.050757615059422,46.4524765729585
3.051295940267123,46.4524765729585
3.0514378839247756,46.4524765729585
3.0515358259047933,46.466809421841546
3.0515531147195607,46.481134599946486
3.051948165628499,46.49545211342964
3.0520726150085915,46.50976196844076
3.0521014280539895,46.524064171122994
3.052325181840477,46.524064171122994
3.0525702022777113,46.53835872761294
3.052894541186263,46.552645644040616
3.0530000729405864,46.552645644040616
3.0531060737118962,46.56692492652952
3.053232069029735,46.56692492652952
3.0532550414604422,46.56692492652952
3.0539642540348186,46.58119658119658
3.0540479801611324,46.58119658119658
3.0546881266482027,46.5954606141522
3.0547777387761617,46.5954606141522
3.0555698893494867,46.60971703150027
3.0561855621858327,46.60971703150027
3.0566008923113954,46.62396583933814
3.056723142125817,46.62396583933814
3.0568124082772576,46.638207043756665
3.05718285678517,46.65244065084023
3.0572886583212555,46.65244065084023
3.057353532211606,46.666666666666664
3.057412701415502,46.666666666666664
3.0574569344923708,46.68088509730738
3.05784069397027,46.695095948827294
3.0581804488112168,46.70929922728484
3.058266108265842,46.72349493873202
3.0586339203488127,46.737683089214386
3.058671626277879,46.737683089214386
3.058760600935816,46.75186368477103
3.0588261458054755,46.75186368477103
3.058873060202833,46.76603673143466
3.058992443950392,46.76603673143466
3.059436391041961,46.780202235231506
3.060218987226937,46.780202235231506
3.0610674131865068,46.780202235231506
3.061365794508989,46.780202235231506
3.062166927610904,46.780202235231506
3.062288668898458,46.79436020218143
3.0632959355074734,46.808510638297875
3.0640203388237315,46.808510638297875
3.0642308527602227,46.822653549587876
3.065092274257387,46.836788942052095
3.065295722812206,46.85091682168483
3.0654135949846806,46.86503719447396
3.0655392865557345,46.87915006640107
3.0658462473651014,46.89325544344132
3.0664953566061763,46.90735333156358
3.066727391115182,46.92144373673036
3.066936539007535,46.92144373673036
3.0671580192753343,46.93552666489785
3.067173078408944,46.94960212201592
3.067206349824442,46.96367011402811
3.0673726723331916,46.96367011402811
3.067508468324255,46.977730646871684
3.0675673939961348,46.977730646871684
3.0678600189406895,46.99178372647761
3.0686271747132823,46.99178372647761
3.068658136451684,46.99178372647761
3.0686816719293675,47.005829358770534
3.068817322168628,47.005829358770534
3.0694412848974317,47.019867549668874
3.0694763131156626,47.03389830508475
3.069600639119385,47.03389830508475
3.0702111631947315,47.04792163092401
3.0707709739913245,47.04792163092401
3.070797680377034,47.04792163092401
3.0708080885025186,47.04792163092401
3.0708244293423785,47.06193753308629
3.0711458547675523,47.075946017464936
3.0714128272932952,47.08994708994709
3.071467184809485,47.08994708994709
3.0716664502657642,47.08994708994709
3.0716741801645266,47.10394075641365
3.0720029076136237,47.10394075641365
3.072430482883855,47.10394075641365
3.0725083355859257,47.10394075641365
3.072817172711693,47.117927022739295
3.0729065153309487,47.13190589479249
3.0731170284154308,47.13190589479249
3.0731583712256025,47.13190589479249
3.0732484144287784,47.14587737843552
3.074007661747395,47.15984147952444
3.0740827844367415,47.173798203909136
3.074850764228073,47.173798203909136
3.074882822720576,47.187747557433326
3.0750704263273576,47.20168954593453
3.075082865662913,47.20168954593453
3.0753836264972803,47.21562417524412
3.0754728474696957,47.21562417524412
3.0756434288774503,47.229551451187334
3.0757647134170756,47.229551451187334
3.0758510754806263,47.24347137958323
3.075893216580298,47.24347137958323
3.0769445713178203,47.257383966244724
3.0771852801229356,47.257383966244724
3.0773128114532744,47.271289216978644
3.077337742799659,47.271289216978644
3.0774582361044227,47.271289216978644
3.0776067688580153,47.28518713758566
3.0776237113823313,47.28518713758566
3.0776451073145887,47.28518713758566
3.0780013966039306,47.28518713758566
3.0783833958734204,47.299077733860344
3.0783944861424657,47.299077733860344
3.0784809054039086,47.31296101159115
3.078487493176868,47.31296101159115
3.078605696154786,47.32683697656044
3.078679789299396,47.32683697656044
3.0790978913206986,47.32683697656044
3.0791377393087496,47.32683697656044
3.079332181906993,47.32683697656044
3.079403385680229,47.32683697656044
3.079610441815133,47.32683697656044
3.079896968288715,47.3407056345445
3.0800206083047903,47.354566991313504
3.080136818074881,47.354566991313504
3.0804769161876266,47.368421052631575
3.080524928553221,47.38226782425677
3.081175963497498,47.38226782425677
3.081239962770839,47.38226782425677
3.081488787754775,47.39610731194108
3.0815299012655024,47.40993952143045
3.0815986727363383,47.40993952143045
3.081732199725581,47.40993952143045
3.082241310315103,47.423764458464774
3.082614278113831,47.423764458464774
3.082622416208327,47.43758212877792
3.0832124995397003,47.45139253809774
3.0832668272594055,47.46519569214605
3.0836746814946387,47.46519569214605
3.083876144478471,47.47899159663865
3.084141552051254,47.492780257285375
3.0853292659799254,47.506561679790025
3.085771977838424,47.506561679790025
3.0857833777947254,47.520335869850435
3.086098530633969,47.520335869850435
3.0865575048230376,47.53410283315845
3.0865713010198554,47.53410283315845
3.0875651755610014,47.54786257539995
3.087575299857133,47.56161510225485
3.08766228290818,47.56161510225485
3.0879300866438726,47.575360419397114
3.0881108927858993,47.58909853249476
3.0881863714401856,47.58909853249476
3.0883498319256106,47.60282944720985
3.0887384026621194,47.60282944720985
3.089315919743184,47.60282944720985
3.089489607342295,47.60282944720985
3.0895302971274816,47.60282944720985
3.0899251379887103,47.60282944720985
3.090035824450256,47.60282944720985
3.0902375091535643,47.60282944720985
3.091009514729695,47.61655316919853
3.0913197006387167,47.61655316919853
3.0916801859456147,47.63026970411102
3.09181786653118,47.64397905759162
3.0922191682479574,47.65768123527872
3.0922497823624457,47.67137624280481
3.092328936107507,47.6850640857965
3.0932636279882026,47.69874476987448
3.0938502655074474,47.69874476987448
3.0948436500879426,47.69874476987448
3.0949120206303404,47.712418300653596
3.0950500761317254,47.72608468374281
3.0951840370916104,47.739743924745234
3.0952409336006763,47.7533960292581
3.095320349602343,47.7533960292581
3.0953814940962743,47.767041002872816
3.095964358131599,47.78067885117493
3.0960176215572446,47.794309579744194
3.0961197378488228,47.80793319415449
3.096408209951716,47.82154969997391
3.096531490458614,47.82154969997391
3.0966808778461004,47.82154969997391
3.097472329772057,47.82154969997391
3.097740644711425,47.835159102764734
3.0977811059653817,47.835159102764734
3.0979115125631935,47.835159102764734
3.098217080961251,47.84876140808344
3.099673035549351,47.862356621480714
3.0997023810570976,47.87594474850143
3.0998766517823557,47.88952579468474
3.1008055488397943,47.88952579468474
3.1010552097714013,47.90309976556395
3.101367987863421,47.91666666666667
3.1015423917372567,47.93022650351471
3.1015624712010235,47.94377928162415
3.101655005304946,47.957325006505336
3.101736151017865,47.97086368366285
3.1019568517423823,47.97086368366285
3.102558686187812,47.97086368366285
3.103384518830995,47.98439531859558
3.104035318470872,47.98439531859558
3.104306927815539,47.997919916796675
3.104955617322258,47.997919916796675
3.1050100219565127,47.997919916796675
3.105212799911914,48.011437483753575
3.105241308312216,48.024948024948024
3.105805374645191,48.03845154585606
3.105949704852776,48.03845154585606
3.106041294878317,48.05194805194805
3.1064182950266424,48.05194805194805
3.1066885250227143,48.05194805194805
3.1073756192447126,48.06543754868865
3.1078916096392226,48.07892004153687
3.1078947310658775,48.09239553594601
3.1081469639340993,48.09239553594601
3.1083409680777296,48.09239553594601
3.108429329091918,48.10586403736378
3.1087487667773828,48.10586403736378
3.1088315188735964,48.119325551232166
3.1096100496538654,48.13278008298755
3.1100058144352483,48.13278008298755
3.110584926464807,48.13278008298755
3.1110879412614016,48.146227638060665
3.11108834177774,48.146227638060665
3.1118348330112235,48.15966822187662
3.112030641605156,48.17310183985489
3.112077995727239,48.17310183985489
3.112352195347201,48.18652849740933
3.112512619499187,48.1999481999482
3.1128014871686993,48.1999481999482
3.1128180754578154,48.213360952874154
3.113141825506883,48.22676676158426
3.1133822935983275,48.24016563146998
3.1140039613318735,48.253557567917206
3.1140889679985757,48.26694257630626
3.114265191733795,48.26694257630626
3.1145313226926072,48.26694257630626
3.115541074947902,48.26694257630626
3.11622425438417,48.280320662011896
3.116735613906296,48.280320662011896
3.116916670360446,48.293691830403304
3.1170687859487005,48.30705608684415
3.1174187950140446,48.320413436692505
3.1174672022553636,48.333763885300954
3.1175894091868424,48.333763885300954
3.1176528942443404,48.333763885300954
3.117763689309462,48.34710743801653
3.1178919160194027,48.360444100180736
3.117981927132283,48.37377387712959
3.1180778040856456,48.37377387712959
3.118153861766125,48.38709677419355
3.1184106704600367,48.38709677419355
3.1185531746919795,48.40041279669763
3.119070057282935,48.40041279669763
3.119233092047799,48.41372194996131
3.119318710124412,48.4270242392986
3.1196153527198875,48.44031967001804
3.1199600916825765,48.45360824742268
3.1200223425907736,48.45360824742268
3.120515853534282,48.4668899768101
3.120905435248261,48.48016486347244
3.120987458581355,48.48016486347244
3.1211165896969115,48.49343291269637
3.1211602729906476,48.506694129763126
3.1215588788810353,48.506694129763126
3.121627407416717,48.51994851994852
3.121750573000586,48.51994851994852
3.1221092039444667,48.51994851994852
3.1225075020715582,48.51994851994852
3.1226152029865584,48.5331960885229
3.122862363943981,48.54643684075122
3.1230728807278823,48.54643684075122
3.12307929742639,48.559670781893004
3.1231278125810227,48.57289791720237
3.123191441036442,48.58611825192802
3.123272509426804,48.58611825192802
3.123775653463643,48.58611825192802
3.123824866715479,48.58611825192802
3.123826690661325,48.59933179131329
3.124063327671994,48.6125385405961
3.1240748634268227,48.62573850500899
3.1241146779301117,48.62573850500899
3.1244937168165534,48.62573850500899
3.1249538931648626,48.63893168977915
3.1253470155861143,48.65211810012837
3.12553605172851,48.6652977412731
3.1262073358048545,48.6652977412731
3.126481132807162,48.6652977412731
3.126927399580625,48.6652977412731
3.126954702926903,48.67847061842443
3.12735573380099,48.67847061842443
3.1276537225451047,48.67847061842443
3.1280312064930875,48.6916367367881
3.1281105489570744,48.6916367367881
3.1281270906451795,48.704796101564504
3.128309646951594,48.717948717948715
3.128420965794118,48.717948717948715
3.128477473718104,48.717948717948715
3.128564367391578,48.73109459113048
3.1290108009792372,48.744233726294205
3.129369134111776,48.75736612861901
3.129431972749758,48.77049180327869
3.1297848030757365,48.77049180327869
3.1299215046679962,48.77049180327869
3.1310222260882905,48.78361075544174
3.131224374506714,48.78361075544174
3.131593726176703,48.79672299027138
3.131957266634325,48.80982851292552
3.1322659313224195,48.80982851292552
3.1323232270977734,48.80982851292552
3.133387501080904,48.80982851292552
3.1337596509723253,48.82292732855681
3.133980319090445,48.83601944231261
3.134082261909859,48.83601944231261
3.134161349730811,48.83601944231261
3.134373931173382,48.84910485933504
3.1346526832719395,48.84910485933504
3.134748763910667,48.862183584760935
3.1353493788063385,48.875255623721884
3.135615308602917,48.888320981344236
3.135619112627044,48.888320981344236
3.135684364363144,48.888320981344236
3.135893745494647,48.888320981344236
3.1359495017988004,48.90137966274911
3.136435749553151,48.91443167305236
3.1365964166322153,48.92747701736466
3.1366518489140747,48.94051570079142
3.1368376406223173,48.94051570079142
3.1369517384355023,48.94051570079142
3.1372354391683452,48.95354772843287
3.1372513372181445,48.96657310538403
3.1376084164217692,48.96657310538403
3.1376414251940163,48.96657310538403
3.1377538271210392,48.96657310538403
3.137845320022519,48.97959183673469
3.138048461090536,48.97959183673469
3.139776728058996,48.97959183673469
3.140064806126994,48.9926039275695
3.1402561908210513,48.9926039275695
3.1402872590987068,49.005609382967876
3.140380575843696,49.005609382967876
3.140662465357439,49.005609382967876
3.1407110857673146,49.005609382967876
3.1407115134058476,49.018608208004075
3.141006129935374,49.018608208004075
3.141043281290827,49.03160040774719
3.1410556534997984,49.044585987261144
3.141104842588344,49.044585987261144
3.1414482491445472,49.044585987261144
3.141726241037737,49.05756495160469
3.1418092850440806,49.07053730583142
3.142132389154835,49.08350305498982
3.1422220051144296,49.096462204123185
3.1423558794048096,49.096462204123185
3.142486895554612,49.10941475826972
3.1428370839173856,49.122360722462474
3.1429291172062035,49.1353001017294
3.143083285314051,49.148232901093316
3.143286388373359,49.148232901093316
3.1435881015138287,49.161159125571935
3.14380279332349,49.161159125571935
3.1439100049221915,49.174078780177894
3.1439233588684856,49.1869918699187
3.144106710691047,49.1998983997968
3.144264626123607,49.212798374809545
3.144705024832234,49.212798374809545
3.1452280389440506,49.22569179994923
3.1455285599202387,49.23857868020304
3.145790263525691,49.251459020553156
3.1460867493530675,49.26433282597666
3.1460989601544602,49.26433282597666
3.1461091512454273,49.2772001014456
3.146159845011893,49.290060851926974
3.1465742700865373,49.30291508238277
3.147008875343919,49.30291508238277
3.14727169239767,49.31576279776989
3.14748659215999,49.31576279776989
3.147981801753189,49.31576279776989
3.148977231649688,49.32860400304028
3.1490306720649257,49.32860400304028
3.1491933809872084,49.32860400304028
3.1492249329083353,49.34143870314083
3.1498753029297997,49.34143870314083
3.1500948668430473,49.354266903013425
3.150251071825746,49.354266903013425
3.1503617305354084,49.36708860759494
3.151032676963636,49.37990382181726
3.151086111213297,49.392712550607285
3.1513045927181653,49.40551479888693
3.1513539243446176,49.40551479888693
3.15235954530145,49.40551479888693
3.1523757718243925,49.418310571573095
3.15256074662545,49.43109987357775
3.1528546909507513,49.44388270980789
3.1531178506244166,49.456659085165526
3.153183164332108,49.46942900454775
3.1534587512784054,49.482192472846684
3.153689582664304,49.482192472846684
3.1538220612755157,49.482192472846684
3.154608414482454,49.494949494949495
3.1546301192786466,49.494949494949495
3.154649681682527,49.50770007573845
3.1547266316862808,49.50770007573845
3.1548796773359156,49.50770007573845
3.1550003440276106,49.520444220090866
3.1550230440502087,49.53318193287913
3.155064041030792,49.53318193287913
3.155103490749149,49.54591321897074
3.155314590056826,49.558638083228246
3.1555518214216334,49.558638083228246
3.1555996186463835,49.571356530509334
3.1556696181539072,49.58406856566675
3.1557223225145976,49.596774193548384
3.155812147753171,49.60947341899723
3.1562212556214724,49.622166246851386
3.1562815236297665,49.622166246851386
3.156625157131677,49.634852681944096
3.156628089620186,49.64753272910373
3.156801199961842,49.660206393153786
3.1569845782946584,49.672873678912936
3.1569867105993095,49.685534591194966
3.1570769374861696,49.69818913480885
3.157650740960021,49.71083731455872
3.1577121340253433,49.71083731455872
3.157968341454317,49.72347913524384
3.158306829026253,49.72347913524384
3.1584181174856822,49.73611460165871
3.1585402320087343,49.74874371859296
3.1586765830319066,49.76136649083145
3.158891896142062,49.76136649083145
3.1597135642860334,49.77398292315419
3.1597262635269505,49.786593020336426
3.1597308315838917,49.79919678714859
3.16030160039888,49.81179422835634
3.1604972401657925,49.81179422835634
3.160621592974927,49.824385348720526
3.1606663941681536,49.83697015299724
3.16132087428678,49.849548645937816
3.1617605320318782,49.862120832288795
3.1619074848106203,49.862120832288795
3.162634950357823,49.87468671679198
3.163198857566202,49.887246304184416
3.163281708015198,49.887246304184416
3.163469212894283,49.899799599198396
3.163498738560868,49.91234660656148
3.164113095378292,49.92488733099649
3.164338195672483,49.92488733099649
3.164827077930337,49.93742177722152
3.165305939926007,49.94994994994995
3.16544580648107,49.94994994994995
3.1655814949450605,49.94994994994995
3.166012376994478,49.94994994994995
3.166215710305476,49.96247185389041
3.1664371390171544,49.97498749374687
3.1665091059226884,49.98749687421856
3.166597390487886,50.0
3.166773507579431,50.0
3.166907950095786,50.01249687578105
3.1673127516172146,50.01249687578105
3.167533350654541,50.02498750624687
3.1679843955727782,50.037471896077946
3.1681044840908457,50.037471896077946
3.168156843272546,50.037471896077946
3.168715173996746,50.037471896077946
3.16874567450469,50.049950049950056
3.1689268588817927,50.06242197253433
3.169329814821987,50.06242197253433
3.1698303792241913,50.07488766849726
3.1699330806907215,50.087347142500626
3.170212147008474,50.0998003992016
3.170527168430681,50.11224744325268
3.1707768242180214,50.12468827930174
3.171131791641247,50.12468827930174
3.171421088502673,50.13712291199203
3.1714306719849494,50.13712291199203
3.1716226012287367,50.14955134596212
3.171701947291739,50.161973585846
3.1717707655782816,50.17438963627304
3.1720935576430915,50.186799501867995
3.172298995014715,50.199203187250994
3.1726616196375903,50.211600697037596
3.1729436546304095,50.22399203583873
3.1731019090674133,50.22399203583873
3.1733235653654424,50.23637720826076
3.1733695728853064,50.24875621890548
3.173392320388585,50.26112907237006
3.173593151886908,50.27349577324715
3.1736951052126403,50.27349577324715
3.173945780845801,50.28585632612478
3.174511195483489,50.28585632612478
3.174516484436216,50.29821073558648
3.174840681458702,50.29821073558648
3.174880042237914,50.31055900621118
3.1753991861917368,50.32290114257327
3.175977743626009,50.335237149242616
3.1760222467219923,50.34756703078451
3.1765635210233847,50.359890791759746
3.176983664129399,50.359890791759746
3.177075279194429,50.359890791759746
3.177276311803449,50.37220843672456
3.1779585347280768,50.38451997023071
3.178624379110162,50.38451997023071
3.1787521086311883,50.39682539682539
3.178802815002314,50.40912472105133
3.1789251435053165,50.40912472105133
3.1790894397510225,50.4214179474467
3.1791859152835253,50.43370508054523
3.1795043088339234,50.43370508054523
3.17959356358173,50.44598612487612
3.179750223626316,50.458261084964086
3.180033071559321,50.47052996532937
3.180219408989436,50.48279277048775
3.1802580276727683,50.48279277048775
3.180307416908822,50.495049504950494
3.180326503419817,50.495049504950494
3.180388169728027,50.50730017322444
3.1811161907832175,50.51954477981197
3.181238682856737,50.53178332921098
3.1814890326004277,50.54401582591493
3.181662840232228,50.55624227441285
3.1817349756942823,50.56846267918932
3.1820163669598656,50.58067704472449
3.1820852618098128,50.59288537549407
3.182206833689362,50.60508767596937
3.182749004054424,50.60508767596937
3.1838789519207835,50.60508767596937
3.183896892091433,50.60508767596937
3.18432136198027,50.60508767596937
3.1844818572015665,50.617283950617285
3.1845390711788863,50.617283950617285
3.1845893790037185,50.62947420390027
3.1846443880297595,50.6416584402764
3.184770699072859,50.6416584402764
3.1850818054030903,50.6416584402764
3.185819955128528,50.6416584402764
3.1860695407398945,50.6416584402764
3.186747767246655,50.65383666419936
3.186749497402042,50.6660088801184
3.1874199695194987,50.67817509247842
3.188040983914882,50.69033530571993
3.1882500897569814,50.69033530571993
3.188629515652056,50.702489524279024
3.1889078244485947,50.71463775258748
3.189440409775323,50.71463775258748
3.1896738192012637,50.72677999507268
3.1900557806999785,50.73891625615764
3.1900727833401454,50.75104654026102
3.1901381750248974,50.75104654026102
3.1906192519417913,50.75104654026102
3.1909205900656925,50.76317085179715
3.190953801945196,50.77528919517598
3.191272781074986,50.78740157480315
3.1914830704614676,50.79950799507995
3.1917256446131113,50.79950799507995
3.1918803447259143,50.81160846040335
3.1921840637624075,50.82370297516597
3.1933877823622576,50.835791543756145
3.1937303668501182,50.84787417055787
3.194235076917291,50.859950859950864
3.1944193576016153,50.859950859950864
3.1944228472238287,50.87202161631049
3.1944344665173716,50.884086444007856
3.194604283499031,50.89614534740977
3.194706835677646,50.89614534740977
3.1950214963475183,50.90819833087874
3.1953158306662526,50.920245398773
3.1954792592692143,50.93228655544652
3.1960649874779605,50.94432180524896
3.19623878006361,50.95635115252575
3.196755335434873,50.95635115252575
3.1968072612878924,50.95635115252575
3.196930144445162,50.95635115252575
3.1972462147234837,50.96837460161804
3.197319939485879,50.98039215686274
3.1974563080854077,50.9924038225925
3.1975936271903946,51.00440960313571
3.1977253192850856,51.00440960313571
3.197730234317285,51.00440960313571
3.1980382078157654,51.01640950281655
3.1981161723668623,51.02840352595494
3.1982982115711414,51.02840352595494
3.198610184068023,51.040391676866584
3.1989416737956042,51.05237395986295
3.198993305327989,51.06435037925129
3.1990994467372387,51.06435037925129
3.199295988246137,51.07632093933464
3.199384583690346,51.08828564441183
3.1996669579161052,51.1002444987775
3.1998699610605628,51.1002444987775
3.199880168483824,51.11219750672207
3.20001499483425,51.12414467253177
3.2002861548773076,51.12414467253177
3.2005415354070856,51.13608600048863
3.200633848207138,51.13608600048863
3.2007268079745224,51.13608600048863
3.2010687924672556,51.14802149487054
3.20125930874265,51.159951159951156
3.201343446762134,51.171875
3.2013877649563045,51.1837930192824
3.2014426075916913,51.19570522205954
3.2019337946988253,51.19570522205954
3.20200281003749,51.19570522205954
3.202116468090459,51.19570522205954
3.2023394787041233,51.20761161258843
3.2025361887510173,51.21951219512195
3.20267373896629,51.2314069739088
3.202684011375457,51.2314069739088
3.2027128129541778,51.24329595319357
3.2034206034685284,51.255179137216665
3.2035839886937274,51.267056530214425
3.203644862444356,51.278928136419
3.203781809927248,51.29079396005846
3.2038233369833926,51.30265400535671
3.2038446235892337,51.30265400535671
3.2040111929578208,51.31450827653359
3.2043285116066995,51.32635677780482
3.20547294436326,51.338199513382
3.205525727073096,51.350036487472636
3.2055601794946287,51.350036487472636
3.2055928159803475,51.36186770428015
3.20565106489053,51.37369316800389
3.206193346169748,51.38551288283909
3.206942496881397,51.39732685297691
3.2073159482402143,51.40913508260447
3.2073320217856653,51.42093757590479
3.2077139888911748,51.42093757590479
3.2078056181875474,51.42093757590479
3.207933326303081,51.43273433705683
3.2080892970845203,51.444525370235496
3.2083099872198004,51.45631067961165
3.20866183200784,51.468090269352096
3.2094369608898305,51.4798641436196
3.209448816759655,51.4798641436196
3.2094853098175755,51.4798641436196
3.2099993691833033,51.49163230657289
3.210020097514346,51.50339476236664
3.210464273695517,51.515151515151516
3.2107672630181585,51.52690256907416
3.210786164545803,51.5386479282772
3.211380038637597,51.55038759689923
3.212111222875844,51.55038759689923
3.212192854363343,51.56212157907484
3.2124808869900754,51.56212157907484
3.212501556958118,51.56212157907484
3.2126384196310487,51.57384987893463
3.2128193292427007,51.58557250060518
3.212853891658194,51.58557250060518
3.212903421289406,51.58557250060518
3.2129126085660467,51.597289448209104
3.213231340735531,51.597289448209104
3.2132366492646827,51.60900072586499
3.2133830071189884,51.62070633768747
3.2135385270433465,51.63240628778718
3.2140411826767044,51.63240628778718
3.2142547021126147,51.63240628778718
3.2145300059749893,51.64410058027079
3.214549223250636,51.64410058027079
3.2148654099470004,51.655789219241
3.215420373491665,51.655789219241
3.2160695456343515,51.66747220879652
3.2160960219852024,51.67914955303213
3.2162159766136456,51.690821256038646
3.217127250127684,51.70248732190292
3.217527230555013,51.70248732190292
3.2176531376377233,51.70248732190292
3.217802344446573,51.714147754707874
3.2178865263705902,51.714147754707874
3.2181779375713817,51.725802558532465
3.2188800672814977,51.737451737451735
3.2189124442725943,51.7490952955368
3.21897369630562,51.7607332368548
3.21935182082617,51.7607332368548
3.21953382510404,51.772365565469016
3.220039392507081,51.783992285438764
3.2205764494557707,51.79561340081948
3.2208459567469174,51.80722891566265
3.22201415573859,51.8188388340159
3.222183305425914,51.8188388340159
3.222722987971767,51.8188388340159
3.222802850944877,51.83044315992292
3.222968820753425,51.84204189742355
3.2236212509204147,51.853635050553684
3.22362178258917,51.86522262334536
3.223876919777526,51.86522262334536
3.224102535501255,51.86522262334536
3.2241729083916244,51.87680461982676
3.224307216519295,51.87680461982676
3.224626418810839,51.88838104402214
3.2248509054718477,51.8999518999519
3.2250148029299153,51.911517191632605
3.225155547331322,51.92307692307693
3.225322993541167,51.92307692307693
3.2255369509547562,51.93463109829368
3.2255532922579855,51.94617972128784
3.2257475725904454,51.94617972128784
3.2257849546719504,51.95772279606054
3.2261562392467327,51.95772279606054
3.2261869638489347,51.96926032660903
3.2263375106395564,51.96926032660903
3.2263921340741852,51.980792316926774
3.226412188618707,51.980792316926774
3.2272537798719525,51.99231877100337
3.227412916932949,52.00383969282457
3.227436323535055,52.01535508637236
3.227597373387352,52.02686495562485
3.2277450510661656,52.02686495562485
3.228275175388392,52.038369304556355
3.228846834574791,52.038369304556355
3.2295786637026858,52.04986813713738
3.229742013585186,52.04986813713738
3.230010107578634,52.06136145733461
3.230239171335376,52.072849269110954
3.2305986882696356,52.072849269110954
3.230772052151615,52.08433157642549
3.231118032820274,52.08433157642549
3.231247934814678,52.08433157642549
3.2317758909814986,52.08433157642549
3.2323195464058267,52.09580838323353
3.2323568434247902,52.10727969348659
3.2327050109146067,52.11874551113239
3.232947975889614,52.13020584011488
3.2331309233050787,52.141660684374244
3.2335193738492216,52.15311004784689
3.2341979878975846,52.15311004784689
3.2342315542434927,52.16455393446544
3.234252762537655,52.16455393446544
3.2345331301258473,52.16455393446544
3.234601513536536,52.16455393446544
3.2348923003809373,52.17599234815877
3.235168255351665,52.17599234815877
3.2351830926333713,52.17599234815877
3.235294829614748,52.18742529285202
3.2354977147739374,52.198852772466545
3.235667898573169,52.198852772466545
3.2358724289415655,52.210274790919954
3.235900735827142,52.22169135212613
3.235976660608226,52.22169135212613
3.236204366666562,52.22169135212613
3.2363853023638276,52.23310245999523
3.236558751946838,52.24450811843362
3.236595486305951,52.25590833134399
3.236650989160428,52.25590833134399
3.2367828976578776,52.2673031026253
3.2378085976421453,52.27869243617275
3.2378967007533195,52.27869243617275
3.237936447891985,52.29007633587786
3.2382070476399987,52.30145480562843
3.2382663285153788,52.30145480562843
3.2385740539547903,52.31282784930854
3.238785028533051,52.32419547079857
3.238983361098622,52.33555767397522
3.2389925034738654,52.34691446271146
3.239036074364048,52.358265840876605
3.2390592460323337,52.358265840876605
3.2391482215616603,52.36961181233627
3.2392689584628087,52.38095238095239
3.239540964408498,52.39228755058319
3.239549001964217,52.39228755058319
3.2396808318977883,52.39228755058319
3.2396831668883426,52.403617325083296
3.240259923739737,52.414941708303594
3.240736351606737,52.414941708303594
3.2413248287124827,52.42626070409134
3.2414222614907424,52.437574316290124
3.241809270401998,52.448882548739896
3.2420790813172147,52.46018540527692
3.2420823493010045,52.47148288973384
3.2422315877985217,52.48277500593965
3.242297222333921,52.49406175771971
3.2423155019182026,52.50534314889575
3.2423361843986145,52.516619183285854
3.2430066368471717,52.516619183285854
3.2430457562567505,52.52788986470449
3.2432060142748504,52.539155196962504
3.2432281972559576,52.55041518386714
3.2434116527674997,52.56166982922201
3.243617504339664,52.56166982922201
3.2437580205049925,52.572919136827124
3.244106330023402,52.5841631104789
3.244249999671791,52.59540175397014
3.2442554182614285,52.60663507109005
3.244647229429953,52.61786306562426
3.2449568082339426,52.62908574135481
3.244961147209627,52.62908574135481
3.2452681987765657,52.62908574135481
3.245526163380457,52.64030310206015
3.2458959387870365,52.65151515151515
3.2462517970456024,52.65151515151515
3.246397018080467,52.65151515151515
3.2466295791660307,52.662721893491124
3.246640362229313,52.662721893491124
3.2467650912230805,52.662721893491124
3.246781974940054,52.662721893491124
3.247243138590856,52.662721893491124
3.2472514179773397,52.6739233317558
3.247318990341381,52.68511947007334
3.2475672585504847,52.68511947007334
3.2476705651719753,52.69631031220435
3.2477617654351163,52.70749586190588
3.248194798849791,52.71867612293144
3.2482277645318347,52.72985109903097
3.248676832744386,52.74102079395085
3.248755414542553,52.74102079395085
3.2488773183319224,52.74102079395085
3.2489469319894067,52.74102079395085
3.2489671867188874,52.74102079395085
3.2489813377336065,52.74102079395085
3.2490759226832115,52.74102079395085
3.249589726638415,52.75218521143397
3.249927840104205,52.76334435521966
3.250002243191188,52.77449822904369
3.2502667368279297,52.785646836638335
3.2509976131288454,52.796790181732355
3.251036238939941,52.807928268050965
3.2514882828689116,52.807928268050965
3.2516172302274073,52.807928268050965
3.2520699615215682,52.81906109931588
3.2524240245340947,52.83018867924528
3.2529014653675583,52.841311011553884
3.2532439491774023,52.85242809995285
3.253806154209701,52.86353994814989
3.2540015011729575,52.86353994814989
3.254063862037632,52.874646559849204
3.2541496184591097,52.874646559849204
3.2545068076445087,52.88574793875147
3.2547249285616022,52.88574793875147
3.2555362993526646,52.89684408855393
3.2555791195890165,52.89684408855393
3.2556794406857237,52.90793501295031
3.2569925564363498,52.91902071563088
3.257530431766014,52.93010120028242
3.2576365090924626,52.94117647058824
3.257902866982946,52.95224653022819
3.2580545542386132,52.96331138287864
3.2585964853193063,52.96331138287864
3.258877407000996,52.96331138287864
3.2590578980909894,52.97437103221255
3.2591135079944498,52.985425481899384
3.259340779980688,52.99647473560517
3.2594665793417943,53.00751879699248
3.2597006840773415,53.00751879699248
3.2601201435455507,53.01855766972046
3.260136644512297,53.02959135744481
3.260140081460877,53.02959135744481
3.260234125421959,53.040619863817795
3.260403053301363,53.051643192488264
3.2604183636998565,53.06266134710162
3.260548028464241,53.073674331299856
3.2606838034017502,53.08468214872156
3.261062999014176,53.09568480300187
3.2613311461931347,53.09568480300187
3.2615613839812876,53.106682297772565
3.262338637025692,53.106682297772565
3.262762660957208,53.106682297772565
3.263044393714229,53.11767463666198
3.2634874042914364,53.11767463666198
3.264013616050354,53.128661823295054
3.2640347833683965,53.13964386129335
3.26428024129581,53.13964386129335
3.2644697088596732,53.150620754275
3.2647361197245814,53.161592505854806
3.2649954853786416,53.17255911964411
3.265666916199426,53.17255911964411
3.2661554608082737,53.17255911964411
3.2662757777525506,53.17255911964411
3.266341305259622,53.17255911964411
3.2664097766390596,53.18352059925093
3.266471581243416,53.18352059925093
3.2665924098900163,53.18352059925093
3.2668038679854656,53.18352059925093
3.2671772072684853,53.18352059925093
3.2673010882754667,53.1944769482799
3.2676437304388743,53.20542817033223
3.267703083459571,53.20542817033223
3.268326528212756,53.20542817033223
3.2685099043802888,53.216374269005854
3.2685983241340653,53.22731524789523
3.2686049329674463,53.22731524789523
3.2689047280422985,53.22731524789523
3.2691918889037224,53.23825111059154
3.2692469452946,53.23825111059154
3.2696416560288024,53.24918186068256
3.269775244879224,53.24918186068256
3.2697980959377935,53.26010750175275
3.2698920991262113,53.271028037383175
3.2699540880820477,53.28194347115161
3.270287695852594,53.28194347115161
3.270423871966436,53.292853806632415
3.2709707772787784,53.30375904739668
3.271085218395131,53.30375904739668
3.2720120350976476,53.31465919701214
3.2720663329931723,53.32555425904317
3.272147206485703,53.33644423705086
3.2721726246479803,53.33644423705086
3.272604784295387,53.33644423705086
3.2728610326575343,53.34732913459296
3.2728683237100964,53.35820895522389
3.2731490829773158,53.369083702494756
3.2731870001005396,53.369083702494756
3.2732102963280467,53.379953379953385
3.273347327924959,53.39081799114426
3.2735207483907853,53.40167753960857
3.2737279487214757,53.40167753960857
3.2737771830701594,53.41253202888423
3.2739361718176827,53.41253202888423
3.2745261319778547,53.42338146250582
3.2746932699526474,53.42338146250582
3.274985026722897,53.42338146250582
3.2752922890060883,53.42338146250582
3.2755988609890436,53.42338146250582
3.2756781815967893,53.43422584400466
3.275736702550473,53.43422584400466
3.276346699178262,53.445065176908756
3.2766288331664732,53.45589946474284
3.2768443878508084,53.45589946474284
3.2770150131568796,53.45589946474284
3.277190608258153,53.45589946474284
3.2773174583591107,53.46672871102839
3.277489011624735,53.47755291928355
3.2775880077349044,53.48837209302325
3.2780616067647594,53.49918623575912
3.2782588499221283,53.50999535099954
3.2782738300964493,53.52079944224959
3.278387863612354,53.53159851301115
3.278585142335338,53.542392566782816
3.278588911023206,53.55318160705992
3.278603614270205,53.55318160705992
3.2786045825181924,53.55318160705992
3.2786548438784173,53.563965637334576
3.278892771705543,53.57474466109564
3.279002767668513,53.57474466109564
3.279043263591962,53.585518681828724
3.279092295359102,53.585518681828724
3.279134527677859,53.585518681828724
3.2792330102985745,53.596287703016245
3.279412149651797,53.60705172813732
3.27949255104212,53.60705172813732
3.2796409595005467,53.60705172813732
3.2800581408004934,53.61781076066791
3.280456647701468,53.62856480408069
3.2805932447801927,53.63931386184515
3.280643131077933,53.63931386184515
3.2811263514299274,53.650057937427576
3.281183797407233,53.66079703429101
3.281394930649538,53.6715311558953
3.2817007894553516,53.682260305697085
3.2818249832796775,53.69298448714981
3.2818509619866743,53.70370370370371
3.282322790728905,53.714417958805825
3.2823296938413726,53.72512725590005
3.282396168241143,53.72512725590005
3.2825050417816715,53.73583159842702
3.2825673474373294,53.74653098982424
3.2826736834208625,53.75722543352601
3.2826845715015307,53.76791493296348
3.2829763111338672,53.77859949156459
3.2831560953245202,53.789279112754166
3.28337644028956,53.799953799953805
3.283599924504076,53.81062355658198
3.283892119261611,53.821288386054036
3.284003727669276,53.83194829178208
3.284007014780012,53.84260327717517
3.284181099677298,53.85325334563913
3.28439824515967,53.8638985005767
3.284766128305977,53.874538745387454
3.2848340085831267,53.88517408346784
3.284995609037047,53.89580451821116
3.285454402535603,53.906430053007604
3.2855229590833708,53.91705069124424
3.2857254584942885,53.927666436305
3.2857810380602825,53.927666436305
3.2862580930071625,53.9382772915707
3.286777889965131,53.948883260419066
3.286935140541118,53.948883260419066
3.287286042736687,53.95948434622467
3.2873462430811107,53.95948434622467
3.28735481300383,53.95948434622467
3.287788286657092,53.970080552359036
3.2891596185541268,53.98067188219052
3.2895350303436706,53.98067188219052
3.2898710591033917,53.991258339084425
3.290124973475625,53.991258339084425
3.2906516129489036,54.00183992640294
3.2908307552706093,54.01241664750517
3.291156913935323,54.01241664750517
3.2913573906522218,54.01241664750517
3.291661135901778,54.02298850574713
3.2920450127637384,54.033555504481726
3.292090227077732,54.04411764705882
3.2921304756086776,54.05467493682517
3.2926909960974595,54.06522737712448
3.2928104917927636,54.06522737712448
3.2930242178841915,54.07577497129736
3.2934068750594125,54.08631772268136
3.293846911686099,54.096855634610975
3.2941149086986847,54.107388710417624
3.2942576541448094,54.11791695342969
3.2943301155227314,54.12844036697248
3.294695424925814,54.13895895436826
3.2950562601053335,54.149472718936266
3.2951118417660523,54.149472718936266
3.2955269960440274,54.15998166399266
3.2957595606896,54.1704857928506
3.29600300789481,54.1704857928506
3.2964741482441617,54.18098510882016
3.296496556056037,54.19147961520843
3.2971705610712787,54.201969315319445
3.297219825760014,54.201969315319445
3.297685782399631,54.201969315319445
3.297836951502735,54.201969315319445
3.297883442360257,54.21245421245421
3.298106920504491,54.222934309910734
3.2983082042019896,54.222934309910734
3.2984589623595606,54.23340961098398
3.2986079549118315,54.24388011896591
3.2987899318793135,54.24388011896591
3.2990820165574353,54.254345837145465
3.299595726479001,54.26480676880859
3.2997335370548346,54.27526291723822
3.2997890453635694,54.285714285714285
3.300045864579599,54.296160877513714
3.300088989628776,54.30660269591044
3.300333534931271,54.30660269591044
3.300524960644094,54.317039744175425
3.3005297480533042,54.32747202557662
3.3005509627526255,54.32747202557662
3.3013223177336055,54.32747202557662
3.3013381838272142,54.32747202557662
3.301920855962628,54.337899543378995
3.302141475826169,54.34832230084455
3.302472872668937,54.35874030123231
3.302996033351918,54.36915354779831
3.3030850364894886,54.379562043795616
3.3037534631700782,54.38996579247435
3.3040246216198472,54.38996579247435
3.304290426061267,54.40036479708162
3.3044273314194585,54.410759060861636
3.3048243070189356,54.410759060861636
3.3048534397378497,54.4211485870556
3.3055470412520433,54.4211485870556
3.3057043316670285,54.4315333789018
3.305787063679522,54.441913439635535
3.3058613818000286,54.441913439635535
3.305997029513727,54.441913439635535
3.3064140930674366,54.452288772489176
3.306489740866756,54.462659380692166
3.306536413629474,54.47302526747097
3.308247617221488,54.48338643604915
3.3082729508068907,54.49374288964732
3.3083271352451114,54.49374288964732
3.3084916386179777,54.50409463148317
3.30858768483231,54.51444166477144
3.308597807387235,54.51444166477144
3.3087953906002894,54.52478399272397
3.308971004309003,54.535121618549674
3.309131016397506,54.535121618549674
3.309138278477401,54.54545454545454
3.309363162783398,54.54545454545454
3.3095011615344148,54.55578277664167
3.3097243086515626,54.55578277664167
3.3107628132239326,54.566106315311224
3.311011643701658,54.576425164660456
3.311231529669812,54.586739327883734
3.3113439171684833,54.586739327883734
3.3114728206208204,54.586739327883734
3.3116156366716747,54.59704880817253
3.31204681145916,54.59704880817253
3.312107096144655,54.60735360871539
3.312394687014386,54.60735360871539
3.312610910541034,54.60735360871539
3.3126420328123567,54.61765373269798
3.3136791689777043,54.62794918330308
3.313716710936982,54.63823996371059
3.3138408704170916,54.63823996371059
3.314134575323371,54.63823996371059
3.314240610439941,54.6485260770975
3.31457429630946,54.6485260770975
3.3145792100149807,54.65880752663795
3.3146176069445956,54.65880752663795
3.3147855193964366,54.66908431550317
3.315208968231565,54.66908431550317
3.3152230710400468,54.67935644686155
3.3155571645321973,54.68962392387857
3.315831792091213,54.699886749716875
3.315853929425614,54.699886749716875
3.3158737113175585,54.710144927536234
3.316070814333965,54.72039846049355
3.3161202506717005,54.73064735174287
3.3165915083617183,54.73064735174287
3.3166411350930867,54.74089160443539
3.3169607036878412,54.75113122171946
3.3174590405601605,54.76136620674056
3.317780544242035,54.76136620674056
3.318016810534928,54.76136620674056
3.3185610534245487,54.76136620674056
3.318857982860868,54.771596562641335
3.319026984676909,54.771596562641335
3.319183493853551,54.771596562641335
3.3191895981247894,54.781822292561614
3.3195299315250875,54.781822292561614
3.319801560376229,54.79204339963834
3.3203617204651796,54.80225988700565
3.3203799204772166,54.80225988700565
3.321080430446913,54.80225988700565
3.321104670169365,54.80225988700565
3.321400869526582,54.80225988700565
3.3215543812506256,54.812471757794846
3.3215783372005747,54.8226790151344
3.321612308996985,54.8226790151344
3.3217066938388067,54.8226790151344
3.3219210216188655,54.8226790151344
3.3222239821446493,54.83288166214996
3.322231792008226,54.83288166214996
3.32257175005328,54.84307970196433
3.3229710568949993,54.84307970196433
3.3229967432049055,54.85327313769752
3.3230881517354733,54.86346197246671
3.3231871813222953,54.87364620938629
3.3232868710065846,54.87364620938629
3.3236731644925626,54.87364620938629
3.3249852126115416,54.88382585156779
3.325428948119077,54.88382585156779
3.3254757223452223,54.88382585156779
3.3255345345475256,54.89400090211998
3.3258715661250204,54.904171364148816
3.325973691561135,54.91433724075744
3.3260657512249856,54.924498535046204
3.3263194265424856,54.924498535046204
3.326421556817332,54.93465525011266
3.32679160721955,54.94480738905159
3.3268868340642515,54.94480738905159
3.3270658868126364,54.95495495495496
3.3273481151851834,54.95495495495496
3.3274403755517077,54.95495495495496
3.3276267728964566,54.965097950911954
3.327722409075764,54.97523638000901
3.3277382314824084,54.98537024532973
3.327742799215501,54.98537024532973
3.328054436366451,54.995499549955
3.328083659107182,55.005624296962885
3.328676476019993,55.0157444894287
3.329045349658514,55.02586013042501
3.3291289813409333,55.02586013042501
3.3291930767193803,55.03597122302158
3.329398561040715,55.046077770285464
3.3295469272076876,55.0561797752809
3.3296316444167084,55.06627724106943
3.3296615316931355,55.0763701707098
3.3297050465507523,55.0763701707098
3.3303412519129796,55.08645856725802
3.3306714222887117,55.096542433767404
3.331613851238675,55.106621773288445
3.3316625672701377,55.11669658886894
3.3316720831040567,55.11669658886894
3.3317003471217888,55.126766883553955
3.33178521424364,55.13683266038583
3.331858086105918,55.146893922404125
3.3318901276291717,55.15695067264574
3.3319750166083764,55.16700291414482
3.3323705445510154,55.17705064993277
3.332379178331774,55.17705064993277
3.332518313854098,55.187093883038315
3.332532211705383,55.19713261648745
3.3327120137438535,55.20716685330347
3.332788838691656,55.217196596506945
3.332905331479393,55.217196596506945
3.3337822209098507,55.227221849115736
3.3339226757405886,55.23724261414503
3.3341169517565747,55.2472588946073
3.3342311546946837,55.2472588946073
3.3342883573599376,55.257270693512304
3.334759898750995,55.26727801386715
3.3348159214215722,55.26727801386715
3.3348430098282686,55.27728085867621
3.3348654434806333,55.27728085867621
3.3349422369163775,55.27728085867621
3.3351471892233895,55.2872792309412
3.3352262640279124,55.29727313366115
3.335423256998871,55.3072625698324
3.3355237059007745,55.31724754244861
3.335642978108195,55.32722805450078
3.3358230720713267,55.337204108977225
3.335917711666512,55.337204108977225
3.3359717334301333,55.337204108977225
3.3362923363832655,55.34717570886358
3.3363039881694467,55.34717570886358
3.3365015176501953,55.35714285714286
3.3365228313028745,55.36710555679536
3.3374671552788473,55.37706381079875
3.337626379964942,55.38701762212804
3.337778885914139,55.39696699375558
3.337788481049845,55.406911928651056
3.3378077369172328,55.406911928651056
3.337915036934615,55.416852429781535
3.338204311705668,55.426788500111435
3.338344764752454,55.43672014260249
3.33846074039193,55.44664736021385
3.339379226181789,55.44664736021385
3.339381350980892,55.45657015590201
3.3395235475912433,55.466488532620794
3.3395678156592816,55.476402493321466
3.339700779221086,55.48631204095259
3.3403464483525185,55.48631204095259
3.341020058948049,55.48631204095259
3.3414219149233424,55.48631204095259
3.3415459787702924,55.49621717846017
3.341693902084139,55.506117908787544
3.341853864806253,55.51601423487544
3.342326556099938,55.525906159662
3.342459802523869,55.5357936860827
3.3424857562715116,55.54567681707046
3.3425040960222425,55.55555555555556
3.3425256183392125,55.55555555555556
3.3425674908888356,55.56542990446568
3.3425882801895748,55.5752998667259
3.3428155817792136,55.585165445258724
3.3431876285119686,55.59502664298401
3.3438325212219913,55.60488346281909
3.343946031895588,55.61473590767865
3.3440615097541264,55.61473590767865
3.3443534491418467,55.61473590767865
3.344591196052546,55.61473590767865
3.3447228307684522,55.62458398047482
3.3447340931635137,55.62458398047482
3.344782488448652,55.62458398047482
3.3450810775782296,55.63442768411713
3.345355650942162,55.644267021512526
3.3454873826277525,55.644267021512526
3.3456526657447276,55.644267021512526
3.3460689110933335,55.654101995565405
3.3467317494939466,55.654101995565405
3.3470549712909876,55.654101995565405
3.347763816121792,55.654101995565405
3.3477956851476933,55.66393260917757
3.348469075844364,55.673758865248224
3.3485769685711038,55.683580766674055
3.348871796953034,55.69339831634914
3.3488768873681747,55.70321151716501
3.3489510698834923,55.713020372010625
3.3490957792243825,55.713020372010625
3.3491508385392836,55.72282488377242
3.3491608624894016,55.73262505533422
3.349293269444028,55.74242088957734
3.3493622741853306,55.74242088957734
3.349405941742294,55.74242088957734
3.349637477649409,55.75221238938053
3.349831073462112,55.75221238938053
3.349862223867035,55.76199955761999
3.349894150666899,55.77178239716939
3.3500583036655285,55.78156091089984
3.3501993705470605,55.79133510167993
3.350210881366836,55.79133510167993
3.3502891532431085,55.80110497237569
3.3505243414685193,55.81087052585064
3.3511758016626847,55.82063176496575
3.351258247698606,55.830388692579504
3.3517536386183795,55.830388692579504
3.3519461298619126,55.84014131154781
3.352103103033343,55.84014131154781
3.3521122502765484,55.84014131154781
3.3522205619669045,55.84988962472406
3.3522625518211884,55.84988962472406
3.3526942418542705,55.84988962472406
3.353095704743663,55.859633634959174
3.353267821225428,55.859633634959174
3.3533537110477276,55.8693733451015
3.3533551829591115,55.8693733451015
3.353402034241374,55.8693733451015
3.3538605190065445,55.87910875799691
3.353963967844029,55.88883987648875
3.35397677851736,55.89856670341786
3.353990256208348,55.908289241622576
3.3541464834020838,55.918007493938724
3.3544428931472607,55.927721463199646
3.354509230615389,55.93743115223617
3.354723644730688,55.947136563876654
3.354875459745027,55.95683770094693
3.3548949595613373,55.96653456627037
3.3551761549277646,55.97622716266783
3.3553055261537676,55.98591549295775
3.3557273292727356,55.995599559956
3.35605649561817,56.005279366476024
3.356184893984185,56.01495491532879
3.356564541544244,56.02462620932278
3.356573073438703,56.03429325126401
3.3567713842025593,56.043956043956044
3.357110547842897,56.05361459019995
3.3576069518072362,56.06326889279437
3.3577573862586183,56.06326889279437
3.3581449569822936,56.07291895453547
3.358182438281909,56.08256477821695
3.3582230563002913,56.09220636663008
3.358336770673535,56.10184372256365
3.358353219985314,56.10184372256365
3.358756076269657,56.10184372256365
3.359383246416975,56.10184372256365
3.3594696006996037,56.10184372256365
3.35983369071831,56.111476848804045
3.359838095734201,56.12110574813515
3.3600520228894752,56.13073042333845
3.3601599498727626,56.13073042333845
3.36044157009337,56.13073042333845
3.360522136724722,56.14035087719298
3.3606358698898697,56.14035087719298
3.3606439376310866,56.14035087719298
3.3613484355446688,56.14035087719298
3.3614557771660407,56.14996711247533
3.361811981783963,56.14996711247533
3.3619926952413675,56.15957913195967
3.3621398694732605,56.15957913195967
3.36242815772995,56.1691869384177
3.362484430617191,56.1691869384177
3.3625829664083655,56.1691869384177
3.3627113442367444,56.1691869384177
3.3627676777472923,56.17879053461875
3.3628857519577764,56.18838992332969
3.362946812598237,56.18838992332969
3.3636076227906266,56.19798510731494
3.36410477127473,56.20757608933654
3.364170865023876,56.21716287215411
3.364198366603108,56.22674545852484
3.3646007635123705,56.236323851203494
3.364720985191248,56.245898052942465
3.3647291055578834,56.25546806649169
3.3652528060962763,56.26503389459874
3.3652666284611685,56.27459554000874
3.3653104561160934,56.284153005464475
3.365328875279832,56.284153005464475
3.3657173212406524,56.29370629370629
3.3659013229648562,56.29370629370629
3.365973130138571,56.30325540747214
3.366532816682536,56.31280034949759
3.366542595717249,56.32234112251583
3.366577854613221,56.33187772925764
3.366655672371654,56.33187772925764
3.366732453960226,56.34141017245143
3.366997414622398,56.35093845482322
3.367318900382877,56.36046257909666
3.367557234998189,56.36046257909666
3.3678873859178835,56.36998254799301
3.3679814111160375,56.36998254799301
3.3685168020490157,56.37949836423118
3.36868823547784,56.3890100305277
3.3689096896985378,56.39851754959668
3.3689800603501294,56.40802092414996
3.369326829092794,56.41752015689693
3.369382887114101,56.42701525054466
3.369566937814652,56.42701525054466
3.3695743017228086,56.43650620779786
3.36989445946264,56.44599303135889
3.370756319175822,56.45547572392772
3.3707770893781728,56.46495428820201
3.370871114815694,56.474428726877036
3.3708719738149897,56.48389904264578
3.3711348441425932,56.49336523819882
3.371695391433368,56.49336523819882
3.371852309008716,56.50282731622445
3.372059705681713,56.50282731622445
3.3722950145660606,56.51228527940857
3.372312673624226,56.51228527940857
3.3727515508208423,56.52173913043478
3.372861529181495,56.53118887198435
3.372941639606578,56.53118887198435
3.3734380607959524,56.5406345067362
3.373881904673599,56.550076037366935
3.3738934534757856,56.559513466550825
3.3739058708759213,56.56894679695983
3.374151473180357,56.578376031263566
3.374155882434944,56.58780117212937
3.3742656685037606,56.58780117212937
3.3742799368287217,56.59722222222222
3.3746757260775198,56.60663918420482
3.3754685695236395,56.60663918420482
3.37552469049877,56.61605206073753
3.375562991722786,56.61605206073753
3.37597063951162,56.625460854478426
3.3764059657792,56.63486556808326
3.3769158094386054,56.64426620420551
3.3769367290469727,56.653662765496314
3.3771522164220693,56.66305525460456
3.3772313734641934,56.672443674176776
3.377283173144528,56.68182802685726
3.37762922310073,56.691208315288
3.377860529550493,56.691208315288
3.3779217316786383,56.70058454210868
3.377973231725061,56.709956709956714
3.3781202298173514,56.709956709956714
3.378266837591186,56.709956709956714
3.3786874535333893,56.71932482146721
3.3789636744718843,56.72868887927304
3.3792035647635537,56.738048886004755
3.3794623003872806,56.738048886004755
3.3795586063408103,56.738048886004755
3.379614668826687,56.747404844290664
3.379914489268077,56.747404844290664
3.3801186384079025,56.747404844290664
3.3802420706852496,56.75675675675676
3.380340924203778,56.75675675675676
3.380471311124168,56.7661046260268
3.3810803109082066,56.7661046260268
3.3811734585851005,56.77544845472228
3.381204232183163,56.77544845472228
3.3816767469114954,56.7847882454624
3.3818498227531237,56.7847882454624
3.382271505143143,56.7847882454624
3.3826904092767576,56.79412400086412
3.383034634233359,56.79412400086412
3.383132865590799,56.79412400086412
3.383632211983815,56.803455723542115
3.3836391893023015,56.812783416108836
3.383863569535026,56.812783416108836
3.3840644875834434,56.812783416108836
3.3841218162152167,56.82210708117444
3.3843738593550166,56.82210708117444
3.3845770243130584,56.83142672134686
3.384670141677565,56.83142672134686
3.384692289732008,56.84074233923177
3.3847593498683595,56.85005393743258
3.384885825870692,56.85936151855048
3.3850347894883015,56.86866508518439
3.385201352401347,56.86866508518439
3.3853368986753876,56.877964639931
3.3856329400420537,56.88726018538478
3.3864686015149705,56.896551724137936
3.386815923692901,56.90583925878043
3.386887778089508,56.91512279190004
3.3869594785779746,56.92440232608228
3.3870045061646,56.933677863910425
3.387356612190199,56.94294940796556
3.3874370314665883,56.94294940796556
3.387746766395072,56.94294940796556
3.387834716190474,56.95221696082652
3.3883574014799156,56.96148052506994
3.3884455980046915,56.970740103270224
3.388500346370017,56.970740103270224
3.388600087772401,56.97999569799958
3.388652134582551,56.98924731182796
3.3887394312598533,56.98924731182796
3.388773551281035,56.98924731182796
3.3894889844138363,56.98924731182796
3.3899834558187663,56.99849494732315
3.3900482671529852,56.99849494732315
3.3900661878725136,56.99849494732315
3.3900684379314354,56.99849494732315
3.390068710067487,56.99849494732315
3.390594156628404,57.007738607050726
3.390681133827943,57.007738607050726
3.390938710601147,57.007738607050726
3.3913839429226877,57.01697829357404
3.391416450962923,57.01697829357404
3.392115756754679,57.026214009454236
3.3921505733432897,57.03544575725027
3.39215773730241,57.03544575725027
3.3925188854468775,57.0446735395189
3.3925245292193185,57.0446735395189
3.392734215398978,57.05389735881469
3.3933247534431636,57.06311721768999
3.3934098580919447,57.06311721768999
3.3934643865728984,57.06311721768999
3.3934950726997157,57.072333118695
3.39375521509943,57.072333118695
3.3940849805112494,57.08154506437768
3.3941516153991276,57.09075305728385
3.394348352368071,57.09075305728385
3.3946877776005193,57.0999570999571
3.394940067920551,57.0999570999571
3.3953250266707573,57.109157194938874
3.395372880467928,57.109157194938874
3.3954832508939186,57.109157194938874
3.395805662106561,57.109157194938874
3.3962044014515924,57.11835334476844
3.396345931204301,57.12754555198285
3.396580216738289,57.12754555198285
3.396651983478656,57.13673381911701
3.396857342050745,57.145918148703664
3.3969506328771515,57.145918148703664
3.397043506791847,57.145918148703664
3.397327917004503,57.155098543273354
3.3975114033709226,57.155098543273354
3.39756563443471,57.155098543273354
3.397593844420849,57.16427500535447
3.397725239882222,57.17344753747323
3.398051632948425,57.18261614215372
3.398072272604699,57.1917808219178
3.3981466830715545,57.20094157928526
3.3982471836510753,57.21009841677363
3.398289571621998,57.21009841677363
3.398299153474224,57.21925133689839
3.3983587727896163,57.21925133689839
3.398920536241566,57.228400342172804
3.4000993207058365,57.228400342172804
3.400148636493355,57.228400342172804
3.4001668567790126,57.228400342172804
3.400812143218793,57.237545435107975
3.400837881453651,57.24668661821292
3.400845316486103,57.25582389399444
3.401574280548476,57.25582389399444
3.4018418960281256,57.25582389399444
3.4020540916181914,57.25582389399444
3.4024387098458493,57.25582389399444
3.4025638134110485,57.26495726495726
3.402934893749214,57.26495726495726
3.4031106947140524,57.26495726495726
3.4031807121890036,57.27408673360394
3.403210115436248,57.28321230243486
3.403645905734844,57.28321230243486
3.403821549414831,57.29233397394833
3.4050898443167914,57.301451750640474
3.4053016746520837,57.31056563500534
3.405478158391959,57.319675629534785
3.4059889705656716,57.32878173671858
3.4060886896021403,57.33788395904437
3.4061143887266376,57.33788395904437
3.406312337770792,57.34698229899765
3.406599833161836,57.356076759061835
3.4067787867199373,57.365167341718184
3.4070846060624853,57.37425404944586
3.4072296069819377,57.38333688472193
3.4074111412973607,57.39241585002131
3.408029692918035,57.39241585002131
3.4082323886159065,57.401490947816825
3.4088777477673253,57.41056218057922
3.409182091989208,57.419629550777096
3.409202961069475,57.419629550777096
3.409582287405221,57.42869306087697
3.4097552744823165,57.43775271334326
3.4103016479443693,57.446808510638306
3.410520287059722,57.45586045522229
3.4105785452300608,57.45586045522229
3.410771766879149,57.464908549553385
3.4108435298252444,57.464908549553385
3.411258164180748,57.4739527960876
3.4114871617940743,57.48299319727891
3.4121106580963048,57.49202975557917
3.4126605478889704,57.50106247343817
3.4128796711243234,57.50106247343817
3.41297300487703,57.510091353303594
3.4133122991074334,57.519116397621076
3.4134807879490086,57.52813760883415
3.4139908046130127,57.537154989384284
3.4139985372054333,57.546168541710884
3.414270040055491,57.555178268251275
3.415016691793111,57.564184171440694
3.415119419517916,57.57318625371235
3.4151391213005056,57.57318625371235
3.4151505211919204,57.582184517497346
3.4158300843748,57.59117896522476
3.4163438601053735,57.59117896522476
3.417028589095452,57.59117896522476
3.4171388723270497,57.6001695993216
3.4172437823920174,57.609156422212806
3.4179575177174373,57.61813943632126
3.4179613571567913,57.6271186440678
3.418021686318385,57.6271186440678
3.4180400238704745,57.63609404787121
3.4180609882021216,57.63609404787121
3.418382016123519,57.64506565014824
3.4185643232289227,57.654033453313566
3.419105511409696,57.66299745977985
3.4191658921666446,57.67195767195767
3.419238630263356,57.680914092255605
3.4194012157300775,57.68986672308017
3.419642494743512,57.69881556683587
3.4201181543195758,57.70776062592514
3.420218036961422,57.70776062592514
3.420503668060763,57.70776062592514
3.421448888004794,57.71670190274841
3.4217479415662297,57.71670190274841
3.421814382516302,57.72563939970408
3.4222524370686513,57.734573119188504
3.4222552628998657,57.74350306359602
3.4228178950698607,57.75242923531897
3.4228706159500564,57.76135163674763
3.4228767492884633,57.770270270270274
3.422889689848758,57.770270270270274
3.4235988115184175,57.77918513827317
3.4241523380628007,57.788096243140565
3.424268653975253,57.788096243140565
3.4247314297634555,57.788096243140565
3.424740062522466,57.79700358725469
3.4247625029497293,57.80590717299579
3.4247975082589215,57.81480700274204
3.424867831752105,57.82370307886967
3.4249140330684336,57.82370307886967
3.425353438926126,57.82370307886967
3.4257791103161286,57.8325954037529
3.425836044278194,57.84148397976391
3.425881368753597,57.85036880927292
3.42651296629214,57.85924989464812
3.426903518949013,57.86812723825574
3.427111435284078,57.87700084245998
3.427342380099225,57.87700084245998
3.4274969236095023,57.87700084245998
3.42754173696969,57.88587070962308
3.4281121752642787,57.88587070962308
3.4281769129749975,57.89473684210527
3.4281800187486895,57.89473684210527
3.4282288582544314,57.89473684210527
3.4283113892436967,57.90359924226479
3.428953530745187,57.91245791245792
3.4289704193995094,57.92131285503892
3.429174175910816,57.930164072360114
3.429195527180188,57.93901156677181
3.42967659669397,57.93901156677181
3.4297115786455223,57.94785534062237
3.429873179199576,57.94785534062237
3.4306215669612987,57.94785534062237
3.4306495368757277,57.95669539625815
3.4307412327153712,57.965531736023536
3.4311930514496365,57.97436436226098
3.4312106907479234,57.97436436226098
3.4312460825785562,57.98319327731093
3.4316130573555457,57.99201848351186
3.4320972389620312,58.000839983200336
3.4325174059990973,58.0096577787109
3.4328714965819285,58.0096577787109
3.432884158707887,58.01847187237615
3.4329886658759317,58.02728226652676
3.4332304142367303,58.036088963491395
3.433366904825464,58.036088963491395
3.4337031540787883,58.036088963491395
3.433750372818277,58.04489196559681
3.4337901565046507,58.04489196559681
3.433812474809338,58.04489196559681
3.4338621142997447,58.053691275167786
3.433899116527664,58.053691275167786
3.4339379598361077,58.062486894527154
3.433977186622657,58.07127882599581
3.434055600970187,58.07127882599581
3.4343063261744073,58.080067071892685
3.4343955255670418,58.08885163453479
3.434441498007869,58.09763251623716
3.4346455461345062,58.09763251623716
3.4350418104723195,58.10640971931294
3.4352342629820645,58.1151832460733
3.4354570176942874,58.12395309882747
3.435693657351098,58.13271927988277
3.4358048856841257,58.14148179154458
3.4359921173863257,58.150240636116344
3.4360027474034713,58.15899581589959
3.4364311825291196,58.1677473331939
3.436716211384761,58.17649519029695
3.436848617092089,58.17649519029695
3.437204412162818,58.17649519029695
3.4376075802691632,58.17649519029695
3.4376086315606433,58.17649519029695
3.4378318401923256,58.185239389504495
3.4380380602530316,58.19397993311036
3.4380912526736824,58.202716823406476
3.438122612180535,58.202716823406476
3.4384755711712467,58.21145006268282
3.4384867211685908,58.22017965322749
3.438716135765836,58.22890559732665
3.438859472593745,58.23762789726457
3.43886056100769,58.24634655532359
3.4394479999065024,58.25506157378418
3.4399056228980345,58.25506157378418
3.439939820966931,58.25506157378418
3.440080944232284,58.25506157378418
3.4402618831356038,58.263772954924875
3.4405244296869593,58.272480701022324
3.440668344767136,58.28118481435127
3.440714001579924,58.28988529718456
3.44089688777554,58.28988529718456
3.4409262485837564,58.29858215179316
3.440959708165048,58.307275380446114
3.4411356863438645,58.31596498541059
3.441243033260134,58.324650968951865
3.441422576237381,58.333333333333336
3.441493094623118,58.333333333333336
3.4421038174205987,58.342012080816495
3.442238141159793,58.342012080816495
3.4423077479530626,58.350687213660976
3.4423363122137127,58.3593587341245
3.4423622715207816,58.368026644462944
3.4426464516736948,58.376690946930275
3.44266953014714,58.376690946930275
3.4430135363999814,58.385351643778606
3.4430285958723523,58.385351643778606
3.443430282357997,58.39400873725816
3.443739551946317,58.39400873725816
3.4440593998515228,58.39400873725816
3.4441469278976125,58.402662229617306
3.4442162271552474,58.41131212310252
3.44424504262412,58.41131212310252
3.444439135537431,58.41995841995842
3.4445779582210854,58.41995841995842
3.4446212829892056,58.42860112242777
3.444677272918042,58.42860112242777
3.444722690159286,58.42860112242777
3.4447868617715462,58.43724023275145
3.4449167825431584,58.445875753168494
3.4449681401902508,58.45450768591608
3.44503039144156,58.46313603322949
3.445758255349553,58.46313603322949
3.4459201615935027,58.46313603322949
3.4460222946422667,58.4717607973422
3.4462028733580072,58.4717607973422
3.4464208169969206,58.4717607973422
3.4465013018765123,58.4717607973422
3.44652565800836,58.4717607973422
3.4469655657241045,58.4717607973422
3.4476647645616985,58.48038198048579
3.4485698867023418,58.48899958489
3.4485936473483996,58.49761361278274
3.448655811076443,58.49761361278274
3.448727622777259,58.50622406639005
3.4489366369553216,58.51483094793611
3.449165917795306,58.5234342596433
3.4491774672843727,58.5234342596433
3.4493967098840836,58.532034003732115
3.449794845746318,58.540630182421225
3.449961088409435,58.549222797927456
3.4499630350086576,58.549222797927456
3.450541825486129,58.55781185246581
3.4508444701730765,58.56639734824943
3.450922221712612,58.57497928748965
3.450947167793192,58.57497928748965
3.4511663788539706,58.58355767239593
3.4511979511273245,58.58355767239593
3.4513865939134587,58.59213250517599
3.451394022960402,58.6007037880356
3.451515801844581,58.6007037880356
3.451658479297717,58.6007037880356
3.4516835118563245,58.609271523178805
3.451855608954503,58.617835712807775
3.4521125827704133,58.62639635912288
3.452610921361664,58.62639635912288
3.452949378157983,58.63495346432265
3.453016641044954,58.6435070306038
3.453494772840264,58.6435070306038
3.453510352758821,58.652057060161255
3.4535287949605444,58.660603555188096
3.4536527863222606,58.66914651787559
3.453960290827622,58.67768595041323
3.454213167713621,58.68622185498864
3.4542569848314186,58.69475423378769
3.4545372920447748,58.69475423378769
3.4546183807047837,58.69475423378769
3.4547357696479226,58.70328308899443
3.4550963043695297,58.71180842279108
3.4551001267474653,58.7203302373581
3.4551868875971663,58.7203302373581
3.45524864610686,58.728848534874125
3.4554714336870638,58.73736331751599
3.4556658150350015,58.745874587458744
3.4561734508590525,58.745874587458744
3.456198775816088,58.754382346875644
3.4564024759745853,58.754382346875644
3.456405424515268,58.76288659793815
3.456412598255384,58.77138734281592
3.456672066290643,58.77988458367683
3.456690025538157,58.77988458367683
3.4567155831339895,58.788378322686995
3.456895061838183,58.796868562010715
3.456945862536134,58.796868562010715
3.4570333244218627,58.796868562010715
3.457053117888305,58.8053553038105
3.457086258742472,58.8053553038105
3.458255452207428,58.81383855024712
3.4583721189240304,58.82231830347951
3.458940772592826,58.83079456566488
3.4589556770398837,58.839267338958635
3.4590355866254465,58.839267338958635
3.459194357121948,58.839267338958635
3.4592930802329493,58.8477366255144
3.4594382564829993,58.856202427484064
3.4594999224637553,58.86466474701769
3.4598815479190552,58.87312358626362
3.460188242010323,58.88157894736842
3.460448065476522,58.89003083247688
3.4605071928514697,58.89847924373201
3.460532367034728,58.90692418327512
3.460949875938046,58.915365653245686
3.4611011865103807,58.92380365578147
3.461250078679275,58.932238193018485
3.4615890554356783,58.940669267090954
3.4617366727518113,58.940669267090954
3.461942212072754,58.94909688013136
3.462178732187963,58.957521034270464
3.4623793973189962,58.96594173163726
3.4624243467767055,58.97435897435898
3.462489304502754,58.98277276456112
3.4625568733628618,58.99118310436744
3.462847133908572,58.99958999589996
3.4630523740961574,58.99958999589996
3.4630929183276455,59.00799344127895
3.4632175103525693,59.01639344262295
3.4636488172406215,59.02479000204877
3.463919029325487,59.02479000204877
3.4639424004133557,59.02479000204877
3.464014883932505,59.02479000204877
3.464039797906952,59.03318312167145
3.4641990012412633,59.04157280360434
3.4643673450427652,59.04995904995906
3.4643770607152664,59.04995904995906
3.464438624425013,59.058341862845445
3.4648210063119413,59.06672124437168
3.4648300361194657,59.06672124437168
3.464843513805688,59.07509719664416
3.4649209258090847,59.08346972176759
3.4651235369027193,59.09183882184495
3.465320861285473,59.09183882184495
3.465908725860481,59.09183882184495
3.4659790736035507,59.100204498977504
3.466147370889998,59.10856675526477
3.4661923210773273,59.10856675526477
3.466216652308727,59.10856675526477
3.466249760859919,59.116925592804584
3.4662525667081674,59.116925592804584
3.466329642456476,59.125281013693034
3.4663911120186732,59.133633020024526
3.4664032962577402,59.133633020024526
3.4664806954416423,59.133633020024526
3.466721811606242,59.14198161389172
3.466916945713823,59.150326797385624
3.4669641628676295,59.15866857259546
3.4669735652447633,59.15866857259546
3.4675316625167483,59.167006941608825
3.4675329381122393,59.175341906511534
3.467609779212987,59.183673469387756
3.468089606688176,59.192001632319936
3.468159017425869,59.20032639738883
3.4685759504238987,59.20864776667346
3.468901885712614,59.216965742251226
3.4689136003394285,59.22528032619776
3.469082057122819,59.233591520587034
3.4695548087833825,59.241899327491346
3.4698045726219777,59.25020374898126
3.469911544000166,59.25020374898126
3.469994637486007,59.25850478712569
3.4707288610265814,59.26680244399185
3.4709859874712707,59.27509672164528
3.471066087476483,59.27509672164528
3.4711067627902095,59.28338762214984
3.471341081406786,59.29167514756768
3.4714691377916753,59.29167514756768
3.4715552282447444,59.299959299959305
3.471577380208658,59.30824008138352
3.4715779104259044,59.31651749389748
3.4717012131090517,59.31651749389748
3.471712900389683,59.31651749389748
3.47173911754221,59.32479153955664
3.4717663628573523,59.3330622204148
3.4718443202937204,59.3330622204148
3.4719623123367684,59.3330622204148
3.4720773324128986,59.34132953852409
3.472401722481196,59.34959349593496
3.472688307957257,59.35785409469621
3.473116744410477,59.35785409469621
3.4731554249082977,59.35785409469621
3.4732385901718157,59.366111336854935
3.4735520028871507,59.374365224456625
3.4741075564906887,59.374365224456625
3.4742131740083315,59.38261575954509
3.4742685142181893,59.38261575954509
3.4744327989650907,59.390862944162436
3.474464426882312,59.399106780349165
3.474589136269005,59.40734727014411
3.4754228401553546,59.41558441558441
3.4757024093906628,59.42381821870561
3.476197924835929,59.42381821870561
3.4762446633788526,59.43204868154158
3.4763144360657523,59.44027580612452
3.4768371188061833,59.44027580612452
3.476952729437773,59.44849959448499
3.4772620394909515,59.45672004865193
3.4773345462158165,59.46493717065261
3.477761789776211,59.47315096251267
3.478627717275668,59.48136142625607
3.478740987102007,59.48136142625607
3.478797258504195,59.4895685639052
3.478803883064055,59.497772377480764
3.478932297385689,59.50597286900182
3.4794639464871713,59.51417004048582
3.4795547713284147,59.522363893948594
3.479574853947773,59.53055443140429
3.4796489372357025,59.53055443140429
3.4798438165091037,59.53874165486547
3.47995102879931,59.54692556634305
3.479986254955752,59.54692556634305
3.4801459232639753,59.54692556634305
3.4803016694759448,59.555106167846304
3.480394614614265,59.56328346138293
3.4804431271401164,59.56328346138293
3.48056287490333,59.56328346138293
3.480728969277763,59.57145744895897
3.481168749752662,59.57962813257882
3.4812862289220656,59.5877955142453
3.481536411445483,59.59595959595959
3.481611200435915,59.60412037972127
3.481761268701838,59.60412037972127
3.481801405087368,59.61227786752828
3.4818738118503973,59.62043206137694
3.482242930619976,59.62858296326201
3.482268297315855,59.62858296326201
3.4823810219446587,59.636730575176585
3.4824143112940336,59.64487489911219
3.4825593024813446,59.653015937058704
3.482591601270355,59.66115369100444
3.4826816101878166,59.66928816293608
3.4829404060652918,59.67741935483871
3.4831112853236625,59.67741935483871
3.4833326541841183,59.68554726869583
3.48337320984269,59.69367190648932
3.4834212951500776,59.701793270199474
3.4834401382199185,59.709911361805
3.48349976228259,59.71802618328298
3.483578686683517,59.72613773660894
3.4838625175668247,59.734246023756796
3.483987407335135,59.74235104669887
3.48432040046645,59.75045280740592
3.484469671995885,59.758551307847085
3.4846854064075803,59.76664654998994
3.4847590862800266,59.77473853580049
3.48494659120658,59.77473853580049
3.484957120610315,59.78282726724311
3.485232824678805,59.78282726724311
3.485273129412198,59.78282726724311
3.4853435459376367,59.790912746280654
3.485623049227262,59.798994974874375
3.485651363596445,59.80707395498393
3.4857139543603264,59.815149688567416
3.485823238818673,59.82322217758136
3.4859102839762546,59.831291423980716
3.486035380278149,59.83935742971887
3.4861094464316684,59.847420196747635
3.4862162333177213,59.855479727017254
3.4862783105469695,59.86353602247642
3.4864714466587126,59.87158908507223
3.4866409445406115,59.87963891675025
3.486844222841062,59.88768551945447
3.4870694216091995,59.895728895127334
3.4873997888327346,59.9037690457097
3.487659376296476,59.91180597314091
3.488020267489551,59.91180597314091
3.488335749817583,59.919839679358724
3.488405462553695,59.927870166299336
3.4884642871556637,59.93589743589743
3.4885031382018,59.93589743589743
3.488539095485659,59.93589743589743
3.4887457055076507,59.94392149008612
3.488751500330544,59.95194233079696
3.48910521946568,59.95995995995996
3.4893997110186405,59.96797437950361
3.489600307797587,59.96797437950361
3.489638269100746,59.96797437950361
3.4900206926388555,59.96797437950361
3.4901858780250823,59.97598559135481
3.4902149810103262,59.98399359743898
3.4903460961515655,59.991998399679936
3.4903791576664474,59.991998399679936
3.490616153824368,60.0
3.4907839623320776,60.0
3.4912838166719746,60.0
3.4913013797409795,60.00799840031994
3.4913096192224566,60.00799840031994
3.491424254881573,60.00799840031994
3.4914400668545595,60.01599360255898
3.4917350367477193,60.023985608634824
3.4918574170043355,60.03197442046363
3.492016188432716,60.039960039960036
3.4921537624173022,60.039960039960036
3.4921668631204876,60.04794246903715
3.4922514885328186,60.05592170960655
3.4923371636871394,60.063897763578275
3.49264687702471,60.07187063286084
3.4926987118310517,60.079840319361274
3.4929250004512182,60.08780682498504
3.4929435837549296,60.095770151636074
3.49335457468723,60.10373030121684
3.493490562559218,60.11168727562824
3.4935530564527566,60.11168727562824
3.4940149512675314,60.11168727562824
3.4940822805127087,60.11964107676969
3.494173864819373,60.12759170653907
3.4942672863505035,60.135539166832764
3.4945318101464222,60.135539166832764
3.494772250338792,60.135539166832764
3.4949340176826307,60.143483459545635
3.4951526327454854,60.15142458657103
3.495418197427602,60.1593625498008
3.4956688022590066,60.16729735112527
3.495671156353119,60.1752289924333
3.495705183014523,60.183157475612184
3.495834117545012,60.19108280254777
3.496222553142484,60.19900497512438
3.4965982964776754,60.19900497512438
3.496680040362402,60.20692399522483
3.4967195199485515,60.20692399522483
3.4969712234640973,60.20692399522483
3.497063847186293,60.21483986473045
3.4970875162410993,60.22275258552108
3.497369603475453,60.22275258552108
3.497750043947266,60.22275258552108
3.497752343267885,60.230662159475045
3.4981118363489485,60.230662159475045
3.4981342954886543,60.230662159475045
3.4981859604136605,60.230662159475045
3.4982493306520963,60.238568588469185
3.498597547522208,60.24647187437885
3.49918359011819,60.254372019077906
3.499214448442156,60.26226902443871
3.499394058277682,60.270162892332145
3.499996610927223,60.2780536246276
3.5001943118230257,60.28594122319301
3.5003839524580123,60.293825689894774
3.500948223743971,60.30170702659786
3.5010312735629396,60.30170702659786
3.5011501157236866,60.309585235165706
3.5011981734555486,60.317460317460316
3.501604056183144,60.32533227534219
3.501937341492397,60.333201110670366
3.502047371138305,60.333201110670366
3.50209168069353,60.341066825302406
3.5021023233711337,60.34892942109437
3.5024005520326997,60.35678889990089
3.5025575523507246,60.35678889990089
3.502955952791673,60.36464526357511
3.5030818283569833,60.36464526357511
3.5031175572313202,60.3724985139687
3.5031962185452055,60.3724985139687
3.503735497742764,60.38034865293186
3.5039088709404638,60.38819568231333
3.50402729133541,60.396039603960396
3.5041320285028594,60.40388041971887
3.5041576987355185,60.40388041971887
3.504309150210474,60.4117181314331
3.504336063709022,60.41955274094597
3.504546189887844,60.42738425009894
3.5045782201015614,60.42738425009894
3.5046917851159605,60.42738425009894
3.504728493289477,60.43521266073195
3.505340493055465,60.44303797468354
3.5054735678392426,60.45086019379079
3.505753867918049,60.458679319889285
3.5059591425837096,60.4664953548132
3.5060532323802693,60.4664953548132
3.5062720015179476,60.47430830039525
3.5063404932924467,60.47430830039525
3.5064851955497374,60.482118158466704
3.5065523453081138,60.48992493085736
3.5066758482993596,60.497728619395616
3.5067990069720083,60.497728619395616
3.507157489650393,60.505529225908376
3.50725930672136,60.505529225908376
3.5075433094373643,60.505529225908376
3.507616541480761,60.505529225908376
3.5079163618549334,60.505529225908376
3.507984760247622,60.51332675222113
3.5081162182517924,60.521121200157914
3.508374568424045,60.52891257154135
3.5087455439078323,60.52891257154135
3.5090385313782058,60.53670086819258
3.5091390109289358,60.53670086819258
3.5094007873362276,60.53670086819258
3.5102796149591025,60.53670086819258
3.5104012627610586,60.53670086819258
3.5105451404988717,60.53670086819258
3.5105856045741777,60.54448609193135
3.5107318585915546,60.54448609193135
3.510951936998645,60.552268244575934
3.5111067071199287,60.56004732794321
3.5111787963406256,60.56004732794321
3.511695639494263,60.56782334384858
3.511729303309313,60.56782334384858
3.5117749653938564,60.57559629410605
3.51181758038286,60.57559629410605
3.5119881410299247,60.57559629410605
3.5123735148742985,60.57559629410605
3.512381234935793,60.57559629410605
3.512455580928729,60.58336618052819
3.512493721010491,60.591133004926114
3.512730294868183,60.59889676910954
3.5128975615419775,60.60665747488675
3.5130734402290633,60.61441512406459
3.513277404527541,60.61441512406459
3.5134751813614176,60.61441512406459
3.5135496877130663,60.62216971844852
3.513925746654587,60.629921259842526
3.5141638541956377,60.637669750049206
3.5141894588656064,60.645415190869734
3.514273396553106,60.645415190869734
3.5144631540426468,60.65315758410388
3.5148727778662057,60.65315758410388
3.515095025670755,60.660896931549956
3.5151383134446594,60.66863323500492
3.515784303091396,60.67636649626426
3.5159240476693348,60.684096717122074
3.516033065003508,60.684096717122074
3.516179253520302,60.684096717122074
3.516349021150319,60.691823899371066
3.5163553057416506,60.69954804480252
3.5169468679875684,60.70726915520629
3.517007784859151,60.71498723237085
3.517164033740803,60.71498723237085
3.517254749221191,60.72270227808326
3.5175287625571503,60.7304142941292
3.5176796887070263,60.7304142941292
3.5179341088678453,60.73812328229289
3.5180084941207093,60.74582924435721
3.518161539827388,60.75353218210361
3.5181853114117496,60.761232097312146
3.5181855300407,60.761232097312146
3.51823981982546,60.76892899176147
3.519465272649445,60.76892899176147
3.5195613216027724,60.76892899176147
3.5198483197777404,60.776622867228866
3.5199662788892154,60.78431372549019
3.5200349476027486,60.79200156831994
3.5200745669160622,60.79968639749118
3.52009777928836,60.80736821477563
3.520115667258635,60.81504702194357
3.5201314181434444,60.82272282076395
3.520223912181733,60.830395613004306
3.5207910499222708,60.830395613004306
3.5208322961541714,60.830395613004306
3.521277750111192,60.838065400430786
3.5215608353397982,60.838065400430786
3.521913327651224,60.84573218480814
3.522289381822122,60.85339596789978
3.5224445452672075,60.861056751467714
3.522463338554502,60.861056751467714
3.52262229138845,60.86871453727255
3.5230738243466924,60.876369327073554
3.5230738416335425,60.876369327073554
3.523212236341952,60.884021122628596
3.523612813657258,60.89166992569417
3.5236662733270965,60.899315738025415
3.5238072958481133,60.899315738025415
3.5241420870142988,60.90695856137608
3.5241771019014134,60.91459839749853
3.524657271927192,60.92223524814381
3.524748548833666,60.92223524814381
3.524923474588502,60.92986911506153
3.525122977573119,60.9375
3.525814365194513,60.9375
3.525909441190761,60.9375
3.525978748079874,60.94512790470611
3.526132503154954,60.95275283092542
3.5263193689554138,60.960374780402105
3.526488013104207,60.960374780402105
3.526488786802523,60.967993754879004
3.5266223937340295,60.97560975609756
3.5267576335182107,60.9832227857979
3.5268805513420785,60.99083284571874
3.527269238818212,60.99083284571874
3.527350820795067,60.9984399375975
3.5273663823226036,61.00604406317021
3.527677910770071,61.00604406317021
3.527694143862112,61.01364522417154
3.527787782948076,61.01364522417154
3.527891974743203,61.01364522417154
3.5280276625823968,61.02124342233483
3.5282803545487385,61.02883865939205
3.5283939587382207,61.03643093707384
3.5284912749688635,61.044020257109466
3.5287001020318214,61.044020257109466
3.528984488815641,61.051606621226874
3.529375584887139,61.059190031152646
3.5294203577226106,61.059190031152646
3.5294421194664833,61.06677048861203
3.5298489338153543,61.06677048861203
3.5298919828174213,61.06677048861203
3.529907015134964,61.07434799532893
3.5300598421552047,61.08192255302588
3.530344150031257,61.08949416342413
3.530352963747756,61.08949416342413
3.5310986960068034,61.08949416342413
3.5311793476445636,61.08949416342413
3.5313324452274055,61.08949416342413
3.531338703233577,61.09706282824353
3.5314133635269416,61.09706282824353
3.5318655661220806,61.104628549202644
3.53196195002562,61.11219132801866
3.532012164314563,61.11975116640747
3.5326429855841672,61.11975116640747
3.5326447140936974,61.12730806608357
3.532766551667546,61.1348620287602
3.533032761410773,61.1348620287602
3.533155118008723,61.142413056149216
3.533208583052322,61.142413056149216
3.5332939800748133,61.14996114996115
3.533556797729344,61.14996114996115
3.5337587507573454,61.15750631190523
3.5340960732050304,61.15750631190523
3.534625975528893,61.15750631190523
3.534903463192733,61.15750631190523
3.5353124739362674,61.165048543689316
3.535465902036889,61.165048543689316
3.53564361900446,61.17258784702
3.5359488690187786,61.17258784702
3.5359690622074433,61.17258784702
3.536145981746741,61.17258784702
3.536157897329284,61.18012422360248
3.5363749022748383,61.18012422360248
3.5365241907968272,61.18765767514069
3.536607178978903,61.19518820333722
3.5367327034109493,61.202715809893306
3.5370673754375,61.202715809893306
3.5371281247952044,61.202715809893306
3.5372183259815038,61.210240496508916
3.5372976007963817,61.21776226488268
3.537517765173738,61.225281116711905
3.5377242228636927,61.23279705369258
3.537948539149088,61.23279705369258
3.5380862791749483,61.240310077519375
3.5380925686775164,61.240310077519375
3.5386777490755823,61.24782018988568
3.5387601370017885,61.25532739248354
3.538783866602654,61.25532739248354
3.538831455237984,61.25532739248354
3.538931508026042,61.26283168700368
3.5390578184439048,61.26283168700368
3.5392718823013514,61.270333075135554
3.539738263691219,61.27783155856727
3.539779691077053,61.27783155856727
3.540193656553606,61.28532713898568
3.5404932984215725,61.28532713898568
3.5405773873452557,61.28532713898568
3.5407574923382907,61.28532713898568
3.541094239646635,61.29281981807625
3.5412223655851407,61.29281981807625
3.5414486377348777,61.29281981807625
3.541508948980321,61.30030959752322
3.541669436540976,61.30030959752322
3.5424961286618464,61.30779647900948
3.5428044226497435,61.315280464216634
3.5429559414401597,61.32276155482499
3.543233862811754,61.330239752513535
3.5434626086341674,61.337715058959986
3.543523657035668,61.345187475840746
3.5437286010022864,61.345187475840746
3.5437596620057357,61.35265700483091
3.543861417696845,61.360123647604325
3.544086151761523,61.36758740583349
3.5441941046200127,61.36758740583349
3.544195354760774,61.37504828118965
3.544685464105908,61.37504828118965
3.5449944598289678,61.37504828118965
3.5451607603706887,61.38250627534273
3.545216552418984,61.38996138996139
3.54524042983866,61.38996138996139
3.5453961358725263,61.397413626712996
3.545485324561056,61.404862987263606
3.5457023850220493,61.41230947327803
3.5457374145207954,61.419753086419746
3.545878679223831,61.427193828351015
3.545918157087003,61.434631700732744
3.545959819583454,61.4420667052246
3.546011278861545,61.44949884348496
3.54601752743313,61.45692811717094
3.54659172396813,61.46435452793835
3.5466511194020094,61.471778077441726
3.546662257126504,61.47919876733437
3.546674292351126,61.48661659926825
3.5466987375263637,61.4940315748941
3.54678620312391,61.501443695861404
3.5468342181367434,61.50885296381831
3.5471560243537947,61.516259380411775
3.547389008706523,61.52366294728742
3.5474661134580896,61.531063666089636
3.5475452956233005,61.531063666089636
3.5478229673841937,61.53846153846154
3.548064682615567,61.53846153846154
3.548719260208379,61.53846153846154
3.548916159534744,61.54585656604499
3.549155771217012,61.553248750480584
3.549317857442596,61.56063809340765
3.5495875704675877,61.56063809340765
3.549698797396913,61.568024596464255
3.549826991602674,61.57540826128722
3.54997168339416,61.582789089512104
3.549975990155945,61.59016708277319
3.550040423808306,61.59016708277319
3.5501698962948702,61.597542242703526
3.5501778167864617,61.60491457093492
3.5502303409285494,61.60491457093492
3.550277289233751,61.61228406909789
3.550679465846207,61.61965073882172
3.5509421636323406,61.627014581734464
3.551233175473777,61.627014581734464
3.551490580820243,61.63437559946288
3.5518354200460376,61.641733793632525
3.55237631771601,61.641733793632525
3.5523788491773582,61.649089165867686
3.5526246914951867,61.649089165867686
3.552946120743461,61.649089165867686
3.5529766504153386,61.65644171779141
3.5530519852616456,61.663791451025496
3.553063975484494,61.663791451025496
3.553067433931561,61.663791451025496
3.5532788571747913,61.671138367190494
3.5534011880559655,61.678482467905724
3.553479018847713,61.68582375478927
3.5535103450471457,61.68582375478927
3.553625074420197,61.693162229457954
3.553654676635602,61.693162229457954
3.5537852903209832,61.700497893527384
3.554066876355922,61.700497893527384
3.554333265004442,61.700497893527384
3.554343993436106,61.70783074861191
3.554456703184124,61.71516079632465
3.554619560704299,61.72248803827751
3.55464493307837,61.729812476081136
3.5546457188755998,61.737134111344936
3.554988399422002,61.74445294567712
3.5549912407359647,61.75176898068464
3.555059827929632,61.75908221797323
3.555108348870144,61.76639265914739
3.555127347997531,61.76639265914739
3.5554057771826497,61.773700305810394
3.555418531939142,61.773700305810394
3.555643589543538,61.78100515956431
3.5559294287121803,61.788307222009934
3.5567978852917794,61.79560649474689
3.5569256066946493,61.79560649474689
3.5571575271643545,61.80290297937356
3.5576474283581487,61.810196677487106
3.557684190780601,61.810196677487106
3.558060276621337,61.81748759068346
3.5581009454283015,61.81748759068346
3.558293634315265,61.81748759068346
3.5584289666701734,61.824775720557355
3.5584487760372414,61.824775720557355
3.558964825928029,61.824775720557355
3.559155373795515,61.832061068702295
3.5593470479200144,61.832061068702295
3.5593851746461502,61.832061068702295
3.5594238184702296,61.832061068702295
3.5595966042586245,61.832061068702295
3.5601801761393443,61.832061068702295
3.560192584328162,61.83934363671055
3.560365793445216,61.84662342617322
3.5605123418721454,61.84662342617322
3.5605691841990987,61.84662342617322
3.56073896940899,61.85390043868014
3.5607482126342322,61.85390043868014
3.561035649950713,61.86117467581999
3.561098271505077,61.868446139180165
3.561115861523181,61.87571483034693
3.5618170144491517,61.88298075090528
3.5619450454212944,61.890243902439025
3.562001611185209,61.890243902439025
3.562023027523694,61.89750428653077
3.5622190130484195,61.904761904761905
3.562291996740867,61.91201675871263
3.5623941660986813,61.91926884996192
3.563160463909079,61.92651818008756
3.5633099178451744,61.93376475066616
3.5635223422364586,61.94100856327307
3.5635596136857903,61.948249619482496
3.563706998366094,61.948249619482496
3.5637582613984162,61.95548792086741
3.5639857005012066,61.96272346899961
3.564222173859398,61.96995626544971
3.5645569223742704,61.97718631178707
3.5645845864517107,61.984413609579924
3.5646385743773847,61.984413609579924
3.564640926843354,61.99163816039529
3.565012534587984,61.99163816039529
3.5651785903781823,61.99885996579897
3.5652756902654485,61.99885996579897
3.5655478360169246,62.00607902735562
3.5656063473226123,62.00607902735562
3.5656399220425747,62.00607902735562
3.5656994590984166,62.00607902735562
3.565927214365437,62.01329534662868
3.5659668925048305,62.02050892518041
3.5661297566858443,62.02050892518041
3.566241982546359,62.02050892518041
3.5663709230116063,62.02050892518041
3.566604835832228,62.02771976457186
3.567081968955912,62.02771976457186
3.567092156838565,62.02771976457186
3.567157778423759,62.02771976457186
3.5672623340601755,62.02771976457186
3.5674037763813677,62.02771976457186
3.56746112059424,62.03492786636294
3.567547721589637,62.04213323211235
3.567716092979228,62.04213323211235
3.5678927534251184,62.04933586337761
3.568171967900107,62.05653576171505
3.5687453954150894,62.06373292867981
3.569117503609093,62.0709273658259
3.56949856294144,62.07811907470611
3.569563824598203,62.07811907470611
3.5696047693607946,62.08530805687204
3.5696540186972063,62.08530805687204
3.569924555263629,62.09249431387415
3.5700320519117295,62.09249431387415
3.57045803079892,62.0996778472617
3.5706096364462705,62.106858658582794
3.5706137951762353,62.11403674938435
3.5706291099026566,62.121212121212125
3.5708134452810927,62.12838477561068
3.5710033774362953,62.135554714123444
3.57121193913033,62.14272193829263
3.5713482021396183,62.14272193829263
3.571385825668287,62.149886449659355
3.5715475743319383,62.149886449659355
3.571923687825684,62.15704824976348
3.5722288485996576,62.15704824976348
3.572240032882988,62.15704824976348
3.572351209222948,62.164207340143776
3.572510939014025,62.171363722337816
3.5728744319382626,62.171363722337816
3.5729482346253345,62.178517397882
3.573049949625556,62.18566836831159
3.5731510209579778,62.19281663516069
3.573383503297281,62.19281663516069
3.573389673191079,62.1999621999622
3.57346830827807,62.207105064247926
3.5734693898578183,62.21424522954846
3.57355849206483,62.22138269739328
3.57416284775412,62.228517469310674
3.574551627937732,62.228517469310674
3.5746404480280054,62.2356495468278
3.5747796296873684,62.242778931470646
3.574787186946592,62.242778931470646
3.574854987094251,62.242778931470646
3.5748636183448372,62.249905624764054
3.5753499976649006,62.25702962823174
3.5753919652854567,62.25702962823174
3.5754217966078405,62.264150943396224
3.5756703570155204,62.27126957177891
3.5758502236503404,62.27126957177891
3.5760847337391395,62.27126957177891
3.576584745275118,62.27838551490004
3.57673766341482,62.285498774278715
3.576994961904644,62.285498774278715
3.5771559287147734,62.29260935143288
3.5772631996752824,62.29260935143288
3.5775056610301394,62.29971724787936
3.577886846846683,62.30682246513381
3.578345771451277,62.313925004710754
3.5786299143162092,62.313925004710754
3.578784468428369,62.32102486812359
3.5788458208908662,62.32812205688454
3.5791618764920803,62.335216572504706
3.579490365020381,62.34230841649408
3.5796905483022723,62.34939759036144
3.5797343140058304,62.356484095614526
3.580179638525672,62.356484095614526
3.5802087973623533,62.356484095614526
3.5802892316373027,62.36356793375988
3.580692653940331,62.36356793375988
3.5810529157812194,62.36356793375988
3.5812387353441317,62.36356793375988
3.581309323151321,62.37064910630291
3.5815725951447313,62.37064910630291
3.5816828843008537,62.37772761474793
3.5818462197825247,62.37772761474793
3.5822194218695715,62.38480346059808
3.5822710237416064,62.391876645355396
3.5822875763848376,62.39894717052078
3.5824078349658928,62.40601503759399
3.582423811392007,62.41308024807367
3.582493959875386,62.41308024807367
3.5825377619662873,62.420142803457345
3.5829038533491637,62.420142803457345
3.5829669727358997,62.4272027052414
3.582968469716667,62.4272027052414
3.5830390558789142,62.43425995492111
3.5830790221950193,62.441314553990615
3.583151938470154,62.441314553990615
3.583468627460283,62.44836650394292
3.5834970557302412,62.45541580626994
3.5836777261586192,62.46246246246246
3.583723258525145,62.46246246246246
3.583768120788058,62.46950647401013
3.5838280045983337,62.476547842401494
3.5840240303796222,62.476547842401494
3.5840409843101972,62.476547842401494
3.584320558769723,62.48358656912399
3.5845280035181077,62.48358656912399
3.584686634054963,62.49062265566392
3.5847600533583965,62.49062265566392
3.5850130328887437,62.49062265566392
3.585045871123317,62.49062265566392
3.585087295172016,62.49765610350647
3.585420239135822,62.50468691413573
3.5861013506126045,62.51171508903468
3.5861281572770496,62.51171508903468
3.5862297402672336,62.518740629685155
3.5864810183440223,62.525763537567926
3.5866160124587574,62.525763537567926
3.586621513003335,62.532783814162606
3.5868151969949453,62.53980146094774
3.586857696620787,62.546816479400746
3.5868731156206257,62.55382887099794
3.587512289101452,62.56083863721452
3.587567236745031,62.56784577952461
3.5878729927147877,62.5748502994012
3.5882068423878803,62.58185219831618
3.5883021822744694,62.58185219831618
3.58831652520493,62.58885147774037
3.5884499424762133,62.59584813914344
3.588744429325122,62.602842183994014
3.588918853512115,62.60983361375958
3.5889782377942168,62.616822429906534
3.5891688880888415,62.623808633900204
3.5892927882358907,62.63079222720478
3.589323257755772,62.63079222720478
3.58943592075915,62.63079222720478
3.589670750484256,62.63777321128339
3.5896794734411266,62.64475158759806
3.5897166823408972,62.65172735760971
3.589828133604656,62.65870052277819
3.589903822544046,62.665671084562256
3.5901664888073532,62.67263904441956
3.5902055240055106,62.67263904441956
3.590261952733667,62.67263904441956
3.5904120243644524,62.67263904441956
3.590507629668485,62.67960440380668
3.5905417303500835,62.68656716417911
3.5906266769207957,62.69352732699123
3.5906699877406596,62.700484893696384
3.5907258678955336,62.707439865746785
3.5908292656977507,62.707439865746785
3.590935843752726,62.71439224459358
3.5909551263809654,62.72134203168685
3.590970110425938,62.72134203168685
3.5912709317201283,62.72134203168685
3.591398903906041,62.72828922847559
3.5916146348845306,62.72828922847559
3.5916241980038857,62.73523383640768
3.591794756901235,62.74217585692996
3.5919948931900856,62.74911529148818
3.592066305902359,62.75605214152699
3.5921415474022584,62.76298640849004
3.5925353140596745,62.76991809381981
3.5928920072657125,62.76991809381981
3.592973872045055,62.77684719895775
3.5933631696482644,62.77684719895775
3.5935179127175894,62.78377372534425
3.5937049101789382,62.7906976744186
3.593868149951928,62.797619047619044
3.5941286914344084,62.797619047619044
3.594511127396521,62.797619047619044
3.5949902497137862,62.80453784638274
3.595147571885031,62.80453784638274
3.59539347591184,62.81145407214578
3.595753655601782,62.81836772634318
3.5958515484117837,62.825278810408925
3.595954726960203,62.825278810408925
3.596271630963109,62.83218732577588
3.596388997429185,62.83909327387588
3.5965197226650636,62.845996656139704
3.5971801225051174,62.845996656139704
3.5971833754180302,62.845996656139704
3.597203920269169,62.845996656139704
3.5972336743266586,62.845996656139704
3.5974263039966026,62.852897473997025
3.597652157523837,62.85979572887651
3.597763514643987,62.85979572887651
3.5978086471509534,62.866691422205726
3.597972401324985,62.866691422205726
3.5979909753755934,62.866691422205726
3.5980969613467333,62.866691422205726
3.5983029167323326,62.87358455541118
3.598446501862815,62.88047512991833
3.598523376171785,62.88736314715161
3.598891346996858,62.88736314715161
3.598894797757031,62.89424860853432
3.599053389399215,62.90113151548877
3.5990991363730127,62.90113151548877
3.5991992028141353,62.90113151548877
3.5994382490297396,62.908011869436194
3.599458365748786,62.91488967179677
3.599482427069387,62.92176492398962
3.59953202421119,62.92176492398962
3.5995892643109517,62.928637627432806
3.6000614450996795,62.935507783543365
3.600117048992868,62.94237539373726
3.6002599633071095,62.94237539373726
3.600382627200415,62.949240459429426
3.600493258612216,62.949240459429426
3.6006141320064184,62.95610298203371
3.600913395323958,62.96296296296296
3.601179758563877,62.969820403628965
3.6014277855270125,62.969820403628965
3.601481227453074,62.976675305442434
3.601666235744922,62.983527669813064
3.6017491481387487,62.99037749814952
3.6022391722816485,62.99722479185939
3.602833158582049,63.00406955234924
3.602890751322453,63.01091178102459
3.6029423447257094,63.01091178102459
3.6030387669661765,63.01775147928994
3.6030599421324703,63.024588648548715
3.6030834731701082,63.03142329020333
3.6031656837711226,63.03825540565514
3.603533161799046,63.04508499630451
3.603632142980008,63.05191206355071
3.6038117521790687,63.05873660879202
3.603876459991739,63.06555863342567
3.6038776741508878,63.07237813884786
3.603943679505515,63.079195126453754
3.6039482957966813,63.086009597637506
3.604222188959518,63.086009597637506
3.6044436886999858,63.086009597637506
3.6045066607203484,63.086009597637506
3.604683805444697,63.086009597637506
3.604782319916766,63.09282155379221
3.604860140741015,63.09282155379221
3.605387883423364,63.09963099630996
3.605947707424631,63.10643792658182
3.606257570878666,63.11324234599779
3.6062938689661848,63.120044255946894
3.6063402688514534,63.12684365781711
3.606417562809357,63.133640552995395
3.6068694223058833,63.133640552995395
3.6072359592092953,63.133640552995395
3.607397707782205,63.133640552995395
3.6082191231316023,63.133640552995395
3.608227404142855,63.14043494286767
3.6084721472852928,63.14722682881887
3.608601866904153,63.15401621223287
3.608751449733998,63.160803094492536
3.608912290077355,63.16758747697975
3.6089404660713624,63.16758747697975
3.6090602013860096,63.16758747697975
3.6094197424746066,63.16758747697975
3.609496831723701,63.174369361075314
3.6096114704299467,63.18114874815905
3.6099865826573923,63.18792563960979
3.6101213704310826,63.18792563960979
3.610294189787721,63.18792563960979
3.610651231772214,63.18792563960979
3.6106721326199622,63.194700036805294
3.6109236518638537,63.194700036805294
3.611013897060558,63.20147194112236
3.6110340093512683,63.20147194112236
3.6114304927973677,63.20824135393672
3.611658927174679,63.21500827662314
3.612218968810741,63.22177271055535
3.6124397751770423,63.22177271055535
3.6124710392245674,63.22177271055535
3.6126170750812245,63.22853465710608
3.612949069824195,63.22853465710608
3.613079994435828,63.23529411764706
3.613330640626063,63.24205109354898
3.6133501054382458,63.248805586181554
3.6134267829789715,63.25555759691347
3.6134328327021623,63.25555759691347
3.6140810424287215,63.25555759691347
3.6141050060089057,63.25555759691347
3.614122743116818,63.25555759691347
3.6141645629403945,63.262307127112415
3.614533335237749,63.26905417814509
3.614685932448115,63.26905417814509
3.614784721931035,63.26905417814509
3.6150823959747234,63.27579875137715
3.6151045431737727,63.282540848173305
3.6157258129918004,63.282540848173305
3.6158140030882038,63.282540848173305
3.616260423218472,63.282540848173305
3.6168329008995257,63.289280469897214
3.616907275905533,63.296017617911545
3.6172757478353983,63.30275229357798
3.6173568994518277,63.3094844982572
3.6175804111900254,63.31621423330888
3.6176888817870325,63.32294150009169
3.6178964894678365,63.32966629996333
3.618048765213421,63.32966629996333
3.6184285372884855,63.336388634280475
3.618547713896204,63.34310850439883
3.6187943198146932,63.349825911673086
3.618950144930844,63.35654085745694
3.619027538457795,63.36325334310313
3.6190819928754414,63.36325334310313
3.6193031982684314,63.369963369963365
3.619336094747615,63.37667093938839
3.6194122773885398,63.38337605272793
3.619466400736996,63.38337605272793
3.619703570650257,63.38337605272793
3.6197687538063135,63.38337605272793
3.6200342438878543,63.390078711330766
3.62017939601439,63.39677891654466
3.620402503039227,63.403476669716376
3.6204431232751766,63.41017197219173
3.62069740205505,63.416864825315535
3.620933394134198,63.416864825315535
3.6209789235621255,63.4235552304316
3.621355782483772,63.4235552304316
3.621528383463436,63.4235552304316
3.621628123375815,63.4302431888828
3.6217008614907504,63.4302431888828
3.6218346472564313,63.43692870201097
3.622639764848514,63.443611771157
3.6228051660151834,63.443611771157
3.622845590741595,63.450292397660824
3.6229169584656797,63.450292397660824
3.6229981666389546,63.45697058286132
3.62300780982714,63.46364632809646
3.6231154818884694,63.46364632809646
3.6231198593972977,63.46364632809646
3.623351469028357,63.46364632809646
3.623613290524411,63.4703196347032
3.62393328794179,63.4703196347032
3.6246677962560256,63.47699050401753
3.62509335698636,63.47699050401753
3.6254371067668054,63.47699050401753
3.6254657818369367,63.47699050401753
3.625567705819321,63.48365893737448
3.625806419446195,63.49032493610807
3.625896314395237,63.49698850155138
3.62598070961481,63.503649635036496
3.6260858348828036,63.51030833789455
3.6261811301325277,63.51696461145567
3.62638924541854,63.52361845704906
3.626631023661732,63.52361845704906
3.6268372791975336,63.52361845704906
3.626981952948019,63.52361845704906
3.6272476695852442,63.53026987600292
3.6272671068705455,63.53691886964449
3.627586246634598,63.54356543930003
3.6275878344733736,63.55020958629488
3.6276865513551977,63.55685131195335
3.627754107354151,63.55685131195335
3.628044138197707,63.56349061759884
3.6281129192221577,63.57012750455373
3.628395383314294,63.57012750455373
3.628684557728359,63.57012750455373
3.628724502428329,63.57676197413951
3.628894085408452,63.58339402767662
3.6289639952164303,63.59002366648462
3.6291286728511296,63.59665089188206
3.6292380180876047,63.60327570518653
3.6293672453712476,63.6098981077147
3.629445491896779,63.6098981077147
3.629660990040093,63.61651810078225
3.6297302824632687,63.62313568570389
3.629833773226667,63.62975086379342
3.630002226954177,63.63636363636363
3.630009179054782,63.64297400472642
3.630024493079138,63.649581970192656
3.63023156649381,63.65618753407233
3.630314424104373,63.662790697674424
3.6303757031105426,63.66939146230699
3.630515056970859,63.67598982927716
3.6309250103086934,63.682585799891044
3.631000533798516,63.682585799891044
3.6310651000624756,63.68917937545389
3.6313991696058876,63.695770557269924
3.631517369724186,63.70235934664247
3.6319849236100388,63.70235934664247
3.632062178655096,63.70235934664247
3.632105715311125,63.70894574487389
3.6321290427480113,63.70894574487389
3.632303137267338,63.70894574487389
3.632588060097915,63.70894574487389
3.632595374380019,63.70894574487389
3.6326452724965574,63.70894574487389
3.6328198319800955,63.70894574487389
3.6332395657654386,63.70894574487389
3.6334685230160306,63.7155297532656
3.633689042896354,63.72211137311808
3.6337584496231896,63.72869060573086
3.6339194436011466,63.73526745240253
3.633964444237587,63.74184191443075
3.6343469019076147,63.748413993112194
3.634387692715144,63.748413993112194
3.6344336033066655,63.75498368974266
3.6347438649530415,63.76155100561696
3.634788446585368,63.76811594202898
3.63499115335657,63.76811594202898
3.63557945493969,63.76811594202898
3.635812973004456,63.76811594202898
3.635816239721926,63.77467850027168
3.635883362319617,63.77467850027168
3.6359433019727683,63.77467850027168
3.6363620058142314,63.781238681637085
3.6365733275511927,63.78779648741626
3.636583132877268,63.79435191889935
3.6365967364744156,63.79435191889935
3.6366874936306255,63.79435191889935
3.6367039846640488,63.79435191889935
3.636750284653653,63.80090497737556
3.636950575310445,63.80745566413319
3.6379890860108364,63.81400398045957
3.638433944087565,63.81400398045957
3.6384953756242537,63.81400398045957
3.6385951228935514,63.81400398045957
3.6387129269867335,63.8205499276411
3.6387582365027384,63.82709350696329
3.6391509495052645,63.83363471971067
3.639154188636329,63.84017356716688
3.639286929152138,63.84671005061461
3.639334647257649,63.85324417133562
3.639369266011906,63.85977593061077
3.6393886654751406,63.866305329719964
3.639997367886767,63.8728323699422
3.640026783740789,63.8728323699422
3.6400965219824686,63.87935705255554
3.6406264348650588,63.87935705255554
3.640793902961487,63.88587937883713
3.6408564531103584,63.89239935006319
3.6414758964704292,63.898916967509024
3.6416584103612166,63.90543223244901
3.641711003747464,63.911945146156626
3.6418156322775874,63.918455709904386
3.642019585910667,63.918455709904386
3.6420389855401902,63.924963924963926
3.642081664228069,63.93146979260595
3.6421780281325074,63.93797331410025
3.6422106976264588,63.9444744907157
3.6425456868986554,63.95097332372026
3.6425790182459505,63.95746981438097
3.642636785679182,63.95746981438097
3.6427315416261585,63.96396396396396
3.642968622999613,63.97045577373446
3.6430264037409925,63.976945244956774
3.6430529284088324,63.98343237889429
3.6430916299667846,63.98343237889429
3.64319758147877,63.98343237889429
3.6433585765338683,63.989917176809506
3.6433955474528283,63.989917176809506
3.6437284401198546,63.996399639964
3.643794102953319,63.996399639964
3.6439936512932376,64.00287976961843
3.6444943454291843,64.00287976961843
3.6447796018676275,64.00935756703258
3.6449078610797807,64.01583303346527
3.6450382754759256,64.02230617017449
3.645489358230483,64.02877697841727
3.6455236666689506,64.03524545944974
3.645793774000904,64.03524545944974
3.6458040285726803,64.04171161452716
3.6459717881067566,64.04817544490383
3.6460603443633586,64.05463695183322
3.6461048694065332,64.06109613656783
3.646289227194637,64.06109613656783
3.646370090537798,64.06755300035933
3.6464705070697088,64.07400754445841
3.6465675977446783,64.08045977011494
3.6466098316686355,64.08690967857784
3.646691883068326,64.08690967857784
3.6468240165908545,64.09335727109516
3.646915231211357,64.09980254891401
3.64691816077052,64.1062455132807
3.6470987481887716,64.1062455132807
3.647510283114241,64.11268616544051
3.647633898558948,64.11912450663796
3.6476398134589263,64.11912450663796
3.64769673920405,64.11912450663796
3.648246236511839,64.12556053811659
3.6483522823917123,64.12556053811659
3.6484639514245556,64.13199426111909
3.6485395252938337,64.13842567688721
3.6485479073493727,64.14485478666188
3.648623709635957,64.1512815916831
3.6490034747624835,64.15770609318996
3.649056792243917,64.16412829242071
3.649125395098075,64.16412829242071
3.649169466193863,64.17054819061269
3.6492491595720797,64.17696578900232
3.649263221996466,64.18338108882521
3.649288860871615,64.18338108882521
3.649425767057697,64.18979409131602
3.64943398496187,64.19620479770856
3.649470673216735,64.19620479770856
3.650268178035645,64.20261320923572
3.6505502877501383,64.20901932712957
3.65067292071612,64.20901932712957
3.6506949509141213,64.21542315262123
3.650838576470327,64.22182468694096
3.6508884595490083,64.22182468694096
3.6511828481533826,64.22182468694096
3.6513372135475093,64.22182468694096
3.651372595475299,64.22822393131818
3.6517433592712374,64.2346208869814
3.6522144350681276,64.2346208869814
3.652251167747325,64.24101555515823
3.65235313568875,64.24740793707544
3.652669365323885,64.25379803395889
3.652718390095504,64.2601858470336
3.652847306292995,64.26657137752368
3.65291767302112,64.27295462665238
3.653175025998393,64.27933559564208
3.653405560801943,64.28571428571429
3.6535247507269846,64.28571428571429
3.653528895322482,64.28571428571429
3.6538532367965173,64.29209069808964
3.654048986464408,64.29209069808964
3.6542064763651387,64.29846483398785
3.6542745761449593,64.30483669462788
3.6546643349003998,64.3112062812277
3.6547018881550737,64.31757359500446
3.6548070232873133,64.32393863717446
3.6549971198089275,64.33030140895309
3.655344848834903,64.33666191155493
3.6554717278614155,64.34302014619362
3.655741820822942,64.349376114082
3.6559163718526793,64.355729816432
3.6559197016401517,64.36208125445474
3.655933388394349,64.36843042936042
3.656087445851572,64.36843042936042
3.6562225758971922,64.37477734235839
3.6562555095280356,64.38112199465716
3.6565342777390812,64.38746438746439
3.656816816328333,64.39380452198684
3.6568201979470376,64.40014239943041
3.6568270434090637,64.40014239943041
3.657045522393617,64.40647802100018
3.6571269164159044,64.41281138790036
3.657155990067952,64.41281138790036
3.6573766962244934,64.41914250133428
3.657390200997869,64.41914250133428
3.657504903857541,64.42547136250445
3.657587850976994,64.43179797261249
3.657633753791578,64.43812233285917
3.6577186392086265,64.43812233285917
3.657948802031196,64.44444444444444
3.6579606657343495,64.45076430856737
3.6580208433792203,64.45076430856737
3.658164729441083,64.45708192642616
3.6584481425700277,64.4633972992182
3.658693701899454,64.46971042813999
3.658780595360109,64.47602131438721
3.659137613608525,64.48232995915468
3.6592762035169084,64.48863636363636
3.6594812811415043,64.49494052902538
3.659623434602416,64.50124245651402
3.660004447519886,64.50754214729369
3.660114270092101,64.513839602555
3.660147314111228,64.52013482348768
3.6601577059385737,64.5264278112806
3.6604789887733786,64.5264278112806
3.6605714921397703,64.53271856712183
3.6608268012885046,64.53900709219859
3.661593497305133,64.54529338769723
3.66169797306795,64.55157745480327
3.6618911974011574,64.55157745480327
3.662000891375546,64.55157745480327
3.662302281606822,64.5578592947014
3.6623287020142032,64.56413890857547
3.662536932857442,64.56413890857547
3.6625702897641226,64.5704162976085
3.662915790057402,64.5704162976085
3.66298497598278,64.57669146298264
3.6630178962874735,64.58296440587922
3.6632074549199354,64.58923512747874
3.6632970454697857,64.59550362896088
3.6635040781469486,64.60176991150442
3.663860981091124,64.60803397628739
3.6639655115100416,64.61429582448692
3.664128335769325,64.62055545727932
3.6646444645310368,64.62055545727932
3.664766706286076,64.62681287584012
3.6649195953359377,64.63306808134395
3.6650256279534204,64.63932107496464
3.665235020255047,64.6455718578752
3.665305743274563,64.6455718578752
3.665425140403637,64.65182043124778
3.6654956420413507,64.65806679625375
3.6657303401489276,64.66431095406361
3.6657758953104294,64.67055290584702
3.6658557233978235,64.67679265277287
3.6659037219588946,64.67679265277287
3.6662461571648475,64.68303019600918
3.6663209332004354,64.68926553672316
3.6664438987329397,64.6954986760812
3.666475388452849,64.70172961524885
3.6664879500313434,64.70795835539086
3.6668126845610343,64.71418489767113
3.6668484597353035,64.72040924325277
3.666979351896968,64.72663139329806
3.6671083929541255,64.72663139329806
3.6671187156032343,64.73285134896844
3.667482213010228,64.73906911142454
3.6676682160197296,64.73906911142454
3.66772421822673,64.74528468182619
3.6677819274437593,64.75149806133238
3.667890340987736,64.75149806133238
3.668142473072561,64.75770925110133
3.668298261291456,64.75770925110133
3.668689211663233,64.76391825229034
3.668760023031855,64.76391825229034
3.6687821050279434,64.76391825229034
3.668856823425118,64.77012506605601
3.6688953597572223,64.77012506605601
3.6691024461118746,64.77632969355408
3.6693541988369804,64.78253213593943
3.669354281122998,64.7887323943662
3.6693729441147265,64.79493046998768
3.6695320707462367,64.80112636395636
3.669756899852131,64.80112636395636
3.670165114436706,64.8073200774239
3.6704235618171634,64.81351161154116
3.6705164111298867,64.81970096745823
3.6706124711870496,64.81970096745823
3.6706257783962517,64.8258881463243
3.6706646676061307,64.83207314928785
3.670749347769732,64.83825597749649
3.6708038235545217,64.83825597749649
3.670879729412878,64.83825597749649
3.6708804243330655,64.83825597749649
3.6713199808903276,64.84443663209703
3.6714556373103555,64.84443663209703
3.671477760623191,64.84443663209703
3.671485051755967,64.8506151142355
3.671599695747204,64.8567914250571
3.6717385588912195,64.86296556570625
3.6717463984711176,64.86913753732654
3.672279902888137,64.87530734106076
3.672413684823693,64.88147497805092
3.672719578558849,64.8876404494382
3.6729932743626614,64.8876404494382
3.6730734547927617,64.893803756363
3.6736766135438836,64.893803756363
3.6737565239862517,64.893803756363
3.674567384713772,64.8999648999649
3.6747528812439088,64.9061238813827
3.675119136760909,64.91228070175438
3.6753364308784144,64.91843536221715
3.6755139065307936,64.91843536221715
3.675769284350313,64.9245878639074
3.675857340161086,64.93073820796073
3.6761665543595243,64.93688639551192
3.67631210413852,64.93688639551192
3.67638229041114,64.93688639551192
3.6765618571748857,64.943032427695
3.6766142595875726,64.94917630564319
3.6768236727482564,64.95531803048887
3.6768985706997808,64.9614576033637
3.6769681452534613,64.9675950253985
3.67747773705005,64.97373029772329
3.6775361028724545,64.97986342146734
3.677600677723045,64.9859943977591
3.677817022202075,64.99212322772624
3.67801015301217,64.99824991249562
3.678010330058976,65.00437445319335
3.6784131563855573,65.00437445319335
3.678448760302159,65.00437445319335
3.678584446195082,65.01049685094472
3.6786335137239647,65.01661710687424
3.6786428980815002,65.02273522210564
3.678702431760279,65.02885119776185
3.679192096974682,65.03496503496503
3.679729922780315,65.04107673483657
3.6800093324418146,65.04718629849702
3.6800996108231554,65.05329372706622
3.6801875226292537,65.05939902166318
3.6802873259239024,65.05939902166318
3.6807155981186015,65.05939902166318
3.680882875668856,65.06550218340611
3.6808851724888507,65.0716032134125
3.681102182076733,65.07770211279902
3.681144852456923,65.08379888268156
3.6811693477504286,65.08379888268156
3.681194114021042,65.08989352417525
3.681380834291634,65.08989352417525
3.681510983752673,65.09598603839441
3.6815283584534284,65.10207642645263
3.6818127654803634,65.10816468946267
3.682282301691737,65.10816468946267
3.6824271181561183,65.11425082853654
3.682662996893751,65.12033484478549
3.683088018957977,65.12033484478549
3.683248464165315,65.12641673931996
3.683261413990283,65.12641673931996
3.6836670583772406,65.12641673931996
3.683769439097925,65.12641673931996
3.6839014673848243,65.13249651324965
3.6840021475720555,65.13857416768346
3.6841936600682934,65.14464970372951
3.6843570418355718,65.15072312249521
3.6843619475629654,65.1567944250871
3.6843805808496555,65.16286361261105
3.6844602922757623,65.16286361261105
3.6846947687144063,65.16893068617206
3.68522198876679,65.16893068617206
3.685360152129966,65.17499564687445
3.6857133958919666,65.18105849582173
3.685884069605029,65.18105849582173
3.685911080889198,65.18711923411662
3.685950435030756,65.19317786286112
3.6860258802033834,65.19923438315644
3.6864134552830636,65.20528879610299
3.686461756781052,65.21134110280049
3.6867737924676187,65.21739130434783
3.6868099112265145,65.22343940184315
3.686923087849089,65.22343940184315
3.6870302304485545,65.22948539638386
3.687252335744421,65.22948539638386
3.6872696123318467,65.23552928906658
3.6873973323902938,65.23552928906658
3.6874438412940127,65.24157108098714
3.687501499252229,65.24157108098714
3.6875060853958908,65.24157108098714
3.687632738291234,65.24761077324067
3.687718259013763,65.25364836692147
3.68786877425698,65.25968386312316
3.688010340006994,65.26571726293852
3.6884496483649607,65.27174856745962
3.6886946297777996,65.27174856745962
3.688837683262784,65.27174856745962
3.6891804055374298,65.27174856745962
3.689536096252477,65.27777777777779
3.6896280524182163,65.27777777777779
3.6896751122659333,65.2838048949835
3.6901719692350055,65.28982992016661
3.690324027781607,65.2958528544161
3.6903578102929293,65.30187369882027
3.6903937650771037,65.30789245446661
3.690416195544873,65.3139091224419
3.6906488784314626,65.31992370383215
3.6906610401021105,65.3259361997226
3.69073352197907,65.33194661119778
3.6907816328605603,65.33795493934143
3.690859714395325,65.34396118523654
3.690971623582166,65.34396118523654
3.6912121324643374,65.34996534996536
3.6913472860058327,65.35596743460938
3.6914808820868545,65.35596743460938
3.691567614378071,65.35596743460938
3.6916424295744945,65.35596743460938
3.6918564696221225,65.36196744024939
3.691999863760354,65.36796536796537
3.692022318511618,65.37396121883657
3.692037565208958,65.3799549939415
3.692146392111506,65.38594669435791
3.692754004121255,65.39193632116283
3.6927563590589663,65.39193632116283
3.6928352801706112,65.39193632116283
3.6928431324738287,65.39193632116283
3.6928460580678983,65.39193632116283
3.6929768414189064,65.39792387543253
3.6931832827319466,65.40390935824252
3.693395097941151,65.40390935824252
3.6933967708576527,65.40989277066758
3.693399908011157,65.40989277066758
3.6934137323681004,65.41587411378177
3.69366897408222,65.42185338865836
3.6937336803022536,65.42783059636992
3.694284642504249,65.43380573798825
3.6942847047665786,65.43977881458441
3.6944264300691008,65.44574982722875
3.695302905133199,65.45171877699084
3.6953371190325064,65.45768566493955
3.695349750872028,65.46365049214297
3.6953709237207177,65.46365049214297
3.6956688470999484,65.46365049214297
3.6956748148341787,65.46365049214297
3.695677057955797,65.4696132596685
3.6956771384989575,65.47557396858276
3.695921612828892,65.48153261995168
3.6960582824376096,65.48748921484038
3.6961877787277886,65.49344375431332
3.696195434730522,65.49344375431332
3.6962123659727437,65.49939623943419
3.6962795316789254,65.50534667126595
3.6966705159527904,65.50534667126595
3.6970045763967,65.51129505087084
3.6970196957666914,65.51724137931035
3.6973169111667885,65.52318565764523
3.6976422297268345,65.52912788693554
3.6976460928837787,65.52912788693554
3.697756705715561,65.53506806824056
3.6979267520222785,65.54100620261887
3.698068956744081,65.54694229112835
3.6982704949611147,65.55287633482604
3.698547672246365,65.55287633482604
3.69879965427645,65.55287633482604
3.6990865084546725,65.55880833476839
3.699302321825171,65.55880833476839
3.699556817544741,65.55880833476839
3.699580802663508,65.56473829201101
3.699634620080527,65.56473829201101
3.6996724149757334,65.57066620760888
3.6997754519324215,65.57066620760888
3.6997756616045514,65.57066620760888
3.69983819360734,65.57659208261619
3.699935684309613,65.58251591808639
3.7000181231970104,65.58843771507227
3.7001892095868367,65.59435747462584
3.70056053048074,65.60027519779842
3.7007289814844477,65.60619088564059
3.7010287248079763,65.61210453920219
3.7011632877760454,65.61210453920219
3.7012824693760553,65.6180161595324
3.701380187986272,65.6239257476796
3.7014106671560087,65.62983330469153
3.7017782791159326,65.63573883161511
3.702036548153059,65.63573883161511
3.7021265743944847,65.64164232949665
3.702187620175994,65.64754379938165
3.702236266966383,65.65344324231496
3.702291910949996,65.65934065934066
3.702314884205123,65.65934065934066
3.7025238728223346,65.66523605150213
3.702685617222057,65.67112941984209
3.702732272684282,65.67112941984209
3.702840381089337,65.67702076540243
3.702866552688272,65.68291008922444
3.7029719576274753,65.68291008922444
3.7034532833511866,65.68291008922444
3.7034717204773293,65.68879739234859
3.703666765120802,65.69468267581475
3.7037240946693886,65.70056594066199
3.703879401457058,65.70644718792867
3.7039476914965697,65.7123264186525
3.7041074190511463,65.71820363387042
3.704121376550315,65.72407883461868
3.7043060902353377,65.72407883461868
3.704540381185553,65.72407883461868
3.7046517696234957,65.72995202193283
3.7046579166184324,65.7358231968477
3.70515212969773,65.7416923603974
3.7054372469898236,65.74755951361536
3.7054890254872137,65.75342465753424
3.705712810784931,65.75928779318609
3.7058942595194297,65.75928779318609
3.7060492678300743,65.76514892160219
3.706124346164927,65.76514892160219
3.706522736119729,65.76514892160219
3.706608285206366,65.77100804381311
3.707088397058344,65.77686516084873
3.707113440227736,65.78272027373824
3.707126184630569,65.7885733835101
3.7073087516816603,65.79442449119206
3.707353951472645,65.80027359781123
3.707377311886548,65.8061207043939
3.7075679562611916,65.8119658119658
3.70780000331869,65.81780892155187
3.708068421256333,65.82365003417635
3.708107262330575,65.82365003417635
3.7084047884254328,65.82948915086281
3.7084284209018636,65.82948915086281
3.7084352481863916,65.82948915086281
3.708553590712654,65.82948915086281
3.7086362298731474,65.83532627263409
3.7086466708358645,65.83532627263409
3.7086792794987904,65.84116140051238
3.7087197563847045,65.84116140051238
3.7087239117253508,65.84699453551912
3.7088672592434824,65.85282567867509
3.7090749527398272,65.85865483100034
3.709147702305647,65.85865483100034
3.7093178365722053,65.85865483100034
3.70932824994137,65.86448199351426
3.709379262085076,65.8703071672355
3.7093811288461924,65.87613035318205
3.7094973010478176,65.8819515523712
3.7098736669077983,65.88777076581954
3.7099292110578395,65.88777076581954
3.709942032677644,65.88777076581954
3.710340691266841,65.89358799454298
3.7103721757956203,65.8994032395567
3.7104649044379974,65.8994032395567
3.710757139985012,65.8994032395567
3.71096201611152,65.9052165018752
3.7113401516188937,65.9052165018752
3.7113877007712937,65.91102778251235
3.7113898257299605,65.91683708248125
3.7115863833015004,65.91683708248125
3.711803395276134,65.92264440279433
3.7118943005590395,65.92844974446336
3.711944147574177,65.9342531084994
3.711971153105779,65.9400544959128
3.7123420989665767,65.94585390771326
3.7123932103876585,65.95165134490976
3.7126606837073415,65.95744680851064
3.712866278327658,65.95744680851064
3.7129524783808474,65.96324029952349
3.7129922114271015,65.96903181895524
3.7130712055244337,65.97482136781218
3.713156165397048,65.98060894709985
3.713442238271431,65.98639455782312
3.713456291548243,65.99217820098623
3.7137324861692993,65.99795987759266
3.7137942100703514,66.00373958864525
3.714332198063302,66.00951733514616
3.7143889827825736,66.01529311809685
3.7144220745164693,66.01529311809685
3.7144991691462046,66.02106693849812
3.7145417318989358,66.0268387973501
3.714553007034717,66.03260869565217
3.714573775283369,66.03837663440314
3.7145795360542393,66.03837663440314
3.7146022878769145,66.04414261460101
3.714839541404633,66.04990663724325
3.715115667795436,66.05566870332655
3.7158798017295442,66.06142881384693
3.7159567992062215,66.06142881384693
3.7160730566459312,66.06718696979979
3.7161244110602394,66.0729431721798
3.716167741665247,66.0729431721798
3.716173929438953,66.0729431721798
3.716382357543281,66.078697421981
3.7167119264560884,66.08444972019672
3.716842423809896,66.08444972019672
3.7170339478795724,66.09020006781961
3.717354617519987,66.09594846584167
3.7175345477629484,66.10169491525424
3.7178553318609904,66.10743941704796
3.7179098579763896,66.11318197221281
3.7179412911633554,66.1189225817381
3.717950363471333,66.12466124661248
3.718256870407828,66.13039796782387
3.7182654098746375,66.13613274635964
3.7183041517692725,66.14186558320637
3.718327101067609,66.14186558320637
3.7184144213636285,66.14186558320637
3.718526865601681,66.14186558320637
3.7185463272765924,66.14759647935003
3.7185863272213076,66.15332543577594
3.718596956902242,66.15905245346869
3.718735101862427,66.16477753341228
3.71874929282847,66.17050067658998
3.7187818398426877,66.17622188398444
3.7189002623798832,66.18194115657762
3.718912204865563,66.18194115657762
3.719365375017697,66.1876584953508
3.7194359367137952,66.19337390128464
3.719493210343051,66.19908737535913
3.719760211242149,66.19908737535913
3.7199436552980276,66.20479891855356
3.719974002465556,66.21050853184659
3.720087179046812,66.21050853184659
3.7201069851767925,66.21621621621621
3.720337635720216,66.21621621621621
3.720490203878703,66.22192197263975
3.720527002606118,66.22192197263975
3.7207483281847455,66.2276258020939
3.7211564228833542,66.23332770555461
3.721320646429889,66.23902768399729
3.7214496862819972,66.24472573839662
3.721562046517035,66.25042186972662
3.72178458916922,66.25611607896069
3.7218659041108313,66.26180836707152
3.721894093645441,66.26749873503121
3.721942324325955,66.26749873503121
3.722146959516328,66.27318718381113
3.7222318975197894,66.27887371438206
3.722528809585793,66.27887371438206
3.722574352982721,66.2845583277141
3.72259932261061,66.29024102477668
3.7227019095229044,66.29592180653859
3.7228822283909615,66.29592180653859
3.7231658419075306,66.29592180653859
3.72335322318393,66.30160067396798
3.7233893680919152,66.30727762803235
3.7233976190487432,66.3129526696985
3.723503197042012,66.31862579993265
3.7238119040903483,66.31862579993265
3.7238133448824002,66.31862579993265
3.723824758733224,66.32429701970028
3.723869025304686,66.32996632996633
3.723951858844648,66.335633731695
3.7239801721390755,66.34129922584988
3.724052190706025,66.34129922584988
3.7243187451037962,66.3469628133939
3.7243267081170552,66.35262449528938
3.724551161113355,66.3582842724979
3.7246135562152234,66.3582842724979
3.724721877267079,66.36394214598049
3.724860753625223,66.36959811669749
3.724865589221939,66.36959811669749
3.724946061180934,66.37525218560862
3.724979789728462,66.37525218560862
3.7251742904313048,66.38090435367289
3.725458314563342,66.38090435367289
3.7254999120079684,66.38655462184873
3.7255121666958706,66.39220299109392
3.7255674785239306,66.39220299109392
3.725936434504057,66.39784946236558
3.7259649300545945,66.39784946236558
3.7262197558912113,66.40349403662019
3.7262312364204204,66.40913671481357
3.726560354571413,66.41477749790093
3.7266983522746067,66.4204163868368
3.7271937292874635,66.42605338257512
3.727496927778467,66.43168848606915
3.7275776172165083,66.43732169827152
3.7275870865240064,66.44295302013423
3.727998939606891,66.44858245260862
3.7280579260979723,66.45420999664542
3.7281584569752533,66.4598356531947
3.7283278176556833,66.4598356531947
3.728344754396808,66.4598356531947
3.72840311737916,66.4598356531947
3.728718666704715,66.4654594232059
3.7287635381265214,66.4654594232059
3.728879394297682,66.4654594232059
3.728931670276128,66.4654594232059
3.7289736929242903,66.4654594232059
3.7289924606574063,66.4654594232059
3.729104153912248,66.47108130762783
3.7294648958533863,66.47670130740865
3.729966532562122,66.47670130740865
3.729967949703675,66.4823194234959
3.730127893907518,66.48793565683646
3.73024789437851,66.49355000837662
3.730539769807699,66.49355000837662
3.7307315567934207,66.49916247906198
3.730865359143721,66.50477306983755
3.7314853000904287,66.51038178164768
3.731549551907546,66.51598861543613
3.7317530626746334,66.52159357214596
3.7320712393441418,66.52719665271967
3.7323184590129657,66.53279785809906
3.7326647583076276,66.53279785809906
3.7326679010790245,66.53839718922536
3.7328361451688528,66.54399464703914
3.7329325577789496,66.54959023248036
3.7330554584649196,66.5551839464883
3.733672149510974,66.56077579000167
3.733745629159195,66.56636576395854
3.733786471808543,66.56636576395854
3.7338247062861933,66.57195386929634
3.733845227473195,66.57754010695187
3.733874227394465,66.57754010695187
3.7338770383853115,66.58312447786132
3.73393916527593,66.58870698296025
3.734155167366068,66.58870698296025
3.7344662833614892,66.59428762318356
3.7348990100882222,66.5998663994656
3.734912518374874,66.60544331274002
3.735048318849131,66.6110183639399
3.735762878632837,66.61659155399767
3.735792379113636,66.61659155399767
3.735941217098696,66.61659155399767
3.735954197291037,66.62216288384512
3.735958682425315,66.62773235441348
3.736383730242742,66.6332999666333
3.7364613883193702,66.6332999666333
3.736569513750288,66.63886572143453
3.736628461072054,66.64442961974649
3.7366348400338674,66.64999166249792
3.7368370682053986,66.65555185061687
3.7368508396814115,66.65555185061687
3.7370348781430542,66.66111018503084
3.7370435917654956,66.66666666666666
3.7373329898665326,66.6722212964506
3.737598487378461,66.6722212964506
3.7376427723052537,66.67777407530822
3.738317454497191,66.68332500416459
3.7387347445204058,66.68887408394404
3.738927909026823,66.69442131557037
3.7389787939066377,66.69442131557037
3.7392328708349276,66.69442131557037
3.739279447964217,66.6999666999667
3.739322615066771,66.7055102380556
3.7393293429521366,66.7055102380556
3.7394053643803407,66.7055102380556
3.7394799498745286,66.7055102380556
3.739818581562256,66.711051930759
3.7399027588653913,66.71659177899816
3.740395580695144,66.72212978369384
3.7404297536099413,66.72766594576609
3.740936119214106,66.72766594576609
3.7409362880958232,66.73320026613439
3.741210634178852,66.73873274571761
3.74131135436086,66.74426338543398
3.7417418818857424,66.74979218620116
3.7417784403696372,66.75531914893617
3.7417837370253313,66.76084427455542
3.7419955330606625,66.76636756397474
3.742254501509569,66.77188901810932
3.742414479286012,66.77188901810932
3.742543974434167,66.77740863787376
3.7429035864911757,66.78292642418204
3.743125093340612,66.78844237794752
3.7432402414375687,66.79395650008301
3.7433947573624504,66.79946879150066
3.7436620491616464,66.80497925311202
3.743664729447473,66.80497925311202
3.743727608424213,66.80497925311202
3.7438348095924243,66.81048788582807
3.743924033636779,66.81048788582807
3.7446044945840993,66.81599469055915
3.744650015757704,66.821499668215
3.744825295199599,66.82700281970476
3.744858069999453,66.82700281970476
3.7449026071646982,66.83250414593698
3.7450897348149956,66.8380036478196
3.7451570656703264,66.84350132625994
3.7454003824878033,66.84899718216477
3.745458709169928,66.84899718216477
3.7455232795255715,66.85449121644017
3.7455563776137013,66.85449121644017
3.7457563879057427,66.85998342999171
3.7460815752477896,66.86547382372432
3.7461601928539148,66.86547382372432
3.7462967840713315,66.86547382372432
3.746334673744081,66.86547382372432
3.7464071960719365,66.87096239854232
3.746855139768879,66.87644915534945
3.7472010280187957,66.87644915534945
3.7472210840318674,66.88193409504885
3.7475114363016435,66.88741721854305
3.747654536397133,66.88741721854305
3.7479293269492944,66.88741721854305
3.7479547447978008,66.89289852673397
3.7481422058034264,66.89289852673397
3.7482096189804746,66.89289852673397
3.7482143427572736,66.89837802052301
3.7483451768094946,66.90385570081085
3.749152747700612,66.90385570081085
3.7493766890145235,66.90933156849769
3.749441730459356,66.91480562448304
3.7494668622736764,66.91480562448304
3.749491645140919,66.9202778696659
3.74952552559825,66.9257483049446
3.749851925832994,66.9257483049446
3.74996577800636,66.93121693121694
3.7499829584268762,66.93668374938007
3.7502884589474355,66.93668374938007
3.750464799592403,66.94214876033058
3.750479504705118,66.94214876033058
3.7504857327386216,66.94761196496447
3.7508103503079306,66.95307336417713
3.750841235282981,66.95307336417713
3.7508428514799297,66.95853295886337
3.7511086234045017,66.96399074991741
3.7512531059471748,66.96944673823286
3.7515053414783193,66.97490092470278
3.7517798925997257,66.97490092470278
3.7525569772543,66.98035331021957
3.75257255200244,66.98580389567515
3.753018381445935,66.99125268196072
3.7530420932268975,66.996699669967
3.753197721943226,67.00214486058407
3.7532067363049513,67.00214486058407
3.7534487324090806,67.00758825470142
3.753586490123307,67.01302985320798
3.754109891995659,67.01846965699208
3.7543595882268734,67.02390766694147
3.7550589709054933,67.0293438839433
3.755069209457345,67.03477830888413
3.755226456475005,67.04021094264996
3.7553388628317923,67.04021094264996
3.7553439957665717,67.04021094264996
3.755486142536831,67.04564178612623
3.7555984585635462,67.04564178612623
3.7558179022372107,67.0510708401977
3.7559501697785684,67.05649810574864
3.755987405190734,67.05649810574864
3.7561550417723035,67.05649810574864
3.7562076715327573,67.06192358366272
3.7564882203418226,67.06192358366272
3.7565598807971203,67.06734727482299
3.7565965452203347,67.07276918011196
3.756710988438689,67.07818930041152
3.756893492222571,67.08360763660302
3.757011574504985,67.08360763660302
3.757327161702825,67.08360763660302
3.7576080872673274,67.08902418956723
3.7578020072639777,67.09443896018426
3.757956664817592,67.09985194933378
3.7581074906172045,67.10526315789474
3.758125749681012,67.11067258674561
3.758353633977514,67.11608023676422
3.7584356353149655,67.12148610882788
3.7587446189216553,67.12689020381329
3.7590685652898532,67.12689020381329
3.759074393716453,67.13229252259654
3.759131864828358,67.13769306605325
3.759151833296117,67.14309183505833
3.7595468840290973,67.1484888304862
3.759597453932849,67.15388405321072
3.7597593296243303,67.15388405321072
3.7598773109992285,67.15927750410509
3.7599039424679375,67.15927750410509
3.759995434750864,67.16466918404203
3.7600491566667427,67.16466918404203
3.76005670802102,67.17005909389363
3.7600668091479594,67.17544723453143
3.7600702604285723,67.17544723453143
3.7601243694228734,67.18083360682638
3.760339796402296,67.18621821164889
3.7606205261361825,67.19160104986877
3.760827034576815,67.19698212235525
3.760898009926387,67.20236142997705
3.761150681640586,67.20236142997705
3.7614192816457455,67.20773897360223
3.761498563320274,67.21311475409836
3.7616349012989816,67.2184887723324
3.7618665950328443,67.22386102917076
3.762096120102232,67.22923152547928
3.7623832954781546,67.2346002621232
3.762391315289177,67.23996723996723
3.762463688536723,67.23996723996723
3.76250646610935,67.24533245987553
3.762559338036507,67.25069592271164
3.7625622202936158,67.25605762933857
3.7625734029532523,67.25605762933857
3.762646365646969,67.25605762933857
3.7631960131474784,67.25605762933857
3.763258189677676,67.26141758061875
3.763314177272305,67.26141758061875
3.7636026921380887,67.26677577741408
3.7640662025795555,67.27213222058583
3.7643520568927116,67.27213222058583
3.7645224521814398,67.27213222058583
3.764531233610231,67.27748691099477
3.764716628941157,67.28283984950106
3.764756542467674,67.28819103696434
3.764837528751667,67.29354047424366
3.764898493984644,67.29354047424366
3.7652439812252405,67.29354047424366
3.76525008390074,67.29888816219751
3.7652847734434873,67.30423410168383
3.7653310552763646,67.30957829356
3.76534115319611,67.31492073868279
3.7654244522308216,67.31492073868279
3.765629422203719,67.3202614379085
3.7659689967076067,67.3256003920928
3.766063233331123,67.3256003920928
3.766072597868993,67.3256003920928
3.7661034435146306,67.33093760209083
3.766153461884038,67.33093760209083
3.7661867884297977,67.33627306875715
3.7662806552821735,67.33627306875715
3.7663366095031003,67.34160679294578
3.766928207196291,67.34160679294578
3.7671449652193063,67.34160679294578
3.7671583296178084,67.3469387755102
3.767271235277418,67.3469387755102
3.7676852991703065,67.3469387755102
3.7679334791239194,67.3522690173033
3.7681833141157615,67.35759751917742
3.7682133703107303,67.36292428198433
3.768238963014583,67.36292428198433
3.7682494662853814,67.36292428198433
3.7682650086689913,67.36824930657531
3.768628613245541,67.37357259380097
3.7690004642413992,67.3788941445115
3.7691676459822765,67.3788941445115
3.7691691839261883,67.38421395955643
3.76929012159543,67.38953203978477
3.7696361028183856,67.38953203978477
3.7696399591272596,67.38953203978477
3.7697082316815673,67.38953203978477
3.7698296144105896,67.394848386045
3.7698362423023943,67.40016299918501
3.7699977955228845,67.40547588005215
3.770134118006516,67.41078702949324
3.7702027435372907,67.41609644835451
3.7703167723565327,67.42140413748167
3.7703463334121166,67.42671009771986
3.7705106950090093,67.4320143299137
3.7706999652887547,67.43731683490721
3.770786466812908,67.44261761354387
3.770967123802346,67.44791666666666
3.7710021225235275,67.44791666666666
3.771119419425031,67.45321399511798
3.771190585078219,67.45850959973967
3.7713160175159715,67.45850959973967
3.771344754423798,67.46380348137303
3.7714471542192163,67.46380348137303
3.7715769770839778,67.46909564085881
3.7716597839426242,67.47438607903725
3.771723246759839,67.47967479674797
3.7719165735260236,67.48496179483011
3.772023590903218,67.48496179483011
3.7721249927946774,67.49024707412224
3.772206800337834,67.49553063546237
3.7722170618075554,67.50081247968801
3.7722635016291215,67.50081247968801
3.7723932957358444,67.50081247968801
3.772809462126875,67.50081247968801
3.7729672699801973,67.50609260763608
3.772984052590212,67.51137102014295
3.773182492654826,67.5166477180445
3.773808063917551,67.5166477180445
3.773871976199976,67.52192270217603
3.7739104255076668,67.5271959733723
3.774221453448964,67.5271959733723
3.7743762884774927,67.5271959733723
3.774405235132159,67.5271959733723
3.774427265929007,67.53246753246754
3.774570639287226,67.5377373802954
3.7746143171188637,67.54300551768905
3.774956327838831,67.54300551768905
3.775035393718218,67.5482719454811
3.775139720875874,67.55353666450357
3.7753885299755927,67.558799675588
3.7754033432743874,67.558799675588
3.775537647439931,67.56406097956535
3.7756106878117173,67.56406097956535
3.77562983503006,67.56932057726608
3.775642277220471,67.5745784695201
3.775672235725408,67.57983465715675
3.7757578993082683,67.57983465715675
3.77589374877586,67.58508914100486
3.7759418887788834,67.59034192189273
3.775959188369812,67.5955930006481
3.7761311989256194,67.5955930006481
3.776265798971747,67.5955930006481
3.7763374847791926,67.60084237809816
3.776338089050947,67.60609005506964
3.776427050184674,67.60609005506964
3.7766276540607087,67.61133603238866
3.7767751606987625,67.61133603238866
3.7768768485001143,67.61658031088082
3.7768920724320365,67.61658031088082
3.777006918790294,67.62182289137122
3.777066174862222,67.62706377468436
3.77732016115128,67.62706377468436
3.7773707827242897,67.63230296164427
3.7774723257642546,67.63754045307444
3.7776683551601633,67.63754045307444
3.777685578728595,67.64277624979776
3.778084617056761,67.64277624979776
3.7782173520809836,67.64277624979776
3.778342431341566,67.64801035263669
3.7783849288749485,67.65324276241307
3.778614269608236,67.65847347994826
3.778843033542382,67.66370250606305
3.7788441909189956,67.66892984157775
3.7789368572898425,67.6741554873121
3.7790069933875685,67.67937944408533
3.779066036276629,67.67937944408533
3.779115279986744,67.67937944408533
3.7793575377270128,67.6846017127161
3.7795800117442706,67.68982229402262
3.779741318527871,67.68982229402262
3.7798217309991324,67.68982229402262
3.779913735294844,67.69504118882249
3.7799224113017686,67.70025839793283
3.780003152862589,67.70547392217019
3.780071082414257,67.70547392217019
3.7801043327989,67.71068776235066
3.780146497539524,67.71589991928974
3.7801958274038103,67.72111039380245
3.7804211745544523,67.72111039380245
3.780446889065931,67.72631918670325
3.7805365103331647,67.73152629880606
3.7807725144679307,67.73673173092433
3.7809442612073823,67.74193548387096
3.7816521497215545,67.74193548387096
3.7819758142948845,67.74713755845832
3.782122314826053,67.74713755845832
3.7824265856163324,67.75233795549823
3.7824730416780508,67.75753667580203
3.7825585553534626,67.76273372018052
3.7833831259871484,67.767929089444
3.7834565202438983,67.77312278440219
3.7835525010573177,67.77831480586435
3.783595505365364,67.78350515463917
3.783618233657207,67.78350515463917
3.7838656147410945,67.78869383153487
3.784342559470797,67.7938808373591
3.784412572902246,67.79906617291901
3.7846712110640026,67.80424983902125
3.7847113090668243,67.80943183647192
3.7855594244703474,67.80943183647192
3.7856513926641155,67.8146121660766
3.785975728439707,67.8197908286404
3.7861462437990014,67.8197908286404
3.7863188514499493,67.82496782496783
3.786393821159645,67.83014315586296
3.786412405680663,67.83014315586296
3.7866308207444193,67.8353168221293
3.786799766571619,67.84048882456986
3.7869457640870525,67.84565916398714
3.78695590843432,67.84565916398714
3.78697645372992,67.85082784118309
3.7869816226059676,67.85599485695919
3.787235820418677,67.86116021211635
3.787367504179924,67.86632390745501
3.787410667467752,67.8714859437751
3.7881273410138974,67.8714859437751
3.7883339218066205,67.876646321876
3.788819292210634,67.8818050425566
3.7888300128328,67.88696210661529
3.78891528860994,67.89211751484989
3.789249265266169,67.89727126805778
3.789278629076911,67.89727126805778
3.7892896942982737,67.89727126805778
3.7893697830665407,67.9024233670358
3.789574668301567,67.9024233670358
3.7901094700059117,67.90757381258024
3.790367948651401,67.91272260548692
3.790435206541372,67.91786974655118
3.7906689656869887,67.92301523656776
3.7907040421153946,67.92301523656776
3.7908436104542558,67.92815907633099
3.790885423492049,67.9333012666346
3.791233884703826,67.93844180827188
3.7915866788290216,67.94358070203558
3.791637497483404,67.94871794871796
3.7918290048075964,67.95385354911072
3.7918384189516563,67.95898750400514
3.7918562450551154,67.96411981419189
3.7919523082685997,67.96411981419189
3.7922574782127993,67.96411981419189
3.792314027484332,67.96925048046124
3.79235451601502,67.96925048046124
3.7924261415197402,67.97437950360288
3.7928167927869745,67.97950688440602
3.792976353224488,67.97950688440602
3.7930738020144354,67.98463262365935
3.793078560285757,67.98463262365935
3.7931525392493786,67.98975672215109
3.793364477374233,67.9948791806689
3.7933735534585207,68.0
3.793402426141687,68.00511918093105
3.7939647062330857,68.01023672424824
3.7944379740069665,68.01023672424824
3.7947404113425476,68.01023672424824
3.7950935322834347,68.01023672424824
3.795123015286028,68.01535263073724
3.795169755119452,68.02046690118324
3.7956052533897937,68.02557953637091
3.7956856461497113,68.03069053708441
3.7958213300422234,68.03579990410739
3.7959011883560545,68.04090763822308
3.796097247571083,68.04090763822308
3.796236246505584,68.04090763822308
3.796310586638327,68.0460137402141
3.7964408101477938,68.0460137402141
3.7969237284201722,68.05111821086261
3.796938736109695,68.05622105095033
3.797127036422942,68.06132226125838
3.7975445255728406,68.06132226125838
3.7976193363872626,68.06642184256746
3.797649839071583,68.06642184256746
3.7976595416855625,68.07151979565774
3.797834026812839,68.07151979565774
3.7979206873329265,68.07661612130886
3.798143560132052,68.08171082030003
3.7981505304662297,68.08680389340992
3.798154002994589,68.08680389340992
3.798367358480721,68.09189534141672
3.798485555670977,68.0969851650981
3.798576705121054,68.10207336523126
3.798733054978502,68.10715994259289
3.7987354577982066,68.11224489795919
3.7989087633223644,68.11732823210586
3.7993243756326804,68.11732823210586
3.799690102391152,68.12240994580809
3.7999451238009203,68.12749003984064
3.800028668861625,68.13256851497769
3.8000696452533407,68.13764537199299
3.800096144599426,68.14272061165977
3.8001417272179068,68.14779423475076
3.800192383196766,68.14779423475076
3.8003713523320934,68.15286624203821
3.800585757058141,68.1579366342939
3.800642765994336,68.1579366342939
3.800743304478985,68.16300541228908
3.8007726629450227,68.16807257679453
3.800829260244482,68.16807257679453
3.800921151817996,68.17313812858052
3.801172227966098,68.17820206841687
3.8012489435965633,68.18326439707286
3.801381808507831,68.18832511531731
3.801386619200605,68.18832511531731
3.8014612851365093,68.18832511531731
3.8021809385470045,68.19338422391857
3.8024766879640186,68.19844172364445
3.8025116768775096,68.19844172364445
3.802763445726018,68.19844172364445
3.8028077301276206,68.20349761526232
3.802843180982003,68.20855189953903
3.803132221686798,68.20855189953903
3.8033296844709623,68.20855189953903
3.8039534808178805,68.21360457724094
3.8041491699534498,68.21865564913396
3.8043615636866144,68.22370511598348
3.804598882439163,68.22370511598348
3.8046831281524174,68.22875297855441
3.804933541911492,68.23379923761118
3.8049498903634387,68.23884389391773
3.8050948216460907,68.23884389391773
3.8051544166318476,68.24388694823753
3.8053147648332315,68.24892840133354
3.8053629976231225,68.24892840133354
3.8053880010760945,68.24892840133354
3.8055675433138374,68.25396825396825
3.805581554457794,68.25900650690366
3.8058407207869096,68.2640431609013
3.806110789905965,68.2690782167222
3.8061442164792902,68.2741116751269
3.806423485540971,68.2791435368755
3.8064895101557044,68.28417380272757
3.8065344108082355,68.28920247344222
3.8066137441928527,68.29422954977807
3.8066362923372945,68.29422954977807
3.8067557160852536,68.29925503249326
3.8068264735900663,68.30427892234549
3.806946752502085,68.3093012200919
3.8070459674670736,68.31432192648923
3.8071204006626824,68.31432192648923
3.8074272894117605,68.31934104229369
3.80752834160667,68.32435856826102
3.807586903274085,68.32937450514648
3.807634952707013,68.33438885370488
3.807711841590917,68.33940161469052
3.8077175112516084,68.33940161469052
3.8079804498800343,68.34441278885723
3.80826003936673,68.34942237695839
3.8083852153084874,68.34942237695839
3.808444148404429,68.35443037974683
3.8087453759288574,68.35943679797501
3.808892028717532,68.35943679797501
3.8088926955660063,68.36444163239481
3.8089281449317975,68.36944488375771
3.8089709755525494,68.37444655281467
3.8091028460803793,68.37944664031622
3.809250231906539,68.38444514701233
3.8096891143330076,68.38944207365259
3.8097338172615234,68.38944207365259
3.809888059655464,68.3944374209861
3.810584857678875,68.3944374209861
3.811063035589483,68.3944374209861
3.8111564965817224,68.39943118976142
3.8111841249452385,68.4044233807267
3.8111927516751556,68.4094139946296
3.8113448118796556,68.41440303221731
3.8114404490315508,68.41939049423654
3.8115915822931963,68.42437638143353
3.812038299615563,68.42437638143353
3.8121165784930136,68.42437638143353
3.812124372589533,68.42437638143353
3.8122071623189338,68.42936069455406
3.8122117428525475,68.42936069455406
3.8122940916736665,68.43434343434343
3.8123656769852117,68.43434343434343
3.8124125583743758,68.43932460154647
3.8125419741044873,68.44430419690755
3.812682677278951,68.44928222117052
3.812884373394706,68.44928222117052
3.813013925733983,68.44928222117052
3.813020400941268,68.45425867507886
3.8132351167502914,68.45425867507886
3.8132798334433105,68.45923355937549
3.813754435738895,68.4642068748029
3.813800486970171,68.46917862210312
3.8139324095240776,68.47414880201765
3.814140720167962,68.47911741528763
3.814147653020341,68.48408446265364
3.8141733149931656,68.48904994485584
3.8143303256734735,68.49401386263389
3.8146332346079297,68.49401386263389
3.81465956449028,68.49897621672704
3.814741270760209,68.50393700787401
3.8150673825486723,68.5088962368131
3.8152647066664667,68.51385390428212
3.8154525486877806,68.51881001101842
3.815506052556793,68.5237645577589
3.8155256876929875,68.52871754523997
3.8155278679416553,68.53366897419761
3.8157105265826794,68.53861884536731
3.816062218183467,68.54356715948413
3.816185035769018,68.54851391728259
3.816209111269218,68.55345911949685
3.8162804358465205,68.55345911949685
3.8164787359384076,68.55840276686055
3.816592448552688,68.55840276686055
3.8171580275392563,68.5633448601069
3.8172314086329417,68.56828539996856
3.8173920617251564,68.57322438717787
3.817577055102113,68.57816182246661
3.8176430898331377,68.58309770656614
3.8177120758406824,68.58803204020731
3.8178036261982005,68.58803204020731
3.8179681382856407,68.58803204020731
3.8180041776312432,68.5929648241206
3.8180511660711063,68.5929648241206
3.81897434554497,68.59789605903596
3.8190612591925053,68.59789605903596
3.8191399970104305,68.60282574568289
3.819157967308281,68.60775388479045
3.8191901256917724,68.60775388479045
3.819259401805401,68.61268047708727
3.8194286245945093,68.61760552330142
3.819770803528024,68.62252902416066
3.8198341229742456,68.62745098039215
3.820229699419963,68.63237139272272
3.82025801651287,68.63237139272272
3.8204832827569026,68.63237139272272
3.820618127965641,68.63729026187862
3.8207592526474117,68.64220758858576
3.8208129635639914,68.64712337356953
3.8209958742055012,68.64712337356953
3.821072720783395,68.65203761755487
3.821089067980564,68.65695032126627
3.8211166459503207,68.66186148542776
3.821350566353607,68.66677111076297
3.821471475876276,68.67167919799499
3.8217632462265096,68.67658574784652
3.8218732593222877,68.68149076103978
3.8219989464257593,68.68639423829654
3.8220245274157874,68.69129618033813
3.8223764202222457,68.69129618033813
3.8225810310524633,68.69129618033813
3.82258488322068,68.69619658788542
3.822612180005775,68.69619658788542
3.822724125433285,68.70109546165885
3.822871663655377,68.70599280237835
3.822905236016621,68.71088861076345
3.822922005321811,68.71578288753324
3.8230850059439008,68.72067563340632
3.823111685536074,68.72556684910086
3.8232232204711085,68.72556684910086
3.823319529899548,68.72556684910086
3.8238246105614646,68.72556684910086
3.824427383733993,68.72556684910086
3.824751157899981,68.73045653533458
3.8249556697353824,68.73534469282477
3.825078542072217,68.74023132228821
3.8251842926702393,68.74511642444132
3.8252188048623204,68.75
3.825478020117294,68.75488204967974
3.8256135031976695,68.75976257419556
3.825634769750881,68.76464157426206
3.8257644924482372,68.76951905059337
3.8258624442299385,68.7743950039032
3.8260995664823985,68.77926943490478
3.8262026736491506,68.78414234431091
3.826606172992761,68.78901373283396
3.8267041211352395,68.79388360118584
3.8267716553812865,68.79875195007801
3.8269165765037716,68.8036187802215
3.826999434062455,68.8036187802215
3.8270785522050557,68.80848409232688
3.8271413628860405,68.81334788710431
3.8276295999579064,68.81334788710431
3.8277765980037644,68.81821016526348
3.827951177726841,68.82307092751364
3.828030624538469,68.82307092751364
3.8280486499484843,68.82793017456359
3.828119969159935,68.83278790712171
3.8281904109872698,68.83764412589592
3.8283000599172685,68.8424988315937
3.828365416751629,68.8424988315937
3.8285117332136296,68.8424988315937
3.828708881869223,68.84735202492212
3.8287814287124706,68.84735202492212
3.829025227990704,68.84735202492212
3.8290527470435314,68.85220370658776
3.8290761169569736,68.85705387729679
3.829141376672982,68.86190253775494
3.829327775748103,68.8667496886675
3.8293404417622052,68.8715953307393
3.82954945201891,68.87643946467476
3.830006653119944,68.88128209117784
3.830167199924649,68.88612321095209
3.8303432292890287,68.88612321095209
3.8304871768948794,68.89096282470058
3.8305952314337555,68.89580093312597
3.8307685199272394,68.9006375369305
3.830856925804537,68.90547263681593
3.83087691093507,68.9103062334836
3.831027714010529,68.9103062334836
3.83109081234993,68.91513832763444
3.831098513930995,68.91513832763444
3.831785458564535,68.91513832763444
3.831949208038514,68.91513832763444
3.8319602407897437,68.91513832763444
3.831967365340188,68.91996891996892
3.8319726520987873,68.91996891996892
3.832105651994289,68.92479801118708
3.832205368143452,68.9296256019885
3.832289819791855,68.93445169307239
3.8324890455555534,68.93927628513744
3.8327288670525768,68.93927628513744
3.832829345949578,68.93927628513744
3.83289857817744,68.93927628513744
3.8329003245288034,68.94409937888199
3.8329329612980727,68.94409937888199
3.832962511705813,68.94892097500389
3.8330219626893234,68.95374107420056
3.8330531769093605,68.95855967716902
3.833070919497062,68.96337678460583
3.8330726090892764,68.96819239720713
3.833074303929009,68.97300651566863
3.833075759787641,68.97300651566863
3.8331419547016923,68.9778191406856
3.833260683305172,68.98263027295285
3.8332931156752545,68.98743991316482
3.8334045223071156,68.98743991316482
3.833557307755066,68.98743991316482
3.833628196447135,68.9922480620155
3.8336657654238264,68.99705472019842
3.833716549000822,68.99705472019842
3.8338571234806103,69.00185988840668
3.8339165866907496,69.00185988840668
3.833992322665382,69.00185988840668
3.8340428170089167,69.00666356733302
3.8340545162310775,69.00666356733302
3.834123723919892,69.01146575766967
3.8341441400404315,69.01626646010844
3.8346029482749464,69.01626646010844
3.8346831527524214,69.01626646010844
3.834710224804698,69.02106567534076
3.8347214391879376,69.02106567534076
3.834937492478613,69.0258634040576
3.8351443651217982,69.0258634040576
3.835149378858512,69.0258634040576
3.835275128168667,69.0258634040576
3.8353038124205776,69.03065964694952
3.835469034820014,69.03065964694952
3.8354746807335194,69.03545440470661
3.8354899099672144,69.04024767801857
3.8356067296666208,69.04503946757468
3.8358426177929252,69.04982977406375
3.8358452514083914,69.05461859817422
3.8359336063694487,69.05940594059405
3.8359511914573545,69.06419180201084
3.8360858128538005,69.06897618311166
3.8361148543171786,69.07375908458326
3.8361687961202753,69.07854050711194
3.836180965248226,69.08332045138353
3.836552812117997,69.08332045138353
3.83655759641388,69.08809891808346
3.836651825343256,69.09287590789677
3.8366710077867676,69.09765142150803
3.8367134395393596,69.09765142150803
3.8369153960729783,69.10242545960142
3.837048036770159,69.10719802286067
3.837108896728815,69.10719802286067
3.8372679650641786,69.1119691119691
3.8372695433670376,69.1119691119691
3.8374072218532223,69.11673872760964
3.837655081421718,69.11673872760964
3.8378774597328698,69.12150687046473
3.8379930663685586,69.12150687046473
3.8383386545610017,69.12627354121642
3.8388754792732835,69.13103874054639
3.8392631466128586,69.1358024691358
3.839283265662499,69.14056472766549
3.83986454933285,69.14532551681579
3.8398869801441413,69.14532551681579
3.840087636740238,69.1500848372667
3.8402777313840266,69.15484268969772
3.840321159867985,69.15959907478796
3.8403473410428535,69.16435399321615
3.8409152967939195,69.16910744566054
3.8409507062829173,69.16910744566054
3.841034003913278,69.173859432799
3.841524104810925,69.17860995530899
3.8415354084024913,69.17860995530899
3.8422787112758816,69.18335901386749
3.842716801863016,69.18810660915113
3.8429383870036204,69.18810660915113
3.8429776391333355,69.1928527418361
3.8430004053745574,69.1928527418361
3.8430949303368394,69.19759741259817
3.843486054757981,69.20234062211273
3.843536277500907,69.20234062211273
3.8436279891032727,69.20708237105467
3.8436904055614436,69.20708237105467
3.8437815224341088,69.21182266009852
3.843863010470827,69.21656148991843
3.8438944390148113,69.21656148991843
3.8442219496969776,69.21656148991843
3.844275826649804,69.22129886118806
3.844335031107207,69.2260347745807
3.844471534783531,69.23076923076923
3.844540030485234,69.23550223042609
3.8445701523220674,69.24023377422331
3.844646540171496,69.24023377422331
3.8446654039225714,69.24023377422331
3.8446821181993402,69.24496386283255
3.8446902592761116,69.24969249692496
3.844880771973858,69.25441967717141
3.8449593337793697,69.25914540424223
3.8451468010823127,69.25914540424223
3.845212844395281,69.25914540424223
3.845313647960321,69.26386967880744
3.8454533365896157,69.26386967880744
3.845648431340285,69.26859250153657
3.8456630347159306,69.27331387309879
3.8457276573457846,69.27331387309879
3.8459192725658595,69.27803379416282
3.846024666752881,69.27803379416282
3.8463147991499476,69.27803379416282
3.8463690982571883,69.28275226539702
3.846382727144183,69.28746928746928
3.846425046827202,69.29218486104713
3.8466616339633792,69.29689898679766
3.8468940382476426,69.29689898679766
3.8470151093818235,69.30161166538757
3.847135961675648,69.30632289748311
3.84740676234172,69.3110326837502
3.8474253105243155,69.31574102485425
3.8475387222697317,69.32044792146034
3.847599711149474,69.32515337423312
3.847759043592934,69.32515337423312
3.848411300552255,69.32515337423312
3.8484391567789964,69.32985738383684
3.848947964507952,69.32985738383684
3.849061252634457,69.32985738383684
3.849078770373608,69.33455995093529
3.84931814323417,69.33455995093529
3.8494521403036863,69.33926107619193
3.849473291045533,69.34396076026978
3.8495970310719345,69.34396076026978
3.849606970484958,69.34396076026978
3.849720183500418,69.34865900383141
3.8500950054507346,69.35335580753907
3.8501809901885444,69.35805117205454
3.8502574212792595,69.35805117205454
3.8506144166213327,69.36274509803921
3.8509623102621586,69.36274509803921
3.851144848182271,69.36743758615408
3.85147087384065,69.37212863705973
3.851471469116665,69.37212863705973
3.8517987340073505,69.37681825141631
3.8518092701281197,69.38150642988366
3.8520958375016328,69.38150642988366
3.8521229214764787,69.38619317312109
3.8521605470642477,69.38619317312109
3.852296820581938,69.39087848178758
3.85231506092322,69.39556235654169
3.8523607614461284,69.40024479804161
3.8525427774022374,69.40492580694509
3.8526828822113806,69.40492580694509
3.852955681161552,69.40492580694509
3.8529937998500525,69.40492580694509
3.8530640096249638,69.40960538390945
3.853065019826108,69.40960538390945
3.8532335844627807,69.41428352959169
3.8533122753717013,69.41896024464832
3.8537072915858306,69.42363552973552
3.853927939808918,69.42363552973552
3.8541122871702056,69.42830938550902
3.8543806490581844,69.43298181262418
3.8548308684710486,69.43765281173594
3.8548458654955935,69.44232238349886
3.854975073971185,69.44699052856707
3.854987408300177,69.45165724759433
3.8553653530276017,69.45632254123396
3.8554712181940354,69.46098641013894
3.8555386893872754,69.46564885496184
3.855549493543717,69.47030987635475
3.855873093222133,69.47496947496947
3.8559083233287117,69.47962765145735
3.85603516404579,69.48428440646933
3.8561021148034316,69.48893974065598
3.856207954936379,69.49359365466748
3.8563365957029334,69.49824614915357
3.8563830498355274,69.50289722476364
3.8565334931446023,69.50754688214667
3.85711903101871,69.50754688214667
3.8573733715200875,69.51219512195121
3.857509333414272,69.51684194482549
3.8575489003141525,69.51684194482549
3.857759667775408,69.52148735141725
3.857812619089464,69.52613134237392
3.8580095750155565,69.53077391834248
3.8580293773905354,69.53541507996952
3.858109855094805,69.53541507996952
3.858387595005145,69.54005482790132
3.8590006486423287,69.54469316278362
3.8591190542091494,69.54933008526187
3.8593703551838825,69.55396559598113
3.859460990322344,69.558599695586
3.8599170015931343,69.56323238472073
3.860062488323687,69.56786366402922
3.8600803923591305,69.57249353415487
3.8604855352607554,69.57249353415487
3.86063198565919,69.57249353415487
3.860739805617273,69.5771219957408
3.860766451385782,69.58174904942965
3.860914112482452,69.58637469586375
3.860946720453246,69.58637469586375
3.861077705427839,69.59099893568496
3.8610847716111865,69.59562176953482
3.8612848309464773,69.60024319805441
3.8615242269761025,69.6048632218845
3.861568596045321,69.6094818416654
3.861794709265628,69.6094818416654
3.861834681588096,69.61409905803707
3.861865986575531,69.61871487163907
3.861919279769086,69.61871487163907
3.862222642006325,69.62332928311056
3.862274769065108,69.62332928311056
3.8623112547386236,69.62794229309036
3.862361426608859,69.63255390221683
3.8623744148576984,69.63716411112799
3.862700077021045,69.64177292046145
3.862922993345667,69.64177292046145
3.863001441155384,69.64638033085446
3.8635530563553075,69.65098634294385
3.863996746246,69.65098634294385
3.8641595364406327,69.65559095736612
3.86457746491829,69.65559095736612
3.864629136611282,69.66019417475728
3.864629702313281,69.66479599575307
3.864715066406322,69.66939642098879
3.864724655358161,69.66939642098879
3.8648656209134,69.67399545109932
3.86493946454371,69.67859308671922
3.8651003603608656,69.68318932848264
3.8651065641565823,69.68318932848264
3.865111704633723,69.68778417702333
3.8652291852102945,69.69237763297468
3.865510489972453,69.69237763297468
3.865556704724115,69.6969696969697
3.865707368896221,69.70156036964096
3.8657842831653904,69.70156036964096
3.8662756650781085,69.70614965162072
3.866351712274843,69.70614965162072
3.866382662097629,69.71073754354082
3.8665731367572644,69.71073754354082
3.8666260254549787,69.7153240460327
3.866691958036272,69.71990915972748
3.86733665447814,69.72449288525583
3.8674082348039707,69.72907522324807
3.8679192727141256,69.72907522324807
3.8681040326359937,69.73365617433413
3.8681249706115652,69.73823573914359
3.868275359425231,69.7428139183056
3.86853027293537,69.7428139183056
3.8688321671373593,69.7428139183056
3.868841359206478,69.74739071244895
3.8690775431011084,69.75196612220206
3.8693780099793624,69.75654014819295
3.8694334235075716,69.76111279104929
3.8695467663027276,69.76568405139834
3.8696552659273165,69.77025392986698
3.86979261690998,69.77482242708176
3.8699033169794568,69.77482242708176
3.8700319654540785,69.77938954366878
3.8700665301941894,69.78395528025382
3.870114405310741,69.78851963746223
3.8701907210607294,69.79308261591905
3.8702504724484452,69.79764421624887
3.8704674357266873,69.80220443907595
3.8705263512708625,69.80676328502415
3.8706587342384307,69.81132075471697
3.87072015276249,69.81587684877755
3.8707540316295095,69.82043156782858
3.870818340056575,69.82498491249245
3.871073738246665,69.82498491249245
3.8712389841543677,69.82498491249245
3.871359715839471,69.82498491249245
3.8713826939341316,69.82953688339116
3.8714917829131172,69.82953688339116
3.87150758159136,69.8340874811463
3.8715096175836106,69.83863670637913
3.871598725009159,69.83863670637913
3.871638371386055,69.8431845597105
3.8718051335778334,69.8477310417609
3.8718984162503602,69.85227615315044
3.8721193239289153,69.85681989449887
3.872262402320162,69.86136226642556
3.872588225498387,69.86590326954949
3.872625601344188,69.87044290448931
3.8727570085690917,69.87498117186324
3.872927806512193,69.87951807228916
3.872965498226553,69.88405360638458
3.8730255842719754,69.88858777476665
3.8731938955770127,69.88858777476665
3.8732350550174357,69.89312057805208
3.8734601890933815,69.89765201685731
3.873590747807827,69.89765201685731
3.8737862066169697,69.90218209179835
3.8738412394375845,69.90671080349082
3.8739713899695296,69.91123815255003
3.8740032916728486,69.91123815255003
3.8744442889700883,69.91123815255003
3.874482169106984,69.91576413959085
3.8744962315246867,69.92028876522785
3.8745646355324492,69.92481203007519
3.8748249840939737,69.92481203007519
3.8749618788004696,69.92933393474665
3.874995140721782,69.93385447985568
3.875041103919992,69.93837366601532
3.875055752480769,69.94289149383829
3.8751367275961575,69.94289149383829
3.875231479599489,69.9474079639369
3.8752887192987284,69.95192307692307
3.8753787298372178,69.95643683340845
3.8754491111936895,69.9609492340042
3.8754863467482594,69.9609492340042
3.8755322832535692,69.96546027932122
3.875714357110234,69.96996996996997
3.875817261754147,69.97447830656057
3.87632387022935,69.97898528970279
3.876480784900529,69.983490920006
3.8765096155683745,69.98799519807923
3.876541719060982,69.98799519807923
3.876667983279084,69.99249812453114
3.8766686574119955,69.99699969996999
3.876669961922177,69.99699969996999
3.87713623661904,70.00149992500376
3.877250727355353,70.00599880023995
3.8773737583109527,70.0104963262858
3.877408796808484,70.01499250374813
3.8774983420852394,70.01499250374813
3.877854655882015,70.01499250374813
3.8779684213077594,70.0194873332334
3.8780738638951537,70.0194873332334
3.878139534225247,70.0194873332334
3.878413540203964,70.02398081534771
3.8785281572882884,70.02847295069684
3.878618093474834,70.02847295069684
3.8787849431024575,70.02847295069684
3.8788537710554625,70.02847295069684
3.8791131513634243,70.02847295069684
3.87925902203005,70.03296373988613
3.8793272169245907,70.03296373988613
3.8793335773959434,70.0374531835206
3.8795978572545056,70.04194128220492
3.879690989693929,70.04642803654336
3.87978102279165,70.05091344713986
3.8798570368101553,70.055397514598
3.880073285960287,70.05988023952095
3.8801431357179146,70.0643616225116
3.8802517706878326,70.0688416641724
3.8807218011638827,70.0688416641724
3.8807978058728696,70.0688416641724
3.8810450575162787,70.0688416641724
3.881102135731682,70.0688416641724
3.881386109966412,70.0733203651055
3.881492447506672,70.0733203651055
3.8820115463456393,70.0733203651055
3.882018297725756,70.07779772591263
3.8820184952577717,70.08227374719522
3.8820980192509187,70.08674842955429
3.8821777112471905,70.09122177359055
3.882624824877302,70.09122177359055
3.8830462976925966,70.09122177359055
3.8831150964920766,70.09122177359055
3.883323835825984,70.09569377990431
3.8834183792353967,70.09569377990431
3.8835140729806685,70.10016444909553
3.883531917241085,70.10463378176382
3.883762560490918,70.10463378176382
3.8842564666919395,70.10910177850845
3.8842715124540628,70.11356843992827
3.8843735699979494,70.11356843992827
3.88472296904943,70.11803376662185
3.8847303059676017,70.11803376662185
3.884933761100514,70.12249775918733
3.8851238058598265,70.12696041822255
3.8852402304243006,70.13142174432497
3.8853350121723835,70.13142174432497
3.88535583249964,70.13142174432497
3.8854336129746554,70.13588173809168
3.88566252573142,70.13588173809168
3.8859359146853194,70.13588173809168
3.886051473154555,70.13588173809168
3.886195713929079,70.13588173809168
3.886295370941415,70.14034040011944
3.8865180980653506,70.14479773100463
3.8866941478464723,70.1492537313433
3.8868926909983013,70.1492537313433
3.8870364820433925,70.15370840173108
3.887520919138901,70.15816174276335
3.887715555464792,70.16261375503507
3.8880509414515454,70.16261375503507
3.888152634254194,70.16706443914082
3.888271113415642,70.16706443914082
3.888516639976116,70.16706443914082
3.888902321647794,70.17151379567487
3.8891264194459265,70.17596182523114
3.889187301301608,70.18040852840316
3.8892852291754982,70.18485390578414
3.8895335647682545,70.18485390578414
3.8895686743853246,70.18929795796691
3.889600918705351,70.19374068554396
3.8899860384921703,70.19374068554396
3.8901877646511673,70.19818208910743
3.890192963769959,70.20262216924911
3.8902067209988007,70.2070609265604
3.890327977857032,70.21149836163241
3.890615470073931,70.21593447505585
3.891086054260138,70.22036926742108
3.8912939755357003,70.22480273931815
3.8914061661559143,70.22923489133672
3.8916445377910796,70.23366572406609
3.891711675728863,70.23809523809523
3.891894861591862,70.23809523809523
3.8920239734870457,70.2425234340128
3.892215282415655,70.24695031240702
3.8922778856632982,70.24695031240702
3.8926928313884885,70.25137587386583
3.8927129364346453,70.2558001189768
3.89272498074997,70.26022304832715
3.8927645091108873,70.26464466250371
3.8927710950617342,70.26906496209305
3.8932092565200316,70.27348394768134
3.89326416527377,70.27348394768134
3.893351748810197,70.27790161985436
3.8934464389400487,70.28231797919761
3.893461370264594,70.28231797919761
3.8934917330748267,70.28673302629625
3.8935750391135096,70.28673302629625
3.893842600982828,70.291146761735
3.8944821829369842,70.291146761735
3.894621866261582,70.291146761735
3.89463368863512,70.29555918609832
3.8946674165483004,70.29997029997031
3.894843701705639,70.30438010393468
3.8950731512678654,70.30878859857482
3.895083844454817,70.30878859857482
3.895266383749524,70.3131957844738
3.89529249427981,70.3131957844738
3.8953718166488254,70.3176016622143
3.895411425507098,70.32200623237868
3.8954178350805364,70.32640949554896
3.895691800427021,70.32640949554896
3.8957549242779344,70.33081145230678
3.895848048373917,70.33521210323346
3.895907526275558,70.33961144890998
3.896095593097663,70.33961144890998
3.8962463464231507,70.34400948991696
3.8962787691307836,70.3484062268347
3.8964982286179524,70.3484062268347
3.8965086595438896,70.3528016602431
3.8967106361409263,70.3571957907218
3.8967332175420526,70.36158861885004
3.8967799983053992,70.36598014520669
3.8967827837869407,70.37037037037037
3.8968480767663656,70.37475929491927
3.8968909869035704,70.37914691943128
3.89697086400064,70.38353324448393
3.897064703025803,70.38791827065442
3.8970775203549692,70.39230199851961
3.8973185730630324,70.39668442865602
3.8973304017037305,70.40106556163978
3.897340992046435,70.40544539804677
3.897449062297626,70.40982393845243
3.8975103524737613,70.40982393845243
3.8976151929733818,70.41420118343196
3.897635034072759,70.41857713356012
3.897737086899693,70.42295178941141
3.8978088214895883,70.42732515155996
3.8978209804769564,70.43169722057954
3.8980139555433544,70.43606799704361
3.8982495557009997,70.44043748152528
3.898281642001694,70.4448056745973
3.898335568390621,70.44917257683215
3.8984232421459453,70.44917257683215
3.8985692547657407,70.45353818880189
3.8985854120004526,70.45790251107829
3.8989336214994372,70.46226554423276
3.8990032449228993,70.46662728883638
3.899195888064823,70.47098774545991
3.899428243733984,70.47534691467375
3.899654598972889,70.47970479704797
3.8997135824563056,70.4840613931523
3.8997337387605597,70.48841670355614
3.8999332737305874,70.49277072882856
3.9001369076286405,70.49712346953828
3.900358756177758,70.49712346953828
3.9009779536467795,70.50147492625368
3.9011580294950368,70.50582509954285
3.901226282487304,70.50582509954285
3.9017525463401976,70.50582509954285
3.9018653951852884,70.51017398997345
3.901898724762988,70.51452159811294
3.902140839162317,70.51886792452831
3.902205450138301,70.5232129697863
3.902455029203116,70.5232129697863
3.902740834730191,70.52755673445328
3.903029931727391,70.53189921909532
3.903355269269236,70.53189921909532
3.903567497341659,70.53624042427813
3.9036863467970107,70.5405803505671
3.9039657291812304,70.54491899852725
3.9039962839797338,70.54491899852725
3.904142645959722,70.5492563687233
3.9044526095944323,70.5492563687233
3.904481519747159,70.55359246171967
3.9045535242574183,70.55792727808038
3.9045814486983947,70.55792727808038
3.9052688119320953,70.56226081836915
3.9053647806878624,70.56659308314937
3.9054070527108613,70.57092407298411
3.905645887694434,70.57525378843607
3.905815395814752,70.57958223006767
3.9059123043595974,70.58390939844095
3.9062537259696453,70.58823529411765
3.9063692030283566,70.58823529411765
3.906668698759869,70.58823529411765
3.9071024904029925,70.58823529411765
3.9071367349288733,70.59255991765917
3.9073773712009503,70.59688326962657
3.9075141204725727,70.60120535058063
3.907670687857692,70.60120535058063
3.9076909606441586,70.60552616108173
3.9078850004688235,70.60552616108173
3.9082970016942924,70.60984570168993
3.908430614715043,70.60984570168993
3.908485933545238,70.61416397296503
3.9085235106702214,70.61848097546644
3.9086752443126738,70.62279670975323
3.9088241914182764,70.62711117638419
3.9088679927988594,70.63142437591777
3.9090360639460275,70.63573630891206
3.909892954348805,70.64004697592485
3.909928090432778,70.64435637751357
3.9103598119994825,70.64866451423539
3.9104206438440277,70.64866451423539
3.91055763310061,70.64866451423539
3.910693093348749,70.6529713866471
3.9110513164709775,70.65727699530517
3.9110902360280466,70.66158134076574
3.9111276858464805,70.66588442358463
3.9117010938999757,70.67018624431735
3.9117153120525656,70.67018624431735
3.9121007971172403,70.67448680351906
3.9125008276416455,70.67878610174462
3.9130566883338957,70.68308413954853
3.9134966655817616,70.68738091748497
3.913503365793542,70.69167643610785
3.913508409874756,70.6959706959707
3.9135145605533728,70.6959706959707
3.9135394647709796,70.70026369762672
3.913560057753531,70.70455544162883
3.913701273781473,70.70884592852958
3.9137582966254483,70.70884592852958
3.9139579594736778,70.71313515888124
3.913976041717407,70.71742313323573
3.9140711247940314,70.72170985214463
3.914162811016035,70.72599531615926
3.9142293403826733,70.72599531615926
3.9142713827297837,70.73027952583053
3.9143268108168705,70.7345624817091
3.91453762707027,70.73884418434528
3.914597857746578,70.74312463428906
3.914602830589332,70.7474038320901
3.914851716599469,70.7474038320901
3.915094940155038,70.75168177829775
3.915276880519756,70.75595847346104
3.9153150200348437,70.76023391812866
3.915324340265144,70.76023391812866
3.9156319373567476,70.764508112849
3.915649780279367,70.76878105817013
3.9157282482948434,70.77305275463978
3.915791332116465,70.77732320280538
3.9158468995233147,70.77732320280538
3.9159660138063406,70.78159240321402
3.9161224346625683,70.7858603564125
3.916308170397708,70.79012706294728
3.9163104792783616,70.7943925233645
3.9163269407714756,70.7943925233645
3.916613636915367,70.79865673820996
3.916733087218302,70.8029197080292
3.917235543576073,70.8029197080292
3.9172498684576476,70.80718143336739
3.9173370951553736,70.81144191476942
3.9173906754291408,70.81570115277981
3.9175388206579167,70.81995914794281
3.9175581997756157,70.81995914794281
3.9177824411010937,70.82421590080233
3.9179039612261013,70.82847141190199
3.918286129779489,70.82847141190199
3.9187326661696615,70.83272568178504
3.9188510700933286,70.83697871099446
3.9190123198787554,70.8412305000729
3.9192390117527864,70.8454810495627
3.91925600575406,70.84973036000582
3.919392041802449,70.85397843194404
3.919438991023089,70.85822526591869
3.920036368955328,70.86247086247086
3.920071982203415,70.86247086247086
3.9200874092558364,70.8667152221413
3.9201392823798487,70.87095834547044
3.920245558410392,70.87520023299841
3.920282792138481,70.87520023299841
3.9203613807317863,70.879440885265
3.920616720663665,70.88368030280972
3.920705513394908,70.88368030280972
3.9208615430788987,70.88368030280972
3.9210663038423466,70.88791848617177
3.921302431817351,70.89215543588998
3.921522961518689,70.89215543588998
3.9216032647867776,70.89639115250291
3.9217084220781806,70.90062563654882
3.9219505656633906,70.90062563654882
3.922431376643473,70.90485888856561
3.9235065405686953,70.9090909090909
3.9235340790606994,70.9090909090909
3.92364054841462,70.91332169866202
3.923644672028901,70.9175512578159
3.923661085828214,70.92177958708928
3.9237580632915257,70.92177958708928
3.923762145977232,70.92177958708928
3.9237709399075444,70.92600668701846
3.9238608789570706,70.93023255813954
3.9238763061244297,70.93445720098823
3.923896377611481,70.93868061609997
3.9239196229943976,70.94290280400988
3.923935402436388,70.94712376525277
3.9239374490137013,70.95134350036311
3.9239536244075195,70.95556200987511
3.9240369569364093,70.95977929432263
3.9240584806710643,70.96399535423926
3.9243323566401327,70.96821019015822
3.924960786808793,70.97242380261248
3.9250776546525055,70.97663619213466
3.9250804739885434,70.97663619213466
3.925085156987434,70.9808473592571
3.9251714752842797,70.98505730451183
3.92518068250431,70.98926602843052
3.925373534023962,70.98926602843052
3.9253793354387163,70.9934735315446
3.925793571781813,70.99767981438515
3.9260379250121247,71.00188487748296
3.926348564362874,71.00188487748296
3.9263739609448156,71.00608872136851
3.9267059650481957,71.01029134657196
3.9268898277813116,71.01449275362319
3.9269756607605544,71.01869294305173
3.927298738085745,71.02289191538685
3.927863698400216,71.02708967115747
3.927881398484618,71.03128621089225
3.9280012012857064,71.03548153511949
3.928510007301717,71.03967564436722
3.9289136590911355,71.04386853916317
3.928960743653264,71.04806022003474
3.929001763344164,71.04806022003474
3.929028037395594,71.05225068750904
3.929619033461559,71.05643994211289
3.929891113567681,71.06062798437274
3.929930144315661,71.06481481481481
3.930034921058012,71.06900043396499
3.9301345446982694,71.07318484234885
3.9301485567304377,71.07736804049168
3.9304728548900716,71.07736804049168
3.930731380035466,71.08155002891846
3.9310061369124334,71.08155002891846
3.931092532336657,71.08573080815383
3.9312099435442214,71.08991037872218
3.9313685162988796,71.08991037872218
3.9314564846751767,71.09408874114756
3.931471148621415,71.09826589595376
3.9315628562169054,71.10244184366421
3.9318909317716035,71.10661658480208
3.931993694296012,71.11079011989023
3.9323095917302218,71.11496244945118
3.932573708630267,71.11496244945118
3.9326769106268933,71.11913357400722
3.932724939343447,71.11913357400722
3.932913067951437,71.12330349408028
3.9330947421910523,71.127472210192
3.9333196441859917,71.127472210192
3.933414552831736,71.13163972286374
3.9334791741753334,71.13163972286374
3.9335888551985794,71.13163972286374
3.9336215183895087,71.13580603261654
3.933705840593749,71.13580603261654
3.933711585927795,71.13997113997114
3.9337472026232234,71.14413504544798
3.9341518858764806,71.14413504544798
3.934351564105488,71.14829774956722
3.9343645887203373,71.1524592528487
3.9344033776249647,71.15661955581194
3.9346567379390183,71.16077865897621
3.934809729610809,71.16493656286043
3.934971414877176,71.16909326798327
3.935159070255198,71.17324877486307
3.935174699420991,71.17740308401787
3.9353649356331384,71.17740308401787
3.935371700830875,71.18155619596543
3.935395662541862,71.18570811122316
3.935559975485832,71.18570811122316
3.935613622195264,71.18985883030827
3.935718233360206,71.19400835373759
3.9358154903072533,71.19815668202764
3.9358199370684948,71.20230381569475
3.9358939358110354,71.20230381569475
3.9359168171422274,71.20644975525482
3.9360332452863087,71.20644975525482
3.9360783643781354,71.21059450122354
3.9363554805060197,71.21059450122354
3.9363787042313447,71.21473805411628
3.936787174855361,71.21888041444812
3.9369181681589547,71.22302158273382
3.9369323139159764,71.22302158273382
3.9370234425499926,71.22302158273382
3.937125899525312,71.22302158273382
3.9373500533326657,71.22716155948784
3.937435818446557,71.22716155948784
3.937567176181444,71.2313003452244
3.9375823327843835,71.23543794045736
3.937594836803804,71.23957434570032
3.9379573252575826,71.24370956146657
3.93812379665724,71.24784358826912
3.9382483927825365,71.24784358826912
3.938288899073921,71.24784358826912
3.9383513683569706,71.25197642662067
3.9383838540883285,71.25610807703363
3.938511082037545,71.25610807703363
3.938665005308661,71.25610807703363
3.9387055226296868,71.25610807703363
3.9387396760784,71.26023854002011
3.9389589813828296,71.26436781609196
3.9390300896127513,71.26849590576066
3.9392722232543185,71.2726228095375
3.9392740543203426,71.2726228095375
3.9394525938089355,71.27674852793336
3.939547432514075,71.27674852793336
3.9396088857969906,71.28087306145893
3.939656033778044,71.28087306145893
3.9398094593662374,71.28499641062454
3.9399536562081585,71.28911857594028
3.940231577943657,71.29323955791588
3.940901064196331,71.29323955791588
3.9409058726562387,71.29735935706086
3.941189016615814,71.30147797388435
3.9414160884892557,71.30559540889526
3.941526613270615,71.30971166260221
3.941628668759661,71.31382673551349
3.941676836991141,71.3179406281371
3.9417057738188377,71.3179406281371
3.941733621052893,71.32205334098079
3.9419519802372194,71.32616487455196
3.9420481752311782,71.3302752293578
3.942276161626544,71.33438440590511
3.9423545869583076,71.33849240470049
3.9423624299533784,71.34259922625019
3.942694255523554,71.34670487106017
3.942768540214915,71.35080933963616
3.9430350695427743,71.35491263248352
3.9431351714691814,71.35491263248352
3.94316813241954,71.3590147501074
3.9434109662841768,71.3631156930126
3.9434255881092937,71.36721546170365
3.9435851419685077,71.36721546170365
3.9437182810532683,71.3713140566848
3.9437874601722047,71.3713140566848
3.943882717311091,71.37541147846
3.943893284310197,71.37950772753291
3.943952095643526,71.38360280440692
3.94414720302475,71.38769670958513
3.944193486030494,71.38769670958513
3.944643475224433,71.3917894435703
3.9446753018684433,71.395881006865
3.944851003122074,71.39997139997139
3.9449647565537305,71.40406062339147
3.945197988374483,71.40814867762688
3.9454954280182095,71.41223556317897
3.945636593119706,71.41632128054881
3.9456821406706535,71.42040583023721
3.945683636528275,71.42448921274467
3.9458312990117914,71.42857142857143
3.94596952545929,71.43265247821739
3.9461686038754697,71.43265247821739
3.9462640772546003,71.43265247821739
3.9464732848948625,71.43673236218223
3.946494734532876,71.4408110809653
3.946574944254097,71.44488863506567
3.946597398567767,71.44488863506567
3.9468126778390307,71.44896502498216
3.9469172473045475,71.45304025121325
3.947029100850391,71.45711431425717
3.947173962578698,71.46118721461188
3.9472339622669397,71.465258952775
3.947592964978474,71.46932952924394
3.947836956107315,71.47339894451576
3.947880799621935,71.47339894451576
3.9480701944721055,71.47746719908727
3.9480748205595,71.48153429345501
3.9480771400719985,71.48153429345501
3.948312362024405,71.48153429345501
3.948363144092281,71.4856002281152
3.9485068859698598,71.4856002281152
3.948562023011244,71.4896650035638
3.9491363227859027,71.49372862029647
3.949607087703578,71.4977910788086
3.949653966625764,71.50185237959532
3.950195485227516,71.50591252315145
3.9502296663376977,71.50997150997152
3.9505190340543503,71.50997150997152
3.9505325496858674,71.50997150997152
3.950577376256784,71.51402934054978
3.950657012876659,71.51808601538023
3.950782136602185,71.52214153495657
3.9508028576538226,71.5261958997722
3.9509096794151235,71.53024911032028
3.951252268065437,71.53024911032028
3.951266979497779,71.53430116709364
3.9514989003107,71.53835207058489
3.9515571424980003,71.53835207058489
3.9516101687658702,71.53835207058489
3.951622584921463,71.53835207058489
3.9518514556842494,71.53835207058489
3.9520463870625897,71.54240182128629
3.9521037409303177,71.54645041968986
3.9522327452283412,71.55049786628734
3.952496771071729,71.55454416157019
3.952589351724031,71.55454416157019
3.9526447376025655,71.55858930602957
3.952689319106006,71.5626333001564
3.9532616122938866,71.56667614444129
3.9532878909156257,71.57071783937455
3.9533203698123733,71.57475838544627
3.9534236443793476,71.57475838544627
3.9536515485254378,71.57475838544627
3.9537352005823423,71.57879778314623
3.9538562577424274,71.58283603296391
3.953869166656333,71.58283603296391
3.9539372705814055,71.58687313538856
3.953963661535791,71.5909090909091
3.9540153733298693,71.5949439000142
3.9540345273347888,71.59897756319228
3.954103041911903,71.60301008093141
3.9541135065145894,71.60704145371948
3.95413207442869,71.60704145371948
3.954333976466848,71.611071682044
3.9543843847117017,71.61510076639229
3.954399387661432,71.6191287072513
3.9546071150047033,71.62315550510783
3.9547434941353647,71.62718116044829
3.9547569005594947,71.63120567375887
3.9549364430402294,71.63522904552546
3.9549762645596664,71.6392512762337
3.9551336370817247,71.64327236636893
3.9555034254669326,71.64327236636893
3.9555687094368674,71.64729231641623
3.9555947288895394,71.65131112686038
3.955851151429199,71.65131112686038
3.9558666721248783,71.65532879818595
3.9558748164813182,71.65532879818595
3.9559079951819,71.65934533087714
3.9563689704837666,71.66336072541797
3.95639486730962,71.6673749822921
3.956458205603533,71.671388101983
3.9566288187836527,71.671388101983
3.957276232025491,71.6754000849738
3.9573629707762232,71.6754000849738
3.9574886698544094,71.6754000849738
3.9576076988359024,71.6754000849738
3.9576542757747832,71.67941093174738
3.9576832792104732,71.67941093174738
3.9577057434055933,71.68342064278636
3.957881350389427,71.68742921857304
3.958106979799023,71.69143665958953
3.9582011977300393,71.69143665958953
3.958527791845426,71.69544296631759
3.959098411272278,71.69944813923873
3.9593493837662725,71.70345217883418
3.959408923054725,71.70345217883418
3.9594692016236266,71.70345217883418
3.959492417306549,71.70745508558495
3.9595088102654863,71.71145685997172
3.959598524546483,71.7154575024749
3.9597754798542923,71.7154575024749
3.9599090847218466,71.71945701357465
3.959943893139635,71.72345539375088
3.9599925948265358,71.72745264348318
3.9602121111285187,71.72745264348318
3.960286797960034,71.73144876325088
3.9603582087050757,71.73544375353306
3.9603997808201314,71.73943761480854
3.960990302492962,71.7434303475558
3.9610216724418126,71.74742195225315
3.9611224629698225,71.75141242937853
3.9612763930838844,71.7554017794097
3.9614387093650234,71.75939000282406
3.9614489181294448,71.76337710009882
3.961552442445569,71.7673630717109
3.961619773109773,71.77134791813691
3.9619864835969487,71.77134791813691
3.9621579635312347,71.77134791813691
3.9621979381740693,71.77134791813691
3.962357816123711,71.77134791813691
3.9623715085140767,71.77533163985323
3.962374294782387,71.77931423733597
3.9623764920848816,71.78329571106094
3.962412281526376,71.78727606150373
3.9626672898289352,71.79125528913963
3.9627991418713844,71.79125528913963
3.962844430893817,71.79523339444366
3.962888700878795,71.79921037789057
3.9629839786628125,71.79921037789057
3.9630848221992063,71.80318623995488
3.9631554929254373,71.8071609811108
3.9635948947455804,71.81113460183226
3.9637947568431664,71.81510710259302
3.963822745933012,71.81907848386643
3.963849112887812,71.81907848386643
3.9643081348489986,71.82304874612568
3.9644197683503255,71.82701788984363
3.9646670627394265,71.82701788984363
3.9647921930117263,71.83098591549296
3.964800281172564,71.83495282354599
3.9649643002742296,71.8389186144748
3.9652913668750775,71.84288328875124
3.96550330234016,71.84684684684684
3.9656250713561705,71.84684684684684
3.9657124252320934,71.85080928923293
3.965943601800193,71.85477061638052
3.9661538161666083,71.85477061638052
3.966262482336734,71.85873082876037
3.966263751144091,71.86268992684299
3.9662980836459605,71.8666479110986
3.9663580295607743,71.87060478199719
3.96641410705868,71.87456054000843
3.9664342738486855,71.8785151856018
3.9664932886301196,71.88246871924645
3.966716670354452,71.8864211414113
3.966971899731023,71.890372452565
3.966979323230484,71.89432265317595
3.967063979574264,71.89827174371224
3.967271888508192,71.90221972464175
3.9673999321968947,71.90221972464175
3.96740797352009,71.90221972464175
3.967645285174909,71.90221972464175
3.9677011338957535,71.90616659643209
3.9677019433812046,71.91011235955057
3.9677262093049017,71.91405701446426
3.967758998672206,71.91800056164
3.9678006225834372,71.91800056164
3.9683338731117246,71.92194300154429
3.9685988681253535,71.92588433464347
3.9687832543977746,71.9298245614035
3.968856200574791,71.9298245614035
3.968888410816106,71.9337636822902
3.9693033523154617,71.93770169776906
3.9693127368825887,71.93770169776906
3.969371381525544,71.94163860830527
3.9695409603980494,71.94557441436386
3.969757911171969,71.94950911640954
3.9697964450641146,71.95344271490674
3.9698886219667004,71.95737521031968
3.970149259161944,71.96130660311229
3.9702234052085577,71.96523689374825
3.970265615222635,71.96916608269096
3.9704108432994443,71.96916608269096
3.970638068248784,71.96916608269096
3.970830124064311,71.96916608269096
3.9711758679041806,71.96916608269096
3.971215998153874,71.97309417040358
3.9712680678808283,71.97702115734903
3.9714703871167103,71.98094704398991
3.971750049832065,71.98487183078862
3.9717822198211286,71.98879551820728
3.9718333919319786,71.99271810670774
3.971957299708739,71.9966395967516
3.972093971289252,72.00055998880023
3.972176512302021,72.00447928331467
3.972346624040783,72.00447928331467
3.9724640840014893,72.00839748075578
3.972762390463582,72.0123145815841
3.972899768684986,72.01623058625997
3.9729456300567922,72.02014549524343
3.972947564786594,72.02405930899427
3.9730287092187297,72.02405930899427
3.9731062892923,72.02405930899427
3.973108315805369,72.02405930899427
3.973159561249241,72.02797202797203
3.9735030689153588,72.031883652636
3.9735035703806556,72.03579418344519
3.9736886954196717,72.03579418344519
3.9739505258459764,72.03579418344519
3.974038403888788,72.03970362085839
3.9741019061716902,72.04361196533408
3.9741898105878772,72.04751921733053
3.9744719950351017,72.04751921733053
3.9745609947542127,72.05142537730576
3.9745974683072722,72.05142537730576
3.974692400496474,72.05533044571749
3.9747728495151304,72.05533044571749
3.9748475618887777,72.05923442302318
3.974861959284145,72.05923442302318
3.975015593849763,72.06313730968013
3.9750179886095878,72.06703910614524
3.9750890782913566,72.0709398128753
3.9751585494107426,72.07483943032672
3.9751591925418865,72.07873795895574
3.9753081230011906,72.0826353992183
3.97570038009815,72.08653175157013
3.9757574167942504,72.09042701646665
3.975767171810642,72.09432119436305
3.9757784003167376,72.09821428571429
3.9757876462908257,72.09821428571429
3.976058495064354,72.10210629097503
3.9761421637651972,72.10599721059972
3.9761588111499657,72.10988704504253
3.9763405154876357,72.10988704504253
3.9764055144111197,72.11377579475739
3.9764663656017945,72.11377579475739
3.9768496045815707,72.11377579475739
3.9769613005812627,72.11377579475739
3.9777104632884606,72.11766346019797
3.9778550012365317,72.12155004181767
3.978035677794425,72.12543554006969
3.9780811709245874,72.12931995540691
3.9781944153133466,72.133203288282
3.9783181183497094,72.13708553914739
3.9783665036839753,72.14096670845521
3.979100212249687,72.14484679665738
3.9792374424586185,72.14484679665738
3.9794533389054294,72.14484679665738
3.979628194022761,72.14872580420554
3.979882003049155,72.1526037315511
3.980007054539016,72.1526037315511
3.9801233638859994,72.1564805791452
3.980175043150688,72.16035634743875
3.9802046873659727,72.16035634743875
3.980225708133588,72.1642310368824
3.9802724134470964,72.16810464792653
3.980313085714382,72.17197718102129
3.9803451224485693,72.17584863661658
3.980368469211966,72.17971901516206
3.9808710343476816,72.1835883171071
3.9809775840630612,72.18745654290085
3.9810387625251202,72.19132369299221
3.9813941345635193,72.19518976782983
3.9814087288550906,72.19905476786211
3.9817350285373743,72.20291869353717
3.982041797765791,72.20291869353717
3.9820699270782773,72.20678154530295
3.9821817675618987,72.21064332360706
3.9827573542246903,72.21064332360706
3.982973010622827,72.21450402889693
3.983015592424816,72.21836366161966
3.9830805059759236,72.22222222222221
3.9831341052889537,72.22607971115123
3.98330846673195,72.22607971115123
3.983523310158974,72.2299361288531
3.983661873415838,72.23379147577398
3.9837363942508137,72.2376457523598
3.9838255621769534,72.24149895905622
3.9839641028213606,72.24149895905622
3.984168960197592,72.24535109630862
3.984212708244766,72.24920216456223
3.9842723563519447,72.24920216456223
3.9845197422398853,72.24920216456223
3.984620089837635,72.25305216426193
3.984872687605897,72.25690109585241
3.984880060174774,72.26074895977808
3.985110912043504,72.26459575648315
3.9851179607684633,72.26844148641153
3.9851181953218338,72.27228615000693
3.985232811554019,72.27612974771279
3.9853672192910663,72.27997227997228
3.985437606064151,72.28381374722838
3.9855996957487574,72.28765414992378
3.9857503615549863,72.28765414992378
3.985803446926814,72.29149348850098
3.985803899571224,72.29533176340213
3.9859332520443993,72.29533176340213
3.9860474721616095,72.29533176340213
3.986174467053103,72.29533176340213
3.986230219353781,72.29533176340213
3.986316662899646,72.29916897506925
3.9863228509455935,72.30300512394405
3.986329100509954,72.30684021046801
3.9863622754834025,72.31067423508237
3.986417958094403,72.31450719822813
3.986577767169303,72.31833910034602
3.9869389132750905,72.31833910034602
3.987095913792257,72.32216994187655
3.987110131235305,72.32599972326
3.9872713435809004,72.32982844493637
3.987496916102825,72.3336561073454
3.9876027131144345,72.3374827109267
3.987810476443935,72.34130825611949
3.987898457019773,72.34513274336283
3.9882123911181453,72.34513274336283
3.988290621633602,72.34895617309553
3.988339373203159,72.35277854575615
3.9885223755578396,72.356599861783
3.9886919295609355,72.36042012161415
3.9888336014050227,72.36423932568744
3.989345381439453,72.36805747444045
3.989458623422773,72.37187456831053
3.9897097315095706,72.37569060773481
3.9897942252634406,72.37950559315011
3.990252938663241,72.3833195249931
3.9903622440968283,72.38713240370012
3.9903654708078466,72.39094422970734
3.990418191510227,72.39475500345065
3.9904421968431514,72.39856472536572
3.990555083644903,72.39856472536572
3.9906471952729405,72.40237339588795
3.9907567350512707,72.40618101545255
3.9912641951023122,72.40618101545255
3.9912988446703137,72.40998758449442
3.9913400173694376,72.41379310344827
3.991358791258953,72.41759757274858
3.991537799415932,72.42140099282956
3.991772567223205,72.4252033641252
3.991888414436649,72.4290046870692
3.991899962181215,72.4328049620951
3.9919320529575817,72.43660418963617
3.992064144979487,72.4404023701254
3.992745613958396,72.44419950399559
3.992862670924808,72.44799559167929
3.992893570993936,72.45179063360881
3.9930564133351143,72.45558463021622
3.993138575990464,72.45558463021622
3.9931561933403015,72.45937758193335
3.9932677287180462,72.4631694891918
3.9932889286186746,72.4669603524229
3.9934110697451435,72.4707501720578
3.9935080251615966,72.4745389485274
3.9936139087693014,72.47832668226228
3.9938529447061826,72.4821133736929
3.993854146233282,72.4821133736929
3.99386787062707,72.48589902324942
3.993873267121082,72.48968363136176
3.994000419759716,72.49346719845964
3.994154432022174,72.4972497249725
3.9945259403644124,72.50103121132958
3.994551223683347,72.50481165795986
3.9945892422981837,72.50481165795986
3.994630483717849,72.5085910652921
3.994804042312971,72.51236943375481
3.994949650230742,72.51614676377628
3.9950181985755573,72.51992305578455
3.9959717656739477,72.52369831020744
3.9959751369723717,72.52747252747253
3.9963021526903213,72.53124570800715
3.9964479993208,72.5350178522384
3.996456287631645,72.53878896059317
3.9964663993565854,72.54255903349808
3.996472168640368,72.54255903349808
3.9965046472759505,72.54632807137955
3.996613473662434,72.55009607466374
3.9966184295413165,72.55386304377659
3.996807722241082,72.55386304377659
3.9968449341906527,72.5576289791438
3.9968828273042183,72.56139388119084
3.996909914789202,72.56515775034293
3.996951866482758,72.56515775034293
3.997051621576552,72.5689205870251
3.997132390352561,72.57268239166208
3.9972427345591446,72.57644316467847
3.99739333816025,72.5802029064985
3.997546234912281,72.5802029064985
3.997702031324651,72.58396161754627
3.9978866391339563,72.58396161754627
3.997976281441134,72.58771929824562
3.998006419947413,72.59147594902015
3.998244714314327,72.59523157029322
3.9982806042750525,72.59898616248802
3.998376892073304,72.59898616248802
3.9984151343725296,72.59898616248802
3.9984494912307498,72.6027397260274
3.998630652874007,72.60649226133407
3.998682784080936,72.60649226133407
3.998708149932545,72.60649226133407
3.9987215434242542,72.60649226133407
3.9988079114542483,72.61024376883046
3.9988751146890182,72.6139942489388
3.999216512900942,72.6139942489388
3.999282807976852,72.6139942489388
3.9993529268553965,72.61774370208104
3.999524690431518,72.621492128679
3.9995391901218214,72.62523952915411
3.9997468789052326,72.62523952915411
4.000046093112831,72.62898590392774
4.000133451715604,72.62898590392774
4.000174018759569,72.62898590392774
4.0002480684854955,72.63273125342091
4.00061211957217,72.63647557805444
4.000858811786103,72.64021887824897
4.0009426487141795,72.64396115442484
4.00126728336612,72.64770240700219
4.001502453924155,72.64770240700219
4.001567323494733,72.64770240700219
4.001616328443299,72.65144263640093
4.0017882026233895,72.65518184304074
4.002116345958106,72.65518184304074
4.002277177742043,72.65892002734108
4.0022880270609065,72.66265718972116
4.002598196127435,72.66265718972116
4.002765032724227,72.66639333059997
4.003068068850385,72.67012845039629
4.003168783399315,72.67386254952862
4.003196261196542,72.67386254952862
4.003382935461143,72.6775956284153
4.003412412185868,72.68132768747438
4.003581157832148,72.68132768747438
4.003658633028725,72.68505872712375
4.00399040880543,72.68878874778096
4.004022774296755,72.69251774986346
4.004087335606189,72.6962457337884
4.004114069336258,72.6999726999727
4.004166872300501,72.6999726999727
4.004252541665652,72.70369864883308
4.004379993740237,72.70742358078603
4.004443534286687,72.71114749624779
4.00476833638664,72.71487039563438
4.0048029790258735,72.71859227936162
4.004884408134241,72.72231314784506
4.004963993152515,72.72231314784506
4.00501453045404,72.72603300150007
4.005084705277761,72.72975184074176
4.005174287263469,72.73346966598501
4.005308377977504,72.73718647764449
4.005600933309639,72.73718647764449
4.005845373566149,72.73718647764449
4.005879523760469,72.73718647764449
4.005883174020672,72.74090227613466
4.0060553594303645,72.74461706186972
4.006123885072908,72.74461706186972
4.006197141968466,72.74833083526366
4.006219806554822,72.75204359673025
4.006278213590194,72.75575534668302
4.006383132073779,72.75946608553528
4.006411679217971,72.75946608553528
4.0064331088928675,72.75946608553528
4.006467837062735,72.76317581370012
4.006562812057386,72.76317581370012
4.006642377907884,72.76688453159042
4.00712593220204,72.7705922396188
4.00716976695418,72.77429893819766
4.007646179291284,72.77800462773921
4.007716015866075,72.78170930865542
4.00773225034877,72.78170930865542
4.007863549771527,72.78541298135801
4.008110822157862,72.78541298135801
4.0081181946181355,72.78911564625851
4.008176802444693,72.7928173037682
4.008262730332088,72.79651795429814
4.008396276898205,72.80021759825921
4.008526091538693,72.80391623606201
4.008776242170249,72.80761386811693
4.0088610658613835,72.81131049483415
4.008963846779821,72.81500611662362
4.009300371137391,72.81500611662362
4.0094564534056305,72.81870073389508
4.009458510073965,72.82239434705802
4.0096405460316955,72.82608695652173
4.009677460671782,72.8297785626953
4.009749783807122,72.83346916598751
4.009773852159686,72.83715876680701
4.009960104076125,72.84084736556218
4.0104938304534645,72.84084736556218
4.010498296790729,72.84453496266123
4.010508771206916,72.84822155851208
4.010570730790567,72.85190715352246
4.01058491409335,72.85190715352246
4.010595295528224,72.8555917480999
4.010645886094386,72.8555917480999
4.010704146082824,72.85927534265166
4.011081201732309,72.86295793758481
4.011163277151127,72.8666395333062
4.011872849070261,72.87032013022247
4.011923234120983,72.87399972874
4.011975055327331,72.87399972874
4.012076196971145,72.87767832926498
4.012154437309362,72.87767832926498
4.012171205472108,72.88135593220339
4.012419613462935,72.88503253796095
4.012622318795888,72.88503253796095
4.01275944730291,72.88503253796095
4.012777968751844,72.88503253796095
4.0130458017451485,72.8887081469432
4.013063697189099,72.89238275955543
4.013095528792724,72.89605637620274
4.013102441995569,72.89972899728997
4.013461287013263,72.90340062322178
4.013563383691255,72.9070712544026
4.013899825881587,72.9070712544026
4.013921264684765,72.91074089123663
4.014136061742286,72.91440953412784
4.014408960205445,72.91807718348002
4.014746973097812,72.92174383969673
4.014792133787035,72.92540950318126
4.014849173363711,72.92540950318126
4.014975271188227,72.92907417433676
4.015067343010892,72.93273785356611
4.0151301245579925,72.93640054127198
4.015188373295902,72.94006223785685
4.015211785257189,72.94372294372295
4.015256676232309,72.9473826592723
4.015264985944664,72.95104138490667
4.0155488486342685,72.95104138490667
4.015556535234275,72.95469912102772
4.015816558659747,72.95835586803678
4.015932654800943,72.962011626335
4.015991288303029,72.96566639632333
4.016011956638402,72.96932017840248
4.016118963422784,72.97297297297297
4.01616536975663,72.97662478043507
4.0162867333594034,72.98027560118886
4.01638187730712,72.9839254356342
4.016501004866419,72.98757428417072
4.016524243956954,72.99122214719785
4.016621672681795,72.99486902511477
4.017027294497667,72.99851491832051
4.017079317766931,72.99851491832051
4.017102779561364,73.00215982721382
4.017240650004497,73.00580375219327
4.017368239650484,73.00944669365722
4.01747153963893,73.00944669365722
4.017534141270462,73.01308865200377
4.017651457480129,73.01672962763087
4.017658583332971,73.0203696209362
4.018001281664672,73.02400863231723
4.018035632146634,73.02764666217128
4.018276023551811,73.02764666217128
4.018643479345116,73.03128371089535
4.018672541557048,73.03491977888635
4.018816422865234,73.03491977888635
4.018961095045452,73.03855486654085
4.018972826820159,73.0421889742553
4.019013412969179,73.0421889742553
4.019029565495661,73.0421889742553
4.0190670672276,73.04582210242587
4.019244714658117,73.04945425144858
4.019331963950259,73.05308542171922
4.0194024244800195,73.0567156136333
4.019598296032366,73.0603448275862
4.019773924895491,73.0603448275862
4.019821372385517,73.06397306397307
4.019842014173197,73.0676003231888
4.020000038529402,73.07122660562811
4.0200122300661905,73.07485191168551
4.020069615177188,73.07847624175528
4.021012719837471,73.0820995962315
4.021072558001711,73.08572197550801
4.021131765652027,73.08572197550801
4.021280280885187,73.08572197550801
4.021280474065421,73.08572197550801
4.021285024842323,73.08934337997847
4.0213179237932275,73.09296381003632
4.021442985460584,73.09658326607479
4.021482489844727,73.10020174848688
4.0216200226022005,73.10381925766542
4.0217794141407515,73.10743579400297
4.021927779874832,73.11105135789191
4.022071050599554,73.11105135789191
4.022071233569333,73.11466594972443
4.022263003659124,73.11827956989248
4.0223945127934915,73.11827956989248
4.022566811014337,73.11827956989248
4.022603262080442,73.11827956989248
4.022703823385491,73.11827956989248
4.022712995608174,73.12189221878779
4.022724036278841,73.12550389680193
4.022953081600657,73.12911460432622
4.0230274491751015,73.13272434175174
4.023349738944466,73.13272434175174
4.0234586402735975,73.13633310946945
4.023529204433982,73.13633310946945
4.0239727516420265,73.13994090787
4.024277858505843,73.1435477373439
4.024412721100681,73.14715359828142
4.024608852579228,73.15075849107264
4.0247934742244205,73.15436241610739
4.025240232916208,73.15796537377534
4.025499373250732,73.15796537377534
4.02585320305607,73.16156736446592
4.025858642179533,73.16516838856836
4.025895466575463,73.16516838856836
4.025939662825209,73.16876844647169
4.026151283360473,73.16876844647169
4.026158625470632,73.17236753856471
4.026241278926515,73.17596566523605
4.026429547555538,73.17956282687408
4.02665129840743,73.18315902386698
4.026715642787626,73.18315902386698
4.027059554112782,73.18675425660275
4.027071338397875,73.19034852546918
4.027082102654528,73.19034852546918
4.027101390136091,73.19034852546918
4.027187563369625,73.19394183085377
4.027230153941674,73.19753417314394
4.027297737818363,73.2011255527268
4.027813935447062,73.20471596998928
4.028005968645676,73.20830542531816
4.02802279259601,73.21189391909992
4.028597139891185,73.2154814517209
4.02868172386568,73.21906802356722
4.028816101204795,73.22265363502477
4.028922459930524,73.22623828647924
4.0289413190764884,73.22982197831615
4.029026125446867,73.23340471092077
4.029156171201515,73.23340471092077
4.029234664565482,73.23340471092077
4.02955618372443,73.23698648467818
4.0296050415854365,73.23698648467818
4.029898708180573,73.24056729997324
4.029998866579178,73.24056729997324
4.0301983127976975,73.24056729997324
4.030420645746924,73.24414715719062
4.0304480439762065,73.24414715719062
4.0307013533102225,73.24772605671482
4.03084040658966,73.24772605671482
4.030885031695083,73.25130399893006
4.030975089340617,73.25488098422038
4.031141188868322,73.25845701296964
4.0312027648827495,73.2620320855615
4.03133392430875,73.26560620237936
4.031449860838714,73.26917936380647
4.0318128741138715,73.27275157022585
4.031900501253492,73.27632282202032
4.03199251019215,73.27632282202032
4.0320471997051195,73.27989311957248
4.0322123856077,73.28346246326475
4.032218914536963,73.28346246326475
4.032248986339124,73.28703085347937
4.032311534959405,73.28703085347937
4.032313190003632,73.29059829059828
4.0324557035568365,73.29416477500334
4.032501437207833,73.29773030707611
4.032654057797815,73.30129488719798
4.032779606435271,73.30485851575014
4.032924263372378,73.30842119311357
4.033147117177102,73.31198291966908
4.03356789963429,73.3155436957972
4.033619620586595,73.31910352187833
4.033647292322303,73.31910352187833
4.033821690731319,73.32266239829265
4.033822407329414,73.32622032542011
4.034072564084054,73.32977730364048
4.034175846831798,73.33333333333333
4.0342365085169805,73.33688841487802
4.034758042011173,73.3404425486537
4.034904091418285,73.34399573503931
4.0349352648767125,73.34754797441366
4.035047598401424,73.35109926715523
4.035049970122056,73.35464961364242
4.035101131451945,73.35819901425337
4.035501144381419,73.35819901425337
4.0356693334682765,73.36174746936601
4.035796169650655,73.36174746936601
4.035899521946883,73.36174746936601
4.036092014442012,73.36529497935811
4.036223995551259,73.36884154460719
4.036437786853216,73.37238716549062
4.036689108406314,73.37593184238551
4.036731910902001,73.37947557566883
4.0367908495229265,73.37947557566883
4.037669809352953,73.37947557566883
4.037732996047233,73.38301836571732
4.037933182139088,73.38656021290751
4.038087585371238,73.38656021290751
4.038203011552275,73.39010111761576
4.038299662070803,73.39010111761576
4.0383169033849144,73.39364108021817
4.038465305885373,73.39718010109073
4.038548600320444,73.40071818060913
4.038572932797783,73.40071818060913
4.038615719476613,73.40425531914893
4.0386667128716365,73.4077915170855
4.038766595210748,73.4077915170855
4.038829123444819,73.41132677479393
4.038839094055233,73.4148610926492
4.038862772266795,73.41839447102605
4.0391004883196855,73.421926910299
4.03919050468735,73.421926910299
4.039308894362818,73.421926910299
4.039335220764207,73.421926910299
4.039427166272367,73.42545841084241
4.039521907086996,73.42898897303043
4.039582690356193,73.43251859723698
4.039658602064469,73.43604728383583
4.039665466490235,73.43957503320053
4.039736609220557,73.44310184570442
4.039757658732017,73.44662772172066
4.039846067502915,73.4501526616222
4.03986095033239,73.45367666578179
4.039866004913731,73.457199734572
4.039914345318475,73.457199734572
4.039973936603472,73.46072186836517
4.039981217702993,73.4642430675335
4.040195434234901,73.46776333244892
4.040636021215073,73.47128266348322
4.0406686463531125,73.47480106100795
4.040866135966332,73.47831852539451
4.040971649439895,73.48183505701405
4.041143933907892,73.48183505701405
4.04119752867879,73.48535065623757
4.0413138217018485,73.48886532343585
4.04152980724004,73.49237905897945
4.0417525470595805,73.49589186323881
4.041908193467058,73.49940373658407
4.041987577832966,73.50291467938527
4.042066464052256,73.50642469201219
4.042138058648091,73.50642469201219
4.042139849075894,73.50993377483444
4.042272044014142,73.51344192822143
4.042330872822356,73.51344192822143
4.042334800114745,73.51694915254238
4.042476656373049,73.52045544816629
4.04260701098007,73.523960815462
4.042693454263674,73.523960815462
4.04278209537237,73.52746525479816
4.042864743363148,73.53096876654315
4.042887486260591,73.53447135106524
4.042898496207612,73.53797300873246
4.042907445130668,73.54147373991269
4.043281249257565,73.54497354497354
4.043302943243184,73.54497354497354
4.043364936354667,73.54847242428251
4.043395715266454,73.55197037820682
4.043488365783673,73.55197037820682
4.043508256175179,73.55197037820682
4.043766116541247,73.55197037820682
4.043796426951135,73.55546740711358
4.043801677247935,73.55546740711358
4.044016641227803,73.55546740711358
4.044121567790285,73.55896351136964
4.044214335704741,73.5624586913417
4.044232155346982,73.56595294739626
4.044597686262861,73.56944627989957
4.045019047744501,73.56944627989957
4.045231804340824,73.57293868921776
4.04549298234304,73.57643017571674
4.045678904144684,73.57992073976222
4.045722269846585,73.58341038171972
4.045900611809561,73.58689910195457
4.046095847796196,73.5903869008319
4.0462001110645565,73.5903869008319
4.046414767861623,73.59387377871667
4.046791928941226,73.5973597359736
4.047196031661564,73.60084477296726
4.047197845860871,73.60432889006204
4.0472256193,73.60432889006204
4.047682722802403,73.60432889006204
4.047707859137314,73.60781208762207
4.047778961369672,73.61129436601135
4.04790863428753,73.61477572559367
4.048297158081341,73.61477572559367
4.048918697296599,73.61825616673262
4.048983742503815,73.6217356897916
4.049039802462092,73.62521429513386
4.0491613248679545,73.62521429513386
4.049277702132822,73.62869198312237
4.049373155243619,73.63216875411997
4.049671092833388,73.63564460848933
4.049682508083464,73.63564460848933
4.049711781221127,73.63911954659285
4.049739245885759,73.64259356879283
4.049741716188209,73.64606667545132
4.049762622544883,73.64953886693017
4.049770916035275,73.65301014359109
4.0498605407957315,73.65301014359109
4.0499866320489994,73.65648050579557
4.050026303446139,73.65994995390491
4.050125392531648,73.65994995390491
4.05064385789705,73.66341848828021
4.050703280018014,73.66688610928243
4.051071237104481,73.67035281727225
4.051226652106279,73.67035281727225
4.051474225392523,73.67381861261025
4.051532280996275,73.67728349565675
4.051678499785217,73.68074746677195
4.052037461167278,73.68421052631578
4.052202952975421,73.68767267464807
4.052207053416944,73.6911339121284
4.052238919914758,73.69459423911614
4.052329336842847,73.69805365597054
4.0523606329527295,73.70151216305062
4.052444805390081,73.70496976071522
4.052873013407874,73.708426449323
4.052925475548381,73.71188222923239
4.052941979310793,73.71533710080168
4.0530194793858225,73.71879106438897
4.053362195202574,73.72224412035212
4.0533987236638,73.72569626904887
4.053461868582919,73.72914751083673
4.053479087370177,73.73259784607302
4.053486215791772,73.7360472751149
4.05350430952946,73.73949579831933
4.053627254640197,73.73949579831933
4.053729326626661,73.74294341604306
4.053863206752046,73.74294341604306
4.053983925061004,73.74294341604306
4.054330177662172,73.74639012864269
4.054334789193758,73.74983593647461
4.0543383930586,73.75328083989501
4.054479708683776,73.75328083989501
4.054595226471061,73.75672483925993
4.054738028536861,73.76016793492522
4.054961864136677,73.76016793492522
4.05499757352984,73.7636101272465
4.055210725544996,73.76705141657922
4.055263851747596,73.77049180327869
4.055368286693218,73.77393128769998
4.055547749548473,73.77736987019799
4.055557860263038,73.78080755112742
4.055725569540099,73.78080755112742
4.0557435930004,73.78080755112742
4.0558777306078,73.78424433084284
4.055910728999023,73.78768020969856
4.0560173662484145,73.79111518804875
4.056034317767318,73.79111518804875
4.056058080571227,73.79454926624737
4.056088332298379,73.79798244464824
4.056242543676049,73.80141472360494
4.056289005135637,73.80484610347085
4.056347107291438,73.80827658459927
4.056411312215082,73.80827658459927
4.056531776798075,73.81170616734319
4.056842656481382,73.81170616734319
4.057077190223041,73.81170616734319
4.0571219465443145,73.81170616734319
4.057295004905583,73.81513485205551
4.057455807203566,73.81513485205551
4.057471053105151,73.81856263908888
4.057637197951314,73.82198952879581
4.057646718064829,73.82198952879581
4.058047804878699,73.82198952879581
4.058059532948987,73.8254155215286
4.058128730247388,73.82884061763936
4.058208660693474,73.82884061763936
4.058367406600767,73.83226481748004
4.058475802659597,73.83568812140241
4.058639539965476,73.83911052975802
4.058927529613483,73.84253204289824
4.059011663938735,73.84595266117432
4.059020031989298,73.84595266117432
4.05948698613601,73.84937238493724
4.059784406623757,73.85279121453785
4.059991758317699,73.8562091503268
4.0602651757868005,73.85962619265456
4.060579947909808,73.85962619265456
4.060697866102824,73.85962619265456
4.061016278679976,73.8630423418714
4.061113086024452,73.8630423418714
4.061280794179671,73.86645759832746
4.061293496858183,73.86645759832746
4.061304031992257,73.86987196237261
4.061334417724973,73.87328543435663
4.061574294063868,73.87669801462906
4.061733485704728,73.87669801462906
4.062115219428319,73.87669801462906
4.062168797327873,73.88010970353925
4.062211527654875,73.88352050143641
4.0627403980729,73.88693040866954
4.062850047585987,73.89033942558747
4.062887033448219,73.89374755253884
4.062911649241863,73.8971547898721
4.063221312737402,73.90056113793554
4.06342626410771,73.90396659707724
4.063495262031065,73.90737116764514
4.063553940085181,73.91077484998696
4.063671985621171,73.91417764445023
4.063807028762465,73.91757955138237
4.0638607302282805,73.92098057113053
4.06394814347173,73.92438070404172
4.064267327185707,73.92777995046278
4.064285709997934,73.93117831074035
4.064377470617686,73.9345757852209
4.064399467647111,73.93797237425072
4.064521523561779,73.9413680781759
4.064596491649767,73.94476289734236
4.064609615494876,73.94815683209586
4.064654233744567,73.95154988278198
4.064687453610364,73.95494204974607
4.064913048713265,73.95833333333334
4.065095579954693,73.96172373388882
4.0651692480927215,73.96172373388882
4.065242976137336,73.96511325175736
4.065422577509088,73.96511325175736
4.065428547056603,73.96511325175736
4.065526904036514,73.96850188728361
4.065546363822161,73.97188964081207
4.065634256320024,73.97527651268705
4.06565318896667,73.97866250325266
4.06567335301324,73.98204761285287
4.06573580333458,73.98543184183143
4.065776379321136,73.98881519053194
4.0663748946420375,73.99219765929779
4.0663990697243495,73.99219765929779
4.066595724446074,73.99219765929779
4.066628811328138,73.99557924847224
4.066687722446068,73.99557924847224
4.066894431408995,73.99895995839833
4.06703200289675,74.00233978941895
4.06708542649448,74.00571874187679
4.067138336446486,74.00909681611436
4.067160151048579,74.01247401247402
4.067212862546677,74.01585033129791
4.067225970043904,74.01922577292804
4.06730030546135,74.0226003377062
4.067674311014059,74.02597402597402
4.0678653371575235,74.02934683807297
4.067884489447167,74.03271877434433
4.068137815315505,74.03608983512918
4.068226292986937,74.03608983512918
4.068286364724384,74.03946002076843
4.068577647398031,74.04282933160286
4.068732027219464,74.04619776797301
4.068882255374119,74.04956533021928
4.068886513949457,74.0529320186819
4.069024181078797,74.05629783370087
4.069122550563214,74.05966277561609
4.069186062089059,74.06302684476721
4.069329398761382,74.06302684476721
4.069346787458268,74.06302684476721
4.069491794140876,74.06639004149378
4.06950222167998,74.0697523661351
4.0695903533907964,74.0697523661351
4.069638343594906,74.07311381903034
4.069657245120085,74.07647440051846
4.0697096135404145,74.07983411093831
4.069799728559055,74.08319295062849
4.070013156778012,74.08655091992745
4.070312510905474,74.08655091992745
4.070324317679461,74.08990801917346
4.070582868285933,74.09326424870466
4.070777772082319,74.09661960885896
4.070990190768089,74.09997409997409
4.071216407712113,74.10332772238768
4.071354928805681,74.10332772238768
4.0716563315734176,74.10668047643708
4.072081270933499,74.11003236245955
4.072176822560498,74.11338338079213
4.0723085515950626,74.1167335317717
4.072338335040779,74.12008281573499
4.072445662714759,74.1234312330185
4.072477762891475,74.1267787839586
4.072514264559966,74.13012546889148
4.072676705023628,74.13347128815313
4.072861690838198,74.13681624207939
4.073024927606382,74.14016033100594
4.073182585676696,74.14350355526827
4.0733561017115845,74.14684591520165
4.073466549401265,74.15018741114126
4.073569418239584,74.15352804342207
4.073583074656348,74.15686781237886
4.073609418175519,74.15686781237886
4.073878343758994,74.16020671834626
4.073914729398334,74.1635447616587
4.074257539012387,74.16688194265048
4.0745092282669795,74.17021826165569
4.0746434839887415,74.17355371900827
4.07522636569064,74.17355371900827
4.075474347728048,74.17688831504196
4.075514083475656,74.17688831504196
4.075555625151476,74.18022205009038
4.075559003216531,74.1835549244869
4.075816509883045,74.18688693856478
4.075981438899894,74.18688693856478
4.076106461085969,74.19021809265712
4.076516630820844,74.19354838709677
4.076688185434339,74.19687782221649
4.0769098830315125,74.19687782221649
4.077135548480988,74.19687782221649
4.077168590901007,74.20020639834881
4.077228044373339,74.20020639834881
4.077357260795269,74.20353411582613
4.0773830511969775,74.20353411582613
4.07754734612826,74.20686097498066
4.077679992366968,74.21018697614443
4.077702978795568,74.21351211964931
4.077733301921702,74.216836405827
4.077886169989742,74.216836405827
4.077887496011123,74.22015983500903
4.0780272506432365,74.22015983500903
4.0781195328993975,74.22348240752675
4.078234297939692,74.22348240752675
4.078250054028405,74.22680412371135
4.078362254560861,74.22680412371135
4.078515055057175,74.23012498389383
4.0786563731364645,74.23344498840505
4.078834644955835,74.23344498840505
4.078973212551314,74.23676413757569
4.079048982037397,74.23676413757569
4.079143539673648,74.23676413757569
4.079329134781748,74.24008243173623
4.079445942066834,74.243399871217
4.0795410861138865,74.243399871217
4.079616976835566,74.243399871217
4.079683323434352,74.24671645634818
4.080247021828823,74.25003218745977
4.0803310754980995,74.25334706488157
4.080438795544125,74.25666108894323
4.080497022441457,74.25997425997426
4.080889681863857,74.26328657830396
4.080896394057585,74.26659804426146
4.0809469301482775,74.26990865817574
4.081135708283813,74.27321842037561
4.081252530880948,74.27321842037561
4.081290937468392,74.27652733118971
4.081391373253375,74.2798353909465
4.081472226807353,74.28314259997428
4.081529973952042,74.28644895860118
4.081968685292392,74.28975446715516
4.082007899435828,74.293059125964
4.0820602797620325,74.29636293535535
4.082150015598319,74.29636293535535
4.082283843697205,74.29636293535535
4.082505953198299,74.29966589565664
4.082512312236998,74.30296800719518
4.08262736521716,74.30296800719518
4.082875472451418,74.30296800719518
4.0829753607454276,74.30626927029805
4.083626082129718,74.30956968529223
4.08381086723566,74.30956968529223
4.083823602049299,74.3128692525045
4.084078399312728,74.31616797226145
4.084182848798547,74.31946584488958
4.084262972485222,74.31946584488958
4.084356784142829,74.32276287071511
4.084378170342381,74.32605905006419
4.084488543684917,74.32935438326274
4.084651575561399,74.33264887063655
4.0848372416408925,74.33264887063655
4.08508867945692,74.33594251251124
4.08534232249952,74.33923530921221
4.085573390965702,74.34252726106479
4.085578014302851,74.34581836839405
4.085648665146208,74.34910863152494
4.085676551427026,74.35239805078226
4.085778813722148,74.35568662649058
4.086077248764127,74.35897435897436
4.086217862798733,74.36226124855789
4.0863580410357585,74.36554729556524
4.086384006937745,74.3688325003204
4.086510615995423,74.37211686314711
4.086512187523993,74.375400384369
4.086585318624097,74.3786830643095
4.086802264742329,74.38196490329192
4.0868248090134385,74.38196490329192
4.086997238163346,74.38524590163934
4.087166009851073,74.38524590163934
4.087367347480008,74.38852605967473
4.087625995063591,74.38852605967473
4.087654325552762,74.39180537772087
4.087655820529369,74.39180537772087
4.08766803750415,74.39508385610037
4.087699622852292,74.39508385610037
4.087809913320154,74.39836149513569
4.087845483900377,74.40163829514911
4.088015809860469,74.40491425646276
4.088027528246705,74.40818937939859
4.088184193839167,74.4114636642784
4.088199464859428,74.41473711142382
4.088372595756324,74.41800972115631
4.088486159889475,74.42128149379717
4.0886349197774265,74.42455242966753
4.088649470860451,74.42782252908835
4.088843676762494,74.43109179238047
4.088895158352127,74.4343602198645
4.088948805095589,74.43762781186093
4.0890354964046915,74.4408945686901
4.089114027696688,74.4408945686901
4.089423065002979,74.44416049067212
4.0894348872780375,74.447425578127
4.089489562823399,74.45068983137455
4.089603834744933,74.45068983137455
4.089732411476372,74.45395325073446
4.089802385899701,74.45721583652617
4.089958072097651,74.46047758906909
4.0899989131920576,74.46047758906909
4.090023594642939,74.46373850868233
4.090217088398793,74.46699859568491
4.090528026503599,74.47025785039571
4.090659166255468,74.47351627313338
4.090864279080911,74.47677386421644
4.091204032764285,74.47677386421644
4.091406320738704,74.48003062396326
4.091652681616774,74.48328655269202
4.092153716058183,74.48328655269202
4.092203984500503,74.48328655269202
4.0922480624567665,74.48328655269202
4.092303388882352,74.48654165072075
4.092305403390001,74.48979591836735
4.092757737970037,74.4930493559495
4.092812980199904,74.49630196378475
4.092846501800433,74.49955374219049
4.09296313971211,74.50280469148393
4.0929769997551375,74.50605481198215
4.093079313155094,74.50930410400204
4.09313201993539,74.51255256786033
4.093520670032762,74.5158002038736
4.0938632072118795,74.51904701235826
4.093874968372566,74.52229299363057
4.093916072447087,74.52553814800662
4.094065615758944,74.52878247580234
4.094113885604244,74.5320259773335
4.094197226348852,74.5352686529157
4.09427039439975,74.53851050286443
4.094392459914374,74.54175152749491
4.094478221554564,74.54499172712231
4.094690278138752,74.54823110206159
4.094710108661083,74.55146965262756
4.094760882159855,74.55470737913485
4.094792754327856,74.55794428189797
4.095134481701613,74.56118036123124
4.095232421807934,74.56118036123124
4.095480391451363,74.56118036123124
4.095496012369072,74.56441561744882
4.095563534131885,74.5676500508647
4.095652949105446,74.57088366179275
4.095700667677511,74.57411645054665
4.095704259965898,74.57734841743994
4.095881433434315,74.58057956278597
4.096120667646554,74.58380988689795
4.096237018323124,74.58703939008895
4.096289143420616,74.58703939008895
4.096291687664183,74.59026807267183
4.096392578304347,74.59349593495935
4.09639550338244,74.59672297726406
4.096642390735583,74.59994919989839
4.0966594107928325,74.60317460317461
4.096740405292697,74.60317460317461
4.096815595928756,74.60317460317461
4.0968718665782635,74.60639918740478
4.096876246644832,74.60962295290085
4.096904977594362,74.60962295290085
4.097007511282267,74.61284589997462
4.097118239522159,74.61284589997462
4.097366096986741,74.61606802893769
4.097375522442968,74.61928934010153
4.097460750451304,74.62250983377744
4.097527724778667,74.62572951027659
4.097598010882361,74.62572951027659
4.097690050665601,74.62894836990993
4.097918751418327,74.63216641298833
4.098000982942182,74.63538363982245
4.098159134499192,74.63538363982245
4.098179025237821,74.6386000507228
4.098188695236942,74.64181564599974
4.098293388600908,74.64503042596348
4.098299386291989,74.64503042596348
4.098400027717738,74.64824439092406
4.098629055365703,74.64824439092406
4.098926345758415,74.65145754119138
4.099012103645295,74.65466987707515
4.099035869854794,74.65788139888495
4.099222677985853,74.6610921069302
4.099307040344334,74.6610921069302
4.099330203300731,74.66430200152014
4.099355123009607,74.66430200152014
4.099386561692082,74.66430200152014
4.099452651461494,74.6675110829639
4.099483300129618,74.67071935157041
4.100225674682529,74.67392680764847
4.100388715765958,74.6771334515067
4.100594729702177,74.6803392834536
4.1006719066217965,74.68354430379746
4.100708500972736,74.68674851284648
4.100786762300765,74.68995191090862
4.1008455457923745,74.69315449829179
4.1009642298099305,74.69315449829179
4.101106795206194,74.69635627530364
4.1013267966038605,74.69635627530364
4.101539734152446,74.69635627530364
4.101549418895508,74.69955724225173
4.101554542618372,74.70275739944347
4.101595018734357,74.70595674718604
4.101638642607628,74.70915528578655
4.101641134976012,74.7123530155519
4.101782010351437,74.71554993678888
4.101893142977433,74.71874604980407
4.102197758086274,74.72194135490395
4.10239868371998,74.7251358523948
4.102458231738164,74.7251358523948
4.102496003478157,74.7251358523948
4.102772042347065,74.7251358523948
4.10282304103709,74.72832954258276
4.10320736211171,74.73152242577385
4.1033096387681,74.73471450227387
4.103448890240793,74.73790577238853
4.103534969460758,74.73790577238853
4.10357753533939,74.74109623642335
4.103706578940872,74.74109623642335
4.103935261655601,74.74428589468367
4.103964287437137,74.74747474747475
4.104172540359162,74.75066279510163
4.1042176311458505,74.75066279510163
4.1042656816351855,74.75066279510163
4.104313555071724,74.75385003786923
4.104708205912238,74.75703647608229
4.104742377837271,74.76022211004543
4.104758652308629,74.76022211004543
4.104887066008179,74.76022211004543
4.104890989071339,74.76340694006309
4.1048958240233135,74.76659096643957
4.1049100359425,74.769774189479
4.105017344151556,74.77295660948536
4.105108688904976,74.77295660948536
4.105119670794137,74.77613822676251
4.105224653181613,74.77931904161412
4.105229923524345,74.7824990543437
4.105555846611831,74.78567826525466
4.105636164647016,74.78567826525466
4.105750347730681,74.78885667465019
4.105755853751629,74.79203428283337
4.105857595375511,74.79521109010712
4.106059013482813,74.79838709677419
4.106080921674072,74.79838709677419
4.106087184166887,74.8015623031372
4.106128581570816,74.80473670949861
4.106139431530435,74.80791031616073
4.106195450694136,74.80791031616073
4.10619731518613,74.81108312342569
4.106327194450055,74.81108312342569
4.106586301309332,74.81425513159552
4.106601607318469,74.81425513159552
4.106769196129164,74.81742634097205
4.106797615119665,74.82059675185698
4.106799920294779,74.82376636455186
4.107049347813627,74.82693517935809
4.107050897976147,74.83010319657689
4.107061760519376,74.83010319657689
4.10719874857232,74.83327041650938
4.107240329849681,74.83643683945647
4.107241077932739,74.83643683945647
4.107365059800432,74.83643683945647
4.107619886932232,74.83960246571895
4.107941992119588,74.84276729559748
4.107945784485073,74.84593132939253
4.108056578165481,74.84593132939253
4.10896006448682,74.84593132939253
4.108996759389142,74.84909456740442
4.109172446901639,74.84909456740442
4.109201783791946,74.85225700993335
4.109289497571381,74.85541865727936
4.109509809217118,74.8585795097423
4.109722825680084,74.86173956762192
4.109724403976444,74.8648988312178
4.110077234010171,74.86805730082935
4.1102406918985475,74.87121497675588
4.110261376700224,74.87437185929649
4.110661213349808,74.87752794875016
4.110702238773715,74.88068324541572
4.1107413847538,74.88068324541572
4.110882723423998,74.88383774959186
4.111117109313602,74.8869914615771
4.111135256829955,74.89014438166981
4.111329307515558,74.89014438166981
4.11137219646557,74.89329651016821
4.111415251847779,74.89329651016821
4.111483819987612,74.89644784737041
4.111604169089975,74.8995983935743
4.111782538072773,74.90274814907768
4.111796137558238,74.90589711417816
4.111798464039949,74.90904528917325
4.111877472319782,74.91219267436026
4.111938997433153,74.91533927003637
4.112013573818081,74.91848507649863
4.112498828350007,74.92163009404389
4.11252848367922,74.92477432296891
4.112868853971156,74.92791776357026
4.113059731887541,74.9310604161444
4.113140224202991,74.93420228098759
4.113219216705803,74.93734335839599
4.11341398571106,74.94048364866558
4.113801654218716,74.94362315209221
4.1138329277624095,74.94362315209221
4.1139445252465086,74.94676186897156
4.113948239634376,74.9498997995992
4.114013496813584,74.95303694427051
4.114217544397365,74.95303694427051
4.1143051949967875,74.95617330328074
4.114518631935128,74.95930887692501
4.114703886387859,74.95930887692501
4.114721914703841,74.96244366549824
4.114931471408752,74.96557766929529
4.114964811482237,74.96557766929529
4.115059832018414,74.96871088861077
4.115189825170318,74.97184332373921
4.1152297043895665,74.97497497497497
4.115482380029091,74.97810584261228
4.1156517440876685,74.98123592694522
4.116227876274061,74.98436522826766
4.1162761000961865,74.98749374687344
4.1162799088138975,74.99062148305615
4.116484958738991,74.99374843710928
4.11668591153418,74.99687460932617
4.117068894793439,75.0
4.117148009984026,75.00312460942382
4.117194995626537,75.00312460942382
4.117303527765686,75.00624843789053
4.117492083256111,75.00937148569287
4.117545260675216,75.00937148569287
4.117567346610087,75.00937148569287
4.117592991476389,75.01249375312344
4.117638075086467,75.0156152404747
4.117821372584553,75.0156152404747
4.117953292669639,75.01873594803897
4.118261511071013,75.0218558761084
4.118425098777597,75.0218558761084
4.118638582457176,75.0218558761084
4.118885480542149,75.02497502497502
4.1188858518974465,75.02497502497502
4.11903359078246,75.0280933949307
4.119047129101525,75.03121098626715
4.119076298494511,75.03432779927599
4.119193104191288,75.03744383424863
4.119263850565776,75.04055909147635
4.119302487636462,75.04367357125031
4.1197105110501155,75.04367357125031
4.119989991976806,75.04367357125031
4.120002554731443,75.04678727386151
4.120286206899465,75.0499001996008
4.12047012931419,75.05301234875888
4.120486240656237,75.05612372162635
4.120680043086671,75.05923431849357
4.120826555654169,75.05923431849357
4.120855262535179,75.06234413965088
4.121061729300253,75.06545318538835
4.1211029054593,75.068561455996
4.121451072670598,75.07166895176368
4.121458451965127,75.07477567298105
4.121857907798508,75.0778816199377
4.121915724287919,75.080986792923
4.1220903341538335,75.08409119222623
4.122182832446588,75.08409119222623
4.122369670323913,75.08719481813652
4.12281486705866,75.09029767094283
4.122899379966774,75.093399750934
4.1229329047236,75.0965010583987
4.123290060598614,75.0965010583987
4.123494465687566,75.0996015936255
4.123550382188184,75.0996015936255
4.123777338908414,75.0996015936255
4.12390370779247,75.10270135690278
4.12397457641488,75.10270135690278
4.124540819603719,75.10270135690278
4.124559870767257,75.1058003485188
4.124764299704146,75.10889856876167
4.124880657390385,75.11199601791935
4.124950681201534,75.1150926962797
4.125046743292825,75.11818860413038
4.125062072228386,75.12128374175893
4.125062869316094,75.12437810945273
4.125071907157248,75.12747170749907
4.125115544744568,75.13056453618503
4.125117124589744,75.13365659579759
4.125121641418287,75.13674788662357
4.125148653714834,75.13674788662357
4.125179787700463,75.13983840894966
4.1252011999277975,75.13983840894966
4.1254409670995065,75.1429281630624
4.1255913878361,75.1429281630624
4.125724961736909,75.14601714924817
4.125742865633843,75.14910536779324
4.1258366953986405,75.14910536779324
4.1258433953670535,75.14910536779324
4.125876947025992,75.15219281898372
4.125922845255622,75.15527950310559
4.126097082417116,75.15527950310559
4.126304391851642,75.15836542044467
4.126407604939527,75.15836542044467
4.126510552619359,75.15836542044467
4.126562518918421,75.16145057128664
4.126794185263488,75.16453495591705
4.126905502257087,75.16761857462132
4.1269367326108695,75.17070142768468
4.127027242788748,75.17378351539226
4.127192437124713,75.17686483802905
4.1271968544619,75.17994539587987
4.127227066140701,75.18302518922944
4.127501546844162,75.18302518922944
4.127571765656319,75.18610421836229
4.127825134344333,75.18918248356283
4.127906696649972,75.19225998511536
4.1279907809331,75.19533672330398
4.128156917105751,75.1984126984127
4.128220529405269,75.1984126984127
4.12848621672945,75.20148791072536
4.128594642446213,75.20456236052566
4.128656989446737,75.20763604809719
4.128683021644868,75.21070897372336
4.128778671700346,75.21070897372336
4.128912859576879,75.21070897372336
4.129768642824851,75.21378113768745
4.129803128653856,75.21685254027261
4.129855833782909,75.21685254027261
4.130018821732188,75.21992318176186
4.130178538825093,75.22299306243806
4.130216238175175,75.22606218258392
4.130538696349605,75.22913054248204
4.130619884445166,75.22913054248204
4.130974694851945,75.23219814241486
4.131225714950031,75.23526498266469
4.131241570983835,75.23833106351368
4.131281503743789,75.24139638524387
4.131398933279468,75.24446094813715
4.131528697047079,75.24752475247524
4.13164659781204,75.25058779853978
4.131813434322173,75.25365008661223
4.132001843690965,75.25671161697389
4.1322733678160235,75.25671161697389
4.132284603072903,75.25977238990599
4.132317462481412,75.26283240568955
4.1323675304539265,75.26589166460549
4.132479214168162,75.26895016693459
4.13249742027061,75.27200791295748
4.132747720485943,75.27506490295463
4.132798335205735,75.27812113720643
4.133106861271285,75.28117661599309
4.133459367393059,75.28117661599309
4.133495628024876,75.28117661599309
4.133518484516898,75.28423133959467
4.133556954709128,75.28728530829112
4.1336455730845865,75.28728530829112
4.133771872406047,75.28728530829112
4.133793241300125,75.29033852236225
4.1340036255336425,75.2933909820877
4.13412620320025,75.2933909820877
4.134189056022438,75.29644268774703
4.134201275516315,75.29949363961961
4.134329377401208,75.30254383798469
4.134651639927474,75.30559328312137
4.134708271965001,75.30864197530865
4.134735644900592,75.31168991482534
4.134815389458244,75.31168991482534
4.134834083502887,75.31473710195013
4.134879623594684,75.31778353696163
4.134978063894939,75.32082922013821
4.135078898480022,75.32387415175818
4.13515193939801,75.32691833209968
4.135286812252303,75.32691833209968
4.135324156416236,75.32691833209968
4.135534588885856,75.32996176144073
4.1356550448425535,75.32996176144073
4.1359144061117465,75.3330044400592
4.135982181438026,75.3330044400592
4.136082396784088,75.33604636823283
4.1361228052030485,75.33908754623921
4.136124643115333,75.33908754623921
4.136188908101534,75.3421279743558
4.1365027301063675,75.34516765285996
4.136564585662526,75.34516765285996
4.136630650804694,75.34820658202884
4.1367183750016805,75.35124476213952
4.136766951676309,75.35124476213952
4.137304448178307,75.35428219346888
4.137381724551251,75.35731887629375
4.137396587425352,75.35731887629375
4.137448326266628,75.35731887629375
4.137759249818389,75.36035481089073
4.138303280895452,75.36035481089073
4.138353376668286,75.36338999753633
4.138425252210222,75.36338999753633
4.138566806759387,75.36642443650696
4.138625455648498,75.36945812807882
4.138680928550487,75.37249107252802
4.138721907256314,75.37249107252802
4.138723162707873,75.3755232701305
4.1387500993785835,75.37855472116213
4.13885087924704,75.37855472116213
4.139119784931281,75.38158542589856
4.139568483857835,75.38158542589856
4.139638506336531,75.38461538461539
4.139660926283924,75.387644597588
4.139673211775455,75.39067306509168
4.139713802290894,75.39370078740157
4.139914825173897,75.39370078740157
4.140055590159744,75.39672776479271
4.14009415805519,75.39975399753997
4.140161169160676,75.40277948591809
4.1404893562743155,75.40580423020167
4.140713861014029,75.4088282306652
4.140748817947279,75.41185148758298
4.140813344786938,75.41487400122926
4.140902579403209,75.41789577187808
4.140926675784697,75.42091679980338
4.141062244076119,75.42091679980338
4.141127400124698,75.42393708527894
4.141151679349734,75.42695662857845
4.141184428941809,75.42997542997543
4.141342376980218,75.42997542997543
4.141367125671444,75.43299348974327
4.141384463336167,75.43601080815525
4.141387798241446,75.43601080815525
4.141451197797506,75.43902738548447
4.1415276680307835,75.43902738548447
4.1415562059816295,75.44204322200393
4.141576449442487,75.44204322200393
4.141622738500552,75.4450583179865
4.141665068443865,75.4450583179865
4.141825044468604,75.44807267370489
4.141909732436293,75.45108628943169
4.142153536521946,75.45409916543937
4.1421564833751034,75.45711130200024
4.142169926734177,75.45711130200024
4.142207363835347,75.4601226993865
4.142226193261988,75.4631333578702
4.142274015237772,75.46614327772326
4.142280954557547,75.46915245921747
4.142415059237393,75.47216090262448
4.14253024914446,75.47216090262448
4.142626618865665,75.47516860821581
4.142671287099639,75.47516860821581
4.1428247866172345,75.47817557626287
4.142904792442937,75.4811818070369
4.1429178686816455,75.4811818070369
4.14305055703437,75.48418730080903
4.143105248207338,75.48719205785022
4.143210792478113,75.49019607843137
4.1433178942032844,75.49319936282318
4.143324548521357,75.49319936282318
4.1434096211075,75.49620191129624
4.14356677989197,75.49620191129624
4.143677810913195,75.49920372412103
4.143736968481882,75.50220480156786
4.143889224980246,75.50520514390692
4.143959837797565,75.50820475140829
4.144128142005882,75.51120362434186
4.144204215514996,75.51420176297748
4.144304025708983,75.51719916758476
4.1443391907410865,75.5201958384333
4.144397990743904,75.5201958384333
4.144424971026373,75.52319177579244
4.1446152554819955,75.52618697993148
4.144632840425215,75.52918145111954
4.144680163275223,75.52918145111954
4.144963409367586,75.53217518962563
4.145066005401704,75.53516819571865
4.1457217170269836,75.53816046966732
4.145722351417052,75.54115201174024
4.145765537585538,75.54414282220591
4.145800050564062,75.54713290133267
4.145968370122416,75.55012224938875
4.146197911193995,75.55311086664221
4.146281859725543,75.55609875336103
4.146404799815427,75.55609875336103
4.146493700153651,75.55908590981304
4.14668586608808,75.56207233626589
4.146856903308688,75.56505803298718
4.146949894489159,75.56505803298718
4.147182659896864,75.56804300024432
4.147254608306026,75.57102723830464
4.147299219726171,75.57401074743527
4.147405456500627,75.57699352790328
4.147570392708366,75.57699352790328
4.147967123680775,75.57997557997558
4.14804028156053,75.57997557997558
4.14815810907703,75.58295690391894
4.148324632384179,75.58295690391894
4.148532893171533,75.5859375
4.148557663032239,75.5859375
4.148613506432077,75.5859375
4.14863300609759,75.5889173684853
4.148700896083547,75.5918965096412
4.148836171994331,75.59487492373398
4.148857048715658,75.59785261102977
4.149314601309006,75.60082957179456
4.149372549360785,75.60380580629422
4.149495715698235,75.60678131479449
4.149509865108229,75.60975609756098
4.149593049259536,75.61273015485916
4.14959873676457,75.6157034869544
4.150390842238443,75.61867609411192
4.150393026171996,75.62164797659679
4.150404085122936,75.62461913467398
4.150571989992391,75.62758956860833
4.150621216311687,75.63055927866455
4.15069381038905,75.6335282651072
4.1507249976366785,75.63649652820075
4.150768841202433,75.63649652820075
4.150843753462967,75.6394640682095
4.150871617777907,75.64243088539764
4.15098237571195,75.64539698002922
4.151014759452937,75.6483623523682
4.151034819796429,75.65132700267836
4.151041812997285,75.65429093122337
4.151345461383151,75.6572541382668
4.151447996210868,75.66021662407204
4.151612339002568,75.66317838890241
4.151685559390147,75.66317838890241
4.151732156174898,75.66613943302104
4.151835313399267,75.669099756691
4.151875159152214,75.67205936017515
4.151965696231509,75.67501824373632
4.152311660025554,75.67797640763712
4.152348369853771,75.68093385214007
4.152369363789641,75.6838905775076
4.152372894485062,75.68684658400194
4.152410890243548,75.68980187188525
4.152440373152374,75.69275644141953
4.152630402637848,75.69571029286669
4.15277804730299,75.69571029286669
4.153097168180793,75.69866342648845
4.153133259538331,75.69866342648845
4.153147121865022,75.69866342648845
4.1532646488004845,75.70161584254646
4.1532657641432875,75.70161584254646
4.153373895832686,75.70456754130224
4.153423191961588,75.70751852301713
4.153423515175831,75.7104687879524
4.153516350217977,75.71341833636916
4.153535043863382,75.71636716852841
4.153624914752894,75.71636716852841
4.153695731717304,75.71931528469102
4.153813955676774,75.72226268511774
4.154021900259198,75.72520937006918
4.154066149403332,75.72815533980582
4.154178115783493,75.73110059458803
4.154259890695316,75.73404513467605
4.15429300427164,75.73404513467605
4.154458741651607,75.73698896032998
4.1545302312378665,75.73698896032998
4.154598773457157,75.7399320718098
4.154838779741361,75.74287446937538
4.154997271523032,75.74581615328644
4.155067045657892,75.74875712380259
4.155076314765633,75.75169738118332
4.155088703387931,75.75463692568796
4.155122706612231,75.75757575757575
4.155177954573967,75.76051387710581
4.1555867225667615,75.76345128453708
4.15560796196211,75.76638798012844
4.155629010226929,75.76638798012844
4.15570083903662,75.76932396413861
4.1558328342625535,75.77225923682617
4.156256217886853,75.7751937984496
4.156256579273108,75.77812764926729
4.15635779028813,75.7810607895374
4.1566239352468966,75.7839932195181
4.156625446098638,75.78692493946731
4.156808727452607,75.78692493946731
4.1568295803464235,75.7898559496429
4.156983973277782,75.7898559496429
4.157001131946859,75.79278625030258
4.157005694016674,75.79571584170398
4.157204764625162,75.79864472410455
4.157237748254925,75.80157289776164
4.157309282498648,75.80450036293249
4.15745693027614,75.80450036293249
4.157619338166961,75.80450036293249
4.157686472469844,75.80450036293249
4.157881243883705,75.80742711987419
4.157943233982978,75.81035316884373
4.15796433824116,75.81327851009796
4.158055631809523,75.81327851009796
4.158115384968485,75.81620314389359
4.158396623301787,75.81912707048724
4.1584281609849,75.8220502901354
4.158450759306632,75.8220502901354
4.15858959244288,75.8249728030944
4.158665860435455,75.8278946096205
4.158691185654432,75.83081570996978
4.158729018513941,75.83373610439827
4.158771390708675,75.83665579316178
4.158823951928913,75.83957477651607
4.158870885579685,75.84249305471675
4.1588994144219935,75.84541062801932
4.158926007693122,75.84832749667915
4.158975554960919,75.84832749667915
4.159226277420718,75.85124366095147
4.159348674981673,75.85415912109139
4.159485428042284,75.85707387735393
4.159686786613834,75.85707387735393
4.1597590913319,75.85707387735393
4.159955306115401,75.85707387735393
4.159981500703016,75.85998792999396
4.160090085876878,75.86290127926624
4.160236517806964,75.86581392542536
4.160427109160841,75.86872586872587
4.160460963282738,75.86872586872587
4.16047740638375,75.86872586872587
4.160647626494142,75.86872586872587
4.161081202882556,75.87163710942212
4.161187955460207,75.8745476477684
4.161445119519776,75.87745748401882
4.161665951986001,75.87745748401882
4.161710889371221,75.87745748401882
4.1617696394079,75.87745748401882
4.161910239049695,75.87745748401882
4.161996946119813,75.8803666184274
4.162161902100127,75.88327505124805
4.162282091621722,75.88618278273451
4.162731641405345,75.88618278273451
4.163151248821696,75.88618278273451
4.163275888195926,75.88908981314044
4.163437582421082,75.89199614271939
4.163676003692503,75.89490177172472
4.16375130435715,75.89780670040975
4.163953266553309,75.9007109290276
4.1641485012070945,75.90361445783132
4.164600501295173,75.90651728707385
4.1649815410595075,75.90941941700795
4.165131859131117,75.9123208478863
4.165385518336913,75.91522157996147
4.165513800516063,75.91812161348585
4.165668473106464,75.92102094871177
4.165669829025064,75.92391958589143
4.165807602518448,75.92681752527685
4.166162572977103,75.92681752527685
4.166203905318428,75.92971476711999
4.166567445214391,75.93261131167269
4.166729837171558,75.93550715918663
4.16687091625735,75.93550715918663
4.166950372412895,75.93840230991337
4.166987150226683,75.93840230991337
4.167068034779505,75.93840230991337
4.1671682167458135,75.94129676410442
4.1673938566210245,75.94419052201107
4.16741256535648,75.94708358388455
4.167632418800245,75.94997594997595
4.167736211310635,75.94997594997595
4.167825228595849,75.95286762053625
4.167866911321984,75.9557585958163
4.168035478927583,75.95864887606683
4.168246841687701,75.96153846153845
4.168249858967222,75.96153846153845
4.168354465578342,75.96153846153845
4.1686507091758225,75.96442735248168
4.168724179879218,75.96731554914685
4.168748771105239,75.97020305178421
4.168752869477135,75.97308986064391
4.16893680430141,75.97597597597597
4.1689474389567245,75.97597597597597
4.168965915818388,75.97886139803026
4.169060334923589,75.98174612705655
4.169062408535572,75.98463016330452
4.16909992612726,75.98751350702365
4.169204423701854,75.98751350702365
4.169326317785832,75.99039615846338
4.169337074664445,75.993278117873
4.1694088832133955,75.993278117873
4.169626732095597,75.99615938550168
4.169800451050166,75.99903996159847
4.1698164334781485,76.00191984641229
4.169951910137995,76.00479904019195
4.170033301489416,76.00767754318618
4.170325684250724,76.00767754318618
4.170813368622081,76.00767754318618
4.170942265502509,76.01055535564352
4.171019253141573,76.01343247781243
4.171155147739957,76.01630890994124
4.171208749107194,76.01918465227818
4.171528832124077,76.02205970507133
4.1715903409231805,76.02493406856868
4.171889657543836,76.02780774301809
4.1721177889519385,76.0306807286673
4.172135530372954,76.03355302576394
4.172272694792813,76.03355302576394
4.172278670768688,76.03642463455547
4.172518847814706,76.03642463455547
4.17257873024484,76.03929555528933
4.172720262160082,76.04216578821274
4.172826647927479,76.04503533357288
4.172884753510669,76.04790419161677
4.172913794206001,76.0507723625913
4.173119320399712,76.0536398467433
4.1731538291342565,76.05650664431941
4.173464838100357,76.05650664431941
4.173588740074596,76.0593727555662
4.173771082349899,76.0622381807301
4.173911234769245,76.06510292005744
4.174039725310889,76.06796697379443
4.1740484644766225,76.06796697379443
4.174098417086514,76.07083034218712
4.1743894501087535,76.07083034218712
4.174483025309032,76.07369302548152
4.174571317241221,76.07655502392345
4.1746720144797385,76.07941633775864
4.174685297878146,76.07941633775864
4.174686534901863,76.08227696723272
4.174898151959058,76.08513691259118
4.175036510491837,76.08513691259118
4.175165685518089,76.0879961740794
4.1752492733252495,76.0879961740794
4.175560269363625,76.0879961740794
4.175628035338108,76.0879961740794
4.175750115684345,76.09085475194262
4.175841683508297,76.09085475194262
4.175859320442952,76.09371264642601
4.175925960214218,76.09656985777458
4.175954706831837,76.09942638623328
4.176397605972117,76.10228223204683
4.176408896345585,76.10513739545998
4.176412500053286,76.10513739545998
4.176604276658822,76.10799187671724
4.176657360057459,76.11084567606306
4.176883794003288,76.11369879374179
4.176892906183131,76.11655122999761
4.17692695329243,76.11940298507463
4.177170203106044,76.11940298507463
4.177388562743415,76.12225405921681
4.177567484674278,76.12225405921681
4.177574472977233,76.12510445266803
4.17763754269797,76.127954165672
4.177680004823833,76.127954165672
4.177784044863144,76.13080319847238
4.177845241490529,76.13080319847238
4.178055593270383,76.13365155131265
4.178119899646371,76.13649922443622
4.178156051825725,76.13934621808637
4.178197257105649,76.14219253250626
4.178306413140474,76.14219253250626
4.178371115049711,76.14503816793892
4.178407343105252,76.14788312462731
4.1784962919620385,76.15072740281421
4.178586780859452,76.15357100274234
4.178624000741106,76.15641392465426
4.1787023648612935,76.15925616879247
4.178872699120171,76.15925616879247
4.178927147616423,76.15925616879247
4.178975872531368,76.15925616879247
4.179022055961583,76.16209773539929
4.17905567975771,76.16493862471697
4.17913718027682,76.16777883698761
4.179162445112418,76.17061837245323
4.179385882379202,76.17345723135574
4.1795194332141605,76.17629541393687
4.179768663886453,76.1791329204383
4.179794986369436,76.18196975110159
4.1798991378897155,76.18480590616814
4.179987763448144,76.18764138587927
4.180066997597503,76.19047619047619
4.180079820461351,76.19331032019998
4.18009402717542,76.1961437752916
4.180180201752786,76.1961437752916
4.180288976257918,76.1989765559919
4.180289803535927,76.1989765559919
4.1802920043061285,76.20180866254165
4.180424235139619,76.20464009518145
4.180437617441114,76.2074708541518
4.1805773950731515,76.2074708541518
4.180593350589861,76.21030093969311
4.180659904308118,76.21313035204567
4.180735087375768,76.21595909144963
4.180830531239306,76.21595909144963
4.180999684522178,76.21878715814506
4.181022281836778,76.2216145523719
4.181125175105766,76.2216145523719
4.1813018231942065,76.22444127436995
4.181384456273008,76.22726732437893
4.181386617203292,76.23009270263846
4.181386897846129,76.232917409388
4.181434788265892,76.23574144486692
4.181614170813323,76.23856480931448
4.181660465957783,76.23856480931448
4.181737789882602,76.24138750296983
4.182082669495827,76.24420952607198
4.182093273011296,76.24703087885986
4.182175693496312,76.24985156157226
4.18252840238792,76.25267157444787
4.182552745006313,76.25549091772528
4.182769018143463,76.25549091772528
4.1827750865889985,76.25830959164293
4.182897984688313,76.26112759643917
4.18290555360747,76.26394493235225
4.1829801554278125,76.26676159962027
4.183031206831198,76.26957759848125
4.183060253491799,76.26957759848125
4.183178109381522,76.2723929291731
4.18320195367702,76.27520759193357
4.1833575387396955,76.27802158700035
4.183509548111273,76.27802158700035
4.183791868609876,76.280834914611
4.183818205055719,76.280834914611
4.183891446737837,76.28364757500296
4.1839024086957,76.28645956841356
4.183969519261938,76.28927089508002
4.184080450058601,76.29208155523945
4.18409373633042,76.29489154912883
4.184095081879084,76.29489154912883
4.184303519291199,76.29489154912883
4.184422577152171,76.29770087698506
4.184459206481848,76.30050953904491
4.184668713038836,76.30050953904491
4.184673345148035,76.30331753554502
4.184698520615652,76.30331753554502
4.184733891109525,76.30612486672194
4.184808524406265,76.30893153281212
4.184982887637516,76.31173753405189
4.1850704878939755,76.3145428706774
4.185122092030861,76.31734754292481
4.1853104099596665,76.32015155103007
4.185388468355168,76.32015155103007
4.185399547358929,76.32295489522907
4.185525627432956,76.32575757575758
4.185617256969288,76.32855959285122
4.186197030189166,76.33136094674556
4.1864321741610455,76.33416163767602
4.186497831335223,76.3369616658779
4.186570283886561,76.33976103158642
4.187008143508226,76.34255973503666
4.187197772205942,76.34535777646363
4.187217651563173,76.34815515610217
4.187275544210705,76.35095187418706
4.187278645759926,76.35374793095295
4.187470505653197,76.35654332663435
4.187573202917539,76.35933806146572
4.187732429733255,76.36213213568136
4.187781726622407,76.36492554951548
4.187843728106873,76.36492554951548
4.187856511627966,76.36771830320217
4.187981389669547,76.36771830320217
4.188005846136825,76.37051039697542
4.188076301663907,76.37330183106911
4.188096973349794,76.37609260571698
4.188302722256339,76.37609260571698
4.188339543700805,76.3788827211527
4.188365458082927,76.38167217760983
4.188559879296134,76.38167217760983
4.188602281373792,76.38446097532177
4.188639465873181,76.38724911452184
4.188984596955547,76.39003659544328
4.189193190419542,76.39003659544328
4.189298407377751,76.39282341831917
4.18943175279702,76.39560958338251
4.189661527875978,76.39560958338251
4.189859539922576,76.39839509086617
4.190004646332141,76.40117994100295
4.190209233869407,76.40396413402549
4.190294540566783,76.40674767016633
4.190605695401425,76.40953054965793
4.190707804620902,76.41231277273263
4.191000588912118,76.41231277273263
4.191168769049783,76.41509433962264
4.191224322080636,76.41787525056007
4.191296101465219,76.42065550577694
4.1915298889466355,76.42343510550513
4.19157704119082,76.42343510550513
4.191702820804997,76.42621404997642
4.191732825270094,76.4289923394225
4.191735998099823,76.43176997407495
4.192073837899389,76.4345469541652
4.1922049667698085,76.4373232799246
4.192348345146881,76.4400989515844
4.192404458832403,76.44287396937574
4.192431148304898,76.44564833352962
4.192594130015856,76.44842204427697
4.192690316857533,76.44842204427697
4.192725035640197,76.45119510184858
4.1929209797099025,76.45396750647517
4.1929878182858,76.45673925838729
4.193070186485171,76.45951035781545
4.193148016675363,76.45951035781545
4.193170773072201,76.46228080499
4.193198499372117,76.46228080499
4.193316172668159,76.46505060014121
4.193432362112838,76.46781974349923
4.193537084790093,76.47058823529412
4.193609847351597,76.47335607575579
4.1938246555952485,76.4761232651141
4.1938619093559835,76.47888980359873
4.193889931018855,76.48165569143931
4.194229724785035,76.48165569143931
4.194234291635115,76.48442092886538
4.194812734980032,76.48442092886538
4.194846750395228,76.48718551610628
4.194935578645679,76.48994945339133
4.194971089530971,76.4927127409497
4.194982003263363,76.49547537901046
4.195040977681256,76.49547537901046
4.19509704739932,76.49823736780259
4.195140782380184,76.50099870755493
4.19517334984027,76.50375939849624
4.1952205787052925,76.50651944085516
4.1954067063133085,76.50651944085516
4.1955133737527,76.50651944085516
4.195612661148042,76.50927883486023
4.195624700423427,76.51203758073987
4.195666952956113,76.51479567872241
4.195679176344939,76.51755312903605
4.195753226626799,76.51755312903605
4.1960446508739295,76.51755312903605
4.1960794131837815,76.51755312903605
4.19612862012598,76.51755312903605
4.196189683019796,76.5203099319089
4.196330409767587,76.52306608756896
4.196409366989837,76.52306608756896
4.196673254139235,76.52582159624414
4.196688468593015,76.52857645816219
4.19682362059789,76.53133067355081
4.196901481584243,76.53408424263756
4.1970345672513965,76.53683716564993
4.197158540139126,76.53958944281524
4.197346081157805,76.54234107436078
4.1977227901055585,76.54509206051367
4.197744169809167,76.54784240150094
4.197838319236859,76.55059209754954
4.198035967345563,76.55334114888629
4.1982650836343485,76.5560895557379
4.198464210873551,76.5560895557379
4.198723500751182,76.55883731833099
4.198755683277081,76.56158443689206
4.199187887889189,76.56433091164753
4.1992780187493555,76.56707674282367
4.1993996445140205,76.56982193064667
4.19945812529005,76.57256647534263
4.199500453012059,76.57531037713751
4.199519077458178,76.57805363625717
4.199637762151178,76.57805363625717
4.199916673762179,76.5807962529274
4.199942240820662,76.58353822737385
4.199953643468614,76.58353822737385
4.200133869343795,76.58627955982206
4.200227102230351,76.58902025049748
4.200284485059224,76.58902025049748
4.200319714752402,76.59176029962546
4.200362945265593,76.59449970743125
4.200364860408157,76.59723847413996
4.200484897899817,76.5999765999766
4.200503211865629,76.60271408516613
4.2006264883168045,76.60271408516613
4.200678575049593,76.60545092993333
4.201213653501138,76.60818713450293
4.2016891439733355,76.61092269909952
4.201743812956304,76.61365762394762
4.202161272550627,76.6163919092716
4.202235090914298,76.61912555529577
4.20228364617429,76.6218585622443
4.202408325202132,76.6218585622443
4.20245609183626,76.62459093034128
4.202573355833672,76.62732265981069
4.20287739950976,76.63005375087637
4.202878882299623,76.63278420376211
4.203060642076817,76.63551401869158
4.203166227588192,76.63824319588834
4.203180227840861,76.63824319588834
4.203182529469908,76.6409717355758
4.203342937735036,76.64369963797735
4.203400876045665,76.64369963797735
4.203567180474462,76.64642690331621
4.203651276043311,76.64915353181553
4.203765179479464,76.65187952369834
4.203780976136416,76.65460487918759
4.204088666828956,76.65732959850608
4.204110550438144,76.66005368187653
4.20417390481393,76.66005368187653
4.204623652101577,76.66277712952159
4.204732262180731,76.66549994166375
4.20488916197128,76.66822211852543
4.204892656252929,76.66822211852543
4.20489766652229,76.67094366032894
4.204947952545374,76.67366456729647
4.205045961292809,76.67366456729647
4.205353718740395,76.67638483965014
4.205367335649057,76.67910447761194
4.205531918755678,76.68182348140375
4.2055513214138465,76.68454185124737
4.205780368952844,76.6872595873645
4.206049454118474,76.68997668997669
4.206074840822101,76.69269315930545
4.206178017903194,76.69269315930545
4.206190584545949,76.69269315930545
4.20631507494329,76.69269315930545
4.206474602147584,76.69540899557212
4.206522514584643,76.69812419899802
4.206622114364874,76.70083876980429
4.206671384658113,76.703552708212
4.206819525873849,76.70626601444212
4.206866445854283,76.7089786887155
4.206883376778224,76.7089786887155
4.206942721797827,76.71169073125292
4.207048244350581,76.714402142275
4.2070730235338,76.71711292200233
4.207231013688141,76.71982307065534
4.207483155826484,76.72253258845437
4.207626678788822,76.72524147561968
4.207708927312246,76.72794973237143
4.207733848941772,76.7306573589296
4.207816226874333,76.73336435551418
4.207867644354537,76.736070722345
4.207920597902703,76.73877645964178
4.2079549292039085,76.74148156762413
4.207989813153926,76.74148156762413
4.208358414232085,76.74148156762413
4.2087698865924255,76.74148156762413
4.208874853961801,76.74418604651163
4.20909920604155,76.74688989652367
4.209100245553177,76.74688989652367
4.209149147279544,76.74688989652367
4.209274229566948,76.74959311787957
4.209341045888172,76.75229571079856
4.209771406863946,76.75229571079856
4.209858571509489,76.75229571079856
4.209874805474187,76.75499767549977
4.209904952753505,76.75499767549977
4.210019355848923,76.75769901220221
4.2102356971537604,76.7603997211248
4.21039710961088,76.76309980248635
4.2108297904161605,76.76579925650557
4.2110790086378715,76.76579925650557
4.211109359293752,76.7684980834011
4.211155628494672,76.7711962833914
4.21129882967414,76.77389385669493
4.211334628324892,76.77389385669493
4.211465309020517,76.77659080352996
4.21164747681377,76.77928712411472
4.2117650849115735,76.78198281866729
4.211770901250314,76.78467788740568
4.211959278347274,76.78737233054783
4.212332112811788,76.79006614831148
4.2125566946131325,76.79275934091436
4.212709949719376,76.79275934091436
4.212857624231197,76.79545190857408
4.21323014563771,76.79545190857408
4.213399910350536,76.79814385150812
4.2135039224706725,76.79814385150812
4.2135588680955065,76.80083516993388
4.213570461204113,76.80083516993388
4.213582377644843,76.80083516993388
4.21359394351838,76.80352586406866
4.2137054034174115,76.80621593412965
4.213746032977117,76.80890538033395
4.2138431845456115,76.80890538033395
4.213898007312135,76.80890538033395
4.213950405664793,76.81159420289855
4.213956311303974,76.81428240204035
4.214206604117973,76.81428240204035
4.214230610787144,76.81428240204035
4.214347877641657,76.81696997797613
4.214513910486149,76.81965693092258
4.214712881996154,76.81965693092258
4.214788359832313,76.82234326109631
4.215185388887828,76.8250289687138
4.215225995582315,76.82771405399143
4.215238704436223,76.83039851714551
4.215469963922549,76.83308235839222
4.21550118010261,76.83576557794764
4.215542300575422,76.8384481760278
4.215981182738663,76.84113015284854
4.2160491033102545,76.84381150862568
4.216139980666019,76.8464922435749
4.216690202503073,76.8491723579118
4.216780557232727,76.85185185185185
4.217127902929226,76.85453072561046
4.2171730871915605,76.85720897940291
4.2173145085456945,76.8598866134444
4.217402331912884,76.86256362795002
4.217506198307911,76.86524002313476
4.217510855967757,76.8679157992135
4.217694637746438,76.8679157992135
4.217950395999481,76.8679157992135
4.217959353350735,76.87059095640106
4.218111500431119,76.87326549491212
4.21813960031986,76.87593941496127
4.218194150042894,76.878612716763
4.218338887990561,76.878612716763
4.218343621124499,76.88128540053172
4.218352731379496,76.88128540053172
4.218489029708576,76.88128540053172
4.218603772429703,76.88395746648173
4.218668863590841,76.88662891482723
4.218875509315075,76.88662891482723
4.2189148096099585,76.8892997457823
4.219071968581711,76.8892997457823
4.219089422383453,76.89196995956095
4.219101466174956,76.89463955637707
4.219260510862469,76.8973085364445
4.219330634450473,76.89997689997689
4.21948242312003,76.9026446471879
4.219560071604739,76.905311778291
4.2195797629316845,76.905311778291
4.2197454276753446,76.9079782934996
4.220034374784727,76.9079782934996
4.220069034785247,76.91064419302701
4.220490716651278,76.91330947708646
4.220567911272252,76.91330947708646
4.220634154397039,76.91330947708646
4.220706686653257,76.91597414589104
4.220735056345437,76.91863819965377
4.220801088474409,76.92130163858758
4.22116435910652,76.92130163858758
4.221347102002831,76.92396446290527
4.221559645981847,76.92662667281957
4.221602497409127,76.92928826854309
4.221743591899215,76.93194925028835
4.222093161019693,76.93460961826779
4.2221516666470675,76.93726937269373
4.22223421184761,76.93992851377838
4.222560035620063,76.94258704173392
4.222694274902951,76.94524495677233
4.22273028421979,76.94790225910559
4.222730922542112,76.95055894894548
4.222749966994092,76.95321502650381
4.222780536261314,76.95587049199216
4.223235051517521,76.95852534562212
4.223264882465739,76.96117958760512
4.223265794048081,76.9638332181525
4.223614140519548,76.96648623747552
4.223936605074368,76.96913864578535
4.224129098391982,76.97179044329303
4.224302655371765,76.97444163020954
4.224303785208729,76.97709220674571
4.224327703249688,76.97974217311234
4.2244974250186385,76.98239152952007
4.224507887382619,76.98504027617952
4.224709566108657,76.98768841330111
4.2247111559610975,76.99033594109525
4.22471321824715,76.99298285977223
4.2251464525647835,76.99562916954221
4.2252284141073195,76.99827487061529
4.225259889667239,76.99827487061529
4.2252652685109195,76.99827487061529
4.22529112064699,77.00091996320147
4.225479283176173,77.00356444751063
4.225715608243207,77.00620832375259
4.225742927184769,77.00885159213703
4.225804331980609,77.01149425287356
4.225841775480203,77.01413630617171
4.225865879118077,77.01677775224086
4.225932078934035,77.01677775224086
4.225988612571358,77.01941859129036
4.226069234363684,77.02205882352942
4.226110444372813,77.02469844916715
4.2261329748157355,77.0273374684126
4.226267898768779,77.02997588147468
4.226340142263529,77.03261368856225
4.226413087951436,77.03261368856225
4.226464850873569,77.03525088988403
4.226506002249286,77.03788748564868
4.2265731910263975,77.03788748564868
4.22665300839137,77.03788748564868
4.226808019741096,77.03788748564868
4.226910179393466,77.03788748564868
4.226913789292071,77.04052347606475
4.227096516386949,77.04315886134067
4.227110153156038,77.04579364168484
4.227124445871003,77.04842781730548
4.227332603584377,77.05106138841079
4.227392332841994,77.05369435520882
4.227412623265363,77.05632671790754
4.2274456820515285,77.05895847671485
4.227597506653806,77.06158963183852
4.227615887999685,77.06158963183852
4.227623330062959,77.06422018348624
4.22785281825547,77.06685013186562
4.227871408157296,77.06947947718413
4.227952584086378,77.07210821964921
4.228002909061368,77.07473635946813
4.2281567651076495,77.07736389684814
4.228249161598605,77.07999083199634
4.228309124847553,77.08261716511974
4.228353168293847,77.0852428964253
4.228357464180035,77.08786802611984
4.228422465305659,77.09049255441009
4.228522791808208,77.09311648150269
4.228623846128432,77.09573980760422
4.228694695269009,77.0983625329211
4.228792076131307,77.10098465765972
4.229177745461486,77.10360618202633
4.229412325313173,77.10622710622711
4.229670880550558,77.10884743046812
4.230071335189243,77.11146715495538
4.2300822599950285,77.11408627989472
4.230345045889269,77.11670480549199
4.23039924447167,77.11932273195286
4.230417427007566,77.11932273195286
4.230439664685244,77.12194005948295
4.231164926111332,77.12455678828776
4.231209184242287,77.12717291857274
4.231318074931444,77.12978845054317
4.231618423466546,77.12978845054317
4.231650540059812,77.12978845054317
4.231686573958247,77.1324033844043
4.23169151283347,77.13501772036126
4.231917426014782,77.13501772036126
4.232349244416403,77.13763145861911
4.232400641072688,77.1402445993828
4.232553692084073,77.14285714285715
4.2326089621244165,77.14546908924694
4.232800939746829,77.14808043875686
4.232810872176272,77.15069119159146
4.232942392060557,77.15330134795522
4.233162625845148,77.15591090805253
4.233233799116364,77.15591090805253
4.233277105207764,77.15591090805253
4.233467597112711,77.15591090805253
4.233509490670833,77.15591090805253
4.233755925823026,77.15591090805253
4.234015280444153,77.15851987208772
4.23413953990045,77.16112824026493
4.234385626002627,77.1637360127883
4.2344112026668155,77.16634318986185
4.234459865900481,77.16634318986185
4.234473555333704,77.1689497716895
4.2345463081071575,77.1689497716895
4.234621031599641,77.17155575847507
4.234640341817422,77.17416115042228
4.234859333663065,77.1767659477348
4.234943164073819,77.17937015061615
4.2352387651040715,77.18197375926982
4.235349328117965,77.18457677389917
4.235423225618961,77.18717919470743
4.235437544913026,77.1897810218978
4.235503509705097,77.1923822556734
4.235594670640874,77.19498289623718
4.23567029220037,77.19758294379204
4.23571195123405,77.2001823985408
4.235751344720514,77.2001823985408
4.235826643345047,77.2001823985408
4.235950385626777,77.2001823985408
4.236480468026274,77.2027812606862
4.236601493406491,77.20537953043082
4.236613462619349,77.20537953043082
4.236713279755165,77.20797720797721
4.236762465699519,77.2105742935278
4.236762653753446,77.21317078728495
4.236880857292958,77.2157666894509
4.236909525496938,77.21836200022781
4.236913590663906,77.21836200022781
4.236923755167839,77.22095671981776
4.237027024172028,77.22355084842273
4.23712935921737,77.22614438624458
4.237139005200494,77.22873733348514
4.237197070894342,77.22873733348514
4.23720956690119,77.23132969034609
4.237244438088732,77.23392145702903
4.23725530961337,77.23651263373549
4.237306858456998,77.23910322066689
4.237358374532688,77.24169321802458
4.237552792024131,77.24428262600979
4.237593443855477,77.24687144482367
4.237649550862786,77.24945967466728
4.2377113391534085,77.25204731574158
4.237767550220694,77.25463436824747
4.237863340218205,77.25722083238573
4.238126245567973,77.25980670835703
4.2382271925269865,77.25980670835703
4.2382868913634955,77.26239199636198
4.2385344003678025,77.26239199636198
4.238705571003481,77.26497669660112
4.238975069663127,77.26756080927484
4.2389894056524975,77.27014433458348
4.239234654909649,77.27272727272727
4.239249382337484,77.27272727272727
4.239400855811332,77.27530962390638
4.240095400428849,77.27789138832084
4.240245713353104,77.27789138832084
4.240252482988921,77.28047256617062
4.240255134242393,77.28305315765562
4.240380161030711,77.28563316297559
4.240494619745898,77.28821258233023
4.240570351610037,77.29079141591916
4.240735087151818,77.29079141591916
4.240888823800734,77.29079141591916
4.2412097081300555,77.29336966394187
4.241258876961992,77.2959473265978
4.241413254199713,77.29852440408627
4.241441217913104,77.29852440408627
4.241489086116398,77.30110089660651
4.241628391512929,77.30367680435769
4.241691013698472,77.30625212753887
4.241698807560785,77.30625212753887
4.241727808113146,77.308826866349
4.241839284443664,77.31140102098696
4.241856020893438,77.31397459165154
4.241992324526645,77.31654757854145
4.242063360613766,77.3191199818553
4.2421808159025485,77.32169180179159
4.242273986614232,77.32426303854876
4.24228962238919,77.32683369232514
4.24234857129621,77.32940376331896
4.242414749207134,77.33197325172844
4.242747629561479,77.33454215775159
4.243035390550814,77.33711048158641
4.2430445188827015,77.33711048158641
4.243439931599419,77.33967822343078
4.243540951309097,77.3422453834825
4.243598559594721,77.34481196193929
4.244022324023749,77.34737795899875
4.244024899855328,77.34994337485843
4.244094563383057,77.35250820971578
4.244278566234465,77.35507246376811
4.244307912802911,77.35507246376811
4.244389796847388,77.35763613721272
4.244551782057635,77.35763613721272
4.244635765202499,77.36019923024678
4.244671082309898,77.36276174306734
4.2447547648709385,77.36532367587144
4.244755840216865,77.36532367587144
4.245069729064874,77.36788502885594
4.2451223930722275,77.36788502885594
4.245137921819553,77.37044580221769
4.245160134721108,77.37300599615341
4.245436753421025,77.37556561085974
4.245460596449151,77.3781246465332
4.245484870743219,77.38068310337027
4.2454979056603,77.38324098156734
4.2455559869065445,77.38579828132067
4.245740416456374,77.38835500282646
4.24581668321967,77.3909111462808
4.245880960375695,77.3909111462808
4.245881503519232,77.39346671187974
4.246216655850546,77.39602169981917
4.2463457835734495,77.39857611029495
4.246373227745295,77.40112994350282
4.246411736787376,77.40368319963846
4.246423995577087,77.40623587889742
4.246501454106978,77.4087879814752
4.246620954155826,77.4113395075672
4.246695101313639,77.41389045736872
4.24680059409421,77.41644083107498
4.2470704780869974,77.41899062888112
4.247302306540775,77.42153985098217
4.247380662305161,77.42408849757308
4.247466231417212,77.42663656884876
4.2476580692668096,77.42918406500395
4.247668857635322,77.42918406500395
4.247923873321997,77.43173098623336
4.248096074207725,77.43427733273158
4.248131333467267,77.43427733273158
4.248170531878165,77.43427733273158
4.248236958245773,77.43682310469315
4.248505831836902,77.43936830231246
4.248509500587161,77.4419129257839
4.248511994960406,77.44445697530168
4.249138758592633,77.44700045105999
4.249231509424793,77.4495433532529
4.249306732055186,77.45208568207441
4.249392963730017,77.4546274377184
4.249502776706101,77.4546274377184
4.24973529232564,77.45716862037872
4.249755435733028,77.45970923024908
4.250029081176127,77.46224926752309
4.250257518096442,77.46478873239437
4.250279147388745,77.46732762505634
4.250287316393002,77.46732762505634
4.250338213610157,77.46986594570238
4.25038091627142,77.46986594570238
4.250403647349204,77.4724036945258
4.25059682493191,77.4749408717198
4.250616341302564,77.47747747747748
4.25062322945593,77.4800135119919
4.25067466135271,77.4800135119919
4.250791737323525,77.48254897545598
4.250866054831663,77.48254897545598
4.2509008332705625,77.48508386806259
4.2509257654990895,77.48508386806259
4.250945979742007,77.4876181900045
4.250993956443231,77.4901519414744
4.251160417430762,77.49268512266487
4.251395450748264,77.49521773376843
4.251413970418712,77.49521773376843
4.251430535514561,77.49774977497749
4.251439478004718,77.50028124648442
4.251651607279925,77.50281214848144
4.251853350561898,77.50534248116072
4.25224775565865,77.50787224471435
4.252272125672928,77.5104014393343
4.252589163404266,77.5104014393343
4.252703691329592,77.5104014393343
4.252707666744027,77.5129300652125
4.253434219428817,77.51545812254075
4.253767494174474,77.51545812254075
4.253836040844289,77.51798561151078
4.253839598929504,77.52051253231427
4.254108456840749,77.52303888514273
4.2541286350950145,77.52303888514273
4.254163781432327,77.52556467018766
4.254167314858963,77.52808988764045
4.2543678986171924,77.5306145376924
4.254368974258704,77.53313862053471
4.25455207346589,77.53566213635852
4.254583262303006,77.5381850853549
4.254877024812942,77.54070746771477
4.2549883548028,77.54070746771477
4.255021966603638,77.54322928362902
4.255230714477159,77.54575053328843
4.255243983872865,77.54575053328843
4.25530600906194,77.5482712168837
4.2553404355956115,77.5482712168837
4.255379819113516,77.55079133460545
4.2555141914759185,77.55331088664423
4.255567524419216,77.55582987319045
4.255573817501952,77.55834829443447
4.2556817578106285,77.56086615056658
4.255799163289365,77.56086615056658
4.255888900064771,77.56338344177698
4.255936520515449,77.56338344177698
4.255962435714476,77.56590016825575
4.2559977909389985,77.56590016825575
4.256218396128108,77.56841633019292
4.256240006896996,77.5709319277784
4.2562419027952565,77.5709319277784
4.256289364091493,77.57344696120207
4.256416654325696,77.57596143065366
4.256424510408439,77.57847533632287
4.256472401777554,77.5809886783993
4.256519545197889,77.5835014570724
4.256528904782624,77.58601367253166
4.256556311821288,77.58601367253166
4.256708418262199,77.58852532496638
4.256709054527401,77.59103641456583
4.256755317975867,77.59354694151915
4.256790757035154,77.59605690601545
4.2568493926900475,77.59856630824373
4.257006951353032,77.60107514839288
4.257071386417122,77.60358342665174
4.25709160523896,77.60609114320904
4.257115018144215,77.60859829825347
4.257171638433334,77.61110489197358
4.257202801936835,77.61361092455788
4.2573969309357285,77.61611639619474
4.257661066768077,77.61862130707252
4.25771733686361,77.62112565737944
4.257845433692321,77.62362944730364
4.257871357310003,77.62613267703323
4.258053714373634,77.62863534675614
4.258131687589705,77.63113745666033
4.258296140260518,77.63113745666033
4.258486934534689,77.63113745666033
4.258632434619495,77.63363900693358
4.258673534181053,77.63363900693358
4.258792383889455,77.6361399977636
4.2588817362004825,77.6386404293381
4.258977817485409,77.6411403018446
4.258980464030154,77.6436396154706
4.259090823205757,77.64613837040348
4.259412333558582,77.64863656683058
4.2595371973089176,77.6511342049391
4.259541145273697,77.6536312849162
4.259708101661044,77.65612780694894
4.2597216502968145,77.65862377122431
4.259757992251709,77.66111917792918
4.2598822717087605,77.66361402725039
4.259944746700846,77.66610831937464
4.259961067321421,77.66860205448862
4.26034753991101,77.67109523277882
4.2609387244418135,77.67358785443179
4.261085654122099,77.67607991963389
4.26116191917187,77.67857142857143
4.26120399126007,77.68106238143065
4.26126357955001,77.68355277839768
4.261327367719225,77.68604261965861
4.261347853561685,77.68853190539937
4.261444504200876,77.69102063580591
4.2615752054956,77.69102063580591
4.26173479275837,77.69102063580591
4.261823530186261,77.69350881106402
4.261833845693136,77.69599643135943
4.261884400899457,77.69848349687778
4.261902540862655,77.70097000780466
4.262171539940589,77.70345596432553
4.262344508307449,77.7059413666258
4.262610724528047,77.70842621489076
4.262677247217723,77.71091050930569
4.262909993359267,77.71339425005571
4.2630164274484645,77.71587743732591
4.26319001728916,77.71587743732591
4.263270513956749,77.71836007130125
4.263354683428649,77.71836007130125
4.263385231992502,77.71836007130125
4.263411413157812,77.71836007130125
4.2634282224792335,77.72084215216665
4.2640115506342084,77.72332368010693
4.264023088318799,77.72332368010693
4.264136867188206,77.72580465530683
4.264137122882194,77.72580465530683
4.264356407491777,77.72580465530683
4.264544962195129,77.728285077951
4.264751609182802,77.73076494822404
4.264854178055188,77.7332442663104
4.2650132513541745,77.73572303239452
4.265025618521796,77.73820124666074
4.265199186987299,77.73820124666074
4.2655789049514565,77.74067890929327
4.26568423177628,77.7431560204763
4.2657474833373605,77.7456325803939
4.265779658344283,77.74810858923009
4.265918926686214,77.75058404716876
4.2659284738766585,77.75305895439377
4.2659387465815914,77.75553331108887
4.266205890707641,77.75800711743773
4.266225105509041,77.76048037362393
4.266257237418626,77.762953079831
4.266400982500963,77.762953079831
4.266510414345619,77.76542523624236
4.266510734657309,77.76789684304136
4.266524098401697,77.76789684304136
4.266557392477913,77.76789684304136
4.266588917742971,77.76789684304136
4.266812528397361,77.77036790041126
4.2668210236386095,77.77036790041126
4.266836464992027,77.77283840853522
4.266923170435141,77.7753083675964
4.267114073142012,77.77777777777779
4.267125468519941,77.77777777777779
4.267481238127478,77.7802466392623
4.267488609348712,77.78271495223284
4.267501400984889,77.78518271687216
4.267846908002548,77.78518271687216
4.268074213852884,77.78764993336294
4.268099133952953,77.79011660188783
4.26825915588427,77.79258272262936
4.268289141410227,77.79504829576996
4.2684311351344935,77.797513321492
4.268470406759663,77.79997779997781
4.268838501423066,77.80244173140954
4.269058996979084,77.80490511596938
4.26915075659332,77.80736795383932
4.269178594208233,77.80983024520137
4.2693024875368515,77.80983024520137
4.269385875020206,77.8122919902374
4.26961476928905,77.81475318912922
4.269890752253618,77.81721384205856
4.269928198814963,77.81967394920706
4.269997738506484,77.81967394920706
4.270219692716091,77.82213351075626
4.270271093500797,77.82459252688768
4.2703459651486915,77.8270509977827
4.270362781442881,77.82950892362265
4.270373142744791,77.82950892362265
4.270412504068198,77.83196630458879
4.270491169554878,77.83442314086224
4.270640288992893,77.83687943262412
4.270708015535775,77.8393351800554
4.270781216386835,77.8393351800554
4.270862494651003,77.84179038333703
4.270900755064867,77.84424504264983
4.270999964826801,77.84669915817457
4.271149304850688,77.84915273009193
4.271152107186948,77.8516057585825
4.271218840873199,77.85405824382681
4.271271588694709,77.85651018600531
4.271447147153296,77.85896158529835
4.2715039168235895,77.86141244188622
4.271586630123073,77.86386275594909
4.271649176136759,77.86631252766712
4.271837074197218,77.86876175722031
4.2719211362746625,77.87121044478867
4.271950144858148,77.87365859055205
4.2719508926579035,77.87610619469027
4.272122791904431,77.87855325738303
4.272263556636789,77.87855325738303
4.272335539241392,77.87855325738303
4.272344621100206,77.88099977881001
4.272369977271698,77.88099977881001
4.27240211303614,77.88099977881001
4.272541845478233,77.88099977881001
4.272732324920624,77.88344575915073
4.27287388628286,77.88344575915073
4.27289350609423,77.8858911985847
4.273027066731967,77.88833609729132
4.273150592132992,77.89078045544993
4.273281511668742,77.89078045544993
4.273286263294624,77.89322427323975
4.273467790311975,77.89566755083996
4.273483719386203,77.89811028842965
4.273834037219752,77.89811028842965
4.27396467347382,77.89811028842965
4.274101751933786,77.90055248618785
4.274102384124996,77.90055248618785
4.274217305389235,77.90299414429344
4.274370050013137,77.90299414429344
4.274408774886187,77.90543526292531
4.274548123860591,77.90787584226223
4.274782544149035,77.91031588248288
4.274814756429981,77.91275538376587
4.27496470459955,77.91275538376587
4.275104544451823,77.91275538376587
4.275537846145553,77.91519434628975
4.275825589405639,77.91763277023297
4.276023125496953,77.9200706557739
4.276103493058186,77.92250800309085
4.276176968202712,77.92494481236203
4.276274474479172,77.9273810837656
4.276459754505437,77.92981681747958
4.276734402463532,77.932252013682
4.276835452357798,77.932252013682
4.276845699980501,77.93468667255074
4.276859938342406,77.93712079426365
4.277170285103081,77.93712079426365
4.277214609815047,77.93712079426365
4.277232246435435,77.93955437899845
4.2772398528632625,77.94198742693284
4.277419129795004,77.94198742693284
4.277737508022715,77.94441993824438
4.27778229065693,77.94441993824438
4.278163137190267,77.94685191311059
4.278184376515903,77.94928335170893
4.278185986276941,77.95171425421672
4.278195283056803,77.95414462081128
4.278196447917718,77.9565744516698
4.278333348231994,77.95900374696936
4.278467272681039,77.96143250688705
4.2784864684996045,77.96386073159982
4.278570524172855,77.96628842128457
4.278668117198734,77.96871557611809
4.278711039777848,77.97114219627713
4.278809630108716,77.97356828193833
4.278822076096276,77.97599383327828
4.2790289437822056,77.97841885047346
4.279212686151568,77.98084333370032
4.279215914768664,77.98326728313518
4.2792793240825295,77.98326728313518
4.279526165708784,77.98569069895433
4.279888576865634,77.98811358133392
4.279941714242869,77.98811358133392
4.280012397402793,77.9905359304501
4.280210917446573,77.99295774647888
4.28024370601596,77.99537902959621
4.28031627899531,77.997799779978
4.280320839524843,77.997799779978
4.280424653816113,78.00021999780003
4.280642003182599,78.002639683238
4.280947638087218,78.002639683238
4.28098829606608,78.00505883646761
4.281070191507854,78.00505883646761
4.28134673317647,78.0074774576644
4.281377923161456,78.00989554700385
4.281417703613022,78.00989554700385
4.281441722036189,78.01231310466139
4.28148421996607,78.01473013081235
4.281502822023975,78.01714662563201
4.2815503762608955,78.01956258929553
4.281902669446497,78.01956258929553
4.282379991950538,78.01956258929553
4.282421578150174,78.02197802197803
4.282636756079638,78.02439292385452
4.282823445726841,78.02680729509997
4.2828660248066015,78.02922113588927
4.282906220441331,78.02922113588927
4.28293070723283,78.03163444639719
4.283037926146661,78.03404722679846
4.283183644883134,78.03404722679846
4.283414670365358,78.03645947726774
4.2834942928026045,78.03887119797957
4.283495756253715,78.04128238910847
4.2834982284325305,78.04369305082885
4.283577868408133,78.04610318331504
4.283961445704254,78.0485127867413
4.28401260714827,78.05092186128184
4.284057109962789,78.05333040711072
4.284063258809656,78.05333040711072
4.284063435967197,78.05573842440202
4.284350287836613,78.05814591332968
4.284367526122519,78.06055287406757
4.284964533463773,78.06055287406757
4.284993903498096,78.06055287406757
4.285042333791389,78.06295930678951
4.285243642306239,78.06536521166922
4.285253670129967,78.06777058888036
4.285340290507242,78.0701754385965
4.2853949063639565,78.07257976099112
4.285706637627715,78.07498355623767
4.285734580430546,78.07738682450947
4.28594921929822,78.07738682450947
4.28597589325851,78.07978956597982
4.286103468169208,78.08219178082192
4.28615492877026,78.08459346920885
4.286195119847523,78.08699463131369
4.286259385674916,78.08939526730938
4.28627321551766,78.09179537736883
4.286281680007609,78.09419496166484
4.286325976363783,78.09659402037016
4.286379288307479,78.09899255365747
4.286482353738118,78.10139056169933
4.2866808404246335,78.10378804466828
4.286702238863794,78.10618500273672
4.286734302172151,78.10858143607706
4.286797122875232,78.10858143607706
4.287082942588835,78.11097734486155
4.287089480332333,78.11337272926242
4.287126176733731,78.1157675894518
4.287147554051016,78.1157675894518
4.287222665978511,78.11816192560175
4.287223718664298,78.12055573788426
4.287378504974476,78.12294902647123
4.287394298199936,78.12534179153451
4.287532375045818,78.12773403324584
4.2875700467170015,78.13012575177693
4.28761783977023,78.13251694729937
4.287678891357105,78.13490761998469
4.287804239473433,78.13729777000438
4.287819324119761,78.13968739752978
4.288031198472338,78.13968739752978
4.288306324147488,78.14207650273224
4.288502355929306,78.14446508578298
4.288737981883879,78.14446508578298
4.288772108049711,78.14685314685315
4.288821508622231,78.14685314685315
4.28882698487872,78.14685314685315
4.288830196912939,78.14924068611384
4.28883471690291,78.14924068611384
4.288864042137748,78.15162770373607
4.288885490989575,78.15401419989078
4.288886666286832,78.1564001747488
4.288947590890145,78.15878562848094
4.288953384974157,78.15878562848094
4.289123010006599,78.15878562848094
4.289260771580528,78.16117056125792
4.289419041894945,78.16355497325036
4.289969752214106,78.16355497325036
4.289976022570248,78.16593886462883
4.289984484729053,78.1683222355638
4.289986979091395,78.17070508622571
4.290303443760653,78.1730874167849
4.290353807785407,78.17546922741161
4.290486408679044,78.17785051827605
4.290932833485373,78.18023128954833
4.291037494041379,78.1826115413985
4.291098467346819,78.1849912739965
4.2912297256490115,78.18737048751227
4.291419841709619,78.18737048751227
4.291588714426135,78.18974918211559
4.291722775242792,78.19212735797623
4.291950460025839,78.19450501526384
4.291999214362793,78.19688215414804
4.29203287901176,78.19925877479834
4.292058539651427,78.2016348773842
4.292105494253309,78.20401046207498
4.292334931992892,78.20401046207498
4.29234639458924,78.20638552903999
4.292450957626632,78.20876007844846
4.29254326329912,78.21113411046954
4.292584674324906,78.21350762527233
4.292726345893143,78.21588062302581
4.292843004578031,78.21825310389895
4.292895558332359,78.22062506806054
4.2929702696223595,78.22299651567944
4.293096102587988,78.22536744692434
4.293173086403585,78.22773786196386
4.293456961873952,78.23010776096659
4.2934839297030605,78.232477144101
4.2935414279253425,78.23484601153552
4.293570690273492,78.23484601153552
4.29365512875467,78.23721436343853
4.29377310820476,78.23958219997824
4.293881098723865,78.23958219997824
4.293906744430179,78.24194952132288
4.2939140072167055,78.24431632764059
4.293961985449823,78.24668261909942
4.29401022488402,78.24904839586732
4.29419539309859,78.24904839586732
4.29434217825665,78.25141365811223
4.294533499685554,78.25377840600196
4.294565668743565,78.25614263970428
4.294683275193277,78.2585063593869
4.29470816820955,78.26086956521739
4.2947997327272525,78.26323225736334
4.294817318673835,78.26559443599218
4.2950661971924395,78.26795610127132
4.295095585553522,78.2703172533681
4.295399539308622,78.27267789244976
4.295495587725144,78.27503801868346
4.295543052809657,78.27503801868346
4.295546215022553,78.27739763223634
4.29563488824701,78.2797567332754
4.295718524388758,78.28211532196764
4.2957191054013455,78.28211532196764
4.295807597001907,78.28447339847992
4.295963944580185,78.28683096297905
4.296138699313176,78.28683096297905
4.296162470368465,78.28683096297905
4.296207858311121,78.28918801563178
4.296291102925886,78.28918801563178
4.29646947283923,78.28918801563178
4.296474140236696,78.28918801563178
4.296651138408568,78.29154455660479
4.296995935759935,78.29154455660479
4.297014749519966,78.29390058606468
4.297043989451721,78.29625610417797
4.297113387264591,78.29861111111111
4.297318398344495,78.30096560703049
4.297422900793446,78.30331959210241
4.297577509611213,78.30567306649311
4.297578679977688,78.30802603036877
4.2977609072310505,78.31037848389546
4.297770858426584,78.3127304272392
4.298000893022244,78.31508186056597
4.298366248223619,78.31508186056597
4.29863820545359,78.31743278404163
4.298760957004131,78.31743278404163
4.298816680368423,78.31978319783198
4.298821572689359,78.32213310210275
4.298861003288198,78.32448249701962
4.299087954799336,78.32683138274817
4.299350090555192,78.3291797594539
4.299430670047128,78.33152762730228
4.299679440588021,78.33387498645867
4.299785989805205,78.33387498645867
4.300113255859856,78.33387498645867
4.300140263779713,78.33622183708839
4.300363116723538,78.33856817935666
4.300900740229301,78.34091401342863
4.3009110458507225,78.34325933946941
4.301017223702236,78.345604157644
4.301414242071614,78.345604157644
4.3014169906243644,78.345604157644
4.301740970415876,78.34794846811735
4.301747489074507,78.35029227105434
4.301827960880106,78.35263556661977
4.302016166817053,78.35263556661977
4.302082542273129,78.35263556661977
4.302297849390101,78.35497835497836
4.302325961450366,78.35497835497836
4.302349787552406,78.35497835497836
4.302392066651436,78.35732063629477
4.302421822199136,78.35732063629477
4.302638240962018,78.3596624107336
4.302785560628833,78.36200367845937
4.302856162160628,78.36434443963653
4.302904521792226,78.36668469442942
4.303005449637194,78.36902444300237
4.303023259724655,78.37136368551963
4.303142056099057,78.37370242214533
4.3031810023644965,78.37370242214533
4.303256129899723,78.37604065304357
4.303264923206383,78.37837837837837
4.303279873747442,78.3807155983137
4.303444964747117,78.38305231301341
4.303533120301484,78.38305231301341
4.303730972128443,78.3853885226413
4.303933861476171,78.38772422736115
4.304580676281128,78.38772422736115
4.304705327032963,78.38772422736115
4.304795036310343,78.39005942733658
4.305156085332777,78.3923941227312
4.305363317572052,78.39472831370854
4.305663703957679,78.39706200043206
4.305753883535292,78.39706200043206
4.3057830306778255,78.39939518306512
4.306033442276541,78.39939518306512
4.306067493891994,78.40172786177105
4.306102581978918,78.40406003671309
4.306326961889241,78.40639170805441
4.3064792877230005,78.40872287595812
4.306806033605391,78.40872287595812
4.307031298494946,78.41105354058722
4.307039751623296,78.4133837021047
4.307115751582727,78.41571336067344
4.307342136476541,78.41804251645624
4.3074239626188815,78.42037116961589
4.307476453234367,78.42269932031502
4.307515425525083,78.42269932031502
4.307844626257446,78.4250269687163
4.307898521316653,78.42735411498221
4.3079626403145,78.42968075927523
4.307995407321805,78.43200690175779
4.3081851578672286,78.43433254259219
4.308215254461111,78.4366576819407
4.308330971562117,78.4389823199655
4.30836358671735,78.44130645682871
4.308454355594701,78.44130645682871
4.3085435609031455,78.4436300926924
4.308561600370702,78.4436300926924
4.309180752680306,78.4459532277185
4.30933214803712,78.44827586206897
4.309354789990588,78.44827586206897
4.3094054103554615,78.44827586206897
4.309416600630748,78.45059799590561
4.309709495270697,78.45291962939022
4.3098986938507595,78.45524076268447
4.310194069254582,78.45524076268447
4.310529841928617,78.45756139595002
4.310557397187912,78.45988152934841
4.310699337661739,78.46220116304113
4.310959322119848,78.46452029718962
4.310968926379698,78.46452029718962
4.3110924201467045,78.46452029718962
4.311158120628947,78.46683893195521
4.311168450449545,78.4691570674992
4.311241481727693,78.4691570674992
4.311344298113763,78.4691570674992
4.311429024442921,78.47147470398278
4.311453418983033,78.4737918415671
4.31146830979856,78.4737918415671
4.311765558199748,78.47610848041326
4.311826811502894,78.47610848041326
4.311909936275807,78.47842462068223
4.312012486136075,78.48074026253497
4.312072339128962,78.48305540613232
4.31210036328967,78.48305540613232
4.312102040136258,78.48537005163512
4.312129112401295,78.48768419920404
4.312152577797192,78.48999784899978
4.312245643847137,78.49231100118293
4.312261107934465,78.49462365591397
4.312263890109341,78.4969358133534
4.312342061636215,78.49924747366158
4.3123540345071225,78.50155863699881
4.312448253653261,78.50386930352536
4.312709204373269,78.50617947340139
4.312791952493105,78.50617947340139
4.312966162281878,78.50848914678701
4.313030330306849,78.51079832384227
4.313113015639129,78.51310700472712
4.313154434998316,78.51310700472712
4.313485301533573,78.51541518960146
4.313525362722771,78.51541518960146
4.313608630720051,78.51541518960146
4.3136785454595925,78.51772287862514
4.314207451718243,78.5200300719579
4.314304296602462,78.52233676975945
4.314344963202446,78.52464297218941
4.314458679555316,78.52694867940735
4.314468399234417,78.52925389157274
4.314625867279671,78.531558608845
4.314642589500022,78.53386283138349
4.3147154098888185,78.53616655934749
4.314814887250624,78.53616655934749
4.3148179831805,78.53616655934749
4.315001247726443,78.53616655934749
4.315240710055121,78.53846979289624
4.315378217012572,78.54077253218884
4.315562791355236,78.5430747773844
4.31574418254183,78.5430747773844
4.315761857898761,78.54537652864192
4.315989636840571,78.54767778612035
4.316078652336017,78.54997854997855
4.31632418808316,78.55227882037534
4.316374263094356,78.55457859746944
4.3163782195820914,78.55457859746944
4.3166709717722025,78.55687788141954
4.316696309222483,78.55687788141954
4.316743118959731,78.55917667238423
4.316749729205394,78.56147497052203
4.316833753097211,78.56147497052203
4.316970860448064,78.56147497052203
4.317027934544994,78.56377277599142
4.317073415411364,78.56607008895081
4.317196302224661,78.5683669095585
4.31732560434923,78.57066323797278
4.317764524175745,78.57295907435183
4.317923392976342,78.57295907435183
4.317958171557161,78.57525441885377
4.3179976693698485,78.57525441885377
4.318005616171795,78.57754927163667
4.318037494556911,78.57754927163667
4.318040114067386,78.57984363285851
4.318166666039083,78.58213750267723
4.318206882049325,78.58443088125067
4.318342894055347,78.58672376873662
4.318529198889845,78.58901616529279
4.318638356719796,78.59130807107687
4.3187185511556505,78.59359948624639
4.318735442677723,78.5958904109589
4.318758227595976,78.59818084537186
4.319216811917507,78.60047078964263
4.319583606483857,78.60276024392854
4.319640244414404,78.60276024392854
4.319719479500829,78.60504920838682
4.3197274623366795,78.60733768317468
4.3197684490896515,78.6096256684492
4.319808524033934,78.6096256684492
4.319962204983735,78.61191316436744
4.320040474291102,78.6142001710864
4.320264005160688,78.61648668876296
4.320297609803318,78.61648668876296
4.320373910797744,78.61877271755398
4.320429380423623,78.61877271755398
4.320470791369442,78.62105825761626
4.320531387248604,78.62334330910645
4.32055189360004,78.62562787218125
4.320598270724355,78.62562787218125
4.3209977795424,78.62791194699722
4.321034814794917,78.63019553371086
4.321131306369498,78.63247863247864
4.3211651323068105,78.6347612434569
4.32142666181942,78.63704336680196
4.321498117338255,78.63932500267008
4.3216639472042,78.64160615121743
4.321985036099554,78.64160615121743
4.322008473715143,78.6438868126001
4.322085566657631,78.64616698697417
4.322092008130462,78.64616698697417
4.32223691350197,78.64844667449556
4.322239654017169,78.65072587532023
4.322539806800049,78.65300458960401
4.322648511318681,78.65528281750267
4.322689847779255,78.65756055917191
4.322836526762794,78.65756055917191
4.322870859811822,78.6598378147674
4.323066324089063,78.6598378147674
4.3231080943048195,78.6598378147674
4.323177242388793,78.66211458444468
4.323286716819696,78.66211458444468
4.323333904272789,78.66439086835929
4.323480468455632,78.66666666666666
4.323555105197931,78.66894197952219
4.323767616950611,78.67121680708115
4.3238056341427855,78.67349114949883
4.323922966662536,78.67576500693038
4.3240720253870375,78.67576500693038
4.324368002881377,78.67803837953092
4.324653970871859,78.6803112674555
4.324993032058398,78.6803112674555
4.325470006147831,78.6825836708591
4.325548994424957,78.68485558989661
4.325836277561308,78.68485558989661
4.32584817886322,78.68712702472294
4.325961660103559,78.68939797549281
4.326011310250461,78.69166844236096
4.326111875574869,78.69393842548205
4.3262030688641016,78.69620792501065
4.326260068107232,78.69847694110129
4.326410498836475,78.70074547390841
4.326441313091109,78.7030135235864
4.326919180196253,78.7052810902896
4.32728637781891,78.7052810902896
4.327470768496517,78.70754817417226
4.327484615544527,78.70981477538854
4.3275454996043425,78.71208089409261
4.327655888073266,78.71434653043849
4.327662400514732,78.71434653043849
4.327713043489937,78.71434653043849
4.327745028781776,78.71661168458019
4.328179931208857,78.71887635667163
4.328201098678402,78.71887635667163
4.328202397696464,78.72114054686669
4.328300370116562,78.72340425531915
4.32848551331072,78.72566748218274
4.328520995422695,78.72793022761114
4.328571445655191,78.72793022761114
4.328649305893602,78.73019249175795
4.328716326268791,78.73245427477669
4.32871905035228,78.73471557682083
4.328990375315166,78.7369763980438
4.329228604662529,78.7369763980438
4.329240121570855,78.73923673859892
4.329254433511273,78.74149659863946
4.329760886559307,78.74375597831863
4.3299016290067645,78.74601487778958
4.330163304288781,78.7482732972054
4.330470194581367,78.75053123671908
4.330495737734084,78.75278869648359
4.330732485446127,78.75278869648359
4.330792688283178,78.75504567665179
4.330973580444291,78.75730217737653
4.331060835132184,78.75730217737653
4.331115940146514,78.75955819881054
4.331341414591305,78.76181374110651
4.331426494984135,78.76406880441708
4.33166367573288,78.76632338889479
4.331809526840014,78.76857749469215
4.332014988717362,78.77083112196158
4.332032562934994,78.77308427085545
4.332090298727439,78.77308427085545
4.332148125718648,78.77533694152605
4.332189393009409,78.77758913412563
4.332220582751297,78.77984084880637
4.332343187631488,78.78209208572035
4.332426765723593,78.78434284501962
4.332531549801389,78.78659312685618
4.33256946922211,78.78884293138191
4.332571967747413,78.78884293138191
4.33287657432606,78.79109225874868
4.332910032172804,78.79334110910825
4.33297946644146,78.79558948261239
4.333162753408952,78.7978373794127
4.333235583908925,78.7978373794127
4.333288726982433,78.8000847996608
4.333349690468641,78.8000847996608
4.333412852412733,78.8000847996608
4.333419882418896,78.80233174350822
4.333587039062989,78.8045782111064
4.333597820645796,78.80682420260676
4.334116457250339,78.80906971816063
4.334123782519145,78.81131475791928
4.334224727581118,78.81131475791928
4.334262983411873,78.8135593220339
4.334368758339003,78.81580341065565
4.334372697858252,78.8180470239356
4.334467991976408,78.82029016202478
4.334515236065461,78.82253282507412
4.33478373024353,78.82477501323451
4.334912842973985,78.82701672665678
4.3349148088203755,78.82925796549169
4.3350206702849885,78.83149872988993
4.335270505663158,78.83373902000211
4.335490070092005,78.83597883597884
4.335524991772175,78.83821817797059
4.335680425085786,78.8404570461278
4.3358581581576185,78.84269544060086
4.335859482336393,78.84493336154009
4.335884517001183,78.84717080909572
4.335910015151388,78.84940778341793
4.335940980750793,78.85164428465686
4.335989246603635,78.85388031296257
4.336243431200419,78.85611586848505
4.336310563854731,78.8583509513742
4.336389788452816,78.86058556177994
4.33645775044147,78.86281969985204
4.336468655679655,78.86505336574025
4.33651590164753,78.86728655959425
4.336578628603162,78.86951928156365
4.336846887731059,78.86951928156365
4.337071505977982,78.87175153179801
4.337146871732319,78.87398331044682
4.337149177803033,78.87621461765949
4.33717839266789,78.87844545358539
4.337215485871859,78.88067581837382
4.337370489430711,78.88067581837382
4.337380258391262,78.882905712174
4.337396647170606,78.88513513513513
4.337452006178368,78.88736408740631
4.337484303504809,78.88959256913658
4.3376425468688895,78.89182058047494
4.337668032079653,78.89404812157028
4.337761880916043,78.89627519257148
4.337784537703476,78.89850179362735
4.337836501736877,78.89850179362735
4.3378803163444255,78.89850179362735
4.3380685915849355,78.9007279248866
4.338231879673569,78.90295358649789
4.3382728108920094,78.90517877860985
4.338298050517682,78.90740350137102
4.338354396550538,78.90962775492987
4.338372895005183,78.91185153943483
4.338433464947818,78.91407485503427
4.338458423920486,78.91629770187645
4.338510579613668,78.91629770187645
4.338540575995384,78.91852008010962
4.338542618405658,78.92074198988196
4.338649683320366,78.92296343134156
4.3386566021403175,78.92296343134156
4.338659257382862,78.92296343134156
4.338790500540719,78.92518440463647
4.338883317272573,78.92740490991466
4.339006104254779,78.92740490991466
4.339075913685075,78.92740490991466
4.339096651822378,78.92962494732406
4.339160474985384,78.93184451701254
4.339347757671436,78.93406361912787
4.339621352517852,78.93628225381781
4.3396514343664085,78.93850042122999
4.339740649923475,78.94071812151205
4.339774918668418,78.94293535481154
4.339959454707055,78.94515212127592
4.340107847793803,78.94736842105263
4.340331916435266,78.94958425428902
4.340354934643314,78.9517996211324
4.340537682063415,78.9517996211324
4.340586169462326,78.9517996211324
4.340790756615196,78.95401452172997
4.340797433667139,78.95622895622895
4.340806815380893,78.95622895622895
4.340996994211921,78.95844292477643
4.3411185708274065,78.95844292477643
4.341154891632754,78.96065642751947
4.341327931118613,78.96065642751947
4.341379116610389,78.96286946460502
4.34142834460894,78.96508203618005
4.3414854215478815,78.96729414239142
4.341588464092735,78.96950578338591
4.34166272748859,78.97171695931027
4.341758608278484,78.97392767031118
4.341836706556329,78.97613791653527
4.3419475747442755,78.97834769812907
4.342382924400529,78.9805570152391
4.342413680051958,78.98276586801177
4.342606518800391,78.98497425659346
4.3427141623923085,78.98718218113049
4.342730566882809,78.9893896417691
4.342853271980174,78.99159663865547
4.343363071265534,78.99380317193572
4.3436456715730785,78.99600924175594
4.343748627511426,78.99821484826211
4.343776748132591,79.00041999160017
4.344087380174436,79.00262467191601
4.3441403761832404,79.00482888935545
4.344240929403955,79.00703264406424
4.344481312726838,79.00923593618808
4.344499648787482,79.00923593618808
4.344936759513635,79.0114387658726
4.345059358676054,79.01364113326338
4.345199618606381,79.01584303850593
4.3457029202671755,79.01584303850593
4.345859454470643,79.0180444817457
4.345899740568447,79.02024546312808
4.346139511439483,79.0224459827984
4.3462188850025685,79.0224459827984
4.346305589840906,79.0224459827984
4.346364285798078,79.02464604090194
4.346606152625095,79.0268456375839
4.346773762886233,79.02904477298941
4.3469877264119665,79.03124344726358
4.347085915780742,79.03344166055142
4.347190780446123,79.03563941299791
4.347264944230744,79.03563941299791
4.34735328726125,79.03783670474793
4.347427943378919,79.03783670474793
4.347493363795542,79.03783670474793
4.347761522894665,79.04003353594634
4.3478353325655865,79.04003353594634
4.347841959274294,79.04003353594634
4.347843284510043,79.04222990673793
4.348116845724737,79.04222990673793
4.3481548690548015,79.0444258172674
4.348245983090266,79.04662126767941
4.348289298011395,79.04881625811858
4.348382879142996,79.04881625811858
4.348807473604005,79.05101078872944
4.348886916627712,79.05320485965646
4.348941339034205,79.05320485965646
4.348972544511613,79.05539847104409
4.349048861718218,79.05759162303664
4.349154314477854,79.05978431577844
4.349348119687468,79.06197654941374
4.34936289644561,79.06416832408667
4.3493855043086045,79.06635963994138
4.349533469185192,79.06635963994138
4.34954016521842,79.06635963994138
4.349587628283526,79.06855049712192
4.349872144164378,79.07074089577229
4.350012075582083,79.07293083603642
4.350085967892351,79.07512031805817
4.350160333853476,79.07730934198139
4.350596122361178,79.07730934198139
4.350614462955919,79.07949790794979
4.350905929751699,79.0816860161071
4.350916377250658,79.08387366659694
4.351473797985814,79.08387366659694
4.351820848385866,79.0860608595629
4.351877475613903,79.08824759514847
4.351901644086558,79.09043387349712
4.351934110542251,79.09043387349712
4.351948759655356,79.09261969475226
4.351975360312609,79.09261969475226
4.352243361856969,79.09480505905717
4.352254278818778,79.09480505905717
4.352289994989493,79.09698996655518
4.352397461745416,79.09917441738948
4.352436790344195,79.10135841170323
4.3524810165364425,79.10135841170323
4.352489349689261,79.10354194963953
4.352667896585189,79.10572503134141
4.352747403308032,79.10790765695185
4.352765774491749,79.11008982661374
4.352846025086746,79.11227154046998
4.352888287591137,79.11445279866332
4.3529916143226055,79.11663360133655
4.353268848164874,79.11881394863228
4.353400626145259,79.12099384069319
4.3536604018302745,79.12099384069319
4.35369416526681,79.12317327766179
4.353845070329794,79.12535225968061
4.353911962497997,79.12753078689208
4.354233366518492,79.12970885943858
4.35447452334381,79.13188647746243
4.354486381386198,79.13406364110588
4.354517496384519,79.13624035051117
4.354555799539557,79.13624035051117
4.35458495796188,79.13841660582038
4.354798713815195,79.14059240717563
4.354814254137229,79.14276775471895
4.354932491126701,79.14494264859229
4.35496278746427,79.14711708893755
4.355192554850667,79.14711708893755
4.355215828489418,79.14929107589657
4.355727967030604,79.14929107589657
4.3558708762279945,79.15146460961118
4.356083443328798,79.15363769022305
4.356133996281683,79.1558103178739
4.356143590080784,79.15798249270529
4.356201406191939,79.1601542148588
4.356434309888008,79.16232548447594
4.356532386446678,79.1644963016981
4.356576052755392,79.1644963016981
4.356583332641425,79.16666666666666
4.356908890798118,79.16883657952296
4.356995469298775,79.17100604040824
4.357065220138342,79.17317504946371
4.357116012516,79.17534360683048
4.3571515089786566,79.17534360683048
4.357170055921034,79.17534360683048
4.357422234101919,79.17534360683048
4.3574324644761555,79.17751171264966
4.35753149588644,79.17751171264966
4.3576565058334396,79.17967936706225
4.357697115696817,79.18184657020923
4.3577094558273926,79.18401332223148
4.357769020411331,79.18617962326985
4.357876659838244,79.18834547346513
4.357906950087152,79.19051087295806
4.358011682412937,79.1926758218893
4.358076802138763,79.19484032039946
4.358162358677595,79.19484032039946
4.358238684046561,79.19700436862908
4.3584590481597045,79.19700436862908
4.358524115513607,79.19916796671866
4.358632967737747,79.20133111480865
4.358633634344089,79.20133111480865
4.358791170772392,79.2034938130394
4.358814645159777,79.20565606155125
4.358824123853575,79.20781786048445
4.3588660594355675,79.20997920997921
4.358926508966321,79.21214011017565
4.35904026012495,79.21430056121388
4.359046512742856,79.21646056323391
4.359053976205145,79.21862011637573
4.359216355542458,79.21862011637573
4.359222174272712,79.21862011637573
4.359348466710614,79.22077922077922
4.359356737195053,79.22293787658425
4.359382400923436,79.22509608393061
4.359455405222077,79.22725384295804
4.359552508264968,79.22941115380621
4.359666993593083,79.23156801661474
4.359740923410614,79.23156801661474
4.359791038751628,79.23372443152321
4.359797502506386,79.2358803986711
4.359854690726249,79.23803591819785
4.359942318127458,79.2401909902429
4.3600606395211035,79.2423456149455
4.360170678709829,79.244499792445
4.360271877018593,79.24665352288056
4.360386281590412,79.24880680639137
4.3604818986768255,79.2509596431165
4.360485250937175,79.25311203319502
4.360812627307421,79.2552639767659
4.3608634749823825,79.25741547396805
4.360965982680814,79.25956652494037
4.3610299402861195,79.26171712982165
4.361079805789971,79.26386728875065
4.361242681412956,79.26601700186606
4.361283221107274,79.26816626930652
4.361371914294296,79.27031509121062
4.3616375231443,79.27246346771686
4.361670507985346,79.27246346771686
4.361792984500842,79.27461139896373
4.361810874442888,79.27675888508962
4.361831346933628,79.2789059262329
4.36187660844581,79.28105252253187
4.3619152445227405,79.2831986741247
4.361931811556416,79.28534438114966
4.362262663128922,79.28748964374482
4.362566083329421,79.28963446204826
4.362634140818206,79.28963446204826
4.362667376074444,79.28963446204826
4.362706301293965,79.29177883619796
4.362769814167845,79.29392276633192
4.362779029824864,79.29606625258799
4.362844868241161,79.29820929510403
4.362960973571686,79.30035189401781
4.362973505422929,79.30249404946704
4.363028971606884,79.30463576158941
4.363076148442563,79.3067770305225
4.363180629956199,79.3089178564039
4.363395879197608,79.31105823937105
4.363411488978759,79.31319817956144
4.3634938957431855,79.31533767711242
4.363534573718673,79.31747673216132
4.363587361893841,79.31961534484542
4.36360236902674,79.3217535153019
4.364046049882913,79.32389124366794
4.3640818542156605,79.32389124366794
4.3642654423761975,79.32602853008063
4.36440105900504,79.32816537467701
4.3644397175581355,79.33030177759404
4.364990483203375,79.3324377389687
4.365239916432306,79.33457325893781
4.365354315404537,79.33670833763819
4.3653958573570035,79.33884297520662
4.365401278908567,79.34097717177977
4.365489561297543,79.34311092749432
4.36560928094122,79.34524424248683
4.365632239357211,79.34524424248683
4.365698699406689,79.34737711689385
4.365771163211648,79.34950955085183
4.3659607557796045,79.35164154449721
4.366016552415189,79.35377309796635
4.366098242581352,79.35590421139554
4.366104840700494,79.35803488492105
4.366110239934827,79.36016511867905
4.366115038914688,79.3622949128057
4.366632515478944,79.36442426743706
4.36692916061724,79.36655318270918
4.367198071703361,79.368681658758
4.367208469978146,79.37080969571944
4.36724735584352,79.37293729372938
4.3673022475809296,79.37506445292358
4.3673663049903695,79.37719117343782
4.367442724636623,79.37931745540777
4.367490750961543,79.38144329896907
4.367642383234031,79.38144329896907
4.367695807625015,79.38356870425729
4.367760460356,79.38569367140795
4.367851050836881,79.38781820055652
4.368019755161025,79.38994229183842
4.368097326580333,79.39206594538898
4.36810617999102,79.39206594538898
4.368127141244962,79.39206594538898
4.368192702856941,79.39206594538898
4.368313654536971,79.3941891613435
4.368366859374556,79.39631193983723
4.36836874874057,79.39843428100536
4.368387354811657,79.39843428100536
4.368421569321704,79.39843428100536
4.368456101287799,79.39843428100536
4.3685925504656735,79.400556184983
4.368684313330981,79.40267765190525
4.368738767894023,79.40479868190712
4.368845239124132,79.40691927512356
4.369558492583352,79.40691927512356
4.369704847088866,79.4090394316895
4.3701533429605615,79.41115915173975
4.370188278351794,79.41327843540917
4.3702405694615925,79.41539728283244
4.370318302399999,79.41751569414429
4.370407302918898,79.41751569414429
4.370463732057533,79.41963366947931
4.370620425162837,79.42175120897211
4.370678454074895,79.42386831275721
4.37070194322686,79.42386831275721
4.370777792513913,79.42598498096903
4.370884857345299,79.42810121374202
4.37088800203223,79.42810121374202
4.371036323760671,79.43021701121053
4.371059913444572,79.43233237350884
4.371242720880367,79.43233237350884
4.371261194005248,79.43233237350884
4.371341670452349,79.43233237350884
4.371395083849177,79.43233237350884
4.371517068921403,79.43444730077121
4.371588561860921,79.43656179313182
4.371704056466661,79.43867585072478
4.371710462767795,79.44078947368422
4.371822722778603,79.44078947368422
4.372122421660358,79.4429026621441
4.372131235396608,79.4429026621441
4.372425820048643,79.44501541623843
4.372520855671073,79.44712773610112
4.372905157279431,79.44923962186601
4.373043101923488,79.44923962186601
4.373076972235853,79.45135107366691
4.373098367981377,79.45346209163756
4.373122839078211,79.45557267591165
4.373315073143082,79.45557267591165
4.373362439644841,79.45557267591165
4.373431705386261,79.45768282662284
4.373444006413744,79.45768282662284
4.373618921561706,79.4597925439047
4.373664249987642,79.46190182789074
4.373767305817218,79.46401067871444
4.373987130867221,79.46611909650923
4.374220424944003,79.46611909650923
4.374285384242853,79.46822708140849
4.374322691654645,79.47033463354546
4.374343752809906,79.47244175305347
4.374565984417367,79.47454844006569
4.37456889346308,79.47454844006569
4.374972544385157,79.47665469471524
4.375198894360499,79.47665469471524
4.375310188325889,79.47876051713524
4.375357035934905,79.4808659074587
4.375413019423336,79.48297086581863
4.375776494810637,79.48297086581863
4.375803960793703,79.48507539234794
4.375944944406798,79.48507539234794
4.376058582128548,79.48507539234794
4.376134339301293,79.48507539234794
4.37619239462336,79.48717948717949
4.376249300912545,79.48928315044611
4.3763367213432085,79.49138638228057
4.376351144702496,79.49348918281555
4.376512239754005,79.49559155218373
4.3765460419693145,79.49769349051769
4.376634144941736,79.49979499794998
4.376727223218178,79.5018960746131
4.376732859476488,79.50399672063948
4.376781030745118,79.50399672063948
4.376849191170027,79.5060969361615
4.377428783104263,79.50819672131148
4.377546955880694,79.51029607622169
4.377688597624199,79.51029607622169
4.3778977112736825,79.51239500102439
4.377903800338034,79.5144934958517
4.37799560316129,79.51659156083572
4.377999942985939,79.51868919610855
4.378384180349064,79.51868919610855
4.378405038476913,79.52078640180217
4.378465555825932,79.52288317804853
4.379522193279055,79.52497952497953
4.379618035566349,79.527075442727
4.379831840648648,79.527075442727
4.379832357841234,79.52917093142273
4.379850520124011,79.53126599119844
4.379878567681176,79.53336062218584
4.3802620806144,79.53545482451652
4.38038248925568,79.53545482451652
4.380547030928531,79.53754859832209
4.380781293316393,79.53964194373401
4.380791301496163,79.54173486088379
4.381004348244756,79.54382734990283
4.381063854105677,79.54382734990283
4.381238179743045,79.54591941092248
4.381411862531735,79.54801104407404
4.38147736098542,79.54801104407404
4.381495837446045,79.55010224948876
4.381730087777561,79.55010224948876
4.381852846943756,79.55219302729782
4.381905818183873,79.55428337763239
4.382063062056045,79.55637330062353
4.382198477460677,79.55846279640228
4.3823274734235165,79.56055186509964
4.382374611313995,79.56264050684652
4.382409190883482,79.56472872177378
4.382542391840318,79.56681651001226
4.382572548255226,79.56890387169273
4.382683180324774,79.57099080694586
4.382771577967876,79.57307731590237
4.382813923971115,79.57307731590237
4.382822977540404,79.57516339869281
4.383154857959944,79.57724905544778
4.383243234338087,79.57933428629774
4.383319422371037,79.58141909137315
4.383347803989181,79.5835034708044
4.383490812118282,79.58558742472185
4.384076069852882,79.58767095325577
4.3841211000952365,79.58767095325577
4.384273102749188,79.58975405653638
4.3845806058817445,79.59183673469387
4.384597645454718,79.59391898785839
4.384882544692187,79.59600081615996
4.384974012166031,79.59808221972865
4.3849943826120334,79.6001631986944
4.385072447543867,79.6001631986944
4.385196484367055,79.60224375318715
4.38537599366459,79.60432388333673
4.385527948258443,79.60640358927297
4.385668639163386,79.6084828711256
4.385815886392861,79.61056172902437
4.385968788568139,79.61264016309887
4.386063294600296,79.61471817347875
4.386153363762607,79.61679576029351
4.386363471113803,79.61887292367268
4.38641474340009,79.62094966374566
4.386437740580015,79.62094966374566
4.386741331424887,79.62302598064187
4.386742118406778,79.62510187449062
4.386887706639981,79.6271773454212
4.386907171365252,79.62925239356284
4.386982612137927,79.62925239356284
4.387163440972707,79.6313270190447
4.387258323072251,79.63340122199592
4.387515898643652,79.63547500254556
4.387536370127372,79.63754836082263
4.387976906976708,79.63754836082263
4.38809549671632,79.63962129695612
4.388291847953484,79.63962129695612
4.388443990635927,79.63962129695612
4.388515882051152,79.64169381107492
4.388597292137847,79.64376590330788
4.388677646384322,79.64376590330788
4.388714432187871,79.64583757378384
4.388721372353643,79.64790882263154
4.388730351042393,79.64997964997966
4.388792004107615,79.64997964997966
4.388833387695121,79.65205005595686
4.388884217935515,79.65412004069175
4.389006636482662,79.65618960431289
4.389244343578485,79.65825874694875
4.3893770878122975,79.66032746872776
4.389537748058957,79.66239576977831
4.389622659868046,79.66446365022878
4.389728811294889,79.6665311102074
4.389889990517447,79.6665311102074
4.389923384146843,79.6665311102074
4.389960725486577,79.66859814984242
4.39003681419875,79.67066476926205
4.3901458190338944,79.67066476926205
4.390274832897366,79.67273096859438
4.390365978505346,79.67273096859438
4.390444759545466,79.67479674796748
4.390600541120022,79.67479674796748
4.3906275996961135,79.6768621075094
4.390662460950206,79.6789270473481
4.3907517659778685,79.6809915676115
4.390883080641435,79.68305566842747
4.390974831060546,79.68511934992381
4.3910592639770725,79.68718261222831
4.39110010819757,79.68718261222831
4.391162459885864,79.68924545546867
4.391228387816421,79.69130787977254
4.391240455338088,79.69336988526754
4.3914213067347205,79.69543147208121
4.3914595939854175,79.69749264034108
4.391486871327604,79.69955339017459
4.391551375405065,79.70161372170912
4.391660723697575,79.70367363507205
4.391728874308343,79.70573313039067
4.391949477701895,79.70779220779221
4.391992035116824,79.70985086740387
4.392271328812614,79.7119091093528
4.3924208401316625,79.7139669337661
4.392522819859874,79.71602434077079
4.39291936804058,79.71808133049386
4.393269833815896,79.72013790306227
4.393274938566525,79.72219405860285
4.393659149072937,79.72424979724249
4.393671301497432,79.72630511910795
4.393979460554049,79.72836002432598
4.394077585637078,79.7304145130232
4.394334063888147,79.73246858532632
4.394491884079715,79.73452224136184
4.394623904442234,79.73452224136184
4.394640384905337,79.73657548125634
4.394728862007354,79.73657548125634
4.394733090326606,79.73862830513626
4.394741903250932,79.74068071312804
4.3947826197781605,79.74273270535804
4.395117083446967,79.7447842819526
4.3951796781002175,79.74683544303798
4.395257123297282,79.74888618874037
4.395336402328226,79.75093651918598
4.395368944869416,79.75298643450091
4.395523830494297,79.75503593481122
4.395899225834852,79.75708502024291
4.396105321626371,79.75708502024291
4.396146107358847,79.75913369092197
4.396220980383911,79.7611819469743
4.396403020131295,79.76322978852575
4.396440870632414,79.76527721570214
4.396481381744525,79.76732422862923
4.39663456785051,79.76937082743272
4.396647545565082,79.76937082743272
4.396703433487997,79.77141701223829
4.396835685236912,79.77141701223829
4.3968471652457195,79.77346278317152
4.397046703146171,79.77550814035797
4.397072307045162,79.77550814035797
4.397134978903536,79.77755308392315
4.397252423376047,79.77959761399251
4.397298543695441,79.77959761399251
4.397311654790553,79.78164173069146
4.397494057111861,79.78164173069146
4.397656349341902,79.78368543414535
4.397763461625308,79.78572872447948
4.397824351516526,79.7877716018191
4.397827022177503,79.78981406628941
4.397870488292203,79.78981406628941
4.398046497720024,79.79185611801556
4.398198941029043,79.79185611801556
4.3982350579611085,79.79389775712265
4.3983461191637545,79.79593898373572
4.398361153847185,79.79593898373572
4.39852117152938,79.7979797979798
4.3990366819003235,79.8000201999798
4.399141403737368,79.80206018986064
4.399295070053902,79.80409976774715
4.399356852285288,79.80613893376413
4.399508663893396,79.80817768803634
4.3997396328443035,79.81021603068848
4.399942573602324,79.81225396184516
4.399978083155112,79.814291481631
4.400373462825038,79.81632859017054
4.400448444337167,79.8183652875883
4.4005044580918895,79.82040157400868
4.4005687732019885,79.82243744955609
4.4007332286039045,79.82447291435489
4.400754021948622,79.82650796852934
4.400769246714256,79.82854261220373
4.400908456157452,79.83057684550222
4.401049999639407,79.83261066854895
4.401254452844528,79.83464408146804
4.401264394530447,79.83667708438351
4.401297124018462,79.83870967741935
4.4013189432086,79.84074186069952
4.401332501389569,79.84074186069952
4.401446012307101,79.84277363434792
4.401454692523126,79.84480499848836
4.40156006815893,79.84683595324465
4.401620909020237,79.84886649874056
4.40168270654392,79.85089663509973
4.402369335010492,79.85292636244586
4.4023988590420515,79.85495568090249
4.402598011912966,79.85698459059321
4.402996703251634,79.8590130916415
4.403169560038147,79.86104118417077
4.403196189819027,79.86104118417077
4.403250980311052,79.86306886830447
4.403591184323802,79.86509614416592
4.40366528646366,79.86712301187839
4.403847178358595,79.86914947156517
4.403896845028042,79.87117552334944
4.40393519538519,79.87320116735434
4.403993922278097,79.87522640370295
4.404229198262152,79.87725123251836
4.404507267220244,79.87927565392354
4.4045375031536365,79.88129966804145
4.404587182295695,79.88129966804145
4.404688683232382,79.88332327499496
4.404725097576407,79.88534647490697
4.404804607987599,79.88736926790024
4.4048799740236,79.88939165409754
4.4048815287295575,79.89141363362155
4.405046098890424,79.89343520659496
4.405187215821463,79.89343520659496
4.4053333940891335,79.89545637314033
4.40537184649935,79.89747713338024
4.405661627742559,79.89949748743719
4.406026437018028,79.90151743543362
4.406032788337066,79.90151743543362
4.406318698057391,79.90353697749197
4.406507577369041,79.90555611373455
4.4066526755272895,79.9075748442837
4.406673581963619,79.90959316926167
4.406773903964588,79.91161108879068
4.406807090769904,79.91362860299287
4.406876631141618,79.91564571199035
4.407192825820899,79.91766241590521
4.407237017001992,79.91967871485943
4.4072537146072,79.921694608975
4.407311729022168,79.92371009837382
4.407510912349075,79.92371009837382
4.407522982041189,79.92572518317775
4.407670885196255,79.92773986350863
4.4078142475712925,79.92975413948821
4.4079297585421555,79.93176801123822
4.408009894196272,79.9337814788803
4.408196813103947,79.9337814788803
4.408303288840781,79.93579454253612
4.408435995874175,79.93579454253612
4.40850158780539,79.93780720232722
4.408643307946981,79.93780720232722
4.408729096606826,79.93981945837513
4.408802223836278,79.93981945837513
4.408959766830098,79.93981945837513
4.408968635611129,79.94183131080132
4.408977813271722,79.94384275972723
4.409028248836116,79.94585380527424
4.409132930599513,79.94585380527424
4.40926793956391,79.94786444756366
4.409281005508632,79.9498746867168
4.409305937182975,79.95188452285485
4.4096520547681175,79.95389395609904
4.409752645520539,79.95590298657046
4.409859101786126,79.95791161439023
4.40991019932114,79.95991983967936
4.409920420211473,79.96192766255886
4.410014552424644,79.96393508314968
4.410122598288251,79.96594210157268
4.410238634116191,79.96794871794873
4.41026464486069,79.96794871794873
4.410396742095711,79.96995493239861
4.410516768728406,79.97196074504306
4.410525679905206,79.9739661560028
4.4107642538002345,79.97597116539848
4.410872950027849,79.97797577335068
4.410950035205387,79.97997997997997
4.411040397797734,79.98198378540687
4.411061858173665,79.98198378540687
4.411126892975113,79.9839871897518
4.411157576984153,79.9859901931352
4.411259990580747,79.9859901931352
4.411310718794911,79.9859901931352
4.411325412974057,79.98799279567741
4.411483291037516,79.98799279567741
4.41155113463392,79.98999499749874
4.411566495172834,79.99199679871948
4.411775263538779,79.99399819945984
4.411881289758758,79.99599919983997
4.411942991614692,79.99799979998001
4.412015857895102,80.0
4.412133748567919,80.00199980002
4.41213851471679,80.00199980002
4.412161610878064,80.00399920015997
4.41228300263602,80.00399920015997
4.412353970119895,80.00599820053984
4.412400108315012,80.00799680127949
4.412470123986055,80.00999500249874
4.412534447995829,80.00999500249874
4.4125919006008845,80.01199280431742
4.4127953352157645,80.0139902068552
4.412874175084939,80.01598721023181
4.412943469526905,80.01798381456689
4.413021192330991,80.01798381456689
4.413155518824196,80.01798381456689
4.413243445105497,80.01998001998003
4.413251243666589,80.02197582659075
4.413323062943828,80.02197582659075
4.413413067165433,80.02397123451857
4.413602143310458,80.02596624388295
4.41363873704511,80.02596624388295
4.413733711353602,80.02796085480327
4.413979364172394,80.0299550673989
4.4140385198121646,80.03194888178913
4.414108517948733,80.03194888178913
4.414308730551679,80.03394229809324
4.414350570613591,80.03593531643043
4.414362538648703,80.03792793691986
4.414408602895613,80.03792793691986
4.414502025808497,80.03792793691986
4.414587972638247,80.03792793691986
4.414661727907331,80.03992015968065
4.414735017070564,80.04191198483184
4.415020065796641,80.04191198483184
4.415353028093991,80.04390341249251
4.415543969577926,80.0458944427816
4.415679685256735,80.04788507581804
4.415777136445285,80.04788507581804
4.416043306381245,80.0498753117207
4.416080099473384,80.05186515060842
4.416081962656521,80.05186515060842
4.416314382020533,80.05186515060842
4.4165351781009194,80.05385459259998
4.416539072142249,80.05584363781412
4.4165858728059835,80.05783228636952
4.4165893795931055,80.05982053838484
4.4166875173669,80.06180839397867
4.41672013844737,80.06180839397867
4.416860452729623,80.06180839397867
4.416898693617002,80.06180839397867
4.416934233282726,80.06379585326954
4.416938556607537,80.06379585326954
4.417126489642733,80.06578291637597
4.4173630094380565,80.06776958341638
4.417392125817407,80.06975585450921
4.4174283975368605,80.07174172977281
4.417461367593075,80.07174172977281
4.417540587903894,80.0737272093255
4.417704151526374,80.07571229328552
4.417732107280051,80.0776969817711
4.417762459622222,80.0796812749004
4.417767727991111,80.08166517279155
4.417790561076684,80.08364867556264
4.417836000353286,80.08563178333168
4.417852494794466,80.08761449621664
4.417984231033327,80.0895968143355
4.418119380900905,80.0895968143355
4.418241511933516,80.09157873780609
4.4185237849902155,80.0935602667463
4.418530984143562,80.0935602667463
4.418606962168152,80.09554140127389
4.418733664852309,80.09554140127389
4.419210539957605,80.09554140127389
4.419248977564832,80.09752214150662
4.4192578330373795,80.09950248756219
4.419358172937654,80.10148243955825
4.419434189988171,80.10346199761241
4.419871642549256,80.10544116184224
4.420088035427786,80.10544116184224
4.420292824823223,80.10544116184224
4.420332832469855,80.10741993236523
4.420388457686422,80.10741993236523
4.420415445260278,80.10939830929885
4.420471017755119,80.11137629276054
4.420600186629299,80.11137629276054
4.42085164936761,80.11335388286766
4.420948690493596,80.11533107973752
4.420997595461412,80.11730788348743
4.421220183409435,80.11928429423459
4.42141574461093,80.11928429423459
4.421428916371598,80.12126031209621
4.421499120772487,80.12323593718943
4.421650000737552,80.12323593718943
4.421664711369231,80.12521116963133
4.421691262776843,80.12718600953896
4.421730267765475,80.12916045702931
4.421951969001517,80.13113451221935
4.422167064129028,80.13310817522598
4.422208124378012,80.13310817522598
4.422453730705648,80.13508144616607
4.422498476817341,80.13508144616607
4.422918445247929,80.13705432515643
4.423025647702279,80.1390268123138
4.423065120981218,80.14099890775493
4.423107179662588,80.14297061159651
4.423159111636441,80.14494192395513
4.423178380741365,80.1469128449474
4.423193367654812,80.14888337468983
4.423333500230036,80.15085351329893
4.423380384288826,80.15282326089114
4.423431940070821,80.15479261758284
4.423800034966369,80.15676158349042
4.424137980905488,80.15873015873017
4.424142083474661,80.16069834341832
4.424172218821604,80.1626661376711
4.424208128626804,80.16463354160467
4.424339154730156,80.1666005553352
4.424360435947014,80.16856717897868
4.424421908168829,80.1705334126512
4.424511629083862,80.1705334126512
4.4246328205478305,80.17249925646873
4.424778460698098,80.17446471054718
4.42480778665225,80.17642977500248
4.424937068531049,80.17839444995045
4.425294164588265,80.18035873550689
4.425401740862236,80.18035873550689
4.425781603088499,80.18035873550689
4.4257913707587475,80.18232263178756
4.426036327568262,80.18428613890816
4.426134001882575,80.18624925698434
4.426287995531345,80.18821198613175
4.426458968287623,80.19017432646592
4.426620093294129,80.19213627810241
4.426743549748224,80.19213627810241
4.426792642002739,80.19409784115666
4.4267970912280585,80.19605901574414
4.426826086479521,80.19801980198021
4.427014568336148,80.1999801999802
4.427067142532648,80.20194020985943
4.427425682482226,80.20389983173315
4.4274851690686114,80.20585906571654
4.427522941405479,80.20781791192479
4.427574060320303,80.20977637047298
4.42760868758056,80.20977637047298
4.427699719147181,80.2117344414762
4.427743812948937,80.21369212504946
4.427956062417873,80.21564942130775
4.428018994375167,80.21760633036598
4.4281723011076,80.21956285233904
4.428215672542946,80.22151898734177
4.428263828403703,80.22347473548898
4.428434506232132,80.22347473548898
4.428644837222624,80.22347473548898
4.428816675873664,80.22347473548898
4.428817187382896,80.2254300968954
4.428849984760705,80.2254300968954
4.428924356060405,80.22738507167573
4.428979670954752,80.22738507167573
4.428992418547075,80.22933965994464
4.4290841594956945,80.23129386181674
4.429175229099991,80.23324767740661
4.429248537179273,80.23520110682874
4.429362928363174,80.23715415019763
4.429589381717944,80.2391068076277
4.429650707689724,80.24105907923335
4.429734885032369,80.24105907923335
4.4297474145158064,80.24301096512892
4.429777222693527,80.24301096512892
4.429836531558683,80.24496246542869
4.429847891562186,80.24691358024691
4.429854877341382,80.24691358024691
4.429911132212424,80.24691358024691
4.430124171412912,80.24886430969781
4.4302958942389195,80.25081465389553
4.4304040462568945,80.25081465389553
4.430445146856302,80.25276461295418
4.430458394865862,80.25471418698785
4.430519196327575,80.25666337611057
4.430617548636771,80.25861218043629
4.430635304286747,80.26056060007896
4.430691107852915,80.26250863515247
4.430865574916108,80.26445628577066
4.431112483383019,80.26640355204736
4.431255658089793,80.26835043409629
4.431267134515854,80.26835043409629
4.43131796434351,80.27029693203117
4.4313778086136315,80.27029693203117
4.431500791322306,80.27029693203117
4.431548715667042,80.27224304596568
4.431765089243203,80.27418877601342
4.431793588500405,80.27613412228797
4.431795803936222,80.27613412228797
4.431802809120585,80.27807908490287
4.431843507446928,80.2800236639716
4.432086114081347,80.2819678596076
4.432155354307302,80.28391167192429
4.43219505111647,80.28391167192429
4.432287612398355,80.285855101035
4.43231786074344,80.28779814705302
4.432483669443978,80.28779814705302
4.432693544467105,80.28974081009164
4.432876791530826,80.28974081009164
4.4330523573988385,80.29168309026409
4.433064670021834,80.29362498768351
4.433172002434644,80.29556650246306
4.433179099462945,80.29556650246306
4.433182543117778,80.2975076347158
4.433251360870414,80.29944838455478
4.433260236725496,80.29944838455478
4.4334003303404055,80.30138875209298
4.4335752975882485,80.30332873744337
4.433661918004182,80.30526834071885
4.433813522653137,80.3072075620323
4.433819689970233,80.3091464014965
4.433937271508809,80.31108485922425
4.434033598693108,80.31302293532828
4.434147860013013,80.31496062992126
4.4343536252734355,80.31689794311583
4.434364266894686,80.3188348750246
4.4344117398549505,80.32077142576011
4.43443319365624,80.32270759543488
4.43454824607132,80.32270759543488
4.434605596890465,80.32464338416135
4.434857426665637,80.32657879205193
4.434964705216625,80.32851381921904
4.435109848135685,80.33044846577498
4.435217117974661,80.33238273183204
4.435777423636784,80.33431661750245
4.435793545715545,80.33625012289843
4.435855168580113,80.33818324813213
4.435921588356895,80.34011599331564
4.435934170083826,80.34011599331564
4.435961781905574,80.34204835856103
4.436313271333561,80.34398034398035
4.436357307547355,80.34591194968553
4.436604666925783,80.34784317578854
4.436606563159172,80.34977402240125
4.4367247007404185,80.34977402240125
4.436879590195646,80.35170448963552
4.436946862083371,80.35363457760315
4.43696172707133,80.35556428641587
4.437091403422754,80.35749361618542
4.437111038445969,80.35942256702347
4.437153762143549,80.35942256702347
4.437205950343484,80.36135113904163
4.437465205638456,80.36135113904163
4.4376093694609455,80.3632793323515
4.4376153428021095,80.3652071470646
4.437697603708502,80.3652071470646
4.4379677690638415,80.36713458329243
4.438006613906339,80.36713458329243
4.438306536033607,80.36906164114644
4.4383137984703955,80.37098832073805
4.43874213639592,80.3729146221786
4.438809285666212,80.37484054557943
4.4388608029019885,80.3767660910518
4.4389997892086726,80.37869125870697
4.43934168335013,80.38061604865607
4.4393941680253555,80.38061604865607
4.439434228795646,80.38061604865607
4.439689366955081,80.3825404610103
4.440078552825626,80.38446449588074
4.440324122149735,80.38638815337845
4.440412815152006,80.38831143361443
4.440511702536676,80.39023433669968
4.440588399498276,80.3921568627451
4.440908433174636,80.39407901186159
4.441035190173765,80.39600078415997
4.441040841294908,80.39792217975106
4.441043279192,80.39984319874559
4.441104326633918,80.4017638412543
4.441361716954967,80.4036841073878
4.441438733194525,80.40560399725678
4.441458608701419,80.40752351097179
4.441538246914433,80.40752351097179
4.441655904497263,80.40752351097179
4.441731062110376,80.40944264864336
4.441734656924912,80.41136141038197
4.441849922522295,80.41327979629811
4.441930314637443,80.41327979629811
4.442120883737239,80.41519780650216
4.442206305401109,80.41711544110447
4.442430928926547,80.41903270021538
4.442672916729963,80.42094958394517
4.442735464488818,80.42094958394517
4.4429253779488365,80.42286609240408
4.4429413025109215,80.42286609240408
4.442989490074645,80.42286609240408
4.443119923159195,80.42478222570226
4.4431763940391935,80.4266979839499
4.443300592045699,80.42861336725707
4.443494944404627,80.43052837573386
4.443520831710247,80.43244300949026
4.443560738635471,80.43435726863628
4.443602247012525,80.43627115328181
4.44362970857785,80.43627115328181
4.443709990287314,80.43818466353677
4.443785879102189,80.440097799511
4.444084891787397,80.440097799511
4.444109258761776,80.44201056131429
4.444271741465031,80.44392294905643
4.444392126280723,80.44392294905643
4.444510863547157,80.44583496284709
4.444520460582254,80.44774660279597
4.444609257293501,80.4496578690127
4.444724322759983,80.45156876160688
4.444815234616498,80.45156876160688
4.444824689012539,80.45347928068803
4.444936996574093,80.45538942636567
4.445044863971712,80.45729919874927
4.445294281613982,80.45920859794822
4.445331833897548,80.4611176240719
4.445487863302739,80.46302627722966
4.445566963382668,80.46493455753077
4.445651865046027,80.46684246508448
4.44583302319316,80.46875
4.446027338935612,80.47065716238649
4.446069660102286,80.47065716238649
4.446120820932575,80.47256395235306
4.446508236137437,80.47447037000879
4.446641668022603,80.47447037000879
4.446660390407392,80.47637641546271
4.446829847680043,80.47828208882382
4.446880894644298,80.48018739020105
4.447015546759614,80.48018739020105
4.447016545902177,80.48018739020105
4.447081344232443,80.48018739020105
4.447147819010375,80.48209231970333
4.4471680110718035,80.4839968774395
4.44722817454863,80.4859010635184
4.447326608925922,80.48780487804879
4.44741773158245,80.4897083211394
4.447480145353386,80.49161139289895
4.447586509314948,80.49161139289895
4.447833859797611,80.49351409343608
4.447908572125742,80.49541642285936
4.448064540622134,80.49731838127742
4.448127608826575,80.49921996879876
4.448208420982107,80.49921996879876
4.4482140388959435,80.50112118553183
4.44829587320944,80.50112118553183
4.4483095040844605,80.5030220315851
4.448379897521187,80.50492250706696
4.448491100737867,80.50682261208577
4.448510536818746,80.50872234674983
4.44881569657989,80.51062171116742
4.448827144542441,80.51062171116742
4.4488339642523265,80.51252070544676
4.449061051359403,80.51441932969603
4.449196660953179,80.51631758402338
4.449359943543701,80.51821546853691
4.44945594972523,80.52011298334469
4.449499623033678,80.52201012855474
4.449501518195972,80.523906904275
4.449711574908975,80.52580331061344
4.45006976149028,80.52580331061344
4.4501822330418985,80.52769934767792
4.450189485135857,80.52959501557633
4.450339398026146,80.52959501557633
4.450422363143134,80.53149031441643
4.450439247379074,80.533385244306
4.451412944183228,80.5352798053528
4.4514491829135325,80.53717399766445
4.451470863405925,80.53717399766445
4.451867887731356,80.53906782134864
4.451911812670005,80.54096127651295
4.451983038068663,80.54285436326491
4.452094332601985,80.54474708171206
4.452345433455319,80.54474708171206
4.452603043756368,80.54474708171206
4.452655537133728,80.54663943196188
4.452742061499939,80.54853141412177
4.452777377858101,80.54853141412177
4.452929823293174,80.54853141412177
4.4529373244218835,80.55042302829914
4.453127344770618,80.55231427460131
4.453577477718049,80.55420515313564
4.453805032561487,80.55609566400933
4.453841494747204,80.55798580732963
4.453894933434688,80.55987558320373
4.45395802373078,80.56176499173876
4.454428568311566,80.56365403304179
4.454650412765569,80.56365403304179
4.454679595349137,80.5655427072199
4.454689498989362,80.56743101438009
4.454803107000714,80.56743101438009
4.454848685451645,80.56931895462935
4.454849765734986,80.5712065280746
4.454969411928899,80.57309373482273
4.45496992645558,80.57309373482273
4.454971720622741,80.57498057498057
4.4551271068416245,80.57686704865495
4.455136819860525,80.57686704865495
4.455232986974472,80.57875315595261
4.455253485940563,80.58063889698029
4.455365032198158,80.58063889698029
4.455376069592367,80.58252427184466
4.455456560230403,80.58440928065237
4.455516900861635,80.58629392351
4.455524192517496,80.58817820052411
4.455890536045152,80.59006211180125
4.455989598038747,80.59194565744784
4.456077508140568,80.59382883757034
4.456189862832766,80.59382883757034
4.456275079607918,80.59382883757034
4.456488143180813,80.59571165227514
4.456535581162235,80.5975941016686
4.456591238417119,80.59947618585703
4.456626445989626,80.59947618585703
4.4567685418505985,80.60135790494665
4.456774028062184,80.60323925904373
4.4567841518918545,80.60512024825445
4.45688468919228,80.60700087268496
4.457156786941905,80.60700087268496
4.457172318003528,80.60888113244134
4.457282142260548,80.61076102762966
4.457380548917182,80.61264055835595
4.457408206254067,80.61264055835595
4.457488497017772,80.61451972472618
4.457519388929459,80.61639852684628
4.457656813890187,80.61827696482217
4.457754643909644,80.62015503875969
4.457800381352872,80.62015503875969
4.457805401059836,80.62203274876465
4.457907481975688,80.62391009494284
4.45811609129667,80.62578707739998
4.458155176241823,80.62578707739998
4.458206429322672,80.62766369624177
4.458288346088104,80.62953995157385
4.458799664621854,80.63141584350184
4.458873766609125,80.63141584350184
4.45893235713059,80.63329137213131
4.459091883215568,80.63516653756778
4.459240045569756,80.63704133991673
4.45924613302133,80.63891577928364
4.4594097469722955,80.64078985577389
4.459579258263954,80.64266356949284
4.4596772195185705,80.64453692054583
4.459752506605524,80.64640990903813
4.459798071335021,80.64640990903813
4.459805896914712,80.64828253507498
4.45984464618641,80.6501547987616
4.459991702522052,80.65202670020315
4.460087507635826,80.65389823950474
4.460312552854495,80.65389823950474
4.460420892258755,80.65576941677145
4.460436331343534,80.65764023210832
4.4605529040370575,80.65951068562035
4.460649117966159,80.66138077741249
4.4607373743966034,80.66325050758968
4.46090206582285,80.66511987625677
4.4609249961752715,80.66698888351861
4.460953472702518,80.66885752948
4.460960654310361,80.67072581424567
4.461016073076779,80.67259373792038
4.461233165711848,80.67446130060875
4.461291449840356,80.67632850241546
4.461616184360482,80.67819534344508
4.461644914146904,80.68006182380216
4.461691696898546,80.68192794359122
4.461700494897214,80.68379370291674
4.461704842791312,80.68379370291674
4.46184532730221,80.68565910188315
4.461849088009853,80.68752414059482
4.461896239606748,80.68938881915612
4.462126395983059,80.69125313767137
4.462204980473507,80.69311709624482
4.462297347157568,80.6949806949807
4.462361545400522,80.6968439339832
4.462437668173896,80.6987068133565
4.462649362677426,80.70056933320467
4.462762244913261,80.70056933320467
4.462764916641264,80.70243149363179
4.4629361415801645,80.70429329474193
4.463045038800416,80.70615473663901
4.463096484990381,80.70801581942703
4.463097928165663,80.70987654320987
4.463153026678036,80.71173690809142
4.463364575679209,80.71173690809142
4.463621923424868,80.71359691417551
4.4639154061175335,80.71359691417551
4.464049330915871,80.7154565615659
4.464232540187842,80.71731585036636
4.464266634895594,80.71917478068062
4.464360881992885,80.71917478068062
4.46439873338267,80.72103335261231
4.464587817579558,80.72289156626506
4.464688599368728,80.72474942174249
4.464809536449607,80.72660691914811
4.464876252279593,80.72846405858547
4.464983357623386,80.73032084015802
4.465000854403345,80.73217726396918
4.465344706481987,80.73403333012233
4.465394726919248,80.73588903872087
4.465406391078218,80.73774438986806
4.465823026564194,80.73959938366718
4.466345821372435,80.74145402022147
4.466473369213617,80.74330829963412
4.466492177346543,80.74516222200828
4.466776719045483,80.74701578744705
4.466831078751743,80.74886899605352
4.466899854965737,80.74886899605352
4.466930787338653,80.7507218479307
4.467172579465833,80.7507218479307
4.467227238355814,80.7525743431816
4.467423047779992,80.75442648190916
4.467604074644386,80.75627826421629
4.46783154257433,80.75627826421629
4.467835128467285,80.75812969020589
4.467855872189588,80.75998075998076
4.467918674601399,80.76183147364371
4.468052430608873,80.76368183129749
4.468113188026585,80.76553183304482
4.468144636375115,80.76738147898837
4.4684241304929095,80.76738147898837
4.468473056483826,80.76923076923077
4.4685829396176775,80.77107970387462
4.468654662500584,80.7729282830225
4.468906653758683,80.77477650677689
4.468996090076452,80.77477650677689
4.469016939427039,80.77662437524029
4.4690415170181454,80.77847188851514
4.469184255654065,80.78031904670382
4.46924941276701,80.78216584990872
4.469307207151163,80.78401229823213
4.469605666180025,80.78585839177634
4.46986532846983,80.78770413064362
4.469930726386489,80.78954951493613
4.469941147533355,80.79139454475605
4.470008382239221,80.79323922020552
4.470304780814626,80.79508354138659
4.470347027090566,80.79692750840134
4.470501665311483,80.79877112135176
4.470710289833106,80.79877112135176
4.470736876637097,80.80061438033982
4.470974923954604,80.80245728546745
4.471049868022247,80.80429983683655
4.471257592362296,80.80614203454894
4.471270478606131,80.80798387870645
4.471404986812402,80.80798387870645
4.471420187344898,80.80982536941086
4.471462569534832,80.81166650676388
4.471825774666084,80.81350729086722
4.471976031592788,80.81534772182253
4.472148485409404,80.81718779973144
4.472221745383654,80.8190275246955
4.4723147439301005,80.82086689681627
4.472356644967377,80.82270591619522
4.472587368819831,80.82454458293384
4.472806898278732,80.82638289713354
4.472916929846005,80.82638289713354
4.473007824904229,80.8282208588957
4.473012601597407,80.83005846832168
4.473412648664364,80.83189572551275
4.473642271788331,80.8337326305702
4.473644297903156,80.83556918359524
4.4737099840165175,80.83740538468909
4.473867289741322,80.83924123395286
4.47407822472321,80.84107673148769
4.474176624753075,80.84291187739464
4.4741919537177655,80.84474667177474
4.474234808007846,80.84474667177474
4.474474190951426,80.84658111472898
4.4744853317550035,80.84658111472898
4.47464953435131,80.84841520635833
4.474677994156514,80.84841520635833
4.474738467279234,80.85024894676368
4.474770331684081,80.85208233604595
4.474774264391549,80.85391537430596
4.474880778323105,80.85574806164449
4.475155059469271,80.85758039816233
4.475273728744549,80.85941238396018
4.475371894087491,80.86124401913875
4.4756298942147,80.86307530379868
4.475722136964671,80.86307530379868
4.47574526611181,80.86307530379868
4.475853813856869,80.86490623804056
4.475858948168737,80.86673682196499
4.475926415182925,80.86856705567247
4.475965832903778,80.87039693926351
4.476223103717029,80.87039693926351
4.4763520409631266,80.87039693926351
4.476371141536023,80.87222647283856
4.476392414304747,80.87405565649804
4.476441974703491,80.87405565649804
4.476500094797648,80.87588449034232
4.476518836285637,80.87771297447175
4.476549109235774,80.87954110898661
4.476557016907562,80.88136889398719
4.476584380273792,80.88319632957369
4.477108106153685,80.88502341584632
4.47712356207738,80.8868501529052
4.477146467769125,80.88867654085045
4.477200167626487,80.89050257978215
4.477241940243009,80.89232826980033
4.477672614324792,80.89415361100497
4.477739668163184,80.89597860349603
4.477798856993085,80.89780324737345
4.4778485005111,80.89962754273708
4.477861960951505,80.89962754273708
4.477901970205566,80.90145148968678
4.478081126304089,80.90327508832236
4.478135974874672,80.90509833874356
4.478159783622398,80.90692124105013
4.478232557127496,80.90874379534173
4.478452925035873,80.91056600171805
4.478619741813389,80.91238786027868
4.478634453399662,80.9142093711232
4.478844176810421,80.91603053435115
4.478851519036549,80.91785135006202
4.478900864001688,80.91967181835528
4.479149988477388,80.92149193933035
4.479219563732519,80.9233117130866
4.479591698963584,80.92513113972342
4.4798421344146275,80.92695021934007
4.4799646828636766,80.92876895203585
4.479977879397922,80.92876895203585
4.480145031394579,80.92876895203585
4.480157288804038,80.93058733790998
4.480273295499858,80.93240537706168
4.48058865182444,80.93422306959009
4.480708525172398,80.93604041559432
4.480724775918921,80.93785741517347
4.480735566934262,80.93967406842657
4.480906159658005,80.94149037545264
4.481210137445571,80.94330633635064
4.4814881246786955,80.9451219512195
4.481562156979391,80.94693722015815
4.481602199293717,80.94875214326538
4.481745052038525,80.94875214326538
4.481763028113661,80.95056672064005
4.481807500877974,80.95238095238095
4.482117168793974,80.9541948385868
4.482273894999646,80.95600837935632
4.482298324631289,80.95600837935632
4.482540759427826,80.95600837935632
4.482576882905967,80.95782157478816
4.482856024854329,80.95963442498096
4.483062648014636,80.96144693003332
4.483086243500581,80.96325909004378
4.483193847600849,80.96507090511088
4.483237919873559,80.96507090511088
4.4834695868788454,80.96507090511088
4.4836193337849215,80.96688237533309
4.483661021833519,80.96869350080883
4.48369262497837,80.97050428163654
4.4838305228484785,80.97050428163654
4.483866030395725,80.97231471791456
4.483952254806191,80.97231471791456
4.483999679008668,80.97412480974124
4.484224526845765,80.97593455721488
4.484417218609388,80.97774396043371
4.484455686013062,80.97955301949595
4.4844831734318324,80.98136173449981
4.484491020234421,80.9831701055434
4.484547412614579,80.98497813272485
4.484643012774609,80.98678581614222
4.4846520565715675,80.98859315589354
4.484732850376939,80.9904001520768
4.484861785020462,80.99220680478997
4.4849650759322985,80.99401311413095
4.484996293776482,80.99401311413095
4.485423441106919,80.99401311413095
4.485441771361349,80.99581908019763
4.485486461316921,80.9976247030879
4.485543054846184,80.9976247030879
4.486265202018983,80.9976247030879
4.486293666319756,80.9976247030879
4.486335509960535,80.99942998289949
4.486357878471328,81.00123491973021
4.486446344214406,81.0030395136778
4.4865779881924075,81.00484376483996
4.486748894339195,81.00664767331433
4.4867705536904925,81.00845123919855
4.4867730690324015,81.0102544625902
4.486888542400203,81.0102544625902
4.486942897153503,81.01205734358682
4.486947399830964,81.01385988228593
4.487174225399433,81.01385988228593
4.487261300045437,81.015662078785
4.4872779260196065,81.01746393318147
4.487450878493106,81.01926544557274
4.487681138051276,81.02106661605617
4.4877375395867,81.0228674447291
4.487805415865454,81.02466793168881
4.487865655652993,81.02646807703255
4.488101845753256,81.02826788085751
4.488118733956393,81.03006734326094
4.488182192806031,81.03186646433991
4.488346899296042,81.03366524419155
4.488349464651124,81.03546368291296
4.488384719237181,81.03726178060113
4.488485544898864,81.03905953735305
4.488706037014013,81.03905953735305
4.488710220374549,81.04085695326572
4.488852744312221,81.04265402843602
4.488871732789453,81.04265402843602
4.48902492747949,81.04445076296085
4.489137644900337,81.04624715693708
4.489448085195255,81.04804321046149
4.489669432118978,81.04983892363084
4.489677068226597,81.05163429654192
4.489954511130577,81.05342932929139
4.489972898903229,81.05522402197593
4.489978053132203,81.05701837469218
4.4900234361578475,81.05881238753669
4.4900373416829735,81.06060606060606
4.49026126495052,81.06239939399677
4.490293641160905,81.06419238780535
4.490302395307564,81.06598504212819
4.490494278449369,81.06777735706171
4.490647479290346,81.06956933270232
4.49065980216587,81.06956933270232
4.490684479556716,81.07136096914633
4.490713680954812,81.07315226649001
4.490789795483355,81.07494322482968
4.490870795643064,81.07673384426151
4.490891983729447,81.07852412488174
4.490905943574971,81.0803140667865
4.490926977070913,81.08210367007189
4.491013050285888,81.08389293483401
4.491121534802797,81.08389293483401
4.491123290791395,81.08568186116891
4.49143456881315,81.08747044917257
4.4916582172437165,81.08925869894101
4.4916872125675384,81.0910466105701
4.491864912584567,81.09283418415579
4.492409051836547,81.09283418415579
4.492455785281264,81.09462141979394
4.492498103116534,81.09640831758034
4.492531678506708,81.09819487761081
4.4925545390196895,81.0999810999811
4.492616447828119,81.10176698478693
4.492692607648202,81.10355253212396
4.492712762658878,81.10533774208785
4.492722149359806,81.10712261477423
4.4929512071794,81.10890715027864
4.493213982810372,81.11069134869663
4.4933539279303645,81.11247521012372
4.493436176880073,81.11425873465534
4.493626164723966,81.11425873465534
4.49367103867528,81.11604192238693
4.4937229199040996,81.11604192238693
4.493777044840729,81.1178247734139
4.493813844880451,81.11960728783158
4.493825027119477,81.12138946573533
4.493963487454798,81.12317130722039
4.494081910327226,81.12495281238203
4.494109762909892,81.12673398131547
4.494182578104976,81.12851481411587
4.494213382861804,81.13029531087838
4.494268000785202,81.13207547169812
4.494486222329804,81.13385529667012
4.494587397030035,81.13563478588945
4.494732502136534,81.1374139394511
4.494785708886313,81.1374139394511
4.494969174538046,81.13919275745002
4.495018500723208,81.13919275745002
4.49511643395346,81.14097123998114
4.495166280729784,81.14274938713936
4.495269384833308,81.1445271990195
4.49532219944168,81.14630467571644
4.495355406955032,81.14808181732491
4.495362920849085,81.14808181732491
4.495365626675651,81.14985862393968
4.495493756508987,81.15163509565545
4.495496335819472,81.15341123256691
4.495642436565485,81.15518703476869
4.495750525369715,81.15696250235538
4.495753964599649,81.15873763542157
4.49585166664943,81.16051243406179
4.496057621498275,81.16228689837054
4.4961060356884355,81.16406102844226
4.496231855369146,81.1658348243714
4.496606946643434,81.16760828625236
4.496693211964818,81.16760828625236
4.496777780099891,81.16938141417945
4.496853345681998,81.17115420824703
4.496906086557589,81.17292666854937
4.496916099367201,81.17292666854937
4.496926022220285,81.17292666854937
4.497158263606083,81.17469879518072
4.497530246817587,81.17647058823529
4.497731693630131,81.17824204780727
4.497846412138153,81.18001317399077
4.4978922449498215,81.18178396687993
4.498130290536019,81.18178396687993
4.498328688368048,81.18355442656882
4.498997471760212,81.18532455315146
4.499027790665415,81.18709434672185
4.499042042603944,81.18886380737396
4.499134990492844,81.19063293520173
4.499190371200547,81.19063293520173
4.499200682183859,81.19240173029904
4.499370619799512,81.19417019275976
4.499595158467486,81.19593832267769
4.499889006028685,81.19770612014666
4.499934343295011,81.19947358526038
4.499977252514142,81.2012407181126
4.500072839065333,81.203007518797
4.500139845325978,81.2047739874072
4.500303871757115,81.2047739874072
4.500454078278787,81.20654012403683
4.500478116334582,81.20830592877948
4.5004835010990405,81.21007140172868
4.500488142859581,81.21183654297792
4.500565438615638,81.2136013526207
4.5006799755599385,81.2136013526207
4.500683481084499,81.21536583075044
4.5008834437950025,81.21712997746056
4.501028402273753,81.2188937928444
4.5010694623801,81.2206572769953
4.501096782935739,81.22242043000657
4.501154721865059,81.22242043000657
4.501256227209463,81.22418325197145
4.501258171990573,81.2259457429832
4.50149707592744,81.22770790313497
4.501670553789362,81.22946973251995
4.501867724078476,81.23123123123122
4.502075897699525,81.23299239936192
4.502088806157065,81.23475323700507
4.502253920401503,81.23651374425368
4.50245647756197,81.23827392120076
4.502476613730534,81.24003376793921
4.502478206102609,81.241793284562
4.502526666070715,81.24355247116196
4.502837762817195,81.24355247116196
4.50288036548243,81.24531132783196
4.502906930969318,81.24706985466479
4.5029113813492,81.24882805175324
4.503040959185828,81.25058591919002
4.503050125967842,81.25234345706787
4.503115828698302,81.25410066547943
4.503276698790147,81.25410066547943
4.503362390390666,81.25585754451734
4.503599453187546,81.2576140942742
4.503667234963098,81.25937031484258
4.503782224972193,81.261126206315
4.503820628238542,81.26288176878396
4.503958792458068,81.26463700234193
4.504043199727504,81.2663919070813
4.504044367538999,81.26814648309451
4.504291355076431,81.26990073047388
4.504333346363906,81.27165464931173
4.504447572866738,81.27340823970037
4.50459525682143,81.27516150173206
4.504663435524211,81.27691443549897
4.504664967487338,81.27866704109333
4.504845627187538,81.28041931860727
4.505013647498372,81.2821712681329
4.505178513447989,81.2821712681329
4.50521070322289,81.28392288976231
4.505411029437412,81.28567418358753
4.5054745666265745,81.28567418358753
4.505558833355192,81.2874251497006
4.505613601247743,81.28917578819348
4.505644688046046,81.29092609915809
4.5057749940956775,81.29267608268637
4.505938140869044,81.29267608268637
4.505959994166376,81.29442573887017
4.506079495780008,81.29617506780137
4.5062677498882175,81.29792406957172
4.506408128410528,81.29967274427302
4.50642533441807,81.301421091997
4.5067080485662085,81.30316911283538
4.506754568880596,81.30316911283538
4.507178090764407,81.30491680687979
4.508186455426274,81.3066641742219
4.508645753522265,81.30841121495327
4.508648636559795,81.30841121495327
4.508737618618898,81.3101579291655
4.508866211523689,81.3119043169501
4.5088869604824895,81.31365037839858
4.50912712465998,81.31539611360239
4.509212717973375,81.31714152265297
4.50921318817353,81.3188866056417
4.509453545350896,81.32063136265995
4.509539718001321,81.32063136265995
4.509549034134234,81.32237579379903
4.509575609740496,81.32411989915025
4.50962084007709,81.32586367880485
4.509710052094112,81.32760713285407
4.509807002809189,81.3293502613891
4.5101700964109135,81.33109306450108
4.5101852181866775,81.33283554228112
4.510262907735601,81.33457769482034
4.510308131587762,81.33631952220978
4.510323705266359,81.33806102454045
4.510383639420955,81.33980220190334
4.5106187475048705,81.33980220190334
4.510635020927735,81.3415430543894
4.510858392115705,81.34328358208955
4.510930634763971,81.34502378509467
4.511108061286822,81.34676366349561
4.511245642058175,81.3485032173832
4.511482454929056,81.35024244684818
4.511749222308579,81.35198135198135
4.511750061516497,81.35371993287339
4.5119453970705905,81.35371993287339
4.512232823459655,81.35545818961499
4.5123447622691435,81.3571961222968
4.51234841965056,81.3571961222968
4.5123773136696235,81.3571961222968
4.512414107236108,81.35893373100942
4.512422346414191,81.35893373100942
4.512463360071288,81.36067101584344
4.512493960677356,81.36240797688939
4.512601601149086,81.3641446142378
4.5126626176792275,81.36588092797913
4.512665260284368,81.36761691820384
4.512704695971836,81.36935258500233
4.512725320609956,81.37108792846497
4.512731689912304,81.37282294868213
4.512757573961141,81.37455764574409
4.512793420999972,81.37455764574409
4.513149400951551,81.37629201974113
4.513174550768448,81.3780260707635
4.513192453043384,81.3797597989014
4.513304307465321,81.38149320424502
4.513403962982175,81.38322628688448
4.513444892840944,81.3849590469099
4.513454559325475,81.38669148441136
4.5134806301262405,81.38842359947887
4.513592194989008,81.39015539220247
4.51381459576129,81.39188686267212
4.513877538571079,81.39361801097776
4.513943577963424,81.39361801097776
4.51417495280848,81.39361801097776
4.514239818153438,81.3953488372093
4.514428756743013,81.3953488372093
4.514495800054219,81.39707934145662
4.514827736793644,81.39880952380952
4.514954885711825,81.40053938435786
4.514970798165458,81.40226892319137
4.5150539832373235,81.4039981403998
4.515105936587745,81.40572703607289
4.515184810300744,81.40745561030027
4.515312184562583,81.40918386317159
4.515345815356372,81.41091179477647
4.515495444930018,81.41263940520446
4.515641899095508,81.41436669454511
4.515786383928638,81.41436669454511
4.5161840889519365,81.41609366288793
4.516237743462244,81.4178203103224
4.516370893143202,81.41954663693795
4.516457506016139,81.42127264282396
4.516472076844838,81.42127264282396
4.516567587429946,81.42299832806985
4.516623828908767,81.42472369276493
4.516696563528186,81.42644873699851
4.516898888019182,81.42644873699851
4.516945879193222,81.42817346085988
4.516977326536138,81.42989786443825
4.516996433934722,81.42989786443825
4.517076501907313,81.42989786443825
4.517397529075107,81.43162194782286
4.5175414095871265,81.43334571110286
4.517649212436783,81.43334571110286
4.5178791921023596,81.43334571110286
4.517966224760139,81.43334571110286
4.517983484446398,81.4350691543674
4.518101537694693,81.43679227770558
4.518191043005517,81.4385150812065
4.51820932242397,81.44023756495918
4.5182682616295775,81.44195972905261
4.51828827388815,81.44195972905261
4.518691722027688,81.44195972905261
4.518762987094842,81.4436815735758
4.5188236937887565,81.44540309861769
4.518994197549707,81.44712430426716
4.51902002003229,81.44884519061311
4.519242529560591,81.45056575774439
4.519496126642852,81.4522860057498
4.519672185471995,81.4540059347181
4.519906863853932,81.45572554473807
4.519965268324772,81.45744483589839
4.519976185736037,81.45916380828776
4.520010615097125,81.46088246199481
4.520186915899128,81.46260079710817
4.520362930029669,81.4643188137164
4.520416483663445,81.46603651190807
4.520561519559227,81.4677538917717
4.520657696188135,81.46947095339571
4.5207094026253305,81.47118769686863
4.5207170253916065,81.47290412227883
4.520724744138071,81.47462022971472
4.520766136976735,81.47633601926461
4.520846729217382,81.47805149101686
4.521390583079839,81.47976664505973
4.521400683702538,81.48148148148148
4.52148681739566,81.48319600037034
4.52152561443677,81.48319600037034
4.521539138533319,81.48319600037034
4.521618626335686,81.48491020181447
4.5217189342594875,81.48491020181447
4.521777612263313,81.48662408590206
4.521863994006551,81.48662408590206
4.521932731060141,81.48833765272121
4.521987278832838,81.49005090236003
4.521996281987652,81.49176383490654
4.522085614354959,81.49176383490654
4.522305878803129,81.49347645044878
4.5223468783320255,81.49518874907476
4.522360694392542,81.49518874907476
4.522533214491717,81.49690073087243
4.522541524835869,81.4986123959297
4.522646258569924,81.50032374433448
4.522697405683506,81.50203477617463
4.522784479271647,81.50203477617463
4.522836651991729,81.50374549153796
4.52287123980133,81.50545589051231
4.522968552339536,81.5071659731854
4.5230845242064115,81.50887573964496
4.523267271712808,81.51058518997874
4.523355700841412,81.51058518997874
4.523396519365163,81.51058518997874
4.523400194355142,81.51229432427436
4.523547716652715,81.51400314261946
4.523642945663561,81.51571164510166
4.52376757882529,81.51741983180852
4.52394782658824,81.51912770282757
4.524018984323348,81.51912770282757
4.524295992991061,81.52083525824632
4.524389379792294,81.52254249815225
4.524456608701042,81.52254249815225
4.524581322904693,81.52254249815225
4.524636377602601,81.5242494226328
4.524679657112754,81.52595603177537
4.524826401332728,81.52766232566732
4.524886023912589,81.52936830439602
4.524933262724403,81.53107396804876
4.52501567745661,81.53277931671283
4.525446361264086,81.5344843504755
4.525544811019434,81.5344843504755
4.525680198942933,81.53618906942393
4.5257498996368914,81.53789347364534
4.525817905394717,81.53959756322688
4.525877410383404,81.54130133825565
4.525904170512181,81.54300479881876
4.525980586818655,81.54470794500322
4.526091738665627,81.54641077689611
4.5262617724178105,81.54641077689611
4.52652078192202,81.54811329458437
4.526552466098648,81.54981549815497
4.526584100307057,81.54981549815497
4.5268554601398625,81.55151738769486
4.5270005492007,81.5532189632909
4.527027623006635,81.55492022502997
4.52710784120834,81.55492022502997
4.527140701961252,81.55662117299889
4.527358004403213,81.55662117299889
4.527366901164744,81.55832180728446
4.527409562612811,81.56002212797344
4.527748321057792,81.56172213515258
4.52777300925583,81.56342182890856
4.527855767963006,81.56512120932805
4.52794838520336,81.5668202764977
4.528122832062463,81.5685190305041
4.528245300217463,81.57021747143384
4.528299216074859,81.57191559937344
4.52835577984761,81.57361341440944
4.528476139537918,81.57531091662828
4.528708252593005,81.57700810611644
4.529178295743966,81.57700810611644
4.529183490216879,81.5787049829603
4.5292043039344385,81.58040154724627
4.529305149629257,81.58040154724627
4.529603301819253,81.58209779906068
4.529784449444058,81.58379373848987
4.530013208234949,81.5854893656201
4.530039691931036,81.58718468053765
4.530086922624547,81.58718468053765
4.530095663356828,81.58887968332873
4.5301123183718435,81.59057437407952
4.530167346448307,81.59226875287621
4.530339910745476,81.5939628198049
4.530369009047215,81.59565657495169
4.530611405387023,81.59565657495169
4.53066590473135,81.59735001840265
4.530804656796853,81.59904315024382
4.530844733903984,81.60073597056117
4.530848771073445,81.60242847944072
4.530883695225525,81.60242847944072
4.531164601117899,81.60242847944072
4.531185137856137,81.60412067696836
4.5312512567106005,81.60581256323002
4.531315012914731,81.60750413831157
4.531388256882554,81.60919540229885
4.53143124612654,81.61088635527769
4.531471185007905,81.61257699733382
4.531595761463033,81.61257699733382
4.5318395752949705,81.61426732855304
4.531891674537653,81.61595734902104
4.531920030114567,81.61764705882352
4.532034081344132,81.61933645804613
4.532097444258235,81.61933645804613
4.532134594455769,81.62102554677449
4.5322696390212664,81.62271432509418
4.532293282790865,81.62440279309078
4.532375808776566,81.6260909508498
4.5326883604363415,81.62777879845673
4.53290041678335,81.62777879845673
4.532903399340578,81.62946633599705
4.533042178610079,81.63115356355621
4.533176282615279,81.63284048121959
4.533213830141586,81.63284048121959
4.533558307874756,81.63452708907253
4.533577408643319,81.63621338720044
4.533621108513865,81.63789937568858
4.533709996282,81.63958505462223
4.533824334752307,81.64127042408666
4.533874446060606,81.64127042408666
4.533970917733037,81.64127042408666
4.534044383777447,81.64295548416705
4.53407871964567,81.64464023494861
4.534106013351848,81.64632467651647
4.534204665375894,81.64800880895578
4.53424356896351,81.64800880895578
4.5343177082673165,81.64969263235159
4.534591001859005,81.65137614678899
4.534734564036561,81.653059352353
4.534771970434664,81.6547422491286
4.53481036905384,81.65642483720077
4.534983916108562,81.65642483720077
4.5350760903757665,81.65810711665445
4.535096542181931,81.65978908757451
4.5352576108254965,81.65978908757451
4.5354570486153385,81.66147075004585
4.535488274402918,81.6631521041533
4.535496787633184,81.6631521041533
4.535595485660824,81.66483314998166
4.535715066661037,81.66651388761574
4.535808133166146,81.66819431714025
4.536004426527201,81.66819431714025
4.536120545554791,81.6698744386399
4.536235017490595,81.6698744386399
4.5363215534189285,81.67155425219941
4.536325514152948,81.67323375790342
4.536625100793962,81.67491295583655
4.536741906466824,81.67659184608337
4.537031066978364,81.67827042872847
4.537033932417891,81.67994870385638
4.537058219426335,81.68162667155157
4.537094670358196,81.68162667155157
4.537202375865391,81.68330433189853
4.537525036675082,81.68330433189853
4.537776101563228,81.68498168498168
4.53778958030144,81.68665873088545
4.537963851477004,81.68665873088545
4.538215810718422,81.6883354696942
4.5384382896426025,81.6883354696942
4.538475058469943,81.69001190149227
4.53866510363679,81.69168802636398
4.538696700108501,81.6933638443936
4.538755951148433,81.69503935566539
4.539019807946759,81.69671456026357
4.5391428894331804,81.69671456026357
4.539270892437132,81.69838945827233
4.539316927003385,81.70006404977582
4.539355657041501,81.70173833485819
4.539397224454142,81.70341231360352
4.539630474696804,81.70341231360352
4.539763922124345,81.70508598609587
4.539781212429009,81.70675935241928
4.539803338524937,81.70843241265776
4.53986322644746,81.70843241265776
4.5399093562637205,81.71010516689529
4.540149163914004,81.7117776152158
4.540307857331316,81.7134497577032
4.540489447710305,81.7151215944414
4.540659954779683,81.71679312551422
4.5409145873527,81.71846435100548
4.5410364043983185,81.720135270999
4.541210903325221,81.7218058855785
4.541295243525669,81.7218058855785
4.54133311315468,81.7218058855785
4.541368821666196,81.72347619482775
4.541468826237779,81.72347619482775
4.541479888928196,81.72347619482775
4.54165902705961,81.72347619482775
4.5417136076479565,81.72514619883042
4.541853447015721,81.72681589767016
4.54191439537731,81.72848529143066
4.541945020813895,81.72848529143066
4.5419563273350505,81.73015438019549
4.542169936305001,81.73182316404822
4.542175440006809,81.73349164307243
4.542236704792176,81.7351598173516
4.542529727308904,81.73682768696922
4.542532519925717,81.73849525200878
4.542606065675251,81.74016251255364
4.542643885441039,81.74182946868723
4.54273924081416,81.74349612049294
4.542763305495332,81.74516246805403
4.542855646170938,81.74682851145386
4.5430208908426755,81.74849425077569
4.543113239093453,81.75015968610275
4.543654852838648,81.75015968610275
4.5436807153749115,81.75182481751825
4.5437022331339705,81.75348964510538
4.543801894802019,81.75515416894727
4.543931533178606,81.75681838912706
4.544061161181801,81.75848230572784
4.544215975743029,81.76014591883265
4.544431870225128,81.76180922852453
4.544485869990267,81.76347223488648
4.544717988731669,81.76347223488648
4.544735957818339,81.76513493800147
4.544844742911607,81.76679733795241
4.544993928445492,81.76679733795241
4.545065346852028,81.76845943482223
4.545079110864887,81.77012122869382
4.545174395579708,81.77178271965002
4.545196636952138,81.77344390777363
4.545270837688583,81.77344390777363
4.545408496558274,81.77344390777363
4.545424402237137,81.77510479314743
4.545431109649048,81.77510479314743
4.545600085829047,81.77510479314743
4.545640176524487,81.77676537585421
4.54582986064485,81.77842565597668
4.546132476471612,81.78008563359752
4.546136602807666,81.78174530879942
4.546147585475703,81.78340468166499
4.546178672166428,81.78340468166499
4.546208156023837,81.78340468166499
4.546479102593403,81.78506375227687
4.546517912604244,81.78506375227687
4.54656985954857,81.7867225207176
4.546658503368198,81.78838098706976
4.5466756324133595,81.79003915141583
4.54680469098323,81.7916970138383
4.546907909040877,81.79335457441967
4.5471151755765495,81.7950118332423
4.547138758615725,81.79666879038864
4.547193346542923,81.79832544594102
4.547428087098918,81.79998179998181
4.547672618371363,81.79998179998181
4.547688727407447,81.80163785259327
4.548046764474119,81.8032936038577
4.548120295157312,81.80494905385734
4.548136479520742,81.80660420267442
4.548447359885907,81.80660420267442
4.5485550534112615,81.80825905039111
4.54875889184717,81.80991359708959
4.549083901540515,81.80991359708959
4.549314053997423,81.81156784285196
4.549534424317738,81.8132217877603
4.549576735731615,81.81487543189671
4.549636779607429,81.81487543189671
4.549647753637899,81.81652877534322
4.549730712538842,81.81818181818183
4.549848266963661,81.8198345604945
4.550016724284645,81.8214870023632
4.550040598216058,81.82313914386985
4.550311007820226,81.82313914386985
4.550320197850159,81.82479098509633
4.5506319017684325,81.82644252612448
4.550645086435729,81.82809376703617
4.550675572214435,81.82974470791315
4.550770299262212,81.8313953488372
4.550807174669017,81.8330456898901
4.55102351402336,81.83469573115349
4.55105098761682,81.8363454727091
4.551113962470389,81.83799491463859
4.55120377221418,81.83964405702352
4.551347198082395,81.84129289994553
4.551369648428091,81.84294144348615
4.551377053990421,81.84458968772694
4.55145613750625,81.84623763274939
4.551573929485001,81.84623763274939
4.551667726137139,81.84788527863496
4.551890842920964,81.8495326254651
4.551916633617345,81.85117967332124
4.552212545909827,81.85282642228474
4.552216439500119,81.85282642228474
4.552300701208391,81.85447287243694
4.55236123514789,81.85611902385921
4.552456592829185,81.85611902385921
4.552469886357298,81.85611902385921
4.552715041809493,81.8577648766328
4.552802673997623,81.8577648766328
4.552828430987133,81.85941043083899
4.552893559082413,81.86105568655904
4.552903623338726,81.86270064387413
4.552923117850658,81.86434530286544
4.552936605527599,81.86598966361412
4.553221091748164,81.86763372620128
4.553238533162853,81.86763372620128
4.553238978351906,81.869277490708
4.553488966578151,81.87092095721538
4.553507440882764,81.8725641258044
4.553593498099446,81.8742069965561
4.5537014252473265,81.87584956955143
4.55374877854925,81.87749184487133
4.553854618104882,81.87913382259671
4.553925636746553,81.88077550280848
4.554021986395007,81.88241688558746
4.5542043137218045,81.88405797101449
4.554237560779807,81.88569875917037
4.554280591182572,81.88733925013585
4.554289532739884,81.88897944399167
4.55434549637283,81.89061934081855
4.554581983673507,81.89061934081855
4.554638880267808,81.89061934081855
4.554735731921341,81.89061934081855
4.554836271842344,81.89225894069715
4.554874855970833,81.89389824370814
4.555103800365243,81.8955372499321
4.555149142013498,81.89717595944967
4.555319690453355,81.89717595944967
4.555776492784548,81.89881437234139
4.555926810202998,81.90045248868778
4.556074193654438,81.90209030856937
4.55613322524361,81.9037278320666
4.556186644235412,81.90536505925992
4.556445062327974,81.90700199022977
4.556518952793829,81.90863862505654
4.5566481271079065,81.90863862505654
4.556790244734662,81.90863862505654
4.556868319852076,81.91027496382056
4.557379453488666,81.91191100660215
4.557872938910156,81.91354675348165
4.558007082784482,81.91518220453929
4.55800743317092,81.91518220453929
4.558139801873914,81.91681735985533
4.558300916838944,81.91845221950999
4.55839758214036,81.92008678358343
4.558645811828279,81.92008678358343
4.558712919880138,81.92172105215583
4.558764880894528,81.9233550253073
4.558882574188747,81.92498870311795
4.559070409989512,81.92662208566782
4.559094412824578,81.92662208566782
4.559180924836842,81.92825517303696
4.5593164494768645,81.92988796530538
4.559510453369706,81.93152046255308
4.559737662956351,81.93315266485999
4.559828771923927,81.93478457230603
4.559851445989404,81.93478457230603
4.559873241354528,81.9364161849711
4.559991417302122,81.93804750293506
4.5600477408005595,81.93967852627777
4.560059923680173,81.941309255079
4.560169386434642,81.94293968941857
4.560246449057739,81.94293968941857
4.560300911827174,81.94456982937619
4.560561007358723,81.9461996750316
4.560694671832922,81.94782922646449
4.560726786324735,81.94945848375451
4.560772122972809,81.94945848375451
4.560785073843842,81.95108744698132
4.560799402394827,81.95271611622451
4.560867236825666,81.95434449156366
4.561003528381481,81.95434449156366
4.561034310414696,81.95597257307831
4.561075244105753,81.95760036084799
4.561086416176959,81.95922785495219
4.561105491673803,81.96085505547038
4.561138360068005,81.96248196248196
4.561339058164512,81.96248196248196
4.561371406578389,81.96410857606638
4.561429627658892,81.96573489630298
4.561510006854582,81.96573489630298
4.561637487427066,81.96573489630298
4.561679807293461,81.96736092327112
4.561692983438952,81.96898665705012
4.561880512801908,81.97061209771928
4.562246352872899,81.97223724535785
4.562336344960691,81.97386210004507
4.5627162152547145,81.97386210004507
4.5627776382070975,81.97548666186013
4.562779660087053,81.97548666186013
4.562958751317456,81.97711093088222
4.563104581434028,81.97873490719049
4.563105043173532,81.98035859086404
4.563181743231451,81.98035859086404
4.563305004953735,81.98198198198197
4.563389734621698,81.98360508062336
4.5634568476245665,81.98360508062336
4.563558875801082,81.98522788686724
4.563673574432211,81.98685040079258
4.563705395051875,81.98847262247838
4.563736671777466,81.9900945520036
4.563772990941905,81.99171618944715
4.563853055836341,81.99333753488791
4.563992210885754,81.99495858840476
4.564018798299747,81.99657935007652
4.564203180057415,81.998199819982
4.564210094690678,81.99981999819998
4.56439044950474,82.00143988480922
4.564417453522482,82.00143988480922
4.564456741842618,82.00143988480922
4.564493193578083,82.00305947988842
4.564528282472444,82.00467878351628
4.564529925361453,82.00629779577147
4.56454516228181,82.00791651673264
4.564827648735664,82.00791651673264
4.565011629834566,82.00953494647837
4.565053219713176,82.01115308508724
4.565190198798778,82.01277093263782
4.565417445446064,82.01438848920863
4.5655332810064815,82.01438848920863
4.565671376670471,82.01600575487817
4.565681813556636,82.01600575487817
4.565781275848273,82.01762272972488
4.565865844478494,82.01923941382721
4.566085027567951,82.02085580726357
4.566102545791918,82.02247191011236
4.566112077875772,82.02408772245191
4.566359458991068,82.02570324436056
4.566372369726642,82.02731847591662
4.566375436076787,82.02893341719832
4.56638814604555,82.02893341719832
4.566475720235507,82.02893341719832
4.566879492789345,82.03054806828392
4.566968050619365,82.03216242925164
4.566991002519183,82.03377650017967
4.567013781868772,82.03539028114614
4.567063879684678,82.03700377222921
4.567241499722044,82.03861697350696
4.567258734428881,82.03861697350696
4.567382714011764,82.03861697350696
4.567699828419219,82.04022988505747
4.567722307290546,82.04184250695879
4.567886169406289,82.04345483928893
4.567992643420464,82.04345483928893
4.568069374964512,82.04506688212587
4.568205423874299,82.04667863554758
4.568288899998186,82.04667863554758
4.56875489474053,82.04667863554758
4.568781202265616,82.04667863554758
4.569058026776666,82.048290099632
4.569063523681357,82.049901274457
4.569130280343493,82.05151216010051
4.56925607621172,82.05312275664033
4.569346477510577,82.05312275664033
4.569376169454527,82.05473306415433
4.569505970966053,82.05634308272026
4.569719753219029,82.05634308272026
4.5697987057827785,82.0579528124159
4.5699284770545665,82.05956225331899
4.569950368447179,82.05956225331899
4.569988499857469,82.06117140550721
4.570021088309942,82.0627802690583
4.570316325128489,82.06438884404986
4.57034180334121,82.06599713055954
4.570431178683108,82.06760512866494
4.570565180778802,82.0692128384436
4.570612750938427,82.0708202599731
4.5706550817887965,82.07242739333094
4.570762715762516,82.0740342385946
4.570793245638739,82.0740342385946
4.570836747010265,82.07564079584155
4.5709318949489255,82.07724706514921
4.570936346682006,82.07885304659499
4.570956073205011,82.08045874025625
4.570965763114541,82.08045874025625
4.570971733354137,82.08206414621036
4.570972456891961,82.08366926453462
4.571098535311461,82.08527409530633
4.571151197901726,82.08687863860278
4.5711999327234,82.08848289450117
4.571484841698235,82.09008686307871
4.571637709660478,82.09169054441261
4.571650660714581,82.09329393858
4.5717005090684575,82.09329393858
4.571789186481082,82.09489704565802
4.571958944253504,82.09489704565802
4.5719674638639525,82.09489704565802
4.572157775832609,82.09489704565802
4.5721643421353635,82.09649986572374
4.572244539336816,82.09810239885428
4.57240566836317,82.09970464512665
4.572478128376463,82.10130660461786
4.572651920809675,82.10130660461786
4.572700974463653,82.10290827740492
4.572803043431056,82.10450966356478
4.572804194721785,82.10611076317437
4.572948969571623,82.1077115763106
4.5730990029929,82.1077115763106
4.573129995091388,82.10931210305036
4.573142529821881,82.10931210305036
4.573416033687574,82.11091234347049
4.573523130230364,82.1125122976478
4.573653123991339,82.11411196565909
4.573768575060144,82.11411196565909
4.573793226939209,82.11571134758115
4.573903113432603,82.1173104434907
4.57392561098624,82.11890925346445
4.57395099429839,82.12050777757912
4.574106092616233,82.12210601591133
4.574174084639974,82.12370396853773
4.5742090703564395,82.12370396853773
4.574239259711529,82.1253016355349
4.574308401950376,82.12689901697945
4.574368645419251,82.1284961129479
4.574432860807775,82.1300929235168
4.574505747132333,82.13168944876263
4.574565309597063,82.13328568876183
4.574686752869874,82.13488164359089
4.574858062822625,82.13488164359089
4.574883520053924,82.13488164359089
4.574943865817507,82.13647731332618
4.575108662916236,82.13807269804411
4.575355382245113,82.13966779782103
4.575388701240577,82.13966779782103
4.575557220523942,82.14126261273329
4.575653076893085,82.14285714285714
4.575912401455708,82.1444513882689
4.576053072941341,82.14604534904481
4.576170133039604,82.14763902526109
4.576276583671249,82.14923241699394
4.57634345905879,82.14923241699394
4.5765957752809205,82.1508255243195
4.577054362919478,82.15241834731394
4.577083152845312,82.15241834731394
4.577099000162868,82.15241834731394
4.5771291317680065,82.15401088605336
4.577290208115387,82.15401088605336
4.577300103619218,82.15560314061385
4.577434206029584,82.15719511107146
4.577442885463216,82.15878679750223
4.577487123474603,82.16037819998216
4.577549925688208,82.16196931858723
4.577656065784278,82.16196931858723
4.577763760257102,82.16196931858723
4.577791534694755,82.16356015339338
4.577990433503021,82.16515070447655
4.578079911714815,82.16674097191262
4.57808605937307,82.16833095577746
4.578129139382532,82.16992065614693
4.578199345332449,82.17151007309681
4.578355784104683,82.17309920670291
4.578376436233961,82.174688057041
4.578449433670723,82.1762766241868
4.578538299216602,82.17786490821601
4.578554555212889,82.17786490821601
4.578576370810272,82.17786490821601
4.5786023552355175,82.17945290920431
4.578706922896679,82.17945290920431
4.578849271533429,82.18104062722738
4.578911295327079,82.18262806236079
4.578912990066176,82.18421521468021
4.579171275355018,82.18580208426116
4.579235260226862,82.18738867117919
4.579304065056133,82.18897497550984
4.5797369059613695,82.19056099732859
4.580063462748079,82.1921467367109
4.580086999804102,82.19373219373219
4.580196006697675,82.1953173684679
4.580207727985526,82.19690226099341
4.580561872385611,82.19848687138406
4.580761738425107,82.2000711997152
4.580885887741367,82.20165524606212
4.5808939328587135,82.20323901050008
4.580920854210195,82.20323901050008
4.580938002200827,82.20482249310437
4.580948176912098,82.20482249310437
4.580958914647306,82.20640569395017
4.580993008552603,82.20640569395017
4.581073499914181,82.20798861311272
4.581117008790682,82.20957125066715
4.581199089418062,82.2111536066886
4.5814555653306455,82.21273568125223
4.581513499929283,82.21431747443309
4.581555474160498,82.21589898630624
4.581916728206993,82.21748021694674
4.581965451512074,82.21906116642958
4.582035505601238,82.22064183482976
4.58203670409678,82.22222222222221
4.582056433183933,82.22222222222221
4.582067896692674,82.2238023286819
4.58214165657404,82.2253821542837
4.5823428981904515,82.22696169910246
4.582495103703725,82.22696169910246
4.582654663381959,82.22854096321308
4.582688929464753,82.23011994669037
4.582785782024003,82.2316986496091
4.582833787612391,82.23327707204406
4.582934432200838,82.23485521407
4.5830246554012355,82.23485521407
4.583027776775076,82.23643307576161
4.583067238719605,82.2380106571936
4.583183874935396,82.23958795844064
4.5833516460793895,82.24116497957735
4.583422026034538,82.24274172067832
4.583472914808567,82.24431818181817
4.583523700437095,82.24589436307146
4.583542627104143,82.24747026451269
4.583585464849279,82.2490458862164
4.583599584819299,82.2490458862164
4.583637408759011,82.25062122825702
4.5836500908490345,82.25219629070902
4.583796396488515,82.25377107364686
4.583809425121023,82.2553455771449
4.583822918310035,82.2569198012775
4.583846001929632,82.2569198012775
4.584152988215839,82.25849374611904
4.5844014279576495,82.26006741174383
4.5846631420326505,82.26164079822617
4.5846886583463,82.26164079822617
4.5846979529688205,82.2632139056403
4.584774399839955,82.26478673406048
4.584779924322993,82.26478673406048
4.584780202509316,82.26635928356092
4.584786149220733,82.2679315542158
4.58491568015434,82.26950354609929
4.58497269990468,82.26950354609929
4.585105162136309,82.27107525928552
4.585168859676588,82.27107525928552
4.585386950773265,82.2726466938486
4.585387770030261,82.27421784986262
4.585450776635327,82.27578872740163
4.585802371360989,82.27735932653965
4.585876873897452,82.2789296473507
4.586147627764423,82.28049968990875
4.586162631136181,82.28206945428774
4.586505835556988,82.28363894056162
4.586623707597545,82.28520814880426
4.586641914994846,82.28677707908955
4.586776686081621,82.28834573149132
4.586805238587523,82.28991410608342
4.586860818568084,82.29148220293962
4.586953102337508,82.29148220293962
4.586979455217418,82.29305002213368
4.5870248189777785,82.29461756373938
4.587065662448409,82.2961848278304
4.587253720867615,82.29775181448043
4.587283855171645,82.29931852376316
4.587381247217104,82.30088495575221
4.587548714422546,82.30245111052119
4.5877344900477,82.30401698814369
4.587741221207468,82.30558258869327
4.587898324860905,82.30714791224345
4.587955933145038,82.30871295886776
4.588027589145773,82.30871295886776
4.588147942242601,82.30871295886776
4.5881684318157205,82.31027772863966
4.588340912504192,82.31184222163262
4.588356164870385,82.31340643792005
4.588510329293833,82.31497037757538
4.588512527680752,82.31653404067197
4.588523367617213,82.31809742728318
4.588697818166716,82.31966053748232
4.588810279382113,82.3212233713427
4.588821628298839,82.3227859289376
4.589029838263711,82.3227859289376
4.589539427619549,82.32434821034026
4.589568634274774,82.32434821034026
4.589767092027342,82.32434821034026
4.589790974423527,82.32591021562389
4.58981859928066,82.32747194486171
4.589873790386713,82.32903339812688
4.589947916656588,82.33059457549253
4.589966550506644,82.3321554770318
4.589975508091028,82.33371610281777
4.589997427858051,82.33527645292351
4.590238248614532,82.33683652742207
4.590263569989129,82.33839632638643
4.590349485184967,82.33995584988962
4.590360730629288,82.34151509800459
4.590454974503848,82.34151509800459
4.590478297349296,82.34307407080426
4.590576140278949,82.34463276836158
4.590668022469599,82.34619119074941
4.590850312064611,82.3477493380406
4.591319285098153,82.34930721030801
4.591343815620437,82.35086480762442
4.591872877005116,82.35242213006265
4.591980345095206,82.35397917769542
4.5920167874940745,82.35553595059551
4.592026701766584,82.35553595059551
4.592114917846627,82.35709244883557
4.592167411064509,82.35864867248831
4.592295765149348,82.3602046216264
4.5926923479758255,82.36176029632243
4.592792572890614,82.36176029632243
4.5929901385130645,82.36176029632243
4.593048888630798,82.36331569664902
4.593068961119628,82.36487082267877
4.5932581168476485,82.36487082267877
4.593301147741065,82.36642567448422
4.593301913397545,82.36798025213788
4.593374194867918,82.36953455571228
4.593410543822614,82.37108858527986
4.593428581179132,82.37264234091309
4.593561919702818,82.37264234091309
4.593617299733643,82.37419582268441
4.593788167380317,82.37419582268441
4.593799578659737,82.3757490306662
4.593999866753366,82.37730196493082
4.5940679138253335,82.37885462555066
4.5940680090662065,82.38040701259801
4.594201980450208,82.38195912614518
4.59444774286482,82.38195912614518
4.594546819722813,82.38351096626442
4.594678929139821,82.385062533028
4.59469029644962,82.38661382650815
4.594902202234827,82.38661382650815
4.594942843647584,82.38816484677703
4.595031392071793,82.38971559390684
4.595325347190765,82.39126606796971
4.595510261175499,82.39281626903777
4.595551866839322,82.39281626903777
4.595670932591229,82.3943661971831
4.595704250783496,82.39591585247777
4.595806277719176,82.39746523499385
4.595825085227435,82.3990143448033
4.595882369728374,82.40056318197819
4.595891917050071,82.4021117465904
4.59594165734124,82.4021117465904
4.59594720403887,82.40366003871195
4.595986839090792,82.40520805841471
4.595988111222934,82.40675580577059
4.5962935805537235,82.40675580577059
4.596303355381326,82.40830328085144
4.596556665045638,82.4098504837291
4.596574648897661,82.41139741447542
4.596687106217703,82.41294407316215
4.596744115636536,82.41449045986109
4.5967732638997605,82.41603657464393
4.596845438246699,82.41758241758241
4.596856359172824,82.41758241758241
4.596982451388453,82.41758241758241
4.597052155123626,82.41912798874824
4.597352884887761,82.41912798874824
4.597676067977256,82.42067328821307
4.597806795990754,82.42221831604851
4.59783760088115,82.42376307232621
4.597944649613577,82.42530755711776
4.598050368594261,82.42685177049468
4.598154567155138,82.42839571252856
4.598185313357314,82.42993938329087
4.598263784734237,82.43148278285312
4.59831094094672,82.43302591128679
4.598373726422809,82.43302591128679
4.5984147634071775,82.43456876866327
4.598552003600387,82.43611135505401
4.598714905119819,82.43765367053038
4.5987422958580115,82.43765367053038
4.598768084108921,82.43919571516376
4.598886021676232,82.44073748902547
4.598902865667597,82.44073748902547
4.59915763625161,82.44227899218681
4.599221856883129,82.4438202247191
4.5992414419199426,82.4438202247191
4.59937101403898,82.44536118669359
4.5994304581178485,82.44536118669359
4.59947983158974,82.4469018781815
4.599777292746267,82.44844229925405
4.600177755500087,82.44998244998246
4.600182436673797,82.45152233043783
4.600550840912788,82.45306194069136
4.600622612287789,82.45460128081412
4.600623901205071,82.45614035087719
4.600645970411165,82.45767915095166
4.600713268642324,82.45921768110858
4.6007343732476835,82.46075594141892
4.600744033562872,82.4622939319537
4.600786492139973,82.46383165278387
4.6008101766483405,82.46383165278387
4.600913704070842,82.46536910398035
4.6013982519763275,82.4669062856141
4.601465492795983,82.46844319775596
4.601490686605013,82.46844319775596
4.602114267230378,82.46997984047681
4.602240613327077,82.47151621384751
4.602397747613393,82.47305231793884
4.6024268185900565,82.4745881528216
4.602648808765865,82.47612371856655
4.602665727120534,82.47765901524443
4.602765748730767,82.47919404292597
4.602765992354782,82.48072880168185
4.602791488866182,82.48226329158273
4.60302505206502,82.48379751269924
4.603034897544738,82.48533146510202
4.603128609957105,82.48686514886164
4.603180536164223,82.48839856404868
4.603291190509182,82.48993171073367
4.603502769796009,82.49146458898713
4.603545430247829,82.49299719887955
4.603573035915292,82.49299719887955
4.603670409185823,82.4945295404814
4.60370501913694,82.49606161386312
4.6037401121967925,82.49759341909513
4.60384652294235,82.49912495624781
4.603995721602667,82.50065622539154
4.604161808213236,82.50218722659667
4.6043040512374205,82.50371795993351
4.604456846756044,82.50524842547236
4.604461049637315,82.50677862328347
4.60447502698389,82.50677862328347
4.6044770408986375,82.50830855343712
4.604619012054006,82.5098382160035
4.604649064268501,82.5098382160035
4.604831908111365,82.5098382160035
4.605061508705481,82.5098382160035
4.6050883258818,82.5113676110528
4.605226067087163,82.5113676110528
4.605232171007517,82.51289673865524
4.605469684869164,82.51442559888092
4.605514117980989,82.51595419179998
4.605798686808898,82.51748251748252
4.606115308045188,82.51901057599859
4.606236969939136,82.52053836741828
4.606358154299811,82.5220658918116
4.606381744886784,82.5220658918116
4.606523413476283,82.5220658918116
4.6065889771318576,82.52359314924853
4.606815503117521,82.52359314924853
4.606821824958053,82.52512013979903
4.606848147688889,82.52664686353312
4.606925163114515,82.52664686353312
4.606999741393359,82.52664686353312
4.6070144633185945,82.52817332052066
4.607102071834629,82.52969951083159
4.607508611313028,82.53122543453577
4.607513788558498,82.53275109170306
4.607608132699193,82.53427648240329
4.607645544563343,82.53580160670624
4.607961898667533,82.53732646468174
4.607963751805284,82.53885105639951
4.608256716430559,82.5403753819293
4.608260561304987,82.54189944134079
4.608337660516175,82.54342323470367
4.608489314183312,82.54494676208762
4.608503403472023,82.54647002356226
4.608538631081982,82.54647002356226
4.6085690309484235,82.54799301919721
4.608646819669745,82.54951574906204
4.608732235555182,82.54951574906204
4.608745187440759,82.55103821322632
4.608752492478225,82.55256041175957
4.609000440546886,82.55408234473133
4.609039814110269,82.55560401221108
4.609119455134945,82.55712541426827
4.609134233259383,82.55864655097236
4.609258803388085,82.56016742239275
4.609278359383527,82.56168802859884
4.609305829259644,82.56168802859884
4.609347903449698,82.56320836965998
4.6093923323409225,82.56472844564554
4.609446364474208,82.56624825662483
4.609477230560948,82.56776780266713
4.609511847728585,82.56928708384173
4.609584139026976,82.57080610021787
4.609618954120428,82.57232485186476
4.609769801506851,82.57384333885162
4.609971791499098,82.5753615612476
4.610040546979624,82.57687951912187
4.61009350303033,82.57839721254355
4.610145488634978,82.57991464158174
4.610191025838201,82.58143180630552
4.610308904327053,82.58294870678394
4.610375660080556,82.58446534308604
4.610395074612908,82.5859817152808
4.610638346079833,82.58749782343723
4.610672112287968,82.58901366762427
4.610742645530933,82.59052924791087
4.610830900485457,82.59204456436592
4.610986606841431,82.59204456436592
4.6110460813400245,82.5935596170583
4.611092350511733,82.59507440605691
4.611197113146443,82.59658893143056
4.611322182555284,82.59810319324806
4.611329507737051,82.59810319324806
4.611541491258609,82.59961719157822
4.611783811869756,82.59961719157822
4.611867629051246,82.60113092648977
4.611904499252307,82.60113092648977
4.611964216881445,82.60113092648977
4.6121345627133445,82.6026443980515
4.6121466843815275,82.60415760633208
4.612337633476189,82.60567055140025
4.612398892480187,82.60718323332463
4.612554264530646,82.60718323332463
4.61267161320353,82.6086956521739
4.6126901465784425,82.6086956521739
4.612705923133667,82.6102078080167
4.612820301505084,82.61171970092158
4.6128779373249795,82.61323133095713
4.612965924551421,82.61474269819193
4.613203686497914,82.61625380269449
4.613464607374406,82.61776464453328
4.613514667089327,82.61927522377684
4.613537733998101,82.62078554049357
4.613619565024647,82.62229559475193
4.613832702811543,82.62380538662033
4.6138793529847,82.62531491616714
4.61390249934924,82.62682418346074
4.614591454286865,82.62833318856944
4.614623405939553,82.62984193156157
4.6146656700256035,82.63135041250543
4.614699317218037,82.63285863146926
4.614783702306555,82.63436658852132
4.6148538406549005,82.63587428372982
4.615035678279507,82.63738171716295
4.615055075074833,82.63888888888889
4.6151563209807405,82.64039579897579
4.615285769398493,82.64190244749176
4.61534931344631,82.64340883450491
4.615490608266849,82.64340883450491
4.615738446582977,82.6449149600833
4.615877974893935,82.646420824295
4.616186417045789,82.64792642720805
4.616261372814628,82.64943176889044
4.616332131281798,82.65093684941013
4.616597703059717,82.65244166883511
4.616713242771639,82.6539462272333
4.616767362100912,82.65545052467263
4.616782433495913,82.65695456122096
4.616794533137484,82.65845833694615
4.616827981312859,82.65996185191608
4.61685241138423,82.66146510619853
4.616913071253901,82.6629680998613
4.616973294377472,82.6629680998613
4.6170374017759785,82.66447083297219
4.617140877165051,82.6659733055989
4.61721341536861,82.66747551780917
4.617261983641948,82.66897746967071
4.617405379846367,82.6704791612512
4.617506884968296,82.67198059261827
4.617745896024803,82.67348176383955
4.617842918849257,82.67498267498267
4.618013025754497,82.67498267498267
4.6183667113942235,82.6764833261152
4.618467755674756,82.6779837173047
4.618483773236849,82.67948384861869
4.618485294242591,82.67948384861869
4.6185294192866975,82.6809837201247
4.6185562284740715,82.68248333189021
4.618632483475992,82.68398268398268
4.618677716542181,82.68548177646957
4.618871374074527,82.68698060941828
4.619015150994326,82.68847918289622
4.619020597391259,82.68997749697074
4.6191287629828395,82.68997749697074
4.619311160150862,82.68997749697074
4.619316062427025,82.69147555170922
4.619402055413965,82.69297334717895
4.619456430436612,82.69447088344725
4.619555300195674,82.69596816058142
4.619671581985369,82.69746517864867
4.6197257490540204,82.69896193771626
4.619846838023824,82.7004584378514
4.619911762524757,82.70195467912126
4.619989899069276,82.70195467912126
4.620133022898298,82.70345066159301
4.620287976327093,82.7049463853338
4.620397755797267,82.7049463853338
4.620463658799944,82.7049463853338
4.620478939754734,82.70644185041071
4.620669153850938,82.70793705689088
4.620715053110581,82.70943200484136
4.62072455329236,82.70943200484136
4.620777551852068,82.71092669432917
4.620957615653864,82.71242112542139
4.620981785877251,82.71391529818496
4.62103484467362,82.71540921268688
4.621116851535828,82.71690286899413
4.621254578669196,82.71839626717359
4.621370482625595,82.7198894072922
4.6215121405601165,82.72138228941685
4.621881701219035,82.72287491361438
4.62189929451151,82.72436727995162
4.621905114374387,82.72585938849542
4.622049059268344,82.72735123931255
4.62206159784667,82.72884283246978
4.622073307031675,82.73033416803385
4.6221028573159515,82.7318252460715
4.622105364910944,82.7318252460715
4.622475494680215,82.7333160666494
4.622636688732775,82.73480662983425
4.622670024510681,82.73480662983425
4.622796104098851,82.7362969356927
4.622865261205406,82.7362969356927
4.622995514780858,82.7362969356927
4.6230479627622945,82.73778698429139
4.623197492120477,82.73927677569691
4.623299039446508,82.74076630997584
4.623370858537324,82.74225558719476
4.623605410974094,82.74374460742018
4.623644319038673,82.74374460742018
4.623833871918059,82.74374460742018
4.624005377361585,82.74523337071867
4.624063456852117,82.74672187715666
4.624219481063294,82.74821012680066
4.624220399770872,82.7496981197171
4.624242577580844,82.7511858559724
4.624306300375657,82.75267333563298
4.624495679307233,82.7541605587652
4.624558444024811,82.75564752543542
4.62459735395531,82.75713423570997
4.624623432816425,82.75862068965517
4.624818275004394,82.7601068873373
4.624829863254585,82.76159282882261
4.624928536219932,82.76307851417737
4.624958122344235,82.76456394346778
4.625169218267135,82.76604911676002
4.625180955285207,82.76753403412029
4.6251980404988275,82.76753403412029
4.625328610493819,82.76901869561472
4.625433668275892,82.77050310130944
4.62546212412291,82.77198725127056
4.625595525485747,82.77347114556417
4.625638872644075,82.77347114556417
4.625879745237842,82.77495478425631
4.625975604458694,82.77495478425631
4.626213909636725,82.77495478425631
4.626266732668772,82.77643816741302
4.626314365853928,82.77792129510033
4.626468461698754,82.7794041673842
4.626519280541504,82.7808867843306
4.62653142899925,82.78236914600551
4.6265482259791,82.78385125247482
4.626884074445305,82.78533310380443
4.626893229608747,82.78681470006025
4.626895871961078,82.78681470006025
4.6269196255966865,82.78681470006025
4.627129202800831,82.78829604130809
4.627278330416764,82.7897771276138
4.62734271367283,82.7897771276138
4.627408927626245,82.7912579590432
4.627430603635589,82.79273853566205
4.627586615823142,82.79421885753612
4.627815250738561,82.79421885753612
4.627945992131946,82.79569892473118
4.6280793371089315,82.79717873731292
4.628496688089719,82.79717873731292
4.628511284891131,82.79717873731292
4.6286438656055084,82.79865829534704
4.62871034538616,82.8001375988992
4.628827098050857,82.80161664803508
4.628846324463867,82.80161664803508
4.628858992007383,82.8030954428203
4.629157350590121,82.80457398332044
4.629164554929404,82.80605226960111
4.629203702281318,82.80753030172784
4.629227865396908,82.8090080797662
4.6292459932786825,82.81048560378169
4.629272917359187,82.81048560378169
4.629323725273272,82.81048560378169
4.6295878439886025,82.8119628738398
4.6297025109972605,82.81343989000601
4.629861712620893,82.81491665234576
4.629954194014254,82.81491665234576
4.629969433136737,82.81639316092448
4.630046386099744,82.81639316092448
4.630176209103694,82.81639316092448
4.630195051885094,82.81786941580756
4.630250758180653,82.81786941580756
4.630255514995501,82.81934541706039
4.630262311493032,82.82082116474832
4.630275833550211,82.8222966589367
4.630279194233989,82.82377189969083
4.630348874910594,82.82377189969083
4.630437526994265,82.82524688707599
4.63054833228717,82.82672162115749
4.630617883191057,82.82819610200052
4.630641816714005,82.82967032967034
4.630818210002323,82.83114430423211
4.630840909930061,82.83261802575107
4.630849444121234,82.83261802575107
4.631064085426369,82.83409149429234
4.631265865274425,82.83556470992104
4.631283517319066,82.83703767270231
4.63135160871079,82.83851038270122
4.631360168832995,82.83851038270122
4.631393138483075,82.83998283998284
4.631616786346656,82.84145504461222
4.631835401947776,82.84292699665437
4.631855542485009,82.84439869617431
4.631942870547601,82.845870143237
4.631979256435045,82.84734133790738
4.632020172506104,82.8488122802504
4.632037738345158,82.850282970331
4.632161969212707,82.850282970331
4.632201692637589,82.85175340821401
4.632309740460312,82.85322359396433
4.6323314061368865,82.8546935276468
4.632398337828874,82.85616320932625
4.632442481493045,82.85763263906746
4.632463864107397,82.85910181693521
4.6325001458409885,82.86057074299426
4.632674359936889,82.86203941730935
4.6327280376156335,82.86350783994516
4.633065586837757,82.86497601096642
4.633133860059817,82.86644393043775
4.633245298344683,82.86791159842385
4.6335030670646855,82.86791159842385
4.6335953061547706,82.86937901498929
4.633636571083199,82.8708461801987
4.633642183954257,82.8708461801987
4.63369722165759,82.87231309411663
4.633800753093117,82.87377975680768
4.63383489728879,82.87377975680768
4.634007570894272,82.87524616833633
4.634271481236995,82.87671232876713
4.634376387254602,82.87817823816455
4.63450211769585,82.87964389659305
4.634735261085364,82.87964389659305
4.634740677126931,82.87964389659305
4.634760915089141,82.87964389659305
4.634908569908667,82.88110930411709
4.634971345351832,82.8825744608011
4.635206337621182,82.88403936670946
4.635417061554985,82.88550402190656
4.635426716902698,82.88696842645675
4.6354843802457495,82.88843258042436
4.635765814966792,82.88989648387373
4.635933662339439,82.89136013686912
4.636000390682116,82.89282353947482
4.636112870614825,82.89428669175504
4.6361587170885965,82.89574959377404
4.636334342277629,82.89721224559602
4.636355394197089,82.89867464728516
4.6363606712429855,82.89867464728516
4.636509895611815,82.9001367989056
4.636631749024297,82.9015987005215
4.6367931354537,82.90306035219696
4.636816287269178,82.90452175399606
4.636869389039106,82.90598290598291
4.636981152850011,82.90744380822152
4.636991820352554,82.90890446077593
4.637219154848118,82.91036486371016
4.637420927461529,82.91182501708818
4.6375985380454114,82.91182501708818
4.637665072847235,82.91328492097394
4.637681829107835,82.9147445754314
4.637864083802099,82.91620398052447
4.637959696930381,82.91766313631705
4.638221899025963,82.91766313631705
4.638432989446061,82.919122042873
4.6385584308549985,82.9205807002562
4.638596667392837,82.92203910853044
4.638721789030773,82.92349726775956
4.638722305989658,82.92495517800734
4.6389302825068635,82.92641283933754
4.6389399625550505,82.92787025181391
4.639022389358944,82.92932741550018
4.639141998763933,82.93078433046001
4.639327322174153,82.93224099675712
4.639460080941389,82.93369741445515
4.6397859795018945,82.93369741445515
4.640125127017437,82.93369741445515
4.640306950347753,82.93369741445515
4.6403139057491165,82.93515358361775
4.640573917200046,82.9366095043085
4.640627851047304,82.93806517659102
4.640709766886044,82.93806517659102
4.640740370453241,82.93952060052887
4.640763327594204,82.9409757761856
4.640878150734479,82.94243070362474
4.641043030410706,82.94388538290977
4.641258695453737,82.9453398141042
4.641286210801103,82.94679399727148
4.641317980072735,82.94824793247506
4.641666622810515,82.94970161977835
4.641685680540559,82.95115505924474
4.64172072262809,82.95260825093762
4.641835131118175,82.95406119492031
4.641967923457587,82.95551389125619
4.641989288357279,82.95696634000852
4.642018235088551,82.95841854124063
4.642086897713126,82.95987049501576
4.642220635530394,82.96132220139717
4.642252704512593,82.96277366044808
4.64232976324837,82.96277366044808
4.642379594675592,82.96277366044808
4.642506539465151,82.96422487223168
4.642656963554036,82.96422487223168
4.643019917084983,82.96422487223168
4.6433811128219125,82.96567583681117
4.643482362294773,82.9671265542497
4.643845977040259,82.9685770246104
4.643943849735665,82.9700272479564
4.644131217655665,82.97147722435079
4.644329423089975,82.97292695385663
4.644428853884269,82.97437643653699
4.644540989198437,82.97582567245489
4.644722465019328,82.97727466167333
4.644723773200677,82.97872340425532
4.644858974238426,82.97872340425532
4.644919510214047,82.98017190026381
4.644998403981269,82.98162014976175
4.645042332377017,82.98306815281205
4.645085873797313,82.98306815281205
4.645188308283872,82.98451590947764
4.645359177388246,82.98596341982135
4.645425275495228,82.98596341982135
4.645579481929075,82.98741068390609
4.645765473497378,82.98741068390609
4.645878653139786,82.98885770179467
4.645975724682096,82.99030447354993
4.646062448595778,82.99175099923463
4.646066905484574,82.99319727891157
4.64614546353197,82.99464331264348
4.646176510254078,82.99608910049311
4.6463732955883215,82.99608910049311
4.646535128744812,82.99753464252316
4.6465879911722,82.99753464252316
4.646617081885631,82.99897993879632
4.646620442561483,83.00042498937526
4.646794081665255,83.00186979432263
4.646819780406112,83.00331435370103
4.646923078565433,83.00475866757307
4.64694188772619,83.00620273600136
4.647036402093182,83.00764655904842
4.647402229645567,83.00909013677682
4.647710524036172,83.01053346924907
4.647826177336812,83.01053346924907
4.647835063836949,83.01197655652764
4.647933906529487,83.01341939867505
4.6479777624860406,83.01486199575372
4.647985773290168,83.0163043478261
4.64814332455957,83.01774645495458
4.64816920747226,83.01918831720157
4.648195073658429,83.02062993462943
4.64826297747359,83.02062993462943
4.648307651155932,83.02062993462943
4.648349204124549,83.02207130730051
4.648434450327282,83.02351243527714
4.648538178602621,83.02351243527714
4.64864078236008,83.02495331862163
4.6487742677864325,83.02639395739625
4.6488343281478075,83.02783435166327
4.648846911929923,83.02927450148493
4.6488640351351345,83.03071440692347
4.648933125670792,83.03215406804107
4.649255545502996,83.03359348489991
4.649522471710132,83.03503265756214
4.649561723672231,83.03503265756214
4.650042516856199,83.03647158608992
4.65004347650374,83.03791027054534
4.650092036360155,83.0393487109905
4.650214859227127,83.0407869074875
4.650589447763546,83.04222486009836
4.6507057494230875,83.04366256888513
4.650743244394161,83.0451000339098
4.6508998495554925,83.04653725523437
4.650938351863295,83.04797423292084
4.651012868698074,83.04941096703111
4.651033565118125,83.04941096703111
4.65109105249707,83.05084745762711
4.651136019501277,83.05084745762711
4.651511656907002,83.05228370477079
4.651512839479831,83.05228370477079
4.651653058926736,83.05371970852397
4.651751121121313,83.05515546894857
4.651768764316365,83.0565909861064
4.651870853073738,83.0580262600593
4.651933991229265,83.05946129086905
4.651974756498287,83.06089607859745
4.65207018392591,83.06233062330624
4.652083898408132,83.06233062330624
4.6523728567101035,83.06376492505716
4.652453298080784,83.06519898391194
4.652489223377292,83.06519898391194
4.652749297132536,83.06519898391194
4.652890065036048,83.06519898391194
4.65294494505613,83.06663279993228
4.653127847227723,83.06806637317982
4.653128268000492,83.06806637317982
4.653138265282885,83.06806637317982
4.653150489455165,83.06949970371625
4.653180352397509,83.07093279160318
4.653238517801847,83.07236563690225
4.653310525640906,83.07236563690225
4.653530231055046,83.07379823967501
4.653656251167668,83.07379823967501
4.653838129173338,83.07523059998307
4.6538616939525115,83.07666271788797
4.65407066151792,83.07809459345123
4.654079425228848,83.07952622673434
4.654102669021124,83.07952622673434
4.654233999582753,83.08095761779883
4.6543377258870295,83.08238876670615
4.654570824050327,83.08381967351772
4.654573004537267,83.085250338295
4.654793020404672,83.08668076109936
4.654923830017234,83.08811094199223
4.655000661182577,83.08954088103492
4.655045245520924,83.0909705782888
4.655063456039597,83.0924000338152
4.6552107335352755,83.0938292476754
4.655231306645637,83.0938292476754
4.65537489673117,83.0938292476754
4.655410594290711,83.09525821993068
4.6555818593368805,83.09525821993068
4.655639692098839,83.09525821993068
4.655700910475918,83.09668695064232
4.655794797189411,83.09811543987155
4.655796805375704,83.09954368767957
4.655919476331212,83.09954368767957
4.655950237601025,83.1009716941276
4.655987732843846,83.10239945927678
4.6560174928237785,83.10382698318831
4.6561949983903,83.1052542659233
4.656254063347272,83.10668130754286
4.656317835604703,83.1081081081081
4.656326696787625,83.1095346676801
4.656560229981682,83.11096098631988
4.656561549571539,83.1123870640885
4.656586632120794,83.11381290104694
4.656606710072447,83.11523849725623
4.656743748792983,83.11666385277731
4.656874494904503,83.11808896767114
4.656892386918247,83.11951384199865
4.656987711791114,83.12093847582075
4.657063689477941,83.12236286919831
4.657100655913152,83.12378702219222
4.657358721537609,83.12521093486332
4.657369867746966,83.12663460727242
4.657661737148299,83.12805803948035
4.657706106475166,83.12948123154787
4.657751392671354,83.13090418353576
4.657758927853943,83.13232689550476
4.658183110960021,83.13374936751559
4.658381115473055,83.13517159962898
4.658455221551207,83.13517159962898
4.658464293804866,83.13659359190557
4.6584885898564545,83.13801534440603
4.658538935245031,83.13943685719103
4.658555820745125,83.14085813032118
4.658732587678847,83.14227916385704
4.659106560728266,83.14369995785925
4.659574385952536,83.14512051238833
4.659640718346943,83.14654082750485
4.6598208343181975,83.14654082750485
4.660128505043839,83.1479609032693
4.660613647347714,83.14938073974218
4.660731725010448,83.150800336984
4.66081808931322,83.150800336984
4.66086336541594,83.15221969505518
4.661029402479494,83.15221969505518
4.66120391417193,83.15363881401618
4.66127865979394,83.1550576939274
4.661359021968481,83.15647633484924
4.661386935781088,83.15789473684211
4.661490821986916,83.15931289996632
4.661516808892299,83.16073082428223
4.661624266606751,83.16073082428223
4.661842999532568,83.16073082428223
4.661889399301277,83.16214850985014
4.661981731308332,83.16356595673037
4.662034132684661,83.16498316498317
4.66207351930519,83.16498316498317
4.662170175945838,83.16498316498317
4.6621848157027905,83.16640013466879
4.662198058335529,83.1678168658475
4.662207086802701,83.16923335857949
4.66226167442286,83.17064961292495
4.6622833595209885,83.17206562894405
4.662286197804489,83.17348140669696
4.66229259169056,83.17489694624379
4.662368619725966,83.17489694624379
4.662397012906558,83.17631224764467
4.662486827585008,83.17772731095971
4.662489473233397,83.17914213624896
4.662639524425618,83.18055672357245
4.662648773901636,83.18055672357245
4.662704698945186,83.18055672357245
4.662783667657334,83.18197107299025
4.662986440063551,83.18338518456235
4.66301456317766,83.18338518456235
4.66321969043371,83.18479905834874
4.663321278529472,83.1862126944094
4.663652120994466,83.1876260928043
4.663819500857946,83.18903925359335
4.663989851414911,83.19045217683644
4.664365536349779,83.19186486259349
4.664554652946121,83.19327731092437
4.664641752866393,83.19468952188892
4.664668196792789,83.19610149554697
4.664675749943301,83.19610149554697
4.664712708512805,83.19610149554697
4.664845196459757,83.19751323195833
4.6650081993503605,83.1989247311828
4.665453674600264,83.1989247311828
4.665463908291973,83.20033599328013
4.665578934922643,83.20174701831009
4.665624010881085,83.2031578063324
4.665705913732838,83.20456835740679
4.666309336652907,83.20597867159292
4.666344487094815,83.20738874895046
4.666346185067276,83.20738874895046
4.66636588760467,83.20879858953909
4.666432045935779,83.2102081934184
4.666454487097524,83.21161756064804
4.666474132797172,83.21302669128757
4.66659555366269,83.21443558539656
4.666834491310883,83.21584424303458
4.666915766454003,83.21584424303458
4.666924933878786,83.21725266426114
4.666933925538908,83.21866084913576
4.666950318495531,83.21866084913576
4.667012058516886,83.22006879771793
4.66738590158029,83.22147651006712
4.667528206495065,83.22288398624276
4.667551600779214,83.22429122630432
4.667563581647765,83.22569823031117
4.66767533405875,83.22569823031117
4.667686670626574,83.22710499832272
4.667962259174658,83.22851153039832
4.668081369479262,83.22991782659736
4.668124717712751,83.23132388697913
4.668149112646238,83.23272971160294
4.668187745132745,83.23413530052812
4.66821671891304,83.23413530052812
4.668426305357583,83.23554065381391
4.66848916590432,83.23694577151957
4.668578905406837,83.23835065370433
4.6686338874116915,83.23975530042739
4.668661640813952,83.24115971174794
4.668815982753198,83.24256388772517
4.6688533369166105,83.24396782841823
4.668887573987568,83.24537153388624
4.6689952804516235,83.24677500418831
4.669082932256434,83.24817823938353
4.669130641122177,83.24958123953098
4.669152267959304,83.24958123953098
4.669235140247887,83.25098400468973
4.66931078931982,83.25098400468973
4.669440414093329,83.25238653491877
4.66950170490536,83.25238653491877
4.6695502653433785,83.25378883027716
4.669613535891749,83.25519089082385
4.6699166204844245,83.25659271661783
4.670331484134403,83.25799430771806
4.670351846405029,83.25939566418347
4.670411040015645,83.26079678607299
4.670447732249367,83.26219767344548
4.670489209076797,83.26359832635984
4.6705044595950005,83.2649987448749
4.670664664828203,83.26639892904953
4.6708624723326855,83.26779887894253
4.670872071458443,83.26919859461267
4.670873568884597,83.27059807611877
4.670876279928688,83.27199732351957
4.670985792861081,83.2733963368738
4.6711180316108925,83.27479511624017
4.67116052383318,83.27479511624017
4.671227398791028,83.2761936616774
4.671304240878482,83.27759197324414
4.671580924953036,83.27759197324414
4.671634217840858,83.27899005099908
4.67176026246303,83.27899005099908
4.671782548949612,83.28038789500084
4.671895184363867,83.28178550530804
4.672101877702477,83.28318288197927
4.672111852092848,83.28458002507313
4.672375223512405,83.28597693464816
4.672396956642857,83.28597693464816
4.672739733660511,83.28737361076293
4.672863325456252,83.28877005347593
4.672902385348813,83.29016626284569
4.672923014654016,83.29156223893067
4.673020470231625,83.29156223893067
4.673048731538001,83.29295798178933
4.673138145116032,83.29435349148012
4.673343953365191,83.29574876806147
4.673449236551071,83.29714381159178
4.673852627521296,83.29853862212944
4.673979645967507,83.2999331997328
4.673989824938963,83.2999331997328
4.674061239212885,83.30132754446021
4.6741854040790916,83.30132754446021
4.674318864486391,83.30132754446021
4.674406493587125,83.30272165637001
4.674509167190266,83.30272165637001
4.6747257842485945,83.3041155355205
4.674745875548829,83.30550918196995
4.6749094021360635,83.30550918196995
4.675045689024523,83.30550918196995
4.675171182619741,83.30690259577665
4.675197820043007,83.30690259577665
4.675351671123131,83.30690259577665
4.675468330691791,83.30690259577665
4.675517232851616,83.30829577699883
4.6756112206697305,83.30968872569473
4.67561468357825,83.31108144192257
4.675700148086424,83.3124739257405
4.675735970790582,83.31386617720675
4.675785489333666,83.31386617720675
4.67582874459025,83.31386617720675
4.675834832066834,83.31525819637942
4.675997871685258,83.31525819637942
4.676030814707117,83.31664998331665
4.676400435343849,83.31804153807657
4.676475198277429,83.31943286071727
4.676637467998072,83.3208239512968
4.676645594277285,83.32221480987326
4.6767006859918965,83.32360543650464
4.676703398194123,83.32360543650464
4.6767051912685575,83.32499583124896
4.6768438642133905,83.32638599416423
4.676994043945276,83.32777592530843
4.677082244807396,83.32916562473952
4.677152913995072,83.33055509251543
4.677280635471294,83.33194432869406
4.677455294317808,83.33333333333334
4.677508567435212,83.33472210649113
4.677596763024684,83.33611064822529
4.677668829295061,83.33611064822529
4.6777332859550045,83.33749895859368
4.677740418044892,83.33888703765412
4.6777522160035545,83.3402748854644
4.677817608586688,83.34166250208229
4.677834904044918,83.34304988756558
4.677849372688427,83.34443704197201
4.677959770571621,83.34443704197201
4.678267080163542,83.34443704197201
4.678345419759321,83.34582396535932
4.678472894947591,83.34721065778517
4.678524199440537,83.34721065778517
4.678685625162715,83.34721065778517
4.678727951118369,83.3485971193073
4.678902511630668,83.3485971193073
4.679027844977909,83.34998334998335
4.679033732513849,83.35136934987098
4.679101643608692,83.3527551190278
4.679123084644174,83.35414065751145
4.679129778972917,83.35414065751145
4.679251725710735,83.3555259653795
4.67932406797741,83.3555259653795
4.679481921313784,83.3555259653795
4.679744063367755,83.35691104268952
4.679773144117357,83.35829588949909
4.6798188871110264,83.35968050586571
4.679842105488877,83.36106489184692
4.679865003198243,83.36106489184692
4.679875268019986,83.3624490475002
4.679913249709472,83.36383297288305
4.6799561868463515,83.3652166680529
4.680231096719177,83.3652166680529
4.680261320230067,83.36660013306721
4.680291495132436,83.36798336798337
4.680374005707952,83.3693663728588
4.680387380308754,83.37074914775089
4.680475104951363,83.37213169271699
4.680475123259549,83.37213169271699
4.680635307324563,83.37213169271699
4.680709968956522,83.37351400781445
4.680805019225249,83.37489609310057
4.680934092941124,83.3762779486327
4.680944566875853,83.3762779486327
4.681242616761505,83.37765957446808
4.681345270024144,83.37904097066401
4.681589502697732,83.3804221372777
4.681612842420646,83.38180307436643
4.681631310136212,83.38318378198737
4.681651330042071,83.38456426019772
4.6817104110097745,83.38594450905465
4.681715717770486,83.38594450905465
4.681767118283858,83.38594450905465
4.681852043016813,83.38732452861534
4.681867248689722,83.38870431893687
4.681885853694011,83.3900838800764
4.68213275343947,83.39146321209101
4.682163373789076,83.39284231503778
4.6822589417856975,83.39422118897376
4.682301753482235,83.395599833956
4.6825514200869645,83.395599833956
4.682570585736967,83.39697825004151
4.6828945102948945,83.39835643728729
4.682948423595505,83.39973439575033
4.68296509121739,83.4011121254876
4.68297916263075,83.40248962655602
4.68301499314645,83.40248962655602
4.683039289920225,83.40386689901254
4.683147837646122,83.40524394291404
4.683194766005698,83.40662075831743
4.68333295667221,83.40799734527957
4.683349711321317,83.40937370385733
4.683356477076929,83.4107498341075
4.683361158827339,83.41212573608692
4.683412196431404,83.41350140985237
4.683454146207413,83.41487685546065
4.683471704330206,83.41625207296849
4.683641033017067,83.41625207296849
4.683670684686232,83.41625207296849
4.6836809735991345,83.41762706243263
4.683912153359776,83.41762706243263
4.684074702307269,83.41762706243263
4.684155578707013,83.4190018239098
4.6842315892829935,83.42037635745669
4.684326826996555,83.42175066312998
4.684540915262303,83.42312474098632
4.684777943561061,83.42312474098632
4.684811902907936,83.42449859108238
4.68489216533926,83.42587221347476
4.684906610375715,83.42587221347476
4.68491442172726,83.42587221347476
4.685026568757704,83.42724560822009
4.685075225114191,83.42861877537493
4.685141416753112,83.42999171499585
4.685406216995128,83.43136442713941
4.685459091471023,83.43136442713941
4.685473282072517,83.43273691186216
4.68553322635974,83.43410916922058
4.685607450495409,83.43548119927117
4.6856367146382825,83.43548119927117
4.68567716282953,83.4368530020704
4.685791571745421,83.43822457767473
4.6859716628437855,83.43822457767473
4.686039386128473,83.4395959261406
4.686128707386968,83.4395959261406
4.68617190966858,83.44096704752442
4.68617705432674,83.44096704752442
4.686198596207084,83.4423379418826
4.686337107228263,83.44370860927152
4.68635877315013,83.44507904974753
4.686428374765612,83.446449263367
4.686451389876429,83.446449263367
4.68662298493222,83.44781925018621
4.686784969558835,83.4491890102615
4.686879224721321,83.45055854364915
4.686908294743865,83.45192785040543
4.686919181930508,83.45329693058659
4.687399340048343,83.45466578424883
4.687490887035694,83.45603441144843
4.687499636511322,83.45740281224153
4.687536324372791,83.45740281224153
4.68763051361304,83.4587709866843
4.687705886379371,83.46013893483295
4.687718696681428,83.46150665674357
4.687824471546911,83.4628741524723
4.687875275890384,83.4628741524723
4.687973619845461,83.46424142207523
4.688080969245838,83.46560846560847
4.6881336541230825,83.46697528312805
4.688183625568713,83.46834187469003
4.688215936741174,83.46970824035044
4.688470108443209,83.47107438016529
4.688527652721643,83.47244029419056
4.688582572586051,83.47380598248223
4.688628780730733,83.47380598248223
4.6886573360657415,83.47517144509625
4.688745968449444,83.47653668208856
4.688798251008602,83.47790169351508
4.688803268770366,83.47926647943169
4.688849933798305,83.48063103989428
4.688874733201731,83.4819953749587
4.689018946589946,83.48335948468082
4.689091002883129,83.48472336911644
4.689137895990427,83.48472336911644
4.689554496890847,83.48608702832136
4.689556856855914,83.48608702832136
4.68973893124658,83.48745046235139
4.689749869337544,83.48881367126228
4.689940488024931,83.49017665510979
4.690074957165516,83.49153941394964
4.690279708445889,83.49290194783757
4.690284157712804,83.49426425682925
4.690433407279751,83.49426425682925
4.6905343248720515,83.49562634098035
4.690760531662153,83.49698820034656
4.690817386229138,83.4983498349835
4.690831286434673,83.49971124494678
4.690898429383102,83.50107243029203
4.691074607880216,83.50243339107482
4.691133321564761,83.5037941273507
4.691385104729703,83.50515463917526
4.691437109740681,83.506514926604
4.69149556749627,83.50787498969243
4.691703527682914,83.50923482849603
4.691764634225407,83.51059444307033
4.691773427865131,83.51195383347073
4.691788898023475,83.5133129997527
4.6918036305950235,83.5133129997527
4.691842935465422,83.51467194197164
4.691945150098851,83.51603066018298
4.692032704973253,83.51738915444207
4.692185802929394,83.51738915444207
4.69226352481323,83.51874742480429
4.692360918757343,83.52010547132498
4.692369771927606,83.52146329405949
4.692390418239209,83.52282089306311
4.692637451778258,83.52417826839114
4.692744031769883,83.52553542009885
4.692753173038322,83.5268923482415
4.69286632780838,83.52824905287433
4.692885324946444,83.52960553405254
4.692893354609358,83.52960553405254
4.692953793168684,83.52960553405254
4.692963054526245,83.53096179183136
4.693041156622296,83.53096179183136
4.693095000365063,83.53231782626595
4.693288370362317,83.5336736374115
4.693339298643254,83.5336736374115
4.693401300555178,83.53502922532311
4.693619331801749,83.53638459005597
4.693622148496289,83.53773973166516
4.693630873292654,83.53773973166516
4.694025712044427,83.53909465020575
4.694077560756778,83.54044934573285
4.694109046709498,83.54044934573285
4.694119624163938,83.54180381830152
4.69422344952318,83.54315806796676
4.694283407378476,83.54451209478361
4.694490017973873,83.54451209478361
4.6945532535830345,83.54586589880707
4.694656772634545,83.54721948009214
4.6947891321059405,83.54721948009214
4.694966862259484,83.54857283869376
4.695153613045671,83.54992597466688
4.695245407105412,83.55127888806645
4.695274206488291,83.55127888806645
4.695441473530991,83.55263157894737
4.695487498257666,83.55398404736452
4.695554311159704,83.55533629337279
4.695719589607052,83.55668831702705
4.695764728350933,83.55804011838211
4.695866920618369,83.5593916974928
4.695950725901011,83.56074305441395
4.696165341019989,83.5620941892003
4.696216972892152,83.56344510190664
4.696260275155646,83.56479579258772
4.696412643316181,83.56614626129829
4.696437271957578,83.56749650809301
4.696597283630309,83.56884653302662
4.6967250669206075,83.57019633615378
4.6967675791157255,83.57154591752915
4.696900649708771,83.5728952772074
4.697580800152143,83.5742444152431
4.697608092687239,83.5755933316909
4.697625773793312,83.57694202660535
4.697629139515652,83.57829050004105
4.697635865068809,83.57963875205255
4.697699672421623,83.58098678269435
4.697725622432814,83.58233459202101
4.69775922089268,83.58233459202101
4.697814572882723,83.58233459202101
4.697816025087072,83.58368218008701
4.697910360007702,83.58502954694683
4.697917740699254,83.58637669265491
4.698129396530073,83.58772361726572
4.698368914930961,83.58772361726572
4.698428518693086,83.58907032083368
4.6984766010328505,83.59041680341319
4.6986996305593305,83.59176306505866
4.698791921528431,83.59310910582445
4.698810545815586,83.59445492576491
4.6990232056563945,83.59580052493439
4.699108914342641,83.59714590338719
4.69930238901125,83.59714590338719
4.699320423001264,83.59849106117763
4.699335140144598,83.59983599835998
4.699381052069766,83.60118071498852
4.699579643549545,83.60118071498852
4.699622775111047,83.60252521111748
4.699637903889859,83.60386948680112
4.699645241825993,83.60386948680112
4.699723856885172,83.60521354209361
4.699736138422366,83.60655737704919
4.69993557685451,83.60790099172199
4.700076889404341,83.60924438616621
4.700082973108153,83.61058756043596
4.700100720846724,83.61193051458538
4.7003662148565315,83.61193051458538
4.700515594086018,83.61327324866858
4.700548631418449,83.61461576273965
4.700660748460912,83.61595805685262
4.700961433874766,83.61595805685262
4.701025407274741,83.6173001310616
4.701143553035788,83.6186419854206
4.701239237058595,83.61998361998361
4.701459499799363,83.62132503480468
4.701511678698986,83.62266622993776
4.701524282836196,83.62400720543684
4.7015274143620776,83.62534796135583
4.701730614855426,83.62668849774867
4.702113878320816,83.62668849774867
4.7022542090455275,83.62802881466929
4.7023563400227175,83.62936891217157
4.702451362230648,83.63070879030938
4.70253350229452,83.63204844913659
4.702664411827278,83.63338788870703
4.702675134616939,83.63472710907455
4.702802582426322,83.63472710907455
4.702860324644709,83.63606611029292
4.702882178979554,83.63740489241593
4.702901649841056,83.63740489241593
4.703101710311481,83.63874345549738
4.703128153495231,83.640081799591
4.70336733694546,83.64141992475052
4.70339892267816,83.64141992475052
4.703510513270028,83.64275783102968
4.7038648459570345,83.64275783102968
4.703911254988702,83.64409551848217
4.703956226137801,83.64543298716166
4.703963327630863,83.64677023712184
4.703982353606978,83.64677023712184
4.704058076841768,83.64810726841631
4.704080299789659,83.64810726841631
4.704234034090272,83.64944408109875
4.704310080274268,83.65078067522276
4.704450999625183,83.65211705084191
4.704485213686896,83.65345320800981
4.704496874589757,83.65478914677999
4.7046781693264235,83.65612486720602
4.704814813871933,83.6574603693414
4.704818984525941,83.65879565323965
4.704874670377959,83.66013071895425
4.704982450831415,83.66146556653868
4.705017428387985,83.66280019604639
4.705028587172765,83.66413460753084
4.705075974280689,83.6654688010454
4.705391555869072,83.6654688010454
4.705553638669671,83.66680277664352
4.705591317939573,83.66680277664352
4.705625029278519,83.66813653437856
4.705793585063624,83.6694700743039
4.705803222295868,83.67080339647289
4.705841353000735,83.67213650093885
4.705909395173122,83.6734693877551
4.705914046062562,83.67480205697494
4.706097829041785,83.67613450865164
4.706099786451364,83.67746674283849
4.706147197664117,83.6787987595887
4.706271250695221,83.68013055895553
4.7065770242791976,83.68146214099217
4.706640622871635,83.68279350575182
4.706697995847041,83.68412465328765
4.707079186637503,83.68545558365282
4.707191620412672,83.68678629690048
4.707259829903567,83.68811679308376
4.707280165201622,83.68944707225575
4.707489783162102,83.69077713446954
4.707565044659742,83.69077713446954
4.707644841155812,83.69210697977822
4.707766690934672,83.69343660823482
4.707780456993363,83.69476601989238
4.707786510208304,83.69609521480395
4.707854685216609,83.6974241930225
4.707858131069974,83.6974241930225
4.708055974012533,83.69875295460103
4.708093124338134,83.69875295460103
4.708228402044504,83.7000814995925
4.708412037497346,83.70140982804988
4.708490905271376,83.70273794002607
4.70850792635268,83.70406583557403
4.708513779049016,83.70539351474662
4.708570080871066,83.70672097759673
4.7085868572080605,83.70804822417726
4.708626126522107,83.709375254541
4.70884988511137,83.71070206874084
4.7089675108965965,83.71202866682954
4.708973139085321,83.71202866682954
4.709004768435149,83.71335504885994
4.709057503114434,83.71468121488478
4.709281140614026,83.71600716495685
4.709385072809497,83.71600716495685
4.7095127898329965,83.71733289912888
4.709545067543886,83.7186584174536
4.7096854917238815,83.7186584174536
4.7098456534570845,83.71998371998372
4.710010748498865,83.72130880677193
4.71008258835736,83.72263367787092
4.710116976270724,83.72395833333334
4.710123781666666,83.72528277321182
4.710243167605713,83.72660699755899
4.710540317503298,83.72793100642747
4.7105515142191186,83.72925479986984
4.710603903246816,83.73057837793867
4.710736206466324,83.73190174068651
4.710913643438498,83.73322488816592
4.710968795937014,83.73454782042941
4.711024908769329,83.73587053752948
4.711071655966483,83.73719303951862
4.711161830511496,83.7385153264493
4.711765210568721,83.73983739837398
4.7119204678106135,83.7411592553451
4.711925700621502,83.74248089741505
4.712097188799641,83.74380232463626
4.712239248909655,83.74512353706112
4.712618132996382,83.74644453474197
4.7126322249735795,83.7477653177312
4.712963686021303,83.7477653177312
4.713266614112517,83.74908588608109
4.713362895166775,83.750406239844
4.713479988554896,83.750406239844
4.713562751520119,83.75172637907222
4.713589799728395,83.75172637907222
4.713748092386687,83.75304630381804
4.7137512963738875,83.7543660141337
4.714093532961212,83.75568551007147
4.714211910193712,83.75700479168358
4.714221963769419,83.75832385902225
4.714312726156417,83.75964271213967
4.714354245298221,83.76096135108801
4.71437486391567,83.76227977591945
4.714429724461919,83.76359798668615
4.714438020424284,83.76491598344022
4.714524720857437,83.76623376623377
4.714855561236565,83.76755133511891
4.715046200122445,83.7688686901477
4.715137758727412,83.77018583137223
4.715224386795336,83.77150275884453
4.715296069457609,83.77281947261663
4.7153325061921425,83.77413597274055
4.7153554696027635,83.77413597274055
4.715412730862166,83.77545225926826
4.715427922965249,83.77676833225178
4.715443071829499,83.77808419174303
4.715479292078649,83.779399837794
4.715625879599703,83.779399837794
4.7156594429137,83.78071527045657
4.715689513152119,83.78203048978267
4.715743975430354,83.78334549582421
4.716044584472381,83.78466028863305
4.716149938444895,83.78597486826105
4.716358197871514,83.78728923476005
4.716399793270557,83.78728923476005
4.716461660831777,83.7886033881819
4.716644298281499,83.78991732857838
4.716807970030644,83.78991732857838
4.716938769358856,83.7912310560013
4.717033116896549,83.79254457050244
4.717194755808417,83.79254457050244
4.717387726261362,83.79385787213354
4.717409368277356,83.79517096094636
4.717417729653791,83.79648383699264
4.717541819016103,83.79779650032404
4.7175610286700564,83.79779650032404
4.7177013815868,83.7991089509923
4.717795362742376,83.80042118904909
4.7179153479762,83.80173321454605
4.718056812796277,83.80304502753482
4.718080196851633,83.80435662806704
4.718441167125403,83.80566801619433
4.718592607096914,83.80697919196827
4.7186514542987235,83.80829015544042
4.718917931562231,83.80960090666235
4.718939369201819,83.80960090666235
4.719018368547841,83.8109114456856
4.719096815136842,83.81222177256171
4.719251195467529,83.81353188734218
4.719338450525377,83.8148417900785
4.719415430452279,83.81615148082214
4.719448222901392,83.81746095962457
4.719493684385112,83.81746095962457
4.719543217220174,83.81746095962457
4.719647597369151,83.81877022653723
4.719684684636055,83.82007928161151
4.719822070323995,83.82138812489889
4.719963539512187,83.82138812489889
4.7199822290458355,83.82138812489889
4.720168190608656,83.8226967564507
4.720239551307209,83.82400517631834
4.720293467869402,83.82531338455318
4.720378681846844,83.82662138120654
4.720394139545099,83.82662138120654
4.72066146023323,83.82662138120654
4.720753852566907,83.82792916632975
4.720807567589948,83.82792916632975
4.720827599717308,83.82923673997412
4.72099898824468,83.83054410219096
4.721062391201106,83.83054410219096
4.72121333592584,83.83185125303153
4.721252311244848,83.83315819254709
4.721411588456833,83.83446492078888
4.721636444783179,83.83577143780812
4.721658665800039,83.83707774365605
4.7216827187894,83.83838383838383
4.7217704513247485,83.83968972204266
4.721896355374174,83.84099539468369
4.721922381527774,83.84230085635805
4.722025004394289,83.8436061071169
4.722101318900443,83.84491114701132
4.72210564258681,83.8462159760924
4.72211830920257,83.84752059441124
4.722148384564351,83.84752059441124
4.7222887576224934,83.8488250020189
4.722302930232705,83.8501291989664
4.722346529139828,83.8514331853048
4.722361131113995,83.8527369610851
4.722394238813821,83.85404052635828
4.722555082945262,83.85404052635828
4.722565546260007,83.85534388117533
4.722674056748422,83.85664702558722
4.722695552803348,83.85794995964487
4.722776149897552,83.85925268339925
4.722777619776674,83.86055519690123
4.7231229411125355,83.86055519690123
4.723163341468483,83.86185750020174
4.723293611757593,83.86315959335163
4.723320721626643,83.86446147640177
4.72354918448256,83.86576314940304
4.723618022210013,83.86576314940304
4.72366880146434,83.86706461240622
4.7238916803903885,83.86836586546217
4.723934078880839,83.86966690862167
4.724005461491854,83.86966690862167
4.724116812324006,83.87096774193549
4.724136077268985,83.87226836545439
4.724157826557222,83.87356877922916
4.724286313208133,83.87356877922916
4.724298673634563,83.87486898331049
4.724372201582669,83.87486898331049
4.724394125560828,83.87616897774912
4.724790821416488,83.87746876259573
4.724805172671414,83.87876833790101
4.7248319348182575,83.88006770371564
4.725043550638226,83.88136686009027
4.7252828932998865,83.88136686009027
4.725565444152755,83.88266580707551
4.725582141037456,83.883964544722
4.72565726727947,83.88526307308032
4.725702713873347,83.8865613922011
4.725742214169031,83.88785950213486
4.72580322907721,83.88915740293217
4.7258967375301415,83.89045509464358
4.725960214487468,83.8917525773196
4.726011386319076,83.89304985101072
4.72605726954497,83.89304985101072
4.726080734594833,83.89434691576744
4.726200589656432,83.89564377164022
4.726325432432504,83.89694041867955
4.726353565903777,83.89823685693584
4.72637549570719,83.89953308645951
4.726392780030008,83.90082910730098
4.726405205206831,83.90082910730098
4.726484826370786,83.90212491951063
4.7264924064251534,83.90342052313883
4.726501562089129,83.90471591823596
4.726576835659621,83.90471591823596
4.726644457239362,83.90601110485234
4.726771402796735,83.9073060830383
4.726798431984029,83.90860085284415
4.726816127897597,83.90989541432019
4.72694422006026,83.91118976751669
4.7270711167280135,83.91118976751669
4.727087833861088,83.91248391248392
4.7272306509412125,83.9137778492721
4.727327921979857,83.91507157793147
4.7273431397495544,83.91636509851227
4.727408221155477,83.91765841106465
4.727505106976989,83.91895151563882
4.7275526117541675,83.92024441228493
4.727553700687861,83.92153710105313
4.727590226699987,83.92282958199357
4.727614673613137,83.92412185515634
4.727985935189524,83.92541392059154
4.728002606719738,83.92670577834927
4.728148832744922,83.92799742847959
4.72825242691652,83.92928887103255
4.728254326351698,83.93058010605817
4.728264041558329,83.93187113360649
4.728451608781977,83.9331619537275
4.728488116482568,83.93445256647121
4.728786939482916,83.93574297188755
4.728791142938912,83.93574297188755
4.728807096979028,83.93574297188755
4.728809892292408,83.93703317002651
4.72884498992066,83.93703317002651
4.7289252187719795,83.938323160938
4.729188707651478,83.93961294467196
4.729366290418985,83.9409025212783
4.729452394885726,83.94219189080691
4.729577594195521,83.94348105330765
4.729618262329189,83.94477000883037
4.7296279647321935,83.94605875742495
4.729762876011072,83.94734729914119
4.729796462303174,83.94863563402889
4.729959232560597,83.94992376213787
4.729975436101408,83.9512116835179
4.730002584794185,83.95249939821873
4.730008461947955,83.95378690629012
4.730045644428966,83.95507420778179
4.7301262360227945,83.95636130274346
4.730143684827363,83.95636130274346
4.7302075442359905,83.95764819122483
4.730396911182844,83.95764819122483
4.730425330021584,83.95893487327558
4.730703040223886,83.96022134894538
4.730715930322476,83.96150761828387
4.7309888969178,83.96279368134071
4.731037167504761,83.96407953816549
4.73120137518916,83.96536518880782
4.731240721777826,83.9666506333173
4.731261697941947,83.96793587174348
4.73144705482811,83.96922090413594
4.731534938110541,83.9705057305442
4.731563373262162,83.97179035101779
4.731657884345205,83.97307476560621
4.731686556069655,83.97435897435898
4.731940608127425,83.97564297732553
4.732088264474662,83.97564297732553
4.73210349685025,83.97564297732553
4.73218471473797,83.97692677455537
4.732350189364942,83.9782103660979
4.732373948819612,83.9782103660979
4.732484844960433,83.9782103660979
4.732601471877181,83.9782103660979
4.732807158317382,83.9782103660979
4.73283345527431,83.9782103660979
4.73285614895269,83.97949375200257
4.732901919068087,83.98077693231878
4.73293631367959,83.98205990709596
4.733037377439307,83.98334267638344
4.733055386489322,83.98334267638344
4.733161603496831,83.98462524023063
4.733373427531546,83.98462524023063
4.7335412178768514,83.98590759868685
4.7335966870734945,83.98590759868685
4.7336219894745,83.98590759868685
4.733769025568469,83.98718975180144
4.733824784037779,83.98847169962373
4.7339553863173,83.98975344220301
4.734037670670663,83.99103497958858
4.7340562730723645,83.99231631182967
4.734170967837058,83.99359743897558
4.734209586940096,83.99359743897558
4.734673220875575,83.99359743897558
4.734787043085631,83.99359743897558
4.734832914189644,83.99359743897558
4.734984538895007,83.99487836107554
4.735192345774499,83.99615907817876
4.735208449629738,83.99743959033445
4.73525545574484,83.99871989759181
4.735309147049829,84.0
4.735416565597124,84.0012798976082
4.735440605924739,84.0012798976082
4.735519104406343,84.0012798976082
4.735609154457068,84.00255959046554
4.735625433795826,84.00383907862114
4.735649448105939,84.00511836212412
4.735734931809636,84.0063974410236
4.735904315016883,84.00767631536861
4.736176743605585,84.00895498520828
4.736181346549645,84.01023345059161
4.736192672048081,84.01023345059161
4.736384241998915,84.01151171156766
4.736400932700682,84.01278976818544
4.736410107336306,84.01406762049398
4.7365121489722215,84.01534526854219
4.736525772082895,84.01534526854219
4.736716609928226,84.01534526854219
4.736728408429363,84.01662271237913
4.736972100866845,84.0178999520537
4.736980398477143,84.01917698761487
4.73711114916891,84.02045381911154
4.737287842553929,84.02173044659264
4.737409573449432,84.02300687010704
4.737537301678336,84.02428308970366
4.737622407231736,84.02555910543131
4.737936406441622,84.02683491733886
4.737978364140327,84.02811052547517
4.737988970306883,84.02811052547517
4.737999684572528,84.029385929889
4.738092510015673,84.0306611306292
4.738218558434802,84.03193612774452
4.738256070058384,84.03321092128373
4.738314397619195,84.0344855112956
4.738332883089822,84.03575989782887
4.738346499250725,84.03575989782887
4.7383830452431255,84.03703408093224
4.7386169270955865,84.03830806065443
4.738706041016587,84.03958183704412
4.738742123658209,84.04085541015002
4.73880715376614,84.04212878002075
4.738845074237996,84.04340194670496
4.739025493456279,84.04467491025129
4.7392314970732805,84.04594767070836
4.739422437227477,84.04722022812476
4.739478053519399,84.04722022812476
4.739625271484585,84.04849258254904
4.739652412465941,84.04976473402984
4.739761283250393,84.05103668261563
4.739897151550876,84.05230842835499
4.739986113799913,84.05357997129644
4.740035606866528,84.05485131148848
4.740067235905198,84.05485131148848
4.740124465723733,84.0561224489796
4.740376740362954,84.05739338381825
4.740660918498947,84.05866411605292
4.740714253071778,84.05993464573204
4.740802629280695,84.06120497290405
4.740847730277844,84.06247509761734
4.740978202739881,84.06374501992032
4.741117179955132,84.06501473986137
4.741182194877798,84.06628425748885
4.741253487274307,84.06628425748885
4.7413433452768485,84.06755357285111
4.741396885825976,84.06755357285111
4.741667954833971,84.0688226859965
4.741671355312109,84.07009159697331
4.741903985121832,84.07009159697331
4.741955318098329,84.07136030582988
4.74202060961681,84.07262881261448
4.7420292466371725,84.07389711737537
4.742149188654694,84.07516522016084
4.742341242644928,84.07643312101911
4.742480706492187,84.07770081999841
4.74249984896989,84.07896831714694
4.742641730707091,84.08023561251294
4.742768348107006,84.08150270614453
4.742770727161161,84.08276959808994
4.742973389302858,84.08403628839726
4.743105344982286,84.08530277711466
4.743126857377489,84.08656906429026
4.74326834076105,84.08783514997215
4.743371821104087,84.08783514997215
4.743414212959872,84.08910103420844
4.743608918078991,84.08910103420844
4.743709293101198,84.09036671704717
4.743757518401332,84.09036671704717
4.7437757270354926,84.09036671704717
4.743908004154167,84.09036671704717
4.74394150836334,84.09163219853643
4.743946732991897,84.09289747872425
4.744009419607958,84.09289747872425
4.74407749228751,84.09289747872425
4.744110901586734,84.09289747872425
4.744397053308264,84.09416255765866
4.744521448507888,84.09542743538768
4.744638757863302,84.0966921119593
4.744741584914753,84.09795658742148
4.7447892274805685,84.09922086182223
4.744839296114277,84.10048493520948
4.744916182685106,84.10174880763115
4.74492947457769,84.10174880763115
4.744936868686582,84.1030124791352
4.745300411613294,84.10427594976952
4.745415898085266,84.10427594976952
4.745465987660879,84.10553921958197
4.745561708865597,84.10680228862047
4.7455922828939645,84.10806515693285
4.745726721701303,84.10806515693285
4.745759495079573,84.10932782456698
4.745869551799188,84.10932782456698
4.74589057897249,84.11059029157066
4.745957037219804,84.11185255799174
4.745995928692839,84.11311462387799
4.746019746981281,84.1143764892772
4.746051100020018,84.11563815423715
4.746079758583365,84.11689961880559
4.746197762958278,84.11816088303026
4.746216018312996,84.11942194695887
4.746286541914443,84.12068281063915
4.746649918536049,84.12194347411877
4.746654091541941,84.12194347411877
4.746970410322167,84.12320393744542
4.747069846765671,84.12320393744542
4.747085227750553,84.12446420066676
4.747130257219734,84.12572426383046
4.747193991090643,84.12698412698413
4.747320385390606,84.12824379017539
4.747415263807842,84.12950325345183
4.747448810336425,84.13076251686107
4.747596377311921,84.13202158045065
4.747613522871866,84.13328044426814
4.747625612053961,84.1345391083611
4.747630145532561,84.13579757277702
4.747675845763793,84.13705583756345
4.747685230991158,84.13831390276786
4.7478406109344204,84.13831390276786
4.748001302031563,84.13957176843775
4.74813169806807,84.13957176843775
4.748182845993918,84.14082943462057
4.7481924655418375,84.14208690136378
4.748263413351176,84.14208690136378
4.748335398303324,84.14334416871482
4.748385593393318,84.1446012367211
4.7484421845105205,84.1446012367211
4.748508780630565,84.14585810543004
4.748544922970905,84.14711477488903
4.74854709342506,84.14837124514544
4.74867396702641,84.14837124514544
4.748712762341537,84.14962751624662
4.7487705386003105,84.15088358823995
4.748873106054235,84.15213946117274
4.748876213935701,84.1533951350923
4.74890623348628,84.15465061004596
4.748981752355812,84.15590588608096
4.749040233573078,84.15716096324462
4.749165252506447,84.15841584158416
4.749265492191669,84.15967052114684
4.749338314502474,84.16092500197988
4.749495603692435,84.1621792841305
4.749580460296721,84.1634333676459
4.749621764316592,84.1634333676459
4.7497150248695075,84.16468725257323
4.7497970605602955,84.16594093895971
4.749806039400082,84.16594093895971
4.749925056651586,84.16719442685245
4.749934998517849,84.16844771629857
4.749979784602008,84.16970080734527
4.750047733093367,84.17095370003958
4.750134911988035,84.17095370003958
4.750218261983629,84.17220639442861
4.750549825812874,84.17345889055947
4.750554956794002,84.17345889055947
4.750568193593361,84.1747111884792
4.750643101274927,84.17596328823484
4.750813623270737,84.17721518987342
4.75087787369916,84.17721518987342
4.750897699724304,84.17846689344198
4.750908100709441,84.1797183989875
4.751089980262108,84.18096970655698
4.751101437331679,84.1822208161974
4.751241172487942,84.18347172795572
4.751409159062605,84.18472244187886
4.751618161201372,84.18597295801375
4.751636503155628,84.18722327640734
4.751658770236054,84.18722327640734
4.7516885855642075,84.18847339710649
4.752029745587539,84.18972332015811
4.752165223451877,84.19097304560904
4.752165490071884,84.19097304560904
4.752174605783619,84.19222257350617
4.752262629447753,84.19222257350617
4.752321333302119,84.19347190389631
4.752389434368195,84.19472103682631
4.75243717617027,84.19472103682631
4.752465398771291,84.19472103682631
4.752573392916,84.19596997234294
4.752706127523621,84.19721871049305
4.752772211082433,84.19846725132338
4.752816146126445,84.19971559488071
4.7528453836341775,84.2009637412118
4.7528971850640644,84.20221169036336
4.752948052104665,84.20345944238213
4.753046082465977,84.2047069973148
4.753051210067941,84.20595435520809
4.753129858800897,84.20720151610865
4.753425324117909,84.20844848006317
4.753612099018135,84.20969524711826
4.753662858040834,84.21094181732059
4.753702564502834,84.21218819071676
4.753860053883348,84.21343436735339
4.753883213320848,84.21468034727704
4.753943860669147,84.21592613053429
4.753969855588037,84.21717171717171
4.753996368384354,84.21841710723585
4.754033791612131,84.21841710723585
4.754118274383099,84.21966230077324
4.754174597290664,84.21966230077324
4.754227831632595,84.22090729783037
4.7542747617194365,84.22215209845378
4.754343557577661,84.22215209845378
4.754418574248719,84.22215209845378
4.75442417816798,84.22339670268991
4.754459717282619,84.22464111058527
4.754504958616533,84.22588532218629
4.754748720014959,84.22712933753942
4.7549712904338275,84.22837315669112
4.755060002844888,84.22961677968775
4.755265050153959,84.23086020657573
4.755324416318713,84.23210343740145
4.755327616090408,84.23334647221127
4.755431276582515,84.23334647221127
4.755624277657357,84.23334647221127
4.7556265600867205,84.23458931105155
4.755736567030767,84.23583195396863
4.75583831964493,84.23583195396863
4.7558461452593015,84.23583195396863
4.756156845581215,84.23707440100883
4.756268465781548,84.23831665221846
4.756334936341765,84.23955870764381
4.756433021552335,84.24080056733118
4.756467456731033,84.24204223132682
4.756590288923567,84.24328369967698
4.756620394017124,84.24328369967698
4.756694277093566,84.24452497242791
4.756969970574125,84.24452497242791
4.7571212329127235,84.24576604962584
4.757492631131568,84.24700693131695
4.757528469075627,84.24824761754746
4.757659936849581,84.24948810836352
4.757699851003348,84.25072840381132
4.757742098784216,84.25196850393701
4.757762726245878,84.2532084087867
4.757789128092099,84.25444811840656
4.758071086953222,84.25444811840656
4.758160501336271,84.25568763284264
4.758208492492687,84.25692695214106
4.758508527462228,84.25816607634789
4.758548155408163,84.25940500550921
4.758707809431011,84.26064373967105
4.758878295871016,84.26188227887944
4.7589277962541,84.26312062318043
4.758969217794264,84.26435877261999
4.759088605187225,84.26559672724412
4.759291017826202,84.2668344870988
4.759358577655571,84.26807205223
4.759402426259713,84.26807205223
4.759427740945305,84.26930942268366
4.759594495308972,84.2705465985057
4.759659460733966,84.27178357974205
4.759749431070691,84.27178357974205
4.759814010385045,84.27302036643863
4.7598842220790605,84.27425695864129
4.759991507778728,84.27549335639594
4.7601136119178395,84.27672955974843
4.760121247148536,84.27796556874459
4.760229257951615,84.27920138343028
4.7603032799970535,84.28043700385129
4.76032955065707,84.28043700385129
4.760881453844348,84.28167243005345
4.760963668732571,84.28167243005345
4.7611652117049506,84.28290766208252
4.761307219417137,84.28414269998429
4.761469348786509,84.2853775438045
4.761727153279192,84.2853775438045
4.761870341764905,84.28661219358894
4.762101379555111,84.2878466493833
4.762120584933932,84.2890809112333
4.762230964496992,84.29031497918467
4.76228479468805,84.29154885328308
4.762286119418791,84.29278253357417
4.762297151989417,84.29401602010365
4.76234190554894,84.29401602010365
4.762426986720889,84.29524931291715
4.762633518479874,84.2964824120603
4.762905173447255,84.2977153175787
4.762951545599209,84.29894802951797
4.763130199132985,84.3001805479237
4.763239690522503,84.30141287284144
4.763264734017055,84.30264500431677
4.763510872506999,84.30387694239523
4.763514296921759,84.30510868712234
4.763616155658122,84.30634023854363
4.763616337836816,84.30757159670459
4.7638613763467195,84.30757159670459
4.7642057562631885,84.30880276165071
4.764288423034988,84.31003373342747
4.7643380070117045,84.31126451208033
4.764618310951119,84.31126451208033
4.764720669884458,84.31249509765472
4.764749303719946,84.31372549019608
4.764815885086633,84.31495568974982
4.764839214183859,84.31618569636136
4.764854117936545,84.31741551007606
4.764879700583935,84.31741551007606
4.764953709009467,84.31864513093932
4.7649694857559615,84.31987455899647
4.7649709929835,84.32110379429288
4.765152431052407,84.32233283687387
4.7652051561239235,84.32356168678477
4.765357551472319,84.32356168678477
4.765359796468991,84.32479034407085
4.765474519854012,84.32601880877742
4.7655053326638726,84.32724708094977
4.765718773812829,84.32847516063313
4.765970063346362,84.32970304787275
4.765970150676065,84.32970304787275
4.766131327239242,84.33093074271389
4.766265238438597,84.33215824520173
4.766284323646444,84.33338555538148
4.766358173176244,84.33461267329835
4.766438565128773,84.3358395989975
4.766527498843525,84.33706633252407
4.766549098009704,84.33829287392327
4.766707168915434,84.33951922324016
4.766749390100531,84.33951922324016
4.766936050798845,84.33951922324016
4.766956480857064,84.34074538051989
4.766961994247888,84.34197134580756
4.766966276648236,84.34319711914827
4.7673946531578695,84.34442270058709
4.767442969046305,84.34564809016906
4.767479495887687,84.34564809016906
4.767636111990288,84.34687328793926
4.767763353724596,84.34809829394271
4.7679487272692755,84.34809829394271
4.768023339979909,84.34932310822443
4.768114115329947,84.35054773082942
4.7681645500495735,84.35177216180267
4.768397117347506,84.35299640118917
4.768458162634461,84.35422044903387
4.768472998424283,84.35544430538174
4.768553939819698,84.35666797027767
4.768558491440341,84.35789144376662
4.76860955378553,84.35911472589348
4.768610248379027,84.35911472589348
4.768634942474695,84.36033781670315
4.768641584333062,84.36033781670315
4.768716748717822,84.36156071624052
4.7687761182857935,84.36278342455043
4.768835135659273,84.36400594167775
4.76885847276703,84.36522826766729
4.768889798765239,84.36522826766729
4.769108417329965,84.3664504025639
4.769136946033439,84.36767234641238
4.76915257129924,84.36889409925752
4.769341087451543,84.37011566114411
4.769396359200912,84.3713370321169
4.769486880259722,84.37255821222067
4.769506259986725,84.37255821222067
4.769529057532007,84.37377920150013
4.769568863014736,84.375
4.769711241000533,84.37622060776502
4.769755746069602,84.37744102483987
4.769968604977041,84.37866125126924
4.770063446614143,84.37988128709777
4.77011720579147,84.38110113237018
4.770191003981684,84.38232078713104
4.770284269646688,84.383540251425
4.7703731655563475,84.38475952529669
4.770421210436047,84.3859786087907
4.770531088421667,84.3859786087907
4.7705401896097195,84.3871975019516
4.77080823328448,84.38841620482398
4.7709356953969175,84.38841620482398
4.770949115945389,84.3896347174524
4.771071174332925,84.39085303988138
4.771116972260327,84.39085303988138
4.771191505231558,84.39207117215545
4.771208381435935,84.39328911431916
4.771282913588938,84.39450686641698
4.7713834894870395,84.39572442849341
4.771564427896191,84.39694180059291
4.771713698279218,84.39815898275997
4.7717443658529035,84.399375975039
4.771791556614566,84.40059277747446
4.772005456600823,84.40180939011074
4.772057301088709,84.40302581299228
4.7720670158135015,84.40302581299228
4.772135901028297,84.40424204616345
4.772138249020497,84.40545808966861
4.772287239932563,84.40545808966861
4.772333906127689,84.40667394355216
4.772412333599721,84.40788960785842
4.77263996550494,84.40910508263174
4.772704983899394,84.41032036791644
4.772728180741202,84.41153546375682
4.772777757864178,84.41275037019717
4.772821980181252,84.4139650872818
4.773074323129683,84.41517961505494
4.773122299040468,84.41639395356086
4.773178390807929,84.41760810284379
4.773226395278785,84.41882206294797
4.773238645659049,84.42003583391758
4.773259239351937,84.42124941579685
4.77326567382773,84.42246280862996
4.773317361661025,84.42367601246106
4.773334066246805,84.42488902733432
4.7733376938134215,84.42488902733432
4.773403095271705,84.42488902733432
4.773437968664806,84.42610185329387
4.7735155719800035,84.42731449038386
4.773674575165675,84.42731449038386
4.773717936603332,84.42852693864839
4.773749729276407,84.42973919813157
4.773916937671146,84.43095126887748
4.7740484304580475,84.43095126887748
4.774081213832747,84.43216315093018
4.774488613703916,84.43337484433376
4.774533431234245,84.43458634913222
4.774541700911124,84.43458634913222
4.774793586729207,84.43579766536965
4.774907592522763,84.43700879309003
4.775081809667612,84.43821973233739
4.775087971570819,84.43821973233739
4.7751347464500355,84.43943048315569
4.775215955127118,84.44064104558893
4.775226917510717,84.44064104558893
4.775467002028602,84.44064104558893
4.775500954411141,84.44064104558893
4.77554541777017,84.44185141968106
4.775720273701445,84.44185141968106
4.77595037196082,84.44306160547605
4.776018987660468,84.44306160547605
4.776071608415208,84.44427160301781
4.776103720744205,84.44427160301781
4.776156153597643,84.44548141235029
4.776197991975966,84.44548141235029
4.776288098865498,84.44669103351738
4.776495768046759,84.44790046656298
4.776512819749975,84.449109711531
4.776624302915647,84.45031876846525
4.776742542628385,84.45031876846525
4.776829737020834,84.45152763740963
4.777099778193156,84.45152763740963
4.777267549229923,84.45273631840796
4.7774070083706786,84.45273631840796
4.777539597078139,84.45394481150407
4.777613064621753,84.4551531167418
4.777788651292466,84.4551531167418
4.778122140769703,84.45636123416492
4.778321548131989,84.45756916381723
4.778548986110093,84.45877690574248
4.778692222373928,84.45998445998445
4.778725717060548,84.4611918265869
4.778756142333037,84.46239900559354
4.778822705796713,84.46239900559354
4.778941109555282,84.46360599704809
4.779573349668386,84.46360599704809
4.779604870793998,84.46481280099425
4.779620348557653,84.46601941747572
4.779651587520882,84.46601941747572
4.779657616003055,84.46722584653618
4.779666350000236,84.4684320882193
4.779773110319458,84.4684320882193
4.779798003777755,84.46963814256873
4.779815527313389,84.47084400962808
4.779859795380108,84.472049689441
4.779925537940251,84.47325518205109
4.7802887753717895,84.47446048750194
4.780364718830653,84.47566560583715
4.7804119556368185,84.47687053710028
4.7805089856333485,84.47807528133488
4.780627766201755,84.47807528133488
4.780634456150999,84.4792798385845
4.780667843655828,84.48048420889268
4.7806740371895975,84.48168839230293
4.7807216292026204,84.48289238885872
4.780943045530532,84.48289238885872
4.781090398922193,84.48409619860357
4.7813404137296605,84.48529982158095
4.781346544070562,84.48650325783431
4.781578128421614,84.48770650740713
4.781978794430792,84.4889095703428
4.782010243784368,84.49011244668476
4.782095908490292,84.49131513647643
4.782238568047395,84.49131513647643
4.78224872684315,84.49251763976119
4.782267746509257,84.49371995658241
4.782365349333938,84.49492208698348
4.782435196595786,84.49612403100775
4.782738789991824,84.49612403100775
4.782820242571318,84.49732578869855
4.782833430682678,84.4985273600992
4.782907780819657,84.49972874525304
4.782956868928566,84.50092994420335
4.7831822219346325,84.50213095699341
4.783262273896976,84.50213095699341
4.783264447497007,84.50333178366651
4.783432128428392,84.5045324242659
4.783451312499783,84.50573287883483
4.783493363489293,84.50693314741653
4.783640280403136,84.50813323005421
4.783886699330608,84.5093331267911
4.783908767056912,84.51053283767038
4.783919196156578,84.51173236273523
4.784479436235839,84.51293170202881
4.784719409707339,84.51413085559427
4.784804208604164,84.51532982347476
4.785052461794148,84.5165286057134
4.785439161805613,84.5165286057134
4.7854642125472155,84.51772720235331
4.785511964989231,84.51892561343757
4.7856714676348995,84.52012383900929
4.785725492532976,84.52132187911153
4.785804624574553,84.52251973378733
4.785953492117291,84.52371740307979
4.7860033377490305,84.52371740307979
4.786174002432514,84.52371740307979
4.786205640572292,84.52491488703188
4.786322187851812,84.52611218568666
4.786517253425561,84.52730929908712
4.786660707653336,84.52730929908712
4.786667291360121,84.52850622727624
4.786724551145463,84.52850622727624
4.7867267199934025,84.52850622727624
4.7869875569349665,84.52970297029702
4.787022605028732,84.53089952819244
4.7870755679245995,84.53089952819244
4.787097817288896,84.5320959010054
4.787238138725882,84.5332920887789
4.787322438446823,84.53448809155583
4.787381788935829,84.53568390937912
4.7874939629677025,84.53687954229163
4.787581531191246,84.5380749903363
4.787675209159756,84.53927025355597
4.787702117839337,84.5404653319935
4.78773783749392,84.5404653319935
4.787884975140969,84.54166022569176
4.787992363961135,84.54285493469357
4.788453859287011,84.54285493469357
4.788534011893682,84.54404945904173
4.788601182708176,84.54524379877908
4.7888997005163985,84.54643795394838
4.789009914415647,84.54643795394838
4.789084591996152,84.54763192459245
4.789183274348915,84.54763192459245
4.789369710312738,84.54763192459245
4.789540990302788,84.54882571075402
4.789878213451469,84.55001931247585
4.790012712444296,84.55121272980071
4.7901258989902225,84.55240596277129
4.790252776512769,84.55359901143034
4.790308479412176,84.55479187582053
4.790326668480883,84.55479187582053
4.790478228372184,84.55598455598455
4.79074285742474,84.5571770519651
4.790816431777023,84.55836936380481
4.790850684519247,84.55956149154636
4.790925904321506,84.56075343523236
4.7910068607214535,84.56194519490545
4.7910629879384645,84.56313677060821
4.791317671523756,84.56432816238328
4.791381464682825,84.5655193702732
4.791401464674275,84.5655193702732
4.791502142084295,84.56671039432055
4.791749432184122,84.56671039432055
4.791778423656061,84.5679012345679
4.791859936969633,84.5679012345679
4.792349904602407,84.5690918910578
4.792408954174296,84.57028236383273
4.7924093061066655,84.57147265293527
4.792421095419379,84.57147265293527
4.7924679293102805,84.5726627584079
4.792532476658175,84.5738526802931
4.792621011183177,84.57504241863334
4.79265031894672,84.57623197347111
4.792695356594279,84.57623197347111
4.7929177594693,84.57623197347111
4.7930782091799315,84.57742134484886
4.793096344938765,84.57861053280901
4.793219328498523,84.57979953739398
4.7932517777904105,84.58098835864621
4.793295935358662,84.58217699660808
4.793354856387031,84.58336545132198
4.793710248692979,84.58455372283028
4.79394361347518,84.58574181117534
4.794075610990417,84.58692971639951
4.7940897463515375,84.58811743854511
4.794182382893755,84.58930497765449
4.7941914241555486,84.59049233376994
4.794278092760829,84.59167950693374
4.794482057747771,84.5928664971882
4.79451505847562,84.5928664971882
4.794521869686788,84.59405330457557
4.794602901667016,84.5952399291381
4.794701354943547,84.59642637091805
4.7947296853414825,84.59761262995764
4.794799785962553,84.59761262995764
4.794825279943374,84.59879870629909
4.7949580330271315,84.5999845999846
4.794984163569778,84.60117031105636
4.795033331407919,84.60235583955655
4.7951110665109535,84.60354118552733
4.795253615111828,84.60472634901085
4.795329164678873,84.60472634901085
4.795395836324187,84.60472634901085
4.795427077747211,84.60591133004927
4.795526590623847,84.60591133004927
4.795650128826186,84.60591133004927
4.795712124436453,84.60591133004927
4.79588139951279,84.60709612868467
4.7959599840208025,84.6082807449592
4.7959881838189595,84.60946517891497
4.79605391262771,84.61064943059404
4.796105326524776,84.61183350003847
4.7961491503683735,84.61301738729036
4.796190206550254,84.61301738729036
4.796196686313226,84.61301738729036
4.796239107260394,84.61420109239172
4.796351716129348,84.61538461538461
4.796455635886461,84.61656795631104
4.796566349848705,84.61775111521305
4.796566619476239,84.61775111521305
4.796712026248428,84.61775111521305
4.796755822346833,84.61775111521305
4.796841289260112,84.61893409213258
4.796902404227063,84.62011688711166
4.79695807738383,84.62129950019224
4.796985500779715,84.62248193141627
4.797410955318665,84.62366418082571
4.797425333753727,84.62484624846248
4.797430944406528,84.62602813436851
4.79748940710205,84.6272098385857
4.797534193129737,84.62839136115593
4.797546791861877,84.62957270212111
4.797576713718542,84.63075386152309
4.797651405982656,84.63193483940373
4.797765096131688,84.63311563580484
4.797849723727838,84.63311563580484
4.797857065845609,84.63429625076829
4.798068297654606,84.63429625076829
4.798101695011692,84.63547668433587
4.79811363751976,84.63665693654939
4.798184575813641,84.63665693654939
4.798188226798504,84.63783700745064
4.798291741316495,84.6390168970814
4.798341079339378,84.64019660548345
4.798375763929812,84.64137613269851
4.798384409163982,84.64255547876833
4.798404433682346,84.64373464373465
4.798412668866629,84.64491362763916
4.79847113334998,84.64491362763916
4.798506376603322,84.64609243052357
4.79865481682782,84.64727105242957
4.7989451867840875,84.64844949339884
4.79901481687437,84.64844949339884
4.799064365682769,84.64962775347303
4.799185040376088,84.64962775347303
4.799199491191832,84.65080583269379
4.799211026317556,84.65198373110276
4.799318691908723,84.65316144874156
4.799422614189274,84.6543389856518
4.799430311683071,84.65551634187509
4.799605641840517,84.65669351745301
4.799775379248778,84.65787051242712
4.800011374235711,84.65787051242712
4.800221195927711,84.659047326839
4.800283900220771,84.66022396073018
4.80029503718589,84.66140041414218
4.800378981902374,84.66257668711657
4.800423300194927,84.66375277969482
4.800523914373763,84.66492869191842
4.800537933188441,84.66610442382887
4.80055311780633,84.66727997546765
4.800647493984751,84.66845534687619
4.800901935574562,84.66963053809596
4.800935220061673,84.67080554916839
4.801079403771478,84.67198038013488
4.801082809749408,84.67198038013488
4.8012090870787745,84.67315503103686
4.801417469486198,84.67432950191571
4.801433925171232,84.6755037928128
4.801459936752115,84.67667790376953
4.801476783889061,84.67785183482725
4.801520559818319,84.67902558602727
4.801530570502849,84.68019915741095
4.8016513339579365,84.68137254901961
4.801808220493133,84.68137254901961
4.801965401922747,84.68254576089453
4.80203539607312,84.68371879307705
4.802059077659532,84.68371879307705
4.802191332658692,84.68489164560839
4.802235956237265,84.68606431852986
4.802272728428904,84.6872368118827
4.802339929612964,84.68840912570816
4.802445013740233,84.68958126004746
4.802501443375223,84.69075321494182
4.802553198093767,84.69075321494182
4.802695897902822,84.69192499043245
4.8028380794735845,84.69309658656053
4.802848885303756,84.69426800336726
4.80296144692977,84.69543924089379
4.802969137067476,84.69661029918127
4.802998026412767,84.69661029918127
4.8031358140104885,84.69778117827084
4.803199569819193,84.69895187820366
4.803258200542106,84.7001223990208
4.803292140355917,84.7012927407634
4.803343740228952,84.70246290347254
4.803502993382394,84.7036328871893
4.803534802646606,84.70480269195473
4.803667639270338,84.7059723178099
4.803735101110203,84.70714176479585
4.80381664729,84.70831103295359
4.80390694907648,84.70948012232415
4.803912546276098,84.71064903294855
4.80397453001568,84.71181776486776
4.804301065305862,84.71298631812274
4.80436652346919,84.71298631812274
4.804423077709459,84.7141546927545
4.804507246884254,84.7141546927545
4.804607186820296,84.7141546927545
4.804740620981902,84.71532288880398
4.804803437719094,84.71649090631209
4.805001604836673,84.71765874531978
4.805326054191908,84.71882640586797
4.805486761364171,84.71882640586797
4.805540343940882,84.71999388799756
4.805651062635262,84.72116119174943
4.80582183434108,84.72116119174943
4.805827642296743,84.72232831716447
4.805894794384626,84.72349526428353
4.805955693255846,84.72466203314748
4.806109568025334,84.72466203314748
4.8061900706992855,84.72582862379716
4.8064565711337295,84.7269950362734
4.806461058007337,84.7269950362734
4.806557712348491,84.72816127061698
4.806632947560166,84.72932732686876
4.806706926198714,84.72932732686876
4.806789410226368,84.73049320506948
4.806840286894553,84.73165890525995
4.8068711274412985,84.7328244274809
4.807137368251796,84.7328244274809
4.807241754439032,84.73398977177314
4.807249077210433,84.73398977177314
4.807287205302328,84.73398977177314
4.807361214584683,84.73515493817739
4.807561606783668,84.73631992673434
4.80761688776379,84.73748473748473
4.807810493861507,84.73864937046929
4.8078128056274645,84.73981382572867
4.807823613995061,84.74097810330358
4.807875149954351,84.74214220323466
4.807918384426729,84.74330612556258
4.808026998494312,84.744469870328
4.808141170352354,84.74563343757151
4.808206418226766,84.74563343757151
4.8082274438674695,84.74679682733374
4.808241946140506,84.74679682733374
4.8082694041534495,84.7479600396553
4.808271993674767,84.74912307457679
4.808284947717055,84.75028593213877
4.808356288425673,84.75144861238182
4.808359812736719,84.7526111153465
4.808396400676808,84.75377344107333
4.808514533782865,84.75493558960287
4.8087427281635104,84.75493558960287
4.808753254529009,84.7560975609756
4.8089940600905114,84.75725935523208
4.809063290442602,84.75842097241274
4.809064223150169,84.7595824125581
4.809281489926689,84.7595824125581
4.809338938677208,84.76074367570862
4.8093907033987895,84.76074367570862
4.809545385850782,84.76190476190476
4.8097057204130405,84.76306567118695
4.8097260264184385,84.76422640359564
4.809767580859315,84.76422640359564
4.809940011793474,84.76538695917124
4.810043793544685,84.76654733795415
4.8101218418397735,84.76770753998477
4.810296114148224,84.76886756530348
4.810351662165101,84.77002741395066
4.810389682944787,84.77118708596664
4.810488995720783,84.77234658139182
4.810683475252854,84.77350590026647
4.810706503548746,84.77466504263094
4.810741932182635,84.77582400852553
4.81085355211021,84.77698279799057
4.8108754258597415,84.77814141106629
4.8109615520528415,84.77814141106629
4.811072161744806,84.779299847793
4.81133709478713,84.78045810821094
4.811356438821029,84.78161619236037
4.81158683074192,84.78277410028153
4.811743027381037,84.7839318320146
4.8117507508079385,84.7839318320146
4.811832371684842,84.78508938759984
4.811848842797456,84.78624676707743
4.811887783940315,84.78740397048756
4.811973989991296,84.7885609978704
4.812104903866258,84.7897178492661
4.812221950819794,84.79087452471484
4.812527205817313,84.79203102425672
4.812538825661253,84.79318734793188
4.812591431335854,84.79318734793188
4.812666608869907,84.79434349578044
4.812818426297572,84.79434349578044
4.81290747620083,84.79549946784249
4.8129588994692005,84.79665526415812
4.812988484097552,84.79781088476742
4.813236378879902,84.79896632971042
4.813336852276501,84.80012159902721
4.813501213626535,84.80127669275781
4.813530163340799,84.80243161094225
4.813540160287907,84.80358635362055
4.813575606159677,84.80358635362055
4.813711645856799,84.8047409208327
4.813769031124418,84.8058953126187
4.813911368759931,84.80704952901853
4.814083208714144,84.80820357007217
4.814123726768803,84.80935743581954
4.814250180824796,84.8105111263006
4.814273060847854,84.81166464155528
4.814351098270319,84.81281798162351
4.8144252049321965,84.81397114654517
4.8145620830928415,84.81512413636018
4.814754190788218,84.81627695110842
4.814852179615792,84.81742959082973
4.81489138672964,84.81858205556398
4.814917817499274,84.81973434535104
4.814997775914399,84.82088646023072
4.8150581214699315,84.82203840024285
4.815221487384677,84.82203840024285
4.815375291859005,84.82319016542723
4.815489997781247,84.82434175582367
4.81550606287813,84.82549317147192
4.815704448485993,84.8266444124118
4.815707516872514,84.82779547868306
4.815707620766475,84.82894637032543
4.815710882400373,84.82894637032543
4.8157299527464374,84.83009708737865
4.81600337538423,84.83124762988244
4.816250979734899,84.83239799787654
4.816521374558757,84.83354819140062
4.816641537562391,84.83469821049438
4.816742575679679,84.83584805519752
4.816773934616341,84.83699772554965
4.816797874325574,84.83814722159048
4.816848509529015,84.83929654335961
4.816855781943113,84.84044569089669
4.81702074119664,84.84159466424133
4.817037333798886,84.84274346343312
4.817124020201008,84.84389208851168
4.817140315960248,84.84504053951656
4.817238618087177,84.84618881648734
4.817268099453848,84.8473369194636
4.817295142345603,84.84848484848484
4.817341512539015,84.84963260359063
4.817423130590933,84.85078018482048
4.8174759667145075,84.8519275922139
4.8175496506916184,84.85307482581035
4.8176488226453404,84.85422188564937
4.8177672936409,84.85536877177042
4.817840822849872,84.8565154842129
4.817859124963911,84.85766202301636
4.817871645243395,84.85880838822015
4.817904700246815,84.85995457986374
4.81792133097667,84.85995457986374
4.818135933874127,84.85995457986374
4.818260947843622,84.85995457986374
4.818492623672741,84.86110059798652
4.818540601659878,84.86110059798652
4.818785110354563,84.8622464426279
4.818811792655234,84.8633921138273
4.818931721182476,84.8633921138273
4.819005151500736,84.86453761162403
4.819137054006613,84.86453761162403
4.819217197358888,84.86453761162403
4.8192848383956495,84.86453761162403
4.819468069581573,84.86568293605751
4.819484582582252,84.86682808716706
4.819485567677981,84.86797306499206
4.819493962666389,84.86797306499206
4.819528545198723,84.8691178695718
4.819547413913304,84.8702625009456
4.819673346309913,84.8702625009456
4.819674077699943,84.8714069591528
4.819789848963452,84.87255124423267
4.820022438378202,84.87369535622447
4.820083345435819,84.87483929516752
4.820087601950665,84.87483929516752
4.8201419756766875,84.87598306110102
4.820182169329317,84.87598306110102
4.8201848155882,84.87712665406427
4.820368390666073,84.87827007409648
4.820508556699216,84.87941332123687
4.820639127059796,84.88055639552464
4.8207432713236935,84.88169929699902
4.820760521550672,84.88284202569916
4.82089106694878,84.88284202569916
4.820909681544047,84.88398458166428
4.820915643764104,84.88398458166428
4.821279355075022,84.8851269649335
4.821595888724038,84.88626917554598
4.8216586238512535,84.88741121354087
4.82170502415439,84.8885530789573
4.821767579980809,84.88969477183439
4.821834242158963,84.89083629221122
4.821858890273047,84.8919776401269
4.8219438535472205,84.8919776401269
4.822024211992338,84.89311881562051
4.822045785527733,84.89425981873111
4.822098403763376,84.89540064949777
4.822164637828849,84.89654130795952
4.8224236415106265,84.8976817941554
4.822426983526884,84.89882210812443
4.822556274966141,84.89996224990563
4.822776593988166,84.89996224990563
4.822828451577923,84.90110221953798
4.822870097527999,84.90224201706047
4.822997765175003,84.90338164251207
4.82304573216643,84.90452109593177
4.8232858697352805,84.90566037735849
4.823344401572732,84.90566037735849
4.823417306361003,84.90679948683119
4.8234278440356615,84.90793842438877
4.823814608793746,84.90793842438877
4.823893270134107,84.90907719007016
4.824192187847397,84.91021578391428
4.824228430377751,84.91135420596001
4.824250823241877,84.91249245624623
4.8243178688247905,84.9136305348118
4.824373748634345,84.91476844169557
4.824767197943715,84.91590617693642
4.8247797221483015,84.91704374057315
4.824826483139386,84.91704374057315
4.824846459337039,84.9181811326446
4.8248811908800615,84.91931835318957
4.824939689206919,84.92045540224686
4.824944221411418,84.92159227985525
4.825071076509589,84.92272898605351
4.825103376694456,84.92386552088045
4.825241636367829,84.92386552088045
4.825302747181703,84.92500188437477
4.8253286742915495,84.92613807657521
4.825329135792065,84.92727409752054
4.82538143848779,84.92840994724943
4.8253861474931465,84.92954562580061
4.825458674503188,84.93068113321279
4.825527173134909,84.9318164695246
4.825547581124688,84.93295163477474
4.8256502455844545,84.93408662900188
4.825654580007003,84.93522145224465
4.825674203577384,84.93635610454169
4.82568126697902,84.93749058593161
4.8259373800191385,84.93862489645304
4.826017964292746,84.93975903614458
4.8261272724863815,84.93975903614458
4.8261521408680945,84.9408930050448
4.826233588031596,84.9408930050448
4.826275708101325,84.94202680319229
4.826470693889805,84.94316043062561
4.826481406250024,84.94316043062561
4.826487230231799,84.94429388738331
4.826663108645214,84.94542717350396
4.826769651755643,84.94656028902604
4.826943192024334,84.9476932339881
4.8269922026634235,84.94882600842865
4.827082503053204,84.94995861238618
4.8271265901195655,84.94995861238618
4.827326653192879,84.95109104589918
4.827372601664036,84.95222330900609
4.827535949427161,84.95335540174541
4.827581053449944,84.95448732415556
4.8278167030409795,84.95561907627501
4.828125785150314,84.95675065814216
4.82812693243427,84.95788206979543
4.828143294243731,84.95901331127322
4.8282596969068665,84.96014438261392
4.828748069894977,84.96014438261392
4.828752486167766,84.96014438261392
4.828801455201236,84.96127528385593
4.8288463924575415,84.9624060150376
4.828997763045334,84.96353657619727
4.829077373353917,84.96466696737332
4.829120582308897,84.96466696737332
4.829186550800822,84.96579718860407
4.829186919823744,84.96692723992784
4.829242384978449,84.96805712138294
4.829303427991018,84.96918683300767
4.829348414079373,84.97031637484031
4.829473161856609,84.97144574691914
4.829604019397136,84.97257494928245
4.8296551517982005,84.97370398196844
4.829712782508693,84.9748328450154
4.829908769371309,84.97596153846155
4.829920829612214,84.97709006234507
4.829988314046917,84.97821841670422
4.830031421674899,84.97934660157716
4.83005076851533,84.9804746170021
4.830055874712464,84.9816024630172
4.830298569674675,84.98273013966062
4.830319992935152,84.98385764697049
4.830388612413809,84.98498498498499
4.83040647121134,84.98611215374221
4.830416786433704,84.98611215374221
4.830580330915766,84.98723915328029
4.830698602098627,84.98836598363731
4.830705571103248,84.9894926448514
4.83079536279594,84.9906191369606
4.830860036042159,84.991745460003
4.830893084336762,84.99287161401666
4.830959390041216,84.99287161401666
4.830967437770234,84.99399759903962
4.831056389434105,84.9951234151099
4.83113418409897,84.99624906226556
4.831176188466199,84.99737454054458
4.831180415068404,84.99737454054458
4.831226792293593,84.998499849985
4.831260405304073,84.99962499062477
4.8314407191792705,85.00074996250187
4.831646134241585,85.00187476565429
4.8316477850066155,85.00299940011998
4.83182178091898,85.00412386593686
4.831848776793293,85.0052481631429
4.831849861516403,85.006372291776
4.831853324257539,85.006372291776
4.831897243609431,85.00749625187406
4.832166829973701,85.008620043475
4.8322717355999565,85.0097436666167
4.832303765466235,85.01086712133703
4.8323233857295955,85.01199040767386
4.832466274500241,85.01311352566503
4.832523355564837,85.01423647534841
4.832612073870376,85.01535925676183
4.832713049860094,85.01535925676183
4.832789911942184,85.01648186994306
4.833165731760246,85.01760431492997
4.833212192392963,85.0187265917603
4.8333070718671225,85.01984870047188
4.8333692199628455,85.02097064110245
4.833388748319969,85.0220924136898
4.83359284565359,85.02321401827167
4.833633564213422,85.02433545488582
4.833804816383255,85.02545672356993
4.83400325820125,85.02657782436177
4.834003631267705,85.02769875729899
4.834004030877506,85.02769875729899
4.834047448879015,85.02769875729899
4.834751328882901,85.02881952241934
4.83481556452883,85.02881952241934
4.8349294355798005,85.02881952241934
4.834976836794132,85.02994011976048
4.835043532421155,85.03106054936008
4.8350744630124876,85.0321808112558
4.835134099114998,85.0333009054853
4.8356432178508415,85.0344208320862
4.835653474920169,85.0344208320862
4.835668816458654,85.0344208320862
4.835830910551685,85.0344208320862
4.835847534338518,85.03554059109615
4.835889181937603,85.03666018255275
4.835897956981832,85.03666018255275
4.836130612417645,85.0377796064936
4.836357337044741,85.03889886295632
4.8366800929823075,85.03889886295632
4.836687559186795,85.04001795197846
4.836784370731142,85.04001795197846
4.836804712125393,85.04113687359761
4.836835938684622,85.04225562785132
4.836857330496416,85.04225562785132
4.83691435935247,85.04225562785132
4.836950398218389,85.04337421477715
4.83715419824017,85.04337421477715
4.8372990507112625,85.04449263441262
4.8373999689643865,85.04561088679527
4.83751112812544,85.04561088679527
4.837558280609384,85.04672897196261
4.837587938865776,85.04784688995215
4.837643454472524,85.04896464080137
4.837690129642846,85.05008222454777
4.837750220715981,85.05119964122879
4.837826717220652,85.05231689088191
4.837873555640958,85.05343397354459
4.837910511138596,85.05455088925422
4.838309281685065,85.05566763804828
4.83834172403197,85.05678421996413
4.838352418857821,85.05790063503922
4.838569759521331,85.05901688331092
4.838593029754289,85.06013296481662
4.83861035995112,85.06124887959366
4.8386335575297625,85.06236462767944
4.83867800665606,85.06348020911128
4.838841261814458,85.06459562392652
4.838880141508526,85.06571087216248
4.838899774994998,85.0668259538565
4.83891300795223,85.06794086904584
4.8389377584135005,85.06905561776782
4.838973354190909,85.07017020005972
4.838975090457546,85.0712846159588
4.838999513345639,85.07239886550232
4.839083103506899,85.07351294872751
4.839089740391637,85.07462686567165
4.839121542707278,85.0757406163719
4.839135722080834,85.07685420086554
4.839302658462877,85.07685420086554
4.839310199363811,85.07685420086554
4.83961912231892,85.07796761918974
4.839656357433209,85.07908087138168
4.8397174008451715,85.08019395747856
4.839755993691798,85.08130687751752
4.839832943172052,85.08130687751752
4.839873166071019,85.08241963153577
4.839906622703097,85.0835322195704
4.839958954531197,85.08464464165858
4.840075832892761,85.08575689783744
4.8400842521814935,85.08686898814406
4.840273975056104,85.08798091261556
4.84027587434694,85.08909267128905
4.840370721912202,85.08909267128905
4.840388877383177,85.08909267128905
4.8405618820783385,85.09020426420159
4.84061320296432,85.09131569139024
4.840625289733602,85.09242695289207
4.840660234524695,85.09242695289207
4.8407470441597855,85.09353804874414
4.8408135414890054,85.09353804874414
4.840864188352449,85.09464897898346
4.840876679459237,85.09575974364706
4.840963045102796,85.09687034277198
4.841062051246765,85.0979807763952
4.84121112347889,85.09909104455372
4.841224507990508,85.10020114728451
4.841399587929732,85.10131108462456
4.841462046561115,85.1024208566108
4.841482223330127,85.1024208566108
4.841569956708553,85.10353046328021
4.841612167294265,85.1046399046697
4.841713517968933,85.1057491808162
4.841886992662596,85.10685829175665
4.842078531380406,85.10685829175665
4.842123892836905,85.10796723752793
4.842174768758548,85.10907601816693
4.842198681962588,85.10907601816693
4.842304116505729,85.11018463371055
4.842308333959027,85.11129308419564
4.842357310107298,85.11129308419564
4.842412258776073,85.11240136965907
4.842512283292505,85.11240136965907
4.842556220902913,85.1135094901377
4.842728947794385,85.11461744566834
4.842786183790189,85.11572523628786
4.842827967790274,85.11683286203305
4.842842876579547,85.11683286203305
4.843139781555569,85.1179403229407
4.84324365322958,85.11904761904762
4.843340598303492,85.1201547503906
4.8435064797075995,85.1212617170064
4.8435536133267885,85.1223685189318
4.843779925559422,85.1223685189318
4.844284675186266,85.12347515620351
4.8443526355825455,85.12458162885831
4.84440609770117,85.12568793693292
4.84442961792948,85.12568793693292
4.844456391652191,85.12679408046404
4.844494075621092,85.12679408046404
4.844600574759022,85.12790005948841
4.844620114965942,85.12790005948841
4.844814745769509,85.12900587404269
4.844870137254526,85.13011152416357
4.8448706654263525,85.13121700988773
4.84487485669959,85.13232233125187
4.845118928933138,85.13232233125187
4.845244662746204,85.13342748829258
4.845263654709159,85.13453248104653
4.845308040798287,85.13563730955035
4.8453871625768965,85.13674197384067
4.845434241025325,85.13784647395407
4.845559391384266,85.13895080992718
4.845771902295052,85.14005498179657
4.845851578214086,85.14115898959881
4.845852339026373,85.14115898959881
4.8458659485596405,85.14226283337048
4.845923568518685,85.14226283337048
4.8459356533352915,85.14336651314812
4.846066740277327,85.14447002896829
4.846133266141855,85.14447002896829
4.846199703325338,85.1455733808675
4.846266295374009,85.14667656888228
4.84633648967126,85.14777959304915
4.846399757085564,85.14777959304915
4.846474933711816,85.14777959304915
4.8466186366717485,85.14888245340461
4.846996614157179,85.14998514998516
4.847063865949952,85.15108768282722
4.847169320051287,85.15219005196734
4.847192042359742,85.15329225744192
4.847195803984312,85.1543942992874
4.847266461382012,85.15549617754027
4.847295546329672,85.1565978922369
4.847417108771564,85.1565978922369
4.847424972148508,85.15769944341372
4.847578319646805,85.15880083110716
4.847603684618168,85.15990205535357
4.847720103496953,85.16100311618935
4.847809473466373,85.16210401365086
4.8478671322129445,85.16320474777447
4.847917039989587,85.16430531859655
4.847963006123237,85.16540572615338
4.848000533180845,85.16540572615338
4.8480401149100345,85.16650597048134
4.848133073521136,85.16650597048134
4.84824922645571,85.16760605161673
4.848279262463555,85.16870596959585
4.848347656469348,85.16980572445499
4.848410772768373,85.17090531623043
4.8486000969537,85.17200474495849
4.848690031467651,85.17310401067536
4.848712602241889,85.17420311341735
4.848902908266238,85.17530205322068
4.849056595695604,85.17640083012155
4.849177464702939,85.17749944415623
4.849467354704459,85.17749944415623
4.849485641093142,85.1785978953609
4.849576432023899,85.17969618377177
4.850010764106186,85.18079430942501
4.850077228124438,85.18189227235682
4.850134870327561,85.18299007260335
4.850243580083957,85.18299007260335
4.850273861238223,85.18408771020076
4.850276095904423,85.18518518518519
4.85037539882453,85.18628249759277
4.8503840138252645,85.18737964745964
4.850430532641574,85.1884766348219
4.850652847944281,85.18957345971565
4.850680823961176,85.19067012217697
4.850701320025643,85.19176662224197
4.850717241854592,85.1928629599467
4.850779075536486,85.19395913532722
4.850822468711032,85.19505514841957
4.850946217031387,85.19505514841957
4.850991377421736,85.19615099925981
4.850998158566889,85.19724668788395
4.851005027866926,85.19834221432801
4.851251039667079,85.199437578628
4.85129542873621,85.2005327808199
4.851382773617596,85.20162782093969
4.851398278669068,85.20272269902338
4.851482555197702,85.2038174151069
4.851538286405347,85.20491196922622
4.851562202794631,85.20600636141727
4.8517647744659085,85.20710059171599
4.851809598803282,85.20819466015827
4.851818744133478,85.20928856678006
4.851866392348849,85.21038231161725
4.852001151106901,85.21038231161725
4.85210563990893,85.21038231161725
4.852292662545845,85.21147589470571
4.852348406020401,85.21256931608133
4.852706461320444,85.21366257577998
4.852744243802163,85.2147556738375
4.852789743643744,85.21584861028977
4.852833405289769,85.21584861028977
4.852919371358384,85.21694138517259
4.852939101177899,85.2180339985218
4.853012649886114,85.21912645037321
4.853222577981736,85.22021874076263
4.853371878591797,85.22021874076263
4.853388155579276,85.22131086972585
4.853421650197489,85.22131086972585
4.853474687110503,85.22240283729865
4.853547133955314,85.2234946435168
4.853691248053078,85.22458628841608
4.853756348000621,85.2256777720322
4.853835105491656,85.22676909440095
4.854250903972806,85.22676909440095
4.854286192529803,85.22786025555801
4.854351648026928,85.22786025555801
4.85438254801229,85.22895125553914
4.854710430850658,85.23004209438002
4.854774418057122,85.23113277211638
4.854887894086456,85.23222328878387
4.855091856767544,85.23331364441819
4.8550970029581615,85.234403839055
4.8551803653232595,85.23549387272996
4.855196866918486,85.2365837454787
4.855347682000391,85.23767345733687
4.85540460477756,85.2387630083401
4.8554106543255235,85.23985239852398
4.855479686611512,85.24094162792414
4.8555597747348935,85.24094162792414
4.855629989440001,85.24203069657615
4.855720460314902,85.2431196045156
4.855816553043037,85.24420835177807
4.855848507560224,85.24529693839912
4.855861321493101,85.24638536441428
4.855870196124306,85.24747362985912
4.856003108171181,85.24856173476914
4.8560897746800915,85.24964967917988
4.8561314467404655,85.24964967917988
4.856180209230149,85.25073746312685
4.856238694744129,85.25182508664552
4.85630858645833,85.25291254977142
4.856410954246224,85.25399985253999
4.856447213880016,85.25508699498673
4.856580093284176,85.25617397714707
4.856750204613346,85.25726079905647
4.856822593499175,85.25834746075034
4.856842984741911,85.25834746075034
4.856984005210725,85.25943396226415
4.857076350728858,85.26052030363329
4.857087938766959,85.26160648489315
4.857310061056899,85.26269250607913
4.857312579470019,85.26377836722664
4.857412227049979,85.26377836722664
4.857562447997595,85.26486406837103
4.85773071033336,85.26486406837103
4.857755865765303,85.26594960954766
4.857803395540815,85.2670349907919
4.857965559578914,85.26812021213907
4.858053459724617,85.26920527362452
4.8582427461583775,85.27029017528355
4.858246806333299,85.27137491715149
4.858288201919156,85.27245949926362
4.8583146459304185,85.27354392165525
4.858371451502816,85.27462818436166
4.858374276307429,85.27571228741809
4.858595600108965,85.27679623085983
4.858633433024352,85.27788001472211
4.858755077809288,85.27896363904019
4.858840543746824,85.28004710384927
4.858867361888442,85.28113040918458
4.859284746671753,85.28221355508133
4.859380079621179,85.28329654157469
4.859381064571743,85.28437936869987
4.8594276416293924,85.28546203649205
4.859513012605361,85.28546203649205
4.859552923629757,85.28546203649205
4.859685806924605,85.28654454498638
4.859741496413745,85.28654454498638
4.85983852504276,85.28762689421804
4.8600653700889245,85.28870908422213
4.860088841859786,85.28979111503384
4.860302496874363,85.29087298668824
4.8603348414683225,85.29195469922047
4.860814972756011,85.29303625266563
4.860854714605876,85.29411764705883
4.860862128882541,85.29519888243512
4.860873785321991,85.29627995882959
4.860873866949333,85.2973608762773
4.860876809289682,85.29844163481329
4.861145526212789,85.29952223447262
4.861250418705955,85.30060267529032
4.861324444379494,85.30168295730138
4.861360307699922,85.30276308054086
4.861384151034605,85.30384304504372
4.861565938306396,85.30492285084496
4.861638455725505,85.30600249797958
4.86166967616884,85.30708198648252
4.861709646379544,85.30816131638875
4.862095482216769,85.30924048773322
4.862276022113109,85.31031950055088
4.862487820623494,85.31139835487662
4.862495543904819,85.3124770507454
4.862657403052093,85.3135555881921
4.862673331154247,85.31463396725162
4.862713400907838,85.31571218795888
4.8627382340469145,85.31679025034873
4.862803280372401,85.31786815445602
4.862816280652246,85.31894590031564
4.8629736677169,85.32002348796242
4.863115094553145,85.3211009174312
4.863116518215753,85.3221781887568
4.863234657938309,85.3221781887568
4.863400509640644,85.3221781887568
4.863702735086901,85.32325530197402
4.863789271201456,85.3243322571177
4.863820746704839,85.32540905422262
4.863839669465805,85.32648569332355
4.863939463955364,85.32756217445528
4.8640731925032,85.32863849765259
4.864078870215887,85.3297146629502
4.864123661072076,85.33079067038287
4.8641511722201125,85.33186651998534
4.864383579142312,85.33294221179231
4.864433174885375,85.33401774583854
4.8644548393382046,85.33509312215868
4.8644820546344185,85.33616834078744
4.864569857706305,85.33724340175954
4.864698363568479,85.3383183051096
4.864849429934943,85.3393930508723
4.864878752189222,85.34046763908232
4.865018103397972,85.34154206977426
4.865047023813077,85.34261634298278
4.865124340010386,85.34261634298278
4.86512839386819,85.3436904587425
4.865330614652392,85.3436904587425
4.865421487431567,85.344764417088
4.8654671701141945,85.34583821805393
4.865468524155208,85.34583821805393
4.86552662010429,85.34691186167484
4.8656528830764065,85.34798534798534
4.865876712171357,85.34905867702
4.86601430488748,85.35013184881336
4.866241117908751,85.35120486339999
4.866358586972003,85.35227772081441
4.866407224918625,85.35335042109118
4.866446969574259,85.35442296426478
4.866563651731331,85.35549535036976
4.866658686611495,85.35656757944062
4.866766851661851,85.35763965151182
4.866788507628078,85.35763965151182
4.866793827312721,85.35871156661786
4.866817107693547,85.3597833247932
4.867048573715135,85.36085492607232
4.867098124797801,85.36192637048964
4.867230862096537,85.36299765807962
4.867272783471033,85.3640687888767
4.867273073413431,85.36513976291526
4.867456990235232,85.36621058022975
4.867501693869187,85.36728124085455
4.8675292918918425,85.36835174482405
4.867588787478601,85.36942209217264
4.867596732103855,85.37049228293469
4.867700689672901,85.37156231714454
4.867745140189277,85.37263219483654
4.867823914473424,85.37370191604505
4.867991384384486,85.37477148080438
4.868014486202297,85.37584088914886
4.868091299702332,85.37691014111282
4.8681357311663405,85.37797923673051
4.868215258576463,85.37904817603626
4.868219582565838,85.38011695906432
4.86828503649382,85.38118558584898
4.868389197764221,85.38118558584898
4.868520082098742,85.3822540564245
4.86859663011886,85.38332237082511
4.868597325860662,85.38439052908507
4.868611927015453,85.38545853123858
4.868614956142885,85.3865263773199
4.868744007610659,85.3875940673632
4.868809071012338,85.38866160140269
4.868872809451126,85.38972897947257
4.868950037033762,85.39079620160702
4.869109816511374,85.39186326784018
4.869136478345528,85.39293017820626
4.869229653546364,85.39399693273936
4.869390973071085,85.39506353147364
4.869442978482644,85.39612997444323
4.8695062284499135,85.39719626168224
4.869513985410055,85.39826239322478
4.869574200907543,85.39932836910498
4.8695840219003115,85.40039418935689
4.869612735198286,85.40145985401459
4.869721660144509,85.40252536311218
4.869765904267394,85.4035907166837
4.8697743360058,85.4046559147632
4.870057038204506,85.4057209573847
4.870177876813565,85.40678584458227
4.8702435000184545,85.4078505763899
4.870551969323447,85.40891515284162
4.870641503403336,85.40997957397141
4.8707714453963575,85.41104383981326
4.87086152810929,85.41210795040116
4.871183789640785,85.41317190576909
4.871324174014743,85.41317190576909
4.871441819324262,85.41423570595099
4.871499489832349,85.41529935098082
4.871592267413932,85.41636284089252
4.871613259554147,85.41742617572001
4.871614900554787,85.41848935549723
4.8717557195952095,85.41848935549723
4.8718697926079315,85.41955238025808
4.871921442381788,85.42061525003645
4.872016588571722,85.42167796486625
4.872234614278658,85.42274052478133
4.872297677719234,85.42380292981561
4.872529327831356,85.42486518000291
4.872715173028737,85.4259272753771
4.872777046006419,85.42698921597201
4.873150438661174,85.42805100182149
4.8731929042369035,85.42911263295935
4.87324626694673,85.42911263295935
4.873270129880292,85.42911263295935
4.873590137760709,85.43017410941938
4.873623865282568,85.43123543123544
4.873797900196905,85.43123543123544
4.8738764847544545,85.43229659844125
4.874021392245583,85.43335761107065
4.87402173698515,85.43441846915738
4.87405839891968,85.43441846915738
4.874233044276196,85.43547917273521
4.874246834603799,85.43653972183792
4.874329225847192,85.4376001164992
4.874396565628458,85.43866035675282
4.874438584092375,85.43972044263249
4.874684336046003,85.44078037417194
4.874807738767743,85.44184015140486
4.874820920511613,85.44289977436495
4.874878976706184,85.44395924308587
4.8749033664579215,85.44501855760134
4.875186298042252,85.44501855760134
4.875281303979635,85.44501855760134
4.875352318710448,85.44607771794499
4.8753613145291625,85.44607771794499
4.875433455022517,85.44713672415047
4.875456645350823,85.44819557625145
4.875601081210792,85.44925427428156
4.875857172421907,85.45031281827441
4.8758723873008405,85.45137120826361
4.875887458803363,85.45242944428281
4.87594027815568,85.45348752636556
4.875984700855258,85.45454545454545
4.876099334585228,85.45560322885608
4.876106954686966,85.456660849331
4.876181496279794,85.45771831600378
4.876183258023719,85.45877562890796
4.876191732829929,85.45983278807707
4.876472658974246,85.46088979354464
4.876572206461124,85.46194664534418
4.876593380572766,85.46300334350924
4.876633981568877,85.46300334350924
4.876647414620443,85.46300334350924
4.876658969242061,85.46300334350924
4.876738253710086,85.46405988807327
4.876799705329851,85.46511627906976
4.87697195252501,85.46511627906976
4.877083655088341,85.46617251653223
4.877161719905216,85.46722860049411
4.87716335346628,85.46828453098888
4.877165023904859,85.46934030805
4.8771917518335055,85.47039593171087
4.8772918846972955,85.47145140200494
4.877325900123393,85.47250671896565
4.877326124572691,85.47356188262638
4.87732694600357,85.47356188262638
4.877384020507847,85.47461689302055
4.8774034256530765,85.47567175018156
4.87748135268577,85.47672645414276
4.877663826609603,85.47778100493755
4.877771949404442,85.47778100493755
4.877892069782068,85.47883540259929
4.87789418461178,85.47883540259929
4.877894518113161,85.47988964716133
4.877925655576951,85.47988964716133
4.87801039726932,85.48094373865699
4.878199457321405,85.48199767711962
4.878205065302971,85.48305146258257
4.878334904880076,85.48410509507912
4.878338771417039,85.48515857464257
4.878371730449065,85.48515857464257
4.878376671223438,85.48621190130625
4.878624207198039,85.48726507510341
4.878668131516725,85.48831809606735
4.878674520187337,85.4893709642313
4.878699898983331,85.49042367962856
4.878914939944781,85.49147624229234
4.879059368021766,85.49147624229234
4.879120689139896,85.49252865225591
4.879181795230368,85.49358090955248
4.879385486067142,85.49463301421525
4.879606196628595,85.49568496627747
4.879930500805904,85.4967367657723
4.8799664833372844,85.4967367657723
4.87998287669082,85.49778841273294
4.880005045342412,85.49778841273294
4.880030297179619,85.49883990719258
4.880073287804192,85.49989124918437
4.880085967809915,85.50094243874148
4.880114153117744,85.50199347589707
4.880432191744397,85.50304436068426
4.880527980536778,85.50304436068426
4.8805899063349925,85.50409509313619
4.880838613802333,85.50514567328598
4.880979331998013,85.50619610116675
4.881005181534278,85.5072463768116
4.881175453760672,85.5082965002536
4.881238493122435,85.50934647152587
4.881293988563243,85.51039629066145
4.881313774827189,85.51144595769343
4.881337275399361,85.51249547265483
4.881379243545716,85.51354483557874
4.8813888797735805,85.51459404649815
4.881448408192081,85.51564310544612
4.881593379539313,85.51669201245564
4.88173236902676,85.51774076755973
4.88182223988687,85.5187893707914
4.881847848322885,85.5198378221836
4.88185975638178,85.52088612176935
4.881862822768146,85.52193426958158
4.88211350342849,85.52298226565328
4.882158115386722,85.52403011001736
4.882483321893883,85.5250778027068
4.882765268160358,85.52612534375453
4.883107978879303,85.52717273319342
4.883120206081261,85.52821997105644
4.883154779703055,85.52926705737646
4.8831650892969725,85.53031399218636
4.883248281070884,85.53136077551906
4.883438058310079,85.5324074074074
4.883500361983889,85.53345388788426
4.883675211366446,85.53450021698251
4.8839991910182805,85.53554639473494
4.884094577840134,85.53659242117443
4.884158211172542,85.5376382963338
4.884168524026466,85.5376382963338
4.884301509453992,85.53868402024585
4.8844247162340055,85.53972959294339
4.88450804357274,85.53972959294339
4.8846601126455,85.54077501445923
4.884673240861366,85.54182028482614
4.884740268134748,85.5428654040769
4.884763747703622,85.5428654040769
4.8848197207808095,85.5439103722443
4.884972542154277,85.54495518936108
4.885072797699284,85.54599985546
4.885110946316858,85.54599985546
4.885212366379528,85.54704437057377
4.885595595635574,85.54808873473517
4.88578409620372,85.54913294797689
4.885860095567439,85.55017701033162
4.885881145340173,85.55122092183211
4.8863324052657875,85.55226468251101
4.886377975001381,85.55330829240104
4.886601871384634,85.55435175153485
4.8866660386887695,85.5553950599451
4.886693880433717,85.55643821766448
4.886695347631294,85.55748122472559
4.8867522867021735,85.5585240811611
4.886822947935822,85.5595667870036
4.886829096807495,85.56060934228576
4.88688811856482,85.56165174704013
4.8868988504759985,85.56165174704013
4.886914523603118,85.56269400129935
4.88700954848242,85.56269400129935
4.887028036628858,85.563736105096
4.8870825395922655,85.56477805846265
4.887168335820398,85.56581986143186
4.8871865535356696,85.56581986143186
4.88722029330704,85.56686151403623
4.8872288256346685,85.56790301630826
4.8872878915693025,85.56894436828054
4.887306934178438,85.56998556998558
4.887355055934993,85.56998556998558
4.887552631334951,85.56998556998558
4.887631468658673,85.57102662145589
4.8876404963860995,85.572067522724
4.887648255424478,85.57310827382241
4.88765228817809,85.57414887478362
4.887664850944466,85.5751893256401
4.887770450798558,85.57622962642435
4.887791109722267,85.57726977716882
4.887797460301334,85.57726977716882
4.887877992220748,85.57830977790597
4.887899847093376,85.57934962866825
4.887979968258567,85.5803893294881
4.888017261945752,85.58142888039795
4.888161045747547,85.58246828143022
4.888314038803321,85.5835075326173
4.888370247769275,85.58454663399164
4.888377321429521,85.58558558558559
4.888482205404555,85.58558558558559
4.888557438022277,85.58662438743153
4.8886491870049875,85.58766303956187
4.888689839451864,85.58870154200893
4.888738692497465,85.5897398948051
4.888863503909654,85.5907780979827
4.888980746547083,85.5918161515741
4.889045820174535,85.59285405561158
4.8892154586489065,85.5938918101275
4.889238288920803,85.59492941515413
4.889259502638121,85.5959668707238
4.8892942932510115,85.5959668707238
4.889408743854128,85.59700417686878
4.889470106188188,85.59804133362138
4.889554003691183,85.59907834101382
4.889568568209712,85.6001151990784
4.889611382512931,85.60115190784737
4.889614065624903,85.60218846735296
4.889628877185874,85.60322487762741
4.889851305570021,85.60426113870294
4.889916548903658,85.60529725061178
4.890117734357968,85.60633321338611
4.890197959489293,85.60736902705814
4.890306084029371,85.60840469166007
4.890439122601129,85.60944020722407
4.890450622309432,85.61047557378228
4.890499518346576,85.61151079136691
4.890515916717279,85.61254586001007
4.891017862016788,85.61358077974393
4.8911244200247355,85.61461555060059
4.891495714949136,85.6156501726122
4.891544376378473,85.61668464581086
4.891677993447818,85.61668464581086
4.891761230009204,85.61771897022868
4.891984520864606,85.61875314589776
4.892052280127746,85.61978717285015
4.892111102284296,85.62082105111799
4.892135448080078,85.62082105111799
4.892172859055686,85.62185478073329
4.892370298712647,85.62288836172813
4.8923950887862695,85.62392179413456
4.8923967069816365,85.62495507798462
4.892428758839532,85.62598821331034
4.89276411469925,85.62702120014373
4.8927804862380535,85.62805403851681
4.892934537316142,85.62908672846159
4.892991109659737,85.63011927001007
4.893354491025745,85.63115166319419
4.893393976780103,85.63218390804597
4.893483967503488,85.63321600459737
4.893499310278622,85.63424795288034
4.893648671416295,85.6352797529268
4.893717469985205,85.63631140476875
4.893803171245952,85.63734290843806
4.893847078664742,85.63837426396668
4.893936775286111,85.63837426396668
4.893958446183655,85.63837426396668
4.894068771926361,85.63837426396668
4.894212673400671,85.63940547138652
4.8942270380435176,85.64043653072947
4.894448082965444,85.64146744202743
4.894458110470718,85.64249820531228
4.8946730294303435,85.64249820531228
4.894699774360565,85.64352882061588
4.894835203357944,85.64352882061588
4.894901672679445,85.64455928797014
4.895053644377442,85.64558960740688
4.89505753665585,85.64558960740688
4.895328306738064,85.64558960740688
4.895334214275394,85.64661977895794
4.895345473187709,85.64661977895794
4.895648543819634,85.6476498026552
4.895696262053032,85.64867967853043
4.895721650520119,85.64970940661549
4.895832049782171,85.65073898694217
4.8960009599963765,85.6517684195423
4.896165169576346,85.65279770444764
4.8963842333246586,85.65382684168998
4.896398610898598,85.6548558313011
4.896406782089306,85.65588467331278
4.896415141423607,85.65691336775674
4.896415844828153,85.65794191466476
4.896458517132995,85.65897031406855
4.89669115097133,85.65999856599986
4.896880321200766,85.66102667049039
4.896886760733973,85.66205462757188
4.897126450363845,85.66205462757188
4.897151472313108,85.66308243727599
4.8972711717215285,85.66411009963444
4.897365208668919,85.6651376146789
4.897398365046462,85.66616498244105
4.897532007744112,85.66719220295256
4.897625913898042,85.66821927624507
4.897656038876263,85.66924620235025
4.89773958092362,85.67027298129972
4.897782087417968,85.67129961312509
4.897809774783185,85.672326097858
4.897823446345076,85.67335243553008
4.898002416704812,85.67437862617291
4.898266734938617,85.67540466981808
4.898300749908823,85.67643056649717
4.898582308521709,85.67745631624176
4.89860583632725,85.67848191908342
4.8987576149080985,85.67848191908342
4.898864185673549,85.6795073750537
4.899014034994671,85.68053268418416
4.899095419257474,85.6815578465063
4.899267811654758,85.68258286205167
4.899317428675279,85.68360773085183
4.899467344587574,85.68463245293823
4.899482620174822,85.68463245293823
4.899575786767484,85.6856570283424
4.899592916373868,85.6856570283424
4.899599270283264,85.68668145709583
4.8996462973428745,85.68770573923
4.899703329504946,85.68872987477639
4.899706321157719,85.68975386376646
4.899914939469507,85.69077770623167
4.900002613537242,85.69180140220347
4.900111937081266,85.69282495171329
4.9002264868824605,85.69384835479255
4.900274608578085,85.6948716114727
4.90029475568,85.69589472178515
4.900491101713329,85.69691768576129
4.900523273045352,85.69691768576129
4.900539671453269,85.69794050343249
4.900710794384764,85.69896317483018
4.900791538528881,85.6999856999857
4.900851864891779,85.70100807893044
4.900854696982442,85.70100807893044
4.900967039015214,85.70100807893044
4.90132766257749,85.70203031169574
4.901341020519494,85.70305239831296
4.901342524200575,85.70305239831296
4.901585443656276,85.70305239831296
4.901636527880532,85.70407433881344
4.901738738894868,85.70509613322851
4.901815821159606,85.70611778158947
4.901864556716288,85.70611778158947
4.901985792610305,85.70713928392767
4.902085702281025,85.7081606402744
4.902185221335745,85.70918185066095
4.9023014162381635,85.7102029151186
4.902378732080867,85.71122383367864
4.9023836334938435,85.71224460637234
4.902444643878914,85.71326523323094
4.902538087997402,85.71428571428571
4.902562885161779,85.71530604956789
4.90274257967505,85.7163262391087
4.902837664820088,85.7163262391087
4.902850081215337,85.7163262391087
4.902864720234703,85.71734628293936
4.903036163092454,85.71836618109113
4.903044107458752,85.71938593359515
4.903051156024252,85.72040554048264
4.903357560920302,85.72142500178482
4.903372183313945,85.72142500178482
4.903373129398047,85.72244431753285
4.903446762504971,85.72244431753285
4.903517186243929,85.72346348775787
4.903542274589624,85.72346348775787
4.903672283910902,85.72448251249108
4.903779692768623,85.72550139176361
4.903808724062632,85.72652012560663
4.903929606101028,85.72753871405125
4.904013595000128,85.72855715712858
4.904063945658608,85.72855715712858
4.904068417543361,85.72957545486977
4.904193140187533,85.73059360730593
4.904355563122673,85.73161161446815
4.904411566956946,85.7326294763875
4.904472992937331,85.73364719309508
4.90448021928734,85.73466476462197
4.904481177583645,85.73568219099921
4.904492054727636,85.73568219099921
4.904587519464091,85.73568219099921
4.904698891963228,85.73568219099921
4.904846201410273,85.73669947225788
4.904898909815473,85.73669947225788
4.9049137541576915,85.73771660842901
4.904965050454948,85.73771660842901
4.905092425338131,85.73873359954364
4.905142327937848,85.73975044563281
4.905185386699391,85.7407671467275
4.9054463855054475,85.74178370285878
4.9054871613001945,85.7428001140576
4.905608256288247,85.7428001140576
4.905610353263242,85.74381638035497
4.9057163956137515,85.7448325017819
4.905859041008837,85.74584847836933
4.905951081686485,85.74686431014823
4.906127243599896,85.74787999714958
4.906282566206637,85.7488955394043
4.9063540147823925,85.74991093694335
4.906486998111995,85.75092618979767
4.906508807260581,85.75194129799814
4.906537127342526,85.75295626157572
4.906548964158225,85.7539710805613
4.906694092499977,85.75498575498575
4.90682474507034,85.75600028488
4.906838595225531,85.75701467027488
4.907181002183258,85.75802891120131
4.9071846393011604,85.75904300769011
4.9072266537702545,85.76005695977216
4.9073530962328356,85.76107076747829
4.907360113015635,85.76107076747829
4.907392447387405,85.76208443083932
4.907396042123817,85.7630979498861
4.90753865366265,85.76411132464943
4.90755090561983,85.76512455516014
4.907608225536263,85.766137641449
4.907686781303183,85.76715058354682
4.90773181424128,85.76816338148438
4.907744488085054,85.76917603529243
4.908123849348515,85.77018854500179
4.908148028644471,85.77120091064315
4.908148328819014,85.77120091064315
4.908154640988563,85.77221313224727
4.908186298896759,85.77322520984492
4.908195230126927,85.77423714346682
4.908289939344859,85.77524893314367
4.9083822986448755,85.77626057890619
4.908384841765807,85.7772720807851
4.908462291667339,85.7772720807851
4.908523515078108,85.7772720807851
4.908841615110416,85.77828343881106
4.908905193084186,85.77828343881106
4.90891726393394,85.77929465301479
4.909047296529368,85.78030572342695
4.909152071977926,85.7813166500782
4.909166289354649,85.78232743299921
4.909230800970526,85.78232743299921
4.909263349418055,85.78333807222064
4.9092695458532,85.78434856777312
4.909280900554905,85.78535891968728
4.909374473818174,85.78636912799375
4.909438113753362,85.78737919272314
4.909477625737257,85.78838911390606
4.909496638296315,85.78939889157311
4.909764246965388,85.78939889157311
4.909897358531773,85.79040852575488
4.90991323223928,85.79040852575488
4.910003982358515,85.79040852575488
4.910212122063328,85.79141801648196
4.910225016039778,85.7924273637849
4.910249769448222,85.79343656769427
4.910304151598131,85.79444562824065
4.910491629468048,85.79545454545455
4.910497610338747,85.79646331936652
4.910606087020801,85.79646331936652
4.910822835777378,85.7974719500071
4.910955181917606,85.7974719500071
4.911090886984199,85.7984804374068
4.911095889987872,85.79948878159614
4.9111937465422555,85.80049698260561
4.911410858996021,85.80150504046571
4.911490933785666,85.80251295520694
4.911529005127339,85.80352072685974
4.911548884695658,85.80452835545461
4.9115936419323365,85.80553584102199
4.9116199610099125,85.80654318359237
4.91177693337137,85.80755038319614
4.911795636314033,85.80855743986376
4.911823858664347,85.80956435362566
4.911838109789025,85.81057112451224
4.911916123840707,85.81157775255392
4.912006697123577,85.81157775255392
4.912143620009806,85.81258423778108
4.912269740432253,85.81359058022414
4.9123273167820045,85.81459677991347
4.912379573980124,85.81560283687944
4.912475330104373,85.81560283687944
4.912731547679762,85.8166087511524
4.913151710602193,85.8166087511524
4.913187865758962,85.8166087511524
4.9133287511450545,85.8166087511524
4.913576605320061,85.81761452276272
4.913577796847745,85.81761452276272
4.913646752588125,85.81862015174076
4.913669974372752,85.81962563811685
4.913832292745513,85.82063098192131
4.91404530643399,85.82163618318445
4.914116948613745,85.82264124193662
4.914133299542833,85.8236461582081
4.914397554056611,85.8246509320292
4.91443660838291,85.8246509320292
4.914446187817577,85.82565556343019
4.914476205483819,85.82666005244135
4.914550384048358,85.82766439909297
4.91460741389886,85.8286686034153
4.914612496928862,85.82967266543858
4.914616603824904,85.83067658519306
4.914907733861528,85.83168036270898
4.915150316803129,85.83268399801658
4.9152710890637605,85.83368749114607
4.915276816095829,85.83469084212763
4.91528419503191,85.83469084212763
4.915335982737867,85.8356940509915
4.915448784486359,85.8356940509915
4.915484439135192,85.83669711776787
4.915602496323714,85.83669711776787
4.915761799767491,85.83669711776787
4.915820652511941,85.8377000424869
4.9158671223239,85.8377000424869
4.9158717911125684,85.83870282517879
4.915915055120705,85.83970546587369
4.916030095730076,85.83970546587369
4.916274643219259,85.83970546587369
4.916504607646786,85.83970546587369
4.916518251857959,85.84070796460178
4.916708648440334,85.84171032139317
4.916734398781277,85.84271253627806
4.916787462807338,85.84371460928652
4.916790797747403,85.84471654044872
4.91680652131329,85.84571832979476
4.91691493910084,85.84671997735475
4.916924056750654,85.8477214831588
4.916984440808352,85.84872284723696
4.916994817977649,85.84872284723696
4.917113998671631,85.84972406961936
4.9172851382672285,85.85072515033605
4.917370583909971,85.85172608941708
4.9174483906647275,85.85272688689255
4.917465622771068,85.85372754279248
4.917484673170869,85.8547280571469
4.9175571260502,85.85572842998586
4.917572796171321,85.85672866133936
4.917805437848847,85.85672866133936
4.918096196215106,85.85772875123745
4.91814651546354,85.85872869971011
4.918328805616247,85.85972850678732
4.9185865014043255,85.86072817249911
4.918626518468869,85.86172769687545
4.918818182584966,85.86272707994628
4.919064642528712,85.86372632174158
4.919070506261964,85.86372632174158
4.919257061213871,85.86372632174158
4.919399430192772,85.86472542229133
4.919413050551956,85.86572438162544
4.919488064300873,85.86672319977386
4.919632065239074,85.86772187676654
4.919874537585313,85.86872041263337
4.919918054870917,85.86971880740427
4.920076061498518,85.87071706110915
4.920106473408611,85.87071706110915
4.920119915269011,85.8717151737779
4.920155678878981,85.87271314544041
4.920276257789253,85.87371097612657
4.920301941548893,85.87470866586622
4.920432398991279,85.87570621468926
4.920546908478144,85.87670362262551
4.920560821779609,85.87770088970484
4.920955271174959,85.87869801595707
4.920963604350591,85.87969500141203
4.921016076308196,85.88069184609954
4.921074272619669,85.88168855004942
4.921253311569066,85.88268511329146
4.9212556254747,85.88368153585544
4.921275122525322,85.88467781777119
4.921464950665713,85.88567395906846
4.9216862459349615,85.88666995977701
4.92174378266219,85.88766581992661
4.921821262112175,85.88866153954703
4.9218269594555615,85.88965711866798
4.921891115674397,85.89065255731923
4.922062627737804,85.89164785553048
4.922106952929423,85.89264301333145
4.922128231343107,85.89363803075187
4.9221708290601764,85.89363803075187
4.922210534794818,85.89463290782142
4.92229357477944,85.89562764456981
4.9224240715941,85.89662224102672
4.922562279499257,85.89761669722184
4.922778488371846,85.8986110131848
4.923097391744757,85.89960518894529
4.923108686828748,85.90059922453295
4.923218615912857,85.90159311997743
4.923279643163021,85.90258687530839
4.9233276536545345,85.9035804905554
4.923771955463693,85.90457396574811
4.923774037368903,85.90556730091615
4.923848966723996,85.90656049608907
4.924063227506151,85.9075535512965
4.9241532117924205,85.90854646656803
4.924358469161827,85.9095392419332
4.924443356229038,85.9095392419332
4.924460078675186,85.91053187742162
4.924593769922602,85.91152437306283
4.924869466150044,85.91251672888637
4.924913450236269,85.91251672888637
4.924930030372012,85.91251672888637
4.92502853141957,85.91350894492183
4.925210961534,85.91450102119867
4.925318484723168,85.91549295774648
4.925320266918689,85.91549295774648
4.925324751008485,85.91648475459475
4.925331366218536,85.91747641177298
4.925440000425575,85.91846792931071
4.925508709223196,85.9194593072374
4.925550552001873,85.92045054558254
4.9256564868513655,85.92144164437562
4.925658893310079,85.92243260364609
4.925663223688632,85.92243260364609
4.925746750555175,85.92342342342343
4.925858364326372,85.92342342342343
4.925983575005048,85.92441410373706
4.925995560519433,85.92441410373706
4.926172101759845,85.92540464461646
4.926481686500152,85.92639504609106
4.926664797548541,85.92738530819027
4.92669500907387,85.9283754309435
4.926954218071124,85.9283754309435
4.926972187857478,85.92936541438019
4.927111593685211,85.93035525852972
4.927135474977261,85.93035525852972
4.927343419439214,85.9313449634215
4.927752150105494,85.9323345290849
4.927805613422347,85.9333239555493
4.927849397209064,85.93431324284408
4.927877439835486,85.93530239099859
4.927930918034782,85.93629140004218
4.927967022418766,85.93728027000422
4.927972439486476,85.93826900091402
4.928001525136116,85.9392575928009
4.928106136398426,85.9402460456942
4.9281953774589145,85.94123435962322
4.928566016250542,85.94222253461727
4.9285764753968495,85.94321057070566
4.92880185642492,85.94419846791763
4.928940243478351,85.9451862262825
4.928974754644301,85.94617384582953
4.929001572962332,85.94716132658797
4.929017690723523,85.9481486685871
4.9290958700349385,85.94913587185611
4.929212061576274,85.95012293642431
4.92922693471569,85.95110986232088
4.929364142873757,85.95209664957505
4.929427332334396,85.95308329821604
4.929460567204797,85.95406980827305
4.929551665367867,85.95505617977528
4.929589538545443,85.95604241275191
4.9298086220140105,85.95702850723212
4.929820324023883,85.95702850723212
4.929839457648795,85.95702850723212
4.9298516198755316,85.9580144632451
4.929865645007842,85.95900028081999
4.9298800085339405,85.95998595998596
4.930131543705051,85.96097150077215
4.930136984270912,85.96097150077215
4.930226564789298,85.96195690320769
4.930362007082209,85.96294216732173
4.930422257681822,85.96392729314339
4.930452891206562,85.96491228070175
4.930457786252958,85.96589713002597
4.930560893340828,85.96688184114511
4.9306551200969695,85.96786641408826
4.930672145107128,85.96885084888453
4.930761901502643,85.96983514556295
4.930819247144728,85.97081930415264
4.930847818441179,85.97180332468261
4.930928495177721,85.97278720718194
4.931030575590385,85.97377095167964
4.9310644166489235,85.97475455820476
4.931294224466995,85.97573802678635
4.931335682064024,85.97573802678635
4.931505485389725,85.97672135745337
4.931525708282247,85.97770455023486
4.93156250959928,85.97868760515985
4.931571892422982,85.97967052225727
4.931919599480583,85.97967052225727
4.93211079186785,85.98065330155615
4.932115726393166,85.98163594308545
4.9322377306247525,85.98261844687413
4.932462927311719,85.98360081295115
4.932526968979827,85.98458304134547
4.932535869881788,85.98556513208605
4.932609527085335,85.98654708520179
4.932633817398331,85.98752890072164
4.93290493589091,85.98851057867452
4.933020538530884,85.98949211908932
4.933056458137879,85.99047352199496
4.93313476303959,85.99145478742032
4.933217502825131,85.99243591539431
4.933219837963136,85.9934169059458
4.933258036946456,85.99439775910365
4.933272430741226,85.99439775910365
4.933354073783475,85.99537847489671
4.933356737227917,85.99635905335387
4.9334299338583545,85.99733949450396
4.933438891508244,85.9983197983758
4.933494160021695,85.99929996499826
4.933593359321741,86.0002799944001
4.933671091172218,86.0012598866102
4.9337154216931385,86.00223964165733
4.933866752744584,86.0032192595703
4.933881927774216,86.0032192595703
4.933924333774011,86.0032192595703
4.9339268161936225,86.00419874037789
4.933934194182427,86.00517808410888
4.933985312302346,86.00615729079205
4.9340264902290105,86.00713636045617
4.934178220045655,86.00811529312999
4.9342156055450905,86.00909408884225
4.93467157590045,86.0100727476217
4.934974187192299,86.0110512694971
4.93508469772022,86.0110512694971
4.93518441283099,86.01202965449714
4.935373752643617,86.01202965449714
4.935452071767395,86.01300790265054
4.935620752339531,86.01398601398601
4.93565168993585,86.01496398853227
4.935683558764594,86.015941826318
4.935703693256965,86.01691952737188
4.935916458583614,86.01691952737188
4.936089191761904,86.01789709172259
4.936127090380355,86.0188745193988
4.936173408709444,86.01985181042919
4.936182816406183,86.0208289648424
4.936232961500158,86.0208289648424
4.936422837988467,86.0208289648424
4.936518166902866,86.02180598266705
4.936541868936476,86.0227828639318
4.9366560848626255,86.0227828639318
4.936772025931756,86.02375960866527
4.936789573862915,86.02473621689609
4.9367962511508905,86.02473621689609
4.936832904649154,86.02571268865287
4.936837778853032,86.02668902396424
4.936904707516986,86.02668902396424
4.937012075152697,86.02766522285874
4.937078220333906,86.028641285365
4.937101545040356,86.028641285365
4.937188065159168,86.0296172115116
4.937200305488374,86.03059300132709
4.937313578282188,86.03059300132709
4.937531748306208,86.03156865484006
4.9376729159489345,86.03254417207906
4.937705681853962,86.03351955307262
4.93786502916415,86.03449479784932
4.937890908466893,86.03546990643764
4.938023110981831,86.03644487886616
4.938481719771364,86.03741971516337
4.938509167879485,86.03839441535777
4.938889741902674,86.03936897947787
4.938936218405779,86.04034340755217
4.93894069498094,86.04034340755217
4.938946648984715,86.04131769960915
4.939028809913454,86.0422918556773
4.939039091077223,86.04326587578507
4.939076376750159,86.04423975996093
4.939081769138657,86.04423975996093
4.939362423994321,86.04521350823332
4.939539093475713,86.04618712063072
4.939911430905611,86.04716059718153
4.9401608698849975,86.0481339379142
4.940208334463916,86.04910714285714
4.940287002319388,86.05008021203878
4.940329475566784,86.05105314548751
4.9405060594851316,86.05202594323174
4.940532381569887,86.05299860529986
4.940548184460548,86.05299860529986
4.9405722289188665,86.05397113172025
4.940599018618914,86.05494352252127
4.940654901339051,86.0559157777313
4.940678729028373,86.0568878973787
4.9407026238769305,86.05785988149181
4.940723238963844,86.05883173009899
4.94075068735056,86.05980344322855
4.940832946994552,86.06077502090884
4.940957295244549,86.06174646316816
4.941101978629731,86.06271777003485
4.941142275526727,86.06368894153718
4.94119441917981,86.06465997770346
4.941207580832445,86.06563087856198
4.941450179345164,86.066601644141
4.9415085734574635,86.066601644141
4.941698287382109,86.06757227446883
4.941742110413916,86.06757227446883
4.94182537455586,86.0685427695737
4.941834098910037,86.06951312948388
4.941914962407701,86.0704833542276
4.941934413769013,86.07145344383314
4.94197302037637,86.0724233983287
4.942037079071501,86.0733932177425
4.94251543647045,86.07436290210278
4.942643890849507,86.07533245143773
4.942752436219795,86.07630186577555
4.942790424417117,86.07727114514445
4.94319816124488,86.0782402895726
4.943210608203245,86.07920929908819
4.943266317146918,86.08017817371937
4.9432942743934465,86.08114691349434
4.943521262059426,86.0821155184412
4.943602436492807,86.0821155184412
4.943809600557302,86.0821155184412
4.943839796719192,86.08308398858813
4.943862857353357,86.08405232396326
4.943869252995356,86.08502052459473
4.943955669849216,86.08598859051064
4.943989167739949,86.08695652173914
4.944027621304859,86.08695652173914
4.9444616315266385,86.08695652173914
4.944462996210264,86.0879243183083
4.944612556809302,86.08889198024623
4.944629532658936,86.08889198024623
4.944987203302457,86.08889198024623
4.945163864658067,86.08985950758102
4.9453069095403315,86.09082690034077
4.945411603440578,86.09179415855354
4.945547014116723,86.09276128224741
4.945626026073494,86.09372827145042
4.945631346811333,86.09469512619064
4.945774298005588,86.09566184649611
4.945785626318545,86.09662843239485
4.945918036579214,86.09759488391492
4.946307420343231,86.09856120108431
4.946382067566282,86.09856120108431
4.946393660895383,86.09952738393105
4.946778027011166,86.10049343248315
4.946849271979057,86.10145934676859
4.9469046706013815,86.10242512681538
4.946917508962243,86.10339077265148
4.946931271368866,86.10435628430487
4.946955192103942,86.10532166180353
4.947064717441158,86.10532166180353
4.947096858926202,86.10532166180353
4.947130165801222,86.10532166180353
4.947163605339146,86.10628690517541
4.947212029361843,86.10725201444845
4.9474280259532275,86.10821698965061
4.947844390770725,86.10918183080983
4.948030293316686,86.11014653795402
4.948143759789448,86.11111111111111
4.948195854465856,86.11207555030902
4.948283330693281,86.11303985557561
4.948359680477534,86.11400402693883
4.948400778769671,86.11400402693883
4.948493753430205,86.11496806442655
4.948548390942488,86.11593196806663
4.948561356522006,86.11689573788699
4.948610783107477,86.11785937391546
4.948715510610212,86.1188228761799
4.948787735383676,86.11978624470817
4.949149790635537,86.1207494795281
4.949361213960527,86.12171258066755
4.949614794963888,86.12267554815432
4.9496487621131875,86.12363838201624
4.949691417593707,86.12460108228112
4.949715264435632,86.12556364897675
4.949909303855476,86.12652608213097
4.949912462797275,86.12748838177153
4.949962194993372,86.1284505479262
4.950021096054182,86.12941258062278
4.950087345706942,86.12941258062278
4.9501017666458615,86.13037447988904
4.950214703368436,86.13133624575272
4.950241537483604,86.13229787824157
4.950250760927478,86.13325937738334
4.950307026173549,86.13422074320577
4.9505613470435685,86.13518197573656
4.950595784249922,86.13614307500347
4.9506828709007,86.13710404103418
4.950764593229032,86.1380648738564
4.950852028172538,86.13902557349782
4.95086992679801,86.13998613998614
4.951089263982472,86.14094657334904
4.951329369560926,86.14190687361419
4.951413085361485,86.14190687361419
4.951514776398667,86.14286704080925
4.951682927731859,86.1438270749619
4.951896205156031,86.14478697609975
4.952007345453551,86.14478697609975
4.95205412465128,86.14574674425049
4.952139721002728,86.14574674425049
4.952241412903114,86.14670637944172
4.9522477459766625,86.14766588170106
4.952288112047212,86.14862525105616
4.952340555383502,86.14958448753463
4.952367147048236,86.15054359116404
4.952372073908835,86.15150256197202
4.952516268687084,86.15246139998615
4.952589035055783,86.153420105234
4.952603446870164,86.15437867774315
4.9527058848282,86.15533711754118
4.9528031020906775,86.15629542465564
4.952896781206731,86.15725359911407
4.952928197551785,86.158211640944
4.9530606890707105,86.159169550173
4.953279835300304,86.1601273268286
4.953467729824533,86.16108497093828
4.953695762065365,86.16204248252957
4.953711670062545,86.16204248252957
4.953777601013136,86.16299986163
4.953863047538282,86.16395710826703
4.954220512176768,86.16491422246818
4.954225922436808,86.16587120426091
4.954290876108418,86.1668280536727
4.954313677234407,86.16778477073103
4.954377211925847,86.16778477073103
4.954409070965713,86.16874135546335
4.954572500182042,86.16969780789711
4.954573108499337,86.17065412805974
4.954579017558305,86.17161031597871
4.954606454051421,86.17256637168141
4.954623159864416,86.1735222951953
4.9546704514787825,86.17447808654777
4.954672261228035,86.17447808654777
4.954770071304428,86.17543374576623
4.955009374435817,86.17638927287807
4.9553091759414665,86.1773446679107
4.95539201173727,86.1782999308915
4.955616146886508,86.17925506184784
4.955704716423988,86.18021006080707
4.955766065428708,86.18116492779659
4.955838026173925,86.18211966284372
4.955882123348327,86.18307426597582
4.955909433147383,86.18402873722023
4.955932814616755,86.18402873722023
4.9560465345157665,86.18498307660427
4.9562332329268175,86.18593728415527
4.95626626611805,86.18689135990054
4.95651267716574,86.1878453038674
4.956549733561961,86.18879911608315
4.956633423210634,86.18975279657506
4.9566815831823225,86.19070634537044
4.956841846636651,86.19165976249656
4.957240726049709,86.19261304798067
4.957307271523451,86.19356620185006
4.957378541710575,86.19451922413198
4.957396490677951,86.19451922413198
4.957514355923346,86.19547211485367
4.957644495405835,86.19642487404238
4.95770153083901,86.19737750172533
4.957790965466586,86.19737750172533
4.9578177133868016,86.19832999792975
4.958048205643206,86.19832999792975
4.958102055299689,86.19832999792975
4.958108012026167,86.19832999792975
4.958151689426696,86.19928236268287
4.958378845698679,86.20023459601187
4.95857570307588,86.20118669794398
4.958604003639859,86.20213866850638
4.958761297597504,86.20309050772626
4.958990033153525,86.20404221563082
4.959061569387513,86.20499379224721
4.959263118844303,86.20594523760259
4.959519077014835,86.20689655172413
4.9598744059032205,86.20784773463899
4.959917996021409,86.2087987863743
4.959921490653034,86.2087987863743
4.959950577255646,86.20974970695718
4.959982386481249,86.21070049641479
4.9600903869588375,86.21165115477422
4.9600929792198185,86.21165115477422
4.960132533761726,86.2126016820626
4.960154963592426,86.21355207830702
4.9602645707008115,86.21355207830702
4.960285264803369,86.2145023435346
4.960417363244031,86.21545247777242
4.960467884668448,86.21545247777242
4.96047261124404,86.21545247777242
4.960512700350306,86.21640248104755
4.960555678518786,86.21640248104755
4.9606029763408905,86.21735235338708
4.960640742177915,86.21735235338708
4.960679594590845,86.21830209481807
4.960695547710597,86.21925170536761
4.96073183293113,86.22020118506269
4.960838919179856,86.22115053393041
4.960990051385678,86.22209975199779
4.961045947415163,86.22304883929186
4.9614589352277125,86.22399779583965
4.9615476860575,86.22494662166817
4.961578064581805,86.22589531680441
4.961636320120428,86.2268438812754
4.961661255642044,86.2277923151081
4.9616770654555555,86.22874061832955
4.961755838068538,86.22968879096668
4.961870027296325,86.23063683304647
4.961980082765013,86.2315847445959
4.96202032469351,86.2315847445959
4.962104473458154,86.2315847445959
4.962180992987151,86.2325325256419
4.962632144638548,86.23348017621146
4.962640894466544,86.23442769633147
4.962675492567329,86.23537508602891
4.962811430700648,86.23632234533068
4.963265724123404,86.23632234533068
4.963295792791544,86.23726947426368
4.963336824682108,86.23821647285487
4.963349245177746,86.23821647285487
4.963357202515909,86.23916334113115
4.963391842206128,86.24011007911938
4.96341158875613,86.24105668684645
4.963535769921028,86.24200316433928
4.963538768053626,86.24294951162472
4.96358230494536,86.24389572872963
4.963928643666665,86.24484181568089
4.964099944293994,86.24578777250534
4.964312117367879,86.24673359922981
4.964339431034909,86.24767929588117
4.964428478465844,86.24767929588117
4.964609201280853,86.24862486248624
4.964686948248317,86.24957029907185
4.964726580486395,86.25051560566479
4.964751867647232,86.25146078229187
4.964818930209229,86.25240582897993
4.964871491652967,86.25335074575572
4.964880659927266,86.25429553264605
4.964933484370226,86.25524018967768
4.965012679188551,86.2561847168774
4.965067760959537,86.25712911427198
4.965136287709782,86.25807338188814
4.965261273989613,86.25901751975266
4.96528819151047,86.25901751975266
4.96534608246807,86.25996152789229
4.965353347661691,86.25996152789229
4.965506053261534,86.26090540633372
4.965755335008323,86.26090540633372
4.96583078903576,86.26184915510372
4.965888778641148,86.262792774229
4.965894993478243,86.26373626373626
4.965900065037378,86.26467962365221
4.965938909046964,86.26562285400358
4.966024705046428,86.266565954817
4.966091120488458,86.266565954817
4.966141541895982,86.26750892611919
4.966208617700708,86.26845176793684
4.966234043697631,86.26845176793684
4.966249050268711,86.26939448029658
4.966339378240186,86.26939448029658
4.966412663007976,86.2703370632251
4.966663459795238,86.27127951674905
4.966669602029296,86.27222184089504
4.966726454854333,86.27222184089504
4.966870308232468,86.27316403568977
4.966890108213047,86.27410610115984
4.96693523325018,86.27504803733187
4.9669533539141355,86.27598984423248
4.96732056590439,86.27693152188829
4.967357400591728,86.27787307032591
4.967373859490717,86.2788144895719
4.967565613538803,86.27975577965287
4.967612917922301,86.28069694059542
4.967707600380452,86.28069694059542
4.967743399195672,86.2816379724261
4.967764744297673,86.28257887517147
4.9678046769640885,86.2835196488581
4.967941011574523,86.28446029351255
4.968046508568811,86.28446029351255
4.9682300794677285,86.28540080916135
4.96829533428048,86.28634119583106
4.9683077811257395,86.28728145354818
4.968307957803041,86.28822158233923
4.968435701508005,86.28916158223076
4.968443942031769,86.29010145324925
4.968674123724033,86.2910411954212
4.968683719383328,86.29198080877313
4.968862972606306,86.29198080877313
4.96888989849066,86.2929202933315
4.968991006537016,86.29385964912281
4.969038588346816,86.2947988761735
4.969060853285475,86.29573797451006
4.969127092619479,86.29667694415896
4.969181739861176,86.29761578514662
4.969248212897942,86.2985544974995
4.969268127313736,86.29949308124401
4.9692910321486865,86.3004315364066
4.969441237869625,86.3013698630137
4.969445347253153,86.30230806109171
4.9694890022299605,86.30324613066703
4.9694939752428064,86.30418407176607
4.9695469751431345,86.30512188441523
4.969708983965701,86.30605956864088
4.969731649561941,86.3069971244694
4.969787910268396,86.30793455192716
4.970018822327954,86.30887185104052
4.970169407748103,86.30980902183586
4.970242273665383,86.3107460643395
4.970428054227138,86.31168297857779
4.970710567337126,86.31261976457706
4.970778412842625,86.31355642236365
4.970815491931093,86.31449295196387
4.970957357841045,86.31542935340404
4.97106510672075,86.31636562671045
4.971080594970474,86.31730177190941
4.971479882977323,86.31823778902724
4.971489547134208,86.31917367809015
4.971538106675225,86.31917367809015
4.971721903770322,86.31917367809015
4.971788119166242,86.32010943912448
4.971860137348964,86.3210450721565
4.971917882916934,86.3210450721565
4.9719383689223315,86.32198057721241
4.971988370886012,86.32291595431853
4.972156956641748,86.32385120350109
4.972208613929217,86.32385120350109
4.972224363169014,86.32478632478633
4.972234788596963,86.32572131820046
4.97234270873709,86.32665618376974
4.972480218195839,86.32759092152037
4.972502988583852,86.32852553147858
4.972716799347637,86.32852553147858
4.972795060308633,86.32852553147858
4.972821336333973,86.32946001367054
4.972904507516133,86.33039436812247
4.972987770771893,86.33132859486058
4.973008486975637,86.33226269391102
4.973437909209834,86.33319666529998
4.973607535389569,86.33413050905364
4.973627801832041,86.33413050905364
4.97378762126956,86.33506422519814
4.97379088230697,86.33599781375965
4.973895588195424,86.33693127476431
4.974005029741339,86.33786460823826
4.974018050570881,86.33786460823826
4.974024033413258,86.33879781420765
4.974152051588914,86.33879781420765
4.974152343987472,86.33973089269858
4.97416165485635,86.3406638437372
4.974209176087445,86.34159666734959
4.974266036243271,86.34252936356187
4.974283940367199,86.34346193240013
4.974385547230341,86.34346193240013
4.974457542074179,86.34439437389048
4.9747035033722735,86.34532668805899
4.9748044024235805,86.34532668805899
4.9750182340943905,86.34625887493173
4.975129290379097,86.34719093453478
4.975168330223715,86.34719093453478
4.975328920782133,86.3481228668942
4.975360094365917,86.3481228668942
4.975375088580854,86.34905467203605
4.975682468975948,86.34998634998635
4.975724876752224,86.35091790077118
4.9758692924313594,86.35184932441653
4.975906435011799,86.35278062094848
4.976014171485881,86.35371179039302
4.976065828844013,86.35464283277615
4.9762402122692135,86.35557374812389
4.976303086444526,86.35650453646224
4.97633137365773,86.3574351978172
4.976398225047694,86.35836573221471
4.976492327256163,86.35929613968081
4.976633487449389,86.36022642024143
4.9767883460006574,86.36115657392253
4.976886205172917,86.36208660075009
4.977205709950344,86.36301650075004
4.97731346113661,86.36394627394833
4.977371091356215,86.36487592037088
4.977499980361291,86.36580544004363
4.977556230350021,86.36673483299249
4.977628942897037,86.3676640992434
4.977642318059623,86.36859323882224
4.977663508929946,86.36859323882224
4.977763375562809,86.36952225175493
4.9778317072738645,86.36952225175493
4.977838975040619,86.37045113806732
4.977886368325215,86.37137989778535
4.977950341541248,86.37137989778535
4.978012971100195,86.37230853093486
4.9780256867708665,86.37323703754173
4.978128594148918,86.37416541763183
4.97821467525844,86.37416541763183
4.978223954355715,86.37509367123101
4.978465020969674,86.37602179836512
4.978551700838494,86.37694979906001
4.97860916048946,86.3778776733415
4.978705624136073,86.37880542123544
4.9789283392894275,86.37973304276764
4.978955512650843,86.37973304276764
4.978993576512675,86.3806605379639
4.979171697880957,86.38158790685007
4.979367127174088,86.3825151494519
4.979425815268587,86.38344226579521
4.979487467592253,86.38344226579521
4.979615960943991,86.38436925590578
4.97965858379226,86.3852961198094
4.98004777245296,86.38622285753182
4.98039372471009,86.38714946909883
4.980399575103544,86.38807595453616
4.980701844257831,86.38900231386961
4.980749861475043,86.38992854712487
4.981032064414111,86.39085465432771
4.981056896601274,86.39178063550385
4.981079709705126,86.39178063550385
4.9810798957630675,86.392706490679
4.98109195757354,86.392706490679
4.981278887566863,86.3936322198789
4.981310393643297,86.39455782312925
4.9813206340570115,86.39548330045575
4.9813247887508,86.39640865188409
4.98144616159258,86.39733387743998
4.981589023923158,86.39733387743998
4.9816860356695365,86.39825897714908
4.981902540208876,86.39918395103706
4.981968811308717,86.40010879912961
4.981975585604819,86.40010879912961
4.982199774435752,86.40103352145238
4.982358151728268,86.40103352145238
4.98241607737,86.401958118031
4.982422223689147,86.40288258889115
4.982492230192756,86.40288258889115
4.9828563361990925,86.40380693405847
4.982916922196246,86.40473115355857
4.982919257195046,86.40565524741707
4.983048830554741,86.40657921565962
4.983062436069295,86.4075030583118
4.983174118567589,86.40842677539925
4.983187531591303,86.40935036694754
4.983212467587545,86.41027383298227
4.9832170808462495,86.411197173529
4.98327489735229,86.41212038861336
4.983466528599133,86.41304347826086
4.983620281303712,86.41304347826086
4.983628443293902,86.41304347826086
4.983687427420216,86.41396644249711
4.98370836121149,86.41488928134764
4.983835407889594,86.41581199483801
4.983859471723927,86.41673458299375
4.983879276207129,86.41673458299375
4.983989475966261,86.41765704584041
4.984022325089697,86.41857938340351
4.984290614627243,86.41950159570855
4.984304337224921,86.4204236827811
4.984344298646419,86.4204236827811
4.984361685169944,86.42134564464662
4.9844009061913965,86.42226748133062
4.984462133671648,86.4231891928586
4.984473467204835,86.42411077925604
4.984517579416436,86.42503224054843
4.9846320788886676,86.42595357676123
4.984684729648167,86.42595357676123
4.9847699381471395,86.42687478791991
4.98500974243569,86.42779587404995
4.985057291030769,86.42871683517677
4.985077542299216,86.42963767132582
4.985169114705094,86.43055838252256
4.985424785692615,86.43147896879239
4.985512434665357,86.43239943016077
4.985554659603404,86.4333197666531
4.985559556960817,86.43423997829478
4.985794991561609,86.43516006511123
4.985833121368854,86.43608002712784
4.986017155154199,86.43699986437
4.986072480541836,86.43791957686308
4.98612305625234,86.43791957686308
4.986407537923893,86.43791957686308
4.986931116915828,86.4388391646325
4.987125420606845,86.43975862770358
4.987232531875636,86.4406779661017
4.987282282063123,86.44159717985221
4.987358223691428,86.44251626898047
4.987483402238643,86.44343523351182
4.987683257640793,86.4443540734716
4.987727429365952,86.44527278888512
4.987913385365852,86.44527278888512
4.987998976160584,86.44619137977772
4.9880712985976015,86.4471098461747
4.98838078908438,86.44802818810136
4.988435014970201,86.44894640558304
4.988502627383494,86.44986449864498
4.98854411508894,86.44986449864498
4.988680227291984,86.45078246731252
4.988686170951789,86.45170031161089
4.988749803667066,86.4526180315654
4.988808874204441,86.4535356272013
4.988809417898243,86.45445309854385
4.989164525922609,86.45445309854385
4.989328851799482,86.45537044561831
4.989429540517042,86.45628766844993
4.9895559522064445,86.45720476706393
4.989721905248119,86.45812174148554
4.989809075110834,86.45903859174001
4.989862297289096,86.45995531785255
4.989874054497308,86.45995531785255
4.989923154198435,86.46087191984836
4.98993446857793,86.46178839775266
4.990002987513217,86.46270475159064
4.990071100325763,86.46270475159064
4.990139460039474,86.46362098138748
4.990182593525164,86.46453708716838
4.990290721880776,86.46545306895852
4.9903801169234105,86.46636892678305
4.990385832272224,86.46728466066716
4.990485034738387,86.468200270636
4.990549443766565,86.468200270636
4.990620615165226,86.4691157567147
4.990768058206829,86.47003111892843
4.990771494081889,86.4709463573023
4.990861617366418,86.47186147186147
4.990899036627163,86.47277646263105
4.990911411764181,86.47369132963614
4.991041414819578,86.47369132963614
4.99115564731155,86.47460607290188
4.99117266046253,86.47460607290188
4.991239068792702,86.47552069245334
4.991270230238699,86.47643518831563
4.991338872440019,86.47734956051386
4.991415545165314,86.47734956051386
4.991538117570272,86.47826380907308
4.991550914551538,86.4791779340184
4.991874837960058,86.48009193537483
4.9918974422783196,86.4810058131675
4.9919749102262045,86.48191956742143
4.992320088820107,86.48283319816167
4.992424549901698,86.48374670541325
4.992510061657049,86.48466008920124
4.992583503309512,86.48557334955065
4.9930046858536645,86.48648648648648
4.993198631034197,86.48739950003377
4.993274444485772,86.48831239021753
4.993443231810739,86.48922515706275
4.993519428955875,86.49013780059444
4.993522621037194,86.49105032083756
4.9936777791038045,86.4919627178171
4.993679335525835,86.49287499155804
4.993712410888591,86.49378714208535
4.9937321156681405,86.494699169424
4.993889451471189,86.49561107359892
4.994024497786645,86.49652285463507
4.994131768493894,86.49743451255738
4.994191287695048,86.49834604739081
4.994261472230127,86.49925745916025
4.9942717733853375,86.49925745916025
4.994317741071829,86.49925745916025
4.994377480021092,86.50016874789065
4.994512038633025,86.50107991360692
4.994691055118151,86.50107991360692
4.994839713128793,86.50199095633394
4.994876520508896,86.50290187609664
4.994883831081196,86.5038126729199
4.995265055992177,86.5047233468286
4.995284316912346,86.50563389784764
4.995379519533325,86.50654432600189
4.995419029653899,86.5074546313162
4.995536716311198,86.50836481381543
4.995669376932674,86.50927487352446
4.995760645958677,86.51018481046809
4.9957724291410575,86.5110946246712
4.995812643311907,86.51200431615862
4.9959579804161045,86.51291388495515
4.996190121881663,86.51382333108563
4.9962329407646555,86.51473265457487
4.996247410349439,86.51564185544768
4.996427907255441,86.51655093372885
4.996442901701196,86.51745988944317
4.996454197244932,86.51836872261543
4.99657292997162,86.51927743327043
4.996617538648486,86.52018602143289
4.996711740850967,86.52109448712764
4.996713237390067,86.5220028303794
4.996728405350436,86.52291105121293
4.996786351599026,86.523819149653
4.997216935593083,86.5247271257243
4.99744641450466,86.5256349794516
4.9975536026955325,86.52654271085962
4.997645656120727,86.52745031997306
4.997671838575659,86.52835780681664
4.997794076361447,86.5292651714151
4.99782632556018,86.53017241379311
4.997845219315804,86.53107953397536
4.998004097951411,86.53198653198653
4.998152000745688,86.53289340785132
4.998155452829685,86.53289340785132
4.998159317488482,86.5338001615944
4.998203604344276,86.5338001615944
4.998223178287903,86.53470679324042
4.998351088518011,86.53561330281406
4.998375877512923,86.53651969033996
4.998399159797087,86.53742595584276
4.998863093898689,86.5383320993471
4.999017630781926,86.53923812087764
4.999060872637964,86.54014402045898
4.99906536460559,86.54104979811575
4.9990731613388,86.54195545387256
4.999301570179358,86.542860987754
4.999398510632567,86.5437663997847
4.999482382703671,86.54467168998924
4.999589536886831,86.5455768583922
4.999729165106705,86.54648190501815
4.999823772141923,86.5473868298917
4.999888179382968,86.5482916330374
4.999960095764856,86.5482916330374
5.000023866501963,86.54919631447979
