time,conversion
0.005056457255505415,0.0
0.027703692137015904,0.0
0.04420719772872751,0.0
0.06200734114124193,0.0
0.06573849702015264,0.0
0.06849615211825881,0.0
0.09028063732961834,0.0
0.140597358713915,0.0
0.1413936441812923,0.0
0.14311859444149727,0.0
0.15810918055605028,0.0
0.17203779699013297,0.0
0.1884069217788135,0.0
0.20148732590701415,0.0
0.2099155735565784,0.0
0.27300113224974554,0.0
0.27495348034797307,0.0
0.2771950158021805,0.0
0.28593604635959813,0.0
0.29383704635883384,0.0
0.3013764161179712,0.0
0.3070166709519135,0.0
0.31003298309751237,0.0
0.3617724567073383,0.0
0.3736225123649562,0.0
0.3850009852551117,0.0
0.3872116408464783,0.0
0.40651153843909654,0.0
0.4230650799436963,0.0
0.43112705919485983,0.0
0.4353228627425567,0.0
0.4388061052674349,0.0
0.4519513934956099,0.0
0.4622068847217648,0.0
0.47333893911662384,0.0
0.4768265807834919,0.0
0.48372226836578314,0.0
0.49887636137069485,0.0
0.5121913050402898,0.0
0.5416821685496978,0.0
0.5424369241885744,0.0
0.5574632739605994,0.0
0.5642011220432458,0.0
0.5732594073719534,0.0
0.5769053804156935,0.0
0.5775844619738911,0.0
0.5784688133375121,0.0
0.5807477989968892,0.0
0.5925743889063168,0.0
0.598981558920797,0.0
0.6053632651347778,0.0
0.6056857857781093,0.0
0.6106579614083455,0.0
0.6213509682444505,0.0
0.6287031064368112,0.0
0.6299140143976116,0.0
0.6514961736744904,0.0
0.6534737988286282,0.0
0.6595064064731478,0.0
0.6607301912162082,0.04997501249375312
0.6666496757314693,0.04997501249375312
0.6689843401953387,0.04997501249375312
0.6715890197578791,0.04997501249375312
0.698570693050594,0.04997501249375312
0.7043271226909344,0.04997501249375312
0.7125055681009118,0.04997501249375312
0.7127176549573637,0.04997501249375312
0.7138551802855242,0.04997501249375312
0.7154527968768711,0.04997501249375312
0.7420950681333736,0.04997501249375312
0.7461204382681296,0.04997501249375312
0.7530250742362654,0.04997501249375312
0.7582788652358632,0.04997501249375312
0.7598498397280894,0.04997501249375312
0.7627281767927139,0.04997501249375312
0.768436083038219,0.04997501249375312
0.7704893443551285,0.04997501249375312
0.7708970568787735,0.04997501249375312
0.7898884492691617,0.0999000999000999
0.8043558606714899,0.0999000999000999
0.809314559557055,0.0999000999000999
0.8253481835890728,0.0999000999000999
0.8262373647456733,0.0999000999000999
0.8269673878277314,0.0999000999000999
0.8325645373885575,0.0999000999000999
0.8393467061717135,0.0999000999000999
0.8435303560285407,0.0999000999000999
0.8476372310732875,0.0999000999000999
0.8498249609339191,0.0999000999000999
0.8561683929292138,0.0999000999000999
0.856318642855348,0.0999000999000999
0.8600859158374919,0.0999000999000999
0.8625445549715044,0.14977533699450823
0.9083089344720264,0.14977533699450823
0.9108713974878804,0.14977533699450823
0.9131149944709133,0.14977533699450823
0.9135178291364806,0.14977533699450823
0.9216022692590374,0.19960079840319359
0.937613487621506,0.19960079840319359
0.9474892272212401,0.19960079840319359
0.9524706780658945,0.19960079840319359
0.9705380238092753,0.19960079840319359
0.9709567116733765,0.19960079840319359
0.976869264039543,0.19960079840319359
0.9912049162923721,0.19960079840319359
0.9928714703410363,0.19960079840319359
1.0030404794357186,0.19960079840319359
1.0070464009328848,0.19960079840319359
1.0086826515935297,0.19960079840319359
1.011227698033553,0.19960079840319359
1.0178203436164328,0.19960079840319359
1.0290532665420717,0.19960079840319359
1.0293356872760255,0.19960079840319359
1.0308116410751988,0.19960079840319359
1.0368799553955061,0.19960079840319359
1.0384596647911777,0.24937655860349126
1.039879668987197,0.24937655860349126
1.0438449262568341,0.24937655860349126
1.0441595469241232,0.24937655860349126
1.0495454817996386,0.24937655860349126
1.052351250102743,0.24937655860349126
1.0661219063420935,0.24937655860349126
1.066843084252499,0.24937655860349126
1.0690178245083535,0.24937655860349126
1.0710304532408519,0.24937655860349126
1.0715996126946596,0.24937655860349126
1.071706556474638,0.24937655860349126
1.0726309051861658,0.24937655860349126
1.0735431237618402,0.24937655860349126
1.0749729400044836,0.24937655860349126
1.0778707970524977,0.29910269192422734
1.078883655642447,0.29910269192422734
1.082636546735943,0.29910269192422734
1.0871049277065281,0.29910269192422734
1.089100469685766,0.29910269192422734
1.0932237274880903,0.29910269192422734
1.0949078409912485,0.29910269192422734
1.0985391377079594,0.29910269192422734
1.1017363338773385,0.29910269192422734
1.1043220878638285,0.3487792725460887
1.1044277109678662,0.3487792725460887
1.1074738631354961,0.3487792725460887
1.1075716167236251,0.3487792725460887
1.1088020491457686,0.3487792725460887
1.1089307166274631,0.3487792725460887
1.1090846121192077,0.3487792725460887
1.1199847553453086,0.3487792725460887
1.1204748813978853,0.398406374501992
1.125646173929518,0.398406374501992
1.1333968018432008,0.44798407167745147
1.1392834768326863,0.4975124378109453
1.141795202197771,0.4975124378109453
1.1498630810666353,0.4975124378109453
1.152221157509242,0.4975124378109453
1.1571257290456252,0.4975124378109453
1.1590802536826303,0.5469915464942815
1.163561171094065,0.5469915464942815
1.1739706182125271,0.5469915464942815
1.1750897315250874,0.5469915464942815
1.1867053129808127,0.5469915464942815
1.1931842403298778,0.5469915464942815
1.1958057190440714,0.5469915464942815
1.1986007261468552,0.5469915464942815
1.2001935082598498,0.5469915464942815
1.2049873632458408,0.5469915464942815
1.206123473579219,0.5469915464942815
1.2098849804002278,0.5469915464942815
1.2107182488268384,0.5964214711729622
1.2108739882834838,0.5964214711729622
1.2185433139655661,0.5964214711729622
1.2202344703931447,0.5964214711729622
1.238844888304979,0.6458022851465475
1.2457324543189954,0.6458022851465475
1.247689631645464,0.6458022851465475
1.2577962397430738,0.6458022851465475
1.2620203883050907,0.6458022851465475
1.2651272189370995,0.6458022851465475
1.2664404806183178,0.6951340615690168
1.2667414788398532,0.6951340615690168
1.274036993791308,0.6951340615690168
1.2878175828906095,0.6951340615690168
1.289865422748025,0.6951340615690168
1.290158925142122,0.6951340615690168
1.2972430101528385,0.6951340615690168
1.3010200752512149,0.6951340615690168
1.3033622189896068,0.6951340615690168
1.3159554579107455,0.6951340615690168
1.3283580618887472,0.6951340615690168
1.3443413355701106,0.6951340615690168
1.3597108979406032,0.6951340615690168
1.3616583900106431,0.6951340615690168
1.3642419229101739,0.6951340615690168
1.3710321644289323,0.6951340615690168
1.3763497711195716,0.6951340615690168
1.3774590016556016,0.6951340615690168
1.385471762637721,0.6951340615690168
1.387951858780192,0.6951340615690168
1.3905548530275378,0.6951340615690168
1.3946794788789934,0.6951340615690168
1.4042944337848628,0.6951340615690168
1.4079868347731375,0.6951340615690168
1.4158977629377596,0.7444168734491315
1.420152634691641,0.7444168734491315
1.4270814077597942,0.7444168734491315
1.4379370653821644,0.7444168734491315
1.4383053086339082,0.7444168734491315
1.4413624431515406,0.7936507936507936
1.4467021359342118,0.7936507936507936
1.4481121333751596,0.7936507936507936
1.4537413482544144,0.7936507936507936
1.454784305994722,0.7936507936507936
1.4717232049810867,0.7936507936507936
1.4740159727388131,0.7936507936507936
1.4776543299381883,0.7936507936507936
1.478049252895162,0.7936507936507936
1.4835341630372967,0.7936507936507936
1.485084698498169,0.7936507936507936
1.488832610375747,0.7936507936507936
1.4894684013052584,0.7936507936507936
1.4994653277122312,0.7936507936507936
1.5005247715551306,0.7936507936507936
1.5051049188697956,0.7936507936507936
1.508676315858854,0.7936507936507936
1.52954480110239,0.7936507936507936
1.531261753423383,0.7936507936507936
1.533212662282519,0.7936507936507936
1.5449570174404617,0.7936507936507936
1.5464325267550831,0.7936507936507936
1.551713823546878,0.7936507936507936
1.5518176927623144,0.842835894893406
1.5542800388231865,0.842835894893406
1.5605248305687713,0.842835894893406
1.5631582108488815,0.842835894893406
1.5633347696119548,0.842835894893406
1.564473055836625,0.842835894893406
1.5671243949218034,0.842835894893406
1.5687845071272817,0.842835894893406
1.574076389215488,0.8919722497522299
1.5828762882867655,0.8919722497522299
1.5853460613384764,0.8919722497522299
1.5911796913906313,0.8919722497522299
1.5941026978761381,0.8919722497522299
1.594584081922527,0.8919722497522299
1.6003788804322034,0.8919722497522299
1.6005449203258588,0.8919722497522299
1.6100064629507165,0.8919722497522299
1.6119579879219224,0.8919722497522299
1.6124650178360111,0.8919722497522299
1.612529041603324,0.8919722497522299
1.6130869174983702,0.8919722497522299
1.6194851354851343,0.8919722497522299
1.622150617509403,0.8919722497522299
1.6226443268329767,0.8919722497522299
1.6229561763504368,0.8919722497522299
1.6247065291618583,0.8919722497522299
1.634674245395849,0.8919722497522299
1.636756809045226,0.8919722497522299
1.636968404583969,0.8919722497522299
1.6385264506339907,0.8919722497522299
1.6405844983322335,0.8919722497522299
1.6429294996331767,0.8919722497522299
1.6484155150274036,0.8919722497522299
1.6498629518091317,0.9410599306587419
1.651773767987082,0.9900990099009901
1.6568802365954258,1.0390895596239487
1.6569060011899603,1.0390895596239487
1.6569505267926194,1.0390895596239487
1.6578525176093912,1.0880316518298714
1.6630821622976772,1.0880316518298714
1.6638146928416275,1.0880316518298714
1.664339121989295,1.0880316518298714
1.6644004071923653,1.0880316518298714
1.6707746046262328,1.0880316518298714
1.6828862119999533,1.0880316518298714
1.683320459078541,1.0880316518298714
1.6908581568173817,1.0880316518298714
1.694078310259796,1.1369253583786456
1.6953305776380445,1.1369253583786456
1.7037078962093655,1.185770750988142
1.7051678026223165,1.185770750988142
1.7083198451001822,1.2345679012345678
1.7152726715361464,1.2345679012345678
1.7245536359400906,1.2833168805528135
1.7403536145015737,1.332017760236803
1.7426448697541903,1.332017760236803
1.7445184663851905,1.332017760236803
1.74652204045412,1.3806706114398422
1.7570062822848913,1.3806706114398422
1.758695024359386,1.3806706114398422
1.7604194210797814,1.3806706114398422
1.7637674021298282,1.3806706114398422
1.763883771843343,1.3806706114398422
1.76882575184904,1.3806706114398422
1.7716167361560642,1.3806706114398422
1.77687598661777,1.429275505174963
1.776950063093293,1.477832512315271
1.7808989929583603,1.477832512315271
1.781789456595927,1.5263417035942886
1.7829202078659088,1.5263417035942886
1.7843010033936184,1.574803149606299
1.7898989366984595,1.574803149606299
1.7999233673036013,1.574803149606299
1.8073975755681855,1.574803149606299
1.8098003998153513,1.6232169208066896
1.8107453760822187,1.6232169208066896
1.8108191245982077,1.671583087512291
1.811401015997601,1.671583087512291
1.813185816446612,1.671583087512291
1.8192001603810328,1.671583087512291
1.8217008206868583,1.671583087512291
1.8280529146082627,1.671583087512291
1.8281619173929355,1.671583087512291
1.8294668629363298,1.671583087512291
1.8302960349476298,1.671583087512291
1.8424321949242184,1.671583087512291
1.8424536289855424,1.671583087512291
1.8448802636851187,1.71990171990172
1.8467937123243858,1.71990171990172
1.848533955254526,1.71990171990172
1.8496845198505372,1.71990171990172
1.850688585321937,1.71990171990172
1.851379383908238,1.71990171990172
1.8564820997857776,1.71990171990172
1.8588893645660267,1.71990171990172
1.8612170228067915,1.768172888015717
1.8716613295350628,1.768172888015717
1.8791958239359168,1.8163966617574867
1.8820172019292682,1.8163966617574867
1.8821336935347048,1.8163966617574867
1.8876104483575011,1.8163966617574867
1.8884455032601986,1.8163966617574867
1.8921437341542893,1.8163966617574867
1.893620458256488,1.8163966617574867
1.8968655559946122,1.8645731108930326
1.8984249298189473,1.8645731108930326
1.9007672750697264,1.8645731108930326
1.9028377910487915,1.9127023050514957
1.9065799241727115,1.9127023050514957
1.9086006606214636,1.9127023050514957
1.9087128167905207,1.9127023050514957
1.9109863834639023,1.9127023050514957
1.9132475485256217,1.9127023050514957
1.914128321774215,1.9127023050514957
1.9194862883123949,1.9127023050514957
1.9209026894990064,1.9127023050514957
1.925344859012015,1.9607843137254901
1.9262499332459948,2.0088192062714354
1.9298704918436083,2.0088192062714354
1.929914539346041,2.0088192062714354
1.9310798242655391,2.0088192062714354
1.9353601125916617,2.0088192062714354
1.9443463844908433,2.056807051909892
1.9461708833228235,2.056807051909892
1.9478694536048882,2.056807051909892
1.952486186723458,2.1047479197258934
1.9541176334284518,2.152641878669276
1.9542641621572243,2.2004889975550124
1.9581620111786784,2.2004889975550124
1.968012211694133,2.2004889975550124
1.968443768044618,2.2004889975550124
1.9725985287626306,2.2004889975550124
1.9758902968095235,2.248289345063539
1.979585794225314,2.248289345063539
1.9798063866403874,2.248289345063539
1.9816912111669904,2.248289345063539
1.9820745306709808,2.248289345063539
1.985928078193639,2.248289345063539
1.9867764164469432,2.248289345063539
1.9875451266869355,2.248289345063539
1.9901818664953794,2.248289345063539
1.9948103457621666,2.248289345063539
1.9964301145916987,2.2960429897410846
1.9976950586016635,2.2960429897410846
1.9992781373342323,2.2960429897410846
2.0001957203897973,2.2960429897410846
2.008968619914192,2.2960429897410846
2.0105965840436144,2.2960429897410846
2.0119357972015903,2.2960429897410846
2.0183155209246517,2.2960429897410846
2.0220896926339953,2.2960429897410846
2.024534589712872,2.34375
2.0249326558199123,2.34375
2.026787578129794,2.34375
2.0387199203267032,2.34375
2.0401462481680914,2.3914104441190824
2.0425216448680334,2.3914104441190824
2.0475676836105343,2.3914104441190824
2.052097341134009,2.3914104441190824
2.0539460335025526,2.4390243902439024
2.0572398969110326,2.4390243902439024
2.0580449982329676,2.4390243902439024
2.0603406919933445,2.4865919063871282
2.0624321724173402,2.4865919063871282
2.064940791256379,2.4865919063871282
2.0679704174439735,2.4865919063871282
2.068106192004643,2.4865919063871282
2.07515831191742,2.53411306042885
2.0762656415382237,2.53411306042885
2.0800220013573663,2.53411306042885
2.082556905186341,2.53411306042885
2.0829586493125856,2.53411306042885
2.083712376891521,2.53411306042885
2.0882389593651034,2.53411306042885
2.090632059003273,2.53411306042885
2.09613801659728,2.53411306042885
2.0988786977823657,2.53411306042885
2.100274734471945,2.53411306042885
2.1030295498358296,2.53411306042885
2.108135426579539,2.53411306042885
2.1088014195803297,2.53411306042885
2.109023278297683,2.53411306042885
2.114269922965151,2.581587920116902
2.1187993848375535,2.581587920116902
2.124575685236011,2.581587920116902
2.1286069158038625,2.581587920116902
2.135465546244502,2.581587920116902
2.1405172570902526,2.581587920116902
2.145987555524945,2.6290165530671863
2.1563152439910915,2.6290165530671863
2.168927505003367,2.6290165530671863
2.172143581877518,2.6290165530671863
2.1723503760490495,2.67639902676399
2.174051174294042,2.67639902676399
2.1745121140461054,2.67639902676399
2.1749245411727487,2.67639902676399
2.175835375450332,2.67639902676399
2.1819165207660505,2.67639902676399
2.1824416067408485,2.7237354085603114
2.1832662029326033,2.7237354085603114
2.184952161947819,2.7237354085603114
2.185913760131998,2.7237354085603114
2.1863954843842968,2.7237354085603114
2.1883001431636537,2.7710257656781723
2.191904221014216,2.818270165208941
2.1947688195845294,2.818270165208941
2.1998602948196453,2.818270165208941
2.20521725481282,2.818270165208941
2.2113902012776316,2.818270165208941
2.2149791142974813,2.818270165208941
2.220259011724532,2.818270165208941
2.2205277823229084,2.818270165208941
2.226255158053012,2.8654686741136475
2.229966164432073,2.8654686741136475
2.2402351280566997,2.8654686741136475
2.2477943441056083,2.8654686741136475
2.256554113741269,2.8654686741136475
2.2607671262794233,2.8654686741136475
2.2625506039840184,2.8654686741136475
2.263652793469952,2.8654686741136475
2.265380990449151,2.8654686741136475
2.266331464968755,2.912621359223301
2.266337806092129,2.959728287239204
2.2677008046304423,2.959728287239204
2.271179983834398,2.959728287239204
2.2714631608693128,2.959728287239204
2.2721377627958588,3.0067895247332688
2.273875908552171,3.0067895247332688
2.278294670130818,3.0067895247332688
2.2788924816064178,3.0067895247332688
2.2802287771614376,3.0067895247332688
2.2807720389420503,3.0067895247332688
2.2809846326227365,3.0067895247332688
2.2820629270137895,3.0538051381483275
2.2844127130004646,3.0538051381483275
2.284771767262305,3.0538051381483275
2.2876024965849675,3.0538051381483275
2.298482048382376,3.10077519379845
2.298564389475828,3.10077519379845
2.2989171465563683,3.14769975786925
2.3080907646380804,3.14769975786925
2.3085159358015623,3.14769975786925
2.3121419684943616,3.14769975786925
2.315125260436462,3.14769975786925
2.3178037819588355,3.14769975786925
2.318307249210296,3.14769975786925
2.3201080747116753,3.14769975786925
2.325633146683754,3.14769975786925
2.3295655191264695,3.14769975786925
2.330099438616147,3.1945788964181996
2.333094064404557,3.1945788964181996
2.3364714256736736,3.24141267537494
2.336851433403158,3.24141267537494
2.3372572663618354,3.24141267537494
2.339570330744178,3.24141267537494
2.3431315741901497,3.24141267537494
2.348467240445296,3.24141267537494
2.352019042844579,3.24141267537494
2.3521856636202054,3.24141267537494
2.3533698278603863,3.2882011605415857
2.3541333200516257,3.2882011605415857
2.35880525789154,3.2882011605415857
2.3627236419227198,3.2882011605415857
2.3644812439718623,3.2882011605415857
2.382609733188615,3.2882011605415857
2.3835869738002646,3.2882011605415857
2.3867810520961728,3.3349444175930403
2.3881290576099032,3.3349444175930403
2.3905614850258243,3.3349444175930403
2.394987099729254,3.3349444175930403
2.3977211512059,3.3816425120772946
2.399398330478898,3.3816425120772946
2.3999755400453595,3.3816425120772946
2.4005410753489977,3.3816425120772946
2.4018471486719744,3.4282955094157415
2.4025585362064907,3.4282955094157415
2.4080650109466095,3.4282955094157415
2.40891637599008,3.4282955094157415
2.4162783177382736,3.4282955094157415
2.416375468273999,3.4282955094157415
2.4165706405923606,3.4282955094157415
2.4174793657925657,3.474903474903475
2.41826492666103,3.474903474903475
2.418706752119187,3.5214664737095993
2.4204912316278886,3.5214664737095993
2.42058082381849,3.5214664737095993
2.420827484725923,3.5214664737095993
2.4222970670919843,3.5214664737095993
2.4225282364666616,3.5214664737095993
2.4237134041951407,3.567984570877531
2.428032302062959,3.567984570877531
2.4303626110506515,3.567984570877531
2.433323107309633,3.567984570877531
2.4460209373203647,3.567984570877531
2.446887013165812,3.567984570877531
2.4477094423571644,3.567984570877531
2.452072639098683,3.614457831325301
2.4568594264662087,3.614457831325301
2.4572197572243795,3.614457831325301
2.4611654948013326,3.6608863198458574
2.4619684041125844,3.6608863198458574
2.463822276641368,3.7072701011073663
2.4691510351755537,3.7072701011073663
2.4701752490137143,3.7072701011073663
2.4726880466447803,3.7072701011073663
2.473070430048429,3.7072701011073663
2.4755416747494428,3.753609239653513
2.476057047724475,3.753609239653513
2.477477130036083,3.7999037999037997
2.480332033138755,3.7999037999037997
2.4811063700564433,3.7999037999037997
2.4832430993530603,3.7999037999037997
2.483757131047241,3.8461538461538463
2.484306239179248,3.8461538461538463
2.4849003724548284,3.8461538461538463
2.488000527216625,3.8461538461538463
2.4881908307170573,3.8923594425756844
2.4914923388532797,3.9385206532180597
2.493215254080846,3.9385206532180597
2.494772041188024,3.9385206532180597
2.4956836960606137,3.9846375420067215
2.497649517812327,3.9846375420067215
2.508991762240791,3.9846375420067215
2.5126548424941917,3.9846375420067215
2.5160012879357465,3.9846375420067215
2.516028937166539,3.9846375420067215
2.51882250998184,3.9846375420067215
2.5200267028412617,4.030710172744722
2.5212433487153523,4.030710172744722
2.5238017032316207,4.030710172744722
2.5238983492168465,4.07673860911271
2.5240713315342407,4.1227229146692235
2.524928982958784,4.1227229146692235
2.524954623680544,4.168663152850982
2.5261030983162214,4.21455938697318
2.528636406546129,4.21455938697318
2.5312223402141667,4.21455938697318
2.5316673633718714,4.260411680229775
2.533498711920311,4.260411680229775
2.5365252547187684,4.30622009569378
2.541541093815745,4.30622009569378
2.5449782796615863,4.30622009569378
2.5497887201321805,4.30622009569378
2.5499093707172644,4.351984696317551
2.5505218437734354,4.397705544933078
2.552116783917456,4.397705544933078
2.5542735249279374,4.397705544933078
2.5562522630994042,4.4433827042522696
2.561514765274366,4.4433827042522696
2.5626614319109104,4.4433827042522696
2.5627978448202793,4.4433827042522696
2.5641680062791243,4.48901623686724
2.5686821995453277,4.48901623686724
2.5719454529446995,4.48901623686724
2.575366858179681,4.48901623686724
2.577584689430713,4.48901623686724
2.5786804359100826,4.48901623686724
2.579090896136751,4.48901623686724
2.579862127151037,4.534606205250596
2.5820152387943307,4.534606205250596
2.582666492512005,4.580152671755725
2.5828152987554662,4.580152671755725
2.583371943233487,4.580152671755725
2.5858165723159434,4.580152671755725
2.589629064142049,4.625655698617072
2.5929321458112478,4.625655698617072
2.5954113893199557,4.625655698617072
2.596314700439022,4.625655698617072
2.5986144049886635,4.625655698617072
2.6004588767266705,4.625655698617072
2.6035977975910094,4.671115347950429
2.6051651566505725,4.671115347950429
2.607752907453262,4.671115347950429
2.6157979244259524,4.671115347950429
2.6194856267868283,4.7165316817532155
2.6197816923225474,4.7165316817532155
2.6207385186341474,4.7165316817532155
2.623487029019675,4.761904761904762
2.6288278840308648,4.761904761904762
2.629025202678569,4.8072346501665875
2.6296383167772084,4.8072346501665875
2.630751216986023,4.8072346501665875
2.635743286844474,4.8525214081826835
2.636077835509271,4.8525214081826835
2.636132782793404,4.8525214081826835
2.636980484635741,4.8525214081826835
2.642002462156258,4.8525214081826835
2.6452939277025043,4.897765097479791
2.645350517971231,4.897765097479791
2.651402692784087,4.897765097479791
2.6555999318871977,4.897765097479791
2.6569101089908496,4.897765097479791
2.6589213149123694,4.897765097479791
2.661174713319142,4.897765097479791
2.661403163518851,4.897765097479791
2.6619662721478936,4.897765097479791
2.662963278299234,4.897765097479791
2.6661477202898856,4.897765097479791
2.668380070726601,4.897765097479791
2.6689010689964614,4.942965779467681
2.6702749059818562,4.942965779467681
2.6733230205141916,4.98812351543943
2.673470719431523,4.98812351543943
2.6767002262583888,4.98812351543943
2.677890362909737,5.0332383665717
2.678232594138076,5.078310393925012
2.6804703875528055,5.1233396584440225
2.681315154277109,5.1233396584440225
2.68200925189115,5.1233396584440225
2.684760549291735,5.1233396584440225
2.685394978485845,5.1683262209578
2.6863305037286094,5.1683262209578
2.6885812557452957,5.1683262209578
2.6891850824345953,5.1683262209578
2.6924264741146846,5.1683262209578
2.6926148738179942,5.1683262209578
2.6948043688570844,5.213270142180095
2.698712320465042,5.213270142180095
2.700947317480559,5.213270142180095
2.70224541159926,5.213270142180095
2.7051954758656276,5.213270142180095
2.705237795150732,5.258171482709616
2.708156199271103,5.258171482709616
2.7107556072263708,5.258171482709616
2.7114347456340697,5.258171482709616
2.711993560859909,5.258171482709616
2.712434286272813,5.303030303030303
2.7166754150624643,5.303030303030303
2.7245170980315625,5.303030303030303
2.724618158854831,5.347846663511595
2.7274912263696236,5.347846663511595
2.7276429130429194,5.347846663511595
2.7290151017227133,5.347846663511595
2.731011337877481,5.347846663511595
2.7326346130155934,5.392620624408704
2.7341656695328775,5.4373522458628845
2.7377018625008254,5.482041587901701
2.738860590751827,5.482041587901701
2.744615506066374,5.482041587901701
2.7457680307786716,5.482041587901701
2.7472003009915595,5.526688710439301
2.7509741479062626,5.571293673276676
2.754247142813647,5.615856536101934
2.7569824438562476,5.660377358490567
2.759118438403786,5.704856199905705
2.7622588994136232,5.704856199905705
2.7636397517226614,5.704856199905705
2.765448348986805,5.704856199905705
2.76664870026326,5.704856199905705
2.7676432107671967,5.704856199905705
2.7695548058710484,5.704856199905705
2.7732351473389585,5.749293119698398
2.7737485559041795,5.7936881771078665
2.775987152398437,5.7936881771078665
2.776005307991355,5.7936881771078665
2.7764813288102137,5.7936881771078665
2.7767004357779212,5.83804143126177
2.776860545203083,5.83804143126177
2.778901235176635,5.83804143126177
2.7815178561727136,5.83804143126177
2.782272690216723,5.88235294117647
2.785273192234248,5.88235294117647
2.7868315281435,5.9266227657572905
2.790432544280544,5.970850963798777
2.7945585445490764,6.015037593984962
2.7949657165323494,6.015037593984962
2.7976274727183665,6.015037593984962
2.7990732625454444,6.015037593984962
2.800413670856654,6.059182714889619
2.8026473941092283,6.103286384976526
2.807412049493122,6.103286384976526
2.8082639922075114,6.147348662599718
2.8091867191099604,6.191369606003752
2.81319861011884,6.235349273323957
2.8269745980544174,6.235349273323957
2.8273014532564855,6.279287722586692
2.8287087127001747,6.323185011709602
2.8313445610343635,6.367041198501873
2.831820496361066,6.410856340664482
2.832920570483702,6.410856340664482
2.835256583468553,6.454630495790459
2.835708022393264,6.454630495790459
2.8366482557670447,6.454630495790459
2.8375282728531137,6.454630495790459
2.8388672429167956,6.4983637213651235
2.841282262230461,6.4983637213651235
2.8450133875058143,6.4983637213651235
2.845412991155041,6.5420560747663545
2.846788883579387,6.585707613264829
2.848808052139235,6.585707613264829
2.8494948983829973,6.585707613264829
2.8504712517661126,6.629318394024277
2.8508421191802022,6.629318394024277
2.8513350914685045,6.629318394024277
2.852843967976907,6.629318394024277
2.853591615613441,6.629318394024277
2.8541046112157007,6.629318394024277
2.8556669605720133,6.672888474101726
2.8572229617815377,6.672888474101726
2.8597589458934998,6.7164179104477615
2.8649014336459837,6.7164179104477615
2.867619381247107,6.7164179104477615
2.871024680923827,6.7164179104477615
2.8715196987227496,6.75990675990676
2.873500902498995,6.803355079217148
2.875569374655402,6.803355079217148
2.879428710552346,6.803355079217148
2.8814552726845886,6.803355079217148
2.8826685458716246,6.803355079217148
2.8842379232687816,6.803355079217148
2.884242438483859,6.803355079217148
2.8856865750365235,6.846762925011644
2.888804392119885,6.890130353817504
2.8888692423737115,6.890130353817504
2.893785047242054,6.890130353817504
2.894538084653742,6.890130353817504
2.8964649432485974,6.93345742205677
2.8974872712594855,6.93345742205677
2.898355641778399,6.976744186046512
2.899042996046985,6.976744186046512
2.900597895933337,6.976744186046512
2.9017762413066293,7.0199907019990695
2.9028028866651225,7.0199907019990695
2.9055523696274497,7.063197026022305
2.906169384805345,7.063197026022305
2.9092441493846617,7.063197026022305
2.909623549290773,7.106363214119833
2.9098576573893293,7.149489322191272
2.910947820487489,7.192575406032482
2.9146991312091965,7.192575406032482
2.9189860351238246,7.192575406032482
2.921641385928023,7.192575406032482
2.922182383553621,7.235621521335807
2.9226251948791617,7.2786277236903105
2.9236956708316986,7.2786277236903105
2.927028789071757,7.2786277236903105
2.9281047928417223,7.2786277236903105
2.930747417205938,7.2786277236903105
2.9311507693967096,7.2786277236903105
2.9375315548723755,7.2786277236903105
2.938040485970192,7.2786277236903105
2.9386161843467864,7.2786277236903105
2.939451877619312,7.2786277236903105
2.9401030018884216,7.32159406858202
2.940603084999446,7.32159406858202
2.940616077211255,7.3645206113941635
2.9444243284962157,7.3645206113941635
2.945327270172375,7.3645206113941635
2.946276367233578,7.4074074074074066
2.9490222926266587,7.450254511800093
2.9504739520373784,7.450254511800093
2.9513031417610702,7.493061979648474
2.9536793258336265,7.493061979648474
2.9548521571194417,7.493061979648474
2.9548803317550734,7.493061979648474
2.9598810840585337,7.535829865926953
2.964762894953527,7.578558225508318
2.965890831455387,7.578558225508318
2.969324110264092,7.621247113163972
2.9746722707509186,7.621247113163972
2.9746809434786625,7.621247113163972
2.9747272713517856,7.663896583564174
2.9773871945935517,7.706506691278264
2.977436422865789,7.7490774907749085
2.980086268401879,7.791609036422314
2.980200967779568,7.834101382488479
2.9834937607609486,7.834101382488479
2.983970178847306,7.834101382488479
2.9840920161139395,7.834101382488479
2.98451940775749,7.834101382488479
2.985343726759495,7.834101382488479
2.9865528395482435,7.834101382488479
2.9884101705734634,7.876554583141409
2.994782181438408,7.876554583141409
2.9958294239241137,7.918968692449356
2.9958689831746868,7.918968692449356
2.9970544848102723,7.9613437643810405
2.9971332157393777,7.9613437643810405
2.997181245727843,7.9613437643810405
2.9979327096369595,8.003679852805888
3.0009946003872985,8.003679852805888
3.0020451111843247,8.003679852805888
3.002537832727501,8.003679852805888
3.0026733534918457,8.003679852805888
3.0054759667708004,8.003679852805888
3.007823697287609,8.003679852805888
3.008033897008377,8.045977011494253
3.0093774212955164,8.045977011494253
3.0121258539570523,8.045977011494253
3.0145972735163573,8.045977011494253
3.0176261962002284,8.045977011494253
3.022508868324143,8.045977011494253
3.022736271472802,8.045977011494253
3.023163885501841,8.045977011494253
3.0233404013407266,8.088235294117647
3.0268770218318717,8.088235294117647
3.0285204211284333,8.088235294117647
3.0374937226696814,8.130454754248968
3.0376535471177446,8.172635445362717
3.037945520678826,8.172635445362717
3.0393546921231063,8.172635445362717
3.040171844391319,8.172635445362717
3.0406963772114834,8.214777420835246
3.043509760187722,8.214777420835246
3.0453218599459766,8.214777420835246
3.0453629888746647,8.214777420835246
3.047071227638469,8.256880733944955
3.047865981210616,8.256880733944955
3.0478765623332076,8.256880733944955
3.0484569619685398,8.256880733944955
3.0486298657408475,8.256880733944955
3.050096554649881,8.256880733944955
3.0506575665532325,8.256880733944955
3.0535768498478495,8.298945437872536
3.055587436785745,8.298945437872536
3.056183801660497,8.298945437872536
3.0564386615346324,8.340971585701192
3.060235468266776,8.382959230416857
3.0613279699567295,8.382959230416857
3.0647543297583946,8.424908424908425
3.065951128603829,8.466819221967963
3.0671226805653644,8.508691674290942
3.0677908474447886,8.508691674290942
3.06972937359171,8.508691674290942
3.0708130853468965,8.508691674290942
3.072101390091322,8.550525834476453
3.0735477881548574,8.550525834476453
3.0790089701692924,8.550525834476453
3.079213066897621,8.550525834476453
3.0801465387248474,8.550525834476453
3.0807864654181567,8.550525834476453
3.081796365661248,8.550525834476453
3.085247468361041,8.550525834476453
3.085327604642515,8.592321755027422
3.085807381612696,8.634079488350844
3.0865484883220495,8.67579908675799
3.087994928730543,8.67579908675799
3.08812853322026,8.717480602464628
3.0889013633500664,8.717480602464628
3.0893340678278527,8.75912408759124
3.09037215283652,8.75912408759124
3.092102700894236,8.75912408759124
3.0921263184700862,8.75912408759124
3.0926701546110444,8.800729594163247
3.0932120723738428,8.800729594163247
3.0932876999744146,8.800729594163247
3.0964706431844844,8.842297174111211
3.097646021601589,8.88382687927107
3.0999346463093804,8.88382687927107
3.1003464046236955,8.88382687927107
3.1008605885065257,8.88382687927107
3.10273933803939,8.88382687927107
3.103594043121584,8.88382687927107
3.104575221149063,8.88382687927107
3.105096920189132,8.88382687927107
3.1059307606256015,8.925318761384334
3.1075699205836003,8.925318761384334
3.109194618186099,8.925318761384334
3.1098914586801976,8.966772872098316
3.11120093702608,9.008189262966333
3.115320827262589,9.008189262966333
3.116893537789007,9.008189262966333
3.1184989265094765,9.008189262966333
3.1204525046821177,9.049567985447931
3.1205919545392296,9.049567985447931
3.120905810690134,9.090909090909092
3.1287622771345207,9.090909090909092
3.1295015305086507,9.132212630622444
3.131394128946815,9.173478655767484
3.1314759399360934,9.173478655767484
3.1319654714698353,9.173478655767484
3.132546106652999,9.214707217430776
3.135425198594647,9.214707217430776
3.1360330323729917,9.25589836660617
3.1361989364222254,9.25589836660617
3.1363558492764225,9.297052154195011
3.137743638558745,9.338168631006347
3.137914141111974,9.379247847757137
3.1395523577689874,9.420289855072465
3.141065479884875,9.420289855072465
3.1419755823933335,9.46129470348574
3.1429486405560136,9.502262443438914
3.1437234534909724,9.543193125282677
3.144262342744067,9.543193125282677
3.1458560552976413,9.584086799276673
3.1459509361406863,9.584086799276673
3.1487313712608223,9.584086799276673
3.148920021081198,9.584086799276673
3.1537289158721262,9.624943515589697
3.1541616991405523,9.66576332429991
3.157677396584477,9.66576332429991
3.1583246337749036,9.706546275395034
3.159388832179725,9.706546275395034
3.1602026806602272,9.706546275395034
3.161284072906569,9.706546275395034
3.161453186877326,9.706546275395034
3.166245395778229,9.706546275395034
3.1678470256575633,9.706546275395034
3.1687361052977603,9.706546275395034
3.1696835171358577,9.747292418772563
3.1733526118534474,9.747292418772563
3.1771000446824647,9.747292418772563
3.1779350042345857,9.788001804239963
3.179278584847578,9.788001804239963
3.1794003095548535,9.828674481514877
3.1803650155142766,9.828674481514877
3.1810799877542153,9.828674481514877
3.186079158418524,9.869310500225327
3.1862334905699483,9.869310500225327
3.1869516956852655,9.90990990990991
3.188875217334525,9.95047276001801
3.189352374964567,9.95047276001801
3.1908534501377517,9.95047276001801
3.191655051061094,9.99099909990999
3.192794416718116,9.99099909990999
3.1936863260154356,9.99099909990999
3.1951977638087365,9.99099909990999
3.196185145613349,10.0314889788574
3.1970596364268657,10.0314889788574
3.1981901967248167,10.071942446043165
3.198422979456216,10.112359550561797
3.19975753906424,10.152740341419586
3.20185414225751,10.1930848675348
3.2019008432225666,10.1930848675348
3.2027747546904592,10.23339317773788
3.202859532959759,10.273665320771647
3.2031520014047823,10.273665320771647
3.2043105078812713,10.31390134529148
3.206665313545566,10.31390134529148
3.207071645633731,10.31390134529148
3.2071658638833664,10.354101299865532
3.2071868913802932,10.354101299865532
3.2072260661498766,10.354101299865532
3.2078387977649805,10.354101299865532
3.2086506581735925,10.354101299865532
3.2095700643890686,10.354101299865532
3.2099518888682175,10.354101299865532
3.2118624831203024,10.39426523297491
3.2123894551094225,10.434393193013882
3.213321992019969,10.474485228290064
3.214758912109339,10.474485228290064
3.2152580665632495,10.51454138702461
3.2165496786412957,10.554561717352415
3.2182225318078808,10.554561717352415
3.2203093296591443,10.554561717352415
3.220392025965282,10.554561717352415
3.220795467866438,10.554561717352415
3.2226130183135453,10.554561717352415
3.2256255536120095,10.554561717352415
3.225626685684884,10.554561717352415
3.227880082912367,10.594546267322306
3.2331969663791753,10.63449508489723
3.2346391482562016,10.63449508489723
3.2374620987162865,10.674408217954444
3.2389870368239326,10.674408217954444
3.240507663742571,10.674408217954444
3.2427314632009168,10.714285714285714
3.243831722433025,10.714285714285714
3.2446726153886845,10.714285714285714
3.245717054197514,10.714285714285714
3.2471911434817957,10.754127621597501
3.2476953430172912,10.754127621597501
3.2478249771727317,10.754127621597501
3.247934525862928,10.754127621597501
3.2480937134984202,10.754127621597501
3.249314413142603,10.793933987511151
3.24961201951392,10.793933987511151
3.249770478572281,10.793933987511151
3.2497720960200156,10.793933987511151
3.249836986488529,10.793933987511151
3.251080434686033,10.793933987511151
3.253542302965405,10.833704859563085
3.25475178031497,10.87344028520499
3.2557924967095833,10.913140311804009
3.256118809221748,10.95280498664292
3.2580432917999973,10.95280498664292
3.2608655570193767,10.95280498664292
3.262706984482478,10.95280498664292
3.2628875114847014,10.992434356920338
3.2636588677182794,10.992434356920338
3.2643074019358367,11.032028469750891
3.267682928269709,11.032028469750891
3.2692792808959505,11.071587372165407
3.269462113942026,11.071587372165407
3.2696762083660946,11.071587372165407
3.270860084510023,11.11111111111111
3.272667446041398,11.150599733451799
3.2736509620233245,11.150599733451799
3.2739656915570836,11.150599733451799
3.275223212343937,11.150599733451799
3.2758493396350064,11.150599733451799
3.2770210493914993,11.150599733451799
3.277408547728582,11.190053285968029
3.2783560118196915,11.229471815357302
3.279423612820919,11.26885536823425
3.2808389865398997,11.30820399113082
3.28191179200103,11.347517730496454
3.282353720258262,11.386796632698273
3.2835090895339882,11.386796632698273
3.2837379314246657,11.386796632698273
3.286655244143404,11.426040744021257
3.2882346730453027,11.426040744021257
3.2883647934696354,11.426040744021257
3.2893691847087903,11.465250110668437
3.2899144038983654,11.504424778761061
3.290174878762251,11.504424778761061
3.2917232223583412,11.543564794338788
3.293939093511761,11.582670203359859
3.2974128206756874,11.582670203359859
3.2991606243941143,11.621741051701282
3.299977513631734,11.621741051701282
3.300180361914135,11.66077738515901
3.3007310605516382,11.699779249448124
3.3020925854464918,11.699779249448124
3.3046273037307285,11.699779249448124
3.3059151032799003,11.699779249448124
3.3107113654187774,11.738746690203
3.3146159732788045,11.777679752977503
3.3158181059941527,11.777679752977503
3.316255182852108,11.777679752977503
3.3172208517332074,11.816578483245149
3.317341350955387,11.855442926399295
3.319551519354261,11.894273127753303
3.3212571544094085,11.894273127753303
3.321415866517743,11.933069132540732
3.3240707079457184,11.933069132540732
3.3243328835577985,11.933069132540732
3.3243528734133614,11.971830985915492
3.3258372480087814,12.010558732952045
3.3292711281729166,12.049252418645558
3.3297970474249032,12.049252418645558
3.333349873787285,12.049252418645558
3.3340131049347077,12.049252418645558
3.33519009002228,12.087912087912088
3.3354300758761037,12.126537785588752
3.335861017585411,12.165129556433904
3.3360679635328236,12.165129556433904
3.3362332898216205,12.165129556433904
3.337179370915331,12.165129556433904
3.337199897726083,12.203687445127304
3.3390934701406505,12.203687445127304
3.3391466752489243,12.242211496270293
3.3427554142277907,12.280701754385964
3.3433090075974183,12.280701754385964
3.343525627722436,12.319158263919332
3.3439712795763668,12.319158263919332
3.347755203763478,12.319158263919332
3.3491365221283487,12.357581069237511
3.349138786632371,12.357581069237511
3.350734607128712,12.357581069237511
3.3528096712675666,12.357581069237511
3.354720194977204,12.395970214629873
3.354830937938073,12.395970214629873
3.355527846394248,12.395970214629873
3.3559489039634216,12.395970214629873
3.3616830070057078,12.43432574430823
3.3656122647691893,12.472647702407002
3.3665841685956543,12.510936132983378
3.366809884231055,12.549191080017492
3.370300714633746,12.549191080017492
3.371099289323032,12.549191080017492
3.374526532169746,12.587412587412588
3.3745830262308907,12.625600698995196
3.374804857613872,12.663755458515283
3.3757407257010494,12.701876909646442
3.378170320291209,12.739965095986038
3.3796001212368934,12.778020061055386
3.3843584815174426,12.778020061055386
3.387687604196079,12.778020061055386
3.3883759951690613,12.816041848299914
3.3895138326100716,12.816041848299914
3.390236782845704,12.854030501089325
3.3914428399987133,12.89198606271777
3.3920790676110726,12.89198606271777
3.392327354871791,12.89198606271777
3.392554456189379,12.929908576404006
3.3929449027178493,12.967798085291557
3.3931544002500718,12.967798085291557
3.3942697232407304,13.00565463244889
3.3960525590893855,13.00565463244889
3.3971513314506265,13.00565463244889
3.3978424048189675,13.00565463244889
3.3992439328238375,13.00565463244889
3.40084477424521,13.00565463244889
3.4029877934333927,13.043478260869565
3.4037329319941265,13.081269013472404
3.404424427331932,13.081269013472404
3.4046152756321484,13.081269013472404
3.4051237404656503,13.081269013472404
3.4054140484187942,13.119026933101651
3.4055502343188406,13.119026933101651
3.408313751227182,13.119026933101651
3.4090199749564705,13.156752062527138
3.4113372539423223,13.156752062527138
3.41210714586573,13.194444444444445
3.412792413364462,13.232104121475055
3.413299138774417,13.232104121475055
3.4161243874865184,13.232104121475055
3.4162194736411813,13.232104121475055
3.417848747947205,13.269731136166522
3.418124407936926,13.307325530992632
3.419808134482431,13.344887348353554
3.4230164147662596,13.382416630576008
3.42513634095406,13.382416630576008
3.4262681798740964,13.41991341991342
3.4283984715197646,13.41991341991342
3.428884977565552,13.41991341991342
3.4323022571895265,13.457377758546086
3.4349993991002545,13.494809688581316
3.435675006980441,13.53220925205361
3.4359745642141997,13.569576490924806
3.4363729673756382,13.606911447084233
3.43696511269036,13.606911447084233
3.4374046469064647,13.644214162348877
3.4378354473951718,13.68148467846353
3.4383394456138654,13.68148467846353
3.4388012994229573,13.718723037100949
3.440067316205945,13.75592927986201
3.4404155568774786,13.75592927986201
3.4404396101011008,13.793103448275861
3.440969240044304,13.830245583800085
3.4409839286960033,13.867355727820843
3.4411652809963917,13.904433921653034
3.442127435065337,13.904433921653034
3.442324019223961,13.904433921653034
3.4447872759343574,13.904433921653034
3.446392167237967,13.941480206540447
3.446679345382809,13.978494623655912
3.446771416376071,14.015477214101463
3.448714703928952,14.052428018908467
3.448737807732615,14.0893470790378
3.4503829133669366,14.126234435379992
3.451045273640228,14.163090128755366
3.4521288737689377,14.163090128755366
3.453832739498122,14.199914199914199
3.4550714848834847,14.199914199914199
3.4582628123753625,14.199914199914199
3.4584395727588952,14.236706689536879
3.458683478088352,14.273467638234033
3.459103728726796,14.273467638234033
3.4594941481015704,14.3101970865467
3.460505384815449,14.346895074946467
3.4615879427588907,14.383561643835616
3.4634089625407736,14.420196833547283
3.463746175013428,14.456800684345595
3.467845549748901,14.456800684345595
3.468923813512269,14.493373236425821
3.4693491719572407,14.493373236425821
3.471165095692073,14.493373236425821
3.4717943231656467,14.493373236425821
3.471913370434473,14.529914529914532
3.472634178428914,14.529914529914532
3.4760875049837905,14.566424604869713
3.477646369677527,14.602903501280956
3.477854187172353,14.639351259069569
3.4793919035267558,14.639351259069569
3.480861297357585,14.675767918088736
3.4833954201425805,14.675767918088736
3.4836746826965403,14.712153518123666
3.4843904776143866,14.74850809889173
3.486945105025641,14.784831700042607
3.487278091440666,14.784831700042607
3.4873406797931152,14.784831700042607
3.487506852672503,14.821124361158432
3.4879390291799206,14.821124361158432
3.489961341555793,14.821124361158432
3.4923993705746215,14.857386121753938
3.494072253250758,14.857386121753938
3.494538866923401,14.857386121753938
3.495716148018787,14.857386121753938
3.500812884968987,14.857386121753938
3.5012133288480576,14.893617021276595
3.502205017572023,14.929817099106762
3.5029613475041,14.929817099106762
3.5049946295138716,14.965986394557824
3.505837892792016,15.002124946876327
3.5064671665987546,15.002124946876327
3.5065589544849787,15.03823279524214
3.509898942712904,15.074309978768577
3.510320560481101,15.110356536502549
3.511189680294837,15.110356536502549
3.5121756989635613,15.110356536502549
3.513581979645999,15.110356536502549
3.515134001961023,15.146372507424694
3.515314818093023,15.146372507424694
3.5157343853932126,15.182357930449534
3.5159302083636077,15.182357930449534
3.5163361647039473,15.182357930449534
3.517364981280404,15.218312844425604
3.5194880045054604,15.218312844425604
3.5202676510064763,15.254237288135593
3.5228967884984383,15.290131300296483
3.52557756759797,15.290131300296483
3.5260820549732257,15.290131300296483
3.5288891779633658,15.290131300296483
3.53107469927543,15.325994919559696
3.5341801875658243,15.361828184511214
3.535246400708964,15.361828184511214
3.536523305628624,15.397631133671744
3.536631130021731,15.433403805496829
3.5443201713223895,15.433403805496829
3.5449417995242363,15.433403805496829
3.545934973127915,15.433403805496829
3.5462472006543195,15.433403805496829
3.5476510198683306,15.433403805496829
3.548897177592268,15.433403805496829
3.549566227606109,15.433403805496829
3.5497156462426465,15.433403805496829
3.551467256564695,15.469146238377007
3.552492144331582,15.504858470637938
3.5535178056072128,15.54054054054054
3.5535746395686796,15.576192486281132
3.554246547290746,15.576192486281132
3.555199216458859,15.576192486281132
3.5558235441590007,15.611814345991561
3.5590997579666683,15.611814345991561
3.5593635263784944,15.647406157739349
3.5624955426646836,15.647406157739349
3.563224801771323,15.647406157739349
3.5646340365075084,15.647406157739349
3.5686024812168595,15.647406157739349
3.5689138433228065,15.682967959527824
3.569087817815734,15.682967959527824
3.571217364096269,15.682967959527824
3.571974844972196,15.718499789296251
3.572053247365564,15.754001684919967
3.5729469232599667,15.789473684210526
3.5732274841473384,15.824915824915825
3.574091165357613,15.824915824915825
3.5754929100649453,15.824915824915825
3.578847880663524,15.824915824915825
3.5807601987551876,15.824915824915825
3.581495955655696,15.860328144720235
3.58215865704811,15.895710681244744
3.58303667486314,15.895710681244744
3.5831394353079924,15.931063472047077
3.5845229674216044,15.966386554621847
3.586316807832895,15.966386554621847
3.5864568948167923,15.966386554621847
3.5879230797496864,16.001679966400673
3.5885561919038387,16.036943744752307
3.5892108826218094,16.072177926982796
3.590108936091611,16.072177926982796
3.5905248383446273,16.072177926982796
3.5911593472509646,16.072177926982796
3.5913221319542576,16.10738255033557
3.591541023953648,16.10738255033557
3.5929294811253487,16.10738255033557
3.5953802464789355,16.10738255033557
3.5964023408508017,16.142557651991616
3.5979658200014963,16.177703269069575
3.5987973774049213,16.21281943862589
3.5998691324056096,16.21281943862589
3.6007485731883397,16.21281943862589
3.6009806481418325,16.24790619765494
3.601320142396892,16.24790619765494
3.6027099691663103,16.24790619765494
3.603008379817205,16.282963583089156
3.6036271967213325,16.282963583089156
3.6084546179072046,16.282963583089156
3.609573268890864,16.282963583089156
3.609855669928719,16.282963583089156
3.6161060673065206,16.282963583089156
3.6165814002003445,16.282963583089156
3.6169982514144534,16.282963583089156
3.618587660691152,16.317991631799163
3.6189785558450818,16.317991631799163
3.6194569561488006,16.352990380593894
3.620115741370688,16.387959866220736
3.620988939280046,16.387959866220736
3.6251163519538423,16.387959866220736
3.6256197680001616,16.42290012536565
3.6270774221423703,16.4578111946533
3.628899535488804,16.49269311064718
3.63129721369738,16.52754590984975
3.6323764478917933,16.52754590984975
3.6350829985305237,16.562369628702545
3.635562471619525,16.59716430358632
3.6357440391222386,16.631929970821176
3.637061285269848,16.631929970821176
3.6389036641613854,16.631929970821176
3.639099891448203,16.631929970821176
3.6406312316098166,16.631929970821176
3.641286456797294,16.666666666666664
3.6415726337015593,16.666666666666664
3.643844118459256,16.666666666666664
3.6440132948290906,16.666666666666664
3.6447225387999294,16.666666666666664
3.6454375186838663,16.701374427321948
3.645899172954884,16.736053288925895
3.6464123198175917,16.736053288925895
3.647008068111134,16.736053288925895
3.648211521828766,16.77070328755722
3.648938941153422,16.77070328755722
3.6508828039280363,16.77070328755722
3.651039583601355,16.77070328755722
3.651983936623486,16.77070328755722
3.652672145208668,16.77070328755722
3.6528491144564694,16.80532445923461
3.6532459542668843,16.80532445923461
3.6547014788644216,16.839916839916842
3.655586207009225,16.839916839916842
3.6560468789501703,16.87448046550291
3.6563368070688593,16.87448046550291
3.656751888769388,16.909015371832155
3.6569456565247527,16.909015371832155
3.658647780174846,16.909015371832155
3.6587992526878517,16.909015371832155
3.6600638213850076,16.909015371832155
3.6608216210912596,16.943521594684384
3.661961206492527,16.97799916977999
3.6625110359890933,17.012448132780083
3.6646157850504033,17.046868519286605
3.664924902151991,17.046868519286605
3.6675807555436184,17.046868519286605
3.6676858842076387,17.081260364842453
3.6688670283794953,17.11562370493162
3.67072119366568,17.149958574979287
3.6716079983506384,17.184265010351968
3.6732840876575144,17.184265010351968
3.6740588261242824,17.218543046357617
3.6758975198766954,17.218543046357617
3.676265700941592,17.218543046357617
3.676401457703238,17.218543046357617
3.6765060896313204,17.25279271824576
3.6772304611403097,17.28701406120761
3.6787096663762355,17.28701406120761
3.6800405287750855,17.32120711037619
3.680523152103551,17.355371900826448
3.6812749583289226,17.355371900826448
3.6815783221307816,17.389508467575382
3.682666579770901,17.389508467575382
3.682748450343615,17.389508467575382
3.683447739427105,17.389508467575382
3.6840011629872556,17.423616845582163
3.6840117256772964,17.457697069748246
3.684172870377659,17.457697069748246
3.6859384615927633,17.491749174917494
3.686774641622686,17.491749174917494
3.6868382391180234,17.525773195876287
3.687047345939378,17.55976916735367
3.689018762160635,17.593737124021423
3.689195549371688,17.627677100494235
3.6901360249453092,17.627677100494235
3.69051084065469,17.661589131329766
3.691836910718525,17.695473251028808
3.693025619099383,17.695473251028808
3.693905099655372,17.695473251028808
3.694295389655694,17.729329494035376
3.6953761802124396,17.729329494035376
3.6981768941476068,17.763157894736842
3.6991759315100667,17.763157894736842
3.699506119412995,17.763157894736842
3.7055283136090473,17.763157894736842
3.7063095476090058,17.763157894736842
3.7094758171825446,17.79695848746404
3.7096370448731104,17.79695848746404
3.7099259618484273,17.79695848746404
3.710102626447613,17.830731306491373
3.710919732661235,17.864476386036962
3.7112804462081748,17.864476386036962
3.7116866590860815,17.864476386036962
3.7123476622518665,17.864476386036962
3.7164535837161434,17.898193760262725
3.7173853464095603,17.931883463274517
3.7174445057534578,17.931883463274517
3.718184540880589,17.931883463274517
3.71847980624507,17.931883463274517
3.71982391274836,17.96554552912223
3.720905852790593,17.99917999179992
3.7216960599430604,18.0327868852459
3.7221162905135357,18.0327868852459
3.722269623252184,18.0327868852459
3.722978262441225,18.0327868852459
3.7247540793585503,18.0327868852459
3.7263851222708175,18.066366243342895
3.726392961494729,18.0999180999181
3.7278272727176094,18.13344248874335
3.729079428271937,18.16693944353519
3.729636234504995,18.200408997955012
3.729849918965319,18.233851185609158
3.7308747417133152,18.26726604004904
3.7319696298787757,18.26726604004904
3.7326977578498415,18.30065359477124
3.7335846498924115,18.33401388321764
3.733820767578835,18.33401388321764
3.734410154131786,18.367346938775512
3.7349545882101527,18.400652794777642
3.7391607703424516,18.400652794777642
3.7400870955864094,18.400652794777642
3.74737824943517,18.400652794777642
3.7499002289882735,18.43393148450245
3.7535508293512163,18.43393148450245
3.7535517135076435,18.467183041174074
3.753662576727007,18.50040749796251
3.7541833711177435,18.533604887983707
3.7550734239797134,18.533604887983707
3.7564213205866825,18.533604887983707
3.758551816763891,18.533604887983707
3.760359012540374,18.566775244299674
3.7644859477548054,18.5999185999186
3.765458374903445,18.633034987794954
3.766235821724658,18.666124440829606
3.766521149036,18.69918699186992
3.7683509081995323,18.69918699186992
3.7686075268835144,18.69918699186992
3.7693334683539508,18.69918699186992
3.769585287326836,18.69918699186992
3.7699483323288754,18.732222673709874
3.7699853009524618,18.732222673709874
3.7718526209124583,18.765231519090168
3.7726150366818967,18.798213560698336
3.7727721299482573,18.798213560698336
3.774086655919759,18.798213560698336
3.7746415953548693,18.798213560698336
3.7769037756654327,18.83116883116883
3.777520048490798,18.83116883116883
3.778208702909038,18.864097363083165
3.778317235159886,18.864097363083165
3.77949901201643,18.864097363083165
3.779933580576737,18.896999188969993
3.7802226315740586,18.896999188969993
3.7806019760427674,18.92987434130523
3.780774330009394,18.92987434130523
3.7814752660370945,18.92987434130523
3.78239288365251,18.92987434130523
3.783540134933376,18.92987434130523
3.7843949165862245,18.92987434130523
3.784994598385615,18.92987434130523
3.785781261222138,18.962722852512158
3.7887512503023566,18.995544754961525
3.7892002121194728,19.02834008097166
3.789395569178971,19.061108862808577
3.789960325253272,19.061108862808577
3.790995137394601,19.061108862808577
3.7911959326664832,19.093851132686083
3.7915258695184164,19.12656692276587
3.791820625298957,19.12656692276587
3.7921869248980675,19.15925626515764
3.792759519320015,19.19191919191919
3.793630802311101,19.22455573505654
3.7939999402696327,19.25716592652402
3.7943455266726254,19.25716592652402
3.7953995913973766,19.289749798224374
3.7982446240921344,19.289749798224374
3.8002399972743457,19.289749798224374
3.802541689941391,19.289749798224374
3.807137954114669,19.289749798224374
3.8075931848046696,19.289749798224374
3.808115435657624,19.289749798224374
3.8084541365793845,19.289749798224374
3.810075019729413,19.289749798224374
3.810200421491084,19.289749798224374
3.810796668053991,19.289749798224374
3.81134190951855,19.289749798224374
3.81279135047692,19.322307382008873
3.8136079469543964,19.322307382008873
3.814579792559591,19.35483870967742
3.815071096346804,19.38734381297864
3.8152402996255397,19.38734381297864
3.817522688458362,19.419822723609993
3.8181405550393577,19.45227547321788
3.819303294072524,19.45227547321788
3.820001541829355,19.484702093397747
3.8203881210334996,19.484702093397747
3.8208581712116536,19.484702093397747
3.8220941580203247,19.517102615694164
3.8224012710059903,19.549477071600965
3.8230768568796347,19.581825492561318
3.823147579567645,19.614147909967848
3.8265262195671976,19.614147909967848
3.8271103567128986,19.614147909967848
3.8274581070392295,19.646444355162714
3.8274693953019843,19.67871485943775
3.8278774267587665,19.710959454034523
3.8285735105580923,19.710959454034523
3.8286505783349014,19.743178170144464
3.8289256756268952,19.775371038908947
3.8304732230425627,19.775371038908947
3.8308437917596656,19.807538091419406
3.8310606951575052,19.839679358717436
3.833766287752542,19.871794871794872
3.8338225401110306,19.871794871794872
3.8339897840553405,19.903884661593914
3.834150187981186,19.903884661593914
3.8342692612023335,19.903884661593914
3.836948925688546,19.935948759007204
3.8375784471179792,19.96798719487795
3.8378145109199773,19.96798719487795
3.838971983723391,20.0
3.8396823009437373,20.03198720511795
3.8407807123610116,20.03198720511795
3.8409600553501404,20.06394884092726
3.8413170003154677,20.09588493807431
3.8426742475211584,20.09588493807431
3.843212400354794,20.09588493807431
3.843448243686214,20.09588493807431
3.8439781015614316,20.12779552715655
3.8446619758588745,20.159680638722556
3.8474741680140347,20.191540303272145
3.847525590844634,20.191540303272145
3.847823214205954,20.191540303272145
3.84842869085545,20.22337455125648
3.8491516730500015,20.22337455125648
3.8493667100458864,20.25518341307815
3.8501594432949733,20.28696691909127
3.8529183302279932,20.28696691909127
3.8537396323903295,20.318725099601593
3.8561265491723953,20.350457984866587
3.856578787343375,20.350457984866587
3.857803762270392,20.350457984866587
3.858854271399823,20.382165605095544
3.8589860831646687,20.382165605095544
3.859071232212953,20.413847990449664
3.8599356199069708,20.413847990449664
3.8603989769408114,20.413847990449664
3.860839401543332,20.445505171042164
3.8623978774652667,20.445505171042164
3.8630685007962446,20.47713717693837
3.8638982932439494,20.5087440381558
3.866143042625072,20.540325784664283
3.866615963213305,20.540325784664283
3.8666926266727004,20.540325784664283
3.8687515183281644,20.540325784664283
3.868935867228533,20.57188244638602
3.870244081094958,20.603414053195714
3.871465844644494,20.603414053195714
3.8715567704670395,20.603414053195714
3.8717459322505703,20.603414053195714
3.871947245333096,20.603414053195714
3.8725131557396617,20.634920634920633
3.8732829994261975,20.634920634920633
3.874052617782511,20.66640222134074
3.874570914749179,20.697858842188737
3.8751138220493826,20.72929052715022
3.8761830498084917,20.760697305863708
3.876294555667247,20.792079207920793
3.877369912249148,20.792079207920793
3.877838949594375,20.792079207920793
3.8785400430352657,20.823436262866192
3.8785882534237404,20.854768500197864
3.878921614157385,20.88607594936709
3.880046480070088,20.91735863977857
3.8800539422081144,20.948616600790515
3.880928605252566,20.979849861714737
3.881524273367603,21.011058451816748
3.881958457168159,21.042242400315832
3.8878509655881923,21.07340173638516
3.8879314887247305,21.104536489151872
3.890231862173369,21.13564668769716
3.8930749372251334,21.166732361056365
3.8957333599220996,21.166732361056365
3.896324655701359,21.19779353821907
3.8968654151809394,21.19779353821907
3.896925519047546,21.228830248129185
3.897099177602786,21.228830248129185
3.8972284181512227,21.228830248129185
3.8976762918428474,21.25984251968504
3.898348617885354,21.25984251968504
3.8996656202770628,21.25984251968504
3.899821594334521,21.25984251968504
3.901741103546765,21.29083038173947
3.9023498909869567,21.321793863099924
3.9043243511312293,21.321793863099924
3.905472457860863,21.321793863099924
3.905930358218232,21.321793863099924
3.9087242760065877,21.35273299252851
3.9088718490071925,21.35273299252851
3.908973959749417,21.38364779874214
3.9103143595256107,21.38364779874214
3.912769392022166,21.414538310412574
3.913963165868244,21.445404556166537
3.9154924516181078,21.47624656458579
3.9155560932501285,21.50706436420722
3.9163597363099365,21.53785798352295
3.916433211581337,21.568627450980394
3.91694284666523,21.59937279498236
3.9188434528339835,21.59937279498236
3.9212487587332796,21.630094043887148
3.9215030662918213,21.630094043887148
3.922389534392353,21.660791226008616
3.92306027209599,21.660791226008616
3.9231245733171485,21.660791226008616
3.9241189221794563,21.69146436961629
3.9260379490055253,21.722113502935418
3.926347716107783,21.752738654147105
3.9313550498817156,21.783339851388344
3.9340690003901897,21.813917122752148
3.935217605830563,21.844470496287613
3.9365438754449054,21.875
3.9378469145798767,21.875
3.938370389300055,21.875
3.9391312578045947,21.875
3.9393830098022056,21.875
3.940929616352571,21.90550566185084
3.9414428747308348,21.935987509758
3.943223973358115,21.966445571595784
3.946504823917548,21.996879875195006
3.9471157750420787,22.027290448343077
3.947364520815093,22.0576773187841
3.948081479981143,22.0576773187841
3.9498529955642376,22.0576773187841
3.950369803133401,22.08804051421893
3.9518170507212584,22.08804051421893
3.9518672489432323,22.08804051421893
3.9526257268041167,22.08804051421893
3.9526553413187586,22.08804051421893
3.955533695408136,22.118380062305295
3.9582875686778958,22.118380062305295
3.961131303779014,22.118380062305295
3.9641248361547508,22.148695990657842
3.9648317501547186,22.148695990657842
3.965996734492021,22.17898832684825
3.966581818808605,22.17898832684825
3.9673891692180967,22.17898832684825
3.9701554682511278,22.17898832684825
3.9719472491225374,22.20925709840529
3.9721778165393684,22.20925709840529
3.973712290727632,22.20925709840529
3.9746786282446824,22.20925709840529
3.975731875158512,22.23950233281493
3.978834888302416,22.269724057520403
3.9793900656030403,22.2999222999223
3.979705081176244,22.2999222999223
3.980337439280473,22.330097087378643
3.9806904391668154,22.36024844720497
3.9808934330049657,22.390376406674427
3.9809624949802753,22.390376406674427
3.981810227336438,22.390376406674427
3.98218640737164,22.420480993017843
3.982870326813786,22.450562233423806
3.9829225068457217,22.48062015503876
3.9835861928436547,22.48062015503876
3.9836974922018586,22.48062015503876
3.9860256706963044,22.48062015503876
3.98688324448749,22.510654784967066
3.987381098232283,22.540666150271107
3.9886760656164926,22.57065427797135
3.989984941215903,22.60061919504644
3.990612106657918,22.63056092843327
3.99163963182207,22.66047950502707
3.9926060499611604,22.66047950502707
3.993295446625649,22.66047950502707
3.9933551463302672,22.66047950502707
3.9935645989360697,22.66047950502707
3.994773811448507,22.690374951681484
3.9955553929289294,22.720247295208658
3.99595902008585,22.720247295208658
3.9966352316099623,22.720247295208658
3.999784655360162,22.720247295208658
4.000789128130049,22.750096562379298
4.0037639595910495,22.779922779922778
4.004239594964861,22.809725974527208
4.004470142384878,22.809725974527208
4.005005863040406,22.839506172839506
4.00570559232021,22.839506172839506
4.005737445679751,22.839506172839506
4.00640515073671,22.839506172839506
4.008361333054549,22.869263401465485
4.008374806181696,22.869263401465485
4.010906096475394,22.89899768696993
4.012878668751483,22.89899768696993
4.012936099402349,22.928709055876688
4.014123953042026,22.95839753466872
4.014895658124257,22.95839753466872
4.017246526289325,22.95839753466872
4.017275543137876,22.988063149788218
4.017525366246635,22.988063149788218
4.017566363604418,23.017705927636644
4.0192101194967895,23.047325894574836
4.021497877546057,23.076923076923077
4.021906175264729,23.076923076923077
4.0234277637514655,23.10649750096117
4.023644691448178,23.136049192928517
4.024359607946065,23.136049192928517
4.02611943195867,23.1655781790242
4.02815787080302,23.1655781790242
4.028547340132586,23.1655781790242
4.028855082203158,23.1655781790242
4.02974684582814,23.195084485407065
4.029811759590908,23.195084485407065
4.030224069430686,23.195084485407065
4.030726659778162,23.224568138195778
4.031333250245113,23.254029163468918
4.0337165009020435,23.254029163468918
4.036913989634471,23.254029163468918
4.037479325038743,23.283467587265054
4.037490697200716,23.31288343558282
4.038126927863531,23.31288343558282
4.038830536286912,23.31288343558282
4.039356130955465,23.31288343558282
4.040286608317553,23.34227673438099
4.041721727563041,23.34227673438099
4.043013281877817,23.371647509578544
4.043251923866777,23.400995787054768
4.043388207058321,23.43032159264931
4.043710641228553,23.43032159264931
4.044163483955276,23.459624952162265
4.044281513531403,23.488905891354246
4.044495153807575,23.518164435946463
4.04457711496282,23.518164435946463
4.045113430240799,23.518164435946463
4.045823644155184,23.547400611620795
4.049156125677604,23.57661444401987
4.049970781620459,23.605805958747137
4.0518233621411435,23.634975181366936
4.051909998645469,23.634975181366936
4.053484195294212,23.634975181366936
4.054645000124341,23.66412213740458
4.055119907773584,23.693246852346434
4.055296534201639,23.693246852346434
4.0553965157668195,23.693246852346434
4.05627364693898,23.693246852346434
4.058302480934003,23.693246852346434
4.0586006610267145,23.693246852346434
4.059876914704584,23.693246852346434
4.060792646938837,23.72234935163997
4.061351241164156,23.751429660693862
4.061579738193769,23.78048780487805
4.06191813462834,23.809523809523807
4.062282858063961,23.809523809523807
4.0623408349631145,23.83853769992384
4.062926315982594,23.867529501332317
4.0631067319802385,23.896499238964992
4.065130923945737,23.896499238964992
4.065546549455384,23.896499238964992
4.06584304299437,23.896499238964992
4.065933732999277,23.92544693799924
4.066461808796512,23.92544693799924
4.067681003670996,23.954372623574145
4.068420553166382,23.954372623574145
4.069174122850423,23.983276320790576
4.070586307776195,24.012158054711247
4.074264584279486,24.041017850360806
4.07660083938981,24.041017850360806
4.076627511258334,24.06985573272589
4.077031226330352,24.09867172675522
4.078103864977825,24.09867172675522
4.078111254311904,24.09867172675522
4.079317768104788,24.12746585735964
4.080699222724018,24.12746585735964
4.0821676053746385,24.15623814941221
4.08416366474979,24.15623814941221
4.084774921309003,24.15623814941221
4.08792194846111,24.184988627748293
4.088096439474089,24.184988627748293
4.088508660974969,24.184988627748293
4.088601692974112,24.213717317165592
4.088901410923367,24.242424242424242
4.089434739225465,24.242424242424242
4.090547694349546,24.242424242424242
4.091159008411494,24.242424242424242
4.0922055913592414,24.242424242424242
4.092458973497199,24.271109428246877
4.092866114609236,24.299772899318697
4.094297886111754,24.299772899318697
4.096479353260959,24.299772899318697
4.097057113722531,24.32841468028755
4.097261606539336,24.32841468028755
4.097339842800534,24.357034795763994
4.098617048033424,24.38563327032136
4.099352770053587,24.38563327032136
4.099447373738974,24.414210128495842
4.1018554197833295,24.414210128495842
4.103029965535808,24.414210128495842
4.104127051763648,24.414210128495842
4.104584200602913,24.44276539478655
4.105870163774861,24.47129909365559
4.106671374993733,24.499811249528126
4.106719931522776,24.499811249528126
4.106937460376727,24.528301886792452
4.107111293923651,24.556771029800075
4.10755136340675,24.556771029800075
4.107769090545678,24.58521870286576
4.108314052788437,24.613644930267622
4.108352515254276,24.642049736247174
4.108766478410368,24.642049736247174
4.110242303321536,24.670433145009415
4.111181781400224,24.69879518072289
4.111282105770343,24.72713586751976
4.111410044204694,24.755455229495862
4.111858095713035,24.755455229495862
4.112988240256249,24.783753290710795
4.114088081455777,24.81203007518797
4.115213311088227,24.81203007518797
4.115909546697016,24.81203007518797
4.1169440768987196,24.840285606914694
4.117427932810712,24.840285606914694
4.1177615390447375,24.868519909842224
4.1177719627640474,24.868519909842224
4.1189819393465905,24.868519909842224
4.119143907339872,24.896733007885842
4.119153353037964,24.924924924924923
4.119892945452486,24.953095684803
4.120212758294551,24.953095684803
4.120578216308712,24.981245311327832
4.124865301054957,24.981245311327832
4.125104226019544,24.981245311327832
4.12540721998012,25.009373828271464
4.125754063681027,25.037481259370313
4.12595072429566,25.065567628325212
4.126689158199506,25.0936329588015
4.12884925421485,25.0936329588015
4.1310754440268465,25.121677274429054
4.132519276134554,25.149700598802394
4.132700430127205,25.177702955480736
4.133157908405987,25.205684367988034
4.133288941870011,25.205684367988034
4.135349550493671,25.205684367988034
4.136210591271885,25.205684367988034
4.136236115809764,25.233644859813083
4.136992927109624,25.233644859813083
4.137413647808281,25.233644859813083
4.137471500833262,25.233644859813083
4.137546574913439,25.26158445440957
4.137837613388417,25.26158445440957
4.138806256172587,25.289503175196117
4.14036438527647,25.289503175196117
4.1413044595293975,25.289503175196117
4.143536699777955,25.317401045556387
4.143827408912155,25.317401045556387
4.144129581749464,25.34527808883912
4.144896567612151,25.37313432835821
4.145375175643911,25.37313432835821
4.145971307945583,25.37313432835821
4.1474008968164515,25.37313432835821
4.147731723286843,25.400969787392764
4.148466290370989,25.400969787392764
4.149192045761657,25.428784489187173
4.14988719598006,25.456578456951174
4.150166591098932,25.456578456951174
4.150429282707357,25.48435171385991
4.152074384199426,25.48435171385991
4.152290572426621,25.512104283054004
4.152579162497882,25.512104283054004
4.153257636914861,25.539836187639615
4.156806677462607,25.5675474506885
4.158618000650958,25.5675474506885
4.159463839772363,25.595238095238095
4.161012356895112,25.622908144291557
4.162123585105844,25.622908144291557
4.162402319054406,25.622908144291557
4.163860593860896,25.650557620817843
4.164305423377836,25.678186547751764
4.165310505752159,25.705794947994054
4.165733130282379,25.733382844411434
4.166160918057722,25.760950259836672
4.166397060942526,25.788497217068645
4.168160235495112,25.788497217068645
4.168871578347342,25.816023738872403
4.168900745589291,25.816023738872403
4.169138490857703,25.843529847979234
4.169269504965034,25.843529847979234
4.1716289850037915,25.87101556708673
4.1733139883092205,25.898480918858834
4.178122500191237,25.925925925925924
4.178764318778921,25.953350610884858
4.179586137086587,25.953350610884858
4.1796528382908935,25.953350610884858
4.179998960638815,25.980754996299037
4.182131831265774,26.008139104698486
4.182767158208829,26.035502958579883
4.183069177278001,26.035502958579883
4.1835041911094555,26.035502958579883
4.1838701359164325,26.062846580406656
4.185253962138647,26.062846580406656
4.186552944785786,26.09016999260902
4.188360891313015,26.117473217584042
4.189897462780839,26.117473217584042
4.1920395854027,26.117473217584042
4.192417690786465,26.14475627769572
4.194521000627374,26.17201919527501
4.195377915815729,26.199261992619927
4.195812327881337,26.226484691995573
4.196424256065767,26.253687315634217
4.197675286908583,26.253687315634217
4.1978786003346364,26.28086988573535
4.200756222060829,26.28086988573535
4.201427197064207,26.28086988573535
4.201454523634508,26.28086988573535
4.201922211358359,26.28086988573535
4.202663974906545,26.28086988573535
4.202759015657153,26.28086988573535
4.203275228327319,26.308032424465733
4.203300252777443,26.308032424465733
4.2037594391089375,26.308032424465733
4.203986038988031,26.335174953959484
4.204234299833822,26.335174953959484
4.205608263444887,26.362297496318117
4.207332784483677,26.362297496318117
4.209069291872738,26.362297496318117
4.209353602640967,26.389400073610602
4.209394782957948,26.416482707873435
4.209939112280647,26.443545421110702
4.211468729364074,26.47058823529412
4.212557641252203,26.47058823529412
4.212591589279517,26.4976111723631
4.21274440960533,26.524614254224833
4.212925874264768,26.551597502754316
4.213206888508818,26.57856093979442
4.21430007100227,26.57856093979442
4.214622839665368,26.57856093979442
4.214655410097572,26.57856093979442
4.215169596050201,26.57856093979442
4.216074096450539,26.605504587155966
4.2165212069056395,26.605504587155966
4.216919114329525,26.632428466617753
4.22010267794097,26.632428466617753
4.220587481947772,26.632428466617753
4.22245435736978,26.632428466617753
4.223031038963816,26.65933259992666
4.223576586403134,26.65933259992666
4.224615912116702,26.65933259992666
4.226584377706579,26.65933259992666
4.227859378053629,26.68621700879765
4.228568484029787,26.71308171491389
4.229000463520542,26.71308171491389
4.231503966812355,26.73992673992674
4.23427932109152,26.766752105455875
4.2344469571830174,26.79355783308931
4.2348817027701635,26.79355783308931
4.23631221272335,26.820343944383463
4.236580512987327,26.847110460863206
4.237514206891019,26.87385740402194
4.2381156417769,26.900584795321635
4.242407391874991,26.927292656192915
4.243164335206281,26.927292656192915
4.244327501316625,26.95398100803506
4.244455014271731,26.95398100803506
4.244774200481636,26.98064987221614
4.245259695429557,27.00729927007299
4.245622061956209,27.033929222911347
4.250107282804728,27.033929222911347
4.25376726853603,27.060539752005834
4.253847001474721,27.087130878600075
4.2539975673164685,27.113702623906704
4.254308123416719,27.113702623906704
4.257646308537241,27.140255009107467
4.25802735244462,27.140255009107467
4.258083466331541,27.16678805535324
4.25975642034191,27.193301783764106
4.2601475965936615,27.193301783764106
4.2606719606706465,27.193301783764106
4.261669221776416,27.193301783764106
4.264021175313004,27.193301783764106
4.264179830057332,27.193301783764106
4.264764285962152,27.219796215429405
4.265445344700125,27.219796215429405
4.265674425156769,27.246271371407783
4.265688658357737,27.27272727272727
4.266111954087062,27.299163940385313
4.266328987261628,27.299163940385313
4.267269997726068,27.299163940385313
4.269449982706427,27.299163940385313
4.270038286183609,27.325581395348834
4.270050585825807,27.351979658554303
4.270678594545799,27.351979658554303
4.272163056611876,27.378358750907772
4.273545792722103,27.404718693284934
4.274377534091611,27.431059506531202
4.276922578967426,27.457381211461733
4.277269150079942,27.457381211461733
4.279670705803037,27.483683828861494
4.279876234327066,27.483683828861494
4.280131341403233,27.509967379485325
4.2806781856742955,27.536231884057973
4.280757656989697,27.536231884057973
4.2828352337619435,27.562477363274173
4.2830670781634925,27.562477363274173
4.283464156341532,27.588703837798693
4.283472758993538,27.614911328266377
4.283789465057136,27.641099855282196
4.284259991931073,27.641099855282196
4.284782401632575,27.641099855282196
4.284911645303049,27.641099855282196
4.285050013203376,27.66726943942134
4.28588191435575,27.66726943942134
4.2860762169240845,27.69342010122921
4.287276058484701,27.719551861221543
4.287934549630538,27.74566473988439
4.28835924804531,27.771758757674252
4.289101738763768,27.79783393501805
4.289542028764318,27.823890292313248
4.289736993662264,27.823890292313248
4.290676515424219,27.84992784992785
4.291143527655366,27.875946628200506
4.291570403360709,27.901946647440518
4.291756814977883,27.927927927927925
4.292860753574291,27.953890489913547
4.292894507573608,27.979834353619015
4.294725346688123,28.005759539236863
4.295859702727965,28.005759539236863
4.296609386602237,28.031666066930548
4.2966345237354355,28.05755395683453
4.296903310869701,28.05755395683453
4.297033520748126,28.0834232290543
4.297575997067186,28.109273903666427
4.297695678274832,28.109273903666427
4.297802477646599,28.13510600071865
4.298805207788681,28.13510600071865
4.2997066115637415,28.13510600071865
4.299789187055911,28.160919540229884
4.301038103869782,28.186714542190305
4.305411033309518,28.212491026561377
4.3061054347646355,28.238249013275922
4.3069267899422075,28.263988522238165
4.307872714245957,28.289709573323773
4.308660147299406,28.31541218637993
4.309414719502841,28.31541218637993
4.309663859500896,28.31541218637993
4.310402867082452,28.31541218637993
4.311269169620838,28.341096381225366
4.3117519439556435,28.341096381225366
4.312444721059671,28.36676217765043
4.313493983529381,28.36676217765043
4.313831658763937,28.392409595417114
4.314791446720289,28.392409595417114
4.315488630692663,28.418038654259124
4.31588452911863,28.44364937388193
4.316559138377559,28.44364937388193
4.3165968404732284,28.469241773962807
4.3167661362504495,28.494815874150873
4.316830277756803,28.494815874150873
4.317224779531376,28.520371694067194
4.318133628270742,28.545909253304753
4.3194267132531,28.57142857142857
4.3230779640821675,28.57142857142857
4.323240682314831,28.596929667975722
4.326543229883693,28.596929667975722
4.327264580510118,28.596929667975722
4.327860727825895,28.596929667975722
4.327922830361175,28.596929667975722
4.330272295416865,28.596929667975722
4.33227460753498,28.62241256245539
4.3326875431955685,28.62241256245539
4.333367731251243,28.64787727434891
4.3335162333419905,28.673323823109843
4.334106866288962,28.698752228163993
4.335292132628759,28.698752228163993
4.335655508627904,28.72416250890948
4.335842548871282,28.749554684716777
4.337104351792751,28.774928774928775
4.337200438138094,28.800284798860805
4.33978581621502,28.800284798860805
4.340456074808145,28.825622775800714
4.340456170567603,28.850942725008892
4.342767578763257,28.850942725008892
4.344607802210942,28.87624466571835
4.347732106366384,28.90152861713473
4.350002175814003,28.90152861713473
4.351719328299244,28.926794598436388
4.353493399906402,28.95204262877442
4.353703752044259,28.97727272727273
4.354538110328143,29.00248491302804
4.35459346699252,29.027679205110008
4.3558533297171325,29.027679205110008
4.357090006134449,29.05285562256119
4.358086815828599,29.078014184397162
4.358965864527763,29.10315490960652
4.3592905855516175,29.128277817150956
4.359581497064066,29.15338292596529
4.360160474277017,29.178470254957507
4.360264581730316,29.20353982300885
4.361181916141304,29.22859164897382
4.3621298310983505,29.22859164897382
4.3637902934459785,29.25362575168023
4.364272183954113,29.27864214992928
4.364517014011487,29.27864214992928
4.364531251235373,29.303640862495584
4.364757084698317,29.303640862495584
4.3651397424298075,29.328621908127207
4.366637537760353,29.328621908127207
4.36672518493926,29.328621908127207
4.366751810637769,29.328621908127207
4.366969626411804,29.353585305545742
4.368433728292007,29.37853107344633
4.368573457095278,29.37853107344633
4.370337900426142,29.40345923049771
4.371325915036351,29.428369795342274
4.372696892995229,29.453262786596117
4.372719672992019,29.453262786596117
4.372731104996681,29.478138222849083
4.372948239219265,29.478138222849083
4.372989990589862,29.502996122664786
4.37343515491147,29.52783650458069
4.374422257438513,29.552659387108136
4.37485060072874,29.577464788732392
4.3762226996752585,29.60225272791271
4.377184932080248,29.62702322308234
4.3791083382200355,29.651776292648613
4.379419499765551,29.676511954992968
4.379712375552209,29.701230228471005
4.380388762903258,29.72593113141251
4.380983560231762,29.72593113141251
4.3813529088985055,29.72593113141251
4.383453551174771,29.72593113141251
4.383696728841807,29.75061468212153
4.383843047179601,29.775280898876407
4.385604729079603,29.799929799929796
4.386051472641471,29.82456140350877
4.386625248163782,29.849175727814803
4.387142375020123,29.873772791023846
4.388143442443398,29.873772791023846
4.389673613957826,29.898352611286366
4.390020142724843,29.922915206727403
4.391347071740617,29.947460595446586
4.391881161672148,29.971988795518207
4.392005389844535,29.99649982499125
4.392549247910976,30.02099370188943
4.393540580050389,30.045470444211265
4.394452050509111,30.069930069930066
4.394574890554047,30.094372596994056
4.394583823817373,30.118798043326343
4.395313395206702,30.14320642682501
4.395835618946918,30.16759776536313
4.396094342389648,30.19197207678883
4.396470456101931,30.19197207678883
4.397449320637567,30.19197207678883
4.397870862283638,30.19197207678883
4.39806225096247,30.216329378925334
4.398682814440799,30.240669689570982
4.400229779179429,30.240669689570982
4.400932392993981,30.264993026499305
4.401797029929532,30.289299407459048
4.402557506501745,30.289299407459048
4.403720368732454,30.313588850174217
4.404810023274549,30.313588850174217
4.405182707636356,30.313588850174217
4.405740086313521,30.313588850174217
4.407472875723437,30.337861372344133
4.407884905618118,30.337861372344133
4.410923431155959,30.362116991643457
4.411356172240165,30.386355725722243
4.412808832686776,30.410577592205986
4.414104107396479,30.434782608695656
4.414460308253888,30.45897079276773
4.4147391958488615,30.483142161974282
4.4147698229374015,30.483142161974282
4.416037211394646,30.483142161974282
4.416158259753954,30.50729673384295
4.416828391372348,30.53143452587704
4.417409281034569,30.555555555555557
4.41775364368822,30.579659840333218
4.418284608901364,30.60374739764053
4.41892249277837,30.6278182448838
4.420367286682506,30.6278182448838
4.420751273572009,30.651872399445214
4.4221955657571,30.675909878682845
4.423466392383577,30.6999306999307
4.4238388788563805,30.72393488049879
4.423941812257329,30.747922437673132
4.425198673455867,30.747922437673132
4.425828874900267,30.77189338871582
4.426819623632072,30.79584775086505
4.427437205851233,30.79584775086505
4.428467167028758,30.819785541335175
4.428668640261831,30.843706777316736
4.429340061932241,30.843706777316736
4.429558775767482,30.867611475976496
4.42975540504544,30.891499654457498
4.429790146301008,30.915371329879104
4.430037853183741,30.915371329879104
4.430312747871435,30.939226519337016
4.431030368434348,30.963065239903347
4.431967187447517,30.963065239903347
4.432305140641446,30.986887508626637
4.432877037239433,31.01069334253191
4.432957064273521,31.03448275862069
4.433453478756843,31.05825577387108
4.4349934459785105,31.08201240523777
4.435143731001805,31.08201240523777
4.436804209651493,31.10575266965208
4.437691592638119,31.10575266965208
4.437944911583358,31.10575266965208
4.438127079246477,31.10575266965208
4.438287266508575,31.129476584022036
4.439694518582647,31.153184165232357
4.440341242715438,31.153184165232357
4.4405292807893115,31.17687543014453
4.440935754602859,31.20055039559684
4.441161287251785,31.20055039559684
4.442471003972454,31.224209078404403
4.442533896962086,31.24785149535923
4.442770393657167,31.27147766323024
4.442792115585884,31.29508759876331
4.442826483413948,31.318681318681318
4.443049032484936,31.318681318681318
4.443532118642986,31.318681318681318
4.443993365550063,31.342258839684174
4.444184650406628,31.365820178448867
4.444608524526663,31.3893653516295
4.446690111728075,31.3893653516295
4.448104139784532,31.412894375857338
4.449620365988805,31.412894375857338
4.450042598177847,31.43640726774083
4.450642035217507,31.45990404386566
4.450652116088218,31.483384720794795
4.451770978567901,31.506849315068493
4.4544102414470235,31.506849315068493
4.457566228314937,31.506849315068493
4.457954950634784,31.53029784320438
4.4579578411215675,31.53029784320438
4.4583423927874914,31.553730321697465
4.459495911949517,31.553730321697465
4.459496048743741,31.553730321697465
4.46059169361668,31.577146767020185
4.461956288456382,31.600547195622436
4.463831126866053,31.600547195622436
4.465703764156515,31.600547195622436
4.466013450455239,31.62393162393162
4.466144880743614,31.62393162393162
4.466715364595647,31.62393162393162
4.467486146191208,31.62393162393162
4.468189524975888,31.647300068352703
4.468376192531068,31.67065254526819
4.469732247131125,31.693989071038253
4.4700836409405555,31.693989071038253
4.4718423071347075,31.71730966200068
4.4732027406724955,31.74061433447099
4.473221928225025,31.74061433447099
4.474087200828796,31.763903104742408
4.474529428632923,31.763903104742408
4.4752340537475135,31.78717598908595
4.476668568581472,31.810433003750425
4.478144052351276,31.83367416496251
4.480314699036166,31.85689948892675
4.481021634951201,31.88010899182561
4.481107125914187,31.88010899182561
4.481429712964538,31.88010899182561
4.482638380228892,31.903302689819547
4.483282173608012,31.926480599046968
4.4855950950339025,31.949642735624362
4.485696739336175,31.97278911564626
4.486302040118753,31.99591975518531
4.486402347040225,32.01903467029232
4.487173893864559,32.04213387699627
4.487282782505292,32.065217391304344
4.487710788645735,32.088285229202036
4.487838279046657,32.11133740665309
4.488518746413088,32.13437393959959
4.491131083458807,32.15739484396201
4.49159476307569,32.180400135639196
4.491604466802063,32.180400135639196
4.492422182867966,32.20338983050847
4.492524364588787,32.20338983050847
4.4936589977716315,32.20338983050847
4.4946550319920044,32.226363944425614
4.494804816991062,32.24932249322493
4.495779521520562,32.27226549271927
4.496577235902271,32.29519295870007
4.4972086935688464,32.31810490693739
4.497215464634916,32.34100135317997
4.4979242293896435,32.36388231315522
4.4988589381554975,32.3867478025693
4.499700511169913,32.3867478025693
4.501206943539608,32.3867478025693
4.502149007482968,32.40959783710713
4.502251152682908,32.432432432432435
4.502344064515677,32.45525160418777
4.502856778461487,32.4780553679946
4.504074084535493,32.4780553679946
4.504085289019882,32.50084373945326
4.5048547535120305,32.50084373945326
4.505516989931671,32.523616734143054
4.506513357194082,32.523616734143054
4.50686661479162,32.523616734143054
4.507845236752384,32.54637436762226
4.507903218813359,32.56911665542819
4.508134628680076,32.59184361307718
4.509225163428957,32.61455525606469
4.509704869140553,32.63725159986527
4.510038225036994,32.63725159986527
4.511779250637455,32.659932659932664
4.51326856128065,32.68259845169976
4.514240956993861,32.70524899057873
4.515521710486111,32.70524899057873
4.5160864923603175,32.72788429196098
4.516302996738305,32.72788429196098
4.516489023739744,32.72788429196098
4.517474912228359,32.72788429196098
4.517541673133649,32.75050437121722
4.517823631990919,32.773109243697476
4.519111936455171,32.795698924731184
4.5209040661923146,32.81827342962714
4.5210345593351615,32.81827342962714
4.521858967048622,32.840832773673604
4.521879242417138,32.863376972138305
4.524226021491324,32.88590604026846
4.5243446527219,32.90841999329084
4.524765063522037,32.90841999329084
4.524875331073638,32.93091884641181
4.525096030661587,32.95340261481729
4.525927094827852,32.95340261481729
4.5265825904098,32.975871313672926
4.5271911683998916,32.975871313672926
4.527358113607119,32.99832495812395
4.52869286226672,33.02076356329538
4.5293905565068,33.04318714429193
4.530817743221218,33.065595716198125
4.530929097500365,33.087989294078284
4.53119923759617,33.087989294078284
4.531209131403746,33.11036789297659
4.531369794746749,33.11036789297659
4.531908959016093,33.13273152791709
4.532200743787161,33.13273152791709
4.534216362987648,33.155080213903744
4.534555526917128,33.17741396592048
4.535517241553635,33.199732798931194
4.537152331822787,33.2220367278798
4.5372246391166104,33.244325767690256
4.537270437683197,33.2665999332666
4.537845466715858,33.2665999332666
4.537926440380052,33.28885923949299
4.539089320466103,33.31110370123375
4.539564901755874,33.33333333333333
4.539611564322424,33.35554815061646
4.5401778109495865,33.35554815061646
4.540407506574491,33.35554815061646
4.540502372284775,33.37774816788808
4.540552448016367,33.37774816788808
4.541017424665195,33.3999333999334
4.541706684253554,33.422103861517975
4.5420973415470955,33.44425956738768
4.5430866787696,33.44425956738768
4.543980528746746,33.44425956738768
4.545717427224022,33.4664005322688
4.545794105639202,33.48852677086798
4.5466353444834535,33.48852677086798
4.548009667420952,33.48852677086798
4.548255473851897,33.48852677086798
4.548375825613739,33.51063829787234
4.548860932563388,33.532735127949486
4.549000112383139,33.532735127949486
4.5511448473501295,33.5548172757475
4.552126725004772,33.57688475589505
4.55213121844374,33.57688475589505
4.553665377740592,33.59893758300132
4.55493810024069,33.59893758300132
4.555547816302805,33.59893758300132
4.557501843934359,33.59893758300132
4.558358267293377,33.620975771656155
4.55908664693569,33.620975771656155
4.559460114942625,33.64299933642999
4.559684671846413,33.66500829187397
4.560381895623658,33.687002652519894
4.560473264560278,33.70898243288035
4.560907913422503,33.73094764744864
4.561730925132782,33.75289831069891
4.562113198801881,33.77483443708609
4.562488489110914,33.77483443708609
4.562909667833772,33.79675604104601
4.563539162274554,33.81866313699537
4.5636075228552295,33.84055573933179
4.5644524232486825,33.86243386243386
4.566162471543977,33.88429752066116
4.56640356465358,33.88429752066116
4.566480426070685,33.88429752066116
4.566558095564122,33.906146728354265
4.567665316362982,33.92798149983482
4.56793944116252,33.949801849405546
4.568281295859065,33.97160779135028
4.56857157399235,33.97160779135028
4.568590989915279,33.993399339933994
4.568895429772503,33.993399339933994
4.569083687426193,33.993399339933994
4.569888547495933,33.993399339933994
4.571186013973002,34.01517650940284
4.574274261306712,34.01517650940284
4.574331480084341,34.03693931398417
4.574376237905771,34.03693931398417
4.574633925593565,34.03693931398417
4.575687644156574,34.05868776788658
4.575858264451566,34.05868776788658
4.576510737319346,34.080421885299934
4.577337846978937,34.080421885299934
4.577479711833851,34.080421885299934
4.578101915482882,34.080421885299934
4.578366205368372,34.080421885299934
4.579288147133275,34.080421885299934
4.580081497255856,34.102141680395384
4.581159135256538,34.102141680395384
4.582752779483249,34.102141680395384
4.583910014533631,34.12384716732543
4.585521064068979,34.1455383602239
4.586549630173669,34.16721527320606
4.586773963779373,34.18887792036854
4.588051435092566,34.21052631578947
4.5888667826238345,34.232160473528445
4.589460609425028,34.25378040762656
4.5905983034389095,34.27538613210647
4.590808836993605,34.2969776609724
4.590955876196659,34.31855500821018
4.591688700649521,34.34011818778726
4.591990644584062,34.36166721365277
4.592294143486702,34.38320209973753
4.593460071627854,34.38320209973753
4.593745938718888,34.404722859954084
4.59418080176315,34.42622950819672
4.594392575589122,34.447722058341526
4.594807997515348,34.469200524246396
4.59546640195047,34.469200524246396
4.595521574427822,34.49066491975106
4.5955732390620945,34.51211525867714
4.5975387285953495,34.51211525867714
4.59761102853416,34.53355155482815
4.59829627101261,34.53355155482815
4.599251541848819,34.53355155482815
4.599685685023558,34.53355155482815
4.5999106373757925,34.55497382198953
4.601091976864076,34.55497382198953
4.601167261675091,34.55497382198953
4.602065783004152,34.55497382198953
4.602145966711149,34.55497382198953
4.602581720156265,34.57638207392869
4.60272188861188,34.57638207392869
4.602885438235618,34.57638207392869
4.604121327215314,34.59777632439503
4.6045091201215085,34.619156587119974
4.604889119820115,34.619156587119974
4.605354393316944,34.64052287581699
4.605746138173857,34.66187520418164
4.607466061856628,34.68321358589158
4.609538404006153,34.7045380346066
4.6103662567495585,34.72584856396867
4.611071010126743,34.74714518760196
4.611330870123258,34.74714518760196
4.6116249849987865,34.768427919112845
4.612383761961494,34.78969677208999
4.613539841533602,34.8109517601043
4.613823975620652,34.832192896709024
4.614632080293463,34.85342019543974
4.614861473781443,34.87463366981439
4.615046398641191,34.89583333333333
4.616945674102394,34.91701919947934
4.616988564340132,34.91701919947934
4.617344175073752,34.938191281717636
4.618324628422417,34.959349593495936
4.6185182403109355,34.980494148244475
4.619311350441073,35.00162495937602
4.620887293931403,35.0227420402859
4.621325389108657,35.0227420402859
4.621915157007858,35.04384540435206
4.622086481230141,35.064935064935064
4.623695200617507,35.064935064935064
4.624645583063458,35.064935064935064
4.624946293838452,35.064935064935064
4.626063935686007,35.064935064935064
4.627197041208108,35.08601103537812
4.627512193797535,35.107073329007136
4.627835417037532,35.128121959130716
4.627879783127341,35.1491569390402
4.6288864000268735,35.1491569390402
4.629124016439998,35.1491569390402
4.629242794209115,35.1491569390402
4.629690028195485,35.1491569390402
4.629705768104726,35.1491569390402
4.629773368335228,35.17017828200972
4.630164882254594,35.191186001296174
4.63108153384401,35.21218011013929
4.63520346477871,35.21218011013929
4.635381677190277,35.233160621761655
4.6364478877474715,35.25412754936873
4.636812507421877,35.275080906148865
4.636952308806636,35.29602070527337
4.638091217431566,35.29602070527337
4.638599274392863,35.316946959896505
4.638794312014295,35.316946959896505
4.638796396123843,35.316946959896505
4.640154184971609,35.337859683155514
4.640467353923433,35.358758888170655
4.641235789673663,35.37964458804523
4.642103315635494,35.37964458804523
4.643357789565519,35.37964458804523
4.643858409440005,35.400516795865634
4.644410162121005,35.400516795865634
4.644445014290008,35.421375524701325
4.644938921816837,35.4422207876049
4.645052119184516,35.46305259761213
4.645894152654756,35.46305259761213
4.646268251063696,35.46305259761213
4.647406633179646,35.483870967741936
4.648760728857128,35.504675910996454
4.649669837615503,35.525467440361055
4.650480065146562,35.54624556880439
4.651610806628976,35.56701030927835
4.651656791748242,35.5877616747182
4.653584512435717,35.6084996780425
4.65371281915663,35.6292243321532
4.654548660517198,35.64993564993565
4.654555037361237,35.64993564993565
4.654661437086807,35.6706336442586
4.655307171063643,35.69131832797427
4.655913169406254,35.71198971391835
4.6595787110427365,35.732647814910024
4.659607069658539,35.732647814910024
4.662703022813988,35.75329264375201
4.66379212145444,35.77392421323057
4.664937886408388,35.77392421323057
4.665411258031721,35.79454253611557
4.66719740082456,35.79454253611557
4.667470401340973,35.79454253611557
4.667680647196178,35.815147625160456
4.667830561458654,35.815147625160456
4.668005874396418,35.815147625160456
4.668279232250038,35.835739493102345
4.669154892565392,35.85631815266196
4.669430711278881,35.85631815266196
4.670763477481415,35.876883616543765
4.671319006995958,35.8974358974359
4.67240937180204,35.8974358974359
4.673774530028151,35.91797500801025
4.675363532016943,35.93850096092249
4.676223374613129,35.93850096092249
4.676307664765031,35.959013768812035
4.67645646199536,35.959013768812035
4.677437923759241,35.97951344430218
4.679413136989875,36.0
4.679593636777503,36.0
4.6799934033193376,36.02047344849648
4.68066321115933,36.04093380236649
4.680990609376858,36.0613810741688
4.681908523386381,36.0613810741688
4.682195360563628,36.08181527644615
4.682278172506776,36.102236421725244
4.682505809807451,36.122644522516765
4.682540611532246,36.122644522516765
4.682866917765384,36.14303959131545
4.684307898807522,36.16342164060006
4.685897692610148,36.16342164060006
4.68744218418959,36.18379068283344
4.6875092066540045,36.18379068283344
4.6876148870471255,36.20414673046252
4.687892052760376,36.224489795918366
4.68796171315059,36.224489795918366
4.688580002291709,36.224489795918366
4.688835011238596,36.244819891616196
4.689017775296582,36.26513702995538
4.689062600045383,36.26513702995538
4.6896340963229886,36.26513702995538
4.690470296190556,36.26513702995538
4.690499828922221,36.26513702995538
4.691286838058046,36.28544122331953
4.691323063474138,36.30573248407643
4.691793717133743,36.30573248407643
4.692039527728511,36.32601082457816
4.69222735318614,36.32601082457816
4.692310843519337,36.32601082457816
4.693532332027042,36.32601082457816
4.694111040812772,36.32601082457816
4.6941214087998855,36.346276257161044
4.695273870156077,36.346276257161044
4.696792086886358,36.346276257161044
4.697615626730035,36.346276257161044
4.697871440750556,36.346276257161044
4.698041603048164,36.346276257161044
4.699131080345731,36.36652879414572
4.699188363078029,36.38676844783715
4.701458401861657,36.40699523052464
4.701459198038201,36.42720915448188
4.701917874876885,36.447410231966956
4.702252928647211,36.46759847522236
4.703745416360218,36.487773896475076
4.704325514749458,36.507936507936506
4.704851131532571,36.5280863218026
4.705555092992322,36.5280863218026
4.705697712590873,36.5280863218026
4.7057569406217805,36.5280863218026
4.7064527023655165,36.54822335025381
4.706848640496959,36.54822335025381
4.707862301516265,36.56834760545512
4.708199627547235,36.58845909955612
4.708958918999762,36.608557844690964
4.709689503068098,36.628643852978456
4.710119482745021,36.628643852978456
4.710956493485323,36.648717136522016
4.711226354275555,36.648717136522016
4.712224915767502,36.66877770740975
4.712355097260422,36.68882557771447
4.712374583312088,36.68882557771447
4.712393218028618,36.708860759493675
4.712908771507526,36.72888326478962
4.713634564421656,36.74889310562935
4.714014722733363,36.74889310562935
4.714088246810862,36.74889310562935
4.714862732264282,36.74889310562935
4.716585019971641,36.74889310562935
4.71715813032255,36.76889029402466
4.717317070774628,36.76889029402466
4.717690562734589,36.78887484197219
4.718538260943288,36.78887484197219
4.719515413793628,36.808846761453395
4.719993990681936,36.808846761453395
4.720065417628885,36.828806064434616
4.720215952468901,36.848752762867065
4.720821231258728,36.848752762867065
4.721078400001737,36.868686868686865
4.722131832623207,36.88860839381508
4.722357854787516,36.90851735015773
4.722470335674772,36.9284137496058
4.722547429881672,36.948297604035304
4.7226284402120955,36.96816892530728
4.723123424469568,36.96816892530728
4.7234009016381515,36.988027725267806
4.725229790352192,36.988027725267806
4.726083447509582,37.00787401574803
4.726468062290818,37.02770780856423
4.727687885983654,37.04752911551778
4.728939280854984,37.04752911551778
4.729243303519058,37.06733794839522
4.730501555447661,37.06733794839522
4.7310595399539395,37.06733794839522
4.73113686994354,37.08713431896823
4.731487462764288,37.08713431896823
4.731622687609805,37.08713431896823
4.7318756688244,37.10691823899371
4.731987888316572,37.12668972021377
4.7326004783866225,37.12668972021377
4.732918704680721,37.14644877435575
4.733873553441586,37.166195413132264
4.7339042900857216,37.166195413132264
4.734075184046082,37.166195413132264
4.73418531028546,37.185929648241206
4.734754935144016,37.185929648241206
4.734760868158193,37.20565149136578
4.735040741760332,37.22536095417451
4.7361417557102055,37.245058048321305
4.73676806367413,37.245058048321305
4.738286433790751,37.26474278544542
4.738329775433953,37.284415177171525
4.738331088507112,37.284415177171525
4.7385192266263205,37.30407523510972
4.738965309836739,37.30407523510972
4.739793009860229,37.323722970855535
4.740477819182554,37.323722970855535
4.742321602254425,37.323722970855535
4.7423653112703255,37.34335839598997
4.7425703340199785,37.362981522079544
4.743033285439667,37.362981522079544
4.743381631050612,37.38259236067627
4.743724973487247,37.38259236067627
4.745069646920236,37.40219092331768
4.746388854148292,37.42177722152691
4.747521492855829,37.42177722152691
4.748271517458616,37.44135126681264
4.748304598538704,37.44135126681264
4.748627097221905,37.44135126681264
4.748801311521706,37.460913070669164
4.749032054742651,37.48046264457643
4.749922945849088,37.5
4.750618985128081,37.519525148391125
4.750793799390106,37.519525148391125
4.751432514653598,37.539038101186755
4.751686023783764,37.539038101186755
4.75276823167883,37.55853886980955
4.753227175513936,37.578027465667915
4.753691562057625,37.578027465667915
4.753974522111815,37.597503900156006
4.756137208092629,37.61696818465378
4.758220952344792,37.636420330526974
4.758531585224847,37.636420330526974
4.7587865601174535,37.636420330526974
4.759438101341532,37.65586034912718
4.760228121256704,37.675288251791834
4.760537482297404,37.675288251791834
4.761193867344252,37.69470404984423
4.76254069155143,37.714107754593584
4.762662471307659,37.714107754593584
4.76314519903946,37.714107754593584
4.76361940439102,37.733499377334994
4.764973986674393,37.752878929349514
4.765064683346437,37.77224642190417
4.76555183083616,37.791601866251945
4.765598939496092,37.81094527363184
4.76656880808412,37.81094527363184
4.7674295884189215,37.83027665526888
4.7685681496690755,37.84959602237414
4.768660190093252,37.868903386144765
4.768818156136101,37.88819875776397
4.769365771710077,37.907482148401115
4.769488535208269,37.92675356921167
4.770703020045706,37.94601303133726
4.771682064212046,37.96526054590571
4.771693715143497,37.98449612403101
4.7719214406202095,38.00371977681339
4.773578609023833,38.02293151533932
4.773926484493434,38.04213135068154
4.776327966083405,38.04213135068154
4.777016356684847,38.06131929389904
4.777108326870769,38.080495356037154
4.777794253620322,38.09965954812751
4.779744295824418,38.11881188118812
4.780182199551855,38.137952366223324
4.780532316626417,38.15708101422387
4.78060846377197,38.17619783616693
4.780820959013272,38.19530284301607
4.781716129205124,38.19530284301607
4.782281883318498,38.19530284301607
4.782794951254497,38.21439604572135
4.782804734895288,38.23347745521927
4.782976486252273,38.25254708243285
4.784058511858173,38.25254708243285
4.784192082057422,38.2716049382716
4.784354068675121,38.2906510336316
4.784427606920977,38.30968537939544
4.78452738014784,38.30968537939544
4.784793026307346,38.30968537939544
4.785465277197354,38.30968537939544
4.7861693437730075,38.30968537939544
4.787095380041145,38.32870798643231
4.787224580245974,38.34771886559803
4.788610134737738,38.366718027734976
4.790110355916315,38.366718027734976
4.790455278569601,38.38570548367221
4.790672232860219,38.40468124422544
4.791077261066648,38.40468124422544
4.79191722796706,38.42364532019704
4.79267221836118,38.42364532019704
4.792906070936104,38.442597722376114
4.792938605254815,38.46153846153847
4.795574865059395,38.46153846153847
4.796081612571819,38.48046754844663
4.796503106520634,38.49938499384994
4.797739658489063,38.51829080848447
4.797899410828547,38.51829080848447
4.798088249050882,38.51829080848447
4.7984417842427565,38.53718500307314
4.802012998483024,38.556067588325654
4.802301510609939,38.57493857493858
4.802454715661471,38.593797973595336
4.803641873830179,38.593797973595336
4.804299751560819,38.61264579496624
4.8043075423166215,38.631482049708495
4.80463865427652,38.65030674846626
4.804711380871269,38.65030674846626
4.805785208594089,38.65030674846626
4.805956305775769,38.669119901870594
4.806418982294693,38.669119901870594
4.807163179442651,38.68792152053955
4.8080245476211285,38.70671161507815
4.808364245941032,38.70671161507815
4.80880164375424,38.72549019607843
4.80962543523789,38.74425727411945
4.80977342180609,38.7630128597673
4.810094397614251,38.7630128597673
4.811911798803921,38.78175696357515
4.8129347457379605,38.80048959608323
4.813132146370882,38.81921076781891
4.814159978692487,38.837920489296636
4.814664313253414,38.856618771018034
4.816541170294286,38.87530562347188
4.8167410358811455,38.87530562347188
4.818020458365263,38.89398105713413
4.818057512551279,38.89398105713413
4.81828554561443,38.89398105713413
4.818540073703963,38.912645082467925
4.819444815844514,38.93129770992366
4.821169586599838,38.949938949938954
4.821210125234928,38.96856881293866
4.82244091703909,38.96856881293866
4.823035380253195,38.96856881293866
4.823061741995241,38.96856881293866
4.82399093556227,38.96856881293866
4.824470323404774,38.987187309334956
4.824656532324518,39.00579444952729
4.825082580841218,39.00579444952729
4.825235708346301,39.02439024390244
4.825424394281492,39.042974702834506
4.825666050272776,39.061547836684944
4.826169312962056,39.080109655802616
4.826984388513198,39.080109655802616
4.827007547218701,39.09866017052375
4.8274950764550075,39.117199391171994
4.827802924732042,39.13572732805843
4.828306278128091,39.13572732805843
4.828954793010386,39.15424399148159
4.829004330451486,39.17274939172749
4.8294909834974575,39.17274939172749
4.829930734354774,39.191243539069625
4.830945145646638,39.209726443769
4.831135021195819,39.209726443769
4.831183882207783,39.22819811607414
4.832981731759401,39.22819811607414
4.833306205415211,39.24665856622114
4.834038079393137,39.26510780443365
4.834445727780191,39.28354584092289
4.834609685534203,39.28354584092289
4.8371851506415675,39.30197268588771
4.837899639668037,39.32038834951456
4.83858104039647,39.33879284197756
4.838861597235702,39.35718617343845
4.840079741804616,39.37556835404668
4.840518652170631,39.37556835404668
4.8411512498728415,39.37556835404668
4.84241764904281,39.37556835404668
4.842860748766371,39.39393939393939
4.843045566467633,39.39393939393939
4.843289311030037,39.41229930324145
4.843881397091519,39.41229930324145
4.843975435715614,39.43064809206541
4.845005175563765,39.43064809206541
4.846760055825951,39.43064809206541
4.84711747182583,39.43064809206541
4.847160959566051,39.43064809206541
4.847898464244836,39.448985770511655
4.848117346286495,39.448985770511655
4.848587751200307,39.46731234866828
4.848981058119501,39.46731234866828
4.849678448342251,39.46731234866828
4.8507706172275125,39.4856278366112
4.851064940472598,39.4856278366112
4.851633934030836,39.4856278366112
4.8517262868372955,39.50393224440412
4.85181472056286,39.52222558209858
4.853803395166601,39.54050785973398
4.853874850517258,39.55877908733756
4.8539809054689,39.577039274924466
4.854702590407407,39.59528843249773
4.854768235475453,39.61352657004831
4.856241373731287,39.631753697555084
4.856574200424512,39.631753697555084
4.8571372101348285,39.64996982498491
4.857264143764295,39.66817496229261
4.857606674065325,39.66817496229261
4.859098606220963,39.66817496229261
4.859323299381939,39.68636911942099
4.859499922336163,39.70455230630087
4.859657421109143,39.72272453285112
4.861535982840929,39.74088580897861
4.862159943597408,39.75903614457831
4.862683642888274,39.777175549533276
4.862970846460779,39.79530403371463
4.863399756982591,39.81342160698164
4.863701830255917,39.81342160698164
4.863818159126342,39.83152827918171
4.86410018180563,39.849624060150376
4.864647046257773,39.849624060150376
4.8646957367672545,39.867708959711365
4.864738233057105,39.867708959711365
4.865480397387595,39.867708959711365
4.8658118113332,39.885782987676585
4.865971214019433,39.90384615384615
4.867497104172531,39.92189846800841
4.868598625778537,39.92189846800841
4.869459265471766,39.92189846800841
4.870872909926955,39.93993993993994
4.872238159227067,39.93993993993994
4.872617593344591,39.93993993993994
4.873299414193338,39.93993993993994
4.874753631520223,39.95797057940558
4.874878478083876,39.97599039615846
4.875009583632358,39.97599039615846
4.875220551352988,39.993999399939995
4.875236579892524,39.993999399939995
4.875972738550888,40.0119976004799
4.876253203338671,40.02998500749625
4.878008418481596,40.04796163069545
4.87856807514658,40.04796163069545
4.879495524786347,40.06592747977225
4.880175482535198,40.06592747977225
4.880882224540001,40.083882564409826
4.8816376072298535,40.101826894279725
4.883058904561257,40.119760479041915
4.883130788644759,40.13768332834481
4.883649891611548,40.155595451825256
4.884606004566846,40.17349685910859
4.884844119822344,40.19138755980861
4.885426741715681,40.19138755980861
4.886304693507764,40.20926756352765
4.886372170446276,40.227136879856545
4.887932573990686,40.244995518374665
4.888118488822926,40.26284348864994
4.8881595154622834,40.280680800238876
4.889123901545451,40.298507462686565
4.889327977065026,40.31632348552671
4.890630556900754,40.334128878281625
4.890884698944493,40.351923650462275
4.891045765583364,40.351923650462275
4.891267131910071,40.351923650462275
4.893540197740344,40.369707811568276
4.8938121277272355,40.38748137108793
4.89398520664856,40.405244338498214
4.895458437979383,40.405244338498214
4.89546204159237,40.42299672326482
4.895909524593932,40.44073853484217
4.8965010085691425,40.44073853484217
4.896646000410031,40.45846978267342
4.898684516027535,40.45846978267342
4.89916657366925,40.476190476190474
4.899664848677206,40.476190476190474
4.900353763509387,40.493900624814046
4.900527853986303,40.493900624814046
4.901110739223104,40.5116002379536
4.90131911349728,40.5116002379536
4.9017169970709045,40.5116002379536
4.902595002649936,40.52928932500743
4.90320920178193,40.52928932500743
4.903427106809334,40.54696789536266
4.904631512362317,40.56463595839524
4.90486479725105,40.56463595839524
4.905370303140944,40.56463595839524
4.905452092359222,40.56463595839524
4.905745465265426,40.58229352346999
4.910023573389723,40.599940599940595
4.910173671115867,40.61757719714964
4.910286065412681,40.635203324428616
4.910464448728141,40.652818991097924
4.911270476605925,40.670424206466926
4.911745438675684,40.670424206466926
4.911816272502609,40.670424206466926
4.912669871530563,40.68801897983393
4.9135795070048465,40.68801897983393
4.913876699110805,40.70560332048622
4.91510684086945,40.70560332048622
4.915165378570517,40.72317723770006
4.917634677335208,40.74074074074074
4.918160312480804,40.758293838862556
4.918538545018375,40.77583654130885
4.9188257218866696,40.77583654130885
4.920656159178841,40.79336885731202
4.920712048298387,40.79336885731202
4.920798131170892,40.79336885731202
4.920812520239571,40.79336885731202
4.92175172174624,40.81089079609352
4.921894163265418,40.81089079609352
4.922003193390454,40.828402366863905
4.922953484722474,40.845903578822835
4.923003516559124,40.86339444115908
4.9242969029281,40.86339444115908
4.924832910163543,40.880874963050545
4.9253427949236555,40.8983451536643
4.926169000124772,40.91580502215657
4.927067847506501,40.93325457767277
4.927497157642412,40.95069382934751
4.928489210440567,40.95069382934751
4.928767203989732,40.95069382934751
4.929372302049259,40.95069382934751
4.929459615105699,40.968122786304605
4.929642318353164,40.98554145765713
4.930143985670047,40.98554145765713
4.9310670985444585,41.00294985250738
4.931563579017217,41.02034797994692
4.9316487992337175,41.0377358490566
4.932537290300995,41.055113468906576
4.932939876531162,41.055113468906576
4.934514423128904,41.072480848556275
4.934726453610169,41.072480848556275
4.935752147830039,41.08983799705449
4.935812026152044,41.08983799705449
4.9368691232865425,41.08983799705449
4.936920782745075,41.10718492343934
4.93738118522283,41.1245216367383
4.937704085049934,41.14184814596822
4.938318359713663,41.15916446013534
4.938619984130105,41.17647058823529
4.938832966651832,41.17647058823529
4.93940299989768,41.17647058823529
4.939485663233726,41.19376653925316
4.939983156369442,41.19376653925316
4.941399736272994,41.19376653925316
4.941938299761724,41.21105232216343
4.942304848409669,41.22832794593006
4.942694664300364,41.24559341950646
4.942750225148433,41.262848751835534
4.943124773669315,41.262848751835534
4.945472354986429,41.28009395184968
4.945481476372084,41.2973290284708
4.94553180840028,41.31455399061033
4.9471350600210435,41.33176884716926
4.94714952074142,41.33176884716926
4.947334372928947,41.348973607038126
4.9473389521009565,41.348973607038126
4.947800184429975,41.348973607038126
4.947822351313393,41.36616827909704
4.947868059943029,41.36616827909704
4.948140140895467,41.38335287221571
4.9483905285202,41.40052739525345
4.949086469099684,41.41769185705917
4.949324539129645,41.41769185705917
4.949722795571288,41.41769185705917
4.950788868531664,41.41769185705917
4.951043865160243,41.434846266471446
4.951120333479065,41.434846266471446
4.951231873875119,41.451990632318505
4.952314445638051,41.451990632318505
4.95308265799192,41.4691249634182
4.953543238519174,41.48624926857812
4.954060936230841,41.503363556595495
4.955984086459111,41.503363556595495
4.956361744228525,41.52046783625731
4.9589056668472935,41.53756211634025
4.962047578379691,41.53756211634025
4.962544500024238,41.554646405610754
4.962709856554106,41.571720712825005
4.9631259022231795,41.58878504672897
4.963679337790449,41.58878504672897
4.964731899961909,41.605839416058394
4.965124488710275,41.62288382953882
4.96603666171475,41.62288382953882
4.966236852103316,41.62288382953882
4.967147297773001,41.62288382953882
4.968814448596538,41.639918295885614
4.96896180591019,41.656942823803966
4.9700209247387495,41.673957421988916
4.97024984720457,41.690962099125365
4.970425341397068,41.70795686388808
4.97133488191636,41.72494172494173
4.971688672053281,41.74191669094087
4.972408961870342,41.74191669094087
4.972682016836385,41.758881770529996
4.972728815771987,41.77583697234352
4.973344953710212,41.77583697234352
4.973631319790165,41.79278230500582
4.973924891815883,41.79278230500582
4.974181094287456,41.79278230500582
4.9745784196743115,41.80971777713122
4.975526323614893,41.82664339732403
4.976239264452812,41.84355917417854
4.9768195815959615,41.86046511627907
4.977125976595428,41.877361232199945
4.977931500648174,41.89424753050552
4.978543919129622,41.91112401975022
4.979467211267681,41.92799070847851
4.979538386288803,41.92799070847851
4.981296160020894,41.944847605224965
4.9814751168046145,41.96169471851422
4.9832645582982735,41.96169471851422
4.984939914814424,41.97853205686104
4.9854891614383465,41.9953596287703
4.985991550193834,41.9953596287703
4.986116276960383,41.9953596287703
4.986232574413303,42.01217744273703
4.986241395541827,42.028985507246375
4.986429539485075,42.045783830773686
4.986955459991177,42.06257242178447
4.987361664220552,42.079351288734436
4.988993819884005,42.079351288734436
4.989052866318157,42.096120440069484
4.989058692933246,42.11287988422576
4.98927600070808,42.129629629629626
4.989291889147702,42.14636968469772
4.989797547666035,42.1631000578369
4.992748771877744,42.1631000578369
4.992934321424668,42.1631000578369
4.993333478430625,42.17982075744435
4.993510438474108,42.19653179190752
4.995052425844951,42.21323316960416
4.995323640343297,42.21323316960416
4.995350485359275,42.22992489890237
4.9982820927378535,42.22992489890237
4.998469672698037,42.24660698816056
4.998674966107948,42.24660698816056
5.000702402141097,42.263279445727484
