time,conversion
0.002238525745943425,0.0
0.012265127840590626,0.0
0.019572091923870116,0.0
0.02745353602518001,0.0
0.029105675119008786,0.0
0.030326809588423365,0.0
0.03997377249481166,0.0
0.06225683434209302,0.0
0.06260946175486623,0.0
0.06337698135344738,0.0
0.07004693173718714,0.0
0.07624424282044076,0.0
0.08352727672964917,0.0
0.08934696613348547,0.0
0.09309676449652861,0.0
0.12116355572798543,0.0
0.12203214096218222,0.0
0.12302936643991477,0.0
0.12691805476732287,0.0
0.1304329750381881,0.0
0.1337894263636808,0.0
0.13630034960677928,0.0
0.13764311655073935,0.0
0.16067536048802364,0.0
0.16595038830180034,0.0
0.17101896249387327,0.0
0.17200367601790237,0.0
0.18060036267512025,0.0
0.18797353820117502,0.0
0.19156435424237445,0.0
0.1934331193601534,0.0
0.19498447594711152,0.0
0.20084283895892088,0.0
0.20541317664447453,0.0
0.21037399240701907,0.0
0.211928152964516,0.0
0.21500090935883895,0.0
0.22175345151648623,0.0
0.22768630681704288,0.0
0.24083471782557614,0.0
0.2411712231145885,0.0
0.24787470150217483,0.0
0.2508891033982503,0.0
0.25494135076476426,0.0
0.256572275824419,0.0
0.25687602398708936,0.0
0.25727156206395185,0.0
0.25829080404446086,0.0
0.26358308164279115,0.0
0.2664500294611021,0.0
0.26930719407351317,0.0
0.2694516717534948,0.0
0.27167885607566566,0.0
0.27646820659787735,0.0
0.2797630182464118,0.0
0.2803070918260722,0.0
0.29000318323262014,0.0
0.2908915696266473,0.0
0.29360098366523674,0.0
0.2941505671662347,0.04997501249375312
0.2968089194969436,0.04997501249375312
0.2978572837598653,0.04997501249375312
0.2990267880795941,0.04997501249375312
0.31114786736359873,0.04997501249375312
0.3137362378343962,0.04997501249375312
0.3173502695775476,0.04997501249375312
0.31744383624314004,0.04997501249375312
0.31794693454320644,0.04997501249375312
0.31865354673699403,0.04997501249375312
0.33046620398361903,0.04997501249375312
0.3322510040563433,0.04997501249375312
0.33531248679099485,0.04997501249375312
0.33763409961979607,0.04997501249375312
0.33832833306934923,0.04997501249375312
0.33959830768058347,0.04997501249375312
0.34213759112097775,0.04997501249375312
0.34554594220580126,0.04997501249375312
0.34573133713333165,0.04997501249375312
0.3468511038045618,0.04997501249375312
0.35342219766206884,0.04997501249375312
0.35375687356480345,0.04997501249375312
0.3610367530788765,0.04997501249375312
0.3691227134069239,0.04997501249375312
0.3694560625013825,0.04997501249375312
0.370511430835021,0.04997501249375312
0.37359177495735074,0.04997501249375312
0.3754045173216552,0.04997501249375312
0.37726915081281137,0.04997501249375312
0.38297185386341676,0.04997501249375312
0.3858529965076658,0.04997501249375312
0.3950581022502108,0.0999000999000999
0.39629121027541553,0.0999000999000999
0.4034773839481451,0.0999000999000999
0.405492701215668,0.0999000999000999
0.40875485712454634,0.0999000999000999
0.41414222984719473,0.0999000999000999
0.41605014913786914,0.0999000999000999
0.4163662052994141,0.0999000999000999
0.4232216161844033,0.0999000999000999
0.4264347113018574,0.0999000999000999
0.4303492080298967,0.0999000999000999
0.4336680056597155,0.0999000999000999
0.43779487788225036,0.0999000999000999
0.4403221601337466,0.0999000999000999
0.4412933518228819,0.0999000999000999
0.44280698669789836,0.0999000999000999
0.44601022994874806,0.0999000999000999
0.4498271937615877,0.0999000999000999
0.4502715310737029,0.0999000999000999
0.45285342853322796,0.0999000999000999
0.46058588041979465,0.0999000999000999
0.46083062051140866,0.0999000999000999
0.4633176400316597,0.0999000999000999
0.4651100412352251,0.0999000999000999
0.4662339628417743,0.0999000999000999
0.46777621869991376,0.0999000999000999
0.4681537773467292,0.0999000999000999
0.4683101255541341,0.0999000999000999
0.4691835132932745,0.0999000999000999
0.472474172630765,0.0999000999000999
0.4737722397512245,0.0999000999000999
0.47653577221816357,0.0999000999000999
0.4768705431666128,0.0999000999000999
0.47932492582158565,0.0999000999000999
0.48025274057813516,0.0999000999000999
0.4811182176867296,0.0999000999000999
0.4811675258076702,0.0999000999000999
0.48236873455156004,0.0999000999000999
0.482792917849977,0.0999000999000999
0.4870711269268399,0.0999000999000999
0.4883960843173241,0.14977533699450823
0.49460947993069754,0.14977533699450823
0.49633373604965836,0.14977533699450823
0.4970982711132126,0.14977533699450823
0.4980180937319553,0.14977533699450823
0.5009862948652246,0.14977533699450823
0.5017574208924831,0.14977533699450823
0.505476291823563,0.14977533699450823
0.506952295336596,0.14977533699450823
0.5079202053248668,0.14977533699450823
0.5079689235584187,0.14977533699450823
0.5088224882928514,0.14977533699450823
0.5129316838276888,0.19960079840319359
0.5203139346644879,0.19960079840319359
0.5239404565552089,0.24937655860349126
0.5261797887577642,0.29910269192422734
0.5271252185790761,0.29910269192422734
0.5272742097419711,0.29910269192422734
0.5276084220268245,0.29910269192422734
0.5294197682399289,0.29910269192422734
0.5316364501148955,0.29910269192422734
0.5338310995935178,0.29910269192422734
0.53598828292546,0.29910269192422734
0.5372002253839906,0.29910269192422734
0.5398332684482477,0.29910269192422734
0.5406651374905572,0.29910269192422734
0.5409651170367893,0.29910269192422734
0.5425152956318149,0.29910269192422734
0.5463254756696445,0.29910269192422734
0.5523110131054306,0.29910269192422734
0.5524608022466695,0.29910269192422734
0.5540635217730799,0.29910269192422734
0.5545839141619161,0.29910269192422734
0.5555123145108547,0.29910269192422734
0.5580204241610954,0.29910269192422734
0.559888142124306,0.29910269192422734
0.5622159186062062,0.29910269192422734
0.5634182383929001,0.29910269192422734
0.5645648522124583,0.3487792725460887
0.5702397797821177,0.3487792725460887
0.5753865452707637,0.3487792725460887
0.5790495941948157,0.3487792725460887
0.5791682272642666,0.3487792725460887
0.5816595585644531,0.3487792725460887
0.5842070709832732,0.3487792725460887
0.5867427849758563,0.3487792725460887
0.5896590164981328,0.3487792725460887
0.5907893192175777,0.3487792725460887
0.5926728682026271,0.398406374501992
0.5942565246228875,0.398406374501992
0.5949611585469261,0.44798407167745147
0.5972724249598182,0.44798407167745147
0.5985591221634182,0.44798407167745147
0.6006969640755006,0.44798407167745147
0.6029076300778131,0.44798407167745147
0.6032944445331089,0.44798407167745147
0.6044481508676446,0.44798407167745147
0.6061147956804657,0.44798407167745147
0.6071690771240831,0.4975124378109453
0.608952548056629,0.4975124378109453
0.609739746564188,0.5469915464942815
0.6120368552158493,0.5469915464942815
0.616872001976632,0.5469915464942815
0.6182379624540748,0.5469915464942815
0.6190606630812356,0.5469915464942815
0.62076266161287,0.5469915464942815
0.6240293375631042,0.5469915464942815
0.6281007761440468,0.5469915464942815
0.6297357989765469,0.5469915464942815
0.6325580113712573,0.5469915464942815
0.6339778334577502,0.5469915464942815
0.6370543551775006,0.5469915464942815
0.6407312331342564,0.5469915464942815
0.6435120028225884,0.5469915464942815
0.644103497752432,0.5469915464942815
0.6441284795984771,0.5964214711729622
0.6472396265157014,0.5964214711729622
0.6562486685828185,0.5964214711729622
0.6569228665925512,0.5964214711729622
0.6581987317940343,0.5964214711729622
0.660024786412099,0.5964214711729622
0.6624787673000376,0.5964214711729622
0.6628234044934812,0.5964214711729622
0.6659979385555395,0.5964214711729622
0.6674646549948691,0.5964214711729622
0.6692691165167014,0.5964214711729622
0.6715304046700636,0.5964214711729622
0.6721609620738108,0.5964214711729622
0.6749250298163866,0.5964214711729622
0.6764067550682754,0.5964214711729622
0.6804909588192817,0.5964214711729622
0.6804963744653046,0.5964214711729622
0.6804971990809355,0.5964214711729622
0.6819218226998046,0.5964214711729622
0.6822163951834699,0.5964214711729622
0.6840573246228366,0.5964214711729622
0.6854235862420707,0.5964214711729622
0.6864022948306655,0.5964214711729622
0.6916049015708484,0.5964214711729622
0.6921687921194798,0.5964214711729622
0.6923479440727559,0.5964214711729622
0.6935676620854092,0.5964214711729622
0.6949209371437567,0.5964214711729622
0.6959086099803851,0.5964214711729622
0.6989746799173516,0.5964214711729622
0.7015419601519582,0.5964214711729622
0.7033428279183129,0.6458022851465475
0.7044508114257471,0.6458022851465475
0.7087896588671233,0.6458022851465475
0.7118610368605339,0.6458022851465475
0.713233327676272,0.6458022851465475
0.714533247342107,0.6458022851465475
0.7158120254891248,0.6458022851465475
0.7237297848764248,0.6458022851465475
0.7328773955555409,0.6458022851465475
0.7359889014768922,0.6458022851465475
0.7367342286594822,0.6458022851465475
0.7385983854235447,0.6458022851465475
0.7409718982875472,0.6458022851465475
0.7442947012524689,0.6458022851465475
0.7461482904310031,0.6458022851465475
0.747306361764016,0.6458022851465475
0.7501533382124913,0.6458022851465475
0.7508099166882057,0.6951340615690168
0.7547633107676852,0.6951340615690168
0.7553546889450695,0.6951340615690168
0.7554198830407075,0.6951340615690168
0.756247227412907,0.7444168734491315
0.7583981698091408,0.7444168734491315
0.7584849878920564,0.7444168734491315
0.7593284817346597,0.7444168734491315
0.760054509794241,0.7444168734491315
0.7602556229604254,0.7444168734491315
0.7612996345357625,0.7444168734491315
0.7615469926359925,0.7444168734491315
0.7624769431242947,0.7936507936507936
0.7633101498096939,0.842835894893406
0.7637575237863913,0.842835894893406
0.7645702482575633,0.842835894893406
0.7646360387336064,0.842835894893406
0.7648162777435552,0.842835894893406
0.7675805122214368,0.8919722497522299
0.7697629290397038,0.8919722497522299
0.7707734578457542,0.8919722497522299
0.7718940301203019,0.8919722497522299
0.7721979339691913,0.8919722497522299
0.7736801051418459,0.8919722497522299
0.7755414195859264,0.8919722497522299
0.7793862714711315,0.9410599306587419
0.782312718523373,0.9410599306587419
0.7837639320916846,0.9900990099009901
0.7841748489427026,0.9900990099009901
0.7884085419767789,1.0390895596239487
0.7892838449843955,1.0390895596239487
0.7904355871150339,1.0390895596239487
0.7911775918664838,1.0390895596239487
0.7942118721067307,1.0390895596239487
0.7956248940753154,1.0390895596239487
0.7985487742277325,1.0390895596239487
0.8001311307880872,1.0390895596239487
0.8013931728137893,1.0390895596239487
0.8057048107913748,1.0880316518298714
0.8061126046822522,1.0880316518298714
0.8062547229528536,1.0880316518298714
0.8081684134462853,1.0880316518298714
0.8082123258132241,1.1369253583786456
0.8092597056773649,1.1369253583786456
0.8113377283655279,1.1369253583786456
0.8123551507427544,1.1369253583786456
0.8134968154011248,1.1369253583786456
0.8155707312262319,1.1369253583786456
0.8158448410356232,1.1369253583786456
0.8181592913401229,1.1369253583786456
0.8199120449680539,1.1369253583786456
0.8201495818724801,1.1369253583786456
0.8221071824560291,1.185770750988142
0.8222665287662696,1.185770750988142
0.8233987077603583,1.185770750988142
0.8246014038418862,1.185770750988142
0.8264922650516346,1.185770750988142
0.826645357072297,1.185770750988142
0.8266999920377521,1.185770750988142
0.8267696520161592,1.185770750988142
0.827217574640619,1.185770750988142
0.8300462622980286,1.185770750988142
0.8300578471432694,1.185770750988142
0.8308744796940581,1.185770750988142
0.831923917094647,1.185770750988142
0.8323656957000194,1.185770750988142
0.8332890757101543,1.185770750988142
0.8342790838150984,1.185770750988142
0.8370406282396379,1.185770750988142
0.8372786659793562,1.185770750988142
0.8373494092451996,1.185770750988142
0.8384193382187229,1.185770750988142
0.8428713202831939,1.185770750988142
0.8460866957180446,1.2345679012345678
0.8472907299915617,1.2345679012345678
0.8473402899656002,1.2345679012345678
0.8496686726000123,1.2345679012345678
0.850022597397422,1.2345679012345678
0.8515903153154455,1.2345679012345678
0.8522642050359441,1.2345679012345678
0.853746733551304,1.2833168805528135
0.854459136180514,1.2833168805528135
0.8555231505186448,1.2833168805528135
0.8564663508450023,1.332017760236803
0.8581710376088052,1.332017760236803
0.8590914709755807,1.332017760236803
0.8591426127216627,1.332017760236803
0.8601886425745843,1.332017760236803
0.8612300698884259,1.332017760236803
0.8616350969482306,1.332017760236803
0.8641012970134478,1.332017760236803
0.8647531584524244,1.332017760236803
0.8668068934040247,1.3806706114398422
0.8672253336690064,1.429275505174963
0.8743973381304792,1.429275505174963
0.8744178523242508,1.429275505174963
0.8795404783960358,1.429275505174963
0.8815415018060101,1.429275505174963
0.8834929624529789,1.429275505174963
0.8844802628770493,1.429275505174963
0.8864277196362625,1.429275505174963
0.8878192122097514,1.429275505174963
0.8886534995841944,1.429275505174963
0.8897704351666037,1.477832512315271
0.8906358741303758,1.477832512315271
0.8912625750636716,1.477832512315271
0.8938811932159073,1.5263417035942886
0.8973893323913134,1.5263417035942886
0.8974713959322451,1.5263417035942886
0.8978589057694918,1.5263417035942886
0.9004214879313207,1.574803149606299
0.9048232599944174,1.574803149606299
0.9067453216318399,1.6232169208066896
0.9101953085214846,1.6232169208066896
0.9106175910213747,1.6232169208066896
0.9111553345837955,1.6232169208066896
0.9124665714486375,1.6232169208066896
0.9134279250728229,1.6232169208066896
0.9142313660687525,1.671583087512291
0.9152607772943637,1.671583087512291
0.9160430485471495,1.671583087512291
0.9173102028848078,1.671583087512291
0.921626807864986,1.671583087512291
0.9234019292184046,1.671583087512291
0.9240611775407895,1.671583087512291
0.931954791873205,1.671583087512291
0.9338206797460503,1.671583087512291
0.9359144043360519,1.671583087512291
0.9361111181931083,1.671583087512291
0.9375529384927312,1.671583087512291
0.9434348167525348,1.671583087512291
0.9435018870241917,1.671583087512291
0.9446782863596374,1.671583087512291
0.9465572411286327,1.671583087512291
0.9489484648289549,1.671583087512291
0.9498608066953383,1.71990171990172
0.9514863499933139,1.71990171990172
0.9518835194335145,1.71990171990172
0.953018210131096,1.768172888015717
0.954051964468126,1.768172888015717
0.9552914493758456,1.768172888015717
0.9590549392496255,1.768172888015717
0.9591219987375696,1.768172888015717
0.9596835333192444,1.768172888015717
0.960228656583331,1.768172888015717
0.9653985237770453,1.768172888015717
0.9664885885343897,1.768172888015717
0.9680611286860672,1.8163966617574867
0.9683860813941231,1.8163966617574867
0.9691204056382532,1.8163966617574867
0.9701460666089586,1.8163966617574867
0.9707157338895872,1.8163966617574867
0.9718849858576677,1.8163966617574867
0.9731053769487316,1.8163966617574867
0.9731150093529094,1.8163966617574867
0.9753726751478142,1.8163966617574867
0.9773919506897476,1.8163966617574867
0.9786315433582519,1.8645731108930326
0.9787799475593546,1.8645731108930326
0.9788561638294041,1.8645731108930326
0.9793991595713623,1.8645731108930326
0.9866745352585156,1.8645731108930326
0.986709286240716,1.8645731108930326
0.986983301029867,1.8645731108930326
0.9885103400828767,1.8645731108930326
0.9897185200826459,1.8645731108930326
0.9916067848612359,1.8645731108930326
0.9922257798053398,1.8645731108930326
0.9935295208363483,1.8645731108930326
0.995624632306722,1.8645731108930326
0.997676943034996,1.8645731108930326
0.9996348335078588,1.9127023050514957
1.000928691430706,1.9127023050514957
1.0022548313538595,1.9127023050514957
1.0030807564303634,1.9127023050514957
1.0037693303003097,1.9127023050514957
1.0047092710140015,1.9127023050514957
1.0060830414035404,1.9127023050514957
1.007150258844446,1.9127023050514957
1.008229508736917,1.9127023050514957
1.008688495397486,1.9127023050514957
1.0099311477766575,1.9127023050514957
1.0122406356367593,1.9127023050514957
1.012599442643217,1.9127023050514957
1.0127372325818131,1.9127023050514957
1.0136244751745436,1.9127023050514957
1.0139043679998496,1.9127023050514957
1.014139659035067,1.9607843137254901
1.0162342493705079,1.9607843137254901
1.0166117699729988,1.9607843137254901
1.0190539936852796,1.9607843137254901
1.0194760837206174,1.9607843137254901
1.020163879141445,1.9607843137254901
1.0207812766418405,1.9607843137254901
1.0217212290596687,1.9607843137254901
1.0217325454990638,1.9607843137254901
1.0231010836031456,1.9607843137254901
1.024350651114292,1.9607843137254901
1.0259013175250944,1.9607843137254901
1.0261305051918141,1.9607843137254901
1.0261854837632922,1.9607843137254901
1.0281884871051414,1.9607843137254901
1.0292886139054311,1.9607843137254901
1.0293327112297177,2.0088192062714354
1.0311469677831124,2.0088192062714354
1.0339416996427675,2.0088192062714354
1.0340307839733447,2.0088192062714354
1.0354200129688356,2.0088192062714354
1.0359220791852026,2.0088192062714354
1.036915497057624,2.0088192062714354
1.0381432574439213,2.0088192062714354
1.0420141296718008,2.0088192062714354
1.0421912892220542,2.0088192062714354
1.0443065145949655,2.0088192062714354
1.0486240775422133,2.0088192062714354
1.0516399552204398,2.0088192062714354
1.0522235341267763,2.0088192062714354
1.0561972873060486,2.0088192062714354
1.0565549489546668,2.0088192062714354
1.0572005739950527,2.0088192062714354
1.0586610866884167,2.0088192062714354
1.0591036011825634,2.056807051909892
1.0604553048501315,2.056807051909892
1.0632571705842693,2.1047479197258934
1.0633286968217415,2.1047479197258934
1.0651684528065348,2.1047479197258934
1.0651965022141543,2.1047479197258934
1.065388257231607,2.1047479197258934
1.0662137933292406,2.152641878669276
1.066539454983249,2.2004889975550124
1.0676854559233944,2.2004889975550124
1.0688263075743534,2.2004889975550124
1.0714751182670517,2.2004889975550124
1.0720875431234853,2.2004889975550124
1.0721700335663693,2.2004889975550124
1.073559371739972,2.2004889975550124
1.0739377691994987,2.2004889975550124
1.0744915692228083,2.2004889975550124
1.0764330114542544,2.2004889975550124
1.0777939164238197,2.2004889975550124
1.0862935931976225,2.2004889975550124
1.0873457654709662,2.2004889975550124
1.0888423985660738,2.248289345063539
1.090728962280106,2.248289345063539
1.0919306125563704,2.248289345063539
1.0923322495836665,2.248289345063539
1.0936872648787286,2.2960429897410846
1.0939782722861133,2.2960429897410846
1.0942643914696044,2.2960429897410846
1.0958060108094985,2.2960429897410846
1.096455775125066,2.34375
1.0974194588449024,2.34375
1.100156851840817,2.34375
1.1003211911036164,2.34375
1.1038062232075803,2.34375
1.104140773307652,2.3914104441190824
1.104233060329202,2.3914104441190824
1.1050895932524558,2.3914104441190824
1.1054614133601894,2.3914104441190824
1.105471980985454,2.3914104441190824
1.1063167308001527,2.3914104441190824
1.106359179307774,2.3914104441190824
1.1064757765737314,2.3914104441190824
1.1072046925623322,2.3914104441190824
1.1073197985181797,2.3914104441190824
1.1079094110707566,2.4390243902439024
1.1100580321772657,2.4390243902439024
1.1112180799452718,2.4390243902439024
1.1126927697540168,2.4390243902439024
1.119010741325681,2.4390243902439024
1.1194417328712227,2.4390243902439024
1.119870942369392,2.4390243902439024
1.1223041423658904,2.4390243902439024
1.122844206445142,2.4390243902439024
1.123033093007065,2.4390243902439024
1.1243440378855862,2.4390243902439024
1.1247646679655725,2.4390243902439024
1.1266558555088924,2.4390243902439024
1.1294483290347028,2.4390243902439024
1.1296581628271973,2.4390243902439024
1.1309817214218345,2.4390243902439024
1.1317980737756264,2.4865919063871282
1.1331046318712181,2.53411306042885
1.1359861587419817,2.53411306042885
1.1367392345738525,2.53411306042885
1.1390311509844595,2.53411306042885
1.1394415865572258,2.53411306042885
1.1397770903773905,2.53411306042885
1.1400492759326872,2.581587920116902
1.140464209443497,2.581587920116902
1.1407645600454832,2.581587920116902
1.141616252430798,2.581587920116902
1.1417074481845466,2.581587920116902
1.141881963386067,2.581587920116902
1.1427053155849634,2.581587920116902
1.143600280713391,2.581587920116902
1.1453435254795419,2.581587920116902
1.1473402020223618,2.581587920116902
1.148462084429679,2.581587920116902
1.1492779526266048,2.581587920116902
1.1494487272760385,2.581587920116902
1.150582066256662,2.6290165530671863
1.1506869049711297,2.6290165530671863
1.1521018906997555,2.6290165530671863
1.1532069291377633,2.6290165530671863
1.1541185630532638,2.6290165530671863
1.155153154953715,2.6290165530671863
1.1572501866599925,2.67639902676399
1.1575329080898304,2.67639902676399
1.1593260439360613,2.7237354085603114
1.1636089373409857,2.7710257656781723
1.1638097204927558,2.7710257656781723
1.1645592236227722,2.7710257656781723
1.1670376324573493,2.818270165208941
1.1740892714062088,2.818270165208941
1.1741146552795618,2.818270165208941
1.1752600384029537,2.818270165208941
1.1757245379006203,2.818270165208941
1.1757424082711458,2.818270165208941
1.1769426575936486,2.8654686741136475
1.178615125320626,2.8654686741136475
1.1802655281542451,2.8654686741136475
1.1803102929664482,2.8654686741136475
1.1819280786500739,2.8654686741136475
1.1828875235125833,2.8654686741136475
1.184013238115988,2.8654686741136475
1.185122213023334,2.912621359223301
1.1853051259966587,2.912621359223301
1.18575239584495,2.912621359223301
1.1887332913893425,2.912621359223301
1.18984841117637,2.912621359223301
1.1917355891161894,2.912621359223301
1.1921020761150058,2.912621359223301
1.1935298512236938,2.959728287239204
1.1946170337988054,3.0067895247332688
1.1950663803688508,3.0067895247332688
1.1957440648111948,3.0067895247332688
1.1967006007959808,3.0538051381483275
1.1986437193112207,3.10077519379845
1.199139757567785,3.10077519379845
1.1992686999666367,3.10077519379845
1.199652811971819,3.10077519379845
1.1999658707870358,3.10077519379845
1.2004975694500002,3.10077519379845
1.2016639015646102,3.10077519379845
1.202405771481958,3.10077519379845
1.2032036770342163,3.10077519379845
1.203622690693047,3.10077519379845
1.2052273268801001,3.10077519379845
1.2057543906847745,3.10077519379845
1.2092070216856707,3.10077519379845
1.210622277881324,3.14769975786925
1.2109821348802299,3.14769975786925
1.2117819155830287,3.14769975786925
1.2141157936135207,3.14769975786925
1.214712436685823,3.1945788964181996
1.2175188186513315,3.24141267537494
1.2178525457302247,3.24141267537494
1.2180212539585114,3.24141267537494
1.218130798953655,3.2882011605415857
1.2183975341998168,3.2882011605415857
1.2186369407078306,3.2882011605415857
1.2208917135954964,3.2882011605415857
1.2215120271196072,3.2882011605415857
1.2217002089268953,3.2882011605415857
1.2217657302450458,3.2882011605415857
1.22198905927702,3.2882011605415857
1.2228512797234423,3.2882011605415857
1.2232464641399918,3.2882011605415857
1.2239381714178692,3.2882011605415857
1.2240410142616724,3.3349444175930403
1.2263254270929969,3.3349444175930403
1.2269146330748155,3.3349444175930403
1.2273246548894887,3.3349444175930403
1.2291695607534558,3.3349444175930403
1.2302441154989745,3.3349444175930403
1.2305812326021544,3.3349444175930403
1.2330682685577188,3.3349444175930403
1.2339666386436692,3.3816425120772946
1.2347343470136112,3.3816425120772946
1.235205374179307,3.3816425120772946
1.235989855408884,3.4282955094157415
1.236596608475746,3.4282955094157415
1.2371315941654242,3.4282955094157415
1.2373182785946548,3.4282955094157415
1.2377863958309967,3.4282955094157415
1.2433359407707663,3.4282955094157415
1.2436623893802499,3.4282955094157415
1.2438408202285205,3.4282955094157415
1.2451276859803604,3.474903474903475
1.2452748401055258,3.474903474903475
1.248542257971138,3.474903474903475
1.2492761599548916,3.474903474903475
1.2496404928299432,3.474903474903475
1.2502450854951346,3.474903474903475
1.2517212700983806,3.474903474903475
1.2529286285532237,3.5214664737095993
1.2531000989583998,3.5214664737095993
1.2531101220165513,3.5214664737095993
1.2541591403935686,3.5214664737095993
1.2555559687709323,3.5214664737095993
1.25627680309598,3.567984570877531
1.2565776180132173,3.567984570877531
1.2566713749684015,3.567984570877531
1.2589479047392305,3.567984570877531
1.2615102046297622,3.567984570877531
1.2615665580822006,3.567984570877531
1.2636607058495835,3.567984570877531
1.2637454396730925,3.567984570877531
1.265547933275194,3.614457831325301
1.2670172235804484,3.614457831325301
1.2672454481261821,3.614457831325301
1.2675691020003421,3.614457831325301
1.2677456615221134,3.614457831325301
1.2686389959124729,3.6608863198458574
1.2691871793653087,3.6608863198458574
1.269967861349242,3.7072701011073663
1.2703736923914104,3.7072701011073663
1.2708258299051385,3.7072701011073663
1.270841044698614,3.7072701011073663
1.2725095669275464,3.7072701011073663
1.2729704574911243,3.753609239653513
1.2739525054471068,3.7999037999037997
1.2752705318177597,3.8461538461538463
1.2754573210199303,3.8461538461538463
1.277334622208467,3.8461538461538463
1.2778229585182481,3.8923594425756844
1.2794112336473176,3.8923594425756844
1.2807173362277628,3.8923594425756844
1.2809759613209037,3.8923594425756844
1.2817295745065311,3.8923594425756844
1.2830052174381346,3.9385206532180597
1.2831689831930249,3.9385206532180597
1.2834008134227317,3.9385206532180597
1.2837484389539835,3.9385206532180597
1.2878223904440709,3.9385206532180597
1.2914506146786278,3.9385206532180597
1.2916480708212286,3.9385206532180597
1.2922142685120188,3.9385206532180597
1.2923840011261938,3.9385206532180597
1.2986640909254015,3.9385206532180597
1.2989813583559813,3.9385206532180597
1.299090692629372,3.9385206532180597
1.2996757194819961,3.9385206532180597
1.3005489878694416,3.9385206532180597
1.3006456456627018,3.9385206532180597
1.3018876079131347,3.9846375420067215
1.3027135983372575,3.9846375420067215
1.3027498403795739,3.9846375420067215
1.3028223412814792,3.9846375420067215
1.3028312157679676,3.9846375420067215
1.3030469755154852,3.9846375420067215
1.3042542175136111,3.9846375420067215
1.3060445096645839,3.9846375420067215
1.3088975650596641,4.030710172744722
1.310320498732495,4.07673860911271
1.3106382341549803,4.07673860911271
1.3114262332216142,4.07673860911271
1.3145082744910204,4.07673860911271
1.3167386448808254,4.07673860911271
1.318607334638296,4.07673860911271
1.3188048386407334,4.1227229146692235
1.3192956116358212,4.1227229146692235
1.3205563449548607,4.1227229146692235
1.3207988959679329,4.1227229146692235
1.321064774077006,4.1227229146692235
1.3218040431774958,4.1227229146692235
1.3220782040191204,4.168663152850982
1.322227552023895,4.21455938697318
1.3247486865981506,4.21455938697318
1.326322298921298,4.260411680229775
1.327496165644367,4.30622009569378
1.3289922931252696,4.351984696317551
1.3291832478707353,4.351984696317551
1.3300078629884307,4.351984696317551
1.3312393780348402,4.351984696317551
1.331320557791901,4.351984696317551
1.3315846044217536,4.351984696317551
1.3330834007856909,4.351984696317551
1.333915169776938,4.397705544933078
1.3349876926132027,4.397705544933078
1.336106158222319,4.397705544933078
1.3370070252381514,4.397705544933078
1.3387827845813713,4.397705544933078
1.339609100640024,4.397705544933078
1.3420696202279458,4.397705544933078
1.3445240163782335,4.4433827042522696
1.3447914220340003,4.4433827042522696
1.3466024492401254,4.4433827042522696
1.346620808527587,4.48901623686724
1.3468956356718558,4.48901623686724
1.3476432342870592,4.48901623686724
1.348258876572157,4.48901623686724
1.3488092807431318,4.48901623686724
1.3496492440353958,4.48901623686724
1.3498989694373535,4.534606205250596
1.3507153446959788,4.534606205250596
1.3514875626642207,4.580152671755725
1.3516258007098374,4.580152671755725
1.3525315890867884,4.580152671755725
1.352604562210591,4.580152671755725
1.3532039185979696,4.625655698617072
1.3532743208558131,4.671115347950429
1.353889814847606,4.671115347950429
1.3547849301053494,4.671115347950429
1.3551129056628883,4.671115347950429
1.3579070140988303,4.671115347950429
1.3586581763481163,4.671115347950429
1.3588019541366474,4.7165316817532155
1.359335727941287,4.7165316817532155
1.359664937526866,4.7165316817532155
1.3609991311316716,4.761904761904762
1.3633270096940817,4.761904761904762
1.3645464653459711,4.761904761904762
1.364569379698937,4.8072346501665875
1.3672781933689673,4.8072346501665875
1.3683681369904588,4.8525214081826835
1.370607984853958,4.897765097479791
1.3711188793890767,4.897765097479791
1.3712605638957958,4.897765097479791
1.3715689405996947,4.897765097479791
1.3723342211343965,4.897765097479791
1.3724339942897195,4.897765097479791
1.3745929469441271,4.942965779467681
1.3749503609859073,4.942965779467681
1.3751853235091096,4.942965779467681
1.3753502758037526,4.942965779467681
1.375988828087982,4.942965779467681
1.3766374122466343,4.942965779467681
1.3771759031955109,4.942965779467681
1.3791323452601074,4.942965779467681
1.379875283886132,4.942965779467681
1.3801107593395485,4.98812351543943
1.380138900553577,4.98812351543943
1.3828782709985068,5.0332383665717
1.3831571962381501,5.0332383665717
1.383310585769868,5.078310393925012
1.3860387395505482,5.1233396584440225
1.3861774484170655,5.1233396584440225
1.3865382632224865,5.1233396584440225
1.3867811612621506,5.1683262209578
1.3871230719166128,5.213270142180095
1.3872403357331993,5.213270142180095
1.3882034531436953,5.213270142180095
1.3938721983661795,5.213270142180095
1.3948896345615025,5.213270142180095
1.3956770211390535,5.213270142180095
1.397403906461954,5.258171482709616
1.3980734885519615,5.258171482709616
1.3983537331577889,5.258171482709616
1.4009987085158206,5.258171482709616
1.4013218863798014,5.258171482709616
1.403932965351455,5.303030303030303
1.4041429611916962,5.347846663511595
1.4045962344151084,5.347846663511595
1.4058839079671281,5.392620624408704
1.405915978264311,5.392620624408704
1.4074710760643006,5.4373522458628845
1.4126696370589062,5.4373522458628845
1.413337379012864,5.4373522458628845
1.4143132061015968,5.4373522458628845
1.4154863261342083,5.4373522458628845
1.41708540328118,5.4373522458628845
1.417309384786554,5.4373522458628845
1.418276776779188,5.4373522458628845
1.420312306241126,5.4373522458628845
1.4216318494265892,5.482041587901701
1.4225812774620665,5.526688710439301
1.4259887444130468,5.571293673276676
1.4283705455294309,5.571293673276676
1.428912704043001,5.571293673276676
1.429544178108498,5.615856536101934
1.4310497686041752,5.615856536101934
1.4310977624641574,5.615856536101934
1.4315439601869309,5.615856536101934
1.4319486451479198,5.615856536101934
1.433500880321393,5.615856536101934
1.4384793494852341,5.615856536101934
1.4392486635265385,5.660377358490567
1.4396992241845707,5.704856199905705
1.442305587354619,5.704856199905705
1.4424705098245063,5.704856199905705
1.4431098233301913,5.749293119698398
1.4436024916030374,5.749293119698398
1.4444025879520006,5.749293119698398
1.4455801873462542,5.749293119698398
1.4461164654002576,5.749293119698398
1.4468620838140887,5.749293119698398
1.4486894111671877,5.7936881771078665
1.448762394109457,5.83804143126177
1.4490495503191108,5.83804143126177
1.4510584051928785,5.88235294117647
1.4516783444863983,5.9266227657572905
1.4517552158402873,5.9266227657572905
1.4521396705303367,5.9266227657572905
1.4526985672976336,5.9266227657572905
1.452982869962023,5.9266227657572905
1.454657401239788,5.970850963798777
1.455064319392502,5.970850963798777
1.4552404416366282,5.970850963798777
1.4557084689366,6.015037593984962
1.4565749513816266,6.059182714889619
1.456886688881219,6.103286384976526
1.4579893266699215,6.103286384976526
1.4590247908225908,6.103286384976526
1.4595720551019835,6.103286384976526
1.4609195161787185,6.103286384976526
1.4642043253327965,6.147348662599718
1.4648188326868998,6.147348662599718
1.466287214319059,6.147348662599718
1.466709548661231,6.147348662599718
1.4668376285218643,6.147348662599718
1.4672154505915238,6.191369606003752
1.4676806886035028,6.191369606003752
1.4677503177477895,6.235349273323957
1.4685120623864245,6.235349273323957
1.468745037119467,6.279287722586692
1.46977717401463,6.323185011709602
1.4707117065966184,6.323185011709602
1.4724905354557214,6.323185011709602
1.4727844629771805,6.367041198501873
1.4741833340007864,6.410856340664482
1.474224225486088,6.410856340664482
1.4745046128282107,6.454630495790459
1.4751404026127661,6.4983637213651235
1.4765230077541045,6.4983637213651235
1.4767466160931204,6.4983637213651235
1.4772192782829714,6.5420560747663545
1.4782413483041688,6.5420560747663545
1.4850364625506276,6.585707613264829
1.4866847204468945,6.585707613264829
1.4870179558399046,6.585707613264829
1.4872046689643865,6.585707613264829
1.487314336150703,6.585707613264829
1.4891986781938735,6.585707613264829
1.4896030946677572,6.585707613264829
1.4900685958050075,6.585707613264829
1.4920376588791804,6.585707613264829
1.4950892556620623,6.585707613264829
1.495398742380275,6.585707613264829
1.4963141888948919,6.629318394024277
1.4967757944789544,6.629318394024277
1.4969066292542,6.629318394024277
1.4975820297241655,6.629318394024277
1.4977755714747385,6.629318394024277
1.4979791586852553,6.672888474101726
1.4984413687789273,6.7164179104477615
1.4986600022091163,6.75990675990676
1.4988215365999031,6.75990675990676
1.4995279654754317,6.75990675990676
1.5012998705735827,6.803355079217148
1.5019555871970731,6.803355079217148
1.5040197956556445,6.803355079217148
1.5043436897942415,6.803355079217148
1.505931200421617,6.803355079217148
1.5064686444643998,6.803355079217148
1.5065013450631772,6.803355079217148
1.506673460372591,6.803355079217148
1.5067072576395797,6.803355079217148
1.5094270692934282,6.803355079217148
1.5116372273758019,6.803355079217148
1.515712610822139,6.803355079217148
1.5170388036951103,6.846762925011644
1.5177235044535575,6.846762925011644
1.5192880985747121,6.846762925011644
1.5195378291072723,6.846762925011644
1.5197861506707957,6.846762925011644
1.5226302925173811,6.890130353817504
1.5227125900525058,6.890130353817504
1.5235336177942373,6.890130353817504
1.5256835948466194,6.890130353817504
1.5273303551784168,6.890130353817504
1.5279257774264243,6.890130353817504
1.530039051789976,6.890130353817504
1.5318986560419108,6.890130353817504
1.5325596657281857,6.890130353817504
1.5325662460260256,6.890130353817504
1.5331571556295662,6.890130353817504
1.5338070906812125,6.93345742205677
1.534062504951971,6.93345742205677
1.5359640510322576,6.93345742205677
1.5362137546683365,6.93345742205677
1.5393510859953905,6.93345742205677
1.5415942505716251,6.976744186046512
1.5419936530482812,6.976744186046512
1.5424581309489835,6.976744186046512
1.5428031052434177,6.976744186046512
1.5429510428084796,6.976744186046512
1.5432022366678428,6.976744186046512
1.5443442217270855,6.976744186046512
1.5447656079359664,7.0199907019990695
1.547329683573522,7.0199907019990695
1.5477983554100503,7.0199907019990695
1.5484819310774973,7.0199907019990695
1.5490328003787335,7.063197026022305
1.549686623264418,7.063197026022305
1.5502948713712634,7.106363214119833
1.550442774246065,7.106363214119833
1.5511604316004488,7.106363214119833
1.5512529512702466,7.106363214119833
1.5512780228126595,7.106363214119833
1.5516156048268923,7.106363214119833
1.5516610101296502,7.106363214119833
1.5522816305952187,7.149489322191272
1.5523835059686202,7.149489322191272
1.5529775061096625,7.192575406032482
1.5534248773836354,7.192575406032482
1.5536517591026298,7.192575406032482
1.5536635138676258,7.192575406032482
1.5546549884123968,7.192575406032482
1.5549977411966334,7.192575406032482
1.5563860445832802,7.235621521335807
1.5571938432284,7.235621521335807
1.5576947960171867,7.235621521335807
1.557888967765329,7.235621521335807
1.5579781619821664,7.2786277236903105
1.5581479268746687,7.2786277236903105
1.559886777900711,7.2786277236903105
1.5600886778037093,7.2786277236903105
1.5602547143411845,7.2786277236903105
1.561295698155981,7.2786277236903105
1.562396445320694,7.2786277236903105
1.5629649271075015,7.2786277236903105
1.5631839887817165,7.2786277236903105
1.563952267184677,7.2786277236903105
1.565592614923611,7.2786277236903105
1.5663251543664074,7.32159406858202
1.5675531667272804,7.32159406858202
1.5678511706520522,7.3645206113941635
1.5686355605770985,7.3645206113941635
1.568906697389666,7.4074074074074066
1.5697363287968606,7.4074074074074066
1.5703974304766706,7.4074074074074066
1.571607834250741,7.450254511800093
1.5723176423398637,7.450254511800093
1.5727736880313548,7.450254511800093
1.5732074673645946,7.493061979648474
1.5740066052457304,7.535829865926953
1.5742799434707362,7.535829865926953
1.5743502459302108,7.535829865926953
1.5744095218978245,7.535829865926953
1.5744956875654352,7.535829865926953
1.5751575806005897,7.535829865926953
1.5753186378773625,7.535829865926953
1.575404400276023,7.535829865926953
1.5754052757711858,7.535829865926953
1.5754404226844594,7.535829865926953
1.5761151338184103,7.535829865926953
1.5765401250465174,7.578558225508318
1.5771761646398885,7.578558225508318
1.577437761429341,7.578558225508318
1.577609281428916,7.578558225508318
1.5782157647293473,7.621247113163972
1.5797053987942038,7.621247113163972
1.5813739935618636,7.663896583564174
1.5814695547858912,7.663896583564174
1.582395659870754,7.663896583564174
1.5827385344666152,7.706506691278264
1.5840894217017376,7.7490774907749085
1.5849356916344493,7.791609036422314
1.5865464842015289,7.834101382488479
1.5866600971796703,7.834101382488479
1.586753845531842,7.876554583141409
1.587715270111664,7.876554583141409
1.5889130940871896,7.876554583141409
1.5898896710109898,7.918968692449356
1.5917092039851586,7.9613437643810405
1.5932714335875813,7.9613437643810405
1.5938727498300576,8.003679852805888
1.5939936222952051,8.045977011494253
1.594239836562533,8.045977011494253
1.5946209226613202,8.045977011494253
1.5949255709169106,8.088235294117647
1.5951448295983515,8.088235294117647
1.5952276721836576,8.130454754248968
1.5957421358133166,8.130454754248968
1.5962709195648133,8.130454754248968
1.596629923102378,8.130454754248968
1.5981451851701627,8.130454754248968
1.598957163366877,8.130454754248968
1.5993129043967798,8.130454754248968
1.599670555200991,8.130454754248968
1.6003413619251587,8.130454754248968
1.6007721380756863,8.172635445362717
1.6008015186370697,8.172635445362717
1.601699585100235,8.172635445362717
1.602134757212175,8.172635445362717
1.6026634845205714,8.172635445362717
1.6028980487041626,8.214777420835246
1.6029556470542974,8.214777420835246
1.6040819623096219,8.214777420835246
1.6045875882212597,8.256880733944955
1.6050465306211603,8.298945437872536
1.6052495003401452,8.298945437872536
1.60551756959752,8.340971585701192
1.6060435213607205,8.340971585701192
1.6070313450408318,8.340971585701192
1.607178444179487,8.340971585701192
1.6072824632981229,8.340971585701192
1.6074272678191714,8.382959230416857
1.6089316608556956,8.382959230416857
1.6091245667405853,8.382959230416857
1.6107898704576724,8.424908424908425
1.6113084368804669,8.424908424908425
1.6115356710663447,8.424908424908425
1.6122828875801591,8.466819221967963
1.612556674331176,8.466819221967963
1.6128213008049774,8.466819221967963
1.6148938152825143,8.508691674290942
1.6152271107333118,8.508691674290942
1.6153314444139792,8.508691674290942
1.6154514281231123,8.550525834476453
1.6156109206453186,8.550525834476453
1.6157214833570426,8.550525834476453
1.6158096532529975,8.550525834476453
1.6163144046388191,8.550525834476453
1.6163253987067778,8.592321755027422
1.6173395876162004,8.592321755027422
1.617368120823645,8.634079488350844
1.6193034405934659,8.67579908675799
1.6196003255161373,8.67579908675799
1.6197124402461163,8.717480602464628
1.6199430935026595,8.717480602464628
1.6218995005980643,8.717480602464628
1.6226327214516907,8.75912408759124
1.6226339234784026,8.75912408759124
1.6234807596425365,8.75912408759124
1.6245843574469463,8.75912408759124
1.6256288432808395,8.75912408759124
1.6256855888320119,8.75912408759124
1.6280428265383502,8.800729594163247
1.6282594631112244,8.800729594163247
1.6285004243457015,8.800729594163247
1.6305143719538822,8.800729594163247
1.6308072243686287,8.800729594163247
1.6309308830032736,8.842297174111211
1.6316202531895418,8.842297174111211
1.6320582128200969,8.842297174111211
1.6322123520818603,8.842297174111211
1.632243314942692,8.88382687927107
1.6324531325311333,8.88382687927107
1.6329642595465832,8.925318761384334
1.6333108951096984,8.966772872098316
1.6340917849595267,9.008189262966333
1.6349486263623962,9.008189262966333
1.6367625743789216,9.008189262966333
1.6369490502089918,9.008189262966333
1.637566572336495,9.008189262966333
1.6375984811329354,9.049567985447931
1.6382532496148714,9.049567985447931
1.6394115248442704,9.049567985447931
1.6395459491058508,9.049567985447931
1.6398791644819526,9.049567985447931
1.6400906881259318,9.090909090909092
1.6421640491450682,9.090909090909092
1.6427686101064147,9.132212630622444
1.6431840446490513,9.132212630622444
1.6437805590191632,9.132212630622444
1.6445684024140763,9.132212630622444
1.6453278801071989,9.132212630622444
1.6491563566826763,9.132212630622444
1.650319237419025,9.173478655767484
1.6504708193544495,9.173478655767484
1.650845975643526,9.173478655767484
1.6514033637578698,9.173478655767484
1.6516798436896476,9.173478655767484
1.65191537978221,9.214707217430776
1.651989353850643,9.214707217430776
1.653490815507365,9.214707217430776
1.6538765004430767,9.25589836660617
1.655142019512486,9.25589836660617
1.6555617027935992,9.297052154195011
1.6559352556307754,9.338168631006347
1.656211481651867,9.338168631006347
1.6577546523932483,9.338168631006347
1.657806515262084,9.338168631006347
1.6586957670690563,9.379247847757137
1.65884622125781,9.379247847757137
1.6597636186386484,9.420289855072465
1.6615116863027457,9.46129470348574
1.6626667519738612,9.46129470348574
1.663284076463684,9.46129470348574
1.664445974309796,9.46129470348574
1.6649078968093338,9.46129470348574
1.6667766296469244,9.502262443438914
1.6671377144453279,9.502262443438914
1.6675070126289842,9.543193125282677
1.6676917628638654,9.584086799276673
1.667909536469232,9.624943515589697
1.6698649994961674,9.624943515589697
1.6701054878198998,9.66576332429991
1.6703457747586736,9.706546275395034
1.6706215341474466,9.706546275395034
1.67087051213388,9.706546275395034
1.671563784039556,9.706546275395034
1.6721974346996606,9.706546275395034
1.6722105506426408,9.747292418772563
1.672354256849933,9.747292418772563
1.672362270048851,9.788001804239963
1.6725674321388164,9.828674481514877
1.6730923225169165,9.828674481514877
1.673779680867882,9.869310500225327
1.675126770544439,9.869310500225327
1.676010208738156,9.90990990990991
1.6761682905602606,9.95047276001801
1.6762189725172243,9.95047276001801
1.6772867311853854,9.99099909990999
1.6772994258000307,10.0314889788574
1.6782033454481977,10.0314889788574
1.678567127844419,10.071942446043165
1.6791622641580886,10.071942446043165
1.6801461946193934,10.112359550561797
1.6808615322763358,10.112359550561797
1.6827029107089506,10.112359550561797
1.6828049751155043,10.112359550561797
1.682945344710685,10.152740341419586
1.6831872025336534,10.152740341419586
1.6834115671950671,10.1930848675348
1.6839927007083555,10.23339317773788
1.684614820823633,10.23339317773788
1.6856590451210245,10.273665320771647
1.685852412299587,10.31390134529148
1.6882031098293349,10.31390134529148
1.6888222197415228,10.31390134529148
1.6890658754651553,10.31390134529148
1.6900559124777326,10.31390134529148
1.690857988619548,10.354101299865532
1.6909231094652661,10.39426523297491
1.694723135390114,10.434393193013882
1.6966160147124465,10.434393193013882
1.6966712311859897,10.434393193013882
1.6967850436594587,10.434393193013882
1.699016093352478,10.474485228290064
1.6998176086856414,10.51454138702461
1.7003687648507726,10.554561717352415
1.7005214826101787,10.594546267322306
1.7006976806731602,10.594546267322306
1.7020941124865447,10.594546267322306
1.7033859644094516,10.63449508489723
1.703418132663095,10.63449508489723
1.703474842104195,10.674408217954444
1.7036977398293127,10.674408217954444
1.7042816148261037,10.674408217954444
1.7055387997887625,10.714285714285714
1.709240338622085,10.754127621597501
1.709487920371355,10.754127621597501
1.7115081014768856,10.754127621597501
1.7142172026527311,10.754127621597501
1.7144379665705987,10.754127621597501
1.714983247460498,10.793933987511151
1.7153991161181263,10.793933987511151
1.7165162727089527,10.833704859563085
1.7169795911883634,10.87344028520499
1.7173253363320542,10.87344028520499
1.717375816740961,10.87344028520499
1.7192158312268284,10.913140311804009
1.7194481023451802,10.95280498664292
1.7199269043462941,10.95280498664292
1.7204679894813277,10.95280498664292
1.7212392145703717,10.95280498664292
1.7220937163593952,10.95280498664292
1.722193227037368,10.95280498664292
1.7224305332386103,10.95280498664292
1.722541035766006,10.95280498664292
1.7227700332611324,10.95280498664292
1.7233491302007828,10.992434356920338
1.7245441306319296,10.992434356920338
1.724983775576378,10.992434356920338
1.7264182747083339,11.032028469750891
1.7278809503207735,11.032028469750891
1.7282154751897185,11.032028469750891
1.7297484445926707,11.032028469750891
1.7303228579330454,11.032028469750891
1.7320181554787761,11.032028469750891
1.7321373020512436,11.032028469750891
1.7328345302430643,11.032028469750891
1.7337396141550923,11.071587372165407
1.7379363699378751,11.071587372165407
1.738270327495572,11.071587372165407
1.7388132039475912,11.071587372165407
1.739276311001288,11.11111111111111
1.7400271400750527,11.11111111111111
1.74013354982748,11.11111111111111
1.740491708614539,11.11111111111111
1.7406094607222435,11.150599733451799
1.7415475728215244,11.150599733451799
1.7434809809879475,11.150599733451799
1.7440300907808104,11.150599733451799
1.7446729041790445,11.190053285968029
1.7450324635054015,11.190053285968029
1.7463358518078995,11.190053285968029
1.7466691273143966,11.229471815357302
1.7470211830662672,11.229471815357302
1.7471618534840891,11.229471815357302
1.7472989028290251,11.229471815357302
1.747688092679986,11.229471815357302
1.748162936838573,11.229471815357302
1.7501652564916719,11.229471815357302
1.7505208367571303,11.26885536823425
1.750608541692566,11.26885536823425
1.7507517682999325,11.26885536823425
1.7511337034940722,11.26885536823425
1.751173188257602,11.30820399113082
1.7516232584639715,11.30820399113082
1.7517645540797195,11.347517730496454
1.752199519799849,11.347517730496454
1.7529053397928283,11.347517730496454
1.7545950219061932,11.347517730496454
1.7555597531551468,11.347517730496454
1.7559325926475686,11.386796632698273
1.7561807890313215,11.386796632698273
1.756625504167567,11.386796632698273
1.7569008406113191,11.386796632698273
1.7575641704327871,11.386796632698273
1.7585360285807703,11.426040744021257
1.7585998405699943,11.426040744021257
1.758871165979756,11.426040744021257
1.7591598538795228,11.426040744021257
1.7591717750663185,11.426040744021257
1.7596154230476777,11.426040744021257
1.7606728274408063,11.426040744021257
1.7609865219582772,11.426040744021257
1.7610292952746194,11.426040744021257
1.7611344530028312,11.426040744021257
1.761730313215823,11.426040744021257
1.7629097255213242,11.426040744021257
1.7631729385424377,11.426040744021257
1.7639253160360326,11.426040744021257
1.7642738112921232,11.426040744021257
1.7647888122438582,11.426040744021257
1.766252304155119,11.465250110668437
1.766364272216918,11.465250110668437
1.766772268995205,11.465250110668437
1.7674639355317296,11.465250110668437
1.7676631001902179,11.465250110668437
1.7679715364246487,11.465250110668437
1.768762065213057,11.504424778761061
1.7693212725769463,11.504424778761061
1.7701512161719197,11.543564794338788
1.7732752849732742,11.543564794338788
1.7737469798581682,11.543564794338788
1.7739552827212022,11.543564794338788
1.7742174558648087,11.543564794338788
1.7744125112735651,11.543564794338788
1.774538903920927,11.582670203359859
1.7748679959091982,11.621741051701282
1.7756108948447158,11.621741051701282
1.777673744474615,11.621741051701282
1.777777897649349,11.66077738515901
1.778505170747673,11.699779249448124
1.7785137764450507,11.699779249448124
1.7797096240769577,11.738746690203
1.780591144617398,11.738746690203
1.7819420375506485,11.777679752977503
1.7822710405253575,11.777679752977503
1.7823615319125332,11.816578483245149
1.7836332462219406,11.816578483245149
1.7845532388862408,11.816578483245149
1.7854020527811858,11.816578483245149
1.786205155757842,11.816578483245149
1.7862341567981148,11.816578483245149
1.7863840433205598,11.816578483245149
1.787110192742158,11.855442926399295
1.7871990138369418,11.855442926399295
1.7892925088030713,11.894273127753303
1.789669135244265,11.894273127753303
1.7899360488695917,11.933069132540732
1.7902060446666568,11.933069132540732
1.7934316898461586,11.971830985915492
1.7940677671741114,12.010558732952045
1.7946638858942745,12.049252418645558
1.7956931309469255,12.049252418645558
1.7962753880763105,12.049252418645558
1.7967777620949945,12.049252418645558
1.7973443680613843,12.049252418645558
1.7974387320593044,12.087912087912088
1.7983394814367344,12.087912087912088
1.7991151380880483,12.126537785588752
1.800448818229146,12.165129556433904
1.800694473939634,12.203687445127304
1.8019153461573556,12.203687445127304
1.802136308904828,12.242211496270293
1.8025786384587377,12.242211496270293
1.8030596424708754,12.242211496270293
1.8035655867222853,12.280701754385964
1.8037673635223404,12.280701754385964
1.803777120953713,12.319158263919332
1.8044170750074657,12.357581069237511
1.8044872257035898,12.357581069237511
1.8049758442146806,12.357581069237511
1.8055805146332609,12.357581069237511
1.8066660152703649,12.395970214629873
1.8069335141515421,12.395970214629873
1.8071027133444182,12.43432574430823
1.8073454950058092,12.43432574430823
1.8073942872419253,12.43432574430823
1.8110208387233089,12.43432574430823
1.8114233792430676,12.43432574430823
1.8119420777740698,12.43432574430823
1.8125422105096551,12.43432574430823
1.8142719796568765,12.472647702407002
1.8145214821827533,12.472647702407002
1.8147341311708975,12.472647702407002
1.8151558620608335,12.472647702407002
1.8154385547399432,12.472647702407002
1.815596580162607,12.472647702407002
1.8165081411143567,12.510936132983378
1.8165625718520602,12.549191080017492
1.8175234815404775,12.549191080017492
1.8187365747904702,12.549191080017492
1.8191116882319038,12.549191080017492
1.8192166745498735,12.587412587412588
1.8192223535553498,12.625600698995196
1.82117258017187,12.625600698995196
1.822124507522559,12.663755458515283
1.8227143015050256,12.663755458515283
1.8227493615387018,12.663755458515283
1.8231265753563342,12.701876909646442
1.8242133677175407,12.739965095986038
1.8242723724475525,12.739965095986038
1.8247907841006965,12.739965095986038
1.824963163324003,12.739965095986038
1.8257169098644868,12.778020061055386
1.8263925791629283,12.778020061055386
1.8268927833820885,12.778020061055386
1.8271148211270105,12.778020061055386
1.8277299778984986,12.778020061055386
1.829325814406104,12.816041848299914
1.829895062223761,12.816041848299914
1.8300831984982513,12.816041848299914
1.8335161577249888,12.816041848299914
1.83396197335171,12.816041848299914
1.8357151869980142,12.854030501089325
1.8358044613256408,12.854030501089325
1.8359559215945627,12.854030501089325
1.836051610125748,12.89198606271777
1.8364941871545597,12.929908576404006
1.836689563872048,12.929908576404006
1.8369099593317255,12.929908576404006
1.8372684064564715,12.929908576404006
1.8394945091546862,12.929908576404006
1.8399724412277132,12.929908576404006
1.84000272774177,12.929908576404006
1.840381438087577,12.929908576404006
1.8405327868296169,12.929908576404006
1.8412232420068164,12.929908576404006
1.841778906189589,12.929908576404006
1.8421841638358432,12.967798085291557
1.842399679035045,12.967798085291557
1.8424782089744873,12.967798085291557
1.8428409561882477,12.967798085291557
1.8437502616758197,12.967798085291557
1.8445844036560084,12.967798085291557
1.8445884070851075,12.967798085291557
1.8453596032466626,13.00565463244889
1.846724953445574,13.00565463244889
1.8470242222065056,13.00565463244889
1.847604199640258,13.043478260869565
1.8481396871558966,13.043478260869565
1.8485968693718542,13.043478260869565
1.8501190737783546,13.043478260869565
1.850752738341212,13.043478260869565
1.8507537244181658,13.043478260869565
1.8510765955714623,13.043478260869565
1.8524507738885385,13.081269013472404
1.8531624266780469,13.081269013472404
1.8532183159669409,13.119026933101651
1.853497125232977,13.119026933101651
1.85421236543322,13.156752062527138
1.854919107794934,13.194444444444445
1.8560550764742494,13.194444444444445
1.8561295051548197,13.232104121475055
1.8563907702068987,13.232104121475055
1.8564421845301304,13.269731136166522
1.8570101905895176,13.269731136166522
1.8576298759430407,13.307325530992632
1.8577807382454117,13.307325530992632
1.8581142680978435,13.307325530992632
1.8587187238909861,13.307325530992632
1.8587700449291504,13.344887348353554
1.8587992679036354,13.382416630576008
1.8590602126555205,13.41991341991342
1.860213112989767,13.457377758546086
1.8610321292139924,13.494809688581316
1.8616361545274405,13.494809688581316
1.8629160401114413,13.494809688581316
1.8638729879060492,13.494809688581316
1.8639272030025038,13.494809688581316
1.8640343502652168,13.494809688581316
1.864113194546404,13.53220925205361
1.8641885283379465,13.53220925205361
1.8642504926419516,13.53220925205361
1.8646580187125108,13.53220925205361
1.865264588667838,13.53220925205361
1.8652773697210556,13.53220925205361
1.8656500625963695,13.569576490924806
1.8661014372510998,13.569576490924806
1.8661754214479913,13.606911447084233
1.8664127986122414,13.644214162348877
1.8666643546152768,13.68148467846353
1.8671382103177585,13.718723037100949
1.8672247894649996,13.718723037100949
1.8682947883792826,13.718723037100949
1.8684985750761236,13.718723037100949
1.871149296283424,13.718723037100949
1.8716249463691363,13.718723037100949
1.8720976773486753,13.718723037100949
1.8725507795123586,13.718723037100949
1.8725521745649485,13.75592927986201
1.8731885486044584,13.793103448275861
1.87322237755237,13.793103448275861
1.8734075221792743,13.793103448275861
1.8735995648865111,13.830245583800085
1.8741336999241804,13.867355727820843
1.8761567263022256,13.904433921653034
1.8767578780296057,13.941480206540447
1.8770823765969564,13.941480206540447
1.8773757750448548,13.941480206540447
1.8777721398230487,13.978494623655912
1.8780629756828753,14.015477214101463
1.879216799799864,14.015477214101463
1.8793404544497323,14.015477214101463
1.8799920897955498,14.015477214101463
1.8801045850313909,14.015477214101463
1.8802093186677415,14.015477214101463
1.8803791239339656,14.052428018908467
1.8809805757712836,14.052428018908467
1.881071584289327,14.0893470790378
1.8816839894855182,14.0893470790378
1.8816962194654874,14.126234435379992
1.882720098986993,14.163090128755366
1.8827609831080119,14.163090128755366
1.8834997682977088,14.163090128755366
1.883532136036423,14.163090128755366
1.8836332056384573,14.163090128755366
1.884117772944929,14.163090128755366
1.8846227538574905,14.199914199914199
1.8874665480030322,14.199914199914199
1.887915190388582,14.199914199914199
1.8889651023811715,14.199914199914199
1.8893883852766795,14.199914199914199
1.889478027544583,14.236706689536879
1.8899293097197014,14.236706689536879
1.8899521781456452,14.236706689536879
1.8899694087376437,14.273467638234033
1.8899907390323687,14.273467638234033
1.8902018837809353,14.3101970865467
1.8903953440347745,14.3101970865467
1.891051201316991,14.3101970865467
1.8915303036168518,14.346895074946467
1.8916041870508604,14.383561643835616
1.8926962971308856,14.420196833547283
1.8929312399523797,14.420196833547283
1.8935382719590688,14.456800684345595
1.8942341669230554,14.493373236425821
1.89557613795981,14.493373236425821
1.8955849762357326,14.529914529914532
1.8958492331062393,14.566424604869713
1.8962915893787353,14.566424604869713
1.896392604648283,14.602903501280956
1.897150021746029,14.639351259069569
1.897433872623761,14.675767918088736
1.898474817544662,14.712153518123666
1.8988145233385774,14.712153518123666
1.9000604900035876,14.712153518123666
1.900250675411741,14.74850809889173
1.900268715409316,14.74850809889173
1.900272477448061,14.74850809889173
1.9002813414852635,14.74850809889173
1.903238533332752,14.784831700042607
1.9040093224476544,14.821124361158432
1.9042541763961098,14.821124361158432
1.9072746778734202,14.821124361158432
1.9076262854684742,14.857386121753938
1.908873558686594,14.857386121753938
1.9090967808891592,14.857386121753938
1.909214489115722,14.857386121753938
1.9093369910912625,14.893617021276595
1.9097331394547803,14.929817099106762
1.9101371293124758,14.929817099106762
1.910712103358765,14.929817099106762
1.912450947915195,14.965986394557824
1.9126925865258044,14.965986394557824
1.9131438581492235,14.965986394557824
1.9156578467467305,14.965986394557824
1.916808932906685,15.002124946876327
1.9168312087548087,15.03823279524214
1.9168876800998722,15.03823279524214
1.9172432415020733,15.03823279524214
1.9192025093379104,15.03823279524214
1.919330569263988,15.074309978768577
1.9194754796203821,15.110356536502549
1.920659804917368,15.146372507424694
1.9213119030640708,15.182357930449534
1.9226055900318422,15.182357930449534
1.922788593951497,15.218312844425604
1.9230277684139632,15.218312844425604
1.923032622136734,15.254237288135593
1.9232312442914137,15.290131300296483
1.9236380792924967,15.325994919559696
1.9239022435652007,15.361828184511214
1.9259838546278327,15.361828184511214
1.9260909009291598,15.361828184511214
1.9260976619809371,15.397631133671744
1.9261053338089238,15.433403805496829
1.9261901183280206,15.469146238377007
1.9265895638769708,15.504858470637938
1.9267612352805294,15.504858470637938
1.9270913160361614,15.504858470637938
1.9272242351369584,15.504858470637938
1.9278723302357992,15.504858470637938
1.927919659126722,15.504858470637938
1.928865116795714,15.504858470637938
1.9293936191714527,15.504858470637938
1.9301604881054626,15.504858470637938
1.9308510725312544,15.54054054054054
1.9309329453050357,15.54054054054054
1.9320366117587906,15.54054054054054
1.932056168625089,15.576192486281132
1.9321709967323553,15.576192486281132
1.932348421273462,15.611814345991561
1.932406776215923,15.611814345991561
1.932519035731356,15.611814345991561
1.9327228497635207,15.611814345991561
1.9330548110765104,15.611814345991561
1.9331496050334611,15.647406157739349
1.933371444580912,15.647406157739349
1.933524681987799,15.647406157739349
1.9367381938613726,15.647406157739349
1.9371229672641241,15.682967959527824
1.9371649678793366,15.682967959527824
1.9373239621555856,15.682967959527824
1.939060298590124,15.718499789296251
1.9391630089533685,15.754001684919967
1.9397170439961575,15.789473684210526
1.9398979912089327,15.789473684210526
1.9401900361308522,15.789473684210526
1.9404464342794203,15.789473684210526
1.9405464522859759,15.789473684210526
1.9406664185480587,15.789473684210526
1.9410262835656893,15.789473684210526
1.9420003060604176,15.789473684210526
1.942163880423877,15.824915824915825
1.9423770697890912,15.824915824915825
1.9433440586401232,15.860328144720235
1.9438379542535507,15.860328144720235
1.9440822093773031,15.860328144720235
1.9446920956860696,15.895710681244744
1.945493511251675,15.895710681244744
1.9464632439554241,15.895710681244744
1.9477006807537527,15.931063472047077
1.9477335053240852,15.931063472047077
1.9484488692908162,15.966386554621847
1.9486159954188844,16.001679966400673
1.9486293185715406,16.001679966400673
1.9487480090994262,16.001679966400673
1.9494846943996995,16.036943744752307
1.9498097233695115,16.072177926982796
1.9500915045412393,16.072177926982796
1.9501030149381844,16.072177926982796
1.9512203709986717,16.072177926982796
1.9514455242942945,16.10738255033557
1.952960834586079,16.142557651991616
1.9536310219473016,16.177703269069575
1.953724371388809,16.177703269069575
1.9545941623734149,16.21281943862589
1.9548999902885766,16.21281943862589
1.9571664663431012,16.21281943862589
1.9574363820422753,16.21281943862589
1.9575260039434847,16.21281943862589
1.958319096439569,16.24790619765494
1.9592085734065314,16.282963583089156
1.9593945285655832,16.282963583089156
1.9593950969136362,16.282963583089156
1.9612659011678417,16.282963583089156
1.961776794836749,16.282963583089156
1.9623196574475017,16.317991631799163
1.9624680268176216,16.317991631799163
1.9640736615650447,16.317991631799163
1.9648470124688302,16.317991631799163
1.9660233499737088,16.317991631799163
1.9662955334774315,16.352990380593894
1.9664542592223202,16.352990380593894
1.9664944146148138,16.352990380593894
1.9669215922050687,16.352990380593894
1.9670822869359454,16.352990380593894
1.9681756895224776,16.352990380593894
1.9684607280745423,16.387959866220736
1.9686780559056805,16.387959866220736
1.969097422791816,16.387959866220736
1.96910801332553,16.387959866220736
1.9693570016204323,16.387959866220736
1.970133456740468,16.387959866220736
1.9707091484481012,16.387959866220736
1.970720082561994,16.42290012536565
1.970757218136018,16.4578111946533
1.9713619509841356,16.4578111946533
1.9715848273161694,16.4578111946533
1.9716289709056924,16.49269311064718
1.9721880523658457,16.49269311064718
1.9724850314615767,16.49269311064718
1.9724857673172296,16.49269311064718
1.9725807089424745,16.49269311064718
1.9726398405246068,16.52754590984975
1.97295101213589,16.52754590984975
1.9739505150390557,16.52754590984975
1.9743732428128316,16.562369628702545
1.97445091680709,16.562369628702545
1.9746360433220553,16.562369628702545
1.9748931739180717,16.59716430358632
1.9757916465556762,16.59716430358632
1.976364251519281,16.59716430358632
1.9776049311692128,16.59716430358632
1.977831484075475,16.59716430358632
1.9779378200086197,16.59716430358632
1.978099244559143,16.59716430358632
1.9782441124223178,16.59716430358632
1.9785242356368868,16.59716430358632
1.9785648921823544,16.59716430358632
1.9790792619188542,16.59716430358632
1.9807090586003908,16.59716430358632
1.9811560870874705,16.59716430358632
1.9818665147825325,16.631929970821176
1.9820074933488476,16.631929970821176
1.9820382922182742,16.631929970821176
1.982560132571497,16.631929970821176
1.9834463475997552,16.631929970821176
1.9850421951690642,16.631929970821176
1.9850470728430412,16.631929970821176
1.9865534748279796,16.631929970821176
1.9867362238103292,16.631929970821176
1.986852825234124,16.631929970821176
1.9869018759884451,16.666666666666664
1.9872555644203396,16.666666666666664
1.9885715984028982,16.666666666666664
1.9889097866493226,16.666666666666664
1.989249223878912,16.666666666666664
1.9892560487329556,16.666666666666664
1.9892770863700064,16.666666666666664
1.9902794187421406,16.666666666666664
1.9903367063713766,16.666666666666664
1.9909412011578953,16.701374427321948
1.991592474557629,16.701374427321948
1.9927906109031006,16.701374427321948
1.993162137321925,16.701374427321948
1.9932896843980594,16.701374427321948
1.9932992343351243,16.701374427321948
1.9941022253302414,16.736053288925895
1.9942683532830272,16.736053288925895
1.994459304324542,16.736053288925895
1.9945976924752729,16.736053288925895
1.9947013612346507,16.736053288925895
1.99507041987853,16.736053288925895
1.9959253686150487,16.77070328755722
1.9969156725897441,16.77070328755722
1.9971185437136059,16.77070328755722
1.9972793862851297,16.77070328755722
1.9977469060701836,16.80532445923461
1.9977809380351192,16.80532445923461
1.9979918581500524,16.80532445923461
1.9980201569540492,16.839916839916842
1.9983315554631533,16.87448046550291
1.9988115426388975,16.87448046550291
2.000526437143572,16.87448046550291
2.0008298977166667,16.909015371832155
2.000836002062447,16.943521594684384
2.001177517771705,16.943521594684384
2.0015551120921433,16.943521594684384
2.0018309907822904,16.943521594684384
2.0023197236137302,16.943521594684384
2.0030727150008194,16.943521594684384
2.003722202405302,16.97799916977999
2.0038422089464416,17.012448132780083
2.003910742042834,17.046868519286605
2.0040728853843452,17.046868519286605
2.004291880665968,17.081260364842453
2.0043489599094633,17.11562370493162
2.0044522766012975,17.149958574979287
2.004491913113525,17.149958574979287
2.004751119278049,17.149958574979287
2.0051027696537056,17.184265010351968
2.006752791366169,17.218543046357617
2.007156154441059,17.25279271824576
2.0080734282691814,17.25279271824576
2.008116313072831,17.25279271824576
2.0088948825481596,17.25279271824576
2.0094692770887965,17.28701406120761
2.0097042729760908,17.28701406120761
2.009791671841422,17.28701406120761
2.0098412000064605,17.28701406120761
2.010276278750523,17.28701406120761
2.0113053139688812,17.28701406120761
2.01146347330241,17.28701406120761
2.012141791834225,17.28701406120761
2.0126286600949213,17.32120711037619
2.012925648437958,17.355371900826448
2.0130471336791897,17.389508467575382
2.013227049245512,17.423616845582163
2.0134209621144645,17.423616845582163
2.013451775768601,17.457697069748246
2.0137629481476154,17.491749174917494
2.0138588359276315,17.525773195876287
2.0149346566776307,17.525773195876287
2.015157576030042,17.525773195876287
2.0153165411508267,17.525773195876287
2.015365171705536,17.525773195876287
2.0156478577887933,17.525773195876287
2.0163014286084797,17.55976916735367
2.0166978771008526,17.55976916735367
2.0171020061568745,17.55976916735367
2.017858518136637,17.55976916735367
2.0198283164460435,17.593737124021423
2.0210794326583628,17.593737124021423
2.0210937188440847,17.627677100494235
2.021309959730714,17.661589131329766
2.0218844944663217,17.661589131329766
2.0218884509976327,17.661589131329766
2.0225202428343163,17.695473251028808
2.0232436425636235,17.695473251028808
2.0240141638429403,17.729329494035376
2.0250615789855013,17.729329494035376
2.0253825389015527,17.729329494035376
2.0270330271011336,17.763157894736842
2.027124540565726,17.763157894736842
2.0273462414316747,17.763157894736842
2.02739636116459,17.79695848746404
2.0275578301613337,17.830731306491373
2.0278451535801967,17.830731306491373
2.0284446590199816,17.830731306491373
2.028953198184546,17.830731306491373
2.029516394162462,17.830731306491373
2.0298287358856264,17.864476386036962
2.0300467430875684,17.864476386036962
2.0306395432921724,17.864476386036962
2.0318057908091745,17.864476386036962
2.03184672183265,17.864476386036962
2.0319561545903033,17.864476386036962
2.033017454521212,17.898193760262725
2.0337012601232285,17.931883463274517
2.0344594830030256,17.931883463274517
2.034510218775288,17.931883463274517
2.0345343383942045,17.931883463274517
2.035173990369166,17.931883463274517
2.0357603427112916,17.931883463274517
2.036005010915728,17.931883463274517
2.036692438442478,17.96554552912223
2.0371207358141357,17.99917999179992
2.0371466923075996,17.99917999179992
2.0372630368722535,18.0327868852459
2.037356011151168,18.066366243342895
2.037591380811324,18.066366243342895
2.0378768801081746,18.0999180999181
2.038168272867953,18.0999180999181
2.0382731228664737,18.13344248874335
2.038494404340819,18.13344248874335
2.03870069998123,18.13344248874335
2.039202709829306,18.13344248874335
2.0393083620254844,18.16693944353519
2.039376664672501,18.200408997955012
2.039483380577824,18.233851185609158
2.0400871909573612,18.26726604004904
2.0401357863797527,18.26726604004904
2.0407371890249415,18.26726604004904
2.041099416701664,18.26726604004904
2.0416516345597406,18.26726604004904
2.0417286590570862,18.30065359477124
2.0419068923154917,18.33401388321764
2.0423170070672985,18.367346938775512
2.042963799622899,18.367346938775512
2.0431322036378545,18.400652794777642
2.0431373859541417,18.43393148450245
2.0440579586924836,18.43393148450245
2.0442332403508807,18.43393148450245
2.0454065940476847,18.467183041174074
2.0477544600741133,18.467183041174074
2.0479610667504615,18.50040749796251
2.0481305069197284,18.533604887983707
2.048708142408927,18.566775244299674
2.0488181188842605,18.5999185999186
2.049901848210119,18.5999185999186
2.0511094091192152,18.5999185999186
2.051606648180251,18.5999185999186
2.0524124506123402,18.633034987794954
2.0531859331826148,18.666124440829606
2.0534412517253338,18.69918699186992
2.0535776684527427,18.732222673709874
2.0547295784040958,18.732222673709874
2.056892238957118,18.732222673709874
2.056906494113434,18.765231519090168
2.057371617465345,18.765231519090168
2.0576067783778633,18.765231519090168
2.057911812890804,18.798213560698336
2.0579537861794965,18.83116883116883
2.058414011687395,18.864097363083165
2.058955810240288,18.864097363083165
2.059414661966491,18.864097363083165
2.0599407527074955,18.864097363083165
2.0628345005453976,18.864097363083165
2.0629967881181153,18.864097363083165
2.0630207643761858,18.896999188969993
2.063449008573601,18.92987434130523
2.0635221976587266,18.962722852512158
2.0638550648404617,18.962722852512158
2.0645867694734403,18.962722852512158
2.06477164057635,18.995544754961525
2.0648731659411554,18.995544754961525
2.0652791078523047,19.02834008097166
2.065532994951285,19.02834008097166
2.065688955544948,19.02834008097166
2.0662662980172555,19.061108862808577
2.067184258661091,19.061108862808577
2.067992632074291,19.093851132686083
2.068153599672465,19.093851132686083
2.068160929622712,19.093851132686083
2.0701382287798276,19.093851132686083
2.0705376687882593,19.093851132686083
2.0710247935117225,19.12656692276587
2.0718688969842325,19.12656692276587
2.072238198420984,19.12656692276587
2.0722423058666837,19.15925626515764
2.072698648554864,19.15925626515764
2.07292595493106,19.19191919191919
2.073006394638536,19.19191919191919
2.0732942931838148,19.22455573505654
2.0734331481173354,19.25716592652402
2.0736257476522044,19.289749798224374
2.073820990690165,19.289749798224374
2.0753306532483538,19.289749798224374
2.0756595275597216,19.322307382008873
2.0758033585713265,19.35483870967742
2.0762736001334026,19.38734381297864
2.0762798896977066,19.38734381297864
2.076830346364561,19.38734381297864
2.076962800434187,19.38734381297864
2.077092070542798,19.38734381297864
2.077398547470131,19.38734381297864
2.0784237054997896,19.419822723609993
2.078613111882944,19.419822723609993
2.0789215115412714,19.419822723609993
2.0792679003567858,19.419822723609993
2.0793250442150644,19.45227547321788
2.079562212921807,19.45227547321788
2.0798597591893198,19.484702093397747
2.080613937717674,19.484702093397747
2.080838289827531,19.484702093397747
2.0818266913164303,19.517102615694164
2.082477474769389,19.517102615694164
2.0836474592392524,19.517102615694164
2.0838829041057227,19.549477071600965
2.085030887648421,19.581825492561318
2.0851006317554837,19.581825492561318
2.0853378042489084,19.614147909967848
2.0884164956297773,19.614147909967848
2.089098715668086,19.614147909967848
2.08914528566066,19.646444355162714
2.0907143319953514,19.646444355162714
2.0915782886004637,19.646444355162714
2.0915932586228823,19.646444355162714
2.0919198646991717,19.67871485943775
2.0922568420103316,19.67871485943775
2.092956732841869,19.710959454034523
2.093366362562377,19.710959454034523
2.0934125066471636,19.743178170144464
2.0934666388274925,19.743178170144464
2.093804908152356,19.775371038908947
2.0940539962645017,19.807538091419406
2.094836426524942,19.807538091419406
2.0949719391250268,19.807538091419406
2.095167311243967,19.807538091419406
2.0954910795893995,19.839679358717436
2.0963595557259187,19.871794871794872
2.0968344814305095,19.871794871794872
2.0972404335873778,19.903884661593914
2.097300138248191,19.903884661593914
2.0980994883540527,19.935948759007204
2.0987753586862556,19.96798719487795
2.0992981099352823,19.96798719487795
2.0997063772606137,20.0
2.0997667122173183,20.0
2.0998225538589224,20.03198720511795
2.1001767938667775,20.06394884092726
2.100466729196517,20.06394884092726
2.1005275846760973,20.06394884092726
2.100779408755559,20.06394884092726
2.1032203606526947,20.09588493807431
2.1050128292595796,20.09588493807431
2.1060303669876617,20.12779552715655
2.1070817356459868,20.12779552715655
2.107463084847304,20.12779552715655
2.1077698882224474,20.12779552715655
2.1077746569900158,20.12779552715655
2.1089006625336406,20.12779552715655
2.109519369933734,20.12779552715655
2.1099247103794134,20.12779552715655
2.110688382572005,20.159680638722556
2.1121191771627337,20.191540303272145
2.1125530583261027,20.191540303272145
2.1126488480812684,20.191540303272145
2.112698350497804,20.22337455125648
2.113514078127412,20.25518341307815
2.1139286900485352,20.28696691909127
2.114461115505024,20.318725099601593
2.1146122061997246,20.318725099601593
2.1170547707524934,20.350457984866587
2.1174619860345554,20.350457984866587
2.1181242225236376,20.382165605095544
2.118421108211383,20.413847990449664
2.118602922703855,20.445505171042164
2.119041130304028,20.47713717693837
2.119247541120309,20.5087440381558
2.120059829157974,20.5087440381558
2.1221015674316135,20.540325784664283
2.122283053638663,20.57188244638602
2.122367047420161,20.603414053195714
2.123117197506499,20.634920634920633
2.124981641553549,20.66640222134074
2.12529714820164,20.697858842188737
2.1256798485911292,20.72929052715022
2.1259340679290424,20.72929052715022
2.12617150432563,20.760697305863708
2.1273159717061874,20.760697305863708
2.1278280313857985,20.760697305863708
2.127918256474233,20.760697305863708
2.1288183662216684,20.792079207920793
2.1292899052091308,20.792079207920793
2.1296768420657055,20.792079207920793
2.130038381448344,20.823436262866192
2.130931836728609,20.854768500197864
2.131496011325068,20.88607594936709
2.1328172390612874,20.91735863977857
2.1352367340681893,20.91735863977857
2.136140093879226,20.91735863977857
2.1372054742354365,20.91735863977857
2.137506295379394,20.948616600790515
2.137528328285352,20.948616600790515
2.138043188359072,20.948616600790515
2.138383092443393,20.948616600790515
2.1385870684421264,20.948616600790515
2.138758510916492,20.948616600790515
2.1393063892062045,20.979849861714737
2.139550085958159,20.979849861714737
2.139833302000169,21.011058451816748
2.139844975532813,21.042242400315832
2.1409433759061556,21.07340173638516
2.141033960315561,21.07340173638516
2.141432465296195,21.07340173638516
2.1414981328527865,21.07340173638516
2.141719193991626,21.104536489151872
2.141814660490639,21.13564668769716
2.1421779315013922,21.166732361056365
2.142353968785657,21.19779353821907
2.1424141380997845,21.19779353821907
2.144016448287364,21.228830248129185
2.14402579660187,21.25984251968504
2.1453225997570726,21.25984251968504
2.1456633221854897,21.29083038173947
2.1456781502962357,21.321793863099924
2.145906170104121,21.321793863099924
2.146790176550281,21.35273299252851
2.1490435749877457,21.35273299252851
2.1491433594256613,21.38364779874214
2.1496520802049264,21.414538310412574
2.1500953398273905,21.414538310412574
2.1503178546609516,21.445404556166537
2.1505201518611377,21.445404556166537
2.151172737975838,21.47624656458579
2.151411286960002,21.50706436420722
2.1514412095660846,21.53785798352295
2.1518173967124787,21.53785798352295
2.151952944286966,21.53785798352295
2.1520004905258756,21.53785798352295
2.152207133120729,21.568627450980394
2.152726003724719,21.568627450980394
2.15298016795486,21.59937279498236
2.1532064991252082,21.59937279498236
2.153658058973105,21.630094043887148
2.153804518903694,21.660791226008616
2.154307965415584,21.660791226008616
2.154826965939016,21.660791226008616
2.1552810997986604,21.69146436961629
2.1554276356608697,21.69146436961629
2.1557412991221985,21.69146436961629
2.156349178665192,21.722113502935418
2.156792931178632,21.722113502935418
2.1568961221571277,21.752738654147105
2.1573027396457927,21.752738654147105
2.157490725589945,21.752738654147105
2.158047606671418,21.783339851388344
2.1585100922873792,21.783339851388344
2.158681016295114,21.783339851388344
2.158790812842779,21.783339851388344
2.1593410915762314,21.783339851388344
2.159435732441728,21.783339851388344
2.159478498061586,21.783339851388344
2.1598593023674866,21.813917122752148
2.1599933470703236,21.813917122752148
2.160269753075008,21.813917122752148
2.161414525146315,21.844470496287613
2.1623496242206746,21.844470496287613
2.1625251497495106,21.875
2.162665676485322,21.90550566185084
2.163189055154647,21.935987509758
2.1632030792357138,21.935987509758
2.1633468027211444,21.935987509758
2.16407640182333,21.935987509758
2.1655829320951683,21.935987509758
2.1670375767205163,21.935987509758
2.1678485558746026,21.935987509758
2.1678978818629346,21.935987509758
2.1689601318055733,21.966445571595784
2.169377624921646,21.966445571595784
2.169995434911505,21.966445571595784
2.170163192701843,21.996879875195006
2.1714696794280526,22.027290448343077
2.1724041599073143,22.027290448343077
2.1725943314853766,22.027290448343077
2.1726895036827485,22.0576773187841
2.17434353673474,22.0576773187841
2.174556054274801,22.0576773187841
2.1746617004621607,22.0576773187841
2.174673689821625,22.0576773187841
2.1749396149376206,22.08804051421893
2.1759795766594454,22.08804051421893
2.1760173513805254,22.08804051421893
2.176130919009783,22.118380062305295
2.176579511624886,22.148695990657842
2.176796019473965,22.17898832684825
2.176853116026451,22.20925709840529
2.1776654200959222,22.20925709840529
2.177678751640371,22.23950233281493
2.177873822971389,22.269724057520403
2.178003586060148,22.269724057520403
2.1782005426624833,22.269724057520403
2.178284549824919,22.269724057520403
2.1792915480068182,22.269724057520403
2.179332988534679,22.269724057520403
2.1795266747726165,22.269724057520403
2.1797404957953805,22.2999222999223
2.1798523265671546,22.2999222999223
2.1798822567001954,22.2999222999223
2.1801154972102172,22.2999222999223
2.180118973889263,22.2999222999223
2.1802691012741717,22.2999222999223
2.1810613890446184,22.2999222999223
2.1811215302418128,22.330097087378643
2.181384383500511,22.36024844720497
2.182046947438236,22.390376406674427
2.1820978849781616,22.390376406674427
2.182712272804977,22.390376406674427
2.182949932628618,22.420480993017843
2.183387820425663,22.450562233423806
2.183971845187292,22.48062015503876
2.184423314413824,22.48062015503876
2.1846919574767654,22.48062015503876
2.184875491055216,22.510654784967066
2.185432768276494,22.540666150271107
2.185484915745916,22.540666150271107
2.1856020559589227,22.540666150271107
2.1856135721910666,22.57065427797135
2.1860631134857775,22.60061919504644
2.186139743500879,22.60061919504644
2.186955802653505,22.60061919504644
2.187048619553025,22.60061919504644
2.1873084208267337,22.63056092843327
2.187545127211875,22.66047950502707
2.18780747228848,22.690374951681484
2.1878775786082754,22.690374951681484
2.1880210120466836,22.690374951681484
2.1883486167339528,22.720247295208658
2.1884491918155136,22.750096562379298
2.188800656626698,22.750096562379298
2.189058137634197,22.750096562379298
2.189467314220637,22.779922779922778
2.1900676212296872,22.809725974527208
2.1907086746064683,22.839506172839506
2.1907636648166418,22.839506172839506
2.191079369375691,22.869263401465485
2.191331387174361,22.89899768696993
2.191414434883238,22.928709055876688
2.1915194130458966,22.95839753466872
2.1917509117080884,22.95839753466872
2.1924064489132293,22.988063149788218
2.1925415793056025,22.988063149788218
2.1927686151961363,23.017705927636644
2.1928338733776798,23.017705927636644
2.192890521387332,23.047325894574836
2.1929450947571865,23.076923076923077
2.193041226051488,23.10649750096117
2.1930458531821455,23.136049192928517
2.1933093684213865,23.136049192928517
2.193587782531706,23.1655781790242
2.1936122906598574,23.195084485407065
2.193840853727801,23.195084485407065
2.1940817294135724,23.195084485407065
2.194132834585059,23.195084485407065
2.19464196384521,23.224568138195778
2.19513334841354,23.224568138195778
2.195640993654423,23.254029163468918
2.1958646809912077,23.254029163468918
2.1960970769498145,23.254029163468918
2.1966131949509147,23.254029163468918
2.196731026796029,23.254029163468918
2.1967805936598377,23.254029163468918
2.197182835757289,23.283467587265054
2.197200523068836,23.283467587265054
2.198032714875809,23.283467587265054
2.198898179672477,23.283467587265054
2.1998109906796874,23.283467587265054
2.199826177158569,23.283467587265054
2.200324038568577,23.31288343558282
2.2005266872381246,23.34227673438099
2.2006826842720004,23.371647509578544
2.200979943111566,23.371647509578544
2.2011182039036954,23.400995787054768
2.201276036723752,23.43032159264931
2.201545049629973,23.43032159264931
2.202571670867198,23.459624952162265
2.203272688540523,23.459624952162265
2.2034169152550365,23.459624952162265
2.203787789751209,23.488905891354246
2.204131983288887,23.518164435946463
2.2043225657389134,23.518164435946463
2.204668850997679,23.547400611620795
2.205021380013588,23.57661444401987
2.206373518668356,23.605805958747137
2.2065859885659607,23.634975181366936
2.2067813148467206,23.66412213740458
2.2074844961546827,23.66412213740458
2.2076217045203386,23.693246852346434
2.2076775339159616,23.72234935163997
2.2085311163220998,23.72234935163997
2.2088728863659304,23.72234935163997
2.2090515689494046,23.72234935163997
2.2093861555072496,23.72234935163997
2.20945375054809,23.72234935163997
2.2095627818228745,23.751429660693862
2.209931784045501,23.751429660693862
2.210046084860861,23.78048780487805
2.2102306368944453,23.809523809523807
2.2102487928278993,23.83853769992384
2.2109460550472515,23.83853769992384
2.21108964514721,23.867529501332317
2.211261051939537,23.867529501332317
2.2117498959251107,23.867529501332317
2.211802453350905,23.867529501332317
2.2121066053358613,23.896499238964992
2.2123922241928815,23.896499238964992
2.2126559584813856,23.896499238964992
2.2128194329722866,23.896499238964992
2.212902321407019,23.896499238964992
2.2138196718822063,23.92544693799924
2.214309916791171,23.92544693799924
2.2144497321776813,23.92544693799924
2.214550230049152,23.92544693799924
2.2146388964663415,23.92544693799924
2.2154177425483357,23.954372623574145
2.2157756731325113,23.954372623574145
2.215879830335972,23.983276320790576
2.216104982481104,24.012158054711247
2.216229908510803,24.012158054711247
2.2169563438706175,24.041017850360806
2.21699122751441,24.06985573272589
2.217122400583422,24.09867172675522
2.2171344486674496,24.12746585735964
2.2171535108090197,24.15623814941221
2.217276947817884,24.15623814941221
2.2175464480812965,24.15623814941221
2.217704758314162,24.15623814941221
2.217811418615158,24.184988627748293
2.218050841726571,24.213717317165592
2.219211533280722,24.213717317165592
2.219272896477943,24.242424242424242
2.220117795001906,24.242424242424242
2.2201642260105823,24.242424242424242
2.220497711486627,24.242424242424242
2.2205598493350722,24.242424242424242
2.2211815550107015,24.271109428246877
2.2231934390049286,24.299772899318697
2.2249478690775093,24.299772899318697
2.225244050445201,24.299772899318697
2.2252456550098434,24.299772899318697
2.225498438694424,24.32841468028755
2.226138688044678,24.32841468028755
2.2273607387449403,24.357034795763994
2.2279689755709313,24.38563327032136
2.228294778232694,24.38563327032136
2.2293344546266542,24.38563327032136
2.2298578657285746,24.38563327032136
2.2300302426630316,24.414210128495842
2.230574468699386,24.414210128495842
2.230892026157091,24.414210128495842
2.231871838958714,24.414210128495842
2.232264030773009,24.44276539478655
2.2325056581632694,24.44276539478655
2.23326066624521,24.47129909365559
2.233956269777377,24.47129909365559
2.2349379826610334,24.499811249528126
2.2350415848908827,24.499811249528126
2.2350523001886202,24.499811249528126
2.2353312403992107,24.528301886792452
2.235578243699002,24.528301886792452
2.235709637124084,24.528301886792452
2.2365100718625177,24.556771029800075
2.236639297228455,24.58521870286576
2.2378504809473845,24.613644930267622
2.238169174268961,24.642049736247174
2.238216876763893,24.642049736247174
2.239509564020865,24.670433145009415
2.240186103114871,24.69879518072289
2.24030179345892,24.72713586751976
2.241596427484452,24.755455229495862
2.241836394359819,24.755455229495862
2.242174925716209,24.783753290710795
2.2424180006743275,24.783753290710795
2.2428492657615906,24.783753290710795
2.2430183475556036,24.783753290710795
2.2432569999271275,24.81203007518797
2.243429606293539,24.840285606914694
2.243809028772327,24.840285606914694
2.243901725758449,24.840285606914694
2.2441602693393468,24.840285606914694
2.2447380258505873,24.840285606914694
2.2451837772781187,24.840285606914694
2.2457973229226744,24.840285606914694
2.246413319866257,24.840285606914694
2.2465709555589792,24.868519909842224
2.2466522898388477,24.868519909842224
2.2467944419777135,24.868519909842224
2.2472270422446394,24.896733007885842
2.2474239058721857,24.924924924924923
2.2474275778192587,24.953095684803
2.2475723562480057,24.953095684803
2.2480791718033224,24.981245311327832
2.24846670821458,24.981245311327832
2.2492840981401483,24.981245311327832
2.24960627581514,24.981245311327832
2.249661746781244,24.981245311327832
2.249807166369182,24.981245311327832
2.250085532206956,24.981245311327832
2.250512369371637,25.009373828271464
2.2505186373951767,25.037481259370313
2.2515855670530533,25.065567628325212
2.251946715875209,25.0936329588015
2.2528731885221704,25.0936329588015
2.2530660536632063,25.0936329588015
2.253138365277759,25.0936329588015
2.2531700076441536,25.121677274429054
2.253182172350351,25.121677274429054
2.2537763294554485,25.149700598802394
2.2538352225929335,25.149700598802394
2.2540203134857673,25.149700598802394
2.2543758923073205,25.149700598802394
2.2552275446173518,25.177702955480736
2.255263774773472,25.177702955480736
2.255995932530893,25.177702955480736
2.256140586120348,25.177702955480736
2.2562619040920446,25.177702955480736
2.2566140973988307,25.177702955480736
2.257183187728744,25.177702955480736
2.2572217274416344,25.205684367988034
2.2573844965556673,25.233644859813083
2.2581282085223036,25.26158445440957
2.259162768572557,25.289503175196117
2.2592380996100503,25.289503175196117
2.259700491750917,25.317401045556387
2.2597118637588474,25.34527808883912
2.261028120487815,25.37313432835821
2.261094658133914,25.400969787392764
2.261330457298266,25.400969787392764
2.2613922535799835,25.428784489187173
2.2615159383241705,25.456578456951174
2.261981684362768,25.456578456951174
2.2623493270882076,25.48435171385991
2.262690655507623,25.48435171385991
2.262784277848857,25.512104283054004
2.263532800651916,25.539836187639615
2.263924065362696,25.539836187639615
2.2647246300231685,25.5675474506885
2.26478709297898,25.595238095238095
2.264938625088895,25.595238095238095
2.264944175870017,25.622908144291557
2.265034313771377,25.622908144291557
2.265335750292549,25.650557620817843
2.265498881626213,25.650557620817843
2.2666259630630807,25.678186547751764
2.2668156146445297,25.705794947994054
2.267353380267178,25.733382844411434
2.2682676798975443,25.760950259836672
2.268308112241411,25.788497217068645
2.268333721599678,25.788497217068645
2.2686549305327883,25.788497217068645
2.2687001699794087,25.788497217068645
2.2693267774746526,25.816023738872403
2.2695830401833725,25.816023738872403
2.2696081588629022,25.843529847979234
2.2699129720914484,25.843529847979234
2.270036624198141,25.843529847979234
2.270087790236034,25.843529847979234
2.2701147771037236,25.843529847979234
2.2703654085243308,25.843529847979234
2.270736633939157,25.87101556708673
2.2709470364033364,25.898480918858834
2.2714798793655966,25.898480918858834
2.271975503083482,25.898480918858834
2.272938860568698,25.925925925925924
2.272981389666503,25.925925925925924
2.2734475345119645,25.925925925925924
2.274209677176939,25.925925925925924
2.274341395280181,25.925925925925924
2.274405864044076,25.953350610884858
2.274665721024332,25.980754996299037
2.2747402754039365,25.980754996299037
2.2758886835330707,26.008139104698486
2.276414434405678,26.035502958579883
2.2764168404380865,26.035502958579883
2.2772398990122773,26.035502958579883
2.277921831094092,26.035502958579883
2.278250889078194,26.035502958579883
2.279305339947508,26.035502958579883
2.279780224714711,26.062846580406656
2.2801841095378337,26.062846580406656
2.2803918742736924,26.09016999260902
2.280516797975146,26.117473217584042
2.2809046719328174,26.14475627769572
2.2809555015691716,26.14475627769572
2.281197118226689,26.17201919527501
2.2816546216410933,26.199261992619927
2.2818671234884738,26.226484691995573
2.2820757433606227,26.226484691995573
2.282310144258289,26.253687315634217
2.282660480241537,26.28086988573535
2.2826985253293004,26.308032424465733
2.283168742365243,26.335174953959484
2.284120444893686,26.362297496318117
2.284254621760288,26.362297496318117
2.2842973382617937,26.362297496318117
2.284340553992492,26.389400073610602
2.2849566176971705,26.416482707873435
2.28510914223403,26.443545421110702
2.285299352055804,26.47058823529412
2.2854608643958563,26.47058823529412
2.2854716553867886,26.4976111723631
2.2856408571162574,26.4976111723631
2.2857428260825947,26.4976111723631
2.2861749647238163,26.4976111723631
2.286877467306137,26.4976111723631
2.2885478374647827,26.4976111723631
2.2885787802071893,26.524614254224833
2.288602984319835,26.524614254224833
2.288742671841144,26.524614254224833
2.2892943236781695,26.551597502754316
2.289383648287672,26.551597502754316
2.2897247306731905,26.551597502754316
2.2901728558990673,26.551597502754316
2.2903974862778207,26.57856093979442
2.2907450376922847,26.57856093979442
2.2908266506753896,26.605504587155966
2.291342788305444,26.605504587155966
2.291680584679878,26.605504587155966
2.2922839090661413,26.605504587155966
2.29273303027831,26.605504587155966
2.293381829530297,26.632428466617753
2.2934079185812553,26.632428466617753
2.2939839863055256,26.65933259992666
2.294676915194759,26.68621700879765
2.295392386946022,26.71308171491389
2.2955530141622624,26.71308171491389
2.295885598665313,26.71308171491389
2.29599564776337,26.71308171491389
2.2961132276972305,26.73992673992674
2.296135214161792,26.766752105455875
2.2965444859798803,26.766752105455875
2.29716298945906,26.79355783308931
2.2973323221688657,26.820343944383463
2.2977745316243334,26.820343944383463
2.297933977278662,26.847110460863206
2.2983220318026527,26.87385740402194
2.2984401510871417,26.900584795321635
2.2988150784623063,26.927292656192915
2.2991823111003526,26.927292656192915
2.2995141994517234,26.95398100803506
2.299543010537362,26.98064987221614
2.3001524886645637,26.98064987221614
2.3001927637819493,27.00729927007299
2.300353150143027,27.00729927007299
2.3008841731038507,27.00729927007299
2.301008665933363,27.033929222911347
2.301133839310736,27.060539752005834
2.3011447082554803,27.060539752005834
2.3011866522314297,27.060539752005834
2.301207115226657,27.060539752005834
2.301251803573221,27.060539752005834
2.301350675125407,27.087130878600075
2.301428807952963,27.087130878600075
2.302861916802368,27.113702623906704
2.3035514203570684,27.140255009107467
2.303751832527915,27.16678805535324
2.303963834695811,27.16678805535324
2.304156670197697,27.16678805535324
2.304367647649156,27.193301783764106
2.3052939268558683,27.193301783764106
2.306408080589324,27.219796215429405
2.3068531592289823,27.246271371407783
2.3072320559312165,27.27272727272727
2.3073717645142606,27.27272727272727
2.307535561107106,27.299163940385313
2.3080602639815315,27.299163940385313
2.308704023150215,27.325581395348834
2.3100364839469414,27.351979658554303
2.3104864744189895,27.378358750907772
2.311211982865847,27.404718693284934
2.3113149576755854,27.431059506531202
2.311319907580909,27.431059506531202
2.3113437527725407,27.431059506531202
2.3113940743184775,27.457381211461733
2.311940372395783,27.483683828861494
2.3125274335585555,27.509967379485325
2.3129693460062777,27.536231884057973
2.3132943670601813,27.536231884057973
2.3135382918879506,27.536231884057973
2.314419122747996,27.536231884057973
2.3145140713421055,27.562477363274173
2.3147100592241845,27.562477363274173
2.31522631952798,27.562477363274173
2.3157137915450257,27.588703837798693
2.3163235200232277,27.588703837798693
2.3164217992843965,27.588703837798693
2.3165937528646783,27.614911328266377
2.3167226235513874,27.641099855282196
2.3167468305807497,27.66726943942134
2.317075030960074,27.66726943942134
2.3172349367778926,27.69342010122921
2.3173614903511743,27.719551861221543
2.3177973733574477,27.74566473988439
2.318402321351481,27.771758757674252
2.3192294665767443,27.79783393501805
2.319834122877744,27.823890292313248
2.320561187976513,27.823890292313248
2.320561767925575,27.823890292313248
2.320658838834184,27.84992784992785
2.3217544227476163,27.84992784992785
2.3219528875234943,27.875946628200506
2.322065678380761,27.901946647440518
2.3226855934891844,27.901946647440518
2.3237352014626818,27.901946647440518
2.3238413232491326,27.901946647440518
2.323856991034043,27.927927927927925
2.3245762949602886,27.953890489913547
2.3247421997377478,27.979834353619015
2.325149287226438,27.979834353619015
2.3256091454242767,27.979834353619015
2.3262611002529616,27.979834353619015
2.3265262145244305,28.005759539236863
2.3268184072988474,28.005759539236863
2.3268368982965026,28.031666066930548
2.3270989434771043,28.05755395683453
2.3271590009231766,28.0834232290543
2.32760574611493,28.0834232290543
2.327803971132786,28.0834232290543
2.328407715175993,28.109273903666427
2.3291258634917105,28.13510600071865
2.3296080117877933,28.160919540229884
2.3300377181567407,28.186714542190305
2.330637409969226,28.186714542190305
2.330661775409184,28.212491026561377
2.3316831876272417,28.238249013275922
2.331751171569755,28.263988522238165
2.3321940461955184,28.289709573323773
2.3321974249974664,28.289709573323773
2.332253791168758,28.31541218637993
2.332595874306216,28.31541218637993
2.332916261988672,28.341096381225366
2.334854211826617,28.36676217765043
2.3348692048563926,28.36676217765043
2.3365063750090873,28.392409595417114
2.3370823009672534,28.392409595417114
2.337686405454839,28.392409595417114
2.3379278224706814,28.418038654259124
2.3388387458164415,28.418038654259124
2.338977877130105,28.418038654259124
2.3390910850197533,28.44364937388193
2.3391718070737815,28.44364937388193
2.33926628661209,28.44364937388193
2.3394137932720196,28.469241773962807
2.3398863084262054,28.494815874150873
2.3400351429909865,28.494815874150873
2.340755666205165,28.520371694067194
2.3410559978842156,28.545909253304753
2.34164547348257,28.545909253304753
2.342383761670175,28.57142857142857
2.343243106305813,28.596929667975722
2.3437081158701414,28.596929667975722
2.343753000096339,28.62241256245539
2.343832234127753,28.62241256245539
2.3443555616996887,28.64787727434891
2.3454087698653905,28.673323823109843
2.3455050145883853,28.673323823109843
2.345718396349918,28.698752228163993
2.346075916957146,28.72416250890948
2.3462506709724726,28.749554684716777
2.3467406222009797,28.749554684716777
2.3468937535582137,28.774928774928775
2.3469379636755043,28.800284798860805
2.347059490491324,28.825622775800714
2.3470780697961513,28.825622775800714
2.347242145037145,28.825622775800714
2.3479665522758237,28.850942725008892
2.3487657703813722,28.850942725008892
2.349543468592097,28.87624466571835
2.3495772164294744,28.87624466571835
2.349631322071894,28.90152861713473
2.349773223786386,28.926794598436388
2.3498088881140102,28.926794598436388
2.3501254961003757,28.926794598436388
2.350256301915202,28.95204262877442
2.3503500500045056,28.97727272727273
2.3503730426793226,28.97727272727273
2.350666413936995,28.97727272727273
2.3510956003783177,28.97727272727273
2.3511107648412874,28.97727272727273
2.351519985989889,29.00248491302804
2.3515388221198736,29.027679205110008
2.3517835479081906,29.027679205110008
2.351909280563829,29.05285562256119
2.3520053536952843,29.05285562256119
2.3520480767947607,29.05285562256119
2.3526735679100503,29.05285562256119
2.352969628380882,29.05285562256119
2.3529749319014077,29.05285562256119
2.353564789153894,29.05285562256119
2.354000440837751,29.05285562256119
2.3544294798454293,29.05285562256119
2.3546307125143544,29.078014184397162
2.354719430388899,29.078014184397162
2.3548220692434354,29.078014184397162
2.3548519032150015,29.10315490960652
2.3549983581090848,29.10315490960652
2.354998772681032,29.128277817150956
2.3552027755337517,29.15338292596529
2.355377239219232,29.178470254957507
2.3553791815275957,29.178470254957507
2.355680714617698,29.20353982300885
2.356234622615127,29.20353982300885
2.3565998401870045,29.20353982300885
2.356700870200694,29.22859164897382
2.3567316794903315,29.22859164897382
2.356990335818264,29.22859164897382
2.3572017693927196,29.22859164897382
2.3574099966246753,29.22859164897382
2.3575844041138474,29.25362575168023
2.3576149210310584,29.25362575168023
2.35799215225567,29.25362575168023
2.3586742938302265,29.27864214992928
2.359107032950823,29.303640862495584
2.359299138601861,29.328621908127207
2.359802309500716,29.353585305545742
2.359867907402633,29.353585305545742
2.359877711305097,29.353585305545742
2.3598870894056216,29.37853107344633
2.3601465466580684,29.37853107344633
2.36052377315176,29.40345923049771
2.3607213581435413,29.40345923049771
2.360760978693996,29.40345923049771
2.361179033128219,29.40345923049771
2.3621088519240354,29.40345923049771
2.362418399926473,29.428369795342274
2.3625042467435295,29.428369795342274
2.3627023138626724,29.453262786596117
2.3631518580566557,29.453262786596117
2.3636693722839133,29.453262786596117
2.3639226626853365,29.453262786596117
2.363960433202095,29.453262786596117
2.364040017600647,29.478138222849083
2.364360014941059,29.478138222849083
2.3644960272734887,29.478138222849083
2.3650527959973484,29.502996122664786
2.3651722550585372,29.52783650458069
2.3652317043662383,29.552659387108136
2.365272450819612,29.577464788732392
2.3653152670542434,29.60225272791271
2.365576880134897,29.60225272791271
2.365723451241998,29.60225272791271
2.3666893063133574,29.60225272791271
2.36715294322318,29.62702322308234
2.3673618345879404,29.651776292648613
2.368024343280779,29.676511954992968
2.368703998861581,29.676511954992968
2.3688691839622518,29.676511954992968
2.3695523739238418,29.676511954992968
2.3698504821564974,29.676511954992968
2.3698919027627956,29.701230228471005
2.3700796923548317,29.701230228471005
2.370150915407321,29.701230228471005
2.370284182984638,29.72593113141251
2.3703432989149396,29.75061468212153
2.370666004277293,29.75061468212153
2.370830923861267,29.75061468212153
2.3713256042156523,29.775280898876407
2.3713415280086516,29.775280898876407
2.3719093384486807,29.775280898876407
2.3719667377990863,29.775280898876407
2.372398836161484,29.775280898876407
2.3724018335448567,29.799929799929796
2.3725300640993328,29.82456140350877
2.3730863009138794,29.849175727814803
2.373653345537388,29.873772791023846
2.3744207380943,29.898352611286366
2.3746691221438425,29.898352611286366
2.374669785763305,29.898352611286366
2.3747165867148685,29.898352611286366
2.3749423184605356,29.898352611286366
2.374961256115313,29.922915206727403
2.3753083923747624,29.922915206727403
2.375727566286017,29.947460595446586
2.375749748242059,29.971988795518207
2.3759395539954102,29.971988795518207
2.37617453487517,29.971988795518207
2.376198650932117,29.99649982499125
2.3763731580606744,29.99649982499125
2.376468823741178,30.02099370188943
2.37716035175399,30.045470444211265
2.3778744468020094,30.069930069930066
2.378268439766483,30.069930069930066
2.378714859609429,30.069930069930066
2.3788873464388756,30.069930069930066
2.3789365219086656,30.069930069930066
2.3790621625403525,30.069930069930066
2.3795631382233977,30.094372596994056
2.3799545426842803,30.118798043326343
2.380052846162328,30.118798043326343
2.3804121244933922,30.118798043326343
2.380554608027524,30.118798043326343
2.3811631878518384,30.14320642682501
2.381421275008486,30.16759776536313
2.3816824228733844,30.16759776536313
2.381841602593183,30.19197207678883
2.3830582257289996,30.216329378925334
2.384230440044344,30.240669689570982
2.3844051871652727,30.240669689570982
2.384548742631848,30.240669689570982
2.3849155395736013,30.264993026499305
2.3853602956045328,30.264993026499305
2.3855344163736842,30.264993026499305
2.3858918398372477,30.289299407459048
2.3866252303604663,30.313588850174217
2.3866915434833387,30.313588850174217
2.386954550858758,30.313588850174217
2.3872130807671788,30.337861372344133
2.38795157946298,30.362116991643457
2.388001025978588,30.386355725722243
2.388266611753804,30.410577592205986
2.388292294714778,30.434782608695656
2.3888210530605414,30.434782608695656
2.389290241686306,30.434782608695656
2.3899107005228517,30.45897079276773
2.3899608579425706,30.483142161974282
2.3900469415214265,30.483142161974282
2.390355290324066,30.50729673384295
2.3904461736095723,30.53143452587704
2.3911300200216252,30.555555555555557
2.3915197940635675,30.555555555555557
2.3915263490764493,30.579659840333218
2.391998737428383,30.60374739764053
2.3929310886553203,30.6278182448838
2.3933207918939363,30.651872399445214
2.39467190642278,30.651872399445214
2.3948071873731305,30.651872399445214
2.3948589992621585,30.675909878682845
2.3948694690352443,30.675909878682845
2.3959677040420053,30.675909878682845
2.3970049531354163,30.6999306999307
2.3972017222354483,30.72393488049879
2.397237761262625,30.747922437673132
2.3973571855935982,30.77189338871582
2.3976530533314078,30.77189338871582
2.3979715949503713,30.77189338871582
2.398098528256242,30.77189338871582
2.3981040256137454,30.77189338871582
2.398300304804963,30.79584775086505
2.39890815015795,30.79584775086505
2.3989782121140584,30.819785541335175
2.3990705400348187,30.843706777316736
2.399450936946029,30.867611475976496
2.3995078049436125,30.867611475976496
2.399824903113771,30.891499654457498
2.4002020493357796,30.891499654457498
2.4004910834567843,30.891499654457498
2.401010882562957,30.915371329879104
2.4011608547661667,30.939226519337016
2.4019385888691955,30.963065239903347
2.4019482935755323,30.963065239903347
2.402141967590373,30.963065239903347
2.403079416648087,30.986887508626637
2.403299643399198,30.986887508626637
2.403368109475555,30.986887508626637
2.4043893237063205,30.986887508626637
2.4048973768702973,31.01069334253191
2.4060508231826305,31.03448275862069
2.4065420135310323,31.03448275862069
2.406766041518312,31.05825577387108
2.4071587108986385,31.08201240523777
2.4073677497694606,31.10575266965208
2.407431335627994,31.129476584022036
2.4081207974197825,31.129476584022036
2.4087246522592936,31.153184165232357
2.408891078313278,31.17687543014453
2.4089673598837926,31.20055039559684
2.4090272643060913,31.224209078404403
2.4096372039864136,31.224209078404403
2.410070567178318,31.24785149535923
2.4102718761483466,31.27147766323024
2.4105581324057637,31.29508759876331
2.4106225748545196,31.318681318681318
2.4110411402309895,31.342258839684174
2.411652460202851,31.365820178448867
2.4116936003065392,31.365820178448867
2.4119144250990074,31.365820178448867
2.4121678996701146,31.3893653516295
2.4125919910879188,31.412894375857338
2.413176659753854,31.43640726774083
2.4138382778268266,31.43640726774083
2.4138433340333583,31.45990404386566
2.4147378997198907,31.483384720794795
2.4149820702849647,31.483384720794795
2.415211071410443,31.483384720794795
2.415704254702892,31.506849315068493
2.4160121218183557,31.506849315068493
2.4166526734201046,31.506849315068493
2.416723910761682,31.506849315068493
2.417103420881936,31.53029784320438
2.4172576771314707,31.53029784320438
2.4176867850628803,31.553730321697465
2.4177831745874525,31.577146767020185
2.4178861351713103,31.600547195622436
2.4180157634086927,31.600547195622436
2.41812894833483,31.600547195622436
2.4184398166827794,31.62393162393162
2.418503591114753,31.62393162393162
2.418571362421179,31.62393162393162
2.418583015316163,31.647300068352703
2.418716519169596,31.647300068352703
2.4198832072281595,31.647300068352703
2.421182288333732,31.67065254526819
2.421436013409049,31.693989071038253
2.421450492941483,31.71730966200068
2.421789016367207,31.74061433447099
2.4221845844502927,31.763903104742408
2.4223066248605125,31.763903104742408
2.4223112616058637,31.763903104742408
2.422822099746643,31.78717598908595
2.422855393766744,31.78717598908595
2.422974454532539,31.810433003750425
2.42326651616963,31.810433003750425
2.423583963620908,31.810433003750425
2.423758160684583,31.83367416496251
2.4241553434028966,31.83367416496251
2.424366192159703,31.85689948892675
2.4244709633090573,31.85689948892675
2.425130452573529,31.88010899182561
2.4253953299153665,31.903302689819547
2.4260213421587173,31.903302689819547
2.4267719501036846,31.926480599046968
2.426938057401141,31.926480599046968
2.427490255139573,31.949642735624362
2.428276460223194,31.97278911564626
2.4289774645176605,31.97278911564626
2.4290954786629273,31.97278911564626
2.4291805904193384,31.97278911564626
2.4298133259901036,31.99591975518531
2.4298586666487063,31.99591975518531
2.4300502033388205,32.01903467029232
2.4304336809510705,32.01903467029232
2.430509696975887,32.01903467029232
2.431628200218326,32.04213387699627
2.432411482216535,32.065217391304344
2.4324453476107273,32.088285229202036
2.4326672894230077,32.088285229202036
2.4333399149073944,32.11133740665309
2.433350425338091,32.11133740665309
2.4336545312337363,32.11133740665309
2.4339640415105754,32.13437393959959
2.4339970881479625,32.15739484396201
2.4344163805597523,32.180400135639196
2.4345238929860176,32.20338983050847
2.4347914459982145,32.226363944425614
2.434951004543217,32.24932249322493
2.435348254498392,32.24932249322493
2.4356892154675123,32.24932249322493
2.4358568008898356,32.24932249322493
2.4368410639546596,32.24932249322493
2.436929565618785,32.27226549271927
2.436962415580826,32.29519295870007
2.4377198610408444,32.29519295870007
2.4379181595113666,32.31810490693739
2.438262306815418,32.31810490693739
2.4383459951648745,32.31810490693739
2.4385985643288928,32.34100135317997
2.439185329498128,32.34100135317997
2.439280797529313,32.34100135317997
2.4394100704637975,32.34100135317997
2.439624386266532,32.34100135317997
2.4396663995267382,32.36388231315522
2.4404207346127818,32.3867478025693
2.440657066805226,32.40959783710713
2.4408284982538206,32.40959783710713
2.4408466903290513,32.432432432432435
2.44205414141273,32.45525160418777
2.442332093209779,32.45525160418777
2.442567845505531,32.45525160418777
2.4427862694981495,32.4780553679946
2.4427863786454767,32.4780553679946
2.442844411795182,32.50084373945326
2.4429638880720805,32.523616734143054
2.4435297070754944,32.54637436762226
2.443560293527885,32.54637436762226
2.444022379490472,32.56911665542819
2.4451953562958013,32.59184361307718
2.4452088223214927,32.59184361307718
2.4457185568798314,32.59184361307718
2.4458708150388495,32.61455525606469
2.4460612058052713,32.63725159986527
2.446090987541046,32.63725159986527
2.4464534026086078,32.63725159986527
2.447009148393192,32.63725159986527
2.4470220443587376,32.63725159986527
2.4478295116841187,32.659932659932664
2.4487329680836822,32.68259845169976
2.4501527564087118,32.68259845169976
2.4503642772809684,32.68259845169976
2.450459096049623,32.70524899057873
2.4507215120760737,32.72788429196098
2.451140005385497,32.75050437121722
2.4517980778208566,32.773109243697476
2.4520322003272232,32.795698924731184
2.4521502722769495,32.81827342962714
2.452296668640076,32.81827342962714
2.4524242342931077,32.81827342962714
2.4525926351973895,32.81827342962714
2.452890881035069,32.840832773673604
2.4529215799027178,32.840832773673604
2.4533252119506046,32.863376972138305
2.4544090737467075,32.88590604026846
2.455024649323886,32.88590604026846
2.4565299551685347,32.88590604026846
2.456868847182592,32.88590604026846
2.4570308067112054,32.90841999329084
2.4576550389145773,32.90841999329084
2.4577728600443858,32.90841999329084
2.458048314688154,32.93091884641181
2.458050807560353,32.93091884641181
2.458085163221318,32.95340261481729
2.4581654496036034,32.95340261481729
2.4582204566871084,32.975871313672926
2.4584190325656756,32.975871313672926
2.458422633219064,32.99832495812395
2.4584817558468175,32.99832495812395
2.4592915016596852,32.99832495812395
2.459727755973874,32.99832495812395
2.459927479614573,33.02076356329538
2.4602421827647754,33.04318714429193
2.4602922875106956,33.065595716198125
2.4608132683479216,33.065595716198125
2.4609352744752804,33.087989294078284
2.461193131358147,33.11036789297659
2.461563533822103,33.11036789297659
2.461647079453914,33.13273152791709
2.46204570838209,33.13273152791709
2.4623235832451074,33.155080213903744
2.463311026201828,33.17741396592048
2.463311757935946,33.17741396592048
2.4638758570531585,33.199732798931194
2.46391446309262,33.2220367278798
2.464394565184792,33.2220367278798
2.465808145418129,33.244325767690256
2.4659787551769554,33.244325767690256
2.4672279868937395,33.2665999332666
2.4673833253401662,33.28885923949299
2.4675204232267904,33.28885923949299
2.4679273084983437,33.31110370123375
2.4688320996767503,33.31110370123375
2.469396228558915,33.33333333333333
2.4694703345278266,33.35554815061646
2.46966429718647,33.35554815061646
2.469816655432532,33.37774816788808
2.469885069524713,33.3999333999334
2.470183513397421,33.3999333999334
2.4702259138947054,33.3999333999334
2.4712780319004923,33.3999333999334
2.471748053782294,33.422103861517975
2.471902949922614,33.44425956738768
2.47231811307184,33.44425956738768
2.472603221829987,33.44425956738768
2.4734784336111697,33.44425956738768
2.47361463230794,33.44425956738768
2.4737526380554744,33.4664005322688
2.474016807846778,33.48852677086798
2.474121652895598,33.51063829787234
2.4747585789952598,33.51063829787234
2.4749522388763174,33.51063829787234
2.4755982530938625,33.532735127949486
2.4758345748229713,33.532735127949486
2.4766764565166985,33.5548172757475
2.477181149664164,33.57688475589505
2.47817512969233,33.59893758300132
2.4782255176114427,33.620975771656155
2.4784208493704836,33.64299933642999
2.4788570013870728,33.66500829187397
2.479241940825053,33.687002652519894
2.479841947877325,33.70898243288035
2.4801531360489593,33.73094764744864
2.480273624935749,33.75289831069891
2.4804097227045827,33.75289831069891
2.4807413278930395,33.77483443708609
2.4814945738607928,33.77483443708609
2.4817560716123572,33.77483443708609
2.4826191574782324,33.79675604104601
2.4826756486387596,33.81866313699537
2.482719245697323,33.81866313699537
2.482763371287621,33.84055573933179
2.4828407662943874,33.86243386243386
2.483937517259244,33.86243386243386
2.4839788612527176,33.86243386243386
2.4846197087189714,33.88429752066116
2.484844001474825,33.88429752066116
2.485059910231969,33.906146728354265
2.485480783127606,33.906146728354265
2.4859490105600424,33.92798149983482
2.4863902499745993,33.92798149983482
2.486731022342752,33.949801849405546
2.486769129758867,33.97160779135028
2.4875753245511336,33.993399339933994
2.487918372006303,34.01517650940284
2.4889610395236055,34.01517650940284
2.4890984700871113,34.03693931398417
2.489503875291252,34.03693931398417
2.4903794798905174,34.03693931398417
2.4907668951332784,34.05868776788658
2.491468103875015,34.05868776788658
2.491770064183297,34.05868776788658
2.4918141527252593,34.080421885299934
2.491967782989584,34.080421885299934
2.4921812931628486,34.102141680395384
2.4924171993090645,34.12384716732543
2.4937261461858165,34.1455383602239
2.494354181861622,34.1455383602239
2.4946415700654034,34.1455383602239
2.494786839717083,34.1455383602239
2.494807032972173,34.16721527320606
2.495204333085936,34.16721527320606
2.4955584946628875,34.16721527320606
2.495937001285975,34.18887792036854
2.4968872802982753,34.18887792036854
2.496903622985749,34.21052631578947
2.4988686909208857,34.232160473528445
2.4991026944024126,34.25378040762656
2.4992288161602336,34.27538613210647
2.4993158319440028,34.2969776609724
2.5012215228643577,34.2969776609724
2.5018513157274525,34.2969776609724
2.502286765732181,34.2969776609724
2.5023609960947977,34.2969776609724
2.5028437150805725,34.2969776609724
2.5028834092790446,34.31855500821018
2.503386497045405,34.31855500821018
2.503511622584751,34.34011818778726
2.5036191943480683,34.36166721365277
2.5037803973111528,34.38320209973753
2.5050224077916736,34.38320209973753
2.505250074880631,34.38320209973753
2.5052859834199577,34.404722859954084
2.5056791374763914,34.42622950819672
2.505888424978116,34.42622950819672
2.5059403017659054,34.447722058341526
2.506169358195334,34.469200524246396
2.506904187456618,34.49066491975106
2.5070716064480902,34.49066491975106
2.5071241596577254,34.51211525867714
2.5079304051729863,34.53355155482815
2.508741515029455,34.55497382198953
2.5091966387852884,34.55497382198953
2.509333399249821,34.55497382198953
2.5093336685375065,34.57638207392869
2.5095020120304885,34.59777632439503
2.5098206246479617,34.619156587119974
2.5100042830269995,34.619156587119974
2.510255244764152,34.619156587119974
2.5105706626595756,34.64052287581699
2.511032082791727,34.66187520418164
2.511302709177392,34.68321358589158
2.5115309050085126,34.7045380346066
2.51277539884336,34.72584856396867
2.5127852793717307,34.72584856396867
2.5144274762012016,34.74714518760196
2.515032470250263,34.74714518760196
2.5152689066954967,34.74714518760196
2.5155431153396406,34.768427919112845
2.515543132228175,34.78969677208999
2.5156431975257214,34.8109517601043
2.5157746082459482,34.832192896709024
2.515935185200879,34.832192896709024
2.516041826719741,34.832192896709024
2.5160692600667476,34.832192896709024
2.5168017186217466,34.832192896709024
2.5168761878350665,34.832192896709024
2.5169470085386543,34.832192896709024
2.5174116162013935,34.832192896709024
2.5183884184243923,34.832192896709024
2.5185557050398444,34.832192896709024
2.518597001792938,34.85342019543974
2.5190524609725493,34.87463366981439
2.5190897249163573,34.87463366981439
2.5192936664486862,34.89583333333333
2.5199952452219816,34.91701919947934
2.520130759320167,34.938191281717636
2.520172025633515,34.938191281717636
2.520922932188857,34.959349593495936
2.5214226991866386,34.980494148244475
2.5217339502121034,35.00162495937602
2.5217523151341807,35.00162495937602
2.522084936597884,35.0227420402859
2.522233740212402,35.04384540435206
2.5233151752293854,35.064935064935064
2.5233715092303726,35.08601103537812
2.523475595605866,35.107073329007136
2.523484881082471,35.128121959130716
2.5238144326498695,35.128121959130716
2.524386635562456,35.128121959130716
2.524677239011081,35.128121959130716
2.525700903625753,35.128121959130716
2.5260397593289508,35.128121959130716
2.5266946612646053,35.1491569390402
2.5267735561081155,35.17017828200972
2.5273912996478094,35.191186001296174
2.527443735442065,35.21218011013929
2.527791309621634,35.233160621761655
2.528062664326183,35.25412754936873
2.528320718746386,35.25412754936873
2.528348476895623,35.25412754936873
2.5283509010497296,35.275080906148865
2.528528181503727,35.29602070527337
2.529132048481797,35.316946959896505
2.5293250456454,35.337859683155514
2.5297584954005874,35.358758888170655
2.5298887895090703,35.37964458804523
2.5301157448794593,35.37964458804523
2.530235754652227,35.400516795865634
2.5306754232489825,35.421375524701325
2.531851721104625,35.421375524701325
2.532078355826303,35.421375524701325
2.5320969166796274,35.421375524701325
2.5321117209807027,35.4422207876049
2.532500544178924,35.4422207876049
2.532659391117029,35.46305259761213
2.5332242388910626,35.483870967741936
2.5332308051039063,35.504675910996454
2.5332410221464445,35.525467440361055
2.5332476810854163,35.54624556880439
2.5332903264124993,35.56701030927835
2.5336777339740006,35.5877616747182
2.533724072584753,35.5877616747182
2.5341575030396966,35.5877616747182
2.5349276634136664,35.5877616747182
2.535773880380083,35.5877616747182
2.5368436687134106,35.6084996780425
2.5369392732596117,35.6292243321532
2.5374946479570664,35.64993564993565
2.5376074339306136,35.64993564993565
2.5378748293172952,35.6706336442586
2.53790123714338,35.69131832797427
2.5383038294361047,35.71198971391835
2.5384716440498956,35.732647814910024
2.5394991128225364,35.75329264375201
2.5407611783559014,35.75329264375201
2.5410430768259333,35.77392421323057
2.5413466339357527,35.77392421323057
2.5414930022129236,35.77392421323057
2.541555923595199,35.79454253611557
2.541972254179175,35.79454253611557
2.542007824410568,35.79454253611557
2.542532741655386,35.815147625160456
2.542605337494842,35.815147625160456
2.543231246556656,35.835739493102345
2.5432523377799154,35.835739493102345
2.5436386081387456,35.85631815266196
2.544242869581633,35.876883616543765
2.5449054670067777,35.8974358974359
2.545442107111348,35.8974358974359
2.5454737346826977,35.8974358974359
2.546004120745456,35.91797500801025
2.546132211513554,35.91797500801025
2.546315527813459,35.91797500801025
2.546379786687838,35.93850096092249
2.5471103121635967,35.93850096092249
2.5471571473517747,35.959013768812035
2.5476537638458416,35.959013768812035
2.5477637444089964,35.959013768812035
2.5479506686488893,35.97951344430218
2.5484217033060608,35.97951344430218
2.54858227387905,35.97951344430218
2.548624301475736,36.0
2.548748454098345,36.02047344849648
2.5489483732810094,36.02047344849648
2.5490296031422526,36.04093380236649
2.549040860958211,36.0613810741688
2.549511720282508,36.0613810741688
2.549572216667826,36.0613810741688
2.5500808954340473,36.08181527644615
2.5502185703079845,36.102236421725244
2.550486597508666,36.122644522516765
2.5507724284188567,36.122644522516765
2.550840955134033,36.14303959131545
2.551005315740564,36.16342164060006
2.5515355751899693,36.16342164060006
2.5518015939918572,36.18379068283344
2.5518376358674835,36.20414673046252
2.551938378935696,36.20414673046252
2.552110641756204,36.224489795918366
2.552314865667541,36.244819891616196
2.5524723095150272,36.244819891616196
2.5525694870937006,36.26513702995538
2.552942148077485,36.26513702995538
2.553041200293653,36.28544122331953
2.5533724194441985,36.30573248407643
2.553393760448477,36.30573248407643
2.5539337111231624,36.32601082457816
2.554004172110006,36.346276257161044
2.554582095574815,36.346276257161044
2.554628008232086,36.36652879414572
2.5548437046221464,36.38676844783715
2.5552567112025426,36.40699523052464
2.55543869283839,36.42720915448188
2.55568130969592,36.42720915448188
2.556471231358357,36.447410231966956
2.5571023178167986,36.447410231966956
2.557495840000583,36.447410231966956
2.557673585735496,36.46759847522236
2.55792541646211,36.487773896475076
2.5585826982000444,36.487773896475076
2.5590805115795687,36.487773896475076
2.559136918533807,36.507936507936506
2.559197427492788,36.5280863218026
2.5595066034516916,36.54822335025381
2.56009305811724,36.56834760545512
2.560221438078705,36.58845909955612
2.5602302205739367,36.608557844690964
2.5606467578622256,36.608557844690964
2.56074326440809,36.608557844690964
2.560762426690496,36.608557844690964
2.561209018215632,36.608557844690964
2.5613394502130156,36.628643852978456
2.5618803206640224,36.648717136522016
2.5621983704331424,36.648717136522016
2.562780490722675,36.66877770740975
2.5628910783888337,36.68882557771447
2.563053040512851,36.708860759493675
2.5633574323632065,36.708860759493675
2.5634491665130503,36.708860759493675
2.5639111980680966,36.708860759493675
2.564603142773709,36.72888326478962
2.5651391413952465,36.72888326478962
2.5652429010481765,36.74889310562935
2.5652741580224894,36.74889310562935
2.5657222161036404,36.74889310562935
2.566616467325074,36.74889310562935
2.5668588791943394,36.76889029402466
2.5669197634279275,36.78887484197219
2.5682262530917113,36.808846761453395
2.568487906786911,36.828806064434616
2.568644738263322,36.828806064434616
2.568887732556826,36.848752762867065
2.569233008917538,36.848752762867065
2.569730765149873,36.848752762867065
2.569890651786802,36.848752762867065
2.569905470731847,36.848752762867065
2.5699691219297,36.868686868686865
2.5700110645522227,36.88860839381508
2.570176029083206,36.88860839381508
2.5701760551993353,36.90851735015773
2.570420856234395,36.9284137496058
2.570593885367034,36.948297604035304
2.570750954281383,36.948297604035304
2.5713094875371194,36.96816892530728
2.571350976874253,36.988027725267806
2.5713668995572623,37.00787401574803
2.5714901041267155,37.02770780856423
2.5716454545282943,37.02770780856423
2.571724518435342,37.04752911551778
2.572635272425742,37.06733794839522
2.572646019066979,37.06733794839522
2.572730838529111,37.08713431896823
2.572757004451039,37.10691823899371
2.5728331075749558,37.12668972021377
2.572944775100167,37.12668972021377
2.5734964916551033,37.12668972021377
2.5737582857356607,37.12668972021377
2.574901942066994,37.14644877435575
2.574904106218414,37.14644877435575
2.5749251308692274,37.14644877435575
2.57499019557529,37.14644877435575
2.5751900037902824,37.14644877435575
2.5752033426131975,37.14644877435575
2.5752922436134766,37.14644877435575
2.5756558182042846,37.166195413132264
2.57582327733398,37.185929648241206
2.5759668084549974,37.185929648241206
2.576531642758215,37.20565149136578
2.5766415991387186,37.22536095417451
2.5766616382153296,37.245058048321305
2.5767439107642933,37.245058048321305
2.576865820611459,37.26474278544542
2.5771056890574493,37.26474278544542
2.5771697282324455,37.26474278544542
2.577943499919082,37.26474278544542
2.5779537503969268,37.26474278544542
2.578204265271619,37.284415177171525
2.5782377493407935,37.284415177171525
2.5788768779139226,37.284415177171525
2.578987550414688,37.30407523510972
2.579706902206039,37.30407523510972
2.579861743753335,37.323722970855535
2.579998227308711,37.323722970855535
2.580260501400415,37.323722970855535
2.5807610686399975,37.323722970855535
2.5811143566142714,37.323722970855535
2.58112992862792,37.323722970855535
2.5812638524228837,37.34335839598997
2.5813854059407633,37.362981522079544
2.581801672253003,37.38259236067627
2.5818212537982146,37.38259236067627
2.5818513545192308,37.38259236067627
2.582007252724738,37.38259236067627
2.5821850091951455,37.40219092331768
2.582853210777294,37.40219092331768
2.5830661232990164,37.42177722152691
2.583161499676969,37.44135126681264
2.5832926678421635,37.460913070669164
2.5834384531277563,37.48046264457643
2.5835824902169753,37.48046264457643
2.5837169322680924,37.5
2.5840244460654676,37.519525148391125
2.584932473112109,37.539038101186755
2.585378157601817,37.539038101186755
2.5855686148261654,37.539038101186755
2.585797900657709,37.55853886980955
2.585961994302074,37.578027465667915
2.5860317586013464,37.578027465667915
2.5861236150585842,37.578027465667915
2.5869879805660134,37.597503900156006
2.587121962077011,37.61696818465378
2.587295827119765,37.61696818465378
2.5873585575309286,37.636420330526974
2.587651545109404,37.65586034912718
2.5878741983710367,37.675288251791834
2.5878771624136117,37.69470404984423
2.5879052805327825,37.69470404984423
2.5880895275137084,37.714107754593584
2.588180161656132,37.733499377334994
2.5884955924606956,37.733499377334994
2.588759523056632,37.733499377334994
2.5889228163287603,37.752878929349514
2.5896063932464783,37.77224642190417
2.5899651632293095,37.791601866251945
2.590194709617451,37.81094527363184
2.590717881525567,37.83027665526888
2.5907528968554643,37.84959602237414
2.5908127990393677,37.84959602237414
2.591032038011126,37.84959602237414
2.591181798413674,37.868903386144765
2.591187538641904,37.88819875776397
2.59131476134915,37.88819875776397
2.5914538727431027,37.907482148401115
2.5915493660234183,37.92675356921167
2.591689131893088,37.92675356921167
2.592976326951179,37.92675356921167
2.5930155335999836,37.92675356921167
2.5931017685800395,37.92675356921167
2.593161134663097,37.94601303133726
2.5934605252399985,37.94601303133726
2.59386842924869,37.94601303133726
2.593967404905606,37.94601303133726
2.5942623824931923,37.96526054590571
2.594427178409734,37.96526054590571
2.5944565304406213,37.96526054590571
2.5947415711604007,37.96526054590571
2.595000146493374,37.96526054590571
2.595282295695535,37.98449612403101
2.5954868038619123,38.00371977681339
2.5960130928294953,38.00371977681339
2.596175736208795,38.02293151533932
2.5962044645002447,38.02293151533932
2.5968453026516567,38.02293151533932
2.5971084824336854,38.02293151533932
2.5973234652489383,38.02293151533932
2.597548661256585,38.04213135068154
2.5975733483929213,38.06131929389904
2.597581593904202,38.06131929389904
2.598023388702046,38.080495356037154
2.598731045925938,38.080495356037154
2.5989043066424844,38.080495356037154
2.599007192384638,38.080495356037154
2.599031815724688,38.080495356037154
2.599261555426774,38.080495356037154
2.5997719063515965,38.080495356037154
2.5999673004038506,38.09965954812751
2.6002311223906536,38.09965954812751
2.600391091237695,38.09965954812751
2.6011912773188084,38.09965954812751
2.601634243216142,38.09965954812751
2.602013983819548,38.11881188118812
2.602284848279679,38.11881188118812
2.6026346354584,38.137952366223324
2.602754941363567,38.15708101422387
2.6028589682241425,38.17619783616693
2.603250340401297,38.19530284301607
2.603637184336074,38.21439604572135
2.604581292155102,38.23347745521927
2.6046590332782733,38.25254708243285
2.6053810882168325,38.2716049382716
2.605860938429734,38.2906510336316
2.605925820314793,38.30968537939544
2.606011805883411,38.32870798643231
2.6060478199796964,38.34771886559803
2.606947938357332,38.366718027734976
2.607473863861846,38.366718027734976
2.6077333962970557,38.366718027734976
2.607867498984603,38.38570548367221
2.608702619739228,38.38570548367221
2.609157443155641,38.38570548367221
2.6091992141502156,38.40468124422544
2.609391029080948,38.40468124422544
2.6094137720863766,38.40468124422544
2.609771976995772,38.42364532019704
2.6099082195113845,38.442597722376114
2.6106211152427337,38.46153846153847
2.6110415958513284,38.46153846153847
2.6111030565223365,38.48046754844663
2.611895622955994,38.49938499384994
2.611905054796244,38.51829080848447
2.612101504451436,38.51829080848447
2.612206772534402,38.51829080848447
2.6136645395950313,38.53718500307314
2.613875701486264,38.556067588325654
2.613937632739239,38.57493857493858
2.614607430534627,38.593797973595336
2.6146814008329473,38.61264579496624
2.6146985672965646,38.631482049708495
2.6147973462119967,38.631482049708495
2.615468235802097,38.65030674846626
2.6168486446278476,38.669119901870594
2.616914781945855,38.669119901870594
2.616976415445899,38.68792152053955
2.6172147440795603,38.70671161507815
2.6173667151821745,38.72549019607843
2.6179908918966133,38.74425727411945
2.6181020628790344,38.74425727411945
2.618630594994713,38.7630128597673
2.619150886291556,38.7630128597673
2.619232968283765,38.7630128597673
2.619362108607476,38.78175696357515
2.619809803826299,38.78175696357515
2.620072354826154,38.78175696357515
2.6203267991344537,38.80048959608323
2.620385670974429,38.80048959608323
2.6204575014104567,38.80048959608323
2.62054419877429,38.81921076781891
2.620617610543431,38.837920489296636
2.620893957528253,38.856618771018034
2.6215850803584466,38.87530562347188
2.6215931358007554,38.87530562347188
2.6218206522523335,38.89398105713413
2.62201930187018,38.89398105713413
2.6224837236628966,38.912645082467925
2.622897964561438,38.93129770992366
2.623149350209351,38.949938949938954
2.623188816792869,38.949938949938954
2.6233811556511077,38.96856881293866
2.6235707443103267,38.96856881293866
2.6238854928947113,38.96856881293866
2.6243156458187933,38.987187309334956
2.6244710792035257,39.00579444952729
2.624705144577822,39.02439024390244
2.6247683225851928,39.042974702834506
2.6247722869176298,39.061547836684944
2.625702589790941,39.080109655802616
2.6257313433263842,39.080109655802616
2.6257569402629946,39.080109655802616
2.6258703304186226,39.080109655802616
2.6258749073426317,39.080109655802616
2.6259508213103144,39.080109655802616
2.6261646664103977,39.09866017052375
2.6265580085722413,39.117199391171994
2.626755270584891,39.117199391171994
2.62739766700035,39.117199391171994
2.628101004723311,39.13572732805843
2.628474410904126,39.15424399148159
2.6285835092557783,39.15424399148159
2.628771241601867,39.17274939172749
2.629200278366935,39.191243539069625
2.629635441282381,39.191243539069625
2.6298870888692374,39.209726443769
2.6304277167810883,39.209726443769
2.6304852644628536,39.22819811607414
2.631016068561434,39.24665856622114
2.631088243361875,39.24665856622114
2.6318250791116453,39.26510780443365
2.632083921380809,39.28354584092289
2.6326574735975683,39.28354584092289
2.63270552312085,39.30197268588771
2.63369718338047,39.30197268588771
2.634106957072276,39.30197268588771
2.634164019686381,39.30197268588771
2.635565255899941,39.30197268588771
2.636048100783168,39.32038834951456
2.636379861543482,39.32038834951456
2.6364743176066123,39.33879284197756
2.63734554241368,39.35718617343845
2.637366043499619,39.35718617343845
2.6378257289653506,39.37556835404668
2.638173654150087,39.39393939393939
2.6383555363022793,39.39393939393939
2.638579922195989,39.41229930324145
2.6386942344933897,39.43064809206541
2.6388892424081214,39.448985770511655
2.6390977896553247,39.46731234866828
2.6394946865918194,39.4856278366112
2.640412375052305,39.4856278366112
2.6405733125814215,39.4856278366112
2.6406490463774976,39.4856278366112
2.6407944603894,39.4856278366112
2.641394884667854,39.50393224440412
2.641454964145947,39.50393224440412
2.641748921247818,39.52222558209858
2.642489225926143,39.52222558209858
2.6444471963021874,39.52222558209858
2.6444772784176314,39.54050785973398
2.644919097867872,39.54050785973398
2.6453431780886265,39.54050785973398
2.6453661992151924,39.55877908733756
2.645816507598085,39.55877908733756
2.6459465409211185,39.577039274924466
2.6463147491936363,39.577039274924466
2.646364268620402,39.577039274924466
2.6466026618612,39.59528843249773
2.6467293326310943,39.61352657004831
2.6478279067624526,39.631753697555084
2.6479136782528796,39.64996982498491
2.6479377823184747,39.64996982498491
2.6483360451377282,39.66817496229261
2.648412716240279,39.66817496229261
2.6484684976788255,39.68636911942099
2.648688683814924,39.70455230630087
2.6487337297481623,39.70455230630087
2.649021895097429,39.72272453285112
2.6495352753517687,39.74088580897861
2.6495976643926435,39.74088580897861
2.6497814434361895,39.75903614457831
2.649820051566058,39.75903614457831
2.649870491919019,39.777175549533276
2.650674638190014,39.79530403371463
2.6510266138121112,39.79530403371463
2.6511129401255182,39.81342160698164
2.651166080236011,39.83152827918171
2.651561086540676,39.849624060150376
2.651621994443968,39.867708959711365
2.6516288272713893,39.885782987676585
2.652006682748503,39.90384615384615
2.6521641341561786,39.92189846800841
2.6528734100683184,39.92189846800841
2.6530009367362526,39.92189846800841
2.6537328066078176,39.93993993993994
2.654109165850571,39.95797057940558
2.6541346908452113,39.97599039615846
2.6541882812242306,39.97599039615846
2.6544386367474755,39.97599039615846
2.654630526649645,39.97599039615846
2.6550079367684627,39.993999399939995
2.655053659161677,40.0119976004799
2.655065895032618,40.02998500749625
2.6551060166693765,40.04796163069545
2.655236437369958,40.06592747977225
2.655442934881034,40.083882564409826
2.6561339459169018,40.083882564409826
2.6562401732480523,40.083882564409826
2.6562975309442107,40.101826894279725
2.6563563263650565,40.119760479041915
2.656555027105219,40.13768332834481
2.657146239667883,40.155595451825256
2.657246408124192,40.155595451825256
2.6574205471425962,40.17349685910859
2.657777074349534,40.17349685910859
2.657804267099212,40.19138755980861
2.658053753625095,40.19138755980861
2.658654581952857,40.20926756352765
2.6592846437147464,40.227136879856545
2.6595808395062432,40.244995518374665
2.6600818448875447,40.244995518374665
2.6602768092289573,40.244995518374665
2.6604091360606965,40.244995518374665
2.6608251695636302,40.26284348864994
2.660949010803507,40.26284348864994
2.6610499424653646,40.280680800238876
2.6617134247455305,40.280680800238876
2.661776546875731,40.298507462686565
2.6618106643376613,40.298507462686565
2.6618249139265484,40.31632348552671
2.662275588602304,40.334128878281625
2.6624500987461723,40.334128878281625
2.662473456605084,40.351923650462275
2.6629795492812542,40.369707811568276
2.6629990682177436,40.38748137108793
2.6637483305335206,40.405244338498214
2.663804059410723,40.42299672326482
2.66384071080315,40.44073853484217
2.6638944694652564,40.45846978267342
2.6644479696907006,40.476190476190474
2.6658695886971073,40.476190476190474
2.6658800244606575,40.493900624814046
2.666524191498372,40.5116002379536
2.666583460832782,40.52928932500743
2.66702619419589,40.52928932500743
2.6675647138174887,40.54696789536266
2.668421081066953,40.56463595839524
2.6688223767764825,40.58229352346999
2.6689011117282435,40.599940599940595
2.669081907142207,40.61757719714964
2.6695963504023035,40.61757719714964
2.669799607937647,40.635203324428616
2.670006806232927,40.635203324428616
2.6703440730439323,40.652818991097924
2.6710788720491903,40.652818991097924
2.6712283594348514,40.652818991097924
2.6713072774526814,40.670424206466926
2.671314114989948,40.68801897983393
2.6714214871028448,40.70560332048622
2.672026918514617,40.72317723770006
2.672314286199077,40.74074074074074
2.6725206002769175,40.758293838862556
2.6725215537903555,40.77583654130885
2.6728016423266,40.77583654130885
2.6728204175789965,40.77583654130885
2.672964349216054,40.77583654130885
2.673252032293356,40.79336885731202
2.6740952194555705,40.81089079609352
2.674131534374859,40.828402366863905
2.6754253967136923,40.845903578822835
2.6756445082626765,40.86339444115908
2.6763821709818023,40.880874963050545
2.676619591022919,40.880874963050545
2.677152342072454,40.880874963050545
2.6774749271608393,40.8983451536643
2.678134348326438,40.8983451536643
2.678269476349426,40.91580502215657
2.678442809839033,40.93325457767277
2.678613487735784,40.95069382934751
2.678878081334555,40.968122786304605
2.6788955341102407,40.98554145765713
2.6790057829959344,41.00294985250738
2.679443629437477,41.02034797994692
2.6797245914087533,41.02034797994692
2.679822540285909,41.0377358490566
2.6800848549840106,41.0377358490566
2.6801011576717078,41.0377358490566
2.680272705806439,41.0377358490566
2.6810461726946833,41.055113468906576
2.6811053507776035,41.072480848556275
2.681274779036835,41.072480848556275
2.6814442056973,41.08983799705449
2.6814765637348876,41.10718492343934
2.681500918198168,41.10718492343934
2.682628531381013,41.1245216367383
2.6826522258455414,41.14184814596822
2.6829966520968003,41.14184814596822
2.683652472489918,41.15916446013534
2.6841320680413308,41.15916446013534
2.6843459095867868,41.15916446013534
2.6844933147465455,41.15916446013534
2.6846320689813887,41.17647058823529
2.684913030820089,41.19376653925316
2.6850058873611244,41.21105232216343
2.6850732042216885,41.22832794593006
2.685171202154935,41.22832794593006
2.6853074028313286,41.24559341950646
2.6853131557592307,41.24559341950646
2.686110850870675,41.24559341950646
2.686453134272257,41.262848751835534
2.6866697542325704,41.262848751835534
2.687532521943445,41.262848751835534
2.6876915618770534,41.28009395184968
2.68771150151876,41.2973290284708
2.6878239196081326,41.2973290284708
2.687892901578305,41.31455399061033
2.688590185952163,41.31455399061033
2.6887008576862894,41.31455399061033
2.6892597079128207,41.33176884716926
2.689575617798396,41.33176884716926
2.6905081920769707,41.348973607038126
2.691100715568293,41.36616827909704
2.691338876427794,41.36616827909704
2.691580574435939,41.38335287221571
2.6917580882848706,41.38335287221571
2.6918219686863627,41.40052739525345
2.6919022320808383,41.41769185705917
2.692472155503602,41.41769185705917
2.6927260415950527,41.41769185705917
2.6928602046896986,41.41769185705917
2.6930563873741713,41.41769185705917
2.693094394885242,41.434846266471446
2.6937641112070567,41.434846266471446
2.693903409878633,41.451990632318505
2.693982694111434,41.4691249634182
2.6942576337099844,41.4691249634182
2.694580939665154,41.4691249634182
2.6947191896928344,41.4691249634182
2.694792526150366,41.4691249634182
2.695148255430336,41.4691249634182
2.69517228709327,41.48624926857812
2.6963740587837717,41.503363556595495
2.6964287996231153,41.52046783625731
2.6969262054908256,41.53756211634025
2.6970540861537664,41.554646405610754
2.697342850613018,41.554646405610754
2.698117014694154,41.571720712825005
2.698221524348979,41.58878504672897
2.6989059398163473,41.605839416058394
2.700343668189173,41.605839416058394
2.7004474542273194,41.605839416058394
2.7008155223594237,41.605839416058394
2.700890716476503,41.62288382953882
2.701009712485804,41.62288382953882
2.701337167665283,41.62288382953882
2.7024524172353828,41.639918295885614
2.702739950439097,41.639918295885614
2.702778979389104,41.639918295885614
2.703052289953425,41.639918295885614
2.703113212855905,41.656942823803966
2.703339873224272,41.656942823803966
2.7034860350138112,41.673957421988916
2.70394105077404,41.673957421988916
2.7044632745852915,41.673957421988916
2.7046072338064584,41.690962099125365
2.7049950183881517,41.70795686388808
2.7052482067167123,41.72494172494173
2.705658004349186,41.72494172494173
2.7058870321491106,41.74191669094087
2.7060136179467498,41.758881770529996
2.706655580248497,41.758881770529996
2.7067874444055326,41.758881770529996
2.7068313293699435,41.758881770529996
2.706876652448166,41.758881770529996
2.707001337170433,41.758881770529996
2.707680709822803,41.758881770529996
2.707818762395116,41.77583697234352
2.708707556656355,41.77583697234352
2.7088347803170802,41.79278230500582
2.7095591223172364,41.79278230500582
2.709774127733798,41.79278230500582
2.7100109413742337,41.80971777713122
2.710014582707683,41.82664339732403
2.7102511587771425,41.84355917417854
2.7103619878973055,41.84355917417854
2.711185520981188,41.86046511627907
2.7114120366330035,41.86046511627907
2.711447239333067,41.877361232199945
2.7117915449044077,41.89424753050552
2.7118481123563187,41.91112401975022
2.7119695953865195,41.91112401975022
2.711982716966228,41.92799070847851
2.7121570627492777,41.944847605224965
2.712311580939532,41.944847605224965
2.7123936436354716,41.944847605224965
2.7126768989182826,41.944847605224965
2.713607240061765,41.96169471851422
2.7138009819474216,41.96169471851422
2.713842063258922,41.96169471851422
2.7139092958779925,41.97853205686104
2.7140810794634125,41.97853205686104
2.7140922767113764,41.97853205686104
2.714161263823676,41.9953596287703
2.7142304609980816,42.01217744273703
2.714300761118864,42.01217744273703
2.7144315306942217,42.028985507246375
2.7145664916456416,42.028985507246375
2.7152510744626084,42.045783830773686
2.715251401168704,42.06257242178447
2.715390026637913,42.079351288734436
2.7155054447855367,42.079351288734436
2.7158577073821615,42.096120440069484
2.715916099034385,42.096120440069484
2.716558150998497,42.096120440069484
2.716683562338491,42.11287988422576
2.7170188270493454,42.129629629629626
2.71725383156813,42.14636968469772
2.7172945803266786,42.14636968469772
2.7174641050597934,42.1631000578369
2.717667793222226,42.17982075744435
2.7178558819058014,42.19653179190752
2.718126461900783,42.21323316960416
2.718258569161592,42.22992489890237
2.718443758994306,42.24660698816056
2.7192313082999475,42.24660698816056
2.720181502469755,42.24660698816056
2.7202113398113488,42.24660698816056
2.7204746052942204,42.24660698816056
2.720728380863199,42.263279445727484
2.7214911487357467,42.263279445727484
2.721492954322668,42.279942279942276
2.7216479800543962,42.29659549913445
2.721744606461953,42.313239111623886
2.721790903978189,42.32987312572088
2.721829060462103,42.346497549726145
2.7220709790528743,42.363112391930834
2.72223492392584,42.37971766061654
2.722687459837743,42.3963133640553
2.7226879939367876,42.41289951050965
2.7230581922182076,42.429476108232585
2.7231478895732057,42.44604316546763
2.7233354716643943,42.44604316546763
2.7235970454932836,42.462600690448795
2.7236848111875376,42.47914869140063
2.7238190379259093,42.49568717653824
2.7247843641916405,42.51221615406726
2.725012370894429,42.51221615406726
2.725568056467053,42.5287356321839
2.725783946581412,42.5287356321839
2.7259490744703623,42.5287356321839
2.7262040067410465,42.5287356321839
2.72650907808621,42.545245619074976
2.726746497518906,42.545245619074976
2.726859865444639,42.545245619074976
2.7268936758514055,42.56174612291787
2.727205173060765,42.57823715188056
2.7274176680046303,42.57823715188056
2.727454129481791,42.57823715188056
2.7276499172396265,42.57823715188056
2.7279027370308073,42.57823715188056
2.727957162921998,42.57823715188056
2.7282270519281617,42.57823715188056
2.7294160761786523,42.57823715188056
2.729825239298087,42.57823715188056
2.729920700506618,42.57823715188056
2.7309879423147443,42.57823715188056
2.7313300648538825,42.57823715188056
2.7314549553382093,42.5947187141217
2.731464251122357,42.61119081779053
2.7315050336596234,42.62765347102697
2.7316809329846627,42.64410668196157
2.732014664068223,42.64410668196157
2.7320792188617093,42.64410668196157
2.7323980398422885,42.64410668196157
2.732467173606272,42.64410668196157
2.7324744832957153,42.64410668196157
2.7325042410966707,42.6605504587156
2.7325787450820114,42.6605504587156
2.732883751001507,42.67698480940098
2.7329124009253833,42.67698480940098
2.7329365089463074,42.693409742120345
2.7335299601510687,42.70982526496706
2.7337417193672486,42.7262313860252
2.7340402693111474,42.7426281133696
2.734158152318747,42.7426281133696
2.7348175766086595,42.75901545506583
2.7348268270046123,42.77539341917024
2.735093689854701,42.79176201372998
2.7352714445455963,42.80812124678295
2.7353942820528943,42.82447112635792
2.735475417241975,42.82447112635792
2.7357529773167335,42.84081166047442
2.736163541204998,42.84081166047442
2.7363300937995705,42.857142857142854
2.73640183058118,42.87346472436447
2.7366837112924145,42.889777270131354
2.7367035520523304,42.889777270131354
2.7367930243344647,42.90608050242649
2.7372982354278923,42.922374429223744
2.737350145583185,42.93865905848788
2.737398903128303,42.95493439817456
2.7378086631868492,42.95493439817456
2.7386151180500597,42.95493439817456
2.738830851537668,42.95493439817456
2.7388899191215854,42.9712004562304
2.7389024866856166,42.98745724059293
2.739323121470645,43.003704759190654
2.7400978048120397,43.01994301994302
2.7401420811978388,43.01994301994302
2.740298855249012,43.03617203076047
2.7405253235578635,43.03617203076047
2.741165242944646,43.03617203076047
2.741225995852168,43.03617203076047
2.7416309752127512,43.052391799544424
2.7416592937802116,43.052391799544424
2.741986505486013,43.068602334187304
2.7420073340746702,43.068602334187304
2.7420219997724034,43.068602334187304
2.7421603754378645,43.08480364257257
2.7422644738133144,43.08480364257257
2.742297818351552,43.08480364257257
2.742318290062944,43.08480364257257
2.742803392219705,43.08480364257257
2.7430148946139137,43.08480364257257
2.7431526205792207,43.08480364257257
2.7431833413264965,43.08480364257257
2.743402040650395,43.08480364257257
2.7434448035026575,43.08480364257257
2.743863959340058,43.08480364257257
2.7440651446862816,43.10099573257468
2.744230305083228,43.117178612059156
2.744295960825612,43.117178612059156
2.7443152225038823,43.117178612059156
2.744745219297156,43.13335228888257
2.74518748980877,43.13335228888257
2.7455108804590624,43.13335228888257
2.746001088227441,43.14951677089255
2.7462771939157116,43.14951677089255
2.7463183803358273,43.165672065927815
2.7463806752753017,43.18181818181818
2.74638980662073,43.18181818181818
2.746615748797758,43.19795512638455
2.746643428520456,43.21408290743896
2.7469287177682506,43.21408290743896
2.747361000660246,43.21408290743896
2.7475200978352614,43.21408290743896
2.747721535971357,43.230201532784555
2.7478605800638025,43.230201532784555
2.748071528390954,43.24631101021566
2.748084635148747,43.262411347517734
2.748571567870724,43.27850255246739
2.748613074205331,43.29458463283243
2.7487480546009775,43.31065759637188
2.7491564807409525,43.31065759637188
2.74918126553458,43.32672145083593
2.7495501472954484,43.32672145083593
2.749971605063718,43.342776203966004
2.750211718315282,43.35882186349476
2.751366362127298,43.37485843714609
2.751390009259851,43.39088593263515
2.751743877734399,43.40690435766837
2.7518216511794322,43.42291371994342
2.75246649923976,43.43891402714932
2.7524824558800716,43.45490528696636
2.7530885029546797,43.470887507066145
2.753253102996879,43.48686069511161
2.7532770084001505,43.48686069511161
2.7542500617787797,43.48686069511161
2.75448593881465,43.50282485875706
2.7550514700038766,43.518780005648125
2.755279494246463,43.518780005648125
2.7554607568320932,43.518780005648125
2.7556693725586947,43.5347261434218
2.755695809657562,43.55066327970646
2.755937660801784,43.566591422121896
2.7569231814976356,43.566591422121896
2.756961696668198,43.58251057827927
2.757448006435698,43.59842075578116
2.757684780972253,43.614321962221595
2.758107925013427,43.614321962221595
2.758142746346718,43.614321962221595
2.7584064101372467,43.614321962221595
2.7584564119315265,43.63021420518602
2.758764168771232,43.64609749225134
2.7590121784541943,43.66197183098591
2.7591452765451425,43.67783722894959
2.759238866706191,43.69369369369369
2.759770843043329,43.70954123276105
2.759777770588157,43.725379853685986
2.7598597130111733,43.725379853685986
2.76042384670373,43.741209563994374
2.7604615794240503,43.741209563994374
2.760777083625063,43.7570303712036
2.760930751748473,43.7728422828226
2.7612684484388423,43.78864530635188
2.7613662788973325,43.78864530635188
2.7614358611982355,43.78864530635188
2.761593682167963,43.78864530635188
2.761637048480852,43.80443944928351
2.761862816450096,43.82022471910113
2.7621781336845905,43.82022471910113
2.762190833410419,43.83600112327998
2.7625761463579397,43.83600112327998
2.7625886806133524,43.85176866928692
2.763486083705911,43.86752736458041
2.7640112147427387,43.86752736458041
2.764039720927326,43.88327721661055
2.7641784294180387,43.88327721661055
2.764295316362615,43.899018232819074
2.764331133720009,43.91475042063937
2.7646012904029083,43.930473787496496
2.765226950294309,43.946188340807176
2.7656357550533777,43.946188340807176
2.765663123048035,43.946188340807176
2.765974968925057,43.96189408797982
2.7659916873483628,43.977591036414566
2.7661950220862805,43.99327919350322
2.7664681634752593,44.00895856662934
2.7668345409202177,44.00895856662934
2.7670384893288573,44.00895856662934
2.7672303251084998,44.00895856662934
2.7675583413542366,44.00895856662934
2.767995316361348,44.00895856662934
2.7680748628400926,44.00895856662934
2.7683906995569534,44.02462916316821
2.768482067068134,44.040290990486845
2.7686973512937394,44.040290990486845
2.7687396701425175,44.040290990486845
2.7688318866673134,44.05594405594406
2.7696094595069507,44.07158836689038
2.7696863953899546,44.08722393066816
2.7704729114730378,44.08722393066816
2.7705057543843723,44.10285075461152
2.770697948344306,44.11846884604638
2.770710692050039,44.11846884604638
2.771018893738217,44.134078212290504
2.7711103220466176,44.134078212290504
2.7712850042722423,44.149678860653445
2.771409204521229,44.149678860653445
2.7714977192370607,44.16527079843663
2.771540910741628,44.16527079843663
2.7726196177908657,44.1808540329333
2.7728665889373536,44.1808540329333
2.772997514519387,44.19642857142857
2.773023109414599,44.19642857142857
2.773146754289748,44.19642857142857
2.7732993203244902,44.21199442119944
2.7733167229087075,44.21199442119944
2.7733381531500707,44.21199442119944
2.773694879004582,44.21199442119944
2.774077346002126,44.22755158951478
2.7740884498503338,44.22755158951478
2.7741749619833898,44.24310008363535
2.7741815568359875,44.24310008363535
2.7742998516195896,44.25863991081383
2.7743740023107346,44.25863991081383
2.7748023334474397,44.25863991081383
2.774845115630367,44.274171078294785
2.775044578234171,44.274171078294785
2.775092877091737,44.28969359331476
2.7753052622296526,44.28969359331476
2.7758817496307473,44.28969359331476
2.7760067656676464,44.3052074631022
2.776057650872209,44.32071269487751
2.776400776748001,44.336209295853045
2.7765048680978905,44.351697273233164
2.7771616989565597,44.351697273233164
2.777333130936728,44.36717663421418
2.7775844450574385,44.38264738598443
2.7779522208130807,44.39810953572422
2.7780216802437603,44.39810953572422
2.7780639537881675,44.41356309060589
2.778578826796351,44.42900805779384
2.7788631885432005,44.42900805779384
2.7788714240618146,44.44444444444444
2.778979279587388,44.44444444444444
2.779031784865742,44.45987225770619
2.7793825706406903,44.45987225770619
2.779577080075436,44.4752915047196
2.779760969458893,44.4752915047196
2.780283058401401,44.4752915047196
2.7805147759033004,44.4752915047196
2.7805658152764012,44.49070219261726
2.7815132856462568,44.49070219261726
2.7815929565879762,44.49070219261726
2.7816302888173303,44.50610432852386
2.7818668727898928,44.50610432852386
2.782119361018241,44.521497919556175
2.7831336506082565,44.53688297282307
2.7831728751758242,44.53688297282307
2.783228016365607,44.53688297282307
2.783965028687537,44.55225949542556
2.7840044894232063,44.567627494456765
2.7844015386359953,44.567627494456765
2.784797906089327,44.567627494456765
2.7849752983706733,44.567627494456765
2.784988848864592,44.58298697700194
2.785391474187559,44.58298697700194
2.785612099731623,44.59833795013851
2.785818247573034,44.59833795013851
2.7860215058690403,44.59833795013851
2.7861404831136785,44.59833795013851
2.7868501170379987,44.59833795013851
2.7875979792441643,44.61368042093603
2.787977704215033,44.61368042093603
2.7880382874718492,44.629014396456256
2.7883055608501066,44.64433988375311
2.789287929847739,44.64433988375311
2.789487727213306,44.64433988375311
2.790779160215367,44.64433988375311
2.791384634231728,44.659656889872714
2.791408989797418,44.67496542185339
2.7914528718369653,44.690265486725664
2.791649835899401,44.705557091512304
2.7920606075346424,44.7208402432283
2.7923375155700363,44.7361149488809
2.792368951384286,44.7361149488809
2.7930283656991852,44.751381215469614
2.7931570038846334,44.76663904998619
2.793479858773312,44.76663904998619
2.793923772171803,44.78188845941469
2.7943948558523526,44.79712945073144
2.794679061497483,44.79712945073144
2.7952154576332497,44.79712945073144
2.7956426336612794,44.81236203090508
2.795757170234915,44.827586206896555
2.795854001369904,44.827586206896555
2.7959379725040536,44.827586206896555
2.7960101762577203,44.84280198565913
2.7960136994775335,44.858009374138405
2.7960232912257075,44.858009374138405
2.7962233993982104,44.87320837927233
2.7963359036406072,44.87320837927233
2.7966622108245813,44.88839900799118
2.7966857082190026,44.90358126721763
2.797044772406907,44.918755163866706
2.7974427038732252,44.93392070484582
2.7978316334439315,44.94907789705477
2.7979522803592785,44.94907789705477
2.7990490832133097,44.94907789705477
2.799276095329497,44.94907789705477
2.7993333855353857,44.94907789705477
2.799417676993705,44.94907789705477
2.7995516198877994,44.9642267473858
2.799664798363351,44.97936726272352
2.7998045630273625,44.994499449944996
2.800213548782336,44.994499449944996
2.800325398715437,45.00962331591972
2.800336147196755,45.024738867509626
2.8007745813830467,45.024738867509626
2.801412240273802,45.024738867509626
2.8014147780438705,45.024738867509626
2.8016712931085928,45.024738867509626
2.802490076670397,45.03984611156911
2.802670525598183,45.05494505494506
2.803021024890545,45.070035704476794
2.8035958381806094,45.08511806699615
2.803635440069086,45.08511806699615
2.805187226240054,45.100192149327476
2.8059687591789433,45.100192149327476
2.806267842420667,45.100192149327476
2.8063486149020176,45.100192149327476
2.807316030060725,45.100192149327476
2.808002574974692,45.1152579582876
2.808095581478822,45.1152579582876
2.8081515354215596,45.13031550068587
2.808351695570429,45.14536478332419
2.808397214120187,45.14536478332419
2.808574868154843,45.160405812996984
2.808599602495948,45.160405812996984
2.8086078084672903,45.17543859649123
2.808614418793002,45.17543859649123
2.8090986334049357,45.17543859649123
2.8093645105491056,45.17543859649123
2.809527801093104,45.19046314058646
2.809633030699096,45.20547945205479
2.8097644953376784,45.20547945205479
2.810170112855084,45.20547945205479
2.810340084577562,45.20547945205479
2.8104065814842474,45.20547945205479
2.810488713789981,45.220487537660915
2.8106273534939383,45.2354874041621
2.8107597449154555,45.2354874041621
2.81085290904553,45.250479058308244
2.8108963732492063,45.26546250684182
2.8109263017804453,45.280437756497946
2.811187462510002,45.29540481400438
2.8113141636792083,45.31036368608149
2.81160880604412,45.32531437944232
2.8116204596761167,45.34025690079256
2.8118781356100784,45.3551912568306
2.8120914111808144,45.3551912568306
2.81234000544806,45.37011745424747
2.8125116672609156,45.37011745424747
2.8126831836241006,45.385035499726925
2.8130553750694824,45.3999453999454
2.81381174384922,45.3999453999454
2.8142215304295672,45.3999453999454
2.8145468191117473,45.414847161572055
2.8146160323728195,45.414847161572055
2.8148016924766615,45.414847161572055
2.814935685350593,45.429740791268756
2.8150314179571936,45.44462629569013
2.815070036774141,45.459503681483504
2.8154599500181337,45.459503681483504
2.8158780567875183,45.47437295528899
2.8159327098717144,45.489234123739436
2.816147434840905,45.489234123739436
2.8166323513267866,45.489234123739436
2.816726172944787,45.50408719346049
2.8169157759632415,45.50408719346049
2.8173053721479935,45.51893217107055
2.817331248804785,45.53376906318083
2.817522546735744,45.54859787639532
2.8177187623669755,45.56341861731083
2.818407703752083,45.57823129251701
2.818423609758946,45.57823129251701
2.8185842372211938,45.5930359085963
2.8186998518974393,45.60783247212402
2.8188450251852974,45.6226209896683
2.819372002338099,45.63740146779016
2.819509639591706,45.65217391304348
2.819593421164891,45.65217391304348
2.8197243906194087,45.666938331975004
2.8198668894030607,45.666938331975004
2.8202093630757887,45.68169473112439
2.8205840934974744,45.68169473112439
2.8207165149231326,45.69644311702417
2.8210432477564025,45.69644311702417
2.821171387446298,45.71118349619978
2.821324540322398,45.71118349619978
2.8214618305415597,45.71118349619978
2.821571136794084,45.71118349619978
2.8216046663833794,45.71118349619978
2.821889817581832,45.725915875169605
2.8220629104615353,45.74064026044493
2.8221612917251937,45.74064026044493
2.8221945370608283,45.75535665852997
2.8227105241336012,45.770065075921906
2.822870688836826,45.78476551911087
2.8229927393009944,45.799457994579946
2.823321742975507,45.799457994579946
2.823464810957224,45.8141425088052
2.8236683015797417,45.82881906825569
2.8243707029704446,45.82881906825569
2.8245621919763018,45.84348767939345
2.8250786830911756,45.84348767939345
2.8251680740375402,45.858148348673524
2.825390782701633,45.87280108254398
2.8254099679844593,45.887445887445885
2.8258000283461118,45.90208276981336
2.826119798998114,45.91671173607355
2.8263410977598737,45.931332792646664
2.826549122317523,45.94594594594595
2.8268472312811688,45.94594594594595
2.8272890937429165,45.96055120237774
2.827445153930332,45.96055120237774
2.8274616673258772,45.96055120237774
2.8275207101885638,45.96055120237774
2.827915200511939,45.96055120237774
2.828084218191903,45.96055120237774
2.82851054811879,45.96055120237774
2.8290481956653464,45.97514856834144
2.8298882152785225,45.98973805022955
2.829948024816141,46.00431965442765
2.8299935228547017,46.01889338731444
2.8300810335052047,46.03345925526174
2.830320042943934,46.03345925526174
2.830901661491563,46.04801726463448
2.831478702416588,46.062567421790725
2.831700198627777,46.07710973308169
2.8317198443801397,46.07710973308169
2.831976529547375,46.07710973308169
2.8325069154197093,46.07710973308169
2.8327720600620814,46.091644204851754
2.8329013701555157,46.10617084343843
2.833972029869087,46.12068965517241
2.8343443762573615,46.12068965517241
2.834786651452142,46.1352006463776
2.836107504779794,46.14970382337103
2.836200116628992,46.14970382337103
2.8367539811580285,46.16419919246299
2.837029233693121,46.16419919246299
2.8372744112963604,46.16419919246299
2.837312765325755,46.16419919246299
2.8376716904641146,46.178686759956946
2.8376985062650713,46.19316653214958
2.837837845302652,46.20763851533082
2.838570252820074,46.22210271578381
2.8388799228785455,46.236559139784944
2.8389947519516485,46.25100779360387
2.8390095600504996,46.25100779360387
2.839167179795595,46.25100779360387
2.839400012465269,46.26544868350349
2.83996755795107,46.27988181573999
2.8402689110955808,46.27988181573999
2.840395909274117,46.29430719656283
2.8404549545684548,46.308724832214764
2.8405581530195065,46.323134728931834
2.8407574697491533,46.323134728931834
2.8407650918873526,46.323134728931834
2.841264655094806,46.33753689294339
2.841472507751739,46.3519313304721
2.841578205176513,46.36631804773398
2.8416970789961846,46.36631804773398
2.841908025600975,46.38069705093834
2.842166110616172,46.38069705093834
2.842354298724567,46.38069705093834
2.8424948078072787,46.38069705093834
2.84303191765125,46.39506834628786
2.8430724357732062,46.40943193997856
2.843193054454084,46.40943193997856
2.8432198826312747,46.423787838199836
2.8434587940083373,46.423787838199836
2.84346329039662,46.43813604713444
2.8435439598492365,46.4524765729585
2.8436204718630473,46.466809421841546
2.844084608938633,46.481134599946486
2.8443326547661676,46.481134599946486
2.8443861796443146,46.49545211342964
2.8447758579261424,46.50976196844076
2.8449385321328746,46.524064171122994
2.8450189415436555,46.53835872761294
2.8452542673402443,46.552645644040616
2.845376707046767,46.56692492652952
2.8453817873782374,46.58119658119658
2.84573414848015,46.5954606141522
2.845808871897436,46.60971703150027
2.8460034063651185,46.60971703150027
2.846158605725778,46.62396583933814
2.84642482413645,46.638207043756665
2.846537925738109,46.65244065084023
2.8465529524767494,46.666666666666664
2.8466396420527187,46.666666666666664
2.846648324176914,46.68088509730738
2.846760846740276,46.695095948827294
2.8469455927015894,46.70929922728484
2.8471043120910924,46.72349493873202
2.8472730751803152,46.737683089214386
2.8479251430774886,46.737683089214386
2.8481203048814066,46.737683089214386
2.849091907911,46.75186368477103
2.849334479871005,46.75186368477103
2.8494802367773366,46.76603673143466
2.849880313713575,46.76603673143466
2.851020612598969,46.780202235231506
2.8511379931704277,46.79436020218143
2.851157525207661,46.808510638297875
2.851415140902862,46.822653549587876
2.8514991882031886,46.836788942052095
2.8516091788837867,46.836788942052095
2.851995820494298,46.85091682168483
2.8528307827606962,46.86503719447396
2.8528718772297816,46.87915006640107
2.8533269472153195,46.89325544344132
2.8535487644372695,46.90735333156358
2.8535705567809067,46.92144373673036
2.853948423942565,46.93552666489785
2.8542288199585566,46.94960212201592
2.8543238570328007,46.96367011402811
2.8543305717827603,46.977730646871684
2.854521365957187,46.99178372647761
2.8548887617614276,47.005829358770534
2.8551943758007194,47.019867549668874
2.855324744230301,47.03389830508475
2.8554017534655154,47.03389830508475
2.855499153928459,47.04792163092401
2.8555037353438073,47.06193753308629
2.8555311799685588,47.075946017464936
2.8556889463565738,47.08994708994709
2.8558551071206897,47.10394075641365
2.8561381906080032,47.117927022739295
2.8564290566384094,47.13190589479249
2.8571535458779973,47.13190589479249
2.857187645638879,47.14587737843552
2.857919011965741,47.15984147952444
2.8580934269415237,47.173798203909136
2.858124253940162,47.173798203909136
2.8581910874450225,47.173798203909136
2.8588757201249,47.187747557433326
2.859187553039752,47.20168954593453
2.8592791930259702,47.20168954593453
2.8592853458763043,47.21562417524412
2.8595020117472347,47.229551451187334
2.859545406005382,47.229551451187334
2.8595638215491674,47.229551451187334
2.859634106590158,47.24347137958323
2.85981207044831,47.24347137958323
2.860185526423547,47.257383966244724
2.8603385853551813,47.271289216978644
2.8603661556088187,47.28518713758566
2.860552792553083,47.28518713758566
2.8611490366030408,47.28518713758566
2.8612129750658872,47.299077733860344
2.861519234686649,47.31296101159115
2.8623304404707546,47.32683697656044
2.862451809209088,47.3407056345445
2.862725384048734,47.354566991313504
2.8627290659728963,47.354566991313504
2.8632561965305534,47.368421052631575
2.8633158630855244,47.38226782425677
2.8635131345025835,47.39610731194108
2.863754185212603,47.39610731194108
2.8638346151652962,47.39610731194108
2.864001127878675,47.40993952143045
2.864346716232195,47.423764458464774
2.8643820303573078,47.43758212877792
2.864390440791059,47.43758212877792
2.8653914562976066,47.45139253809774
2.8655228032555837,47.45139253809774
2.865648754626773,47.46519569214605
2.866027342078264,47.46519569214605
2.8660632572419558,47.46519569214605
2.8662157945562807,47.46519569214605
2.8665245180578713,47.47899159663865
2.866563350585684,47.492780257285375
2.8669121508766398,47.506561679790025
2.8669753831000118,47.520335869850435
2.867276492803797,47.520335869850435
2.8673258614029287,47.53410283315845
2.8675124344198637,47.53410283315845
2.8680962923980253,47.53410283315845
2.868198519419134,47.53410283315845
2.8682104990465067,47.54786257539995
2.8682962831664014,47.54786257539995
2.868307579574142,47.56161510225485
2.8686918153833103,47.56161510225485
2.86886579461969,47.575360419397114
2.868937273011071,47.58909853249476
2.86915640940417,47.58909853249476
2.8691919199751252,47.60282944720985
2.8692152298464544,47.60282944720985
2.86939423979737,47.61655316919853
2.869404464097148,47.61655316919853
2.8703964154557178,47.63026970411102
2.8704653664980366,47.64397905759162
2.870586821846983,47.64397905759162
2.8706586793387783,47.64397905759162
2.871001769718485,47.64397905759162
2.8712092238439864,47.65768123527872
2.8715451922250623,47.67137624280481
2.871693444055876,47.67137624280481
2.871908514848355,47.6850640857965
2.872125009796119,47.69874476987448
2.872127306241899,47.712418300653596
2.8721738310245004,47.72608468374281
2.872201068657287,47.72608468374281
2.872376960200414,47.72608468374281
2.8725604346349667,47.72608468374281
2.872612295333525,47.739743924745234
2.873023195651937,47.739743924745234
2.8731857715870692,47.7533960292581
2.873212056448912,47.767041002872816
2.873450986803945,47.78067885117493
2.873857959837379,47.794309579744194
2.87418610425735,47.80793319415449
2.8743306113053926,47.82154969997391
2.874618498222395,47.835159102764734
2.8748920802998383,47.84876140808344
2.8749788067344695,47.862356621480714
2.875183373060931,47.87594474850143
2.8754220099088723,47.87594474850143
2.8754376163451405,47.88952579468474
2.8755228098044645,47.90309976556395
2.8768173559022685,47.91666666666667
2.8768694220128914,47.91666666666667
2.8769124113631883,47.93022650351471
2.876915790154016,47.93022650351471
2.8773594937353106,47.93022650351471
2.8776078530866656,47.94377928162415
2.8778223854573026,47.957325006505336
2.878002163353461,47.97086368366285
2.8781311696988547,47.98439531859558
2.8783784750914885,47.98439531859558
2.8785842351313864,47.98439531859558
2.8798438962757635,47.98439531859558
2.879962111710007,47.98439531859558
2.8801051941769993,47.997919916796675
2.8802857011892615,47.997919916796675
2.8803086292957474,47.997919916796675
2.88034961006079,48.011437483753575
2.880372849566994,48.011437483753575
2.880510128112275,48.011437483753575
2.881351948543161,48.011437483753575
2.881423865802639,48.011437483753575
2.8820731278298397,48.011437483753575
2.8821316530588303,48.024948024948024
2.8822903998995173,48.03845154585606
2.882315678260425,48.03845154585606
2.8825884554478134,48.03845154585606
2.88297371188617,48.05194805194805
2.8832690450519034,48.05194805194805
2.8835718572471705,48.06543754868865
2.8835797111843764,48.06543754868865
2.883723896539204,48.07892004153687
2.884604299716796,48.07892004153687
2.884918325862367,48.07892004153687
2.884950363342469,48.07892004153687
2.88509867908646,48.07892004153687
2.885348250005956,48.09239553594601
2.885933029568506,48.10586403736378
2.8870182386778276,48.119325551232166
2.8875263551383887,48.13278008298755
2.8880429809532338,48.146227638060665
2.888246605908372,48.146227638060665
2.88837569147049,48.146227638060665
2.8884283104163675,48.15966822187662
2.888692987382228,48.15966822187662
2.888805443917112,48.17310183985489
2.8896207044674784,48.17310183985489
2.8899029332861574,48.18652849740933
2.8900741364698104,48.1999481999482
2.8903090057022305,48.1999481999482
2.8906738170417645,48.213360952874154
2.890880791941015,48.22676676158426
2.8909494181222497,48.24016563146998
2.891003544576144,48.253557567917206
2.8911946812723133,48.26694257630626
2.8912817440645746,48.26694257630626
2.8912873680565307,48.280320662011896
2.8915259747378785,48.293691830403304
2.8920055175709343,48.293691830403304
2.8922719784458284,48.293691830403304
2.8925320692446803,48.30705608684415
2.8929500626525635,48.320413436692505
2.8929942598566902,48.333763885300954
2.893171449780161,48.34710743801653
2.893215776683758,48.34710743801653
2.893735831482045,48.360444100180736
2.8937501521959024,48.37377387712959
2.893978469920846,48.38709677419355
2.8940143287660796,48.38709677419355
2.8941370478423094,48.38709677419355
2.8941564492235456,48.40041279669763
2.8942143163692546,48.41372194996131
2.894256812780573,48.41372194996131
2.8949999523805148,48.4270242392986
2.8956824137104458,48.44031967001804
2.8959007413546103,48.45360824742268
2.8970082202355205,48.4668899768101
2.89707791203147,48.4668899768101
2.897167317295628,48.48016486347244
2.897236057333316,48.49343291269637
2.8976221827035036,48.49343291269637
2.897841078215254,48.506694129763126
2.8981411963499224,48.51994851994852
2.8981773738731116,48.5331960885229
2.8982066242886466,48.54643684075122
2.8984564343264516,48.54643684075122
2.8986224310816446,48.559670781893004
2.8987219806448077,48.57289791720237
2.898861117079967,48.58611825192802
2.8990357256372183,48.59933179131329
2.8990573524856336,48.59933179131329
2.8990859426196147,48.6125385405961
2.8994078267809997,48.62573850500899
2.8994958641150252,48.62573850500899
2.8995134797088005,48.63893168977915
2.8997556969022833,48.65211810012837
2.8999735461990426,48.6652977412731
2.90022478237726,48.67847061842443
2.900318035721776,48.67847061842443
2.9004756382189862,48.67847061842443
2.9006632786723094,48.67847061842443
2.901187105822065,48.6916367367881
2.90192769217492,48.6916367367881
2.902142139035184,48.704796101564504
2.902182663820851,48.717948717948715
2.902208729155895,48.73109459113048
2.9022613912168103,48.744233726294205
2.902349342874528,48.744233726294205
2.9024933084282956,48.744233726294205
2.902606000430779,48.75736612861901
2.902665887772663,48.77049180327869
2.902708253856053,48.77049180327869
2.9030500340124052,48.78361075544174
2.9031634352892888,48.78361075544174
2.9036709890282486,48.78361075544174
2.9037936552128643,48.79672299027138
2.90398138311457,48.79672299027138
2.9041734789215536,48.79672299027138
2.904577300813521,48.80982851292552
2.9046175661514586,48.80982851292552
2.904650766607708,48.82292732855681
2.9050131862808724,48.83601944231261
2.9059539452018464,48.84910485933504
2.9061094205801115,48.862183584760935
2.906132169912039,48.875255623721884
2.906496477275931,48.888320981344236
2.9069396691037483,48.888320981344236
2.906981017536901,48.90137966274911
2.9070517422168414,48.91443167305236
2.907365308245324,48.92747701736466
2.9075565233568286,48.92747701736466
2.9075777312297566,48.94051570079142
2.9077330531569365,48.94051570079142
2.9077977715748604,48.95354772843287
2.9079430207991965,48.95354772843287
2.9080557977626325,48.95354772843287
2.9080679493448254,48.95354772843287
2.9080954041227822,48.96657310538403
2.9082775619855106,48.97959183673469
2.9092225113906247,48.9926039275695
2.9094603106817063,48.9926039275695
2.909590867547978,48.9926039275695
2.909659402762955,49.005609382967876
2.909746693614558,49.005609382967876
2.909974070275603,49.005609382967876
2.9107019930478724,49.018608208004075
2.9107859927335116,49.03160040774719
2.9108494948885193,49.044585987261144
2.9109460404645913,49.044585987261144
2.9111348418036247,49.05756495160469
2.9111365462882643,49.05756495160469
2.91169301493076,49.07053730583142
2.912341127471435,49.07053730583142
2.9135513549937713,49.08350305498982
2.9136803440916896,49.096462204123185
2.9142384942225323,49.096462204123185
2.914417281599082,49.10941475826972
2.9145888792510717,49.122360722462474
2.9151530536982495,49.122360722462474
2.915153604042044,49.1353001017294
2.9152712265502525,49.1353001017294
2.915504937043869,49.1353001017294
2.9157652845404414,49.148232901093316
2.915904386530829,49.148232901093316
2.9163108333943644,49.148232901093316
2.9165430691621332,49.161159125571935
2.9166633980423815,49.174078780177894
2.9168090008322,49.1869918699187
2.9168992837916057,49.1998983997968
2.917120767573978,49.212798374809545
2.918228247989401,49.22569179994923
2.9184293625109867,49.22569179994923
2.918712936876267,49.23857868020304
2.919097110745647,49.23857868020304
2.91914045180172,49.251459020553156
2.919296149220162,49.251459020553156
2.9199107298607947,49.26433282597666
2.919931470076577,49.26433282597666
2.9200202000404456,49.26433282597666
2.920184652214115,49.2772001014456
2.920239236736863,49.290060851926974
2.9204056655882793,49.30291508238277
2.920664356429884,49.31576279776989
2.9212125370053825,49.32860400304028
2.921445457533761,49.32860400304028
2.9222018273076222,49.34143870314083
2.9222709333126393,49.354266903013425
2.9225481445673367,49.36708860759494
2.9225513700255408,49.37990382181726
2.9229231133053855,49.37990382181726
2.923058777418613,49.392712550607285
2.9234172555421076,49.392712550607285
2.9234830187456162,49.40551479888693
2.9240320356951996,49.40551479888693
2.9246228056058583,49.40551479888693
2.924661605004427,49.418310571573095
2.9250698790535585,49.418310571573095
2.9253225904285904,49.43109987357775
2.9253611466052907,49.44388270980789
2.9257651796192645,49.456659085165526
2.926233275131183,49.456659085165526
2.9262681806640995,49.46942900454775
2.926382438822128,49.482192472846684
2.9266741758830452,49.482192472846684
2.9266752936398484,49.494949494949495
2.9269786496306613,49.50770007573845
2.927241433591638,49.50770007573845
2.9272569128837125,49.50770007573845
2.9274304426227857,49.520444220090866
2.9276420631658318,49.53318193287913
2.9276776174155468,49.54591321897074
2.927890984787302,49.558638083228246
2.927945795005012,49.571356530509334
2.928025000216042,49.571356530509334
2.9281598621569067,49.58406856566675
2.92834862434411,49.596774193548384
2.9286842867468823,49.60947341899723
2.928722610074321,49.622166246851386
2.9290273035828407,49.634852681944096
2.9291651387703195,49.64753272910373
2.9296447767136735,49.64753272910373
2.929736824047407,49.64753272910373
2.9297615780836206,49.660206393153786
2.9300445254089493,49.672873678912936
2.9300760214259394,49.685534591194966
2.9303978348295776,49.69818913480885
2.930527725492502,49.71083731455872
2.9307351379121602,49.72347913524384
2.9309104496957126,49.73611460165871
2.93095601530282,49.74874371859296
2.9310612353739005,49.76136649083145
2.9311545434222115,49.77398292315419
2.9315746382760546,49.786593020336426
2.9318598891097767,49.79919678714859
2.931927829225953,49.81179422835634
2.932066140249847,49.81179422835634
2.932844389384566,49.824385348720526
2.933450732334547,49.83697015299724
2.933505602910937,49.83697015299724
2.934124300327636,49.849548645937816
2.9341694001617937,49.862120832288795
2.934576283303543,49.87468671679198
2.9346077617963413,49.87468671679198
2.934611197277907,49.887246304184416
2.9346552012832126,49.899799599198396
2.9347241998618325,49.91234660656148
2.9355124013000773,49.92488733099649
2.935534143843726,49.93742177722152
2.935702194044931,49.93742177722152
2.935743349769894,49.94994994994995
2.93616152902121,49.96247185389041
2.9361848667116086,49.97498749374687
2.936353261464254,49.98749687421856
2.9365698284006796,49.98749687421856
2.9367278433612705,50.0
2.9370944878856675,50.01249687578105
2.9371003838703267,50.02498750624687
2.937106087694413,50.037471896077946
2.9371128537564752,50.037471896077946
2.937438516566849,50.049950049950056
2.937499124463348,50.06242197253433
2.9378222723348726,50.06242197253433
2.938012886312868,50.06242197253433
2.9383930270054828,50.07488766849726
2.938611799924551,50.07488766849726
2.938761142091596,50.07488766849726
2.938810078087258,50.07488766849726
2.9388211549187844,50.07488766849726
2.9390658239981806,50.087347142500626
2.9390831425066453,50.087347142500626
2.939265549868231,50.087347142500626
2.939274043283042,50.0998003992016
2.9410555585768305,50.11224744325268
2.9413102447046438,50.11224744325268
2.9413251831550236,50.12468827930174
2.941418864839245,50.13712291199203
2.941829102896717,50.13712291199203
2.941862960433922,50.14955134596212
2.9419297768721258,50.14955134596212
2.9420105400242997,50.14955134596212
2.9422379047562464,50.161973585846
2.942309465447234,50.161973585846
2.9427437437295274,50.17438963627304
2.9427615484099907,50.17438963627304
2.9430158561235293,50.186799501867995
2.9435438726712957,50.199203187250994
2.9438913388656514,50.211600697037596
2.94396780005427,50.211600697037596
2.9442337138115238,50.22399203583873
2.9449685143370044,50.23637720826076
2.9450073475379916,50.24875621890548
2.9454618185834085,50.24875621890548
2.945591405199843,50.24875621890548
2.946046817138804,50.26112907237006
2.9464029765762647,50.27349577324715
2.946883244360955,50.28585632612478
2.9472277560346907,50.29821073558648
2.9477932899113077,50.31055900621118
2.947989793533775,50.31055900621118
2.948052549548807,50.32290114257327
2.948138849366865,50.32290114257327
2.9484908089147535,50.335237149242616
2.9487057363047846,50.335237149242616
2.9495044721556734,50.34756703078451
2.949546625580833,50.34756703078451
2.9496453499596322,50.359890791759746
2.950937566063992,50.37220843672456
2.951466880530594,50.38451997023071
2.9515712695225615,50.39682539682539
2.951833388041391,50.40912472105133
2.95198266103161,50.4214179474467
2.9525159666976113,50.4214179474467
2.9527816037662054,50.4214179474467
2.9529523652794984,50.43370508054523
2.9530049774681073,50.44598612487612
2.953219998100431,50.44598612487612
2.9533388837437586,50.458261084964086
2.953560122483342,50.458261084964086
2.9539567476604587,50.47052996532937
2.9539723503571538,50.48279277048775
2.9539756002071216,50.48279277048775
2.9540646837713282,50.495049504950494
2.954224701463246,50.50730017322444
2.9542392043069325,50.51954477981197
2.954362029836935,50.53178332921098
2.9544906432558515,50.54401582591493
2.9548498380015613,50.55624227441285
2.955103841620281,50.55624227441285
2.9553224241309097,50.56846267918932
2.9560603304633264,50.56846267918932
2.9564798808146096,50.56846267918932
2.9565553734862875,50.56846267918932
2.9570053143748765,50.56846267918932
2.957391521101308,50.56846267918932
2.957413511095689,50.58067704472449
2.957566685498594,50.58067704472449
2.9577635877157427,50.59288537549407
2.9579863482983253,50.59288537549407
2.958255939384368,50.60508767596937
2.9584501164932417,50.60508767596937
2.9589582319552306,50.60508767596937
2.959169527704172,50.617283950617285
2.959237640462923,50.617283950617285
2.9595463898506016,50.62947420390027
2.9596105693108012,50.62947420390027
2.9596701334785243,50.6416584402764
2.959889353969644,50.6416584402764
2.960028697495835,50.6416584402764
2.9601570526694108,50.65383666419936
2.960288926562529,50.65383666419936
2.960350414040241,50.65383666419936
2.9607403753660213,50.65383666419936
2.9607795118784375,50.6660088801184
2.9615986803862735,50.67817509247842
2.9616366905349447,50.69033530571993
2.961838043148791,50.69033530571993
2.961872270658298,50.69033530571993
2.9618732395848455,50.702489524279024
2.9621691507644092,50.702489524279024
2.9623618122898017,50.71463775258748
2.9630625496366005,50.72677999507268
2.9635695858217797,50.73891625615764
2.963834206913962,50.75104654026102
2.9639944042954194,50.75104654026102
2.9640723557585287,50.76317085179715
2.964306179203733,50.76317085179715
2.964502801003491,50.77528919517598
2.96483856141516,50.77528919517598
2.9649018989339986,50.78740157480315
2.964938997478673,50.79950799507995
2.9650655239521218,50.81160846040335
2.965695780211076,50.81160846040335
2.9658685714016815,50.81160846040335
2.9658995728998963,50.82370297516597
2.9659016235262428,50.82370297516597
2.965929633254861,50.835791543756145
2.9660265240273076,50.84787417055787
2.9661719228674226,50.859950859950864
2.9665878074200416,50.87202161631049
2.966807659544899,50.87202161631049
2.9672748405800737,50.884086444007856
2.967441506437955,50.884086444007856
2.967454337041776,50.884086444007856
2.967629451898436,50.884086444007856
2.9677217188361,50.884086444007856
2.9680375151036995,50.884086444007856
2.968339472875468,50.884086444007856
2.9684367877602007,50.89614534740977
2.968479100094214,50.90819833087874
2.9690930611589432,50.920245398773
2.9693770287677905,50.93228655544652
2.969593984366351,50.93228655544652
2.9697693675032246,50.93228655544652
2.9699503176359845,50.93228655544652
2.970081207860631,50.94432180524896
2.970258225027404,50.95635115252575
2.9703603741230795,50.96837460161804
2.9708490570877917,50.98039215686274
2.9710525823588245,50.9924038225925
2.9710680396455538,51.00440960313571
2.9711857050821697,51.01640950281655
2.971389267051568,51.02840352595494
2.971393155770599,51.040391676866584
2.9714083273099847,51.040391676866584
2.9714093263921826,51.040391676866584
2.9714611391011325,51.05237395986295
2.9717064107213758,51.06435037925129
2.971819801779428,51.06435037925129
2.9718624351655993,51.07632093933464
2.97218284732973,51.08828564441183
2.972227335429739,51.08828564441183
2.972342770676943,51.1002444987775
2.972531361916144,51.11219750672207
2.9725676976525097,51.12414467253177
2.9727240036520133,51.12414467253177
2.9727654437411632,51.12414467253177
2.973185283091459,51.13608600048863
2.9732528216104437,51.14802149487054
2.9733053783686345,51.14802149487054
2.97338280791323,51.14802149487054
2.9734432567498947,51.159951159951156
2.9735480601669644,51.171875
2.973869907054462,51.1837930192824
2.973903893776247,51.19570522205954
2.9739312304617678,51.20761161258843
2.974300652577944,51.20761161258843
2.9743079126749286,51.21951219512195
2.974328478060106,51.2314069739088
2.9744429976141835,51.24329595319357
2.9750784337935765,51.255179137216665
2.975190284196875,51.267056530214425
2.9755742706536745,51.278928136419
2.9758811394524645,51.29079396005846
2.9761174398331307,51.30265400535671
2.976349211547517,51.31450827653359
2.976362553318139,51.32635677780482
2.9766699008442163,51.338199513382
2.9770539719780134,51.350036487472636
2.9770574295532315,51.36186770428015
2.977125697545694,51.37369316800389
2.977354103857186,51.38551288283909
2.977429566228152,51.38551288283909
2.9775008832296606,51.39732685297691
2.9776203571524666,51.40913508260447
2.9781023790003807,51.42093757590479
2.978371454129895,51.43273433705683
2.978584205924677,51.444525370235496
2.978628002990551,51.45631067961165
2.979129426000794,51.468090269352096
2.9791316850083893,51.468090269352096
2.9792968837234963,51.468090269352096
2.9795431563885577,51.468090269352096
2.979606360164962,51.468090269352096
2.9799675412178583,51.4798641436196
2.980424306712659,51.49163230657289
2.9808203079356503,51.49163230657289
2.9812158308278853,51.49163230657289
2.981588500584701,51.49163230657289
2.9818552207331517,51.49163230657289
2.981890779446579,51.49163230657289
2.982079089881427,51.50339476236664
2.9824712014345445,51.50339476236664
2.982681705694127,51.50339476236664
2.9829203943147324,51.50339476236664
2.983323222516433,51.515151515151516
2.9837375361395697,51.52690256907416
2.9837797716711902,51.5386479282772
2.983900423761584,51.5386479282772
2.9840257402234687,51.5386479282772
2.984148294471898,51.55038759689923
2.9845413402430823,51.56212157907484
2.9847052260742712,51.56212157907484
2.9849804991548026,51.57384987893463
2.9850111481896877,51.58557250060518
2.985085576880245,51.597289448209104
2.9851170414759807,51.597289448209104
2.985487619452326,51.60900072586499
2.9855706257052748,51.62070633768747
2.9859968492939295,51.63240628778718
2.986327744032873,51.63240628778718
2.9865776945377767,51.63240628778718
2.986629315230183,51.63240628778718
2.9866523675298873,51.64410058027079
2.986991370982104,51.64410058027079
2.987042026465952,51.64410058027079
2.9871972078829243,51.64410058027079
2.9873524734882446,51.64410058027079
2.9875192798533923,51.655789219241
2.9877488664475926,51.66747220879652
2.9879567865105434,51.67914955303213
2.988111901188256,51.690821256038646
2.988189604750394,51.70248732190292
2.9883768403807363,51.70248732190292
2.9884553937618374,51.70248732190292
2.988983366299868,51.714147754707874
2.9890538035717347,51.725802558532465
2.989110853010366,51.737451737451735
2.98923711167954,51.737451737451735
2.9892813866193793,51.7490952955368
2.9899804332835944,51.7490952955368
2.990176927890917,51.7607332368548
2.990885385471113,51.772365565469016
2.9909071619292025,51.772365565469016
2.991019100864752,51.772365565469016
2.9910354068282827,51.772365565469016
2.9910880316644906,51.772365565469016
2.9913121307604116,51.783992285438764
2.9913542151663552,51.783992285438764
2.991874765310643,51.79561340081948
2.9926161520158225,51.80722891566265
2.993281243289586,51.8188388340159
2.993565594782713,51.8188388340159
2.993829880570029,51.83044315992292
2.994085108301918,51.84204189742355
2.994479815810539,51.84204189742355
2.99481407508413,51.853635050553684
2.9955030668497917,51.853635050553684
2.9956362383492587,51.86522262334536
2.9957184047937635,51.87680461982676
2.996057226964971,51.88838104402214
2.9961918617216847,51.88838104402214
2.9963698226940894,51.88838104402214
2.9964450025783793,51.88838104402214
2.9968120351984933,51.8999518999519
2.9985124172561237,51.911517191632605
2.99855151393464,51.92307692307693
2.9986053557141825,51.92307692307693
2.9987506443454977,51.93463109829368
2.998846083427882,51.94617972128784
2.9989776236451973,51.95772279606054
2.9991740740001367,51.96926032660903
2.999183127546658,51.980792316926774
2.9993422221938957,51.980792316926774
2.9995675498829644,51.99231877100337
2.999791108317348,51.99231877100337
3.0000243487848595,52.00383969282457
3.0002466864158537,52.00383969282457
3.000256174702336,52.00383969282457
3.0005038977555025,52.01535508637236
3.000836238717703,52.01535508637236
3.000948059859127,52.01535508637236
3.001055431851895,52.02686495562485
3.0011974371200636,52.038369304556355
3.001369561570454,52.038369304556355
3.0014294841355995,52.04986813713738
3.001622983153124,52.04986813713738
3.00183812274207,52.04986813713738
3.002219500461598,52.06136145733461
3.003250754242605,52.072849269110954
3.0032831299172593,52.08433157642549
3.003406585194964,52.08433157642549
3.003665428602116,52.08433157642549
3.0037962803032583,52.09580838323353
3.0042538928719256,52.09580838323353
3.0042599569514525,52.10727969348659
3.0043289994392803,52.11874551113239
3.004499858317372,52.13020584011488
3.0049307375768066,52.13020584011488
3.00494508993869,52.141660684374244
3.0052850953148176,52.15311004784689
3.0055645824903894,52.16455393446544
3.0055871115515247,52.16455393446544
3.005607258802169,52.17599234815877
3.005808002183308,52.18742529285202
3.0058583515781017,52.198852772466545
3.006338313091662,52.198852772466545
3.0063883840323107,52.210274790919954
3.0067108130881857,52.22169135212613
3.007213610577949,52.23310245999523
3.0075379920419247,52.23310245999523
3.007779252279932,52.23310245999523
3.008313774341138,52.23310245999523
3.0086306956823052,52.24450811843362
3.008811076189079,52.24450811843362
3.0089678216139113,52.24450811843362
3.0089752372355414,52.25590833134399
3.0093886827765597,52.25590833134399
3.009718305848518,52.2673031026253
3.0103980631295744,52.27869243617275
3.0104201489420794,52.27869243617275
3.011121064654277,52.27869243617275
3.011671540767643,52.27869243617275
3.012030859474794,52.27869243617275
3.0121664458669017,52.27869243617275
3.012195516312681,52.29007633587786
3.012412331241899,52.29007633587786
3.012527004032487,52.29007633587786
3.0127440147829883,52.30145480562843
3.0128211837993053,52.31282784930854
3.013238774609532,52.32419547079857
3.0132943856759757,52.33555767397522
3.013564161595368,52.34691446271146
3.0137891962067687,52.358265840876605
3.013857543407283,52.358265840876605
3.013857846230086,52.36961181233627
3.014432040610789,52.38095238095239
3.0152478052490874,52.39228755058319
3.015359483033781,52.403617325083296
3.0156860937425405,52.414941708303594
3.0158844022381066,52.42626070409134
3.016083422602841,52.437574316290124
3.016089681568531,52.437574316290124
3.0162124209792367,52.448882548739896
3.0162658417298913,52.46018540527692
3.016909099115784,52.47148288973384
3.017043262546725,52.48277500593965
3.017219411736416,52.49406175771971
3.0175892861650047,52.49406175771971
3.0176944306989455,52.49406175771971
3.0178311619559475,52.49406175771971
3.018485752597713,52.49406175771971
3.018584232204293,52.50534314889575
3.0188020722838544,52.516619183285854
3.019217787443604,52.52788986470449
3.0194828231645676,52.52788986470449
3.019668401838428,52.52788986470449
3.019856867812984,52.539155196962504
3.0199788554958675,52.55041518386714
3.0200804586426337,52.55041518386714
3.0200868048056937,52.56166982922201
3.0202471579770966,52.56166982922201
3.020677016910357,52.572919136827124
3.020744583321466,52.572919136827124
3.0213943314372327,52.572919136827124
3.021489164707347,52.572919136827124
3.0219780682633566,52.5841631104789
3.0220396001297885,52.59540175397014
3.0221054359075215,52.59540175397014
3.0221109636973886,52.59540175397014
3.0221799476069005,52.60663507109005
3.022555191985302,52.61786306562426
3.0226598305670587,52.61786306562426
3.022741818191163,52.62908574135481
3.022774646732748,52.64030310206015
3.0229121545640774,52.64030310206015
3.0230144788299524,52.65151515151515
3.023035701826811,52.662721893491124
3.023493873471027,52.662721893491124
3.0236429260216635,52.6739233317558
3.023858242973889,52.68511947007334
3.024050860588687,52.69631031220435
3.0241391168241165,52.70749586190588
3.024263912755831,52.70749586190588
3.0244748092277307,52.71867612293144
3.024625043537406,52.72985109903097
3.0246328951388857,52.74102079395085
3.024755049709715,52.74102079395085
3.024885915499858,52.75218521143397
3.0253897969406713,52.76334435521966
3.02572493949397,52.77449822904369
3.0257539200951533,52.785646836638335
3.0260172971893513,52.796790181732355
3.0260994037166298,52.796790181732355
3.026240786022533,52.796790181732355
3.026325367710113,52.807928268050965
3.0263506890099188,52.81906109931588
3.026458133317746,52.83018867924528
3.0266787922820724,52.83018867924528
3.0268671800375206,52.841311011553884
3.027248911263399,52.85242809995285
3.0273053952900586,52.85242809995285
3.0273403701125834,52.86353994814989
3.027352561654517,52.86353994814989
3.027455559422876,52.874646559849204
3.0274778513810414,52.88574793875147
3.027490592621035,52.89684408855393
3.0276571257861757,52.90793501295031
3.0278532586871285,52.90793501295031
3.0278632824020635,52.91902071563088
3.0282368537406152,52.91902071563088
3.0283492850935865,52.93010120028242
3.028553532225318,52.94117647058824
3.0287007020624186,52.95224653022819
3.028897806414223,52.95224653022819
3.029859799381349,52.95224653022819
3.029871247345296,52.95224653022819
3.030019654088058,52.96331138287864
3.0301221725625656,52.97437103221255
3.03026094302316,52.985425481899384
3.030760892982833,52.985425481899384
3.0314639232649214,52.985425481899384
3.031962051327993,52.985425481899384
3.0320914250650284,52.99647473560517
3.032160817477374,53.00751879699248
3.0323276265491135,53.01855766972046
3.0323957337731753,53.02959135744481
3.0325346830983357,53.02959135744481
3.0325410724147863,53.040619863817795
3.0325601873867325,53.051643192488264
3.0332662338649827,53.06266134710162
3.0333099016006693,53.073674331299856
3.0334301630263503,53.08468214872156
3.03366720963151,53.09568480300187
3.0338890145787256,53.09568480300187
3.034561150467999,53.106682297772565
3.0345983290039666,53.11767463666198
3.0347186851685413,53.11767463666198
3.0349866863022794,53.128661823295054
3.0352358214612427,53.128661823295054
3.035398258218422,53.128661823295054
3.0354100607569694,53.128661823295054
3.0356633389959065,53.13964386129335
3.0359730116165395,53.150620754275
3.035986150134837,53.150620754275
3.0361257168932285,53.150620754275
3.0363005477906126,53.150620754275
3.0367411345238837,53.161592505854806
3.037442734689726,53.161592505854806
3.037785324886871,53.161592505854806
3.0385371564766728,53.161592505854806
3.038570945316604,53.17255911964411
3.039284901574052,53.18352059925093
3.039399293839597,53.1944769482799
3.039711882904449,53.20542817033223
3.039717279970017,53.216374269005854
3.0397959312957124,53.22731524789523
3.0399493580358654,53.22731524789523
3.040007706560906,53.23825111059154
3.040018329335735,53.24918186068256
3.0401586462016716,53.26010750175275
3.040231773244445,53.26010750175275
3.0402780349576313,53.26010750175275
3.0405181901265466,53.271028037383175
3.0407189928257066,53.271028037383175
3.0407512898599847,53.28194347115161
3.0407843918678763,53.292853806632415
3.0409545872485344,53.30375904739668
3.0411008467247616,53.31465919701214
3.041112781251513,53.31465919701214
3.0411939241847077,53.32555425904317
3.0414377392479417,53.33644423705086
3.0421130953724136,53.34732913459296
3.042198565575807,53.35820895522389
3.04271212771617,53.35820895522389
3.042907663207508,53.369083702494756
3.0430671189086564,53.369083702494756
3.0430764068145635,53.369083702494756
3.0431863469273615,53.379953379953385
3.0432289680821154,53.379953379953385
3.043667216681734,53.379953379953385
3.04407393973336,53.39081799114426
3.0442483113690657,53.39081799114426
3.0443353444744967,53.39081799114426
3.0443368352521905,53.39081799114426
3.0443843130173702,53.39081799114426
3.0448535105633434,53.40167753960857
3.045006922226138,53.41253202888423
3.0450200322287944,53.42338146250582
3.0450344819433663,53.43422584400466
3.0451943594823465,53.445065176908756
3.04540063462959,53.445065176908756
3.045468527376695,53.45589946474284
3.0454973546799455,53.45589946474284
3.0456525698290604,53.46672871102839
3.04575596407538,53.47755291928355
3.0460434572519963,53.48837209302325
3.0461413798945953,53.49918623575912
3.0465726299543654,53.50999535099954
3.0467668089675732,53.50999535099954
3.046890644821313,53.52079944224959
3.0469128467257267,53.52079944224959
3.0469210716308464,53.52079944224959
3.04712979934562,53.52079944224959
3.047463023956727,53.53159851301115
3.047616345286899,53.53159851301115
3.047635412377613,53.542392566782816
3.047722561297474,53.542392566782816
3.048076602747189,53.55318160705992
3.048133941510119,53.563965637334576
3.0486257871796725,53.57474466109564
3.048737485982505,53.585518681828724
3.0498532680273485,53.585518681828724
3.049966652772693,53.585518681828724
3.0501231974215357,53.596287703016245
3.050250213543866,53.596287703016245
3.050663220407945,53.60705172813732
3.051410422624672,53.60705172813732
3.051511048831457,53.61781076066791
3.0518494819884436,53.61781076066791
3.05213854190862,53.62856480408069
3.0522043679315956,53.63931386184515
3.052534752981371,53.650057937427576
3.052692859281729,53.650057937427576
3.053027592119654,53.66079703429101
3.0530458650573564,53.66079703429101
3.053590080788396,53.66079703429101
3.0538634403067224,53.66079703429101
3.053910659380702,53.66079703429101
3.054291870851269,53.6715311558953
3.054381684994232,53.682260305697085
3.0545053779643823,53.682260305697085
3.0545530659389457,53.69298448714981
3.054666876289183,53.69298448714981
3.0551971576252015,53.70370370370371
3.0558478694308446,53.714417958805825
3.056198665372216,53.714417958805825
3.056263718587976,53.72512725590005
3.056269506290792,53.73583159842702
3.0566655681468307,53.74653098982424
3.056894008867317,53.75722543352601
3.0569020013926256,53.76791493296348
3.0569279540327674,53.76791493296348
3.0569415583361037,53.77859949156459
3.057079060521225,53.789279112754166
3.0570971891043333,53.789279112754166
3.0571830960640254,53.789279112754166
3.057364625736311,53.789279112754166
3.0576554428484224,53.799953799953805
3.0582078486424233,53.81062355658198
3.0584301866125423,53.821288386054036
3.05846498683891,53.821288386054036
3.0585689644010152,53.83194829178208
3.0586462721606815,53.84260327717517
3.0588278807061196,53.84260327717517
3.0591580233250024,53.84260327717517
3.0593593971026274,53.84260327717517
3.0596984003336734,53.85325334563913
3.0597209240565038,53.8638985005767
3.0602711282686763,53.874538745387454
3.06054992077678,53.88517408346784
3.06077750222713,53.89580451821116
3.0608284692529266,53.906430053007604
3.061184832446832,53.91705069124424
3.0616167707540174,53.927666436305
3.061805913797836,53.927666436305
3.062300938556808,53.9382772915707
3.062630028472745,53.948883260419066
3.062945823463812,53.948883260419066
3.062967162724118,53.95948434622467
3.0631111634060377,53.970080552359036
3.0631120459400285,53.98067188219052
3.0631394928694475,53.98067188219052
3.0637155982717514,53.98067188219052
3.0649339783390257,53.991258339084425
3.0651465086923557,53.991258339084425
3.0655636621605584,53.991258339084425
3.065582138657063,53.991258339084425
3.065749219133833,53.991258339084425
3.0658642706108874,54.00183992640294
3.0658760223780304,54.01241664750517
3.06639540986421,54.02298850574713
3.066632300304953,54.02298850574713
3.0666443763018494,54.033555504481726
3.0671033783264456,54.04411764705882
3.0673601922035987,54.05467493682517
3.0675177494949275,54.06522737712448
3.067632547220686,54.06522737712448
3.067707146984242,54.07577497129736
3.0681204850785297,54.08631772268136
3.06824544657683,54.08631772268136
3.068303438555219,54.096855634610975
3.0683228676844885,54.107388710417624
3.0687443432171806,54.11791695342969
3.0689600914610002,54.11791695342969
3.069487230034637,54.12844036697248
3.069498060194445,54.13895895436826
3.0697208573312724,54.149472718936266
3.070081746121372,54.15998166399266
3.0701353029502205,54.1704857928506
3.070319936053323,54.1704857928506
3.070559004341001,54.1704857928506
3.0705601419259594,54.18098510882016
3.0706134128174973,54.19147961520843
3.071011928101623,54.201969315319445
3.071163503830756,54.201969315319445
3.0714851978149293,54.201969315319445
3.0717704834565858,54.21245421245421
3.072217117246884,54.21245421245421
3.072484305695225,54.21245421245421
3.072501745208649,54.222934309910734
3.0725662351366685,54.23340961098398
3.072769617073637,54.23340961098398
3.0728817726404505,54.24388011896591
3.073015055319288,54.254345837145465
3.0730302529326123,54.26480676880859
3.073721965769121,54.27526291723822
3.0740262154003797,54.27526291723822
3.0742305893193573,54.285714285714285
3.074539671011052,54.296160877513714
3.0745441661558077,54.296160877513714
3.0748045534251003,54.30660269591044
3.0748417157898102,54.30660269591044
3.0753576502545728,54.30660269591044
3.075603594122293,54.30660269591044
3.075752161976569,54.317039744175425
3.075899588604773,54.317039744175425
3.076109686012481,54.32747202557662
3.0761267832813894,54.32747202557662
3.076588523661942,54.337899543378995
3.0767125727772724,54.34832230084455
3.076743917718448,54.34832230084455
3.076752464322783,54.35874030123231
3.076858201495386,54.36915354779831
3.0768602736282133,54.379562043795616
3.0769255248505867,54.38996579247435
3.0770260103210587,54.40036479708162
3.0772222326562493,54.410759060861636
3.0773638016721505,54.4211485870556
3.077420400622781,54.4315333789018
3.0780022801475644,54.4315333789018
3.078027042249878,54.4315333789018
3.078445838210914,54.4315333789018
3.078984715582237,54.441913439635535
3.079472278261762,54.452288772489176
3.0795249781051277,54.462659380692166
3.0796201792496127,54.462659380692166
3.079770156775889,54.47302526747097
3.0800196023083517,54.47302526747097
3.0802121084795075,54.48338643604915
3.0804580719720054,54.48338643604915
3.080895414843717,54.49374288964732
3.080926516876689,54.50409463148317
3.081300784590995,54.51444166477144
3.082020830543582,54.52478399272397
3.0820501173126393,54.535121618549674
3.0820745159153753,54.54545454545454
3.082115975454936,54.54545454545454
3.08213698360504,54.54545454545454
3.0822586139144086,54.55578277664167
3.08226600777845,54.566106315311224
3.0824485076629258,54.576425164660456
3.0824782947073746,54.586739327883734
3.0825406751492808,54.586739327883734
3.082938397835173,54.59704880817253
3.0829826726481833,54.59704880817253
3.083115597537893,54.59704880817253
3.0832889122321965,54.60735360871539
3.083308132294689,54.60735360871539
3.083587859712198,54.61765373269798
3.0837151287693776,54.62794918330308
3.0839481605339274,54.62794918330308
3.0842090243353666,54.63823996371059
3.0845516330066576,54.63823996371059
3.0846474589761685,54.6485260770975
3.0847678815332573,54.65880752663795
3.0854129218021624,54.65880752663795
3.085586673697945,54.66908431550317
3.085588460713075,54.66908431550317
3.085687756235158,54.66908431550317
3.0857819105303705,54.67935644686155
3.0858943959266645,54.67935644686155
3.086615588834606,54.68962392387857
3.0868038047596875,54.68962392387857
3.0871984121098253,54.699886749716875
3.087416815005215,54.710144927536234
3.0874873150913302,54.72039846049355
3.08755564535647,54.72039846049355
3.087715496422026,54.72039846049355
3.087876005396563,54.73064735174287
3.087877784432216,54.73064735174287
3.088168450849252,54.74089160443539
3.0881749395899347,54.74089160443539
3.0881867801772427,54.75113122171946
3.0882947154886766,54.76136620674056
3.0883095568432486,54.76136620674056
3.088642726674145,54.771596562641335
3.08866042422124,54.781822292561614
3.088984776697247,54.79204339963834
3.0890850423328056,54.80225988700565
3.0898785559639443,54.80225988700565
3.090022622598325,54.812471757794846
3.0901138825581103,54.8226790151344
3.0901149185651633,54.83288166214996
3.09018537210995,54.84307970196433
3.0904221058245316,54.85327313769752
3.0905875822268585,54.86346197246671
3.090616109796873,54.86346197246671
3.0907270762690144,54.86346197246671
3.0910676634187704,54.87364620938629
3.0912432328117228,54.88382585156779
3.0912902178850854,54.88382585156779
3.0914172008225904,54.89400090211998
3.0915303855294325,54.904171364148816
3.0917181870522947,54.904171364148816
3.0918423673347384,54.904171364148816
3.0919205089303783,54.904171364148816
3.0919831148226207,54.904171364148816
3.092274791791618,54.91433724075744
3.0924179024987843,54.91433724075744
3.092774933773738,54.924498535046204
3.092775575113679,54.93465525011266
3.09320322452785,54.94480738905159
3.0933624671260884,54.94480738905159
3.0933760223272544,54.95495495495496
3.094047112168163,54.95495495495496
3.094130853295834,54.95495495495496
3.094619123007708,54.965097950911954
3.094695536903052,54.965097950911954
3.094750766421312,54.97523638000901
3.0950402580376024,54.98537024532973
3.0953333205330416,54.995499549955
3.0957506154201333,54.995499549955
3.095811438668901,55.005624296962885
3.0960414079511303,55.005624296962885
3.0962823321209774,55.0157444894287
3.096527444758021,55.02586013042501
3.096890806135508,55.02586013042501
3.097533670544983,55.03597122302158
3.0979046647049637,55.03597122302158
3.0981746832454085,55.03597122302158
3.09822381193644,55.046077770285464
3.0983236227712534,55.046077770285464
3.098713889685212,55.0561797752809
3.098840332253623,55.0561797752809
3.099339843262002,55.0561797752809
3.0994337723487466,55.06627724106943
3.09944304176828,55.0763701707098
3.0996315846282436,55.08645856725802
3.0997094674802326,55.08645856725802
3.099855691334609,55.08645856725802
3.100038966672328,55.08645856725802
3.1000758857623407,55.08645856725802
3.100092526323921,55.096542433767404
3.1008952604911824,55.106621773288445
3.1015829576849208,55.106621773288445
3.1018956417846772,55.11669658886894
3.1022170534026627,55.11669658886894
3.1022240285339167,55.126766883553955
3.1022680836241134,55.13683266038583
3.102329297420633,55.13683266038583
3.102491845022423,55.146893922404125
3.102669062357301,55.15695067264574
3.1026852887565277,55.15695067264574
3.1030789429717283,55.15695067264574
3.1031598872844364,55.16700291414482
3.1037393496077867,55.17705064993277
3.1038005852620336,55.187093883038315
3.104342332834426,55.187093883038315
3.1045331009482657,55.187093883038315
3.1046193582783834,55.19713261648745
3.104925262610745,55.20716685330347
3.1050812636428518,55.217196596506945
3.105089189350069,55.227221849115736
3.105195633957046,55.23724261414503
3.105281894171682,55.2472588946073
3.1054223522364373,55.2472588946073
3.1057950777544336,55.257270693512304
3.1060724754421645,55.26727801386715
3.1063006218582236,55.27728085867621
3.106423181288661,55.2872792309412
3.1066492281758853,55.2872792309412
3.1069939442161028,55.2872792309412
3.107061943563936,55.2872792309412
3.1075730344808745,55.29727313366115
3.107984643354352,55.29727313366115
3.1084829691563574,55.29727313366115
3.1086432520554146,55.29727313366115
3.109555449734286,55.3072625698324
3.1097743013490686,55.3072625698324
3.110213653089514,55.3072625698324
3.1106222235373058,55.31724754244861
3.1107455652445313,55.32722805450078
3.110835638252606,55.32722805450078
3.1111185762836637,55.337204108977225
3.1113304536884474,55.34717570886358
3.1114625786020933,55.35714285714286
3.1117733936872,55.36710555679536
3.111891379825172,55.36710555679536
3.1119492349499485,55.37706381079875
3.1122494430664864,55.38701762212804
3.1122795826031466,55.39696699375558
3.1122961950030756,55.406911928651056
3.112614858952639,55.406911928651056
3.112840202481096,55.416852429781535
3.113020482741402,55.426788500111435
3.1130686129822025,55.43672014260249
3.113135194973883,55.44664736021385
3.113233825762344,55.44664736021385
3.1134106332274953,55.45657015590201
3.113605286373158,55.466488532620794
3.113884840019871,55.476402493321466
3.1142102953719784,55.476402493321466
3.114560444135611,55.476402493321466
3.1146819978627818,55.48631204095259
3.1155321797778703,55.48631204095259
3.115627606543486,55.49621717846017
3.116181674813314,55.49621717846017
3.1162897612685434,55.506117908787544
3.1164160554817855,55.51601423487544
3.1166648062794895,55.525906159662
3.116752417502361,55.525906159662
3.1168917561745038,55.5357936860827
3.1169832485969815,55.54567681707046
3.117178028502522,55.55555555555556
3.1173711495670338,55.56542990446568
3.1183942879727806,55.5752998667259
3.1184087702841814,55.5752998667259
3.1184509927764834,55.5752998667259
3.1187658989906284,55.585165445258724
3.11928493468118,55.59502664298401
3.1193940636353714,55.60488346281909
3.1194595659579054,55.60488346281909
3.1195446887951674,55.61473590767865
3.119630803033664,55.62458398047482
3.1197383014869495,55.62458398047482
3.120773625723713,55.62458398047482
3.1209053568410208,55.63442768411713
3.1213877754322636,55.644267021512526
3.121670647042079,55.644267021512526
3.121711132280822,55.644267021512526
3.1219539583543336,55.654101995565405
3.12207714709703,55.66393260917757
3.122175800449023,55.673758865248224
3.12246254815872,55.673758865248224
3.1226337990991397,55.683580766674055
3.123031952670579,55.683580766674055
3.12331830180443,55.69339831634914
3.12340338448386,55.69339831634914
3.1235167228911203,55.70321151716501
3.124090400574861,55.713020372010625
3.124337700858855,55.72282488377242
3.12439662689176,55.72282488377242
3.1244055710177743,55.73262505533422
3.124859179518163,55.74242088957734
3.1248747979802514,55.75221238938053
3.1249470742326055,55.76199955761999
3.125042618956845,55.76199955761999
3.1251754621065326,55.77178239716939
3.125288282999639,55.78156091089984
3.1254415275045555,55.79133510167993
3.125808109681804,55.80110497237569
3.125817996912626,55.81087052585064
3.1260804693157813,55.81087052585064
3.1264322804245004,55.81087052585064
3.126504715724171,55.81087052585064
3.126525425447624,55.82063176496575
3.1266474987719306,55.830388692579504
3.12704528929762,55.830388692579504
3.1270928774467763,55.84014131154781
3.127117149207566,55.84014131154781
3.1272622392981613,55.84988962472406
3.1274780774444,55.859633634959174
3.1274980456449155,55.8693733451015
3.127636235478925,55.87910875799691
3.1280687225495725,55.88883987648875
3.128317926035477,55.88883987648875
3.1286583531667738,55.89856670341786
3.128759252516226,55.908289241622576
3.128951252958692,55.918007493938724
3.128951954845418,55.927721463199646
3.1291796916882166,55.93743115223617
3.1294322777959263,55.947136563876654
3.1295775572453466,55.95683770094693
3.129636844107245,55.96653456627037
3.1297730965339854,55.96653456627037
3.129870816236121,55.96653456627037
3.130034225782605,55.96653456627037
3.130390776823565,55.97622716266783
3.130453813092868,55.98591549295775
3.1308494369407267,55.98591549295775
3.131029532366021,55.995599559956
3.131078085755983,56.005279366476024
3.131092239593884,56.01495491532879
3.1311153448433138,56.02462620932278
3.131359630569069,56.03429325126401
3.1314155690088246,56.043956043956044
3.1319482601079085,56.043956043956044
3.132055267561352,56.05361459019995
3.1322989593614627,56.06326889279437
3.1327076198943096,56.07291895453547
3.132912537393785,56.07291895453547
3.132913212296874,56.08256477821695
3.133353837096512,56.09220636663008
3.1334204299187878,56.10184372256365
3.133792606510191,56.111476848804045
3.1339093833011407,56.12110574813515
3.134316947781874,56.13073042333845
3.1348261258771535,56.14035087719298
3.134889098780081,56.14035087719298
3.1349176305965654,56.14035087719298
3.1350726023009563,56.14996711247533
3.1351315874409065,56.15957913195967
3.1354869065670856,56.1691869384177
3.1357887228634667,56.17879053461875
3.135798050230005,56.18838992332969
3.1360782752851706,56.19798510731494
3.1363965235069773,56.20757608933654
3.13743953372008,56.20757608933654
3.1378109197636217,56.21716287215411
3.138520066161296,56.22674545852484
3.1385207239699473,56.236323851203494
3.138688817948033,56.245898052942465
3.1388161975551108,56.245898052942465
3.139083474491467,56.25546806649169
3.139111016116376,56.26503389459874
3.139300492349411,56.26503389459874
3.1394872217706378,56.27459554000874
3.1398200579038402,56.284153005464475
3.139827308712683,56.29370629370629
3.14034567361351,56.29370629370629
3.140524840405327,56.30325540747214
3.1405268422734514,56.31280034949759
3.14068398038237,56.32234112251583
3.140996119080944,56.33187772925764
3.141088456292995,56.33187772925764
3.1414457215148053,56.33187772925764
3.1415237211298552,56.34141017245143
3.141944322545693,56.34141017245143
3.141983802119305,56.35093845482322
3.141992244125871,56.36046257909666
3.1422310765505497,56.36998254799301
3.142611006250229,56.36998254799301
3.142631345165152,56.37949836423118
3.142672723954565,56.3890100305277
3.1426841682699247,56.3890100305277
3.1429830573105613,56.39851754959668
3.143060111349914,56.40802092414996
3.143074364702611,56.41752015689693
3.143415067556055,56.42701525054466
3.1434220263797266,56.43650620779786
3.1434508239464116,56.43650620779786
3.1434891860158465,56.44599303135889
3.143714733077481,56.45547572392772
3.143941791941302,56.46495428820201
3.1440452973711683,56.46495428820201
3.144409695273791,56.46495428820201
3.144802680183603,56.474428726877036
3.1448669251974635,56.474428726877036
3.1449752394460435,56.474428726877036
3.1450179628871866,56.48389904264578
3.1454647647188203,56.49336523819882
3.1454894585191338,56.49336523819882
3.1455221779954137,56.50282731622445
3.1455323537881816,56.50282731622445
3.14603513003838,56.50282731622445
3.146187618636294,56.51228527940857
3.146511966533777,56.52173913043478
3.146534926559239,56.53118887198435
3.1466276395685284,56.53118887198435
3.146835088046098,56.5406345067362
3.1470654160514333,56.550076037366935
3.147096806466879,56.550076037366935
3.147127615979737,56.559513466550825
3.147367378565224,56.559513466550825
3.1476289382059863,56.56894679695983
3.1477527068864117,56.578376031263566
3.1480723686514547,56.58780117212937
3.1481288368376594,56.58780117212937
3.1481764866414172,56.58780117212937
3.1482825809445556,56.58780117212937
3.1484873544458427,56.59722222222222
3.148734520858735,56.60663918420482
3.148974701290158,56.61605206073753
3.149086941941105,56.625460854478426
3.149110430707295,56.63486556808326
3.149289111031728,56.64426620420551
3.149318399326943,56.653662765496314
3.149387624299959,56.653662765496314
3.149536912554837,56.66305525460456
3.149609528674653,56.66305525460456
3.14972241916263,56.66305525460456
3.1498194824975196,56.66305525460456
3.149931557408092,56.672443674176776
3.149984263661453,56.68182802685726
3.1499945726294882,56.691208315288
3.1503014465367993,56.70058454210868
3.150376741407464,56.709956709956714
3.1504739047506574,56.71932482146721
3.150519426100661,56.72868887927304
3.1505979142521077,56.738048886004755
3.1506542673361912,56.747404844290664
3.150729749820319,56.75675675675676
3.1507424160854662,56.75675675675676
3.151166419279386,56.7661046260268
3.1513507784387302,56.77544845472228
3.1513701465016033,56.7847882454624
3.1514384052926068,56.79412400086412
3.1516803767822923,56.803455723542115
3.1518342626345697,56.812783416108836
3.1520905625075097,56.82210708117444
3.1522277804305827,56.83142672134686
3.152354622322551,56.84074233923177
3.1523785966915434,56.85005393743258
3.1526291870284227,56.85936151855048
3.1526668922487535,56.85936151855048
3.1528200348173563,56.85936151855048
3.1528561586257617,56.86866508518439
3.152867495551688,56.877964639931
3.1529118723820555,56.88726018538478
3.1530463798543873,56.88726018538478
3.1535656598664925,56.896551724137936
3.153986658216319,56.90583925878043
3.1540128470549287,56.91512279190004
3.1541610235870943,56.92440232608228
3.1546251619606327,56.92440232608228
3.154965899035389,56.92440232608228
3.155089015554027,56.92440232608228
3.1554064339703243,56.933677863910425
3.155491669213276,56.94294940796556
3.155825906403819,56.95221696082652
3.156059292179492,56.96148052506994
3.1561978073361012,56.96148052506994
3.1563227105237277,56.970740103270224
3.156468445045084,56.97999569799958
3.1566096435848605,56.98924731182796
3.1566484124259158,56.98924731182796
3.156738568714921,56.98924731182796
3.156868382753707,56.99849494732315
3.157028992364812,57.007738607050726
3.1572579329438386,57.01697829357404
3.1572846474698815,57.026214009454236
3.1573633063660402,57.03544575725027
3.157470399709768,57.0446735395189
3.1577009818425577,57.0446735395189
3.1577922763051545,57.05389735881469
3.1578298205747792,57.05389735881469
3.1578306713578965,57.06311721768999
3.158137819950513,57.072333118695
3.15836915491115,57.072333118695
3.1585874370926357,57.08154506437768
3.15877495408298,57.08154506437768
3.159043765873941,57.09075305728385
3.1591162139935847,57.0999570999571
3.1592348294829944,57.109157194938874
3.1598124096012277,57.109157194938874
3.1600290034237486,57.11835334476844
3.1600455509423293,57.12754555198285
3.1602666554060934,57.13673381911701
3.161220967584717,57.145918148703664
3.1615446853419917,57.155098543273354
3.161593937771283,57.16427500535447
3.1616325777597685,57.17344753747323
3.161931137926159,57.18261614215372
3.1621852779062327,57.18261614215372
3.1623074406009697,57.1917808219178
3.1624969809063392,57.20094157928526
3.1626389329781364,57.21009841677363
3.1629065626734936,57.21925133689839
3.1634451628408358,57.21925133689839
3.163452718226271,57.228400342172804
3.163478069396411,57.228400342172804
3.1638012665486963,57.237545435107975
3.163893675800355,57.237545435107975
3.1644991889975773,57.24668661821292
3.164722269869565,57.25582389399444
3.1647947115460173,57.26495726495726
3.1648538797277275,57.27408673360394
3.16486060866018,57.28321230243486
3.1648657135234615,57.29233397394833
3.165326588908708,57.301451750640474
3.1653404438033825,57.301451750640474
3.1655319400514164,57.31056563500534
3.16591593892043,57.31056563500534
3.165919271220317,57.319675629534785
3.166059141677772,57.319675629534785
3.1662341723986205,57.319675629534785
3.166441132783806,57.32878173671858
3.1664436562974156,57.33788395904437
3.166756657880739,57.34698229899765
3.166905419729277,57.356076759061835
3.1669440730720937,57.356076759061835
3.1670226167791498,57.365167341718184
3.16703960265068,57.365167341718184
3.167123815234054,57.37425404944586
3.1672328772421903,57.37425404944586
3.1676688956855426,57.37425404944586
3.1678535956600307,57.38333688472193
3.168026137437544,57.38333688472193
3.168273608955631,57.39241585002131
3.168772761572453,57.401490947816825
3.1688095768317015,57.401490947816825
3.1689329285935415,57.41056218057922
3.1691665725729554,57.41056218057922
3.1692960795965783,57.41056218057922
3.1695233914113166,57.419629550777096
3.1699991179472526,57.42869306087697
3.1701544536261963,57.42869306087697
3.1704248019454027,57.43775271334326
3.1705065243295527,57.446808510638306
3.1706686887481714,57.446808510638306
3.1708384789909116,57.45586045522229
3.1709227382173784,57.464908549553385
3.1710808136739943,57.4739527960876
3.1711103327145276,57.4739527960876
3.171166454723411,57.48299319727891
3.1712052089086082,57.49202975557917
3.1712373424168434,57.50106247343817
3.171274943429614,57.510091353303594
3.171437342044886,57.519116397621076
3.171738622290742,57.52813760883415
3.171971147300066,57.52813760883415
3.1722264699381966,57.537154989384284
3.172244304924781,57.546168541710884
3.1722997656048073,57.555178268251275
3.1724189501296647,57.555178268251275
3.1724876810228113,57.564184171440694
3.1726826041051632,57.564184171440694
3.1730097419095196,57.57318625371235
3.173091045696901,57.582184517497346
3.1734748469259095,57.59117896522476
3.173484604407702,57.59117896522476
3.173733416686749,57.6001695993216
3.173783557557375,57.609156422212806
3.1739998120146113,57.609156422212806
3.174166479800127,57.609156422212806
3.174484036165916,57.609156422212806
3.174737219930251,57.61813943632126
3.174834156858112,57.6271186440678
3.174985886692586,57.63609404787121
3.1751248211946095,57.63609404787121
3.175169710237454,57.64506565014824
3.175208131376704,57.654033453313566
3.1753291871487157,57.654033453313566
3.1753704754515337,57.66299745977985
3.1753743286430147,57.67195767195767
3.1754025659298897,57.680914092255605
3.1754997384524613,57.68986672308017
3.1755946333879685,57.68986672308017
3.17567690554329,57.69881556683587
3.175896946612009,57.70776062592514
3.1759508774887166,57.70776062592514
3.175961201055611,57.71670190274841
3.175981542252536,57.71670190274841
3.176523849905908,57.72563939970408
3.1765521128612675,57.734573119188504
3.1767377201469955,57.734573119188504
3.1767686684796628,57.74350306359602
3.1771829809360383,57.75242923531897
3.177534771201439,57.76135163674763
3.1776114754497966,57.76135163674763
3.177726962344888,57.770270270270274
3.177730197476698,57.77918513827317
3.177881730319847,57.77918513827317
3.1781941565296252,57.788096243140565
3.178492633242371,57.788096243140565
3.179088338610253,57.79700358725469
3.1791555669807168,57.80590717299579
3.179175057179439,57.81480700274204
3.179217173608248,57.81480700274204
3.1795901415669108,57.82370307886967
3.1796446512419325,57.82370307886967
3.1799423597072365,57.8325954037529
3.1804496533709554,57.84148397976391
3.180456400029265,57.85036880927292
3.1809255026972774,57.85924989464812
3.181622943329745,57.86812723825574
3.181668616616649,57.86812723825574
3.181783724989387,57.87700084245998
3.1818348405560393,57.87700084245998
3.181876616637927,57.88587070962308
3.1821094988147656,57.88587070962308
3.18229816610905,57.88587070962308
3.1825201873851214,57.88587070962308
3.1826825195372668,57.88587070962308
3.182904589237143,57.89473684210527
3.183071812159852,57.90359924226479
3.183080888894233,57.91245791245792
3.183099347871003,57.92131285503892
3.18330136306465,57.92131285503892
3.183321000322181,57.92131285503892
3.1836029711774034,57.92131285503892
3.183864705039892,57.92131285503892
3.183985429585187,57.930164072360114
3.184042460133827,57.93901156677181
3.1842212166515265,57.94785534062237
3.1846223082410465,57.95669539625815
3.184920215022532,57.965531736023536
3.184992025799255,57.97436436226098
3.185104105868046,57.98319327731093
3.1852058997587176,57.98319327731093
3.185308961390033,57.98319327731093
3.185477844948924,57.99201848351186
3.185513816667946,58.000839983200336
3.1857187237280447,58.000839983200336
3.1861290679254006,58.0096577787109
3.186998534690904,58.01847187237615
3.1870848907067617,58.02728226652676
3.1876045005139675,58.02728226652676
3.187870358674653,58.02728226652676
3.187977640660192,58.036088963491395
3.1880026443853886,58.04489196559681
3.188247418236977,58.053691275167786
3.1886494603797053,58.053691275167786
3.188669225288267,58.062486894527154
3.1890491210209606,58.062486894527154
3.189293518310034,58.07127882599581
3.1893480856655096,58.07127882599581
3.189510204577845,58.07127882599581
3.1898814625019476,58.080067071892685
3.1900233545797554,58.08885163453479
3.190056254758582,58.09763251623716
3.1900694475070877,58.09763251623716
3.1907113495441175,58.10640971931294
3.1909120571297214,58.1151832460733
3.1911140821477746,58.12395309882747
3.1911790297650877,58.12395309882747
3.191267497733967,58.12395309882747
3.1912786168017964,58.13271927988277
3.1913297885939547,58.14148179154458
3.191498877281779,58.150240636116344
3.191853758919211,58.15899581589959
3.1920929712774124,58.1677473331939
3.1921401377588743,58.17649519029695
3.192237460528347,58.185239389504495
3.192554917938282,58.19397993311036
3.1929200146656926,58.19397993311036
3.19334484141325,58.202716823406476
3.1937320771585394,58.21145006268282
3.1937702594433657,58.22017965322749
3.1941293111344873,58.22890559732665
3.1947056919060275,58.23762789726457
3.194744923805513,58.23762789726457
3.1948713690438644,58.24634655532359
3.1950923616566738,58.25506157378418
3.1951197714511483,58.25506157378418
3.1952837917285564,58.263772954924875
3.1953129387507238,58.272480701022324
3.195540503085447,58.28118481435127
3.195575191453724,58.28118481435127
3.195698179374808,58.28118481435127
3.195737929369878,58.28988529718456
3.1964006424757208,58.29858215179316
3.1965447444969435,58.307275380446114
3.1968482716322746,58.31596498541059
3.1970705563761443,58.324650968951865
3.1971724429205053,58.324650968951865
3.197409257249131,58.333333333333336
3.197483398573481,58.333333333333336
3.1976402156043693,58.342012080816495
3.1977129872800196,58.350687213660976
3.1978468301982685,58.3593587341245
3.197980299970852,58.3593587341245
3.198368588460652,58.368026644462944
3.19847887104641,58.368026644462944
3.198780610257979,58.368026644462944
3.1988585223823915,58.368026644462944
3.1993223523869774,58.376690946930275
3.1993949967873414,58.385351643778606
3.199492778502073,58.385351643778606
3.1997670155359867,58.39400873725816
3.2002124494601163,58.402662229617306
3.20052369955869,58.41131212310252
3.2011529120373337,58.41131212310252
3.2014309431491306,58.41131212310252
3.201759567590934,58.41995841995842
3.201888676726671,58.41995841995842
3.202481007151092,58.42860112242777
3.2025240105754462,58.43724023275145
3.203145760533059,58.43724023275145
3.203379607560474,58.445875753168494
3.2034325638849914,58.45450768591608
3.2035091631760872,58.45450768591608
3.2035961618434046,58.45450768591608
3.2036319192562663,58.45450768591608
3.2036854354144095,58.46313603322949
3.2037307114518425,58.46313603322949
3.203915516510975,58.46313603322949
3.2043331919997105,58.46313603322949
3.2043415579409773,58.46313603322949
3.2044280748858034,58.4717607973422
3.2044724587620443,58.48038198048579
3.2047477613921527,58.48899958489
3.2049424107742706,58.49761361278274
3.2051470820156625,58.50622406639005
3.205384436676768,58.50622406639005
3.205615193436934,58.51483094793611
3.20570215350834,58.5234342596433
3.206141070616532,58.532034003732115
3.2064189777789944,58.540630182421225
3.2064488622637333,58.549222797927456
3.2065468301166358,58.55781185246581
3.2067682234434316,58.56639734824943
3.2072461386037356,58.56639734824943
3.207505562978889,58.57497928748965
3.2075560917286317,58.58355767239593
3.2083101394943685,58.59213250517599
3.208473259890029,58.6007037880356
3.2086005131326707,58.6007037880356
3.208771211313207,58.6007037880356
3.2088395923895674,58.609271523178805
3.20884640709299,58.617835712807775
3.2089949775001094,58.617835712807775
3.209061023821612,58.62639635912288
3.209414169086729,58.63495346432265
3.2095125249768155,58.6435070306038
3.2096197595079357,58.6435070306038
3.2097774889031037,58.6435070306038
3.209979105568462,58.652057060161255
3.210055431362344,58.660603555188096
3.2102486598491247,58.660603555188096
3.2102730782836773,58.66914651787559
3.2105802092684446,58.67768595041323
3.210635982876165,58.68622185498864
3.2110820552188684,58.68622185498864
3.211180668551841,58.68622185498864
3.2113135199802714,58.69475423378769
3.2114324208266094,58.70328308899443
3.211444391296124,58.71180842279108
3.211484326913012,58.7203302373581
3.2115432701181574,58.728848534874125
3.2115613008983015,58.73736331751599
3.2116539558579644,58.745874587458744
3.211747188328913,58.754382346875644
3.2119902996825402,58.76288659793815
3.212031880250899,58.76288659793815
3.2120689585346183,58.77138734281592
3.2123542838705164,58.77138734281592
3.2125431994835707,58.77988458367683
3.2129221647192803,58.788378322686995
3.2129817982126485,58.788378322686995
3.2130007345948552,58.788378322686995
3.2131629692672474,58.796868562010715
3.2136186625411676,58.8053553038105
3.213859615797228,58.8053553038105
3.2139992648007896,58.81383855024712
3.2141693823887847,58.81383855024712
3.2142214910884856,58.82231830347951
3.21467850145157,58.82231830347951
3.215004835080668,58.83079456566488
3.2150666779856785,58.839267338958635
3.2155347178950993,58.8477366255144
3.215755938037826,58.8477366255144
3.215926471676817,58.856202427484064
3.216083322628023,58.86466474701769
3.2167573505728497,58.86466474701769
3.2173598456525236,58.86466474701769
3.2174296934466473,58.87312358626362
3.2174788847855185,58.88157894736842
3.217667208978487,58.88157894736842
3.2184068466288913,58.89003083247688
3.218407625577629,58.89847924373201
3.2185244693142017,58.90692418327512
3.218660626853819,58.915365653245686
3.218863800732936,58.915365653245686
3.2192622073523482,58.915365653245686
3.2193523560345643,58.92380365578147
3.2193683066363796,58.92380365578147
3.2196899486881994,58.92380365578147
3.2197065697232436,58.932238193018485
3.2201933581393676,58.940669267090954
3.2203001354150143,58.940669267090954
3.220441731833668,58.94909688013136
3.2207482914877263,58.957521034270464
3.220754783397886,58.957521034270464
3.2208727398310244,58.96594173163726
3.221186576215004,58.97435897435898
3.2215853405912975,58.98277276456112
3.221624482351728,58.99118310436744
3.221687262385216,58.99958999589996
3.2216939816206698,59.00799344127895
3.2221875225506103,59.00799344127895
3.2222331873867756,59.00799344127895
3.22234377082317,59.01639344262295
3.2225058835814377,59.02479000204877
3.2225838111055203,59.03318312167145
3.2225931603416043,59.03318312167145
3.223069030463046,59.04157280360434
3.223154522040337,59.04157280360434
3.223430051128977,59.04995904995906
3.2234366896614657,59.058341862845445
3.223698088633279,59.06672124437168
3.2241786741766574,59.07509719664416
3.2242483631580336,59.07509719664416
3.224301721605705,59.08346972176759
3.224594159312385,59.09183882184495
3.2245959967249824,59.100204498977504
3.224719701397033,59.10856675526477
3.2250026834270615,59.10856675526477
3.2250969917258434,59.10856675526477
3.2251538311392194,59.10856675526477
3.2252398348142433,59.10856675526477
3.2255399408098957,59.10856675526477
3.225679768014721,59.116925592804584
3.226065061746872,59.116925592804584
3.2265759344288343,59.125281013693034
3.2268037837577035,59.125281013693034
3.226879454805626,59.133633020024526
3.2272739076152526,59.14198161389172
3.227498515068778,59.14198161389172
3.2281830308884976,59.150326797385624
3.2295139668499147,59.15866857259546
3.2300223718231127,59.167006941608825
3.2300397111412775,59.167006941608825
3.230267531952751,59.175341906511534
3.2302694299460817,59.183673469387756
3.2303297725586106,59.192001632319936
3.2303351597664234,59.20032639738883
3.2307290162565216,59.20864776667346
3.231436457723833,59.216965742251226
3.2314674094216196,59.22528032619776
3.231585381480668,59.233591520587034
3.231669548688096,59.241899327491346
3.2318686854329726,59.25020374898126
3.232588192141039,59.25850478712569
3.2326737749964676,59.26680244399185
3.2329118592264274,59.27509672164528
3.2329204903940427,59.28338762214984
3.2329585832932897,59.28338762214984
3.2332583721428443,59.29167514756768
3.2339570687453345,59.29167514756768
3.234113536040207,59.299959299959305
3.2343677623572247,59.299959299959305
3.234444335027124,59.30824008138352
3.234558198896983,59.31651749389748
3.234814699235243,59.32479153955664
3.2348900181806006,59.32479153955664
3.235499182715443,59.3330622204148
3.2359603562352124,59.3330622204148
3.2366167752443356,59.3330622204148
3.2367364992180954,59.3330622204148
3.2372380314408282,59.34132953852409
3.2372582927396594,59.34132953852409
3.237462348062783,59.34959349593496
3.237889007580474,59.35785409469621
3.23796497344618,59.35785409469621
3.2379784089071264,59.35785409469621
3.238142617174522,59.366111336854935
3.2381937745272222,59.374365224456625
3.2382283562907674,59.38261575954509
3.2382907868796735,59.38261575954509
3.2386872070609343,59.38261575954509
3.238845028717462,59.390862944162436
3.2389633162221156,59.390862944162436
3.2393104255015426,59.399106780349165
3.2395412862277637,59.399106780349165
3.239583794624009,59.40734727014411
3.240312918915603,59.41558441558441
3.24061647457349,59.42381821870561
3.240759015252603,59.42381821870561
3.240786615762632,59.43204868154158
3.2410686415742833,59.43204868154158
3.2410775728683663,59.43204868154158
3.2412026915481813,59.44027580612452
3.2412118665371805,59.44849959448499
3.241233167425363,59.44849959448499
3.2412690541775837,59.45672004865193
3.2412837947748687,59.46493717065261
3.241313265565151,59.47315096251267
3.2413599453695388,59.47315096251267
3.2415382582960492,59.48136142625607
3.241619473205426,59.48136142625607
3.241651916182437,59.4895685639052
3.2417161892185473,59.497772377480764
3.2419113099595105,59.497772377480764
3.242121820402643,59.50597286900182
3.2421982850634135,59.51417004048582
3.2423783288012173,59.522363893948594
3.2423950434066913,59.53055443140429
3.2425435209734905,59.53055443140429
3.2427229863514837,59.53055443140429
3.2430104805616633,59.53874165486547
3.2430811379500804,59.53874165486547
3.2433547565844187,59.54692556634305
3.2436190742194184,59.54692556634305
3.2437669106138487,59.54692556634305
3.2439246320152395,59.54692556634305
3.243979534815341,59.54692556634305
3.244430753224134,59.54692556634305
3.244432711127866,59.54692556634305
3.2445203200920694,59.555106167846304
3.244578999148089,59.56328346138293
3.2446740448500915,59.56328346138293
3.2449940294464588,59.57145744895897
3.2451136880388307,59.57962813257882
3.245178197569062,59.57962813257882
3.2454815919242477,59.5877955142453
3.2469932422312073,59.59595959595959
3.2471340958460737,59.59595959595959
3.247186199150947,59.60412037972127
3.24784041270513,59.61227786752828
3.247988009104117,59.62043206137694
3.248190787881597,59.62858296326201
3.2483647804132474,59.62858296326201
3.248422777795924,59.62858296326201
3.2484776750487283,59.636730575176585
3.248719803739284,59.64487489911219
3.2491935255434834,59.64487489911219
3.2492311258599726,59.64487489911219
3.24980421093339,59.653015937058704
3.2502759792398384,59.66115369100444
3.2504047834762395,59.66115369100444
3.250527681626843,59.66928816293608
3.250860151308348,59.66928816293608
3.2510961114112247,59.66928816293608
3.2511106752621783,59.66928816293608
3.251406737401532,59.66928816293608
3.251713727610532,59.67741935483871
3.2520670323664715,59.67741935483871
3.252169582114078,59.68554726869583
3.252261460472954,59.69367190648932
3.2524023937638042,59.701793270199474
3.2525876114130043,59.709911361805
3.2526530847677897,59.71802618328298
3.2528166982447,59.71802618328298
3.252846087321659,59.72613773660894
3.252991730468848,59.734246023756796
3.2530762994158557,59.74235104669887
3.2532644914678044,59.74235104669887
3.2533642818361095,59.74235104669887
3.2535069904600395,59.74235104669887
3.2535513324450696,59.74235104669887
3.2535781140689344,59.74235104669887
3.2538028615115753,59.74235104669887
3.254011535598691,59.75045280740592
3.2541959061578796,59.758551307847085
3.2542757597553478,59.758551307847085
3.2543968597486717,59.76664654998994
3.254712145917009,59.77473853580049
3.254781150668385,59.77473853580049
3.255114775775786,59.78282726724311
3.25513246886875,59.790912746280654
3.2551655573111002,59.790912746280654
3.2555148832146856,59.790912746280654
3.2560974395877746,59.790912746280654
3.256222862064462,59.798994974874375
3.2565740070344336,59.80707395498393
3.2566028968589693,59.815149688567416
3.256988666198534,59.82322217758136
3.2570845529075694,59.831291423980716
3.257413743242757,59.83935742971887
3.2574361607347027,59.847420196747635
3.257481452161558,59.855479727017254
3.2575181748315285,59.86353602247642
3.257749704750273,59.86353602247642
3.257962447715118,59.86353602247642
3.2582076546171783,59.87158908507223
3.258302826008598,59.87963891675025
3.2583119206137505,59.88768551945447
3.2584573742036747,59.88768551945447
3.2585235826432424,59.895728895127334
3.2585925124651562,59.9037690457097
3.2588255555822236,59.91180597314091
3.2589918094742747,59.919839679358724
3.259196481264356,59.919839679358724
3.259321902363916,59.927870166299336
3.2593772081835284,59.93589743589743
3.259404023085626,59.94392149008612
3.259480710389452,59.95194233079696
3.259499636158509,59.95995995995996
3.2596663661138496,59.96797437950361
3.2599202339984084,59.97598559135481
3.2599888565770074,59.98399359743898
3.260195283879313,59.98399359743898
3.26033229132008,59.991998399679936
3.260355905958169,60.0
3.260395692670879,60.00799840031994
3.2607615993917243,60.01599360255898
3.260862359071741,60.023985608634824
3.2612403671864714,60.023985608634824
3.2613020411690963,60.03197442046363
3.2625709042663718,60.039960039960036
3.2626152500203776,60.04794246903715
3.262925126536305,60.05592170960655
3.2633404939106163,60.063897763578275
3.2635743743915597,60.07187063286084
3.263591707084198,60.07187063286084
3.2636816604529333,60.07187063286084
3.2640973610005948,60.079840319361274
3.26441414389771,60.08780682498504
3.26467431194179,60.095770151636074
3.2647107477842967,60.10373030121684
3.2652416739325565,60.11168727562824
3.265534980445049,60.11964107676969
3.2659784048862615,60.12759170653907
3.2663541657975697,60.135539166832764
3.266591660849411,60.135539166832764
3.2666294524579684,60.143483459545635
3.2667463248156707,60.15142458657103
3.26704284760941,60.15142458657103
3.2672267877818406,60.1593625498008
3.2672366477833914,60.16729735112527
3.2672947954404106,60.1752289924333
3.267316149049188,60.183157475612184
3.267435045902098,60.19108280254777
3.267837171380473,60.19900497512438
3.2678537688301623,60.20692399522483
3.268214478004163,60.20692399522483
3.268226672119043,60.20692399522483
3.2686091187111552,60.21483986473045
3.26869145440529,60.21483986473045
3.268742100628054,60.21483986473045
3.268795272159103,60.22275258552108
3.2689134071800536,60.22275258552108
3.2689687906342444,60.22275258552108
3.269084012770375,60.230662159475045
3.2690898128762838,60.238568588469185
3.269716986990964,60.24647187437885
3.269776621732821,60.24647187437885
3.2702955058529644,60.24647187437885
3.2703975686062456,60.254372019077906
3.271034413640701,60.26226902443871
3.271281078378315,60.270162892332145
3.271436837480794,60.2780536246276
3.2715656468023697,60.2780536246276
3.2722513099504287,60.2780536246276
3.2722839027646895,60.28594122319301
3.27234572463154,60.293825689894774
3.2724686018270823,60.293825689894774
3.2727178155419194,60.30170702659786
3.2727809356021345,60.309585235165706
3.272860014641427,60.309585235165706
3.2729289682857017,60.317460317460316
3.272964359615955,60.32533227534219
3.273040199690925,60.333201110670366
3.2733063133267497,60.341066825302406
3.2733792553032797,60.34892942109437
3.2735396475943457,60.35678889990089
3.2741564870382076,60.36464526357511
3.274436065021274,60.3724985139687
3.2745805634659857,60.38034865293186
3.2747464701954274,60.38819568231333
3.275292367613885,60.396039603960396
3.275342810870128,60.40388041971887
3.275453604813429,60.40388041971887
3.27573891660544,60.40388041971887
3.2760052396977764,60.4117181314331
3.2760191822014906,60.41955274094597
3.276029553705266,60.42738425009894
3.276472480707187,60.43521266073195
3.2766694066930007,60.43521266073195
3.276902766724992,60.43521266073195
3.277042225081575,60.43521266073195
3.277060295911141,60.44303797468354
3.2772343970631286,60.45086019379079
3.2775311196565315,60.458679319889285
3.2775646214819556,60.458679319889285
3.2777014813442125,60.4664953548132
3.2778429839112673,60.47430830039525
3.2779118420513056,60.47430830039525
3.277957154382205,60.47430830039525
3.277978961343957,60.47430830039525
3.278230466489888,60.47430830039525
3.2785432142901287,60.482118158466704
3.2786959890117626,60.48992493085736
3.278928972958957,60.497728619395616
3.279314389185649,60.505529225908376
3.279552013891006,60.51332675222113
3.279557922168224,60.51332675222113
3.2799584206497343,60.521121200157914
3.280147712017049,60.521121200157914
3.2806270249760217,60.521121200157914
3.2807536699309305,60.52891257154135
3.2809218300816663,60.53670086819258
3.2810686154135813,60.54448609193135
3.281103634766321,60.552268244575934
3.2812452954783167,60.552268244575934
3.2816341813276337,60.56004732794321
3.2817604317591385,60.56782334384858
3.2820182893445162,60.57559629410605
3.2820282682292263,60.57559629410605
3.2825150978171087,60.58336618052819
3.2825866118477807,60.591133004926114
3.2826549019830025,60.59889676910954
3.282912715454957,60.60665747488675
3.2829663501443482,60.61441512406459
3.2830619046370444,60.61441512406459
3.2831666531758357,60.61441512406459
3.283495704135353,60.61441512406459
3.2835380470445883,60.62216971844852
3.2835574552806515,60.62216971844852
3.283885316121107,60.62216971844852
3.284924548032083,60.62216971844852
3.2850606141630205,60.62216971844852
3.2855100344742274,60.62216971844852
3.2855748183912823,60.62216971844852
3.285809816710141,60.629921259842526
3.2862233721808214,60.637669750049206
3.2865622869435303,60.637669750049206
3.2866212457728903,60.637669750049206
3.2866532717740315,60.645415190869734
3.2867277647675888,60.65315758410388
3.2872119608629498,60.660896931549956
3.287338067034179,60.66863323500492
3.2874104305529683,60.67636649626426
3.2877018843755423,60.684096717122074
3.2877076189443053,60.691823899371066
3.2877604249758887,60.69954804480252
3.287795413762155,60.70726915520629
3.2879546858095376,60.70726915520629
3.2880956828830277,60.71498723237085
3.2881994097670075,60.72270227808326
3.2882786640753334,60.7304142941292
3.288347594334349,60.73812328229289
3.288828331217007,60.74582924435721
3.2888577634913716,60.75353218210361
3.2890240741441965,60.761232097312146
3.2891097872242097,60.761232097312146
3.2893815675363847,60.76892899176147
3.2895493676941854,60.76892899176147
3.2895937931824175,60.776622867228866
3.2897964083933497,60.776622867228866
3.290032676955441,60.78431372549019
3.2907958957667867,60.79200156831994
3.2909458270456575,60.79968639749118
3.291013904555578,60.80736821477563
3.291061056776034,60.80736821477563
3.291185694862929,60.81504702194357
3.2912629971289364,60.81504702194357
3.291282210607468,60.82272282076395
3.291389477135699,60.830395613004306
3.291691062092241,60.838065400430786
3.2920611705587755,60.84573218480814
3.2921920960609294,60.85339596789978
3.292256866582208,60.861056751467714
3.292336951739133,60.86871453727255
3.2923478793693364,60.876369327073554
3.2923860516200043,60.884021122628596
3.293007253818338,60.884021122628596
3.2930480060750127,60.884021122628596
3.2930863863991418,60.89166992569417
3.293310902899526,60.899315738025415
3.293599602206216,60.90695856137608
3.293688989592474,60.90695856137608
3.293981522311523,60.90695856137608
3.294081383415374,60.91459839749853
3.2942667131848236,60.92223524814381
3.2944620166167007,60.92223524814381
3.294539555007434,60.92986911506153
3.2945479486256937,60.9375
3.294975492013539,60.94512790470611
3.2951984557423954,60.94512790470611
3.2952875060981985,60.95275283092542
3.295599995322365,60.960374780402105
3.2957682124808096,60.967993754879004
3.2958673957778375,60.97560975609756
3.2960448494814334,60.9832227857979
3.296311585500559,60.9832227857979
3.2967263305541916,60.9832227857979
3.2967598123094697,60.9832227857979
3.296928557815873,60.9832227857979
3.2970870789343047,60.99083284571874
3.2974732380522687,60.9984399375975
3.2976026757756705,60.9984399375975
3.2977131749132487,60.9984399375975
3.297927186295027,61.00604406317021
3.2980530290863297,61.01364522417154
3.2981698400752357,61.01364522417154
3.298877302825517,61.01364522417154
3.299076498633604,61.02124342233483
3.299102290385309,61.02124342233483
3.299401950198527,61.02124342233483
3.2996433559887257,61.02883865939205
3.2997630981599486,61.02883865939205
3.2999025079196507,61.02883865939205
3.300053121770643,61.03643093707384
3.3002579522593565,61.03643093707384
3.300571342806248,61.03643093707384
3.3007038497167565,61.044020257109466
3.3008587511734806,61.051606621226874
3.3009404597096443,61.051606621226874
3.301075655324161,61.059190031152646
3.301500798370438,61.059190031152646
3.301594104836024,61.059190031152646
3.301703054165133,61.06677048861203
3.3024421079690804,61.07434799532893
3.302745230640718,61.07434799532893
3.302872913915772,61.08192255302588
3.302892805926453,61.08192255302588
3.3029273582814835,61.08949416342413
3.3031714677831427,61.09706282824353
3.3031888988382305,61.104628549202644
3.3032658009938656,61.11219132801866
3.3032788861350233,61.11219132801866
3.3037492119183187,61.11975116640747
3.303817479390731,61.12730806608357
3.304104111230659,61.1348620287602
3.304190609795059,61.1348620287602
3.3042063078771893,61.142413056149216
3.304240732324625,61.142413056149216
3.3045374265945897,61.142413056149216
3.304561928321453,61.142413056149216
3.304777273069612,61.14996114996115
3.305827894053927,61.14996114996115
3.3059582310463163,61.15750631190523
3.3059635909357126,61.15750631190523
3.306052604630768,61.165048543689316
3.306595172273662,61.165048543689316
3.306677971129655,61.17258784702
3.3070360486377237,61.18012422360248
3.307223777441894,61.18765767514069
3.3076304706640207,61.18765767514069
3.307830823304471,61.19518820333722
3.308028998355496,61.19518820333722
3.3080827914506648,61.202715809893306
3.3081236356202623,61.210240496508916
3.3083079282726926,61.21776226488268
3.3083358068855007,61.225281116711905
3.3084721044632324,61.225281116711905
3.3087292770396526,61.23279705369258
3.3097959337937373,61.240310077519375
3.3099047230358343,61.24782018988568
3.309977456200347,61.25532739248354
3.310088987429295,61.26283168700368
3.3101472953219746,61.26283168700368
3.3101983010039997,61.26283168700368
3.310418340218965,61.26283168700368
3.310466178003396,61.26283168700368
3.310757641348289,61.270333075135554
3.310760005031342,61.27783155856727
3.3108151480778583,61.27783155856727
3.3112113518823247,61.28532713898568
3.3113473143590535,61.29281981807625
3.311387538778508,61.30030959752322
3.3113978047566563,61.30779647900948
3.3115160826925387,61.315280464216634
3.3116726914629755,61.32276155482499
3.311713300107449,61.32276155482499
3.3117433413510553,61.330239752513535
3.311791587612868,61.330239752513535
3.311826620555956,61.337715058959986
3.3121531480663067,61.337715058959986
3.3125579824966653,61.345187475840746
3.312616762791394,61.35265700483091
3.3126718726304896,61.35265700483091
3.3127896998622433,61.360123647604325
3.312989172950321,61.36758740583349
3.313038904877467,61.36758740583349
3.313057013469748,61.37504828118965
3.313157036145771,61.37504828118965
3.3134007825539595,61.38250627534273
3.3135719489725752,61.38996138996139
3.313688799337738,61.38996138996139
3.3137929769923438,61.38996138996139
3.3142488355350133,61.397413626712996
3.3142972601780727,61.397413626712996
3.3144159809942204,61.404862987263606
3.314702350307924,61.41230947327803
3.31512545252071,61.419753086419746
3.3151334480895525,61.427193828351015
3.3152584499157562,61.427193828351015
3.3158234354296217,61.434631700732744
3.3160485599337766,61.4420667052246
3.3161920004140417,61.44949884348496
3.316431364589719,61.44949884348496
3.3164412117151385,61.45692811717094
3.31649397136796,61.46435452793835
3.316593959504293,61.471778077441726
3.316753883291055,61.471778077441726
3.31682448769496,61.47919876733437
3.3170658312249928,61.48661659926825
3.3172853021066633,61.48661659926825
3.3175373982652596,61.4940315748941
3.3176644592758042,61.4940315748941
3.317693265526742,61.501443695861404
3.318017458462593,61.501443695861404
3.318186817171501,61.501443695861404
3.31839948272461,61.50885296381831
3.3184539474403665,61.50885296381831
3.3185962854200417,61.516259380411775
3.3186204027067285,61.516259380411775
3.318681482716018,61.52366294728742
3.319113011565705,61.52366294728742
3.31951745283895,61.531063666089636
3.319588801962317,61.531063666089636
3.32003921822071,61.53846153846154
3.3203805225412264,61.53846153846154
3.3204932022955482,61.54585656604499
3.3207095837131417,61.553248750480584
3.3213919443780813,61.56063809340765
3.321868959968599,61.56063809340765
3.3221448811754075,61.568024596464255
3.322209961882333,61.57540826128722
3.3223489484919466,61.582789089512104
3.3225846146167934,61.582789089512104
3.322753172469214,61.59016708277319
3.322921065712452,61.59016708277319
3.3231562525090363,61.597542242703526
3.323346994289285,61.597542242703526
3.3236364836095724,61.60491457093492
3.323859908835607,61.60491457093492
3.324139412765382,61.60491457093492
3.3241489973916276,61.61228406909789
3.3247207403581758,61.61228406909789
3.324819169324021,61.61965073882172
3.32628772044192,61.627014581734464
3.326380405600396,61.63437559946288
3.3265865286244494,61.641733793632525
3.326780151535437,61.641733793632525
3.3270143868232305,61.649089165867686
3.3272866846673796,61.65644171779141
3.3277051216527385,61.663791451025496
3.3278036775851776,61.671138367190494
3.327961112018175,61.678482467905724
3.328010287782599,61.68582375478927
3.328042783321736,61.693162229457954
3.3280466158035487,61.693162229457954
3.3283236797185163,61.700497893527384
3.3284940558058085,61.700497893527384
3.3292704947209253,61.70783074861191
3.3293244959084585,61.70783074861191
3.329688055534819,61.70783074861191
3.3297799026647055,61.71516079632465
3.3298875695168264,61.72248803827751
3.329977684642299,61.72248803827751
3.3300726497125237,61.729812476081136
3.3301526028750623,61.737134111344936
3.3302636572620306,61.74445294567712
3.330441578701257,61.75176898068464
3.3306614317960253,61.75908221797323
3.3313557224412618,61.75908221797323
3.331573527599433,61.75908221797323
3.3315905930880665,61.76639265914739
3.3318719441956497,61.773700305810394
3.3318749078771077,61.78100515956431
3.3322128254686727,61.788307222009934
3.332249285556938,61.79560649474689
3.332353810829907,61.79560649474689
3.3324253719596824,61.79560649474689
3.332732548490167,61.80290297937356
3.3328053956266817,61.810196677487106
3.333104558083836,61.810196677487106
3.3334104989613236,61.810196677487106
3.333453530821536,61.81748759068346
3.333588488699775,61.824775720557355
3.3336638015469524,61.832061068702295
3.3337594212104684,61.83934363671055
3.3338772172869047,61.84662342617322
3.333956149580797,61.85390043868014
3.3340404434558617,61.85390043868014
3.334091105362733,61.85390043868014
3.33416648284339,61.86117467581999
3.334242866793143,61.868446139180165
3.3344261136332025,61.87571483034693
3.3344436247041758,61.88298075090528
3.33446028356126,61.890243902439025
3.3346833837664427,61.890243902439025
3.334773545136695,61.89750428653077
3.3348113102274173,61.904761904761905
3.334962947897278,61.91201675871263
3.3351400001707767,61.91201675871263
3.3352221576397447,61.91201675871263
3.335460451153291,61.91926884996192
3.335823765247184,61.92651818008756
3.3359535918168612,61.93376475066616
3.336462075513548,61.93376475066616
3.336507350787647,61.94100856327307
3.3365547185447277,61.948249619482496
3.33717466369677,61.95548792086741
3.337364166028428,61.95548792086741
3.3373977222641416,61.95548792086741
3.3374055466515022,61.95548792086741
3.3374899417866533,61.96272346899961
3.3376765194384914,61.96272346899961
3.3381927834143705,61.96272346899961
3.338430913704858,61.96995626544971
3.338469756836942,61.96995626544971
3.3385419715100326,61.97718631178707
3.3389228030878746,61.984413609579924
3.3389696242880316,61.99163816039529
3.3389721270362256,61.99163816039529
3.3390141914119473,61.99163816039529
3.3390414428586532,61.99885996579897
3.339408962550617,62.00607902735562
3.3396694730312566,62.01329534662868
3.3399095888527937,62.01329534662868
3.340077649267726,62.01329534662868
3.340347535505789,62.01329534662868
3.340436980911821,62.02050892518041
3.3405146114929005,62.02050892518041
3.340568617903954,62.02771976457186
3.341052295383098,62.03492786636294
3.3415205734957194,62.03492786636294
3.341531896015483,62.04213323211235
3.3416674229909558,62.04933586337761
3.3417570943126313,62.04933586337761
3.3417736738026327,62.04933586337761
3.341820217899819,62.05653576171505
3.342021564549678,62.06373292867981
3.3430655505933373,62.0709273658259
3.3435127540967184,62.0709273658259
3.3435744611584464,62.0709273658259
3.34367465559166,62.0709273658259
3.343792908930187,62.07811907470611
3.3438383912338145,62.08530805687204
3.3442326018454946,62.09249431387415
3.3442358533289696,62.0996778472617
3.3443691000501,62.106858658582794
3.3444170001283777,62.11403674938435
3.3444517509010883,62.121212121212125
3.344471224344083,62.121212121212125
3.3450823490371784,62.121212121212125
3.3451118961617685,62.121212121212125
3.345181995299504,62.12838477561068
3.3457146504862405,62.12838477561068
3.345883145563391,62.135554714123444
3.3459460792945594,62.14272193829263
3.3465693213267524,62.149886449659355
3.3467529544650345,62.15704824976348
3.346805870374765,62.164207340143776
3.3469111405284915,62.171363722337816
3.3471163448860604,62.171363722337816
3.3471358495423145,62.178517397882
3.3471787592863103,62.18566836831159
3.3472756448907037,62.19281663516069
3.3473084912524733,62.1999621999622
3.347645294107145,62.207105064247926
3.3476788059054345,62.21424522954846
3.3477368860830232,62.21424522954846
3.347832210955309,62.22138269739328
3.3480707157918608,62.228517469310674
3.3481288434552776,62.2356495468278
3.3481555273801917,62.242778931470646
3.348194461306629,62.242778931470646
3.3483026689121327,62.242778931470646
3.348467225925995,62.249905624764054
3.3485050148134867,62.249905624764054
3.3488451468156573,62.25702962823174
3.3489122376026486,62.25702962823174
3.3491160234975106,62.264150943396224
3.34962735023963,62.264150943396224
3.3499187662730066,62.27126957177891
3.3500497950100043,62.27838551490004
3.3501830254682794,62.285498774278715
3.3506438485360257,62.29260935143288
3.3506788978029385,62.29971724787936
3.350954837612373,62.29971724787936
3.3509653147627647,62.30682246513381
3.3511367155688148,62.313925004710754
3.3512271939660394,62.32102486812359
3.351272685438888,62.32812205688454
3.3514610447691435,62.32812205688454
3.3515436940018355,62.335216572504706
3.351646328260916,62.34230841649408
3.3517455632105744,62.34939759036144
3.3517887298825446,62.356484095614526
3.3518725934103273,62.356484095614526
3.352007544655774,62.36356793375988
3.352100704411181,62.37064910630291
3.352103696442651,62.37772761474793
3.3522881348541818,62.37772761474793
3.35271524701999,62.38480346059808
3.3528435415025446,62.391876645355396
3.3528496802907344,62.391876645355396
3.352908775510811,62.391876645355396
3.3534788392978867,62.39894717052078
3.353588854242505,62.39894717052078
3.353704693907107,62.40601503759399
3.35378309032057,62.41308024807367
3.3537917854303743,62.420142803457345
3.353870418792107,62.4272027052414
3.3542643674434394,62.43425995492111
3.3543196762341525,62.441314553990615
3.3543908412779793,62.441314553990615
3.354435810573886,62.44836650394292
3.3545171281595443,62.44836650394292
3.3545314704003903,62.45541580626994
3.354557619442143,62.45541580626994
3.3546972803655017,62.46246246246246
3.3547056636250008,62.46246246246246
3.354743077492549,62.46246246246246
3.3555564382506082,62.46950647401013
3.3558441568521706,62.476547842401494
3.355969227998838,62.476547842401494
3.355991703968244,62.48358656912399
3.356138235724653,62.49062265566392
3.3561891281655765,62.49062265566392
3.356494227261438,62.49062265566392
3.3566554646135383,62.49062265566392
3.3566923991483293,62.49765610350647
3.357079432562722,62.50468691413573
3.357571179804781,62.50468691413573
3.3576095690935737,62.51171508903468
3.357716135694119,62.518740629685155
3.35804662699106,62.525763537567926
3.358097862734186,62.532783814162606
3.3582325929320294,62.53980146094774
3.358306133134009,62.546816479400746
3.358575092490694,62.55382887099794
3.3588160241990166,62.56083863721452
3.358940589478588,62.56083863721452
3.358944925567003,62.56083863721452
3.3592785082962906,62.56784577952461
3.35947983533492,62.56784577952461
3.359641783669883,62.5748502994012
3.3597118113091295,62.58185219831618
3.360112603875434,62.58885147774037
3.360151220237745,62.59584813914344
3.360259331675579,62.602842183994014
3.3604548097031532,62.60983361375958
3.360812382706335,62.616822429906534
3.3609428535936114,62.623808633900204
3.36122059270705,62.63079222720478
3.361400085160222,62.63777321128339
3.361403509211761,62.64475158759806
3.3614175834288567,62.65172735760971
3.3615760021501218,62.65172735760971
3.361716078367802,62.65870052277819
3.361750217470041,62.665671084562256
3.362039189448356,62.67263904441956
3.3623320698122257,62.67960440380668
3.362335575208495,62.67960440380668
3.3623426688117544,62.67960440380668
3.362572612623225,62.68656716417911
3.36265827784981,62.69352732699123
3.3626888771606724,62.69352732699123
3.3629211517278765,62.700484893696384
3.3629353643599127,62.700484893696384
3.363055993998637,62.707439865746785
3.3631432270552617,62.71439224459358
3.3631915017012077,62.72134203168685
3.3632807732086554,62.72134203168685
3.3635227788741724,62.72828922847559
3.3635352530146316,62.73523383640768
3.3635985270518267,62.73523383640768
3.3637512163992813,62.74217585692996
3.3640519694059208,62.74911529148818
3.3643125526291056,62.75605214152699
3.364404762434793,62.76298640849004
3.3647836238941617,62.76991809381981
3.3649306930570875,62.77684719895775
3.365148317810116,62.78377372534425
3.3652991685520437,62.7906976744186
3.365703492730405,62.797619047619044
3.3658200345042935,62.80453784638274
3.365855100233749,62.81145407214578
3.365866127857382,62.81145407214578
3.366206901069277,62.81145407214578
3.3663050723869357,62.81836772634318
3.366576025072436,62.825278810408925
3.3673896987919156,62.83218732577588
3.3675005760896752,62.83909327387588
3.3677056398417817,62.83909327387588
3.3678221437019933,62.83909327387588
3.3681481007342184,62.845996656139704
3.3682291138352185,62.852897473997025
3.368454317908332,62.852897473997025
3.368498028434775,62.85979572887651
3.3688647987412104,62.85979572887651
3.36888748782687,62.866691422205726
3.368922479715026,62.87358455541118
3.3691371848632925,62.88047512991833
3.3692324130979454,62.88736314715161
3.3694766630135913,62.88736314715161
3.369855867284809,62.89424860853432
3.3698731889624503,62.90113151548877
3.3700461874080663,62.908011869436194
3.3703705811061755,62.908011869436194
3.370500435948164,62.91488967179677
3.370552720830415,62.92176492398962
3.3706653570469385,62.928637627432806
3.370997044512519,62.928637627432806
3.3710721411612576,62.928637627432806
3.3712422811236817,62.935507783543365
3.371322222278634,62.94237539373726
3.371520886067727,62.94237539373726
3.371693108681707,62.949240459429426
3.371847136595836,62.95610298203371
3.3719677383259112,62.96296296296296
3.372319912143207,62.96296296296296
3.372692581123067,62.969820403628965
3.3727733449067365,62.976675305442434
3.372889171210276,62.983527669813064
3.373250912232635,62.99037749814952
3.373276178843503,62.99037749814952
3.37351913390573,62.99722479185939
3.3735916941101953,63.00406955234924
3.374136443649013,63.01091178102459
3.374394782273453,63.01775147928994
3.374720973425389,63.01775147928994
3.3749819559654672,63.024588648548715
3.375405977691841,63.03142329020333
3.375925573775021,63.03825540565514
3.3759366879772994,63.04508499630451
3.376291394894577,63.04508499630451
3.3765529371886753,63.05191206355071
3.3767025047468486,63.05191206355071
3.376945339526725,63.05873660879202
3.3771562079713267,63.06555863342567
3.377529379883183,63.07237813884786
3.377539989242725,63.079195126453754
3.377815773045463,63.079195126453754
3.3779339249285703,63.079195126453754
3.378414958794054,63.086009597637506
3.3784371206451658,63.09282155379221
3.3784547554898725,63.09963099630996
3.378507985160646,63.09963099630996
3.378936183845717,63.10643792658182
3.379769142683323,63.10643792658182
3.3798664977469572,63.11324234599779
3.3799547842107662,63.120044255946894
3.3799687336746578,63.12684365781711
3.3803809038192885,63.133640552995395
3.3804696709579534,63.14043494286767
3.380598962235272,63.14722682881887
3.3806918186269534,63.14722682881887
3.3806925475730645,63.14722682881887
3.3811536144338414,63.15401621223287
3.3812959093870005,63.15401621223287
3.381319107155801,63.15401621223287
3.3813266305781777,63.160803094492536
3.381444927034362,63.16758747697975
3.3815882142459674,63.174369361075314
3.381596303588548,63.18114874815905
3.3821468050253105,63.18792563960979
3.3822848491452593,63.194700036805294
3.382600488407706,63.20147194112236
3.3828829039387265,63.20147194112236
3.382965642198974,63.20824135393672
3.3835880422741367,63.20824135393672
3.3836705779019405,63.20824135393672
3.384508944227076,63.21500827662314
3.38470073307443,63.22177271055535
3.385079412521377,63.22853465710608
3.3853040775773895,63.23529411764706
3.385487573466926,63.23529411764706
3.385752004419593,63.24205109354898
3.3858431818052184,63.248805586181554
3.386163357634212,63.25555759691347
3.3863140671468575,63.25555759691347
3.3863867920488215,63.25555759691347
3.3865728036157794,63.262307127112415
3.3866270867954333,63.26905417814509
3.38684401597179,63.27579875137715
3.38692160207422,63.282540848173305
3.3869936737175492,63.289280469897214
3.387521555195252,63.289280469897214
3.3875820600038784,63.296017617911545
3.387649001388684,63.30275229357798
3.3878732744437325,63.3094844982572
3.3880734830970725,63.31621423330888
3.3880736666322764,63.32294150009169
3.388491255707447,63.32294150009169
3.388527508526187,63.32294150009169
3.3886658874967153,63.32966629996333
3.3887159289121263,63.336388634280475
3.3887254995292837,63.34310850439883
3.3887862148254997,63.349825911673086
3.389285598857347,63.35654085745694
3.3898340993661606,63.36325334310313
3.3901190547176796,63.369963369963365
3.3902111249336895,63.37667093938839
3.3903007816029507,63.38337605272793
3.390402565781625,63.38337605272793
3.3908392976205475,63.38337605272793
3.391009909344813,63.390078711330766
3.391012251944995,63.39677891654466
3.3912335869652317,63.403476669716376
3.3912771078508985,63.41017197219173
3.3913020913842837,63.41017197219173
3.391327342285953,63.416864825315535
3.3915177163340284,63.416864825315535
3.3916504558516443,63.4235552304316
3.3916681763199317,63.4302431888828
3.3919582432265525,63.43692870201097
3.392437123505452,63.43692870201097
3.392582384498337,63.443611771157
3.392818987289156,63.450292397660824
3.393245314000773,63.450292397660824
3.3934065337784496,63.45697058286132
3.3934195461204006,63.45697058286132
3.3938278690013544,63.45697058286132
3.3939307542542925,63.45697058286132
3.394063453372732,63.46364632809646
3.3941646451128027,63.4703196347032
3.394357130677962,63.47699050401753
3.3945213425828205,63.48365893737448
3.3945262732360595,63.49032493610807
3.394545001197889,63.49698850155138
3.3946251176352247,63.49698850155138
3.3948683665092574,63.503649635036496
3.395056678838744,63.503649635036496
3.3952207324073895,63.51030833789455
3.3957557031722594,63.51030833789455
3.395961498201223,63.51696461145567
3.3963288357496806,63.52361845704906
3.396376259766779,63.53026987600292
3.396792028608677,63.53691886964449
3.3972590789997694,63.54356543930003
3.3973158961120498,63.55020958629488
3.397691917164709,63.55685131195335
3.3977667295642133,63.56349061759884
3.39790311394135,63.56349061759884
3.3980150051459117,63.56349061759884
3.3983829246455595,63.56349061759884
3.3984009640841095,63.56349061759884
3.3986655613293526,63.57012750455373
3.398714138478216,63.57676197413951
3.3989541814789623,63.58339402767662
3.3989589782549374,63.58339402767662
3.3990043699582935,63.59002366648462
3.39909391053846,63.59665089188206
3.3991964506155488,63.60327570518653
3.399344670590932,63.6098981077147
3.399441771360226,63.6098981077147
3.3996980225451185,63.6098981077147
3.400376675537152,63.61651810078225
3.400735127769898,63.61651810078225
3.4013313639928984,63.61651810078225
3.4014290004194545,63.61651810078225
3.401521585232772,63.62313568570389
3.4020490101646192,63.62975086379342
3.402221879272867,63.63636363636363
3.402257740174174,63.64297400472642
3.4023486359623285,63.649581970192656
3.402372446412158,63.65618753407233
3.4023765276909366,63.65618753407233
3.4023894338964396,63.662790697674424
3.4024887676281,63.66939146230699
3.402539823847384,63.67598982927716
3.402569455361395,63.682585799891044
3.4026882156045306,63.682585799891044
3.4028205444620627,63.682585799891044
3.402964076932107,63.68917937545389
3.4029700435128754,63.695770557269924
3.4030623363578125,63.695770557269924
3.403106526203097,63.70235934664247
3.4033342709933176,63.70894574487389
3.4033435592356995,63.7155297532656
3.4033674517393355,63.72211137311808
3.4033782999309503,63.72869060573086
3.4034940948972,63.73526745240253
3.4035448378472424,63.73526745240253
3.4035473425631384,63.73526745240253
3.4036054700462057,63.74184191443075
3.403615014578529,63.74184191443075
3.403623918143592,63.748413993112194
3.4037828957464873,63.75498368974266
3.4042110958572707,63.75498368974266
3.4044685870505083,63.76155100561696
3.404470336459451,63.76811594202898
3.4044736170561745,63.76811594202898
3.4044890259980805,63.77467850027168
3.404773524203736,63.781238681637085
3.4048456472246844,63.78779648741626
3.4054597621956346,63.79435191889935
3.40545983159464,63.80090497737556
3.405617801832391,63.80745566413319
3.4065947408248984,63.81400398045957
3.406632876413335,63.8205499276411
3.4066469561482653,63.82709350696329
3.406670555885799,63.82709350696329
3.407003021724351,63.82709350696329
3.4070095715561064,63.82709350696329
3.4070119947646162,63.83363471971067
3.407012081774108,63.84017356716688
3.4072761834937526,63.84671005061461
3.407423825492384,63.85324417133562
3.407563718269401,63.85977593061077
3.4075719889270526,63.85977593061077
3.407590279449483,63.866305329719964
3.407662837377566,63.8728323699422
3.4080852107945594,63.8728323699422
3.4081032730078014,63.87935705255554
3.4081188376071867,63.88587937883713
3.408160023544179,63.89239935006319
3.4084949219600906,63.898916967509024
3.4087878018609294,63.90543223244901
3.4089017759443005,63.90543223244901
3.4089163413281356,63.911945146156626
3.4090629269278088,63.918455709904386
3.409079939602088,63.924963924963926
3.4093656558431458,63.924963924963926
3.409578041909407,63.93146979260595
3.4096971050293288,63.93797331410025
3.41056598682078,63.9444744907157
3.4109496291159562,63.95097332372026
3.411067768026838,63.95746981438097
3.4113510048871487,63.96396396396396
3.4114479246515197,63.97045577373446
3.4116861984626143,63.976945244956774
3.41235074728163,63.976945244956774
3.4125243774144467,63.976945244956774
3.4126225609751164,63.98343237889429
3.4127759231439736,63.98343237889429
3.412796694596024,63.989917176809506
3.4129710389080232,63.996399639964
3.4130932390756534,64.00287976961843
3.413285876370881,64.00935756703258
3.413722238982484,64.01583303346527
3.4137383379998054,64.02230617017449
3.4138555686905563,64.02877697841727
3.4138658172374994,64.02877697841727
3.413961993834011,64.03524545944974
3.414241455666326,64.04171161452716
3.414400992440608,64.04817544490383
3.414534746874648,64.05463695183322
3.4146173763340295,64.05463695183322
3.414768675066742,64.05463695183322
3.415004995505256,64.06109613656783
3.4150442909039196,64.06109613656783
3.4150833631441797,64.06755300035933
3.4153440410063367,64.07400754445841
3.4154806130151014,64.08045977011494
3.4155881466849736,64.08690967857784
3.4158038613039343,64.08690967857784
3.4161160916244793,64.08690967857784
3.416293215525939,64.09335727109516
3.416349205529684,64.09980254891401
3.416522125756059,64.1062455132807
3.4166777812239455,64.11268616544051
3.4166961854332483,64.11268616544051
3.4167779496290542,64.11912450663796
3.4168826965149233,64.12556053811659
3.4173692759114793,64.13199426111909
3.4181226319803972,64.13842567688721
3.418145783515903,64.14485478666188
3.418293858162494,64.1512815916831
3.4183034693137846,64.15770609318996
3.418478209752716,64.15770609318996
3.4184926719451143,64.15770609318996
3.4185653216735292,64.16412829242071
3.4188333572459366,64.16412829242071
3.418841516628468,64.16412829242071
3.4190665776549225,64.17054819061269
3.4195241347648797,64.17696578900232
3.419534748769724,64.17696578900232
3.419720463098748,64.17696578900232
3.4197385635901556,64.18338108882521
3.4198700545990968,64.18979409131602
3.419997018520955,64.19620479770856
3.420074839313277,64.20261320923572
3.4200805297976915,64.20901932712957
3.4200848870724063,64.20901932712957
3.4201122321942887,64.21542315262123
3.420201569044811,64.21542315262123
3.4214503257431232,64.22182468694096
3.4215015063171013,64.22822393131818
3.4221145840503557,64.2346208869814
3.4223621159777196,64.2346208869814
3.4226397201037564,64.24101555515823
3.4227664493055356,64.24740793707544
3.4232069760357406,64.25379803395889
3.423260347454973,64.25379803395889
3.423696713973715,64.25379803395889
3.4237513438625258,64.2601858470336
3.423834696471714,64.26657137752368
3.423954195267115,64.27295462665238
3.424216081805683,64.27933559564208
3.4244817572675643,64.27933559564208
3.424612421991849,64.28571428571429
3.4246352530659783,64.28571428571429
3.4247166275609064,64.28571428571429
3.424814086324036,64.29209069808964
3.424918870527684,64.29846483398785
3.4251491357872146,64.30483669462788
3.4255201061169758,64.3112062812277
3.4257189954739684,64.3112062812277
3.4257906324244143,64.3112062812277
3.425847682651517,64.31757359500446
3.4260712231986323,64.32393863717446
3.4263744683786035,64.33030140895309
3.4266231796787134,64.33666191155493
3.4266261053199427,64.34302014619362
3.4267521360696183,64.349376114082
3.4269437728243304,64.349376114082
3.4270414990682805,64.349376114082
3.4270432110055165,64.349376114082
3.427072476066376,64.349376114082
3.4271255035541643,64.349376114082
3.427151073776924,64.355729816432
3.4271597013836033,64.36208125445474
3.4271890655567327,64.36843042936042
3.427266835720408,64.37477734235839
3.4273432374294335,64.38112199465716
3.4276184570767625,64.38746438746439
3.427829013452957,64.39380452198684
3.4279719939236992,64.40014239943041
3.42799109485142,64.40014239943041
3.42803308427674,64.40014239943041
3.4281351504280253,64.40647802100018
3.4282235003478645,64.41281138790036
3.4283604207048777,64.41914250133428
3.428787214556146,64.42547136250445
3.4292952649638084,64.43179797261249
3.4296499012033226,64.43812233285917
3.4297425923001907,64.44444444444444
3.42992977849762,64.45076430856737
3.430068310882915,64.45708192642616
3.4306047066595027,64.45708192642616
3.43062609630936,64.4633972992182
3.43075622174248,64.4633972992182
3.43096885295351,64.4633972992182
3.431524359425228,64.4633972992182
3.432300113970135,64.46971042813999
3.432661763886594,64.47602131438721
3.4327161608670513,64.48232995915468
3.432989730153081,64.48863636363636
3.4334290586014027,64.49494052902538
3.433830676662561,64.50124245651402
3.4339151085767217,64.50754214729369
3.4339180086299588,64.513839602555
3.433999715767187,64.52013482348768
3.4342560220554526,64.52013482348768
3.4343930617512233,64.5264278112806
3.434452338360643,64.53271856712183
3.4345679139280327,64.53271856712183
3.4347419971459376,64.53900709219859
3.4349157874604384,64.54529338769723
3.4349688462904204,64.55157745480327
3.4350103766362228,64.55157745480327
3.435110271634052,64.55157745480327
3.4357948424647167,64.5578592947014
3.4359673135215063,64.56413890857547
3.4362946205926894,64.5704162976085
3.436844590248735,64.5704162976085
3.4369090492007968,64.57669146298264
3.436951808381847,64.58296440587922
3.437022603113075,64.58923512747874
3.4371658447178772,64.59550362896088
3.4372611032306426,64.60176991150442
3.4373549060522715,64.60803397628739
3.437919061445974,64.60803397628739
3.4381430749389166,64.60803397628739
3.438266091032751,64.61429582448692
3.4382856329844818,64.61429582448692
3.4387148961816933,64.62055545727932
3.43921370387398,64.62681287584012
3.439327276048692,64.62681287584012
3.4393291345221906,64.62681287584012
3.439445666683175,64.63306808134395
3.4395717520403015,64.63932107496464
3.439639956503261,64.63932107496464
3.4398676041550074,64.63932107496464
3.440078780555739,64.6455718578752
3.440293125023332,64.65182043124778
3.440496084192873,64.65806679625375
3.4406079948530057,64.66431095406361
3.4407120116695906,64.66431095406361
3.441511432417746,64.67055290584702
3.4415472058772365,64.67679265277287
3.4417715489856233,64.68303019600918
3.4420398075676464,64.68926553672316
3.4420930472819826,64.68926553672316
3.442163242954666,64.6954986760812
3.4421916288655283,64.70172961524885
3.44227316310667,64.70795835539086
3.4423244649285984,64.71418489767113
3.4423884319022955,64.71418489767113
3.442399167982133,64.72040924325277
3.4424088022015056,64.72663139329806
3.4424282850899015,64.73285134896844
3.4424834252787635,64.73906911142454
3.4429255268934598,64.74528468182619
3.443065438840713,64.74528468182619
3.4431061287151246,64.74528468182619
3.4435846687503138,64.75149806133238
3.4439484415748565,64.75770925110133
3.4441190683131477,64.76391825229034
3.4442477408615604,64.77012506605601
3.4442722431816692,64.77632969355408
3.4447680298970984,64.77632969355408
3.4448895283289653,64.78253213593943
3.445130091790744,64.78253213593943
3.4451419503536522,64.7887323943662
3.4452662958691804,64.79493046998768
3.4454486249239573,64.79493046998768
3.4459576006466204,64.80112636395636
3.446097881612458,64.8073200774239
3.4463129944847255,64.81351161154116
3.4463152648246544,64.81970096745823
3.4463592455397625,64.81970096745823
3.4464163394405594,64.8258881463243
3.4470032439409652,64.83207314928785
3.4471343509859818,64.83825597749649
3.447738605012502,64.83825597749649
3.447994925152109,64.84443663209703
3.448036897806305,64.84443663209703
3.448373992402051,64.8506151142355
3.4486166905230915,64.8506151142355
3.4487467189064844,64.8567914250571
3.4488948451127786,64.8567914250571
3.4491367263183443,64.8567914250571
3.449137561076592,64.86296556570625
3.4492071297331868,64.86296556570625
3.4492548706535318,64.86296556570625
3.4492933455890125,64.86913753732654
3.4494950154582984,64.87530734106076
3.4495339292109866,64.88147497805092
3.4495394521386538,64.8876404494382
3.449660125966087,64.893803756363
3.4497347681910524,64.893803756363
3.4497791444204244,64.8999648999649
3.4498771075913073,64.9061238813827
3.4499586500043873,64.9061238813827
3.4499624614171567,64.91228070175438
3.4499908196148237,64.91843536221715
3.4499920924425824,64.9245878639074
3.450008311298933,64.93073820796073
3.45002794087989,64.93073820796073
3.4503573951642057,64.93688639551192
3.450756688495867,64.943032427695
3.451444647296349,64.94917630564319
3.4514938258815393,64.94917630564319
3.451812771059667,64.95531803048887
3.4518566584020958,64.9614576033637
3.4519128590250254,64.9675950253985
3.452308108276638,64.97373029772329
3.452322295347243,64.97986342146734
3.4523977981581244,64.97986342146734
3.4525739448095676,64.9859943977591
3.45286373517647,64.9859943977591
3.452912584730855,64.99212322772624
3.4530170128569786,64.99824991249562
3.4531378298896382,64.99824991249562
3.453206748392492,65.00437445319335
3.453565995414747,65.00437445319335
3.4537014088577593,65.01049685094472
3.4538986783677537,65.01661710687424
3.454139219674364,65.02273522210564
3.4542735106776674,65.02885119776185
3.4544812745145483,65.03496503496503
3.454497594092318,65.04107673483657
3.4557219154374033,65.04718629849702
3.4560303713883798,65.05329372706622
3.456122852645464,65.05329372706622
3.456498146547217,65.05939902166318
3.456614550020142,65.06550218340611
3.457074491737354,65.06550218340611
3.4571381339637335,65.06550218340611
3.457487697082702,65.06550218340611
3.4576365691125988,65.0716032134125
3.4576666020029916,65.0716032134125
3.457932414920976,65.07770211279902
3.457940879319801,65.08379888268156
3.4579535920795754,65.08989352417525
3.4581078571951682,65.08989352417525
3.4582152490979814,65.09598603839441
3.458276149311442,65.10207642645263
3.4583171568294544,65.10207642645263
3.4583334500937943,65.10207642645263
3.4584020962830406,65.10816468946267
3.4589131544809337,65.11425082853654
3.459001939704042,65.11425082853654
3.459170351503625,65.12033484478549
3.4592971141604183,65.12641673931996
3.4594217446522544,65.13249651324965
3.459561937737277,65.13249651324965
3.460359091507685,65.13249651324965
3.460663515844077,65.13857416768346
3.460709954978441,65.13857416768346
3.460787724747744,65.14464970372951
3.4610293058793524,65.15072312249521
3.461035497904359,65.1567944250871
3.4610702916429728,65.16286361261105
3.461077097120975,65.16893068617206
3.4611279457865898,65.17499564687445
3.4614938894044176,65.18105849582173
3.461707392425145,65.18711923411662
3.46175213645657,65.19317786286112
3.4620220915726048,65.19923438315644
3.4622001648760032,65.20528879610299
3.462413045405676,65.21134110280049
3.4627319533720198,65.21739130434783
3.4631661127019377,65.22343940184315
3.46329258969579,65.22948539638386
3.4633540872332826,65.23552928906658
3.4634649701313966,65.23552928906658
3.463496914765941,65.24157108098714
3.463546401151372,65.24761077324067
3.4637586934222058,65.24761077324067
3.463806764393722,65.24761077324067
3.463852911584607,65.25364836692147
3.4640638993025954,65.25968386312316
3.4641102754379314,65.25968386312316
3.464145037987786,65.25968386312316
3.464146208767508,65.26571726293852
3.464428277566745,65.27174856745962
3.4648901627799567,65.27174856745962
3.465057863746591,65.27174856745962
3.465249052959098,65.27777777777779
3.4652694332537037,65.2838048949835
3.465693528432654,65.28982992016661
3.4657261476652277,65.2958528544161
3.4657278683915314,65.30187369882027
3.4657286120845585,65.30187369882027
3.465793010815368,65.30789245446661
3.4658655555227433,65.3139091224419
3.4659154139711212,65.31992370383215
3.4660828997013944,65.3259361997226
3.4662218187977194,65.33194661119778
3.4662272087545225,65.33795493934143
3.4663841002630487,65.33795493934143
3.466485543869149,65.34396118523654
3.4665074329438217,65.34996534996536
3.46680079679991,65.35596743460938
3.4669896494791974,65.36196744024939
3.467306021031133,65.36796536796537
3.4675418397225077,65.36796536796537
3.4676047471655673,65.37396121883657
3.467740899564086,65.37396121883657
3.4679858086158952,65.3799549939415
3.468044297687208,65.3799549939415
3.468691726285624,65.38594669435791
3.4687548620353974,65.39193632116283
3.4688428038790833,65.39792387543253
3.4688655017788372,65.40390935824252
3.469717984669977,65.40989277066758
3.4700047393506277,65.40989277066758
3.47005515569638,65.41587411378177
3.47042566761929,65.42185338865836
3.4710215502704527,65.42783059636992
3.471402151262191,65.43380573798825
3.4714137134360623,65.43977881458441
3.471656875060645,65.43977881458441
3.4718883726471597,65.43977881458441
3.4721870998711664,65.44574982722875
3.472230116140155,65.45171877699084
3.47229254882979,65.45768566493955
3.472436154085219,65.46365049214297
3.4726081756967715,65.4696132596685
3.47292130655714,65.4696132596685
3.4729256487596527,65.47557396858276
3.4732446701179764,65.48153261995168
3.4734518317910266,65.48153261995168
3.473580437818705,65.48748921484038
3.474033706487433,65.48748921484038
3.474048382285848,65.49344375431332
3.47405691791541,65.49344375431332
3.4740868795152404,65.49344375431332
3.474674779124362,65.49344375431332
3.4748100390871945,65.49939623943419
3.474821865694544,65.50534667126595
3.4749234060484593,65.51129505087084
3.475037487914698,65.51129505087084
3.4750907166618608,65.51129505087084
3.475256677995588,65.51129505087084
3.475339366202635,65.51129505087084
3.4754274895760626,65.51129505087084
3.4754762556993075,65.51724137931035
3.475570316947851,65.52318565764523
3.4759482916538853,65.52318565764523
3.4761632246899183,65.52912788693554
3.4762116463795816,65.53506806824056
3.476279188204283,65.54100620261887
3.476333589335047,65.54694229112835
3.476386028429304,65.55287633482604
3.4766023605322918,65.55880833476839
3.4768624595390367,65.56473829201101
3.4776082841602403,65.56473829201101
3.477663889402684,65.56473829201101
3.4777990648247976,65.56473829201101
3.4783023768402503,65.57066620760888
3.478473729057333,65.57659208261619
3.478594695172421,65.58251591808639
3.4792016170402738,65.58843771507227
3.4793220299206133,65.58843771507227
3.479359023180182,65.58843771507227
3.4796628196074044,65.59435747462584
3.479714256671424,65.59435747462584
3.479735644471363,65.60027519779842
3.479858614054092,65.60619088564059
3.480049426676377,65.60619088564059
3.4801420398769816,65.61210453920219
3.480148737697001,65.61210453920219
3.4802935536295454,65.6180161595324
3.4803251879825803,65.6239257476796
3.480521312627488,65.62983330469153
3.48063421837915,65.63573883161511
3.4807728964202633,65.64164232949665
3.481072591915539,65.64754379938165
3.48146380206377,65.64754379938165
3.4816136969227833,65.65344324231496
3.4817158980955405,65.65934065934066
3.4819152600157537,65.66523605150213
3.482003624494901,65.66523605150213
3.482331887690305,65.67112941984209
3.4823907856183918,65.67112941984209
3.4824709474568207,65.67702076540243
3.4826934175321123,65.68291008922444
3.4828207692694693,65.68291008922444
3.482822726694564,65.68291008922444
3.4829666365058194,65.68291008922444
3.483096165498176,65.68291008922444
3.4831632461237865,65.68291008922444
3.4835261145967684,65.68879739234859
3.4836475051371063,65.69468267581475
3.483785832506379,65.69468267581475
3.4839991058560815,65.69468267581475
3.484198286136958,65.70056594066199
3.484404819602405,65.70056594066199
3.4844683190952583,65.70644718792867
3.485254060197215,65.7123264186525
3.4853184061488425,65.71820363387042
3.4853842143388882,65.72407883461868
3.485556756236623,65.72995202193283
3.4856154329476614,65.7358231968477
3.48562930552936,65.7416923603974
3.4857846850277987,65.7416923603974
3.4858232899577906,65.74755951361536
3.486089205432584,65.75342465753424
3.4861002120989864,65.75928779318609
3.486595377857637,65.75928779318609
3.4868217785865943,65.76514892160219
3.4870544440749414,65.77100804381311
3.487113933424318,65.77686516084873
3.487289227743987,65.78272027373824
3.487953156113622,65.7885733835101
3.4880470332072306,65.79442449119206
3.4881505077320614,65.80027359781123
3.4883930644454826,65.8061207043939
3.4884038695466257,65.8061207043939
3.488570504642745,65.8119658119658
3.4887414335479607,65.81780892155187
3.488930040683901,65.82365003417635
3.4891432719811752,65.82948915086281
3.489367848176821,65.83532627263409
3.4894697454109465,65.83532627263409
3.489541793111446,65.84116140051238
3.490228146814595,65.84699453551912
3.490615248044123,65.85282567867509
3.490700160098748,65.85865483100034
3.491533291794082,65.86448199351426
3.491554086497743,65.86448199351426
3.492195532952137,65.8703071672355
3.4922908687294356,65.8703071672355
3.4925712541156226,65.8703071672355
3.49314496625382,65.8703071672355
3.4932564969241477,65.87613035318205
3.493662618723534,65.8819515523712
3.4941202853789797,65.88777076581954
3.4941851585688695,65.89358799454298
3.494192875178402,65.8994032395567
3.4942753227354495,65.9052165018752
3.4946359232809523,65.91102778251235
3.494871432274816,65.91102778251235
3.4949237516359712,65.91102778251235
3.4950888851008934,65.91102778251235
3.495290557878114,65.91683708248125
3.495925998709528,65.92264440279433
3.4959278014996498,65.92264440279433
3.496042775870496,65.92844974446336
3.4962987235509786,65.9342531084994
3.4965872732300074,65.9400544959128
3.4969242934889526,65.9400544959128
3.49709678356347,65.94585390771326
3.497135868825619,65.95165134490976
3.4971382775690185,65.95744680851064
3.4971562441255117,65.96324029952349
3.4973118281577906,65.96903181895524
3.4973166450619484,65.97482136781218
3.4974863069257633,65.98060894709985
3.4976052829699555,65.98060894709985
3.4976244600102557,65.98639455782312
3.4976835752286526,65.99217820098623
3.4977359594377075,65.99217820098623
3.4980932759576517,65.99795987759266
3.4983070243344607,66.00373958864525
3.498397893906557,66.00373958864525
3.498689672103674,66.00951733514616
3.498746607729394,66.01529311809685
3.499279157826881,66.02106693849812
3.499307300198192,66.02106693849812
3.4994615810936827,66.02106693849812
3.499627722506528,66.0268387973501
3.499701340035804,66.03260869565217
3.5000452109667246,66.03837663440314
3.5000941145790967,66.04414261460101
3.5000967952444406,66.04990663724325
3.500295275181322,66.04990663724325
3.5005535423463177,66.04990663724325
3.501049660386646,66.05566870332655
3.5013576465180707,66.05566870332655
3.501427283964436,66.06142881384693
3.5014631342975573,66.06718696979979
3.5016024837526705,66.0729431721798
3.501982199932546,66.078697421981
3.5021726480235134,66.078697421981
3.502256394042659,66.08444972019672
3.5027484562860374,66.08444972019672
3.5029701433702187,66.09020006781961
3.5034191804600674,66.09020006781961
3.503451735380501,66.09594846584167
3.5036309239391352,66.10169491525424
3.5037252730113777,66.10743941704796
3.5039563989818263,66.11318197221281
3.5040303511385935,66.1189225817381
3.5040347612699976,66.12466124661248
3.504130280843223,66.12466124661248
3.504511075363061,66.12466124661248
3.5045147543519786,66.13039796782387
3.505027214444617,66.13039796782387
3.505167517964637,66.13613274635964
3.505267440314625,66.14186558320637
3.505319963555555,66.14759647935003
3.5058257637681867,66.14759647935003
3.505899591483713,66.15332543577594
3.5060584720261474,66.15905245346869
3.5061347505504883,66.16477753341228
3.5064828856122294,66.16477753341228
3.506790595027707,66.17050067658998
3.5069909551486287,66.17622188398444
3.5069936987933983,66.18194115657762
3.507223498824219,66.1876584953508
3.5073034491971935,66.19337390128464
3.507716516721113,66.19908737535913
3.5078477873387675,66.20479891855356
3.50833662307547,66.21050853184659
3.5084910906829614,66.21621621621621
3.5085427118471006,66.22192197263975
3.508878256235302,66.22192197263975
3.5089788461620692,66.22192197263975
3.5090387567348285,66.22192197263975
3.5094475372899976,66.2276258020939
3.5095413751754725,66.23332770555461
3.510081399308682,66.23902768399729
3.510532374889571,66.24472573839662
3.5105617601833226,66.25042186972662
3.5106795240589594,66.25611607896069
3.5107430489299114,66.25611607896069
3.5109986114303964,66.26180836707152
3.5109989929354803,66.26749873503121
3.511102514714527,66.27318718381113
3.5112116620171565,66.27887371438206
3.5112776214893984,66.27887371438206
3.5115253279242316,66.27887371438206
3.5117960676507964,66.2845583277141
3.5118321589347214,66.29024102477668
3.512012430386261,66.29024102477668
3.5122935219093194,66.29024102477668
3.5123963649833554,66.29592180653859
3.5125403524558734,66.30160067396798
3.512630605962549,66.30727762803235
3.5132032016305104,66.30727762803235
3.513240377901824,66.3129526696985
3.5133675737026415,66.31862579993265
3.5134227279644126,66.32429701970028
3.513651088680963,66.32996632996633
3.5136798513396488,66.335633731695
3.5137345128296693,66.34129922584988
3.513998492426649,66.3469628133939
3.5141031339195985,66.35262449528938
3.514894934134722,66.35262449528938
3.5150356409236,66.3582842724979
3.515196793749184,66.3582842724979
3.515222869172682,66.3582842724979
3.5152739622841938,66.36394214598049
3.5153209954544415,66.36394214598049
3.5162202035187806,66.36959811669749
3.516426932053321,66.37525218560862
3.5165316007353264,66.38090435367289
3.516542853963139,66.38655462184873
3.5165676395454524,66.38655462184873
3.5167639833213413,66.39220299109392
3.5172842799541377,66.39784946236558
3.5172862691666498,66.39784946236558
3.517570822606932,66.40349403662019
3.5176149383885083,66.40913671481357
3.518548034085562,66.40913671481357
3.518649292246806,66.41477749790093
3.519006390096796,66.4204163868368
3.5191941296950047,66.4204163868368
3.519384191789205,66.42605338257512
3.519466742591259,66.43168848606915
3.5194872064175438,66.43168848606915
3.5197280603213996,66.43732169827152
3.5199143627738105,66.44295302013423
3.520075359322953,66.44858245260862
3.520086545848275,66.44858245260862
3.520109551373612,66.45420999664542
3.520170088172423,66.4598356531947
3.5204547253144085,66.4654594232059
3.520475799674295,66.47108130762783
3.5205241316200153,66.47670130740865
3.5206820771163754,66.47670130740865
3.520913357096827,66.4823194234959
3.520955946818457,66.4823194234959
3.520967945859334,66.48793565683646
3.521022107270735,66.49355000837662
3.5213959101609147,66.49916247906198
3.5214229002450117,66.50477306983755
3.5214352901424077,66.50477306983755
3.521517376129947,66.51038178164768
3.5217470485268656,66.51038178164768
3.521841666473224,66.51038178164768
3.5221224361127956,66.51598861543613
3.52212922841971,66.52159357214596
3.5223831467692786,66.52719665271967
3.5224316737539216,66.53279785809906
3.522583292874845,66.53839718922536
3.522889453662911,66.54399464703914
3.523268002143437,66.54959023248036
3.5235025608710386,66.54959023248036
3.5235577988718387,66.5551839464883
3.52355814244017,66.5551839464883
3.5235683705978333,66.56077579000167
3.523612196501699,66.56636576395854
3.523716566021322,66.56636576395854
3.523904420924184,66.56636576395854
3.5239097892571136,66.57195386929634
3.523959222499393,66.57754010695187
3.524055986596796,66.58312447786132
3.5244928760028116,66.58870698296025
3.5245125103174813,66.59428762318356
3.5246214664229756,66.5998663994656
3.524727750330785,66.60544331274002
3.524810438207111,66.6110183639399
3.525681074559286,66.6110183639399
3.5256911428751647,66.61659155399767
3.525933008788696,66.62216288384512
3.526556759449556,66.62773235441348
3.5268638077065617,66.62773235441348
3.5271993182578245,66.62773235441348
3.527242198516873,66.62773235441348
3.527274430847431,66.6332999666333
3.527724510808754,66.63886572143453
3.5282006198537177,66.64442961974649
3.528256327935481,66.64999166249792
3.528404664525728,66.65555185061687
3.528497331850407,66.66111018503084
3.528711673839757,66.66111018503084
3.528827223598857,66.66666666666666
3.5289085678986583,66.6722212964506
3.5289955497002397,66.67777407530822
3.529524019720237,66.68332500416459
3.529703799214811,66.68887408394404
3.5299098611428823,66.69442131557037
3.529993179210409,66.69442131557037
3.5300750951774256,66.6999666999667
3.5305423915337752,66.7055102380556
3.5305530188134657,66.711051930759
3.5305873291812424,66.71659177899816
3.5306822499169934,66.71659177899816
3.530798717702292,66.71659177899816
3.530806350435298,66.72212978369384
3.530850720375543,66.72766594576609
3.531084293874103,66.73320026613439
3.531343762000151,66.73873274571761
3.5314435489628972,66.74426338543398
3.531542058078402,66.74979218620116
3.531544688594331,66.75531914893617
3.531626759142778,66.76084427455542
3.532081755745514,66.76084427455542
3.5322069998916588,66.76084427455542
3.5324863616432967,66.76636756397474
3.532527187976319,66.77188901810932
3.5325720753313683,66.77740863787376
3.5326691758443998,66.78292642418204
3.532719109064338,66.78844237794752
3.5327747887293226,66.79395650008301
3.5329708976686085,66.79946879150066
3.533257041064858,66.79946879150066
3.533319475744911,66.79946879150066
3.5334772334090423,66.80497925311202
3.5335094204182087,66.81048788582807
3.533571358544384,66.81599469055915
3.5336720708150002,66.821499668215
3.533841765116962,66.821499668215
3.5339233477181153,66.82700281970476
3.5342488187645107,66.83250414593698
3.5342539346558546,66.83250414593698
3.5347257692103056,66.8380036478196
3.53549139136062,66.84350132625994
3.5355083984173272,66.84350132625994
3.5355456184008296,66.84350132625994
3.535659737543722,66.84350132625994
3.535706870893642,66.84899718216477
3.536189456568533,66.85449121644017
3.536497092128396,66.85449121644017
3.536689990365641,66.85449121644017
3.537354105440957,66.85998342999171
3.537623701648237,66.85998342999171
3.5378496200852854,66.86547382372432
3.5378696608346307,66.86547382372432
3.5379593375238083,66.87096239854232
3.538040928918631,66.87096239854232
3.5383664123106042,66.87644915534945
3.5385969952762406,66.88193409504885
3.5390016958263164,66.88741721854305
3.5394730265526673,66.89289852673397
3.5396408754715343,66.89837802052301
3.540052992233065,66.90385570081085
3.5400710602015106,66.90933156849769
3.5400864193906263,66.91480562448304
3.5401560962111205,66.91480562448304
3.5404521763543535,66.9202778696659
3.540622420435885,66.9257483049446
3.54092858659095,66.93121693121694
3.541105087303348,66.93668374938007
3.5411543124486706,66.94214876033058
3.5412566242985144,66.94761196496447
3.5412813441104625,66.94761196496447
3.5413622783231964,66.95307336417713
3.5414398145226635,66.95853295886337
3.541702391955534,66.96399074991741
3.541811111890413,66.96399074991741
3.54189194958999,66.96399074991741
3.542230845419744,66.96944673823286
3.542778387549926,66.97490092470278
3.542843056929074,66.98035331021957
3.5430496498975925,66.98580389567515
3.5431345579373557,66.99125268196072
3.5432853107025726,66.996699669967
3.5435757927798135,67.00214486058407
3.543821377442536,67.00214486058407
3.543958508698737,67.00214486058407
3.5440544013322266,67.00758825470142
3.5443842165397275,67.01302985320798
3.5444257735807687,67.01846965699208
3.544426503932194,67.02390766694147
3.544485105424439,67.0293438839433
3.544532014739093,67.03477830888413
3.5445374145697914,67.04021094264996
3.5446988357206757,67.04564178612623
3.544819491279233,67.04564178612623
3.544868429022703,67.04564178612623
3.545069874929026,67.0510708401977
3.5458322616264897,67.0510708401977
3.5460495073321856,67.0510708401977
3.5461501422865074,67.05649810574864
3.546257666768735,67.06192358366272
3.5462669556768702,67.06192358366272
3.5464803144669608,67.06734727482299
3.546583248785853,67.07276918011196
3.546650212006884,67.07818930041152
3.5471310141052728,67.07818930041152
3.5473302045853634,67.08360763660302
3.5473386189811293,67.08360763660302
3.547594841805524,67.08902418956723
3.5476005327356996,67.08902418956723
3.547757887140388,67.09443896018426
3.547846861616592,67.09443896018426
3.5482543010730034,67.09985194933378
3.5484151259383294,67.10526315789474
3.548460651059821,67.11067258674561
3.548711298725489,67.11067258674561
3.5487383550759724,67.11608023676422
3.548746401076475,67.12148610882788
3.5488145447920125,67.12148610882788
3.5488701254095636,67.12689020381329
3.549212833621186,67.12689020381329
3.5492705002035896,67.13229252259654
3.54929938908744,67.13769306605325
3.549560241242273,67.14309183505833
3.5500295486417093,67.1484888304862
3.5500616832498295,67.15388405321072
3.550090472318456,67.15927750410509
3.5504697829806364,67.15927750410509
3.550498493450978,67.16466918404203
3.5505875871054164,67.17005909389363
3.550943183940457,67.17544723453143
3.551158348906113,67.18083360682638
3.5513631744617347,67.18621821164889
3.5514215158255134,67.19160104986877
3.5514429262514264,67.19160104986877
3.5514453051950867,67.19698212235525
3.551644610266318,67.20236142997705
3.5520283529633696,67.20773897360223
3.5521623634186072,67.20773897360223
3.552188629495169,67.20773897360223
3.552266408824466,67.20773897360223
3.552482545969269,67.21311475409836
3.5526064870100655,67.21311475409836
3.5532229603249714,67.2184887723324
3.553302944707613,67.22386102917076
3.553478054368084,67.22923152547928
3.5536796946040834,67.2346002621232
3.5537516715524857,67.23996723996723
3.5538268653516956,67.24533245987553
3.553926653981967,67.24533245987553
3.5541059123079948,67.24533245987553
3.5541451940600326,67.25069592271164
3.5541964099800913,67.25069592271164
3.5552126572256477,67.25605762933857
3.55530833283089,67.25605762933857
3.5553949753272933,67.26141758061875
3.555414749706466,67.26677577741408
3.5554501365472424,67.26677577741408
3.5555262292623193,67.27213222058583
3.5557121031631733,67.27748691099477
3.5560879516732804,67.27748691099477
3.556157459295336,67.28283984950106
3.5565916952169006,67.28819103696434
3.556622779724251,67.28819103696434
3.5568678418345443,67.28819103696434
3.5570123216968574,67.29354047424366
3.557163529698847,67.29888816219751
3.557221078245842,67.30423410168383
3.5574170578030557,67.30423410168383
3.557499339781019,67.30957829356
3.557516843224296,67.30957829356
3.557546123112654,67.31492073868279
3.5577944794403096,67.3202614379085
3.5579228506495193,67.3256003920928
3.558232627016543,67.33093760209083
3.558349429347924,67.33627306875715
3.558482872976668,67.34160679294578
3.5585100326457346,67.3469387755102
3.5588836418047154,67.3469387755102
3.5591028364411126,67.3469387755102
3.5591070254105506,67.3522690173033
3.5591367087971757,67.3522690173033
3.5592583572299676,67.35759751917742
3.5594186835058466,67.36292428198433
3.559455165792093,67.36824930657531
3.5594733885970866,67.37357259380097
3.5596505174951787,67.3788941445115
3.559679509573262,67.38421395955643
3.5598007119336463,67.38421395955643
3.559905429800635,67.38421395955643
3.5604547087696035,67.38421395955643
3.561110945308764,67.38421395955643
3.5614639010298896,67.38953203978477
3.5616868453840893,67.38953203978477
3.5618207416367667,67.394848386045
3.561935980014732,67.40016299918501
3.5619735885872585,67.40547588005215
3.5622560602336186,67.41078702949324
3.5624036986462246,67.41609644835451
3.5624268732016673,67.42140413748167
3.562568234418608,67.42671009771986
3.5626749742825248,67.4320143299137
3.5629333707763884,67.43731683490721
3.5630457285585218,67.44261761354387
3.563485429238586,67.44791666666666
3.563592165136775,67.45321399511798
3.563665758450828,67.45850959973967
3.563823681672071,67.46380348137303
3.5639139730826486,67.46380348137303
3.564000161713219,67.46909564085881
3.5640685855462526,67.47438607903725
3.5646004545112517,67.47438607903725
3.5647605962269036,67.47967479674797
3.5649507858053315,67.48496179483011
3.5650373362668897,67.48496179483011
3.565056971014327,67.49024707412224
3.565134657718987,67.49553063546237
3.5652113887052743,67.50081247968801
3.565330827267028,67.50609260763608
3.56540201926404,67.50609260763608
3.565561501291865,67.50609260763608
3.565776513835204,67.51137102014295
3.5658556342392003,67.51137102014295
3.566121513700323,67.51137102014295
3.566151553453794,67.5166477180445
3.566177064013436,67.52192270217603
3.5662483014136765,67.5271959733723
3.5664517743420157,67.53246753246754
3.5664656005424846,67.5377373802954
3.5666937557999994,67.54300551768905
3.5671928357809866,67.5482719454811
3.567368088412834,67.55353666450357
3.5675602417817323,67.55353666450357
3.5677174177966573,67.558799675588
3.5678354022654832,67.56406097956535
3.5680246155189947,67.56932057726608
3.568121145665554,67.5745784695201
3.568142967377394,67.57983465715675
3.568307628861682,67.57983465715675
3.5683765366833455,67.58508914100486
3.568384947351195,67.58508914100486
3.569180588842687,67.59034192189273
3.5693703216165535,67.59034192189273
3.5693848749442667,67.59034192189273
3.5693942775525134,67.5955930006481
3.56940125473941,67.5955930006481
3.569597921080411,67.60084237809816
3.5697453708969733,67.60609005506964
3.5698702491656387,67.61133603238866
3.570164843396949,67.61658031088082
3.570519466354622,67.61658031088082
3.5706680311931045,67.61658031088082
3.570770342178242,67.61658031088082
3.5707729233545793,67.62182289137122
3.5708211617894765,67.62182289137122
3.5708601125968884,67.62706377468436
3.57093847577311,67.63230296164427
3.5709796196748753,67.63754045307444
3.5710030064288794,67.64277624979776
3.571005233504104,67.64801035263669
3.571007467496156,67.65324276241307
3.571009386483863,67.65324276241307
3.571086039745525,67.65847347994826
3.571242757112625,67.65847347994826
3.5712803090776233,67.66370250606305
3.5715996594351296,67.66892984157775
3.5717765226304867,67.66892984157775
3.571964226238708,67.6741554873121
3.5720076966648504,67.67937944408533
3.5721993719092375,67.6846017127161
3.5723620134266105,67.68982229402262
3.572564914258488,67.68982229402262
3.5726533862766487,67.68982229402262
3.5726747417047857,67.69504118882249
3.5726884116953603,67.69504118882249
3.5728485366270095,67.70025839793283
3.5728723791872947,67.70547392217019
3.5734779057661084,67.71068776235066
3.5735716443773953,67.71068776235066
3.5736071310548883,67.71589991928974
3.5738274837185218,67.72111039380245
3.5738300709534347,67.72111039380245
3.5741749288008258,67.72631918670325
3.574412781014367,67.72631918670325
3.57482128556715,67.73152629880606
3.5748524809635036,67.73673173092433
3.575131152779797,67.74193548387096
3.575150982308876,67.74713755845832
3.575224870097306,67.75233795549823
3.5754273585228438,67.75233795549823
3.5754387229723443,67.75753667580203
3.575564615744557,67.75753667580203
3.575606095390105,67.76273372018052
3.575795593318257,67.767929089444
3.575918928159237,67.77312278440219
3.575980826945001,67.77831480586435
3.5760829425085197,67.77831480586435
3.5761660661100216,67.78350515463917
3.576408796262977,67.78350515463917
3.5764908287073167,67.78869383153487
3.576619633282434,67.7938808373591
3.5767843195897084,67.7938808373591
3.577202855790505,67.7938808373591
3.5772735687289856,67.79906617291901
3.577400591094115,67.80424983902125
3.5776159877721834,67.80943183647192
3.5777525965962944,67.80943183647192
3.5782634468514356,67.8146121660766
3.578300903703402,67.8197908286404
3.578481663765241,67.8197908286404
3.5785062954724287,67.8197908286404
3.5786865039406965,67.8197908286404
3.578764248063731,67.82496782496783
3.578838793618832,67.82496782496783
3.5788408955783457,67.83014315586296
3.578857644188136,67.83014315586296
3.5789175528679364,67.83014315586296
3.5790938690401224,67.8353168221293
3.579097365879917,67.84048882456986
3.579134515382593,67.84048882456986
3.5792365991832686,67.84565916398714
3.5793464767681504,67.85082784118309
3.579433303252969,67.85599485695919
3.5797811162940225,67.85599485695919
3.579848984826709,67.86116021211635
3.580196984688593,67.86632390745501
3.5807996406710347,67.86632390745501
3.581059243614652,67.86632390745501
3.5811334144281495,67.8714859437751
3.5815487463612365,67.876646321876
3.5817031437191647,67.876646321876
3.581710788523883,67.8818050425566
3.5817160156390533,67.88696210661529
3.5817601947643687,67.89211751484989
3.582130330115523,67.89727126805778
3.5824811151055496,67.9024233670358
3.5827032663403733,67.90757381258024
3.5829931935363724,67.91272260548692
3.583111164235146,67.91272260548692
3.583183357117978,67.91786974655118
3.5837191232760826,67.92301523656776
3.584066023494812,67.92815907633099
3.584067546814936,67.9333012666346
3.584265417753687,67.93844180827188
3.584418361833898,67.93844180827188
3.584682529598889,67.94358070203558
3.585146480463295,67.94871794871796
3.585402843290703,67.95385354911072
3.5854680180269027,67.95898750400514
3.585590383334797,67.96411981419189
3.5856416453709747,67.96925048046124
3.5858545545107194,67.96925048046124
3.5860896447393116,67.97437950360288
3.586208839967006,67.97437950360288
3.5863625436081024,67.97950688440602
3.586509569087734,67.98463262365935
3.5865800299379345,67.98975672215109
3.5868005254887625,67.9948791806689
3.5869900025159107,68.0
3.587251226590037,68.00511918093105
3.587427564660694,68.01023672424824
3.5875238584081535,68.01535263073724
3.587930413628037,68.01535263073724
3.5882802076901656,68.02046690118324
3.58832413036639,68.02557953637091
3.588527206596887,68.02557953637091
3.5886384803125893,68.03069053708441
3.588987337671016,68.03579990410739
3.589254213832932,68.04090763822308
3.5896017543723606,68.0460137402141
3.589690356886947,68.05111821086261
3.5896904504842797,68.05622105095033
3.589736666359364,68.05622105095033
3.5897606836475724,68.05622105095033
3.59011686035589,68.06132226125838
3.5901617785345716,68.06132226125838
3.5901812316626627,68.06132226125838
3.590270570594939,68.06642184256746
3.590308662352976,68.07151979565774
3.590496231756912,68.07661612130886
3.590740193689201,68.07661612130886
3.5907608613520914,68.08171082030003
3.5907968073678544,68.08171082030003
3.5908790720328625,68.08680389340992
3.5909855743312913,68.09189534141672
3.591041566030261,68.0969851650981
3.591294774027662,68.10207336523126
3.5913049638198364,68.10207336523126
3.5914811232313757,68.10207336523126
3.5916963595713107,68.10715994259289
3.592398470379326,68.10715994259289
3.5926009632692164,68.11224489795919
3.592724787227429,68.11224489795919
3.5932683862882073,68.11732823210586
3.5934683172819333,68.11732823210586
3.593943855499785,68.12240994580809
3.594079651377694,68.12749003984064
3.5942529184282894,68.12749003984064
3.5943260690303127,68.13256851497769
3.5943960929486383,68.13764537199299
3.594578510997948,68.14272061165977
3.5954298841709,68.14779423475076
3.5955115045907937,68.14779423475076
3.5957342554186926,68.15286624203821
3.5957537135882447,68.1579366342939
3.596099353323838,68.1579366342939
3.5964293377305894,68.1579366342939
3.5966404268954593,68.1579366342939
3.596729971689292,68.1579366342939
3.596878785867744,68.16300541228908
3.597417763113957,68.16807257679453
3.5976709513173457,68.17313812858052
3.5977660297304426,68.17820206841687
3.597861112351001,68.18326439707286
3.59796326599241,68.18832511531731
3.598130037727902,68.19338422391857
3.598255844108429,68.19844172364445
3.598472381764599,68.20349761526232
3.598531476225826,68.20855189953903
3.598617069971553,68.21360457724094
3.598636127734281,68.21360457724094
3.5987940601826742,68.21360457724094
3.5988939481207725,68.21865564913396
3.599003734222876,68.21865564913396
3.5990787613206714,68.22370511598348
3.599166309564597,68.22370511598348
3.5993843308895404,68.22875297855441
3.59946222603408,68.23379923761118
3.599561942362175,68.23379923761118
3.600065793636028,68.23884389391773
3.600112606766886,68.24388694823753
3.600285542944874,68.24892840133354
3.6006177085122966,68.25396825396825
3.6007336818461044,68.25900650690366
3.600826191045092,68.2640431609013
3.6009020183160074,68.2640431609013
3.6010040373697834,68.2640431609013
3.601145507031468,68.2640431609013
3.6011663005846026,68.2690782167222
3.601220317931649,68.2741116751269
3.6012580515750563,68.2791435368755
3.601331820562108,68.28417380272757
3.6013893795936744,68.28920247344222
3.601464371233274,68.29422954977807
3.60166004743165,68.29925503249326
3.60186737580559,68.30427892234549
3.6024328213292467,68.3093012200919
3.602532449410642,68.31432192648923
3.60254427097824,68.31934104229369
3.602774500254158,68.31934104229369
3.6028420285890497,68.32435856826102
3.6028556100990867,68.32937450514648
3.6029628046969298,68.33438885370488
3.6030426407372893,68.33940161469052
3.603063543739679,68.34441278885723
3.6032322749073007,68.34441278885723
3.603357152818368,68.34942237695839
3.6033629985235156,68.35443037974683
3.603391111076231,68.35943679797501
3.603660795685646,68.35943679797501
3.6037242747518596,68.35943679797501
3.6037535135264966,68.36444163239481
3.603860725866422,68.36944488375771
3.603945621222118,68.37444655281467
3.603989318036205,68.37944664031622
3.6040605509581463,68.38444514701233
3.6041941722083504,68.38444514701233
3.604228744637178,68.38944207365259
3.6042741767034454,68.38944207365259
3.6043556192294757,68.38944207365259
3.604422315996012,68.3944374209861
3.6048482157585626,68.39943118976142
3.605042198486791,68.4044233807267
3.6050585812226923,68.4044233807267
3.6052112635022833,68.4094139946296
3.605356102721582,68.41440303221731
3.6057354689120085,68.41939049423654
3.6057517063079243,68.41939049423654
3.605966347774344,68.41939049423654
3.6061042904167024,68.41939049423654
3.6066100161613877,68.42437638143353
3.6068964862223445,68.42936069455406
3.6069121401931348,68.43434343434343
3.606936828073445,68.43932460154647
3.6071383617029613,68.43932460154647
3.6071902721058864,68.44430419690755
3.6077010142315005,68.44928222117052
3.607875014245843,68.44928222117052
3.6081754631263294,68.44928222117052
3.608304725235214,68.45425867507886
3.608576979864256,68.45923355937549
3.6085917877478644,68.45923355937549
3.608614148292031,68.4642068748029
3.609062282288541,68.46917862210312
3.6091091771802284,68.47414880201765
3.6092095872306422,68.47414880201765
3.6092270893647465,68.47911741528763
3.6092730730780085,68.48408446265364
3.6094521276793023,68.48904994485584
3.609585458079912,68.49401386263389
3.609850039920687,68.49897621672704
3.609856155300359,68.50393700787401
3.609880302823147,68.5088962368131
3.610158847227518,68.51385390428212
3.610161164501775,68.51385390428212
3.610204109450365,68.51385390428212
3.610365744078356,68.51881001101842
3.610366488118136,68.5237645577589
3.6106027270142675,68.52871754523997
3.61069036217019,68.53366897419761
3.610709969965182,68.53366897419761
3.610799857530792,68.53861884536731
3.610829313501314,68.54356715948413
3.610901337277493,68.54851391728259
3.610961488356434,68.55345911949685
3.611061861944206,68.55840276686055
3.6110903909016723,68.5633448601069
3.611487510867509,68.5633448601069
3.6115899922052224,68.5633448601069
3.611694952301354,68.56828539996856
3.612002748972638,68.57322438717787
3.612095499742211,68.57816182246661
3.6123553674668125,68.57816182246661
3.612358750729363,68.57816182246661
3.6134082075929,68.58309770656614
3.6134653262765757,68.58803204020731
3.6135846260176017,68.5929648241206
3.6137939424688215,68.59789605903596
3.613991044659434,68.60282574568289
3.6139950839139923,68.60775388479045
3.6144397437463334,68.61268047708727
3.614801673185669,68.61760552330142
3.615021857070516,68.62252902416066
3.6151425354890288,68.62745098039215
3.6153203968116294,68.63237139272272
3.6154753230076095,68.63729026187862
3.6155761018712096,68.64220758858576
3.6156375179226092,68.64712337356953
3.6156793883172056,68.65203761755487
3.615715304803183,68.65695032126627
3.615866830978948,68.66186148542776
3.6164667559404866,68.66677111076297
3.616700015403694,68.67167919799499
3.616762531796406,68.67658574784652
3.6171383141428617,68.68149076103978
3.617360400287654,68.68639423829654
3.6174655264163404,68.68639423829654
3.617491241667518,68.69129618033813
3.6177182453894376,68.69619658788542
3.6177428248873102,68.70109546165885
3.618277885310304,68.70599280237835
3.6185308614274754,68.71088861076345
3.6185534764297107,68.71578288753324
3.618641339678235,68.72067563340632
3.618685035417679,68.72556684910086
3.6191029790821934,68.73045653533458
3.619122119312384,68.73534469282477
3.61923922572895,68.74023132228821
3.6200884690715904,68.74023132228821
3.6201978075055297,68.74511642444132
3.6202781079453312,68.75
3.6205509264209543,68.75488204967974
3.6206361418825077,68.75976257419556
3.6207181311177843,68.76464157426206
3.620793074796514,68.76951905059337
3.6210562544625255,68.7743950039032
3.6213613080044955,68.7743950039032
3.6220178910651564,68.77926943490478
3.6221191189568978,68.78414234431091
3.622124028406471,68.78901373283396
3.622194790094551,68.78901373283396
3.6225417811524254,68.79388360118584
3.6226197322823923,68.79875195007801
3.6226918734126627,68.79875195007801
3.6227017712738303,68.8036187802215
3.622706527778666,68.8036187802215
3.6228961138323137,68.80848409232688
3.6234287253647626,68.81334788710431
3.623491788135045,68.81821016526348
3.62382631637063,68.82307092751364
3.6238916094629694,68.82307092751364
3.6239889294988807,68.82793017456359
3.6240349774968577,68.82793017456359
3.624269349970967,68.83278790712171
3.6243507579179814,68.83764412589592
3.6246943527142323,68.8424988315937
3.624716806694729,68.84735202492212
3.6247423259877043,68.85220370658776
3.625019299413324,68.85705387729679
3.6251830424201326,68.86190253775494
3.6252938260000995,68.8667496886675
3.625681576206689,68.8715953307393
3.6257488048561157,68.87643946467476
3.625960355485434,68.88128209117784
3.6259688787456956,68.88612321095209
3.6261508639995186,68.89096282470058
3.6262485245866722,68.89096282470058
3.6263886534429752,68.89096282470058
3.6265680246358007,68.89096282470058
3.626603693175205,68.89580093312597
3.6266414080728584,68.89580093312597
3.6267397980338885,68.9006375369305
3.6267596935116595,68.9006375369305
3.626928618073114,68.90547263681593
3.62702209079961,68.9103062334836
3.627416271547445,68.91513832763444
3.627497735259541,68.91996891996892
3.627760057676028,68.92479801118708
3.627815880045777,68.92479801118708
3.62795714906036,68.9296256019885
3.6282302332685874,68.9296256019885
3.6287850553445393,68.93445169307239
3.6291485378481596,68.93927628513744
3.6293364966736887,68.93927628513744
3.6293588301492936,68.93927628513744
3.6299855196597077,68.94409937888199
3.630136514013319,68.94892097500389
3.630231775706695,68.94892097500389
3.6303757960708998,68.94892097500389
3.6304153809521207,68.94892097500389
3.630569150021647,68.94892097500389
3.630581232534892,68.94892097500389
3.630781974367583,68.95374107420056
3.6310599818212204,68.95855967716902
3.631119716754791,68.96337678460583
3.6311481887178894,68.96819239720713
3.6312101916064585,68.96819239720713
3.6312514131148967,68.96819239720713
3.6317534452624027,68.97300651566863
3.6318561906036266,68.9778191406856
3.631986254037383,68.98263027295285
3.6322572815513365,68.98263027295285
3.6322729379132124,68.98743991316482
3.6322927967898333,68.98743991316482
3.632363820379517,68.9922480620155
3.63240882490358,68.9922480620155
3.6324902595216804,68.99705472019842
3.63269781133656,68.99705472019842
3.6330515061235147,69.00185988840668
3.6330573181024697,69.00666356733302
3.633297387996638,69.01146575766967
3.6334177474208316,69.01146575766967
3.633442678916147,69.01626646010844
3.6334507107038165,69.02106567534076
3.6335101504206744,69.02106567534076
3.6335550886765855,69.02106567534076
3.633665856361797,69.0258634040576
3.633826468441514,69.03065964694952
3.6339344870341126,69.03065964694952
3.634038923687374,69.03065964694952
3.6341039683619667,69.03545440470661
3.634200200297784,69.04024767801857
3.634672332560868,69.04503946757468
3.634761662495898,69.04503946757468
3.6348003175959156,69.04982977406375
3.6350116221396647,69.04982977406375
3.635086593389239,69.05461859817422
3.6356078290324807,69.05461859817422
3.6356348907592015,69.05461859817422
3.6356963396461195,69.05461859817422
3.636211010896957,69.05940594059405
3.6363604985471882,69.05940594059405
3.636391494572402,69.06419180201084
3.6363982156904844,69.06419180201084
3.6364414861705905,69.06897618311166
3.6366107801750527,69.07375908458326
3.636733500922491,69.07854050711194
3.637273188119243,69.08332045138353
3.637351959891395,69.08809891808346
3.6375038219335334,69.09287590789677
3.637514141133533,69.09765142150803
3.637687473958659,69.10242545960142
3.6377622456916408,69.10242545960142
3.6382810074138785,69.10719802286067
3.638516017739838,69.1119691119691
3.638691148448243,69.11673872760964
3.6387672329931613,69.12150687046473
3.638968120435663,69.12627354121642
3.6396248973260907,69.13103874054639
3.639658522168638,69.1358024691358
3.640016828407323,69.14056472766549
3.6400595802464553,69.14532551681579
3.640103998621847,69.1500848372667
3.6401439923373715,69.1500848372667
3.6403225191652893,69.15484268969772
3.640353047112697,69.15959907478796
3.640371468027881,69.16435399321615
3.6406102523283863,69.16910744566054
3.640626359809392,69.16910744566054
3.6407071542647182,69.16910744566054
3.6409173237516774,69.173859432799
3.640917703217685,69.17860995530899
3.6409977452184354,69.18335901386749
3.6410976688988455,69.18810660915113
3.641402637234775,69.1928527418361
3.6416282701611724,69.19759741259817
3.6419625096847437,69.20234062211273
3.642132214603667,69.20708237105467
3.6421736559795552,69.21182266009852
3.642369673421464,69.21656148991843
3.642388973209851,69.22129886118806
3.6425140507118714,69.2260347745807
3.6430159346292257,69.23076923076923
3.64306699363701,69.23076923076923
3.643123187384881,69.23550223042609
3.643167529832104,69.24023377422331
3.643206702211616,69.24023377422331
3.643254902519029,69.24023377422331
3.643278846384787,69.24496386283255
3.6433117255316394,69.24969249692496
3.643446718431369,69.25441967717141
3.643548351520614,69.25914540424223
3.6435966525964405,69.26386967880744
3.6436621883987894,69.26386967880744
3.6437341777271817,69.26859250153657
3.6437473818691832,69.26859250153657
3.6438333595806207,69.26859250153657
3.644210216570918,69.27331387309879
3.6443254080558996,69.27803379416282
3.644647406607171,69.27803379416282
3.6446647560239587,69.28275226539702
3.6448067904743717,69.28746928746928
3.644850123690739,69.29218486104713
3.645044985426019,69.29689898679766
3.6450672984555976,69.30161166538757
3.6451237444656526,69.30632289748311
3.6451648840996254,69.30632289748311
3.6453427106338765,69.3110326837502
3.645647175605249,69.31574102485425
3.64608115171352,69.32044792146034
3.6462662555016148,69.32044792146034
3.646402853106669,69.32515337423312
3.6464264608512384,69.32515337423312
3.6464582927541227,69.32515337423312
3.6464607981250228,69.32985738383684
3.646611146955752,69.33455995093529
3.646703824173007,69.33455995093529
3.6469448084609994,69.33455995093529
3.646945093356946,69.33926107619193
3.6471966141019143,69.34396076026978
3.6474400196936374,69.34865900383141
3.647606193665522,69.35335580753907
3.6477272509621943,69.35335580753907
3.648021319002548,69.35805117205454
3.6481003678433206,69.35805117205454
3.648116539786339,69.36274509803921
3.648152690961721,69.36743758615408
3.6482318023364106,69.36743758615408
3.648276662517735,69.37212863705973
3.6483595228932897,69.37681825141631
3.6485601844840625,69.37681825141631
3.648753745808453,69.38150642988366
3.6488392706379935,69.38619317312109
3.6488723643048364,69.39087848178758
3.649230017194993,69.39087848178758
3.6492587857536654,69.39556235654169
3.6497499805906126,69.40024479804161
3.6501428041420576,69.40492580694509
3.650546124966904,69.40960538390945
3.650547868055156,69.41428352959169
3.650934276974786,69.41428352959169
3.651081265529763,69.41896024464832
3.6512429304930514,69.41896024464832
3.651383654009004,69.41896024464832
3.651663787211316,69.42363552973552
3.651686329584556,69.42830938550902
3.6518443965099516,69.42830938550902
3.6518676398517598,69.43298181262418
3.651892493745404,69.43765281173594
3.6521550174929778,69.43765281173594
3.652487409415001,69.43765281173594
3.652561031579456,69.44232238349886
3.6528584234263177,69.44699052856707
3.652904907918998,69.45165724759433
3.653438365596615,69.45632254123396
3.6536527094077558,69.46098641013894
3.6538209034194833,69.46564885496184
3.6539512193547434,69.47030987635475
3.6540146885002525,69.47030987635475
3.654514859819071,69.47496947496947
3.6551404385832162,69.47496947496947
3.65528403680154,69.47962765145735
3.6556572769897033,69.48428440646933
3.655786043985348,69.48893974065598
3.6558346848618672,69.48893974065598
3.6559885489424464,69.49359365466748
3.6563577702584182,69.49824614915357
3.656469713155738,69.49824614915357
3.6566015554078413,69.50289722476364
3.656871263847857,69.50289722476364
3.657412881521326,69.50754688214667
3.657574188145136,69.50754688214667
3.6575934467286118,69.51219512195121
3.657602785406999,69.51684194482549
3.6578367714176654,69.52148735141725
3.6585665285318374,69.52613134237392
3.6588661141891423,69.52613134237392
3.658898703637514,69.53077391834248
3.6590210072757707,69.53541507996952
3.6593224732039884,69.54005482790132
3.6598738423749406,69.54005482790132
3.659958432473302,69.54469316278362
3.6602154726171423,69.54469316278362
3.6602622247972874,69.54933008526187
3.66031659723825,69.54933008526187
3.6604924755989736,69.55396559598113
3.660821688177388,69.55396559598113
3.660864897302267,69.55396559598113
3.6610830699409216,69.558599695586
3.6611428246876585,69.56323238472073
3.661515694966569,69.56786366402922
3.661542278169261,69.56786366402922
3.6616035104800075,69.57249353415487
3.661607501786636,69.5771219957408
3.6616262641098314,69.58174904942965
3.6616764913946964,69.58174904942965
3.66176356173346,69.58637469586375
3.661881344700191,69.59099893568496
3.6620129080377493,69.59562176953482
3.6621852966928143,69.60024319805441
3.6626613166573883,69.6048632218845
3.663105587486901,69.6094818416654
3.6631085708863385,69.61409905803707
3.6634114986836375,69.61871487163907
3.6634490431875686,69.61871487163907
3.6637770956798996,69.62332928311056
3.6637904521865647,69.62794229309036
3.663865904230669,69.62794229309036
3.664210452409328,69.63255390221683
3.66425487002553,69.63716411112799
3.6643259973596707,69.64177292046145
3.664455526291203,69.64638033085446
3.6644622359125094,69.65098634294385
3.6646944764075484,69.65559095736612
3.664789121988682,69.66019417475728
3.6648534265324457,69.66479599575307
3.6651052360615393,69.66939642098879
3.6651506912161556,69.67399545109932
3.665323593296379,69.67859308671922
3.6653987015590164,69.67859308671922
3.6654720440720916,69.68318932848264
3.665815378741424,69.68778417702333
3.6658838633615236,69.69237763297468
3.6660115236708886,69.69237763297468
3.6660985961788852,69.6969696969697
3.666625822172508,69.70156036964096
3.6666311970728085,69.70614965162072
3.6667403431629837,69.71073754354082
3.666851263200426,69.7153240460327
3.666988013989731,69.71990915972748
3.6670337901432872,69.72449288525583
3.667248462575479,69.72907522324807
3.6674795930614104,69.73365617433413
3.6674973978703527,69.73365617433413
3.6676048252569444,69.73823573914359
3.667732730992366,69.73823573914359
3.668393864960677,69.73823573914359
3.6683964426140556,69.7428139183056
3.6685778404548506,69.74739071244895
3.6688049853729243,69.74739071244895
3.669062222926657,69.74739071244895
3.6692605541559398,69.75196612220206
3.6693376949755483,69.75654014819295
3.669379862357258,69.76111279104929
3.669395891350895,69.76568405139834
3.6699169322409895,69.77025392986698
3.6700022877035816,69.77025392986698
3.670402611397157,69.77482242708176
3.6704078003463407,69.77938954366878
3.670478527343903,69.78395528025382
3.6705610450021653,69.78851963746223
3.6705745692368756,69.79308261591905
3.6707669704563837,69.79764421624887
3.6708119268894865,69.80220443907595
3.670966516772177,69.80676328502415
3.671017805482853,69.81132075471697
3.6710385219088235,69.81587684877755
3.671113387141436,69.82043156782858
3.671147926753633,69.82498491249245
3.6711506554243605,69.82953688339116
3.6711979919694095,69.8340874811463
3.6717713118008457,69.83863670637913
3.6720912150610268,69.8431845597105
3.6721942004658557,69.8431845597105
3.6723144577580538,69.8477310417609
3.672589812853971,69.8477310417609
3.672952551238376,69.8477310417609
3.6730507124746903,69.85227615315044
3.6731931581618715,69.85681989449887
3.673412867050142,69.85681989449887
3.6734327301023497,69.85681989449887
3.6734926267780237,69.86136226642556
3.6735089664242504,69.86136226642556
3.6735222039710917,69.86590326954949
3.6736348086029906,69.86590326954949
3.6737231112276727,69.87044290448931
3.6738906721778886,69.87498117186324
3.673895911418475,69.87498117186324
3.6739971818131467,69.87951807228916
3.674057419092829,69.88405360638458
3.6743623237854566,69.88405360638458
3.6747566840308914,69.88405360638458
3.6747911122759955,69.88858777476665
3.674892482195882,69.89312057805208
3.675036112238053,69.89312057805208
3.67505130599134,69.89312057805208
3.6752488406526767,69.89765201685731
3.6753687054323683,69.90218209179835
3.6755231653023106,69.90671080349082
3.67587516575876,69.91123815255003
3.6760941915565124,69.91576413959085
3.676350953775837,69.92028876522785
3.676487082527701,69.92028876522785
3.67650662948668,69.92481203007519
3.6767301519904567,69.92933393474665
3.6768290164438424,69.92933393474665
3.676888843068393,69.93385447985568
3.6768922552341228,69.93837366601532
3.6769269489355048,69.94289149383829
3.6770494527676227,69.94289149383829
3.6770576656766365,69.9474079639369
3.678036581560867,69.9474079639369
3.6783705202266126,69.95192307692307
3.6783876487629983,69.95643683340845
3.6785620392306844,69.95643683340845
3.6785789333336325,69.95643683340845
3.6785908506743716,69.9609492340042
3.6786619227347184,69.96546027932122
3.678756105941813,69.96996996996997
3.6789284831141496,69.97447830656057
3.679293806125507,69.97898528970279
3.6794054861239927,69.983490920006
3.6794492700743033,69.983490920006
3.6796665480168897,69.983490920006
3.679775276694316,69.98799519807923
3.6798503518774917,69.99249812453114
3.6802885150240745,69.99699969996999
3.6803092127889085,69.99699969996999
3.680510606794984,70.00149992500376
3.6805156787762097,70.00599880023995
3.6806168854807715,70.0104963262858
3.680769146314703,70.01499250374813
3.6808803123722926,70.01499250374813
3.680892352338914,70.0194873332334
3.6809332284898932,70.02398081534771
3.681059348864335,70.02847295069684
3.681218608260867,70.02847295069684
3.6812697931743856,70.03296373988613
3.6815211019721468,70.03296373988613
3.6815963790834565,70.0374531835206
3.6816467621538083,70.0374531835206
3.681827393788384,70.04194128220492
3.6821367439544503,70.04194128220492
3.682378069015284,70.04642803654336
3.6824184382182836,70.05091344713986
3.6824657730904398,70.055397514598
3.6827011534213807,70.05988023952095
3.6827170111877963,70.0643616225116
3.682729089711808,70.0688416641724
3.682767324465467,70.0733203651055
3.6828484191679136,70.07779772591263
3.682856324920193,70.07779772591263
3.6829699362801476,70.08227374719522
3.6830669224596697,70.08674842955429
3.6833346852532793,70.09122177359055
3.6833363359039772,70.09569377990431
3.6833400807072643,70.09569377990431
3.683646872255969,70.10016444909553
3.6838766713989837,70.10463378176382
3.684041168717838,70.10910177850845
3.684433078996912,70.11356843992827
3.684489032221191,70.11803376662185
3.6845012178672456,70.12249775918733
3.6845879366659453,70.12696041822255
3.684644106691568,70.13142174432497
3.684708135448943,70.13588173809168
3.68496767851112,70.13588173809168
3.685042899917278,70.14034040011944
3.685108173786255,70.14034040011944
3.6852192307712768,70.14479773100463
3.685380309771825,70.1492537313433
3.685385183391115,70.15370840173108
3.6853966199266024,70.15816174276335
3.6854206616012872,70.16261375503507
3.685671839442324,70.16706443914082
3.685871453046808,70.17151379567487
3.6859559461788973,70.17151379567487
3.686008269402065,70.17151379567487
3.68616904338054,70.17596182523114
3.686309706687894,70.17596182523114
3.68643414215014,70.17596182523114
3.6865283018228077,70.18040852840316
3.6867612701897414,70.18485390578414
3.6868928584416354,70.18929795796691
3.6869149342591587,70.19374068554396
3.6871259348631473,70.19818208910743
3.68714224638418,70.19818208910743
3.687183992489956,70.20262216924911
3.68721795250496,70.20262216924911
3.687218661539277,70.2070609265604
3.687265252324628,70.21149836163241
3.6876972829042645,70.21149836163241
3.6878583054393967,70.21593447505585
3.6879045762130467,70.21593447505585
3.687946717714323,70.22036926742108
3.68828685402691,70.22480273931815
3.688341396222046,70.22480273931815
3.6885272147912156,70.22923489133672
3.688653227386887,70.22923489133672
3.688799340503352,70.23366572406609
3.688875260934083,70.23366572406609
3.6889798034644086,70.23809523809523
3.688991400504141,70.2425234340128
3.689055944596793,70.24695031240702
3.6892700704833863,70.25137587386583
3.6893208650231775,70.25137587386583
3.6898142994883725,70.2558001189768
3.6898491989110203,70.26022304832715
3.6900418636578345,70.26464466250371
3.6901665996836535,70.26906496209305
3.690422349422291,70.27348394768134
3.690748506080066,70.27790161985436
3.690903300300237,70.28231797919761
3.690953245347241,70.28673302629625
3.6909548856259753,70.291146761735
3.6911168045332845,70.29555918609832
3.6912683763801555,70.29997029997031
3.691486675292979,70.29997029997031
3.6915913541693945,70.29997029997031
3.691820926475177,70.30438010393468
3.6918444640613317,70.30878859857482
3.691932481547805,70.3131957844738
3.691957121606636,70.3131957844738
3.692196957411943,70.3176016622143
3.6923134549354883,70.32200623237868
3.6924380674218016,70.32640949554896
3.6925994532768485,70.33081145230678
3.6926662970257293,70.33521210323346
3.6930662505554994,70.33961144890998
3.6933380733303074,70.34400948991696
3.693386917998791,70.34400948991696
3.693597871038299,70.3484062268347
3.6936030236979196,70.3528016602431
3.6936056072328536,70.3528016602431
3.6938676908211647,70.3528016602431
3.693924269586017,70.3571957907218
3.6940844193835973,70.3571957907218
3.6941457794205834,70.36158861885004
3.6947848970542014,70.36598014520669
3.6953087944566576,70.37037037037037
3.6953609643287977,70.37475929491927
3.6959636009701184,70.37914691943128
3.6960016399024282,70.38353324448393
3.6963236668619937,70.38353324448393
3.696338705696491,70.38353324448393
3.6963885988062164,70.38791827065442
3.696477236382823,70.39230199851961
3.696616502261058,70.39668442865602
3.696639565316783,70.40106556163978
3.696758460644905,70.40544539804677
3.697139770496884,70.40544539804677
3.6971561456144757,70.40982393845243
3.6974142938692056,70.41420118343196
3.6974791225441908,70.41420118343196
3.6975381429051426,70.41420118343196
3.6975519605458684,70.41420118343196
3.6978063791679614,70.41420118343196
3.698022966239523,70.41857713356012
3.6980866917739124,70.42295178941141
3.698230027666603,70.42732515155996
3.6985233851789894,70.43169722057954
3.6986262509799497,70.43169722057954
3.6986877551003867,70.43606799704361
3.6987372613324703,70.44043748152528
3.699372773309244,70.4448056745973
3.699401954818306,70.44917257683215
3.699438021520326,70.45353818880189
3.6995527043884753,70.45353818880189
3.6998060797964634,70.45353818880189
3.6998991056331354,70.45790251107829
3.700033728068241,70.46226554423276
3.700048083513415,70.46226554423276
3.7001237997586904,70.46662728883638
3.7001531405635437,70.47098774545991
3.7002106324464257,70.47534691467375
3.7002319273913638,70.47970479704797
3.700308100189337,70.4840613931523
3.7003197344735996,70.48841670355614
3.7003403778173833,70.48841670355614
3.700564926556866,70.49277072882856
3.700620988932188,70.49712346953828
3.700637674714467,70.50147492625368
3.700868702164775,70.50582509954285
3.7010203785032663,70.51017398997345
3.701035288682811,70.51452159811294
3.701234969865331,70.51886792452831
3.7012792580363447,70.5232129697863
3.7014542825273296,70.5232129697863
3.701865529722253,70.5232129697863
3.701937172920016,70.52755673445328
3.7019657268942203,70.53189921909532
3.7022471272247777,70.53189921909532
3.7022641709931503,70.53624042427813
3.702273114569364,70.53624042427813
3.702309580586525,70.5405803505671
3.702816228917349,70.54491899852725
3.7028446915780147,70.5492563687233
3.702914305374585,70.55359246171967
3.703101822759083,70.55359246171967
3.703813412558403,70.55792727808038
3.703908749518227,70.55792727808038
3.704046834628158,70.55792727808038
3.704177459237738,70.55792727808038
3.704228571599679,70.56226081836915
3.7042603992409573,70.56226081836915
3.704285039335707,70.56659308314937
3.7044776557502868,70.57092407298411
3.7047251398021817,70.57525378843607
3.7048284837561933,70.57525378843607
3.705177558634076,70.57958223006767
3.7057874560491286,70.58390939844095
3.706055703970832,70.58390939844095
3.706071692409902,70.58823529411765
3.706137860728886,70.58823529411765
3.7062923909275542,70.59255991765917
3.706310387078857,70.59688326962657
3.7064362079747437,70.60120535058063
3.706630469090467,70.60120535058063
3.706782408415766,70.60552616108173
3.7068206807681343,70.60984570168993
3.70682344654433,70.61416397296503
3.7070648078527095,70.61416397296503
3.707080066937128,70.61848097546644
3.70715849484881,70.62279670975323
3.7072069962087917,70.62711117638419
3.70785554540928,70.63142437591777
3.7079437424848947,70.63573630891206
3.708054437179713,70.64004697592485
3.7080790607744123,70.64435637751357
3.7082573270416845,70.64866451423539
3.7082597446851184,70.6529713866471
3.7083734418033485,70.65727699530517
3.708616668681483,70.66158134076574
3.709019413922193,70.66158134076574
3.70942672516725,70.66588442358463
3.709470600586388,70.66588442358463
3.7095904129268717,70.67018624431735
3.709605469982784,70.67448680351906
3.7096337132359793,70.67878610174462
3.7096361295347875,70.68308413954853
3.709986242759322,70.68738091748497
3.7102666667150546,70.69167643610785
3.7103466655521333,70.6959706959707
3.7103964872638415,70.70026369762672
3.710524805575696,70.70455544162883
3.7106296191051675,70.70455544162883
3.710672898084195,70.70884592852958
3.710749487586106,70.71313515888124
3.7108004584831153,70.71313515888124
3.711017226928147,70.71742313323573
3.7111564498170546,70.72170985214463
3.7111850471542245,70.72170985214463
3.711400335364459,70.72170985214463
3.711523181258363,70.72599531615926
3.7117408672778502,70.72599531615926
3.711878665335699,70.73027952583053
3.7119299973324487,70.7345624817091
3.7121106211994332,70.73884418434528
3.7122033195630224,70.73884418434528
3.7124366877740393,70.74312463428906
3.712495007698981,70.7474038320901
3.712591232029497,70.75168177829775
3.7127714484850385,70.75168177829775
3.7130029126720654,70.75168177829775
3.7130302657261196,70.75595847346104
3.713031661939607,70.76023391812866
3.7131776509231877,70.764508112849
3.7132436162522153,70.76878105817013
3.713268940619509,70.77305275463978
3.71329113243929,70.77732320280538
3.713457106569769,70.78159240321402
3.713702918965662,70.7858603564125
3.7137045596305285,70.7858603564125
3.713712728533868,70.79012706294728
3.7140915537957615,70.7943925233645
3.7143203391541637,70.79865673820996
3.7143509947302253,70.8029197080292
3.7143598460581764,70.8029197080292
3.714806143731843,70.8029197080292
3.7148675728544744,70.80718143336739
3.714901819852291,70.81144191476942
3.7149285104260414,70.81570115277981
3.7152143491816148,70.81995914794281
3.715260132152267,70.81995914794281
3.7153078347936592,70.81995914794281
3.7156034679203755,70.82421590080233
3.715611118284097,70.82847141190199
3.7156924983300765,70.82847141190199
3.7162781504370117,70.83272568178504
3.7167414602204127,70.83697871099446
3.716999337791729,70.8412305000729
3.7170647912458383,70.8454810495627
3.7170724521087575,70.84973036000582
3.7173145914894263,70.85397843194404
3.717495469813601,70.85822526591869
3.7175983487188056,70.86247086247086
3.7178841895698707,70.86247086247086
3.717966914961496,70.8667152221413
3.7183529716386907,70.87095834547044
3.7185150038720702,70.87095834547044
3.7185627221383046,70.87095834547044
3.7187770580654664,70.87095834547044
3.718827313357736,70.87095834547044
3.7188721423302584,70.87520023299841
3.7188808797251784,70.879440885265
3.719106887874527,70.88368030280972
3.7193480926585734,70.88368030280972
3.719384029239947,70.88791848617177
3.719428221783386,70.89215543588998
3.7195666371833283,70.89639115250291
3.719861828193876,70.90062563654882
3.719954033441947,70.90485888856561
3.7202456295359134,70.9090909090909
3.7203768913117212,70.91332169866202
3.7204982985043946,70.91332169866202
3.720652004362446,70.9175512578159
3.720874061888851,70.92177958708928
3.7208762265645996,70.92600668701846
3.7210266362411586,70.93023255813954
3.721113538010125,70.93023255813954
3.7214985780035854,70.93445720098823
3.721555605830287,70.93868061609997
3.721573332421486,70.93868061609997
3.721573890415632,70.94290280400988
3.72176461823242,70.94290280400988
3.722055812990899,70.94290280400988
3.722212447215229,70.94712376525277
3.7222830127366735,70.95134350036311
3.722592774748598,70.95556200987511
3.7229063460369343,70.95556200987511
3.723074282948891,70.95977929432263
3.723117036071543,70.95977929432263
3.723147669095602,70.96399535423926
3.723241890606587,70.96821019015822
3.723324859333905,70.97242380261248
3.723340847764094,70.97242380261248
3.723511722857762,70.97663619213466
3.723514386352189,70.9808473592571
3.723593453559378,70.98505730451183
3.7236707205727266,70.98926602843052
3.723671435874612,70.9934735315446
3.7238370789776547,70.99767981438515
3.7242733542905397,71.00188487748296
3.724336791517374,71.00608872136851
3.7243476412199326,71.01029134657196
3.724360129763921,71.01449275362319
3.7243704133005844,71.01449275362319
3.7246717277406654,71.01869294305173
3.7246820457527767,71.02289191538685
3.7247005656720478,71.02708967115747
3.724734905685206,71.02708967115747
3.7248071869068955,71.03128621089225
3.7248748556953535,71.03128621089225
3.725307380851663,71.03128621089225
3.7255183391916433,71.03548153511949
3.7263640773979487,71.03967564436722
3.726403705294402,71.04386853916317
3.7266076730927526,71.04806022003474
3.726667772121458,71.05225068750904
3.726795614985636,71.05643994211289
3.7271249421189805,71.06062798437274
3.7271795648670434,71.06481481481481
3.7272497303059327,71.06481481481481
3.7274047700796764,71.06481481481481
3.7275238308075367,71.06481481481481
3.7277161853213703,71.06900043396499
3.727858484199095,71.06900043396499
3.728402392171296,71.07318484234885
3.728635079361261,71.07736804049168
3.728655691433167,71.08155002891846
3.7286909975759763,71.08573080815383
3.728774784344848,71.08991037872218
3.72881846371958,71.09408874114756
3.728830576902884,71.09826589595376
3.7292360434904173,71.10244184366421
3.7295928091513777,71.10661658480208
3.729654227393969,71.10661658480208
3.7296988346772477,71.11079011989023
3.7297906921989012,71.11496244945118
3.729863371924359,71.11496244945118
3.7300540043091774,71.11913357400722
3.730378437194775,71.11913357400722
3.730497499218392,71.11913357400722
3.730515746916864,71.12330349408028
3.7305258257283134,71.127472210192
3.7307248859990163,71.127472210192
3.730759622088057,71.127472210192
3.7312640744273193,71.13163972286374
3.732046425081478,71.13580603261654
3.732149783671705,71.13997113997114
3.7323671637259976,71.14413504544798
3.7324925231089208,71.14413504544798
3.73277900592224,71.14829774956722
3.733110583096497,71.1524592528487
3.7332906779458694,71.15661955581194
3.733315732824676,71.16077865897621
3.733327265034182,71.16077865897621
3.7334296826207183,71.16493656286043
3.7336234162685757,71.16909326798327
3.7337215732079563,71.16909326798327
3.733995279324374,71.17324877486307
3.7340374843353192,71.17324877486307
3.7342642603491436,71.17740308401787
3.734281745466206,71.17740308401787
3.7345524361083062,71.18155619596543
3.734595639821396,71.18570811122316
3.7346058259866246,71.18985883030827
3.7346246411901443,71.19400835373759
3.7349891170927285,71.19815668202764
3.7349893938005256,71.20230381569475
3.7351285642641314,71.20644975525482
3.7351842393280923,71.21059450122354
3.735244222939552,71.21473805411628
3.7352718255319073,71.21888041444812
3.735460536076561,71.22302158273382
3.7356388691085254,71.22716155948784
3.735672044069255,71.2313003452244
3.735693296332319,71.23543794045736
3.7357752880683748,71.23957434570032
3.7358031696329883,71.24370956146657
3.735897791427305,71.24784358826912
3.736312481083353,71.25197642662067
3.7363852298052493,71.25610807703363
3.736413307455829,71.25610807703363
3.7368109880082874,71.26023854002011
3.7371077339086196,71.26436781609196
3.73718496856745,71.26849590576066
3.7375971660662914,71.26849590576066
3.737599659740698,71.2726228095375
3.7376671157270924,71.2726228095375
3.7377081401674395,71.27674852793336
3.738054171105707,71.27674852793336
3.738099387306749,71.28087306145893
3.738158893509226,71.28499641062454
3.7384531680402664,71.28911857594028
3.738487016431723,71.29323955791588
3.7386766965724276,71.29735935706086
3.738716375047764,71.29735935706086
3.7390657794662028,71.30147797388435
3.7390834181543693,71.30147797388435
3.7391462671721336,71.30559540889526
3.7395191242224834,71.30559540889526
3.7396476038574997,71.30971166260221
3.7398476076619063,71.31382673551349
3.739954163335477,71.3179406281371
3.740009167074351,71.32205334098079
3.7401156374546414,71.32616487455196
3.740207134152801,71.3302752293578
3.740256108316493,71.33438440590511
3.7403907049084584,71.33438440590511
3.740509371764085,71.33849240470049
3.7405114436699964,71.34259922625019
3.7407209322401487,71.34670487106017
3.740945661871187,71.35080933963616
3.741084298486552,71.35080933963616
3.741296466827928,71.35491263248352
3.7413262066390724,71.3590147501074
3.7417173676630364,71.3631156930126
3.741883298314356,71.36721546170365
3.7423144923745437,71.36721546170365
3.7427891120238606,71.3713140566848
3.7428209846080125,71.37541147846
3.7429142933001476,71.37950772753291
3.743043607052272,71.38360280440692
3.7431434165054434,71.38769670958513
3.743679049294701,71.3917894435703
3.743991604426148,71.395881006865
3.744026478173368,71.39997139997139
3.744140247747499,71.40406062339147
3.744293266792036,71.40814867762688
3.744506219642507,71.40814867762688
3.744807884980147,71.41223556317897
3.7449719296092767,71.41632128054881
3.7451487608763387,71.42040583023721
3.7451546131258158,71.42448921274467
3.7454639199965003,71.42857142857143
3.7459970070039303,71.42857142857143
3.7461386592729116,71.43265247821739
3.7463168170114827,71.43673236218223
3.7465139801129954,71.4408110809653
3.747591010291326,71.44488863506567
3.747876274794513,71.44896502498216
3.7478813941388687,71.45304025121325
3.747978808073925,71.45304025121325
3.7480220231208645,71.45711431425717
3.748095453638932,71.45711431425717
3.748108288390338,71.46118721461188
3.748391699597836,71.465258952775
3.748405860886819,71.46932952924394
3.748655192466195,71.47339894451576
3.7491085449008197,71.47746719908727
3.749227866725962,71.48153429345501
3.74934000788177,71.4856002281152
3.7495996310000757,71.4856002281152
3.749739146114829,71.4856002281152
3.7497790091476495,71.4896650035638
3.7499942303607186,71.49372862029647
3.7500090849932812,71.4977910788086
3.7503268749551277,71.50185237959532
3.750717374728122,71.50591252315145
3.7507762351923066,71.50997150997152
3.751690496912533,71.51402934054978
3.7517092964498375,71.51808601538023
3.751763693167568,71.52214153495657
3.7520172739444653,71.52214153495657
3.752117739950254,71.5261958997722
3.7521444523175274,71.53024911032028
3.752411519107746,71.53430116709364
3.7527001245319167,71.53835207058489
3.7528080384266063,71.53835207058489
3.752874531515268,71.54240182128629
3.7529256802257307,71.54645041968986
3.75301813548448,71.54645041968986
3.753095812047338,71.54645041968986
3.753197788693101,71.55049786628734
3.7532177405729303,71.55049786628734
3.7533147061850363,71.55454416157019
3.7533901554316547,71.55858930602957
3.753773444092903,71.55858930602957
3.7538478839222553,71.55858930602957
3.753926648340027,71.5626333001564
3.754119590074813,71.56667614444129
3.7541358775524274,71.57071783937455
3.7543691740118508,71.57071783937455
3.754705416224031,71.57475838544627
3.7548035855258335,71.57475838544627
3.754849179479519,71.57475838544627
3.7549323674092308,71.57879778314623
3.7553413446988984,71.58283603296391
3.7556184802898342,71.58687313538856
3.7557126632242457,71.5909090909091
3.756077359842228,71.5949439000142
3.7563415519321706,71.5949439000142
3.7564143721773227,71.5949439000142
3.7564695106853523,71.59897756319228
3.7566628969889067,71.60301008093141
3.757032111413686,71.60301008093141
3.757213040266454,71.60704145371948
3.7572252452844372,71.611071682044
3.7575741721693934,71.611071682044
3.7577868172931126,71.61510076639229
3.758173058416327,71.6191287072513
3.7583014262812284,71.62315550510783
3.7583364486905984,71.62315550510783
3.7585743026706386,71.62718116044829
3.7586118609077586,71.63120567375887
3.7588268708539228,71.63120567375887
3.758982184686454,71.63522904552546
3.759355151667175,71.6392512762337
3.7595643877171483,71.64327236636893
3.7596369645547054,71.64729231641623
3.7597543491015957,71.64729231641623
3.759813723400104,71.64729231641623
3.759926132517839,71.65131112686038
3.760069379780793,71.65532879818595
3.7601884430117374,71.65532879818595
3.760553460967113,71.65934533087714
3.7606403009547567,71.66336072541797
3.7607318123293707,71.6673749822921
3.7609854065557258,71.671388101983
3.761042216187289,71.6754000849738
3.761220003330323,71.6754000849738
3.7613206991642416,71.67941093174738
3.761398873993442,71.67941093174738
3.761727626239535,71.67941093174738
3.762221135293606,71.68342064278636
3.7622595766237232,71.68342064278636
3.762372065114375,71.68742921857304
3.7625661429443342,71.69143665958953
3.7628346649500544,71.69544296631759
3.762917257737992,71.69944813923873
3.763031968158373,71.70345217883418
3.7630978186131308,71.70745508558495
3.7631815654618324,71.71145685997172
3.763213750667177,71.71145685997172
3.7635215283837264,71.71145685997172
3.7635601306327384,71.7154575024749
3.7640390710680873,71.71945701357465
3.764127478044105,71.72345539375088
3.764132414375525,71.72745264348318
3.764181119917626,71.73144876325088
3.764186757333319,71.73544375353306
3.764264353944856,71.73943761480854
3.7646630039506395,71.73943761480854
3.76480893237421,71.7434303475558
3.7651112312905126,71.74742195225315
3.765119432852665,71.75141242937853
3.7652465789967904,71.7554017794097
3.7653421702760834,71.75939000282406
3.7654122005396835,71.76337710009882
3.765556614046536,71.7673630717109
3.765590379924875,71.7673630717109
3.7656847153179096,71.77134791813691
3.765859234797146,71.77533163985323
3.7662334953028203,71.77533163985323
3.766318577826286,71.77533163985323
3.7663208639892076,71.77931423733597
3.766350078775598,71.78329571106094
3.7663911125582468,71.78727606150373
3.7664149824345277,71.79125528913963
3.7664417364688485,71.79523339444366
3.7666073298923735,71.79921037789057
3.7672006124520894,71.79921037789057
3.7672371023068334,71.79921037789057
3.7672489177651713,71.80318623995488
3.767346734512182,71.8071609811108
3.7673627337068045,71.8071609811108
3.7674236926158025,71.81113460183226
3.7674807775966968,71.81113460183226
3.767497084144795,71.81510710259302
3.76792308607711,71.81907848386643
3.768097223354309,71.81907848386643
3.7688981827741017,71.82304874612568
3.7690237312742942,71.82701788984363
3.769082226660385,71.82701788984363
3.769146329089409,71.83098591549296
3.769232241376173,71.83098591549296
3.769363106695351,71.83495282354599
3.769635866882782,71.8389186144748
3.7700263112811885,71.8389186144748
3.7701768377310687,71.8389186144748
3.770600912592997,71.8389186144748
3.770895279917162,71.8389186144748
3.7710354548232936,71.84288328875124
3.771070450930947,71.84684684684684
3.7711355273054274,71.85080928923293
3.7715300465077246,71.85477061638052
3.771539585810597,71.85873082876037
3.7719094750329734,71.85873082876037
3.7720210901714446,71.85873082876037
3.772257135854965,71.86268992684299
3.772319917823091,71.86268992684299
3.772691351974872,71.8666479110986
3.7727733264377874,71.87060478199719
3.7728360058422097,71.87060478199719
3.7729782565821113,71.87456054000843
3.773082122647591,71.8785151856018
3.773152946403365,71.88246871924645
3.773218656704853,71.8864211414113
3.7732450676982894,71.890372452565
3.7732957091304486,71.89432265317595
3.7733050833027257,71.89827174371224
3.7736253083167695,71.89827174371224
3.77363398518182,71.90221972464175
3.7739275074375698,71.90616659643209
3.7740585602501606,71.91011235955057
3.7741247475091115,71.91405701446426
3.774148078547114,71.91800056164
3.7742688710206203,71.92194300154429
3.774321255884664,71.92588433464347
3.7744582547661585,71.9298245614035
3.774565656113187,71.9337636822902
3.7747001308816195,71.93770169776906
3.774726363865293,71.94163860830527
3.774836344337392,71.94557441436386
3.7752942224311044,71.94950911640954
3.775352947860623,71.94950911640954
3.775379435354974,71.95344271490674
3.775535085963625,71.95737521031968
3.7756791299342134,71.96130660311229
3.7757957517837553,71.96130660311229
3.775866407019936,71.96523689374825
3.7759988157814783,71.96916608269096
3.776006858364447,71.97309417040358
3.7763936443151023,71.97702115734903
3.776432413934304,71.98094704398991
3.7767037313279994,71.98094704398991
3.7771191572934715,71.98487183078862
3.777152013483714,71.98879551820728
3.777314678033997,71.98879551820728
3.7774783858124135,71.99271810670774
3.777491661224252,71.9966395967516
3.7775375875957256,71.9966395967516
3.7775561420544195,71.9966395967516
3.7776384250588126,72.00055998880023
3.7778424195593034,72.00447928331467
3.778519508767816,72.00839748075578
3.7786004193699614,72.0123145815841
3.7786212254387306,72.0123145815841
3.778822817218322,72.0123145815841
3.7788348050176377,72.01623058625997
3.7788584988519953,72.02014549524343
3.778910988815476,72.02405930899427
3.778924982964515,72.02797202797203
3.779607678513059,72.031883652636
3.7806902284331207,72.03579418344519
3.780711119173199,72.03970362085839
3.780779081128871,72.03970362085839
3.7808418436545908,72.04361196533408
3.780842062390428,72.04361196533408
3.781111893765247,72.04751921733053
3.7812019652530027,72.05142537730576
3.781595741101698,72.05533044571749
3.7816829223250386,72.05923442302318
3.7817402012238754,72.06313730968013
3.7817673250317827,72.06703910614524
3.781848380126857,72.0709398128753
3.7818830489526705,72.07483943032672
3.781954034577214,72.07873795895574
3.782209664166523,72.07873795895574
3.782240408686722,72.0826353992183
3.7822857047935146,72.08653175157013
3.782468963187734,72.09042701646665
3.7826092234381536,72.09432119436305
3.7828656326175656,72.09821428571429
3.783127618150471,72.10210629097503
3.783174596002373,72.10210629097503
3.7832056514046957,72.10599721059972
3.783382015311861,72.10599721059972
3.783818334183703,72.10988704504253
3.7839068594490657,72.11377579475739
3.7843500065390043,72.11377579475739
3.7843727910821876,72.11377579475739
3.7846051100597533,72.11766346019797
3.7846159373934447,72.11766346019797
3.784729197622392,72.12155004181767
3.7848473916934053,72.12155004181767
3.784865163037947,72.12155004181767
3.785026241230318,72.12155004181767
3.7851371362701314,72.12543554006969
3.7853221176727265,72.12931995540691
3.7853658010531093,72.133203288282
3.785376905148918,72.133203288282
3.7855721323756826,72.13708553914739
3.7856800670901842,72.14096670845521
3.785919262627709,72.14096670845521
3.7861065292891984,72.14096670845521
3.7861917597484727,72.14484679665738
3.786249381819617,72.14484679665738
3.7871829529823624,72.14872580420554
3.787186532299531,72.1526037315511
3.787226764396976,72.1564805791452
3.787364464090458,72.16035634743875
3.7874593137058534,72.1642310368824
3.7876744184019153,72.16810464792653
3.787725059319061,72.16810464792653
3.787859382912313,72.16810464792653
3.787968410496558,72.17197718102129
3.7879869599634,72.17197718102129
3.788053699280615,72.17584863661658
3.788182118784004,72.17971901516206
3.7882184556526877,72.1835883171071
3.789051714853644,72.18745654290085
3.789151776116575,72.19132369299221
3.789283174166838,72.19518976782983
3.7894947076754018,72.19905476786211
3.7898518301132538,72.19905476786211
3.7900824807552205,72.20291869353717
3.7903121121978653,72.20291869353717
3.79034689546732,72.20678154530295
3.7906124767762166,72.20678154530295
3.7907160525570935,72.20678154530295
3.7907310518905972,72.21064332360706
3.790787938239655,72.21064332360706
3.791008748347601,72.21450402889693
3.7910134900408017,72.21836366161966
3.791362632472235,72.21836366161966
3.791438333144487,72.22222222222221
3.791482657907595,72.22607971115123
3.791646507056426,72.2299361288531
3.7919590350393686,72.23379147577398
3.79199446642712,72.23379147577398
3.7923286722462084,72.23379147577398
3.7923470701436734,72.2376457523598
3.792371634018827,72.2376457523598
3.792633743517843,72.24149895905622
3.7933193857589798,72.24535109630862
3.793354120477004,72.24920216456223
3.7933727787455633,72.25305216426193
3.7936332038733687,72.25690109585241
3.7937549035180993,72.26074895977808
3.794202168017264,72.26459575648315
3.794274604129086,72.26844148641153
3.7943664000769837,72.27228615000693
3.794939554507961,72.27612974771279
3.794945325760593,72.27612974771279
3.795110938936588,72.27997227997228
3.795125517385819,72.28381374722838
3.7951682938943723,72.28765414992378
3.795448931680789,72.29149348850098
3.795502474124221,72.29533176340213
3.7961762655152778,72.29533176340213
3.7962255238795537,72.29533176340213
3.7962833300598327,72.29916897506925
3.796813729928953,72.30300512394405
3.7970666033403915,72.30684021046801
3.797577556405731,72.31067423508237
3.797900720638951,72.31450719822813
3.798043116593859,72.31450719822813
3.7982592394909833,72.31833910034602
3.7986404923329586,72.32216994187655
3.7986624075525586,72.32216994187655
3.798779059894606,72.32599972326
3.7988349646598647,72.32982844493637
3.799150041567413,72.32982844493637
3.799154968360809,72.3336561073454
3.799609660410647,72.3336561073454
3.7997201147976907,72.3336561073454
3.7997396755702857,72.3374827109267
3.80021109389,72.34130825611949
3.8002675885752675,72.34130825611949
3.8003864349863377,72.34513274336283
3.8005850148149607,72.34513274336283
3.801289381671459,72.34895617309553
3.801433529153572,72.35277854575615
3.8014558144928206,72.356599861783
3.8016089489815483,72.36042012161415
3.8017402270715226,72.36423932568744
3.801811928838322,72.36805747444045
3.8020557298571247,72.37187456831053
3.802101274396943,72.37569060773481
3.802194123246519,72.37950559315011
3.802282512611797,72.3833195249931
3.8023123755358097,72.38713240370012
3.802377392692289,72.39094422970734
3.802582549660885,72.39475500345065
3.8027399935691046,72.39475500345065
3.802749261367049,72.39856472536572
3.8028332958886817,72.40237339588795
3.803088077336022,72.40618101545255
3.8031192950663097,72.40998758449442
3.8032955278848273,72.41379310344827
3.8033285075284753,72.41759757274858
3.8033310444834703,72.42140099282956
3.8034266606511875,72.4252033641252
3.803527578347233,72.4290046870692
3.8036395747351035,72.4328049620951
3.8039211954770704,72.43660418963617
3.8043648915626584,72.4404023701254
3.8044846655001163,72.44419950399559
3.804849105634212,72.44799559167929
3.804914577416645,72.45179063360881
3.804928653503281,72.45558463021622
3.8051640090283576,72.45937758193335
3.8053088007054257,72.45937758193335
3.805344644463177,72.4631694891918
3.805488611098343,72.4631694891918
3.805602887206816,72.4669603524229
3.80595540906438,72.4669603524229
3.806013457310561,72.4707501720578
3.8060373947494375,72.4745389485274
3.806271327677639,72.47832668226228
3.806475278483225,72.47832668226228
3.806643792343038,72.47832668226228
3.806729723046834,72.4821133736929
3.80681511452494,72.48589902324942
3.8068926130844822,72.48589902324942
3.806894550633331,72.48968363136176
3.8070376081473456,72.49346719845964
3.807101270971105,72.49346719845964
3.8071055182873317,72.4972497249725
3.8072589340068714,72.50103121132958
3.8073999108384227,72.50481165795986
3.8074933981382575,72.50481165795986
3.8075078796847492,72.5085910652921
3.8075996771652925,72.51236943375481
3.8078611569286243,72.51614676377628
3.8078733857243625,72.51992305578455
3.8084152309162156,72.52369831020744
3.8088304167754616,72.52747252747253
3.809048023741358,72.53124570800715
3.8091169430149887,72.5350178522384
3.809505484431204,72.53878896059317
3.809608486300209,72.53878896059317
3.809855133943756,72.54255903349808
3.8101420418075875,72.54255903349808
3.8103690664248524,72.54632807137955
3.8103749117978563,72.54632807137955
3.81085988550714,72.54632807137955
3.8109768908837807,72.55009607466374
3.8112345545722497,72.55386304377659
3.811254425555371,72.5576289791438
3.811350956585261,72.5576289791438
3.811820575348729,72.5576289791438
3.811984178081124,72.5576289791438
3.8122711756241303,72.56139388119084
3.812407173639216,72.56139388119084
3.812454821803031,72.56515775034293
3.812456183871411,72.56515775034293
3.812670846711438,72.5689205870251
3.812685528310594,72.57268239166208
3.812921604860011,72.57644316467847
3.813043581868806,72.57644316467847
3.8134878328403863,72.5802029064985
3.8136668659572552,72.58396161754627
3.813697398731959,72.58396161754627
3.813781589591673,72.58396161754627
3.813809213336249,72.58771929824562
3.813955566170452,72.59147594902015
3.8140980710970465,72.59523157029322
3.814193411712302,72.59523157029322
3.8149644323250937,72.59898616248802
3.815125811553439,72.6027397260274
3.8151953540413834,72.60649226133407
3.8159489018443598,72.61024376883046
3.816093300766821,72.6139942489388
3.8161594023752246,72.61774370208104
3.8165290782476777,72.621492128679
3.816555043720755,72.62523952915411
3.8165913768146713,72.62898590392774
3.816735279043726,72.63273125342091
3.8167383451219843,72.63647557805444
3.8168839527135714,72.64021887824897
3.8168942463885704,72.64396115442484
3.8170192967395424,72.64770240700219
3.8171758993021867,72.65144263640093
3.8178932499373692,72.65518184304074
3.818016316401684,72.65892002734108
3.8180190228774644,72.65892002734108
3.8180928697755423,72.66265718972116
3.8182187333486124,72.66265718972116
3.8184145231561586,72.66265718972116
3.818690821296562,72.66639333059997
3.8187556128401083,72.67012845039629
3.818918796760674,72.67386254952862
3.8193194068743277,72.6775956284153
3.819504099978884,72.68132768747438
3.819508676176845,72.68505872712375
3.819544240006129,72.68878874778096
3.819645147618057,72.69251774986346
3.8196800748797717,72.6962457337884
3.8197740134797966,72.6999726999727
3.8202519046158585,72.70369864883308
3.8203104537108907,72.70742358078603
3.8203288723332434,72.71114749624779
3.820415364405698,72.71487039563438
3.820797844051591,72.71859227936162
3.8208386107516725,72.72231314784506
3.8209090821017653,72.72603300150007
3.820928298710195,72.72975184074176
3.8209362542116168,72.73346966598501
3.8209564472871778,72.73718647764449
3.821093657185642,72.73718647764449
3.8212075444539444,72.74090227613466
3.821356921793292,72.74090227613466
3.8214916160383186,72.74090227613466
3.8218779634158055,72.74461706186972
3.8218831089457694,72.74833083526366
3.821887130124891,72.75204359673025
3.822044809579141,72.75204359673025
3.8221736632541985,72.75575534668302
3.8223329510263815,72.75946608553528
3.8225826272045946,72.75946608553528
3.8226219519015623,72.76317581370012
3.822856683933158,72.76688453159042
3.8229151887587305,72.7705922396188
3.8230301969463727,72.77429893819766
3.823227829047476,72.77800462773921
3.8232389633948056,72.78170930865542
3.823423651957534,72.78170930865542
3.8234434833222357,72.78170930865542
3.8235908534286946,72.78541298135801
3.8236271070679373,72.78911564625851
3.8237442639421357,72.7928173037682
3.8237628877061485,72.7928173037682
3.823789348964259,72.79651795429814
3.823823036014133,72.80021759825921
3.823994759312598,72.80391623606201
3.8240464968381453,72.80761386811693
3.824111196952967,72.81131049483415
3.824182692853156,72.81131049483415
3.8243169083010486,72.81500611662362
3.824663274468589,72.81500611662362
3.824924703737206,72.81500611662362
3.8249745961410224,72.81500611662362
3.8251923504688605,72.81870073389508
3.825394683346945,72.81870073389508
3.8254138682347523,72.82239434705802
3.8256229388637206,72.82608695652173
3.8256349186281633,72.82608695652173
3.8261400873573423,72.82608695652173
3.826277873904038,72.82608695652173
3.8263551254734263,72.8297785626953
3.826660866406107,72.83346916598751
3.82684748976504,72.83715876680701
3.82701712499796,72.84084736556218
3.82720961629759,72.84453496266123
3.8273671789869232,72.84822155851208
3.827466088184949,72.85190715352246
3.8277777463603155,72.85190715352246
3.8283266683626986,72.8555917480999
3.8283268701356263,72.8555917480999
3.8285706199695557,72.85927534265166
3.8285890868933885,72.86295793758481
3.8289591135435215,72.86295793758481
3.829236704650334,72.8666395333062
3.8292504135607808,72.8666395333062
3.829487951811388,72.87032013022247
3.8295416944704517,72.87399972874
3.829892978488023,72.87767832926498
3.8299715563205323,72.88135593220339
3.8300762370041266,72.88135593220339
3.8301370908145618,72.88135593220339
3.8306613096761875,72.88503253796095
3.8308865171019204,72.8887081469432
3.8310525030666653,72.89238275955543
3.8312095119480407,72.89605637620274
3.831223391720926,72.89972899728997
3.8312849665869995,72.89972899728997
3.831428696547996,72.89972899728997
3.8315054697268227,72.90340062322178
3.8315987640150646,72.9070712544026
3.8317997555922156,72.91074089123663
3.8319002694861837,72.91440953412784
3.83191845266974,72.91807718348002
3.8319703101260485,72.92174383969673
3.8320576708993697,72.92540950318126
3.8320773030293442,72.92907417433676
3.832081900883038,72.92907417433676
3.832229065086131,72.92907417433676
3.832372411594878,72.93273785356611
3.8324806448515805,72.93640054127198
3.832504133677171,72.93640054127198
3.8325342124141617,72.94006223785685
3.832541454205488,72.94006223785685
3.8326331155862126,72.94372294372295
3.832711847499855,72.9473826592723
3.8328151611766272,72.9473826592723
3.8329482544521687,72.9473826592723
3.8330190251758203,72.95104138490667
3.8335092055756395,72.95104138490667
3.8336215514351015,72.95469912102772
3.834015247044791,72.95835586803678
3.834252532475627,72.962011626335
3.834264430292622,72.96566639632333
3.8342881802261632,72.96932017840248
3.8344020638789806,72.96932017840248
3.834476578725089,72.97297297297297
3.834482534601446,72.97662478043507
3.834571452581868,72.97662478043507
3.834720967330173,72.97662478043507
3.8348695599410187,72.98027560118886
3.835124702989737,72.9839254356342
3.835368156980021,72.98757428417072
3.835524148051852,72.99122214719785
3.8360335267544197,72.99122214719785
3.8361925788416262,72.99486902511477
3.836355157222847,72.99851491832051
3.83640237745886,72.99851491832051
3.836424110071539,73.00215982721382
3.836457981051731,73.00215982721382
3.8365587820774705,73.00580375219327
3.836644453400921,73.00944669365722
3.83681131446562,73.01308865200377
3.8368540543443603,73.01672962763087
3.8369444327087976,73.0203696209362
3.8371113939408756,73.02400863231723
3.8371125951773593,73.02764666217128
3.8374391868758013,73.02764666217128
3.8374972618894403,73.03128371089535
3.8376209025021435,73.03128371089535
3.837638955528003,73.03491977888635
3.837740649261311,73.03855486654085
3.8377797155342397,73.0421889742553
3.837833298854281,73.04582210242587
3.837962096848617,73.04582210242587
3.8380020944341218,73.04582210242587
3.8382043939839523,73.04945425144858
3.838526164410662,73.05308542171922
3.8385329171130063,73.0567156136333
3.8386673092742787,73.0567156136333
3.8389504499725517,73.0603448275862
3.8389675303483695,73.06397306397307
3.8390276192710293,73.0676003231888
3.8390577347463903,73.0676003231888
3.839104828842516,73.07122660562811
3.839149925747126,73.07485191168551
3.8393922290463225,73.07485191168551
3.8394426868557305,73.07847624175528
3.8394611348681766,73.0820995962315
3.8395732285843236,73.0820995962315
3.8395869340175603,73.08572197550801
3.839645071004867,73.08934337997847
3.8399703669108205,73.09296381003632
3.8399965555342255,73.09658326607479
3.8400105622857157,73.09658326607479
3.840126197802386,73.09658326607479
3.840275976720566,73.10020174848688
3.8404706497731995,73.10381925766542
3.840592683787588,73.10743579400297
3.8407156919271093,73.10743579400297
3.8407571785097696,73.11105135789191
3.8409495770782103,73.11466594972443
3.8411598258039352,73.11466594972443
3.8413348549717754,73.11827956989248
3.8415139714800066,73.12189221878779
3.8416249141288863,73.12189221878779
3.8417513037066064,73.12550389680193
3.8418690205105834,73.12911460432622
3.841884648078285,73.13272434175174
3.841914793989652,73.13272434175174
3.8422225847970775,73.13633310946945
3.8422642289023585,73.13994090787
3.842656581487557,73.1435477373439
3.8429446449655287,73.14715359828142
3.8430983033734374,73.15075849107264
3.8437654233526617,73.15075849107264
3.8440490077431293,73.15436241610739
3.844094448283432,73.15436241610739
3.8441419512208874,73.15796537377534
3.8441458140408113,73.16156736446592
3.8444402731070904,73.16516838856836
3.844628869561548,73.16516838856836
3.844770782214918,73.16876844647169
3.84523636578241,73.17236753856471
3.8454310973829626,73.17596566523605
3.84568274627224,73.17596566523605
3.8457161896688397,73.17596566523605
3.8457529304733398,73.17956282687408
3.845894116249402,73.18315902386698
3.846037846338105,73.18675425660275
3.846457350938717,73.19034852546918
3.846663472504013,73.19394183085377
3.846703100037626,73.19753417314394
3.8467319384114367,73.2011255527268
3.847037240289756,73.20471596998928
3.847229025911029,73.20830542531816
3.847230500430427,73.21189391909992
3.84738590585515,73.21189391909992
3.84748787622848,73.2154814517209
3.847614689708024,73.2154814517209
3.8476320917943525,73.21906802356722
3.847756013624666,73.21906802356722
3.847924769191857,73.22265363502477
3.84808084337486,73.22623828647924
3.8482777299211586,73.22623828647924
3.8484295970172457,73.22982197831615
3.848512638739834,73.22982197831615
3.848616255658617,73.22982197831615
3.848819585612212,73.23340471092077
3.8489475546093432,73.23698648467818
3.8490517903021373,73.23698648467818
3.8491461700623364,73.23698648467818
3.8492287362820177,73.24056729997324
3.849930240900539,73.24414715719062
3.8500348430029745,73.24772605671482
3.8501688971541577,73.25130399893006
3.8502413586651376,73.25488098422038
3.850730010754662,73.25845701296964
3.850738363865025,73.2620320855615
3.8508012544131804,73.26560620237936
3.851036182763611,73.26917936380647
3.8511815647484493,73.26917936380647
3.8512287257355946,73.27275157022585
3.851352054859056,73.27632282202032
3.8514513381766755,73.27989311957248
3.8515222482087728,73.28346246326475
3.8520609594367183,73.28703085347937
3.852109112054214,73.29059829059828
3.85217343195492,73.29416477500334
3.8522836221827763,73.29773030707611
3.8524293321890983,73.29773030707611
3.8525087386891967,73.30129488719798
3.852515662097291,73.30485851575014
3.8529402218535624,73.30842119311357
3.853210370681391,73.30842119311357
3.8533325429096656,73.31198291966908
3.85404090387612,73.3155436957972
3.8546009392449516,73.31910352187833
3.854614806970739,73.32266239829265
3.8546690353869684,73.32622032542011
3.8547827768887326,73.32977730364048
3.855092216297406,73.33333333333333
3.855194437067306,73.33688841487802
3.855243442200347,73.33688841487802
3.8553636630678967,73.3404425486537
3.8553653128146976,73.34399573503931
3.8555675440476964,73.34399573503931
3.8555994721301494,73.34399573503931
3.8558718713959665,73.34754797441366
3.8560687074484306,73.35109926715523
3.8560736726689715,73.35464961364242
3.856077808165415,73.35464961364242
3.85610775387646,73.35819901425337
3.8561078307652052,73.36174746936601
3.856428305538848,73.36529497935811
3.856549919507613,73.36884154460719
3.856700450050147,73.36884154460719
3.856712164303695,73.36884154460719
3.8568498324614806,73.37238716549062
3.856943445890261,73.37593184238551
3.8570229648758123,73.37947557566883
3.857124264690784,73.38301836571732
3.8571487781681704,73.38301836571732
3.8571500575811357,73.38656021290751
3.8573336077476537,73.38656021290751
3.8574009948846952,73.39010111761576
3.8576822577611765,73.39010111761576
3.8576853810859353,73.39364108021817
3.8576870079338557,73.39364108021817
3.8577675930994864,73.39718010109073
3.857802013079591,73.39718010109073
3.8578590428301633,73.40071818060913
3.857897799409755,73.40425531914893
3.857911134934557,73.40425531914893
3.8579238987920976,73.4077915170855
3.8579621247511433,73.4077915170855
3.8579787621572583,73.41132677479393
3.8580698913215232,73.41132677479393
3.8581968163661657,73.4148610926492
3.8583630779744347,73.41839447102605
3.858379341004066,73.421926910299
3.8585963953864915,73.42545841084241
3.858653933826501,73.42898897303043
3.858713892152426,73.43251859723698
3.8588107827636846,73.43604728383583
3.8588985533252695,73.43604728383583
3.8592441653555216,73.43957503320053
3.8592573868029065,73.44310184570442
3.8593185332271496,73.44662772172066
3.8594463292893018,73.44662772172066
3.859590124349426,73.4501526616222
3.8596683809382912,73.45367666578179
3.85984249413859,73.457199734572
3.859888169180723,73.457199734572
3.8599114404466883,73.46072186836517
3.8601295810232528,73.4642430675335
3.860199265235841,73.4642430675335
3.8603470508258373,73.46776333244892
3.8605394233475283,73.46776333244892
3.8609225954574993,73.46776333244892
3.860938972808854,73.46776333244892
3.861216822449408,73.47128266348322
3.861396865017325,73.47128266348322
3.8614535746527423,73.47128266348322
3.8614643534814914,73.47480106100795
3.8615269225589284,73.47831852539451
3.8618091011066658,73.48183505701405
3.8623206497394587,73.48535065623757
3.8627164188180823,73.48886532343585
3.862754328652255,73.49237905897945
3.8628810750915696,73.49589186323881
3.862896749520133,73.49940373658407
3.862913049501222,73.50291467938527
3.8629726560017845,73.50642469201219
3.8631642564185267,73.50642469201219
3.863551481250279,73.50993377483444
3.8635738594097737,73.51344192822143
3.863620325952126,73.51694915254238
3.8639846227612473,73.52045544816629
3.864039189926112,73.523960815462
3.8642377340781255,73.52746525479816
3.8643204476868256,73.53096876654315
3.8643603871855823,73.53447135106524
3.864457337352507,73.53797300873246
3.864559981620681,73.53797300873246
3.864582230766791,73.54147373991269
3.8645937573051445,73.54497354497354
3.8646295167526703,73.54847242428251
3.864786531497641,73.54847242428251
3.864896373759506,73.54847242428251
3.8649728243024284,73.54847242428251
3.8649903201882507,73.55197037820682
3.865229369798189,73.55546740711358
3.865329517190131,73.55896351136964
3.8653494388543925,73.5624586913417
3.8653534623227084,73.56595294739626
3.8653956442291193,73.56595294739626
3.865544925078361,73.56595294739626
3.8656085738364876,73.56944627989957
3.8659643027903794,73.57293868921776
3.866149455826668,73.57643017571674
3.866207026771189,73.57992073976222
3.8664893625895216,73.58341038171972
3.8664923084069627,73.58341038171972
3.866539250413566,73.58689910195457
3.8665704116809456,73.5903869008319
3.8666382162631705,73.59387377871667
3.866712551620559,73.5973597359736
3.867071302560684,73.60084477296726
3.867275626422264,73.60432889006204
3.867424378688422,73.60781208762207
3.8676560066343484,73.61129436601135
3.868023895509499,73.61477572559367
3.868242059292058,73.61825616673262
3.86830127910425,73.6217356897916
3.8685394573996192,73.62521429513386
3.8685879888590557,73.62869198312237
3.868795410490536,73.63216875411997
3.8689358146344888,73.63564460848933
3.8690742066618644,73.63911954659285
3.8691378892395853,73.64259356879283
3.869306930359943,73.64606667545132
3.869914837394478,73.64606667545132
3.87002638482502,73.64953886693017
3.8700467063346564,73.64953886693017
3.8702742153185477,73.65301014359109
3.8703005748500585,73.65648050579557
3.870314533043987,73.65648050579557
3.87048434730832,73.65994995390491
3.870554591536199,73.66341848828021
3.8707153871656055,73.66341848828021
3.870744740586364,73.66688610928243
3.8709100364728606,73.67035281727225
3.8711389126044065,73.67381861261025
3.8711696606138966,73.67728349565675
3.8711949561323493,73.68074746677195
3.8712522340971516,73.68421052631578
3.8717000323752213,73.68421052631578
3.8717273105450536,73.68421052631578
3.871911769284168,73.68421052631578
3.8720349962895884,73.68767267464807
3.8722170411290575,73.6911339121284
3.872671577175762,73.69459423911614
3.8727336844985496,73.69805365597054
3.872740941175463,73.70151216305062
3.872805197674646,73.70496976071522
3.8732102748452992,73.70496976071522
3.8732730765879824,73.70496976071522
3.873416081040759,73.708426449323
3.873626912210833,73.71188222923239
3.8739439053022275,73.71533710080168
3.874114900541891,73.71879106438897
3.874229304629758,73.72224412035212
3.874287267911382,73.72569626904887
3.874575061953964,73.72914751083673
3.874628151988503,73.72914751083673
3.8748636800035703,73.72914751083673
3.874966407777432,73.73259784607302
3.8749790164587288,73.7360472751149
3.8752877706804063,73.7360472751149
3.8753250163724355,73.73949579831933
3.875754812431614,73.74294341604306
3.876012769844098,73.74639012864269
3.876168498317374,73.74983593647461
3.8765093813569087,73.75328083989501
3.876557000521443,73.75672483925993
3.876581711559076,73.76016793492522
3.8769160250951447,73.7636101272465
3.8770812008536653,73.76705141657922
3.8773856478725026,73.77049180327869
3.877431397892507,73.77393128769998
3.877501647668106,73.77393128769998
3.877555140624474,73.77736987019799
3.87799611670053,73.78080755112742
3.8780342998230912,73.78424433084284
3.878052484638079,73.78424433084284
3.8781958562339787,73.78424433084284
3.878200236148943,73.78768020969856
3.8782056341447553,73.79111518804875
3.878221501082143,73.79454926624737
3.878341305635769,73.79798244464824
3.878443287744182,73.79798244464824
3.8784554707671144,73.80141472360494
3.8785719355042327,73.80484610347085
3.8785777822857317,73.80827658459927
3.8789393529035987,73.81170616734319
3.8790284556481494,73.81170616734319
3.8791616759758107,73.81513485205551
3.879168099991446,73.81856263908888
3.8792868045493836,73.82198952879581
3.8795218042129975,73.8254155215286
3.8795473650607537,73.8254155215286
3.8795546709686803,73.82884061763936
3.8796029657341093,73.83226481748004
3.879615623442201,73.83568812140241
3.879680976148256,73.83568812140241
3.8796831495792192,73.83911052975802
3.8798345493248534,73.83911052975802
3.8801366654795904,73.84253204289824
3.8801545121419196,73.84253204289824
3.880340314766859,73.84595266117432
3.8804049683326176,73.84595266117432
3.8804075218883587,73.84937238493724
3.8805633509169817,73.85279121453785
3.880565068108174,73.8562091503268
3.880962444432825,73.85962619265456
3.8811142454737597,73.8630423418714
3.8811640455758285,73.86645759832746
3.8811648745516725,73.86645759832746
3.881303388958254,73.86645759832746
3.8816215146056785,73.86987196237261
3.8820236300340567,73.87328543435663
3.8820283644150346,73.87669801462906
3.8821666790091727,73.87669801462906
3.8832956713528795,73.87669801462906
3.8833366780356053,73.88010970353925
3.8835330094502667,73.88010970353925
3.88356580223851,73.88352050143641
3.8836638487378137,73.88693040866954
3.883910113187476,73.89033942558747
3.8841482230787876,73.89374755253884
3.8841499872991188,73.8971547898721
3.884544380858248,73.90056113793554
3.884727094154176,73.90396659707724
3.884750215634133,73.90737116764514
3.885197153208109,73.91077484998696
3.8852430114440946,73.91417764445023
3.8852867688369908,73.91417764445023
3.885444745880051,73.91757955138237
3.8857067236510523,73.92098057113053
3.8857270074910537,73.92438070404172
3.885943901802233,73.92438070404172
3.8859918641645335,73.92777995046278
3.8860400126465993,73.92777995046278
3.886116110145106,73.93117831074035
3.8862496745915047,73.9345757852209
3.8864476299893798,73.93797237425072
3.886462722812772,73.9413680781759
3.8864653047617503,73.94476289734236
3.8865529888154713,73.94815683209586
3.886621269903952,73.95154988278198
3.886704035403418,73.95494204974607
3.887242574965797,73.95833333333334
3.8872754866996733,73.96172373388882
3.8876532325134807,73.96511325175736
3.887865070431099,73.96850188728361
3.887954401480034,73.97188964081207
3.888042068024284,73.97527651268705
3.888258224305071,73.97866250325266
3.888688462076644,73.98204761285287
3.888723169718565,73.98204761285287
3.8888469489423096,73.98543184183143
3.8888510687847115,73.98881519053194
3.8889234492962554,73.99219765929779
3.8891497702723186,73.99219765929779
3.8892469920408135,73.99557924847224
3.889483735619801,73.99895995839833
3.889689219274617,73.99895995839833
3.889708953280416,74.00233978941895
3.88993833650368,74.00233978941895
3.8901570087072774,74.00571874187679
3.890261037864456,74.00571874187679
3.8903943468302162,74.00909681611436
3.8904379976383425,74.01247401247402
3.8905396348364207,74.01585033129791
3.890725016550599,74.01922577292804
3.890734841454686,74.0226003377062
3.890787626058958,74.02597402597402
3.8908812079043575,74.02934683807297
3.891105650486363,74.03271877434433
3.8911652020091494,74.03608983512918
3.8915844060226776,74.03946002076843
3.8916516096196485,74.04282933160286
3.891703038943105,74.04282933160286
3.891885820417679,74.04619776797301
3.8920922324768066,74.04956533021928
3.892513156759326,74.04956533021928
3.8925373361444726,74.04956533021928
3.8925549232449583,74.0529320186819
3.892604264486797,74.05629783370087
3.892871405701787,74.05966277561609
3.8930159388788934,74.06302684476721
3.8931553400583843,74.06639004149378
3.893334568649336,74.06639004149378
3.8935717147352196,74.06639004149378
3.8938460230460197,74.0697523661351
3.893846435628581,74.0697523661351
3.89401056947571,74.07311381903034
3.8940256101766844,74.07647440051846
3.89405801657185,74.07983411093831
3.8941877844956894,74.08319295062849
3.894266381776386,74.08655091992745
3.8943093065016736,74.08990801917346
3.8947626093176204,74.08990801917346
3.8950728709699924,74.08990801917346
3.8950868167989237,74.09326424870466
3.895401697151622,74.09661960885896
3.8956058681798984,74.09997409997409
3.8956237532717046,74.10332772238768
3.8958388920385776,74.10668047643708
3.8960015346485393,74.10668047643708
3.896033400842234,74.11003236245955
3.896262590140965,74.11338338079213
3.8963082979090555,74.1167335317717
3.8966947823825726,74.12008281573499
3.8967029737994223,74.1234312330185
3.897146391423047,74.1267787839586
3.897210570859668,74.13012546889148
3.8974043972738426,74.13012546889148
3.8975070751594982,74.13012546889148
3.897714538427518,74.13347128815313
3.8982088812814664,74.13681624207939
3.8983027237311783,74.14016033100594
3.8983399493500417,74.14350355526827
3.89873653234533,74.14350355526827
3.8989636570072417,74.14684591520165
3.899025788612493,74.14684591520165
3.8992779149505554,74.14684591520165
3.899418254012605,74.15018741114126
3.899496957216103,74.15018741114126
3.900126440191718,74.15018741114126
3.9001476178731713,74.15352804342207
3.900374865458156,74.15686781237886
3.9005042111544874,74.16020671834626
3.9005820511228277,74.1635447616587
3.9006888358010956,74.16688194265048
3.900705875774201,74.17021826165569
3.9007067618339706,74.17355371900827
3.9007168084917834,74.17688831504196
3.9007653169685375,74.18022205009038
3.900767073158275,74.1835549244869
3.900772094161631,74.18688693856478
3.900802121609058,74.18688693856478
3.9008365002749468,74.19021809265712
3.900860144013279,74.19021809265712
3.9011249588891044,74.19354838709677
3.9012910935955305,74.19354838709677
3.901438822671559,74.19687782221649
3.9014586238912234,74.20020639834881
3.9015623970413196,74.20020639834881
3.901569813081165,74.20020639834881
3.901606982301435,74.20353411582613
3.9016578293075486,74.20686097498066
3.901850852831267,74.20686097498066
3.902080614834278,74.21018697614443
3.9021950063759063,74.21018697614443
3.9023083736443045,74.21018697614443
3.902373093602086,74.21351211964931
3.9026616159010112,74.216836405827
3.902800252503118,74.22015983500903
3.9028391474641744,74.22348240752675
3.9029518708059707,74.22680412371135
3.903157607420705,74.23012498389383
3.9031631088684002,74.23344498840505
3.9032007351495057,74.23676413757569
3.9035425793804848,74.24008243173623
3.9036204271787556,74.243399871217
3.903661746404905,74.24671645634818
3.9037521701207267,74.25003218745977
3.903946243091528,74.25334706488157
3.9041304292783434,74.25666108894323
3.904392635916563,74.25997425997426
3.9046872667336086,74.26328657830396
3.9047572558562877,74.26659804426146
3.904826394825418,74.26990865817574
3.905007080818949,74.26990865817574
3.905113224434182,74.26990865817574
3.905265982532341,74.26990865817574
3.906247973983341,74.27321842037561
3.906287545673187,74.27652733118971
3.9063480235877486,74.27652733118971
3.9065352389909362,74.2798353909465
3.9067186973390937,74.28314259997428
3.906762000534555,74.28644895860118
3.907132390722324,74.28975446715516
3.9072256470772375,74.28975446715516
3.907633353954689,74.293059125964
3.907921797073642,74.29636293535535
3.907940016984635,74.29966589565664
3.90798590307072,74.30296800719518
3.9081208394434914,74.30626927029805
3.908269948881908,74.30956968529223
3.9084054267365955,74.3128692525045
3.908597135861502,74.31616797226145
3.9088136340080193,74.31946584488958
3.9091256379714467,74.31946584488958
3.909138550213578,74.32276287071511
3.909176314249017,74.32605905006419
3.9092338554152835,74.32935438326274
3.909362209148165,74.33264887063655
3.9093831327109814,74.33594251251124
3.9096707929772867,74.33923530921221
3.9097289624988556,74.34252726106479
3.9100835394618048,74.34581836839405
3.9104886609864864,74.34581836839405
3.9105303321237637,74.34581836839405
3.910556590294231,74.34910863152494
3.910600785915522,74.35239805078226
3.9107025931572896,74.35239805078226
3.9108456763291044,74.35239805078226
3.9108698779512663,74.35568662649058
3.9111081513832024,74.35897435897436
3.911246978332412,74.35897435897436
3.9113182034456275,74.36226124855789
3.9113320506334626,74.36554729556524
3.9114772162908986,74.3688325003204
3.9118424056987777,74.37211686314711
3.911906581389606,74.375400384369
3.9119376005287414,74.3786830643095
3.9120279674358964,74.3786830643095
3.912049150926402,74.38196490329192
3.912100755494629,74.38524590163934
3.912212304878707,74.38852605967473
3.9123265673893917,74.39180537772087
3.9124093350098974,74.39508385610037
3.912562168593158,74.39508385610037
3.9126044538963627,74.39508385610037
3.9128423626470776,74.39508385610037
3.9129785089698523,74.39508385610037
3.9132758122289504,74.39836149513569
3.9136235571698768,74.40163829514911
3.9137384725351327,74.40491425646276
3.913941006747213,74.40818937939859
3.9139431142523984,74.40818937939859
3.914183153938137,74.4114636642784
3.9145432692928814,74.41473711142382
3.91481143718956,74.41800972115631
3.9148966231507805,74.42128149379717
3.9149436273088902,74.42455242966753
3.9150062632252807,74.42455242966753
3.915217538416049,74.42455242966753
3.9153171258954136,74.42782252908835
3.9153567317796525,74.43109179238047
3.915416118227576,74.43109179238047
3.915773053656976,74.4343602198645
3.916397592920724,74.4343602198645
3.916455129714863,74.43762781186093
3.9165376813559702,74.43762781186093
3.916700081976906,74.4408945686901
3.9167673678116945,74.44416049067212
3.9168310099466965,74.447425578127
3.9168780233935316,74.447425578127
3.91687946261182,74.45068983137455
3.9169103421378746,74.45395325073446
3.917025873660209,74.45395325073446
3.917334350209353,74.45721583652617
3.9178490775081047,74.45721583652617
3.917929373352483,74.46047758906909
3.917955082648133,74.46373850868233
3.9179691706086626,74.46699859568491
3.9180157163718463,74.47025785039571
3.918246232378005,74.47025785039571
3.918407617274462,74.47351627313338
3.9184518347748285,74.47677386421644
3.9185286619790887,74.48003062396326
3.918904923469366,74.48328655269202
3.919162314708778,74.48654165072075
3.9192023922963912,74.48979591836735
3.919276371327999,74.4930493559495
3.9193786774463897,74.49630196378475
3.9194063035780458,74.49955374219049
3.919561730544081,74.49955374219049
3.919636458136238,74.50280469148393
3.9196643040241628,74.50605481198215
3.919701864591651,74.50930410400204
3.9198830154879016,74.50930410400204
3.9199114334422838,74.51255256786033
3.919931341604728,74.51255256786033
3.9202149672236253,74.5158002038736
3.92028778414673,74.51904701235826
3.920538296088747,74.52229299363057
3.9205711016291005,74.52553814800662
3.920895928675402,74.52878247580234
3.920949176745125,74.5320259773335
3.9212629534125583,74.5352686529157
3.9214470427696395,74.53851050286443
3.9216051142877375,74.54175152749491
3.9218856671859297,74.54499172712231
3.92191651975625,74.54823110206159
3.9219319894451172,74.54823110206159
3.921970836184523,74.55146965262756
3.921992504588278,74.55470737913485
3.922065645686098,74.55470737913485
3.9220736312236775,74.55794428189797
3.9221952009151,74.56118036123124
3.9223277576154,74.56118036123124
3.92241710034774,74.56441561744882
3.9224747642229323,74.56441561744882
3.922534407258734,74.5676500508647
3.9225653452985716,74.57088366179275
3.9230384405145964,74.57411645054665
3.9232126266803875,74.57734841743994
3.9232678675156984,74.58057956278597
3.923272202956897,74.58380988689795
3.9233496663751435,74.58703939008895
3.9241109023535445,74.58703939008895
3.924252652828167,74.58703939008895
3.92450822889497,74.58703939008895
3.9245406883416507,74.59026807267183
3.9245680099478695,74.59349593495935
3.9245738767709226,74.59349593495935
3.9246551262558227,74.59672297726406
3.924684779571499,74.59994919989839
3.9248708198135214,74.59994919989839
3.9248840058806906,74.60317460317461
3.924923279109159,74.60639918740478
3.925261395514678,74.60639918740478
3.9252794485312137,74.60962295290085
3.9253751286944745,74.61284589997462
3.9254335497647364,74.61606802893769
3.9258487989956583,74.61606802893769
3.9259335669412794,74.61606802893769
3.9260119248091674,74.61928934010153
3.926185200383377,74.61928934010153
3.9263607914374297,74.61928934010153
3.9270412248579603,74.62250983377744
3.9271459767763948,74.62572951027659
3.9271755498753724,74.62572951027659
3.9272493360032468,74.62894836990993
3.9272715557359565,74.63216641298833
3.9276370294068608,74.63538363982245
3.9276437275472693,74.6386000507228
3.927646071614864,74.64181564599974
3.9277478160412453,74.64181564599974
3.928245461114912,74.64503042596348
3.928378844133621,74.64824439092406
3.928561469216701,74.65145754119138
3.928641303683026,74.65145754119138
3.928666803422889,74.65145754119138
3.9286914979346688,74.65145754119138
3.9288008479142906,74.65466987707515
3.928805287498201,74.65788139888495
3.9289089251511977,74.65788139888495
3.92899772205122,74.6610921069302
3.929010858499697,74.66430200152014
3.9290586062712585,74.6675110829639
3.9292892342024346,74.67071935157041
3.9294046685821513,74.67071935157041
3.9295439983106384,74.67392680764847
3.930000037000947,74.6771334515067
3.9300004094096375,74.6803392834536
3.9301856572909064,74.68354430379746
3.930196601234499,74.68354430379746
3.9302202347189783,74.68674851284648
3.9302236242237054,74.68995191090862
3.9302315769724476,74.69315449829179
3.9303701323533193,74.69635627530364
3.9303807493117464,74.69635627530364
3.9304347462089817,74.69955724225173
3.930435351014959,74.70275739944347
3.930514750412488,74.70595674718604
3.9306453696234964,74.70915528578655
3.930834078643266,74.7123530155519
3.9308513180086684,74.7123530155519
3.9313228556988524,74.71554993678888
3.9313343958996776,74.71874604980407
3.931385358946384,74.72194135490395
3.9314385477902127,74.72194135490395
3.931492405179787,74.7251358523948
3.931501845057594,74.72832954258276
3.931632866785887,74.73152242577385
3.931701534564594,74.73152242577385
3.9318689725818428,74.73152242577385
3.9319770186077903,74.73152242577385
3.932241983446498,74.73152242577385
3.932250719004711,74.73471450227387
3.932358230824805,74.73790577238853
3.9324513341212577,74.74109623642335
3.9324560726930176,74.74428589468367
3.932543766852821,74.74428589468367
3.9326305988485353,74.74747474747475
3.9326925205153684,74.74747474747475
3.9327556068689824,74.75066279510163
3.932812101679918,74.75385003786923
3.932861139820482,74.75703647608229
3.932928879408082,74.76022211004543
3.9331669378436853,74.76340694006309
3.933333322455659,74.76659096643957
3.9336115355950563,74.769774189479
3.934602845433397,74.77295660948536
3.9346162699533997,74.77613822676251
3.9348324699624446,74.77931904161412
3.934869060613602,74.7824990543437
3.934966824801479,74.78567826525466
3.935097226040325,74.78567826525466
3.9352609720076677,74.78885667465019
3.935271513835847,74.79203428283337
3.9359906711726684,74.79521109010712
3.936109288952574,74.79838709677419
3.9361225486089753,74.8015623031372
3.9363057483460753,74.80473670949861
3.936324223090896,74.80791031616073
3.936381278358908,74.81108312342569
3.9364291045342172,74.81425513159552
3.9367653951068586,74.81742634097205
3.936903531451753,74.81742634097205
3.9371719660136395,74.82059675185698
3.937220454063808,74.82059675185698
3.937243838945824,74.82059675185698
3.9373571246598886,74.82059675185698
3.937551302824432,74.82376636455186
3.9376700699932536,74.82693517935809
3.93773044352994,74.82693517935809
3.937865671402769,74.82693517935809
3.9380049041373413,74.82693517935809
3.9380495143966456,74.82693517935809
3.9380970334030643,74.83010319657689
3.9383519031080216,74.83327041650938
3.9385597297610073,74.83643683945647
3.938572484231028,74.83960246571895
3.9386099591242587,74.84276729559748
3.9386399158974577,74.84593132939253
3.938729097337596,74.84909456740442
3.9387828896344748,74.85225700993335
3.9388505979571633,74.85541865727936
3.9393558310309946,74.85541865727936
3.93936202636563,74.8585795097423
3.9395766865983233,74.86173956762192
3.939637905293407,74.8648988312178
3.9396836199622554,74.86805730082935
3.939686267442994,74.87121497675588
3.939756163281028,74.87437185929649
3.939838026873026,74.87437185929649
3.9401160096880306,74.87752794875016
3.9403513168616695,74.88068324541572
3.9406671447584096,74.88383774959186
3.9408323886568155,74.8869914615771
3.9408638439773456,74.8869914615771
3.940940303428569,74.89014438166981
3.9411964763409375,74.89329651016821
3.941243242806678,74.89644784737041
3.9413396449400455,74.8995983935743
3.941447177615159,74.90274814907768
3.941780774301824,74.90589711417816
3.9417930503197227,74.90904528917325
3.9418290680153603,74.91219267436026
3.9419547849550662,74.91533927003637
3.9421444862971953,74.91848507649863
3.9422276022016316,74.92163009404389
3.9422693307728776,74.92163009404389
3.9424765740041727,74.92477432296891
3.942492980876128,74.92791776357026
3.942547352291449,74.9310604161444
3.9431680791720156,74.9310604161444
3.9432527607300436,74.93420228098759
3.943388972334617,74.93734335839599
3.9434632546411077,74.94048364866558
3.9437046166979153,74.94362315209221
3.9443866482562466,74.94676186897156
3.9448171379284758,74.9498997995992
3.94495063069707,74.9498997995992
3.945136721760719,74.95303694427051
3.945164162621805,74.95303694427051
3.9453267305464808,74.95303694427051
3.945579073726461,74.95617330328074
3.94589171452485,74.95617330328074
3.946150582975268,74.95617330328074
3.9462028865648557,74.95617330328074
3.94633240631686,74.95930887692501
3.94641536066373,74.95930887692501
3.9465666610275814,74.96244366549824
3.9470165255411116,74.96244366549824
3.947196056372826,74.96557766929529
3.9475317583312917,74.96871088861077
3.9475789694805488,74.97184332373921
3.947687745361904,74.97497497497497
3.948225464929548,74.97810584261228
3.948474080038353,74.97810584261228
3.948852711569652,74.98123592694522
3.948955384026599,74.98436522826766
3.9490258010140513,74.98749374687344
3.949059764446542,74.99062148305615
3.9491004290429137,74.99374843710928
3.9493017946487377,74.99687460932617
3.949491193186799,75.0
3.9495399871139574,75.0
3.949554527446557,75.00312460942382
3.949555261887396,75.00624843789053
3.949750087131871,75.00624843789053
3.9497632459133,75.00937148569287
3.9500298251526216,75.01249375312344
3.9501834199547368,75.0156152404747
3.950417006530806,75.0156152404747
3.950685262163744,75.01873594803897
3.950820899678964,75.0218558761084
3.9508998262484996,75.02497502497502
3.9509777745143375,75.0280933949307
3.9513443626073124,75.03121098626715
3.9515009001404877,75.03121098626715
3.9517767732975733,75.03121098626715
3.9521121424085592,75.03432779927599
3.9521862925491424,75.03744383424863
3.9524913155567023,75.03744383424863
3.9525812878029534,75.03744383424863
3.9525828249403543,75.04055909147635
3.9528560647420448,75.04367357125031
3.9528661349542156,75.04367357125031
3.9530360254245016,75.04678727386151
3.953323751279207,75.0499001996008
3.953386749545429,75.05301234875888
3.9534925869840922,75.05612372162635
3.953807499363387,75.05923431849357
3.9538842235100393,75.05923431849357
3.9540864991508933,75.06234413965088
3.9542860440571057,75.06234413965088
3.954303486000887,75.06545318538835
3.9543750970441445,75.06545318538835
3.9547127575747134,75.068561455996
3.9547835539552327,75.068561455996
3.954822025588545,75.07166895176368
3.955020730028957,75.07477567298105
3.955114393076718,75.0778816199377
3.955643569407062,75.0778816199377
3.955682410157106,75.080986792923
3.955824695217073,75.08409119222623
3.956042870705668,75.08719481813652
3.956080007459821,75.09029767094283
3.9561309402427396,75.09029767094283
3.9563082217463714,75.093399750934
3.956346347726592,75.0965010583987
3.956498790380859,75.0965010583987
3.956771343576568,75.0996015936255
3.9570055535327424,75.10270135690278
3.957091474160965,75.10270135690278
3.9571623938918745,75.1058003485188
3.957199848679632,75.1058003485188
3.957376510443757,75.10889856876167
3.9573772142284764,75.10889856876167
3.957559375366969,75.11199601791935
3.95756334160629,75.11199601791935
3.957610376012253,75.1150926962797
3.9576262267509614,75.11818860413038
3.95805750165913,75.11818860413038
3.958122602091428,75.11818860413038
3.958503239772051,75.12128374175893
3.9585534075820314,75.12437810945273
3.958555461869094,75.12437810945273
3.958588236735172,75.12747170749907
3.958613850231076,75.13056453618503
3.958633091381939,75.13056453618503
3.9587454290864437,75.13365659579759
3.958758954747256,75.13365659579759
3.959012907551621,75.13674788662357
3.9590725453218765,75.13983840894966
3.9591887448517578,75.1429281630624
3.9592528634112045,75.14601714924817
3.959431656745268,75.14910536779324
3.9596784727898706,75.15219281898372
3.959760635884932,75.15527950310559
3.959987328729392,75.15836542044467
3.960013688815065,75.16145057128664
3.9600337211378798,75.16453495591705
3.9601665297595905,75.16761857462132
3.960414703252057,75.17070142768468
3.9604707137605892,75.17378351539226
3.9605220647130417,75.17686483802905
3.9609602401530397,75.17994539587987
3.961126102703652,75.18302518922944
3.961458256478419,75.18610421836229
3.9617032818177425,75.18918248356283
3.9622516483438295,75.19225998511536
3.962300141018698,75.19225998511536
3.9626732234959645,75.19533672330398
3.9628303966770386,75.1984126984127
3.9628671637297277,75.20148791072536
3.9630401963293345,75.20456236052566
3.963071538583615,75.20456236052566
3.9632509721662137,75.20456236052566
3.963641444426402,75.20763604809719
3.963891268258537,75.21070897372336
3.964024705107956,75.21378113768745
3.9643196764154016,75.21685254027261
3.9643271267250135,75.21992318176186
3.964371479263711,75.22299306243806
3.9647121510764065,75.22299306243806
3.9649962777177965,75.22606218258392
3.9653250586351536,75.22606218258392
3.9653341498598,75.22913054248204
3.9653433289521915,75.22913054248204
3.965398553389034,75.22913054248204
3.9654547518310883,75.22913054248204
3.9655342972278076,75.23219814241486
3.9655928492680936,75.23526498266469
3.9656764615730324,75.23833106351368
3.9657308384246717,75.24139638524387
3.965784414269635,75.24446094813715
3.9659587814606363,75.24752475247524
3.9660429329515803,75.25058779853978
3.966160945927145,75.25365008661223
3.966276633068446,75.25671161697389
3.9663747266423504,75.25671161697389
3.9664230893704744,75.25977238990599
3.9664474407018995,75.25977238990599
3.9666631219296784,75.25977238990599
3.9671355077260904,75.26283240568955
3.9671972748386195,75.26283240568955
3.9672274365716036,75.26283240568955
3.967270055203315,75.26589166460549
3.967366483988369,75.26589166460549
3.9673985408303776,75.26895016693459
3.9674922499261074,75.27200791295748
3.9676617035526616,75.27506490295463
3.967686742357676,75.27812113720643
3.9677201411769554,75.28117661599309
3.967801681934655,75.28423133959467
3.9679141329147325,75.28728530829112
3.9680333445274942,75.29033852236225
3.9680496145926165,75.2933909820877
3.9681030715608028,75.29644268774703
3.9682124126566936,75.29644268774703
3.9682487447677675,75.29949363961961
3.968249839403133,75.30254383798469
3.9683703905008127,75.30559328312137
3.9685454566175933,75.30864197530865
3.9685848189035338,75.30864197530865
3.9687700198519735,75.30864197530865
3.9688747172844274,75.31168991482534
3.9689629002953564,75.31473710195013
3.969013094129265,75.31778353696163
3.9691395562936935,75.31778353696163
3.9691839619358915,75.32082922013821
3.969213897998641,75.32387415175818
3.9694837572295603,75.32691833209968
3.9695461949083315,75.32691833209968
3.969646895926392,75.32996176144073
3.969671926094167,75.3330044400592
3.9696722681002954,75.33604636823283
3.969738347374843,75.33908754623921
3.969956952386427,75.3421279743558
3.970247781223822,75.34516765285996
3.970342041917669,75.34820658202884
3.9704470441613595,75.35124476213952
3.970459970234728,75.35428219346888
3.970565387926144,75.35731887629375
3.970995352971593,75.36035481089073
3.971119848571094,75.36338999753633
3.971383493439303,75.36338999753633
3.9715310747852417,75.36338999753633
3.971680983519512,75.36642443650696
3.971807869247616,75.36945812807882
3.971898867111084,75.37249107252802
3.97191334187461,75.3755232701305
3.971948772431712,75.37855472116213
3.9720682779849397,75.38158542589856
3.972130268466767,75.38461538461539
3.9721567661019623,75.387644597588
3.9725332251290264,75.39067306509168
3.9725929296923135,75.39370078740157
3.972829964929409,75.39672776479271
3.9728785005353684,75.39672776479271
3.9729680222851713,75.39975399753997
3.9729815484675495,75.40277948591809
3.973024652610354,75.40277948591809
3.9730723593809665,75.40580423020167
3.973577488776879,75.4088282306652
3.973795558803422,75.41185148758298
3.973928765974191,75.41185148758298
3.9740227148316616,75.41487400122926
3.9743834993465366,75.41789577187808
3.9744863117873623,75.42091679980338
3.9747738759958215,75.42393708527894
3.974804237131006,75.42695662857845
3.974818954764966,75.42695662857845
3.974820407027383,75.42997542997543
3.9748901605154616,75.43299348974327
3.974937688260501,75.43299348974327
3.9749453948753235,75.43601080815525
3.975210361628031,75.43902738548447
3.975238262768729,75.44204322200393
3.9753149575724107,75.44204322200393
3.9753594571856055,75.44204322200393
3.975478070387897,75.4450583179865
3.9755695630395205,75.4450583179865
3.9755831716847565,75.4450583179865
3.975635668021454,75.4450583179865
3.9758317433079857,75.44807267370489
3.9759036173103772,75.45108628943169
3.9759105998955495,75.45108628943169
3.9759812398580485,75.45409916543937
3.976057456517221,75.45711130200024
3.9760886657690824,75.45711130200024
3.9761037506180963,75.4601226993865
3.9761287467243736,75.4631333578702
3.976266979155787,75.46614327772326
3.976770851722149,75.46915245921747
3.976940673173878,75.47216090262448
3.977244862925753,75.47516860821581
3.9772736204136963,75.47817557626287
3.977339657337027,75.4811818070369
3.977391203739063,75.48418730080903
3.9777634145622343,75.48418730080903
3.977932155158827,75.48719205785022
3.977972607128921,75.49019607843137
3.9782009009822765,75.49319936282318
3.9782452865903886,75.49620191129624
3.9782849080090963,75.49620191129624
3.9783068209056487,75.49620191129624
3.978719267654626,75.49920372412103
3.9789089813255876,75.50220480156786
3.9789438006929174,75.50520514390692
3.979544846829202,75.50520514390692
3.9797723809076757,75.50820475140829
3.9798286497182302,75.51120362434186
3.9800637396410847,75.51420176297748
3.980240844313211,75.51719916758476
3.98059838987561,75.5201958384333
3.980771894156119,75.52319177579244
3.981108330272193,75.52319177579244
3.981152290398163,75.52618697993148
3.9812161004711073,75.52918145111954
3.9812332179165986,75.53217518962563
3.9815017540524975,75.53516819571865
3.9817210052755208,75.53816046966732
3.9818655274276944,75.53816046966732
3.9818894913507963,75.54115201174024
3.9818931623621587,75.54414282220591
3.981984446364721,75.54414282220591
3.9821362157267086,75.54713290133267
3.9823392116383056,75.55012224938875
3.9824041579634226,75.55311086664221
3.982425766229819,75.55311086664221
3.9826142968141354,75.55609875336103
3.9829722963063503,75.55908590981304
3.9830124392376365,75.56207233626589
3.9832185565527416,75.56505803298718
3.983295837383279,75.56804300024432
3.983300568517837,75.57102723830464
3.983390558193084,75.57102723830464
3.983548639633585,75.57102723830464
3.983579861745806,75.57102723830464
3.9835876640312753,75.57102723830464
3.98371841485047,75.57401074743527
3.98377204604869,75.57699352790328
3.9838539275358564,75.57997557997558
3.983966240803879,75.58295690391894
3.984008163370491,75.5859375
3.9841509127551795,75.5889173684853
3.984533290977299,75.5889173684853
3.984584155776898,75.5918965096412
3.985243926551865,75.5918965096412
3.9854460317455405,75.59487492373398
3.9855475627642623,75.59785261102977
3.985711144149007,75.60082957179456
3.9857236185854865,75.60380580629422
3.986022699848998,75.60678131479449
3.9860867317827893,75.60975609756098
3.986133472887508,75.61273015485916
3.9861706651103335,75.6157034869544
3.9861709007743715,75.6157034869544
3.986383624177066,75.6157034869544
3.986761443770827,75.61867609411192
3.986874939968731,75.62164797659679
3.9869143131063796,75.62461913467398
3.986962612306849,75.62758956860833
3.9869647568991744,75.63055927866455
3.987049404355339,75.63055927866455
3.987265509660716,75.6335282651072
3.987503665902195,75.63649652820075
3.9879522524496083,75.63649652820075
3.9879763267692008,75.6394640682095
3.9881450695646428,75.64243088539764
3.9883887880386864,75.64539698002922
3.988548881169271,75.6483623523682
3.988578067786266,75.65132700267836
3.9886933008730194,75.65429093122337
3.98888064242596,75.6572541382668
3.9890456536430317,75.66021662407204
3.989080835424108,75.66317838890241
3.989114811091161,75.66613943302104
3.9891197239298295,75.66613943302104
3.989246753758567,75.669099756691
3.9892694007098823,75.67205936017515
3.9893993869686706,75.67501824373632
3.9894632517797533,75.67501824373632
3.9896923075497326,75.67797640763712
3.989874448085032,75.68093385214007
3.9899045959538584,75.68093385214007
3.989938767171753,75.6838905775076
3.9900895107252303,75.6838905775076
3.990144849125019,75.68684658400194
3.9901946153930337,75.68980187188525
3.9902898046637123,75.68980187188525
3.9903523696235608,75.69275644141953
3.9905728689803706,75.69571029286669
3.9906022394587777,75.69866342648845
3.9906434608819987,75.69866342648845
3.9909777276709812,75.69866342648845
3.9909988892740587,75.69866342648845
3.9910340683381706,75.70161584254646
3.9918170242670556,75.70456754130224
3.9919347311206996,75.70751852301713
3.9919959298942014,75.7104687879524
3.992057330133012,75.7104687879524
3.992072963532997,75.71341833636916
3.9921701374055423,75.71636716852841
3.9924809313311687,75.71931528469102
3.992507057396629,75.72226268511774
3.99262034273345,75.72520937006918
3.9927339153181385,75.72520937006918
3.9927974039468195,75.72520937006918
3.993273173056167,75.72815533980582
3.9933750041700025,75.72815533980582
3.993430320676441,75.73110059458803
3.9936694548832263,75.73404513467605
3.993723890768729,75.73698896032998
3.9937371551843435,75.7399320718098
3.9940836499089896,75.74287446937538
3.9940974856760287,75.74581615328644
3.9943046230345853,75.74875712380259
3.994429299207367,75.75169738118332
3.9944452541969793,75.75169738118332
3.994450291328495,75.75463692568796
3.9946330604314224,75.75757575757575
3.9948996664108267,75.76051387710581
3.9950891742557237,75.76345128453708
3.99510295008171,75.76638798012844
3.9952327457514225,75.76932396413861
3.9954013731163305,75.77225923682617
3.9957519939654564,75.7751937984496
3.9958126853129485,75.7751937984496
3.9958839313077275,75.7751937984496
3.9959113513205367,75.77812764926729
3.9960333380398354,75.7810607895374
3.9961279353993513,75.7839932195181
3.996131860043897,75.7839932195181
3.9961375278589166,75.78692493946731
3.996193269833785,75.7898559496429
3.9964426100202854,75.79278625030258
3.996784232194489,75.79571584170398
3.9968810345022825,75.79864472410455
3.997063727851094,75.80157289776164
3.997179691529906,75.80450036293249
3.9974339427881027,75.80742711987419
3.9974567641260927,75.81035316884373
3.9974849443081064,75.81327851009796
3.997910726586763,75.81620314389359
3.997924680586508,75.81620314389359
3.998135487606629,75.81912707048724
3.998312637104478,75.8220502901354
3.9983287169195467,75.8249728030944
3.998439319065005,75.8278946096205
3.9984662505389683,75.83081570996978
3.9986307562864014,75.83373610439827
3.9987269046594225,75.83373610439827
3.9987456990523405,75.83373610439827
3.998843552991999,75.83665579316178
3.9989607596632513,75.83957477651607
3.9990680259072144,75.84249305471675
3.9992435097217887,75.84541062801932
3.999302335270081,75.84832749667915
3.9994617499944676,75.85124366095147
3.999529037113349,75.85124366095147
3.9995567157629424,75.85415912109139
3.999557156348991,75.85707387735393
3.999614262021637,75.85998792999396
3.9996687913038875,75.86290127926624
3.9997069205945563,75.86581392542536
4.000345340002155,75.86872586872587
4.000755060660076,75.86872586872587
4.001015655107045,75.86872586872587
4.001146129027608,75.87163710942212
4.00117128631369,75.87163710942212
4.001172577392976,75.87163710942212
4.0013830134541095,75.87163710942212
4.001424200362493,75.87163710942212
4.001436939594131,75.87163710942212
4.00171969123839,75.87163710942212
4.001989836917482,75.87163710942212
4.002095544537539,75.8745476477684
4.002333819420163,75.87745748401882
4.002365854213332,75.87745748401882
4.002484048170652,75.8803666184274
4.002493473785932,75.88327505124805
4.002673964599235,75.88618278273451
4.003167363728129,75.88618278273451
4.003257835057832,75.88908981314044
4.003329342129467,75.89199614271939
4.003412046796874,75.89490177172472
4.003625726966769,75.89780670040975
4.003643812619151,75.9007109290276
4.00372956280589,75.9007109290276
4.003913544666584,75.90361445783132
4.004012123218735,75.90361445783132
4.004026846723228,75.90361445783132
4.004039618380462,75.90651728707385
4.004054430271955,75.90941941700795
4.004291136790123,75.90941941700795
4.004361640899494,75.9123208478863
4.004792157936544,75.91522157996147
4.004805716868072,75.91522157996147
4.005007479040231,75.91812161348585
4.005164021506933,75.91812161348585
4.005559611250201,75.92102094871177
4.006364377199311,75.92391958589143
4.006383729909929,75.92391958589143
4.006578566184918,75.92391958589143
4.006690810990443,75.92681752527685
4.007063993016193,75.92681752527685
4.007273082047707,75.92971476711999
4.007346132823041,75.92971476711999
4.007371415721136,75.92971476711999
4.007672317065425,75.93261131167269
4.008012974244402,75.93550715918663
4.008097740189623,75.93840230991337
4.008140172701644,75.93840230991337
4.008640305217115,75.94129676410442
4.008820934714971,75.94129676410442
4.008870131039282,75.94419052201107
4.008982957721002,75.94708358388455
4.008994303055779,75.94997594997595
4.009020716867153,75.95286762053625
4.009021775435709,75.9557585958163
4.009055448128591,75.9557585958163
4.009209120565622,75.95864887606683
4.00923089528116,75.96153846153845
4.009364816551734,75.96442735248168
4.009386420211008,75.96442735248168
4.009407137056612,75.96731554914685
4.009489358195451,75.97020305178421
4.009646245669464,75.97308986064391
4.009830575983879,75.97597597597597
4.009862940076304,75.97886139803026
4.00994806985953,75.98174612705655
4.009957550971779,75.98463016330452
4.010220194316198,75.98751350702365
4.010429934914468,75.99039615846338
4.0105491769403,75.99039615846338
4.010709629158075,75.993278117873
4.010773373688516,75.993278117873
4.010849667786852,75.99615938550168
4.011158437770525,75.99903996159847
4.011248269744896,76.00191984641229
4.011600060787911,76.00191984641229
4.011818953917121,76.00479904019195
4.011898145234055,76.00767754318618
4.011930778068795,76.01055535564352
4.012155720973866,76.01343247781243
4.01231038471044,76.01343247781243
4.0126836478354315,76.01343247781243
4.012854593704086,76.01630890994124
4.012889109607693,76.01918465227818
4.012902145230127,76.02205970507133
4.012992268507091,76.02493406856868
4.013021838055997,76.02780774301809
4.013209172007008,76.02780774301809
4.013420960018837,76.0306807286673
4.013556739848346,76.03355302576394
4.013781966923359,76.03642463455547
4.013827186889845,76.03929555528933
4.013843331574192,76.03929555528933
4.01414056664411,76.04216578821274
4.014603956072215,76.04503533357288
4.014698059319606,76.04790419161677
4.01475428601312,76.0507723625913
4.0147849746823026,76.0507723625913
4.01511122134319,76.0536398467433
4.01515230308085,76.05650664431941
4.015269592892077,76.0593727555662
4.0152792089897416,76.0593727555662
4.015280841956799,76.0622381807301
4.01530682368819,76.0622381807301
4.015320877861808,76.06510292005744
4.015482312287578,76.06796697379443
4.015543003482588,76.07083034218712
4.015586730156383,76.07369302548152
4.015628697554769,76.07369302548152
4.015628995821449,76.07655502392345
4.015650422172374,76.07941633775864
4.01567618769554,76.08227696723272
4.016187549397686,76.08513691259118
4.016280574860483,76.0879961740794
4.016281600454875,76.09085475194262
4.01637379105016,76.09085475194262
4.016736475078471,76.09371264642601
4.016854126539846,76.09371264642601
4.017044642317684,76.09371264642601
4.017205199936598,76.09656985777458
4.017231129024183,76.09942638623328
4.017343026626617,76.10228223204683
4.017354368673922,76.10513739545998
4.017457558433914,76.10799187671724
4.017459281962327,76.11084567606306
4.017485993080901,76.11369879374179
4.0179556540613435,76.11655122999761
4.018120206713401,76.11940298507463
4.018154328761747,76.11940298507463
4.0183608787077585,76.12225405921681
4.018388888948937,76.12510445266803
4.0183907506124195,76.12510445266803
4.018646621021087,76.127954165672
4.018651084043811,76.13080319847238
4.018717567343288,76.13365155131265
4.018731486426029,76.13365155131265
4.0187575976061085,76.13365155131265
4.018979988947786,76.13365155131265
4.019043366982908,76.13649922443622
4.019102242013316,76.13649922443622
4.01914950198353,76.13934621808637
4.019247577938454,76.14219253250626
4.019402309813957,76.14503816793892
4.019426459707836,76.14788312462731
4.0195101144099485,76.14788312462731
4.019576164067171,76.14788312462731
4.019600717006835,76.15072740281421
4.0199323850390964,76.15357100274234
4.020134143425879,76.15357100274234
4.020554056260866,76.15357100274234
4.020856754975597,76.15641392465426
4.020938660251773,76.15925616879247
4.020968168271225,76.16209773539929
4.020976989580565,76.16493862471697
4.021090150163573,76.16777883698761
4.021238762203778,76.17061837245323
4.021244947997861,76.17061837245323
4.021334778134533,76.17345723135574
4.021486804625666,76.17629541393687
4.021653405828043,76.1791329204383
4.022187586676378,76.1791329204383
4.022388421688916,76.1791329204383
4.0224462486977,76.18196975110159
4.022555574150913,76.18480590616814
4.022648270399499,76.18764138587927
4.022758710956396,76.19047619047619
4.0228106997598605,76.19047619047619
4.022912541296846,76.19047619047619
4.0229411780666045,76.19047619047619
4.023067523297439,76.19331032019998
4.023215734705571,76.19331032019998
4.023290295142569,76.1961437752916
4.023405701969399,76.1989765559919
4.023521617720152,76.20180866254165
4.023563640708652,76.20464009518145
4.023675342768863,76.2074708541518
4.023762284744777,76.21030093969311
4.024031362796655,76.21313035204567
4.024041040867853,76.21313035204567
4.024500217715627,76.21595909144963
4.02450172102189,76.21878715814506
4.024803041538374,76.2216145523719
4.024968983506587,76.22444127436995
4.0249898323087,76.22444127436995
4.02518173852694,76.22726732437893
4.026002771508871,76.23009270263846
4.026025303301287,76.232917409388
4.026148573123736,76.23574144486692
4.026545520310811,76.23856480931448
4.026581864945803,76.23856480931448
4.026592528144407,76.24138750296983
4.026598188004793,76.24420952607198
4.027161917311779,76.24703087885986
4.027657100511712,76.24985156157226
4.027787817814118,76.25267157444787
4.0279633274479965,76.25549091772528
4.027980293219893,76.25830959164293
4.028200441534613,76.26112759643917
4.028249099125178,76.26394493235225
4.028399918166031,76.26676159962027
4.028475029657711,76.26957759848125
4.028556646856186,76.26957759848125
4.02874638896988,76.2723929291731
4.028990854777276,76.27520759193357
4.0294681510782695,76.27520759193357
4.02981728434062,76.27520759193357
4.029833805320213,76.27802158700035
4.02999311302975,76.280834914611
4.030074711736658,76.28364757500296
4.030107502478795,76.28645956841356
4.030430178824657,76.28645956841356
4.0304477357303234,76.28927089508002
4.030812055369671,76.29208155523945
4.0309080202229595,76.29489154912883
4.030951091576099,76.29770087698506
4.031232335394341,76.30050953904491
4.031273520727127,76.30331753554502
4.031653151129256,76.30612486672194
4.03178779195982,76.30893153281212
4.031882696020186,76.31173753405189
4.031897079967969,76.31173753405189
4.031981788638091,76.3145428706774
4.032060348428253,76.31734754292481
4.0321574578336845,76.32015155103007
4.032302324481702,76.32295489522907
4.032352911616823,76.32295489522907
4.032538526129461,76.32295489522907
4.032697391099987,76.32295489522907
4.032734425136755,76.32575757575758
4.032889707917394,76.32855959285122
4.033200684356063,76.33136094674556
4.03325589782466,76.33136094674556
4.033448658897922,76.33416163767602
4.033534201907702,76.3369616658779
4.033575112794,76.3369616658779
4.033618721755443,76.3369616658779
4.033936110758224,76.33976103158642
4.033963804760737,76.33976103158642
4.034083089531698,76.34255973503666
4.0341555737500405,76.34535777646363
4.034166715707849,76.34815515610217
4.0344484757562675,76.35095187418706
4.034462913067457,76.35374793095295
4.0346248503067095,76.35654332663435
4.034637410765919,76.35933806146572
4.034695297040926,76.35933806146572
4.034754811101504,76.36213213568136
4.0347718534497785,76.36492554951548
4.034818816568008,76.36771830320217
4.034856699819429,76.37051039697542
4.034928080879065,76.37330183106911
4.035028301312167,76.37609260571698
4.035138962919019,76.3788827211527
4.03525131048427,76.3788827211527
4.035367996616429,76.3788827211527
4.035536325872577,76.3788827211527
4.035822537489831,76.3788827211527
4.035979388440143,76.38167217760983
4.036291058911884,76.38446097532177
4.036337319830014,76.38724911452184
4.036620946293206,76.39003659544328
4.036899184610782,76.39282341831917
4.037074593397443,76.39560958338251
4.037145865368221,76.39839509086617
4.03731993021927,76.39839509086617
4.037342138471926,76.40117994100295
4.037345565041482,76.40396413402549
4.037385080268481,76.40674767016633
4.037533010578802,76.40953054965793
4.037586469312604,76.41231277273263
4.037799379092139,76.41231277273263
4.038050308787323,76.41509433962264
4.0381318817933405,76.41787525056007
4.038314844235639,76.42065550577694
4.038366534563721,76.42065550577694
4.038725122316516,76.42065550577694
4.038912079699776,76.42343510550513
4.038972330523987,76.42621404997642
4.039020064130574,76.4289923394225
4.039343876791044,76.43176997407495
4.039423353377923,76.43176997407495
4.039627904939645,76.4345469541652
4.039761934460541,76.4373232799246
4.039789647720164,76.4373232799246
4.039856746882244,76.4373232799246
4.03985716254678,76.4400989515844
4.0399291322284245,76.44287396937574
4.040057763620928,76.44564833352962
4.040087316602871,76.44842204427697
4.040292354821254,76.45119510184858
4.040298327547169,76.45396750647517
4.040468677433592,76.45673925838729
4.04070674090013,76.45673925838729
4.040738715340367,76.45951035781545
4.040927719671071,76.46228080499
4.041086538543316,76.46228080499
4.041110052952522,76.46505060014121
4.041299829125629,76.46781974349923
4.041429122884798,76.47058823529412
4.04148276599835,76.47335607575579
4.042194253746359,76.4761232651141
4.042234211397097,76.47888980359873
4.042729902196561,76.48165569143931
4.042797649538717,76.48442092886538
4.042873719669145,76.48718551610628
4.042917074533997,76.48994945339133
4.043158253159036,76.4927127409497
4.043286599150133,76.49547537901046
4.0435563851358705,76.49823736780259
4.043601278113631,76.49823736780259
4.043663204248927,76.50099870755493
4.0437084754807655,76.50375939849624
4.043794838636896,76.50375939849624
4.043898107856078,76.50651944085516
4.043971052453027,76.50927883486023
4.044094131469664,76.51203758073987
4.044184615690496,76.51203758073987
4.044237592799833,76.51479567872241
4.044458056892389,76.51755312903605
4.0445477720844965,76.51755312903605
4.0445655740711635,76.5203099319089
4.044623406934949,76.5203099319089
4.044663396345579,76.5203099319089
4.044688448027151,76.52306608756896
4.044877390542522,76.52306608756896
4.044953745207158,76.52582159624414
4.044973899295311,76.52582159624414
4.04508781312124,76.52857645816219
4.0451358123196375,76.53133067355081
4.045181626288415,76.53408424263756
4.045328188186267,76.53683716564993
4.0453778969669685,76.53958944281524
4.045475252253297,76.54234107436078
4.0455214903428,76.54509206051367
4.046176345253121,76.54784240150094
4.046363761522378,76.55059209754954
4.046501595956237,76.55334114888629
4.04691834437295,76.5560895557379
4.047251497625242,76.5560895557379
4.047302726977407,76.5560895557379
4.047431177940813,76.55883731833099
4.04758631498828,76.55883731833099
4.0476106118469,76.56158443689206
4.04833620946238,76.56433091164753
4.048361962290727,76.56433091164753
4.0484489679366,76.56707674282367
4.048552048071961,76.56982193064667
4.048679062360872,76.56982193064667
4.048777034984641,76.57256647534263
4.048800198353823,76.57531037713751
4.048832545627212,76.57531037713751
4.04908894542993,76.57805363625717
4.049146409908893,76.57805363625717
4.049155578884531,76.57805363625717
4.049214099969306,76.5807962529274
4.049263199039933,76.5807962529274
4.0492893181205485,76.58353822737385
4.049511288275413,76.58627955982206
4.049533713505896,76.58902025049748
4.049541628319034,76.59176029962546
4.049600725994517,76.59176029962546
4.049735061713932,76.59449970743125
4.049820335368734,76.59449970743125
4.0498602284304,76.59723847413996
4.0498888272681155,76.59723847413996
4.049912017471264,76.59723847413996
4.049967072396434,76.5999765999766
4.05015809214099,76.60271408516613
4.050427801007536,76.60545092993333
4.050449052970357,76.60545092993333
4.050468078645118,76.60818713450293
4.0504783494525345,76.61092269909952
4.050721988404833,76.61365762394762
4.05095369862873,76.6163919092716
4.051406688648425,76.61912555529577
4.0514346785839965,76.6218585622443
4.051798809091807,76.6218585622443
4.051930224487747,76.6218585622443
4.0519347912141574,76.62459093034128
4.052769412959581,76.62459093034128
4.053283240856681,76.62732265981069
4.053361939936817,76.63005375087637
4.053389538655665,76.63278420376211
4.053698216967236,76.63551401869158
4.054461996374428,76.63824319588834
4.054502370886026,76.6409717355758
4.054598788981809,76.64369963797735
4.054829210467867,76.64642690331621
4.05483707290021,76.64915353181553
4.055047408930345,76.65187952369834
4.055050107596859,76.65460487918759
4.055387568589139,76.65732959850608
4.055599996281104,76.65732959850608
4.055638573539901,76.66005368187653
4.055641493262443,76.66005368187653
4.0556567147475455,76.66005368187653
4.0556581895082955,76.66277712952159
4.055697677858411,76.66277712952159
4.055717564164346,76.66549994166375
4.055878893868107,76.66822211852543
4.05591363950694,76.67094366032894
4.055921195087236,76.67366456729647
4.056056536861371,76.67638483965014
4.056197495841074,76.67638483965014
4.056299441767812,76.67910447761194
4.05635660722729,76.67910447761194
4.056384666726229,76.67910447761194
4.056427112306692,76.67910447761194
4.056511625443794,76.68182348140375
4.056537576708253,76.68454185124737
4.056774493991686,76.6872595873645
4.056943722714682,76.68997668997669
4.056977872377613,76.69269315930545
4.056982104601754,76.69540899557212
4.057006166598162,76.69812419899802
4.057013031065646,76.70083876980429
4.057103944263637,76.70083876980429
4.057585195100128,76.703552708212
4.057660932058065,76.70626601444212
4.05768626608775,76.7089786887155
4.057812456760739,76.7089786887155
4.057945327218515,76.71169073125292
4.057996429901561,76.714402142275
4.058013812944799,76.714402142275
4.0581954285413415,76.71711292200233
4.058227875827137,76.71982307065534
4.058251003477279,76.72253258845437
4.058357776609807,76.72524147561968
4.058374133746192,76.72524147561968
4.058432114593128,76.72794973237143
4.05850075166205,76.7306573589296
4.058638766018346,76.73336435551418
4.058687736405443,76.73336435551418
4.058705235588247,76.736070722345
4.058827349705382,76.736070722345
4.058828101395655,76.73877645964178
4.059162531696433,76.74148156762413
4.059420385812449,76.74418604651163
4.059463792068695,76.74688989652367
4.0596816363413035,76.74688989652367
4.059726101697187,76.74959311787957
4.059882989782723,76.75229571079856
4.059987997370752,76.75499767549977
4.06006588131584,76.75769901220221
4.060123895447666,76.7603997211248
4.0603181397974835,76.76309980248635
4.060410664569427,76.76309980248635
4.060571755405581,76.76309980248635
4.060762743432853,76.76579925650557
4.060913256053348,76.7684980834011
4.060954829055631,76.7711962833914
4.061044878865893,76.77389385669493
4.061116346484963,76.77659080352996
4.061194933011956,76.77928712411472
4.061637034321482,76.78198281866729
4.061761900043827,76.78467788740568
4.061929978727315,76.78737233054783
4.062063867248066,76.78737233054783
4.06211202726774,76.79006614831148
4.062300664893082,76.79275934091436
4.062373683362472,76.79545190857408
4.062528495176246,76.79814385150812
4.062639131393372,76.80083516993388
4.062955503932949,76.80352586406866
4.063138751492568,76.80352586406866
4.063233038936185,76.80621593412965
4.063244882534869,76.80890538033395
4.063321613825565,76.81159420289855
4.063342440959595,76.81428240204035
4.063360434563443,76.81696997797613
4.063559025669727,76.81965693092258
4.063573390708084,76.82234326109631
4.06364976776347,76.8250289687138
4.063745167012381,76.8250289687138
4.063867367846396,76.82771405399143
4.064267743469943,76.83039851714551
4.064360193980374,76.83308235839222
4.064869061713047,76.83576557794764
4.064908221119247,76.83576557794764
4.065134059370261,76.8384481760278
4.065155639601656,76.84113015284854
4.065162144055908,76.84113015284854
4.065176959112044,76.84113015284854
4.065214164797052,76.84381150862568
4.0652144931580745,76.84381150862568
4.065561925056015,76.8464922435749
4.065612805421558,76.8491723579118
4.065630345335631,76.85185185185185
4.065744758331875,76.85453072561046
4.0658254229834325,76.85720897940291
4.066003748278581,76.8598866134444
4.066234151233337,76.86256362795002
4.066331538665072,76.86524002313476
4.066434169985366,76.8679157992135
4.066590036172261,76.87059095640106
4.06664862074711,76.87326549491212
4.0666864210653175,76.87593941496127
4.066716647507393,76.878612716763
4.066855234127658,76.88128540053172
4.066872172646907,76.88395746648173
4.066988543603368,76.88662891482723
4.067085566345865,76.8892997457823
4.067416323975846,76.89196995956095
4.0674341390896736,76.89463955637707
4.067510275579379,76.8973085364445
4.067893115718116,76.89997689997689
4.068134416529464,76.9026446471879
4.068363891688948,76.905311778291
4.068461375692668,76.9079782934996
4.069020812081709,76.9079782934996
4.06902467414462,76.91064419302701
4.069174608035411,76.91330947708646
4.069203401641433,76.91597414589104
4.069495417032223,76.91863819965377
4.0695877536043525,76.92130163858758
4.070077143890921,76.92130163858758
4.070085937465528,76.92396446290527
4.070254256575789,76.92662667281957
4.070317780341556,76.92928826854309
4.0704358297606,76.93194925028835
4.070476546835796,76.93460961826779
4.070544284774216,76.93726937269373
4.070580522430477,76.93992851377838
4.070602923012117,76.93992851377838
4.070711300470343,76.94258704173392
4.070831578120322,76.94524495677233
4.0709228458128335,76.94790225910559
4.070937207335563,76.94790225910559
4.0714610237613895,76.94790225910559
4.071590016990864,76.95055894894548
4.0716224260250655,76.95321502650381
4.071710771869632,76.95587049199216
4.0718273828938605,76.95587049199216
4.072085672103509,76.95852534562212
4.072223622414053,76.95852534562212
4.072299010086471,76.96117958760512
4.072315175464227,76.9638332181525
4.072331238238406,76.9638332181525
4.072584002224635,76.96648623747552
4.072631629885308,76.96648623747552
4.072752940924472,76.96913864578535
4.072817486330208,76.97179044329303
4.072883940872874,76.97444163020954
4.073213658157263,76.97709220674571
4.073223549517075,76.97974217311234
4.073426315528692,76.98239152952007
4.073590979509728,76.98239152952007
4.073663230318081,76.98504027617952
4.0737736192179055,76.98768841330111
4.073921380681349,76.99033594109525
4.073976474007052,76.99298285977223
4.07409604594156,76.99562916954221
4.074144115484394,76.99562916954221
4.074231175248,76.99827487061529
4.074260360303255,76.99827487061529
4.0743973009529375,76.99827487061529
4.074454210728874,76.99827487061529
4.074521556614998,76.99827487061529
4.074680641365567,77.00091996320147
4.074760208257646,77.00091996320147
4.075041368709011,77.00091996320147
4.075542184850041,77.00356444751063
4.075543692109627,77.00620832375259
4.075789442570061,77.00885159213703
4.076503027416969,77.01149425287356
4.0767494990209086,77.01413630617171
4.0769469354332015,77.01677775224086
4.077237095180753,77.01941859129036
4.0775602733767915,77.02205882352942
4.077607808508736,77.02469844916715
4.077799725800888,77.0273374684126
4.0780200634459725,77.02997588147468
4.078647592914989,77.03261368856225
4.07871625993325,77.03261368856225
4.078763338544312,77.03525088988403
4.07909444288411,77.03525088988403
4.079231366677855,77.03525088988403
4.079301629792382,77.03788748564868
4.079459165688072,77.03788748564868
4.079482508568659,77.03788748564868
4.079500283360338,77.04052347606475
4.079553091109044,77.04315886134067
4.079689118207158,77.04315886134067
4.079940813020715,77.04579364168484
4.080058620637321,77.04842781730548
4.080263796590651,77.04842781730548
4.080628737859057,77.05106138841079
4.0809602544542765,77.05369435520882
4.08115271192343,77.05632671790754
4.081327604030699,77.05895847671485
4.081378146128218,77.06158963183852
4.081505325333846,77.06422018348624
4.081577704267685,77.06422018348624
4.081708381346393,77.06685013186562
4.081771321185812,77.06947947718413
4.081771414699129,77.07210821964921
4.0819470400684565,77.07473635946813
4.0825357974914445,77.07736389684814
4.0827865068312885,77.07736389684814
4.082901879840479,77.07999083199634
4.082942845750017,77.08261716511974
4.082985887114754,77.08261716511974
4.083257507246448,77.0852428964253
4.083338572228893,77.08786802611984
4.083634439935272,77.09049255441009
4.083657738284613,77.09311648150269
4.0837208841782475,77.09573980760422
4.083795251285346,77.0983625329211
4.083913061984384,77.10098465765972
4.084116822817475,77.10098465765972
4.084172559187304,77.10360618202633
4.084205335517513,77.10360618202633
4.084206315388404,77.10622710622711
4.084210195206109,77.10884743046812
4.084248285288488,77.11146715495538
4.0843810858746705,77.11146715495538
4.084480197282259,77.11408627989472
4.084585486364851,77.11408627989472
4.084697594963111,77.11670480549199
4.084715398446657,77.11932273195286
4.084864493497893,77.12194005948295
4.084889211793291,77.12455678828776
4.08498279775868,77.12455678828776
4.084986283904564,77.12717291857274
4.085219262029713,77.12717291857274
4.085432942175325,77.12717291857274
4.085608568356746,77.12978845054317
4.085642849879857,77.12978845054317
4.0857055780375395,77.1324033844043
4.085705768216633,77.13501772036126
4.085812501453904,77.13763145861911
4.085851139445941,77.1402445993828
4.08611169453811,77.1402445993828
4.086130204607721,77.14285714285715
4.086674301530314,77.14546908924694
4.086848047025828,77.14808043875686
4.0868774829358125,77.15069119159146
4.08691704631949,77.15330134795522
4.087090936577556,77.15591090805253
4.087198743284231,77.15851987208772
4.087244651295188,77.15851987208772
4.08728403058133,77.16112824026493
4.087510836500742,77.1637360127883
4.087524588522856,77.1637360127883
4.087691515797683,77.16634318986185
4.087719596545201,77.1689497716895
4.087892986066165,77.1689497716895
4.088155383858056,77.17155575847507
4.088537462268728,77.17416115042228
4.088663639931503,77.1767659477348
4.088738666576706,77.17937015061615
4.088946217436738,77.18197375926982
4.088950210506844,77.18197375926982
4.088968503253957,77.18457677389917
4.089067120882642,77.18717919470743
4.089102665619946,77.1897810218978
4.089206525629937,77.1897810218978
4.0893632736672805,77.1923822556734
4.089370417470595,77.19498289623718
4.089453084330703,77.19758294379204
4.089771975383757,77.2001823985408
4.0898115085127,77.2001823985408
4.089856408555346,77.2027812606862
4.090196967089198,77.20537953043082
4.090425751617297,77.20797720797721
4.090439424497122,77.2105742935278
4.090512232655096,77.2105742935278
4.090550610532856,77.2105742935278
4.090592169414582,77.21317078728495
4.090734906248865,77.2157666894509
4.090848998447626,77.2157666894509
4.090950867830696,77.21836200022781
4.091058938827825,77.22095671981776
4.091074331802241,77.22095671981776
4.091090077635691,77.22355084842273
4.091461120473918,77.22614438624458
4.091640070981165,77.22873733348514
4.091648435651446,77.23132969034609
4.091745102400928,77.23392145702903
4.091768092834434,77.23392145702903
4.0918496684434755,77.23651263373549
4.091933823871813,77.23910322066689
4.091951641424126,77.24169321802458
4.092057272040085,77.24428262600979
4.092153062046055,77.24687144482367
4.092591071936651,77.24945967466728
4.092687904252695,77.25204731574158
4.09270954799903,77.25463436824747
4.092811671414891,77.25722083238573
4.093139343951502,77.25980670835703
4.0932953197124995,77.25980670835703
4.093300605486833,77.26239199636198
4.093379585039063,77.26497669660112
4.093395388182082,77.26756080927484
4.093557325457889,77.27014433458348
4.093593166845705,77.27272727272727
4.093769443282183,77.27530962390638
4.093801144878438,77.27789138832084
4.093909771176877,77.28047256617062
4.094083777043218,77.28305315765562
4.094155921927877,77.28563316297559
4.094185179362609,77.28821258233023
4.094470901837181,77.29079141591916
4.094549380458119,77.29079141591916
4.094642600888545,77.29336966394187
4.094649084475061,77.2959473265978
4.094702516076055,77.29852440408627
4.094891816653241,77.30110089660651
4.095348220926163,77.30367680435769
4.095637952581837,77.30625212753887
4.095828130624714,77.30625212753887
4.0958677551309135,77.308826866349
4.095925047358085,77.31140102098696
4.095925482547883,77.31397459165154
4.096010227109467,77.31654757854145
4.096060370865199,77.31654757854145
4.096200938405387,77.3191199818553
4.096657470280368,77.32169180179159
4.096937878516657,77.32426303854876
4.0969582700153575,77.32683369232514
4.096962685224875,77.32683369232514
4.097116546193202,77.32940376331896
4.097157065053604,77.32940376331896
4.0973023810163305,77.33197325172844
4.097449513710594,77.33197325172844
4.09759486210653,77.33454215775159
4.098140909206398,77.33454215775159
4.098327481543551,77.33454215775159
4.098492843127006,77.33711048158641
4.0985203672564605,77.33967822343078
4.09878840038478,77.3422453834825
4.0988359271249095,77.34481196193929
4.098944027760289,77.34737795899875
4.099053679773175,77.34994337485843
4.099197292760237,77.34994337485843
4.099262867284497,77.35250820971578
4.099274842350552,77.35507246376811
4.0993572655664,77.35763613721272
4.099858563144231,77.36019923024678
4.099988152283986,77.36276174306734
4.100108719343686,77.36532367587144
4.100208922652603,77.36788502885594
4.100212293926473,77.37044580221769
4.100353473898239,77.37300599615341
4.100446169843674,77.37556561085974
4.1005857180758305,77.3781246465332
4.10068829748261,77.38068310337027
4.100735531038726,77.38324098156734
4.101151285012476,77.38324098156734
4.1011538948859965,77.38579828132067
4.10125078192865,77.38835500282646
4.101289047257975,77.3909111462808
4.10141503424552,77.39346671187974
4.1015123570683025,77.39602169981917
4.101674146406074,77.39602169981917
4.1025583348493155,77.39857611029495
4.102632822763494,77.40112994350282
4.102648539131656,77.40368319963846
4.102995074066873,77.40368319963846
4.103078396993031,77.40623587889742
4.103391851227493,77.4087879814752
4.10358514504837,77.4087879814752
4.103651958667168,77.4113395075672
4.103749841884611,77.41389045736872
4.103823049536115,77.41644083107498
4.103990855322121,77.41644083107498
4.1040191845942235,77.41899062888112
4.104028363180757,77.41899062888112
4.104181954320602,77.42153985098217
4.10426553897616,77.42408849757308
4.104554175274423,77.42663656884876
4.104626673893603,77.42918406500395
4.104656323153419,77.42918406500395
4.104664980110854,77.43173098623336
4.1047702559886465,77.43427733273158
4.104826377942835,77.43682310469315
4.105227598459667,77.43936830231246
4.105294401824976,77.4419129257839
4.105386363971652,77.44445697530168
4.105728382877273,77.44700045105999
4.1062925466723,77.4495433532529
4.106428273960651,77.45208568207441
4.106720224821979,77.45208568207441
4.107029147025672,77.4546274377184
4.1074762072531055,77.45716862037872
4.1076446638484345,77.45716862037872
4.107916905080629,77.45716862037872
4.107983144038738,77.45716862037872
4.108120119014929,77.45716862037872
4.108298966267531,77.45970923024908
4.108480578258275,77.46224926752309
4.108632461968868,77.46478873239437
4.108727259275836,77.46732762505634
4.108790814132036,77.46732762505634
4.1089024353547865,77.46732762505634
4.10898428177586,77.46986594570238
4.108997622057116,77.46986594570238
4.109207548645776,77.4724036945258
4.109262854654177,77.4724036945258
4.109625007311423,77.4749408717198
4.109761862684139,77.47747747747748
4.109820604959385,77.4800135119919
4.109840373968189,77.48254897545598
4.109901221982254,77.48508386806259
4.109961186565849,77.4876181900045
4.109989367844092,77.4901519414744
4.1100666672915995,77.49268512266487
4.11041875603264,77.49521773376843
4.110727257208874,77.49521773376843
4.110738258188157,77.49774977497749
4.110814678221655,77.50028124648442
4.110884118715168,77.50281214848144
4.111029440159924,77.50281214848144
4.1111410973061115,77.50281214848144
4.111474622833596,77.50534248116072
4.111932569969846,77.50787224471435
4.111966906862741,77.5104014393343
4.11203658962375,77.5129300652125
4.112225533055778,77.5129300652125
4.112575951083558,77.51545812254075
4.1127962090151815,77.51798561151078
4.112858467723542,77.52051253231427
4.113265237924992,77.52303888514273
4.113578427205662,77.52556467018766
4.113613698635274,77.52808988764045
4.113830942463273,77.5306145376924
4.113968336350826,77.5306145376924
4.114035416594684,77.53313862053471
4.114073355724973,77.53566213635852
4.1141172482358055,77.5381850853549
4.114184170833453,77.54070746771477
4.1142094838012016,77.54322928362902
4.11421228912904,77.54575053328843
4.114436096397488,77.5482712168837
4.114511156167455,77.55079133460545
4.11453365558873,77.55331088664423
4.114545222074227,77.55582987319045
4.114739386247947,77.55834829443447
4.115439984886668,77.56086615056658
4.115577987632808,77.56338344177698
4.115595430170612,77.56590016825575
4.115833041979792,77.56590016825575
4.116318824446076,77.56841633019292
4.116370584093659,77.5709319277784
4.116512571365213,77.57344696120207
4.116680609521942,77.57596143065366
4.116829233154,77.57847533632287
4.117063956997693,77.5809886783993
4.117116699295613,77.5809886783993
4.11755279700718,77.5835014570724
4.117565767946721,77.5835014570724
4.117619553586062,77.58601367253166
4.117722609369256,77.58852532496638
4.117803853608445,77.59103641456583
4.118164618259504,77.59354694151915
4.1181841103904375,77.59605690601545
4.1181864636441095,77.59856630824373
4.118192483472812,77.60107514839288
4.118220513602737,77.60358342665174
4.118302338696144,77.60609114320904
4.118333515395557,77.60859829825347
4.118686609626602,77.60859829825347
4.118715238243706,77.61110489197358
4.118767001521125,77.61361092455788
4.118861187643646,77.61361092455788
4.118936897044129,77.61611639619474
4.1189370157428575,77.61862130707252
4.119087472879499,77.62112565737944
4.119222893882686,77.62362944730364
4.119280184203684,77.62613267703323
4.11954671191626,77.62613267703323
4.1196738161744,77.62613267703323
4.119938271421335,77.62613267703323
4.120049155501242,77.62863534675614
4.120091013205458,77.63113745666033
4.120278053040377,77.63363900693358
4.120574835451464,77.6361399977636
4.120688209552747,77.6361399977636
4.121454660928454,77.6361399977636
4.121462288799568,77.6386404293381
4.121721154736778,77.6411403018446
4.1217625459399,77.6436396154706
4.121776035953266,77.6436396154706
4.121780814184379,77.64613837040348
4.121891342702017,77.64863656683058
4.122404437196647,77.6511342049391
4.122558673123164,77.6511342049391
4.122616600904529,77.6536312849162
4.122697447627477,77.65612780694894
4.122981823051287,77.65862377122431
4.1230415148793815,77.65862377122431
4.12305074515751,77.66111917792918
4.1231538284391025,77.66361402725039
4.123438853690005,77.66610831937464
4.123613182061817,77.66610831937464
4.1239847967483065,77.66610831937464
4.124007855615485,77.66610831937464
4.124093949902577,77.66860205448862
4.124373293370852,77.67109523277882
4.1246371226106735,77.67109523277882
4.125057242648177,77.67109523277882
4.125128194886937,77.67358785443179
4.125146263576304,77.67607991963389
4.125154964484842,77.67857142857143
4.125220185953665,77.68106238143065
4.125377331669353,77.68106238143065
4.125461271882985,77.68355277839768
4.125527838853874,77.68604261965861
4.12557128389741,77.68853190539937
4.125671231384975,77.68853190539937
4.125750047604959,77.69102063580591
4.125851122340794,77.69350881106402
4.126123925529842,77.69599643135943
4.12619192509766,77.69848349687778
4.126289605154715,77.70097000780466
4.12629357315268,77.70345596432553
4.126358165571598,77.7059413666258
4.126653339980805,77.70842621489076
4.126850128648993,77.71091050930569
4.126878108788959,77.71339425005571
4.12704995714264,77.71587743732591
4.127171648939143,77.71836007130125
4.1272730713900545,77.72084215216665
4.1273453844257,77.72332368010693
4.127368477144892,77.72332368010693
4.127438439244538,77.72580465530683
4.127446255644578,77.72580465530683
4.1278275949932395,77.728285077951
4.127946224993701,77.728285077951
4.128052279024461,77.73076494822404
4.128077898476929,77.7332442663104
4.128098353227948,77.73572303239452
4.128697102996394,77.73572303239452
4.128737314306577,77.73820124666074
4.128862576619942,77.73820124666074
4.1288770024935015,77.74067890929327
4.12891716840038,77.74067890929327
4.129118663055869,77.74067890929327
4.129124639505807,77.7431560204763
4.129137195505418,77.7431560204763
4.129139226997559,77.7456325803939
4.129389020671896,77.74810858923009
4.129422671142853,77.75058404716876
4.12973964642278,77.75305895439377
4.1297790009898225,77.75553331108887
4.129779826805345,77.75800711743773
4.129831952192568,77.76048037362393
4.129854990867191,77.762953079831
4.130003183367682,77.76542523624236
4.130010702996567,77.76542523624236
4.13019265769891,77.76542523624236
4.130243514276831,77.76789684304136
4.130447177127328,77.77036790041126
4.130656304202722,77.77283840853522
4.130694020149215,77.7753083675964
4.130697055471805,77.77777777777779
4.130736107154202,77.7802466392623
4.130782706916087,77.78271495223284
4.130813253021703,77.78518271687216
4.131029131247152,77.78764993336294
4.131243401881261,77.79011660188783
4.131336326107033,77.79258272262936
4.131385526699555,77.79504829576996
4.131411928417646,77.797513321492
4.131615587438433,77.797513321492
4.132040689808596,77.79997779997781
4.132275881561069,77.80244173140954
4.132367754414769,77.80490511596938
4.13239388020913,77.80736795383932
4.132441404230739,77.80983024520137
4.132520005673418,77.8122919902374
4.132698253955248,77.81475318912922
4.132705254922914,77.81721384205856
4.132964519285159,77.81967394920706
4.133079846228815,77.82213351075626
4.133168344497149,77.82459252688768
4.13318620760419,77.8270509977827
4.133234249050776,77.82950892362265
4.133366115359465,77.83196630458879
4.133389905079011,77.83442314086224
4.133478726590615,77.83687943262412
4.1339420485077945,77.8393351800554
4.133944715078972,77.84179038333703
4.134056619145434,77.84424504264983
4.134207754653137,77.84669915817457
4.1345110579838975,77.84915273009193
4.134860119755592,77.8516057585825
4.135052437441574,77.85405824382681
4.135223230824609,77.85405824382681
4.135253444838196,77.85651018600531
4.135264310758343,77.85896158529835
4.135272614621288,77.85896158529835
4.135440497984953,77.86141244188622
4.135443673070217,77.86141244188622
4.135791507277824,77.86386275594909
4.135917480289765,77.86631252766712
4.135965383343908,77.86876175722031
4.136135363337171,77.86876175722031
4.136175147709693,77.87121044478867
4.136401647360632,77.87121044478867
4.136450083548839,77.87121044478867
4.136530231898359,77.87365859055205
4.13665712181992,77.87365859055205
4.136711865784029,77.87610619469027
4.1368819004826465,77.87855325738303
4.136968489414106,77.88099977881001
4.1372150324037955,77.88344575915073
4.13725913759845,77.8858911985847
4.13739525952979,77.88833609729132
4.137568188241329,77.88833609729132
4.137911445465954,77.89078045544993
4.138243094258926,77.89322427323975
4.138636317406278,77.89322427323975
4.13918917075962,77.89566755083996
4.1392807248604635,77.89811028842965
4.139613710338729,77.89811028842965
4.139627504276363,77.90055248618785
4.139759032168303,77.90299414429344
4.139816578059915,77.90543526292531
4.1399331360485485,77.90787584226223
4.140038831589557,77.91031588248288
4.140104895286682,77.91275538376587
4.140279248656819,77.91519434628975
4.140314963229039,77.91763277023297
4.140868824402739,77.9200706557739
4.1412944165895125,77.9200706557739
4.141508126905141,77.92250800309085
4.141524175747951,77.92494481236203
4.14159474087526,77.9273810837656
4.141722682020884,77.92981681747958
4.141730229994237,77.92981681747958
4.1417882892494235,77.92981681747958
4.141824971704183,77.932252013682
4.142323741222568,77.93468667255074
4.1423480172162925,77.93468667255074
4.142349508390982,77.93712079426365
4.142461973334609,77.93955437899845
4.142674503747487,77.94198742693284
4.1427152345339575,77.94441993824438
4.142773147593041,77.94441993824438
4.142862543270276,77.94685191311059
4.142939493096667,77.94928335170893
4.142942620768677,77.95171425421672
4.143254144073806,77.95171425421672
4.143527841311051,77.95171425421672
4.143540910464363,77.95414462081128
4.143557151363241,77.9565744516698
4.144131863980776,77.95900374696936
4.144291575647415,77.96143250688705
4.144588519434909,77.96386073159982
4.144936772296714,77.96628842128457
4.1449657581468635,77.96871557611809
4.145234414634985,77.96871557611809
4.1453027991643125,77.97114219627713
4.145508274950881,77.97356828193833
4.145607387734521,77.97356828193833
4.1456699680057225,77.97599383327828
4.145926029129663,77.97841885047346
4.146022651081803,77.98084333370032
4.146292006525418,77.98326728313518
4.14645764302784,77.98569069895433
4.146690976784529,77.98811358133392
4.146710935028237,77.9905359304501
4.146776502955098,77.9905359304501
4.146842129003824,77.99295774647888
4.146888961965001,77.99537902959621
4.146924358230277,77.997799779978
4.147063498684816,78.00021999780003
4.147158348854785,78.002639683238
4.14727726503651,78.00505883646761
4.147320298604398,78.0074774576644
4.147323134102836,78.0074774576644
4.147668973161688,78.00989554700385
4.1477069599651255,78.01231310466139
4.147785793069224,78.01473013081235
4.1479938903224705,78.01714662563201
4.148076579382169,78.01714662563201
4.148136913547353,78.01956258929553
4.1482061263497805,78.01956258929553
4.14827778625369,78.01956258929553
4.148285756708252,78.02197802197803
4.148475274954122,78.02197802197803
4.1484874894497805,78.02439292385452
4.149075054807113,78.02680729509997
4.149083353631658,78.02680729509997
4.149197710265891,78.02680729509997
4.149241039659489,78.02922113588927
4.149360842663632,78.03163444639719
4.149365304649603,78.03404722679846
4.149473236859455,78.03645947726774
4.149526746551687,78.03887119797957
4.149830848951002,78.04128238910847
4.149977084863436,78.04369305082885
4.1499793114242065,78.04610318331504
4.150099212442602,78.0485127867413
4.150382181475605,78.05092186128184
4.150630864966981,78.05333040711072
4.150670418028445,78.05573842440202
4.150846465211077,78.05814591332968
4.151047769589334,78.06055287406757
4.151049269383278,78.06295930678951
4.1510776241941105,78.06536521166922
4.151106503958696,78.06777058888036
4.1511415762762525,78.0701754385965
4.1511962432405785,78.07257976099112
4.1514841382940455,78.07498355623767
4.151560174211827,78.07738682450947
4.151649905730536,78.07978956597982
4.151726880970597,78.08219178082192
4.1517392324827265,78.08459346920885
4.151792744302954,78.08699463131369
4.151863790229709,78.08939526730938
4.1521676264060385,78.08939526730938
4.152422453252716,78.09179537736883
4.1525079548439185,78.09179537736883
4.15251057091577,78.09179537736883
4.1525434997466295,78.09419496166484
4.152585308457554,78.09659402037016
4.152760016983401,78.09659402037016
4.152771040755604,78.09899255365747
4.152789534654647,78.10139056169933
4.152852004462748,78.10378804466828
4.15288845034331,78.10618500273672
4.153067019883968,78.10858143607706
4.153095778640495,78.11097734486155
4.153201682251068,78.11337272926242
4.153227249276568,78.1157675894518
4.15328588802979,78.1157675894518
4.153334748326978,78.1157675894518
4.153547172146197,78.11816192560175
4.1537314039088375,78.12055573788426
4.153777585051524,78.12294902647123
4.153806061964721,78.12534179153451
4.153869635058372,78.12773403324584
4.153890506163753,78.13012575177693
4.153958844934744,78.13251694729937
4.1539870051977905,78.13490761998469
4.154045850489979,78.13490761998469
4.1540796807536955,78.13729777000438
4.154081984207453,78.13968739752978
4.154202733247573,78.14207650273224
4.154210536372155,78.14207650273224
4.154213529283018,78.14207650273224
4.154363358596906,78.14446508578298
4.154469319680731,78.14685314685315
4.154609495287589,78.14685314685315
4.15468974602916,78.14685314685315
4.154713604709421,78.14924068611384
4.154787031575936,78.15162770373607
4.155002495369041,78.15401419989078
4.155317259027261,78.1564001747488
4.1553518674009995,78.15878562848094
4.155454507547479,78.16117056125792
4.155493932835134,78.16355497325036
4.1557062366827955,78.16593886462883
4.15587695901712,78.1683222355638
4.1561347440821645,78.17070508622571
4.156161225923711,78.1730874167849
4.156371472012899,78.1730874167849
4.156427226374096,78.1730874167849
4.1566654854384675,78.17546922741161
4.156855392032924,78.17785051827605
4.156866317833053,78.17785051827605
4.156969494629342,78.17785051827605
4.1571112620259365,78.17785051827605
4.157197391003813,78.18023128954833
4.157399178145838,78.18023128954833
4.157594323017733,78.1826115413985
4.157651693371916,78.1849912739965
4.157980044265739,78.18737048751227
4.158100130141014,78.18974918211559
4.158121557530303,78.19212735797623
4.158233297089851,78.19450501526384
4.158235392571872,78.19688215414804
4.15836459845871,78.19925877479834
4.158493933423366,78.19925877479834
4.158529780784258,78.2016348773842
4.1585588974734415,78.2016348773842
4.158684350876283,78.20401046207498
4.158707778274336,78.20638552903999
4.158850785133698,78.20876007844846
4.15889132210974,78.20876007844846
4.159220594886052,78.21113411046954
4.15948715931931,78.21350762527233
4.159519924163351,78.21588062302581
4.159598429595224,78.21588062302581
4.1596601394614545,78.21825310389895
4.159667004277126,78.22062506806054
4.15994691257652,78.22299651567944
4.16008055313183,78.22536744692434
4.1605896916864245,78.22773786196386
4.1608293186796175,78.23010776096659
4.160992690873256,78.232477144101
4.161280335551894,78.232477144101
4.161462586959673,78.23484601153552
4.161537667117821,78.23721436343853
4.161816830251645,78.23958219997824
4.162199623782085,78.24194952132288
4.162300643816451,78.24194952132288
4.162454215231016,78.24431632764059
4.162499185390281,78.24431632764059
4.162596862695219,78.24668261909942
4.1628172321923405,78.24668261909942
4.162883020982884,78.24904839586732
4.162928567207937,78.25141365811223
4.163015286314901,78.25377840600196
4.163217758722732,78.25614263970428
4.163219220897604,78.2585063593869
4.163263325604831,78.26086956521739
4.163344647822457,78.26086956521739
4.163356035404053,78.26323225736334
4.163409548910503,78.26559443599218
4.163562373848434,78.26795610127132
4.163604684787836,78.26795610127132
4.163867163005092,78.2703172533681
4.163942577819468,78.27267789244976
4.164220470202842,78.27503801868346
4.164603389661047,78.27739763223634
4.165035434731123,78.27739763223634
4.165059088649269,78.2797567332754
4.165096571685009,78.28211532196764
4.165394714561711,78.28447339847992
4.165474843816984,78.28683096297905
4.165477507276951,78.28918801563178
4.165485940939878,78.28918801563178
4.16549900130013,78.29154455660479
4.165562246942664,78.29390058606468
4.166094568381016,78.29390058606468
4.166109421984528,78.29625610417797
4.166276358847761,78.29861111111111
4.166337560327492,78.29861111111111
4.16669874783807,78.30096560703049
4.166753568998351,78.30331959210241
4.166853382875177,78.30567306649311
4.167588980771097,78.30567306649311
4.167605682337466,78.30802603036877
4.167621387747424,78.30802603036877
4.167637730148199,78.31037848389546
4.167744784511708,78.31037848389546
4.167912426090418,78.31037848389546
4.1679433093723315,78.3127304272392
4.168028951830403,78.31508186056597
4.168037265779175,78.31743278404163
4.168164988054995,78.31978319783198
4.168439104013894,78.32213310210275
4.1684731733965785,78.32213310210275
4.168872703045225,78.32448249701962
4.16888957122673,78.32683138274817
4.168902853230159,78.3291797594539
4.1690753315640645,78.33152762730228
4.1692130672965755,78.33387498645867
4.169239929782689,78.33622183708839
4.169305462811472,78.33856817935666
4.169345341681221,78.34091401342863
4.169740890331908,78.34325933946941
4.16976321984029,78.345604157644
4.169805374916444,78.34794846811735
4.16989716923456,78.35029227105434
4.169957370578683,78.35029227105434
4.170090834280161,78.35263556661977
4.170236173862463,78.35263556661977
4.170282718950086,78.35497835497836
4.170310099538144,78.35732063629477
4.17038980089702,78.3596624107336
4.170434997998251,78.3596624107336
4.170513044998964,78.3596624107336
4.170677930517875,78.36200367845937
4.170938955301577,78.36434443963653
4.1710564058970085,78.36668469442942
4.171064526070911,78.36902444300237
4.171494534666755,78.37136368551963
4.171576739753525,78.37370242214533
4.171584202333167,78.37604065304357
4.171727049022128,78.37837837837837
4.1717428017878815,78.37837837837837
4.171753596431268,78.3807155983137
4.171860084956217,78.38305231301341
4.171926456629682,78.3853885226413
4.1720223837112265,78.38772422736115
4.172031290379506,78.39005942733658
4.1722563699089354,78.3923941227312
4.172275037427785,78.39472831370854
4.17229978504024,78.39706200043206
4.172334440188348,78.39939518306512
4.172484208845198,78.39939518306512
4.172577156458963,78.40172786177105
4.1727082664882715,78.40172786177105
4.172753731153132,78.40406003671309
4.1727718710008475,78.40639170805441
4.1728952776953605,78.40872287595812
4.173421719709244,78.41105354058722
4.173437347205062,78.4133837021047
4.174169454055676,78.4133837021047
4.17430785769201,78.41571336067344
4.174573280886306,78.41804251645624
4.174661644055493,78.42037116961589
4.17473591707409,78.42269932031502
4.174905793719363,78.4250269687163
4.174910316325354,78.42735411498221
4.175181191554771,78.42968075927523
4.1753666300545165,78.43200690175779
4.1754416242475045,78.43433254259219
4.175525011638388,78.4366576819407
4.175574113645926,78.4389823199655
4.175932619651642,78.44130645682871
4.175979238431661,78.44130645682871
4.176049089875829,78.4436300926924
4.176876996486406,78.4459532277185
4.17703560633621,78.44827586206897
4.17712445459893,78.45059799590561
4.1771338818191515,78.45291962939022
4.177160590848311,78.45524076268447
4.177236043205329,78.45756139595002
4.177422389782229,78.45988152934841
4.177920852112805,78.46220116304113
4.177986654990238,78.46452029718962
4.17804226199959,78.46683893195521
4.178105248013123,78.4691570674992
4.178312151126847,78.47147470398278
4.178440173361404,78.4737918415671
4.178482333400095,78.47610848041326
4.17858514012047,78.47842462068223
4.178589657225589,78.48074026253497
4.178737394731073,78.48305540613232
4.178908130522195,78.48537005163512
4.179074155332345,78.48768419920404
4.179180034541043,78.48999784899978
4.179260439283045,78.49231100118293
4.179553004462627,78.49462365591397
4.179596124229466,78.4969358133534
4.17961071483329,78.49924747366158
4.179623410609129,78.50155863699881
4.179655178799942,78.50386930352536
4.179681006233923,78.50617947340139
4.179790096860717,78.50848914678701
4.179894854916777,78.51079832384227
4.1799633702189345,78.51079832384227
4.179984915334657,78.51310700472712
4.180027611518201,78.51541518960146
4.18009237473716,78.51772287862514
4.180198121392634,78.5200300719579
4.180283881948029,78.52233676975945
4.180657818308382,78.52464297218941
4.18066160722752,78.52694867940735
4.18082910392866,78.52694867940735
4.181091475762647,78.52925389157274
4.181154807275946,78.531558608845
4.181165336455001,78.53386283138349
4.181210798937293,78.53616655934749
4.1812857080785335,78.53846979289624
4.181364557365812,78.54077253218884
4.1814349854663675,78.5430747773844
4.181556715410874,78.5430747773844
4.181778110302915,78.5430747773844
4.1818292215137305,78.54537652864192
4.181849177653649,78.54767778612035
4.182045341074533,78.54997854997855
4.1820540944748315,78.55227882037534
4.182197960115329,78.55457859746944
4.182443581663596,78.55687788141954
4.182479652429079,78.55917667238423
4.1827880827420545,78.56147497052203
4.1829441288103055,78.56377277599142
4.182976893990912,78.56607008895081
4.183098629927516,78.5683669095585
4.183179880709512,78.5683669095585
4.183230063578592,78.57066323797278
4.18325338851168,78.57295907435183
4.183340293225951,78.57525441885377
4.183545842107504,78.57754927163667
4.183552455048982,78.57984363285851
4.183632243605,78.57984363285851
4.183683600090815,78.58213750267723
4.183774028346345,78.58213750267723
4.183799761691192,78.58443088125067
4.183815656291701,78.58672376873662
4.183831383292573,78.58672376873662
4.18399429553688,78.58672376873662
4.184003282125321,78.58901616529279
4.184092995034669,78.59130807107687
4.184097204392111,78.59359948624639
4.184137030060394,78.5958904109589
4.184165660341613,78.59818084537186
4.184272257017612,78.60047078964263
4.184463620885072,78.60276024392854
4.184558263341713,78.60504920838682
4.184910030701525,78.60504920838682
4.185096364853306,78.60733768317468
4.185126734268635,78.6096256684492
4.1852969619348555,78.61191316436744
4.185300391697912,78.6142001710864
4.185553362390603,78.61648668876296
4.1858773438278005,78.61648668876296
4.185903291475035,78.61648668876296
4.186170589973187,78.61648668876296
4.186278248220682,78.61877271755398
4.186309262850934,78.62105825761626
4.1865659184788235,78.62334330910645
4.186601770068598,78.62562787218125
4.186641164915058,78.62791194699722
4.186788320116822,78.63019553371086
4.186800227726964,78.63019553371086
4.186891421066962,78.63247863247864
4.187048204641574,78.6347612434569
4.187239582063309,78.63704336680196
4.187296597637682,78.63704336680196
4.187349606996592,78.63932500267008
4.187561794188717,78.64160615121743
4.187761984086615,78.6438868126001
4.187839663886768,78.64616698697417
4.188071416282198,78.64844667449556
4.188104527573419,78.65072587532023
4.188132704648815,78.65300458960401
4.1881756295728145,78.65528281750267
4.1882480441543555,78.65756055917191
4.188413720985807,78.6598378147674
4.1887751621503,78.66211458444468
4.189230095908192,78.66439086835929
4.189391508350631,78.66666666666666
4.1894655870286535,78.66894197952219
4.189493322833175,78.66894197952219
4.189626547882047,78.67121680708115
4.189766273181151,78.67121680708115
4.190035406072039,78.67349114949883
4.190506692068709,78.67576500693038
4.1906966664027125,78.67803837953092
4.1907053827827205,78.6803112674555
4.190721401500929,78.6825836708591
4.190816417449848,78.6825836708591
4.191030945964103,78.68485558989661
4.1911109617145,78.68712702472294
4.191563126320548,78.68939797549281
4.191564362933394,78.69166844236096
4.191632387535192,78.69393842548205
4.192050900985426,78.69393842548205
4.192127817629701,78.69620792501065
4.192138492329384,78.69620792501065
4.192372836075955,78.69847694110129
4.19242518092463,78.70074547390841
4.192519968847727,78.7030135235864
4.19256207048174,78.7052810902896
4.192644954178403,78.70754817417226
4.192660884075775,78.70981477538854
4.192668311073791,78.71208089409261
4.192681764043479,78.71434653043849
4.193029318514589,78.71661168458019
4.193378209824662,78.71887635667163
4.193720261299721,78.72114054686669
4.193754540676739,78.72340425531915
4.1942007653225195,78.72566748218274
4.194268006380866,78.72793022761114
4.1943073834572235,78.73019249175795
4.194592407622802,78.73245427477669
4.1946208573234784,78.73471557682083
4.194626607529286,78.73471557682083
4.19468162626177,78.73471557682083
4.194755647716595,78.7369763980438
4.194769931708027,78.7369763980438
4.194771659934594,78.7369763980438
4.1948242771866155,78.73923673859892
4.194909002346766,78.74149659863946
4.195164175338493,78.74375597831863
4.195292537960501,78.74375597831863
4.195367959383759,78.74601487778958
4.195466280629172,78.7482732972054
4.195490733822685,78.75053123671908
4.195588559216399,78.75053123671908
4.195591935587998,78.75053123671908
4.195802689638698,78.75053123671908
4.196065150638769,78.75053123671908
4.196149501425113,78.75278869648359
4.196203751989367,78.75504567665179
4.196205676573503,78.75730217737653
4.196626589086814,78.75730217737653
4.1966701208511665,78.75955819881054
4.196832328810069,78.75955819881054
4.196904338092448,78.76181374110651
4.196991556468282,78.76181374110651
4.197060905027002,78.76406880441708
4.197126385942921,78.76632338889479
4.197337331410099,78.76857749469215
4.197353928077888,78.77083112196158
4.197426341622191,78.77308427085545
4.197465237147629,78.77533694152605
4.197495640271895,78.77758913412563
4.197602743561898,78.77984084880637
4.197663863561146,78.78209208572035
4.197719293265596,78.78209208572035
4.197873751487991,78.78434284501962
4.198023398438134,78.78434284501962
4.198048405498689,78.78659312685618
4.198139084256382,78.78884293138191
4.198460063609181,78.78884293138191
4.198604245847001,78.79109225874868
4.198699505443965,78.79334110910825
4.198840548389928,78.79558948261239
4.198852025712228,78.79558948261239
4.198895213800016,78.7978373794127
4.199114369765296,78.8000847996608
4.199136914477728,78.8000847996608
4.199155994932768,78.80233174350822
4.199195121117008,78.80233174350822
4.199385335367803,78.8045782111064
4.199450131790762,78.80682420260676
4.199896445408573,78.80906971816063
4.200360710527832,78.80906971816063
4.200572784017033,78.81131475791928
4.2006502977944375,78.8135593220339
4.200657272034768,78.8135593220339
4.200964894155149,78.81580341065565
4.2012115606501705,78.81580341065565
4.201240600347077,78.8180470239356
4.201340258469122,78.8180470239356
4.2015940737870965,78.8180470239356
4.201731726910812,78.82029016202478
4.2017924155279855,78.82253282507412
4.201929398461873,78.82253282507412
4.201999033700642,78.82477501323451
4.2021415598916665,78.82701672665678
4.202151847901246,78.82925796549169
4.2022665221649165,78.83149872988993
4.202341108834983,78.83373902000211
4.2026864194089075,78.83597883597884
4.202739443680074,78.83821817797059
4.202878476069836,78.8404570461278
4.203031373284683,78.84269544060086
4.203053519193948,78.84493336154009
4.203360470754319,78.84717080909572
4.203490838609098,78.84940778341793
4.203503495795268,78.85164428465686
4.203651168754315,78.85164428465686
4.203790704560555,78.85388031296257
4.2039182408383775,78.85611586848505
4.20392650255752,78.8583509513742
4.203927848407447,78.86058556177994
4.203942961324946,78.86058556177994
4.2045916027886525,78.86281969985204
4.204598755612582,78.86505336574025
4.204709281329185,78.86505336574025
4.204773958214943,78.86728655959425
4.204908794361335,78.86728655959425
4.204986072088583,78.86951928156365
4.205073407044643,78.87175153179801
4.205160179403904,78.87398331044682
4.205464885064554,78.87621461765949
4.205488032531998,78.87621461765949
4.20579563119326,78.87844545358539
4.205855531547122,78.88067581837382
4.205864297838181,78.882905712174
4.205979789606864,78.88513513513513
4.20606434412065,78.88736408740631
4.206076092488934,78.88959256913658
4.206546001905793,78.88959256913658
4.2065838391394434,78.89182058047494
4.20664230012637,78.89404812157028
4.2066830107578665,78.89404812157028
4.20668900542183,78.89627519257148
4.206835016165427,78.89850179362735
4.20691084329029,78.9007279248866
4.206985698024102,78.90295358649789
4.207082432542313,78.90295358649789
4.207452254642819,78.90517877860985
4.207502545896707,78.90517877860985
4.207523685133119,78.90740350137102
4.207559785774583,78.90740350137102
4.207623034102218,78.90962775492987
4.207678655774549,78.90962775492987
4.207971527776355,78.91185153943483
4.2080684417951515,78.91407485503427
4.2082640220068015,78.91629770187645
4.208316535141612,78.91852008010962
4.20834486070926,78.92074198988196
4.208589106417473,78.92296343134156
4.208625927928407,78.92518440463647
4.20872764166342,78.92740490991466
4.20892586569245,78.92962494732406
4.20894265602574,78.93184451701254
4.209310271702283,78.93406361912787
4.209344264662132,78.93406361912787
4.209617556934296,78.93628225381781
4.209733356171277,78.93850042122999
4.209781949943295,78.94071812151205
4.209838741389143,78.94293535481154
4.209913492572908,78.94515212127592
4.20994754026077,78.94736842105263
4.209949202705688,78.94958425428902
4.210144818655155,78.9517996211324
4.210346198936112,78.95401452172997
4.210552181758189,78.95622895622895
4.210601065982224,78.95844292477643
4.210715277135883,78.96065642751947
4.2107459771975435,78.96286946460502
4.210751262884019,78.96508203618005
4.210946559742439,78.96729414239142
4.211204168144972,78.96950578338591
4.2112115862378054,78.97171695931027
4.21127660179982,78.97392767031118
4.211288385629928,78.97613791653527
4.211322842161722,78.97834769812907
4.21135705619952,78.9805570152391
4.211366397710524,78.98276586801177
4.211372495922248,78.98497425659346
4.211602111345317,78.98497425659346
4.211660434254,78.98718218113049
4.21190088371307,78.9893896417691
4.211956582906116,78.99159663865547
4.211978091085132,78.99380317193572
4.212090980000437,78.99600924175594
4.212300204648967,78.99600924175594
4.212537046926716,78.99821484826211
4.2125724426629585,78.99821484826211
4.212814968560116,79.00041999160017
4.212856111097415,79.00262467191601
4.213000695447319,79.00262467191601
4.213065268481391,79.00262467191601
4.213086877998827,79.00482888935545
4.213223885642074,79.00482888935545
4.213383444920195,79.00703264406424
4.213414977594848,79.00703264406424
4.2134876166771935,79.00923593618808
4.21369006911847,79.0114387658726
4.2136922304188165,79.01364113326338
4.213933257047825,79.01584303850593
4.214188542079834,79.0180444817457
4.214491613157751,79.0180444817457
4.214499137355301,79.02024546312808
4.214754291129571,79.0224459827984
4.214876585361436,79.02464604090194
4.215048794806038,79.02464604090194
4.215358732033223,79.0268456375839
4.215742344682239,79.0268456375839
4.215743552115601,79.02904477298941
4.215872633129463,79.03124344726358
4.215958629408704,79.03344166055142
4.216173854055489,79.03344166055142
4.21627471281125,79.03344166055142
4.216295626521669,79.03563941299791
4.216536889437308,79.03783670474793
4.216561452509769,79.04003353594634
4.216708625765883,79.04222990673793
4.216741959553214,79.04222990673793
4.217018815116396,79.0444258172674
4.21706927252329,79.04662126767941
4.217257054031001,79.04881625811858
4.217344526073483,79.05101078872944
4.217351972168301,79.05320485965646
4.218434824034464,79.05539847104409
4.218469405508966,79.05759162303664
4.218700755831769,79.05978431577844
4.219083179743562,79.06197654941374
4.219260528684908,79.06416832408667
4.219538862803571,79.06635963994138
4.219721925339699,79.06855049712192
4.219767682893393,79.07074089577229
4.2198403818397505,79.07293083603642
4.219967356654722,79.07512031805817
4.220124134019024,79.07730934198139
4.220538526064438,79.07949790794979
4.220584923862639,79.0816860161071
4.2208184031904015,79.08387366659694
4.220901953491305,79.0860608595629
4.22091565938029,79.08824759514847
4.221015571123353,79.09043387349712
4.221046513351678,79.09261969475226
4.221325614850893,79.09261969475226
4.221332895762107,79.09480505905717
4.221382501797075,79.09698996655518
4.221491290365004,79.09917441738948
4.221655341452644,79.10135841170323
4.221773700882457,79.10135841170323
4.221842653010247,79.10354194963953
4.221865328125625,79.10572503134141
4.222285470668309,79.10572503134141
4.222333026587214,79.10790765695185
4.222421104139244,79.11008982661374
4.22245646944607,79.11227154046998
4.22265704020509,79.11445279866332
4.222888869857037,79.11663360133655
4.222937842856929,79.11881394863228
4.22303250478841,79.12099384069319
4.2232199117814115,79.12317327766179
4.223636905127221,79.12317327766179
4.2238420652944475,79.12535225968061
4.223966351428644,79.12753078689208
4.224019491861229,79.12970885943858
4.2240292775897395,79.13188647746243
4.224566544396425,79.13406364110588
4.22462640389929,79.13624035051117
4.224662383787677,79.13841660582038
4.224763489520898,79.14059240717563
4.2249233984728205,79.14276775471895
4.225197440139273,79.14276775471895
4.225584553839265,79.14494264859229
4.2256123791194105,79.14494264859229
4.225972638353524,79.14711708893755
4.226054905197032,79.14711708893755
4.226139194902385,79.14711708893755
4.226175357194459,79.14929107589657
4.226523813251032,79.15146460961118
4.226622921323415,79.15363769022305
4.2266610278250205,79.1558103178739
4.226687587486104,79.15798249270529
4.226748589901609,79.1601542148588
4.227557754067678,79.16232548447594
4.227749525110202,79.1644963016981
4.227815058562519,79.1644963016981
4.227844784541519,79.16666666666666
4.227917923271471,79.16883657952296
4.22794718167645,79.16883657952296
4.228049119945417,79.17100604040824
4.228104265177794,79.17317504946371
4.228111088836726,79.17534360683048
4.228143283402216,79.17751171264966
4.22842505659021,79.17967936706225
4.228622909125899,79.18184657020923
4.2286298254634715,79.18401332223148
4.228744891544879,79.18617962326985
4.228992596139818,79.18617962326985
4.229235938000923,79.18617962326985
4.22937687724477,79.18834547346513
4.229671093999888,79.19051087295806
4.229701058761464,79.19051087295806
4.229869248119068,79.1926758218893
4.2300218923034185,79.19484032039946
4.23015837105077,79.19700436862908
4.230350563117278,79.19916796671866
4.230425697150223,79.20133111480865
4.2304610274185075,79.20133111480865
4.230600797943787,79.2034938130394
4.230622622140298,79.20565606155125
4.230706817716168,79.20781786048445
4.230986063427307,79.20781786048445
4.231030338358043,79.20997920997921
4.2312635387109445,79.21214011017565
4.231289098545471,79.21214011017565
4.231554412991393,79.21430056121388
4.231584021312406,79.21646056323391
4.231585276094687,79.21646056323391
4.231651632442632,79.21862011637573
4.231817342296479,79.22077922077922
4.231987677097895,79.22293787658425
4.2320613773267794,79.22509608393061
4.232099865550515,79.22725384295804
4.232164014110166,79.22941115380621
4.232313249506619,79.22941115380621
4.232360563546994,79.23156801661474
4.232394500881407,79.23372443152321
4.232461225786441,79.2358803986711
4.232708003566747,79.23803591819785
4.232877150536107,79.23803591819785
4.232914362957445,79.2401909902429
4.232939982993782,79.2423456149455
4.233032833963496,79.2423456149455
4.233053157419361,79.244499792445
4.233242935810287,79.24665352288056
4.233320944751697,79.24880680639137
4.23357469130218,79.2509596431165
4.233635281811853,79.25311203319502
4.233667853012424,79.2552639767659
4.233743617607185,79.25741547396805
4.233816643406867,79.25956652494037
4.234186349883665,79.25956652494037
4.234243069444493,79.26171712982165
4.234254929387746,79.26386728875065
4.234288506015745,79.26386728875065
4.234398497882143,79.26601700186606
4.234640133565443,79.26816626930652
4.234677857400482,79.27031509121062
4.234939383672269,79.27246346771686
4.234950351564825,79.27461139896373
4.234995036929209,79.27675888508962
4.235103248694765,79.2789059262329
4.235161607666553,79.2789059262329
4.235178396729909,79.28105252253187
4.235358782771453,79.28105252253187
4.2354363908585615,79.2831986741247
4.235453962185926,79.28534438114966
4.235692777850023,79.28748964374482
4.2358140640517,79.28963446204826
4.2358846464391915,79.29177883619796
4.235968000107587,79.29392276633192
4.236102858371156,79.29606625258799
4.236108310495106,79.29606625258799
4.236134560332488,79.29820929510403
4.23627252758462,79.29820929510403
4.236353747568207,79.30035189401781
4.236406551236105,79.30249404946704
4.236486681900776,79.30463576158941
4.236560298643723,79.30463576158941
4.236626031593716,79.3067770305225
4.2368587861808065,79.3089178564039
4.236948988829981,79.31105823937105
4.237028270319206,79.31319817956144
4.2371171949065145,79.31319817956144
4.237262303956165,79.31319817956144
4.237363992320559,79.31533767711242
4.237373011500153,79.31747673216132
4.237456071817572,79.31747673216132
4.237560106270441,79.31961534484542
4.237778656388952,79.3217535153019
4.237820954506696,79.3217535153019
4.237930841088547,79.32389124366794
4.238215064780274,79.32602853008063
4.238283508669519,79.32816537467701
4.238364497476761,79.32816537467701
4.238595918476838,79.33030177759404
4.2386442804122435,79.3324377389687
4.238658113980231,79.33457325893781
4.238711358550907,79.33457325893781
4.238819396345764,79.33457325893781
4.238918839707676,79.33457325893781
4.239004172786061,79.33670833763819
4.23908896659115,79.33884297520662
4.239418761134485,79.33884297520662
4.239804133583206,79.34097717177977
4.24002513033813,79.34311092749432
4.240182208433424,79.34524424248683
4.2402949989909775,79.34524424248683
4.240602994460501,79.34737711689385
4.24064556916244,79.34950955085183
4.240647725123304,79.34950955085183
4.240916741938757,79.34950955085183
4.241172199229661,79.35164154449721
4.241176704568917,79.35377309796635
4.241230852136886,79.35590421139554
4.241234909429644,79.35803488492105
4.241348453156439,79.36016511867905
4.241386195188944,79.36016511867905
4.241548458717603,79.36016511867905
4.2415926596511,79.36016511867905
4.241633765975015,79.3622949128057
4.241638766471966,79.3622949128057
4.241856275363411,79.36442426743706
4.242130017329169,79.36655318270918
4.242163715882426,79.368681658758
4.242205695843431,79.37080969571944
4.242243854543793,79.37080969571944
4.242335515373504,79.37293729372938
4.242524764534382,79.37506445292358
4.242557110375375,79.37719117343782
4.242592229157899,79.37931745540777
4.242598324855564,79.38144329896907
4.24262474358009,79.38356870425729
4.242677318503765,79.38569367140795
4.242696403182284,79.38781820055652
4.242848826883128,79.38994229183842
4.243005200278655,79.38994229183842
4.243144895882669,79.39206594538898
4.243467764725336,79.3941891613435
4.243475999242426,79.3941891613435
4.243562834452123,79.39631193983723
4.243707642825431,79.39631193983723
4.244311504694496,79.39631193983723
4.244360222746798,79.39843428100536
4.244371446686212,79.400556184983
4.244498623294286,79.40267765190525
4.244594971712154,79.40479868190712
4.245149424454878,79.40691927512356
4.24542369333722,79.40691927512356
4.24568310095391,79.40691927512356
4.245733195510212,79.4090394316895
4.24580284520915,79.4090394316895
4.245836422473417,79.41115915173975
4.245905564381292,79.41327843540917
4.246066273063247,79.41539728283244
4.246113475468176,79.41751569414429
4.246222403039148,79.41963366947931
4.246289987954664,79.42175120897211
4.246539840419376,79.42386831275721
4.246774117099458,79.42598498096903
4.246790500080531,79.42810121374202
4.246819600996289,79.42810121374202
4.2470093954926265,79.42810121374202
4.247045310373076,79.43021701121053
4.2470786996964325,79.43233237350884
4.247086002278372,79.43233237350884
4.247364568704633,79.43444730077121
4.247487625860827,79.43656179313182
4.247539217845721,79.43656179313182
4.247696361782719,79.43656179313182
4.247752608943887,79.43656179313182
4.2478382841918005,79.43656179313182
4.247841090826813,79.43867585072478
4.247858049579446,79.44078947368422
4.247969842277608,79.44078947368422
4.248029426551754,79.4429026621441
4.248029767309286,79.4429026621441
4.248046951307263,79.44501541623843
4.248065166922283,79.44712773610112
4.248118924193534,79.44923962186601
4.248123265755425,79.45135107366691
4.248545323436792,79.45346209163756
4.248598986668851,79.45557267591165
4.24860369067549,79.45768282662284
4.248622130235763,79.4597925439047
4.248663304425637,79.46190182789074
4.248785772237885,79.46401067871444
4.24881017328542,79.46611909650923
4.248975512644865,79.46822708140849
4.249078386664111,79.46822708140849
4.249115083752805,79.46822708140849
4.249281951291708,79.46822708140849
4.249287718912474,79.47033463354546
4.249435807796763,79.47244175305347
4.2494603442052625,79.47244175305347
4.249584364759999,79.47244175305347
4.249911447426903,79.47244175305347
4.24992271466308,79.47454844006569
4.250063019036539,79.47665469471524
4.250175688643494,79.47876051713524
4.250225864839689,79.4808659074587
4.250423085914495,79.48297086581863
4.250543675652673,79.48507539234794
4.250686085561119,79.48507539234794
4.250698614498872,79.48717948717949
4.250703685777666,79.48928315044611
4.250785855505332,79.48928315044611
4.251000681283905,79.49138638228057
4.251004637977637,79.49348918281555
4.251413290699952,79.49559155218373
4.251502172076089,79.49769349051769
4.251545223814974,79.49979499794998
4.251621679470473,79.5018960746131
4.251661146548512,79.5018960746131
4.2517754052655405,79.50399672063948
4.251825667749413,79.5060969361615
4.251855322416425,79.50819672131148
4.2519270584963875,79.51029607622169
4.251948210870905,79.51239500102439
4.251997649929975,79.5144934958517
4.252021450899264,79.51659156083572
4.252216006398163,79.51659156083572
4.252754760644057,79.51868919610855
4.253012242086788,79.51868919610855
4.253019990548217,79.52078640180217
4.253604058367155,79.52078640180217
4.253742965956079,79.52288317804853
4.25409910071782,79.52497952497953
4.254145387157526,79.527075442727
4.254166963884285,79.52917093142273
4.254247740859039,79.53126599119844
4.254353883964712,79.53336062218584
4.254373932350653,79.53545482451652
4.254499466831907,79.53545482451652
4.254594771950304,79.53754859832209
4.2548387088049395,79.53754859832209
4.254864728537244,79.53964194373401
4.255092981880197,79.53964194373401
4.255239553765767,79.53964194373401
4.255360539570411,79.53964194373401
4.255588605253243,79.54173486088379
4.255881501582789,79.54382734990283
4.255978075436656,79.54591941092248
4.256041169123348,79.54801104407404
4.25630325365457,79.54801104407404
4.256364841969,79.55010224948876
4.256402560908422,79.55219302729782
4.256449701988759,79.55428337763239
4.256548721254994,79.55637330062353
4.256575290920332,79.55846279640228
4.256604900103753,79.56055186509964
4.256607438443103,79.56055186509964
4.256734503232694,79.56264050684652
4.256819062784669,79.56472872177378
4.257032703446425,79.56681651001226
4.257352442721942,79.56681651001226
4.257669629179811,79.56890387169273
4.257718221231009,79.57099080694586
4.257802942501229,79.57099080694586
4.257953360894719,79.57307731590237
4.258186980109664,79.57307731590237
4.258543807781669,79.57307731590237
4.258553461105345,79.57307731590237
4.258597432769329,79.57516339869281
4.258687663950492,79.57724905544778
4.258693162737937,79.57933428629774
4.259021262784622,79.58141909137315
4.25904563363103,79.5835034708044
4.259077055410811,79.58558742472185
4.259351018699503,79.58767095325577
4.259379579532193,79.58975405653638
4.259923738672333,79.59183673469387
4.259937460701398,79.59391898785839
4.2600067515544096,79.59600081615996
4.260061452022911,79.59808221972865
4.260307598197076,79.6001631986944
4.26034748074808,79.60224375318715
4.260363979672879,79.60432388333673
4.260593126036331,79.60640358927297
4.260668684667909,79.6084828711256
4.260737600388311,79.61056172902437
4.2608455693768885,79.61264016309887
4.261044426955139,79.61471817347875
4.261164171204254,79.61679576029351
4.26122190265261,79.61887292367268
4.261311417937458,79.62094966374566
4.2613351208410455,79.62094966374566
4.2614619478801545,79.62302598064187
4.261534424501439,79.62510187449062
4.261734793505555,79.6271773454212
4.261820358209051,79.62925239356284
4.262029999237634,79.6313270190447
4.262190438381464,79.63340122199592
4.26226350938064,79.63547500254556
4.262304624269321,79.63547500254556
4.262322424438983,79.63754836082263
4.262386797523727,79.63962129695612
4.262395820793905,79.64169381107492
4.262542270152694,79.64376590330788
4.26255735783659,79.64583757378384
4.2625839125204195,79.64790882263154
4.262857852310584,79.64997964997966
4.263054959772595,79.65205005595686
4.263091777934967,79.65205005595686
4.26311321640766,79.65412004069175
4.263136330083811,79.65618960431289
4.26318228455536,79.65825874694875
4.263661053203195,79.66032746872776
4.2637897118519215,79.66239576977831
4.263891824722967,79.66446365022878
4.264006096569334,79.6665311102074
4.264061835654902,79.66859814984242
4.26408059863354,79.67066476926205
4.264628426949656,79.67273096859438
4.264830511038702,79.67479674796748
4.265077162970931,79.6768621075094
4.265233961634179,79.6768621075094
4.265325884039482,79.6789270473481
4.265730754682385,79.6809915676115
4.265781373300276,79.68305566842747
4.266027928601195,79.68511934992381
4.266187246590011,79.68718261222831
4.266189269417941,79.68924545546867
4.266381798066072,79.69130787977254
4.266451244640768,79.69130787977254
4.266513596899932,79.69336988526754
4.2666180827563345,79.69336988526754
4.266620984560304,79.69543147208121
4.266925117948602,79.69749264034108
4.267269622846679,79.69749264034108
4.2673544109109125,79.69955339017459
4.2674107045668555,79.69955339017459
4.2674880182518775,79.70161372170912
4.267507143405111,79.70367363507205
4.267702107779972,79.70573313039067
4.2678339221998485,79.70779220779221
4.267980095846827,79.70985086740387
4.268008205194713,79.7119091093528
4.268010696871354,79.7139669337661
4.26808171564774,79.71602434077079
4.268259827362193,79.71602434077079
4.268345029717453,79.71602434077079
4.268495173034097,79.71808133049386
4.268496430182038,79.72013790306227
4.268861396224469,79.72219405860285
4.269055592106896,79.72424979724249
4.269070830110882,79.72630511910795
4.269078760561378,79.72836002432598
4.26908881418516,79.7304145130232
4.269315877006672,79.7304145130232
4.269370890516219,79.7304145130232
4.269372114055127,79.73246858532632
4.269454822957201,79.73246858532632
4.269524277882398,79.73452224136184
4.2697101694992226,79.73657548125634
4.269858985732606,79.73657548125634
4.270123040952697,79.73862830513626
4.27038365583449,79.74068071312804
4.270502225624435,79.74273270535804
4.27134251870508,79.74273270535804
4.271439132123948,79.7447842819526
4.271640933122368,79.74683544303798
4.271751060601371,79.74683544303798
4.272109790784777,79.74888618874037
4.272122028362426,79.75093651918598
4.272165903584534,79.75093651918598
4.27221365141519,79.75298643450091
4.272471770310122,79.75298643450091
4.272691626849321,79.75298643450091
4.272803586624624,79.75503593481122
4.272856576071992,79.75503593481122
4.2729983921271835,79.75708502024291
4.273146564627047,79.75913369092197
4.2731769338960355,79.7611819469743
4.27331613953403,79.76322978852575
4.27331878924523,79.76527721570214
4.273517509784542,79.76732422862923
4.273624786282095,79.76937082743272
4.273761841360562,79.77141701223829
4.273785793044233,79.77141701223829
4.273866476037216,79.77141701223829
4.2739943189494625,79.77346278317152
4.2740075097441,79.77550814035797
4.274043644714051,79.77755308392315
4.274059817881464,79.77959761399251
4.274155154931389,79.78164173069146
4.274223367839849,79.78368543414535
4.2747116153724445,79.78368543414535
4.274720563604073,79.78572872447948
4.274815687919278,79.7877716018191
4.275161360556281,79.7877716018191
4.2752205419555125,79.7877716018191
4.275294844878166,79.78981406628941
4.275428218113751,79.79185611801556
4.275839047092679,79.79389775712265
4.2761764347561595,79.79389775712265
4.2765566985082515,79.79593898373572
4.276601500692489,79.7979797979798
4.2767174940084445,79.8000201999798
4.276755159610035,79.80206018986064
4.276814137551147,79.80409976774715
4.276817657246414,79.80409976774715
4.276885256444374,79.80613893376413
4.277376637102871,79.80613893376413
4.277422921604002,79.80817768803634
4.277501574020816,79.81021603068848
4.277503291950015,79.81021603068848
4.277680062975866,79.81225396184516
4.27793626080357,79.814291481631
4.278035197046162,79.81632859017054
4.278495867235507,79.81632859017054
4.278583784402076,79.81632859017054
4.2786149681405945,79.8183652875883
4.278715312321757,79.8183652875883
4.278910635917785,79.82040157400868
4.279086310999962,79.82243744955609
4.279410352860928,79.82447291435489
4.279418458621969,79.82650796852934
4.279456557006266,79.82650796852934
4.279467585150502,79.82854261220373
4.2795122372325345,79.82854261220373
4.2795586091133195,79.83057684550222
4.279640880097848,79.83261066854895
4.279748605554319,79.83464408146804
4.279750583863124,79.83464408146804
4.280110602234065,79.83667708438351
4.280111212116024,79.83870967741935
4.280118778471301,79.84074186069952
4.280321813979143,79.84277363434792
4.280485614037823,79.84480499848836
4.280489718697193,79.84683595324465
4.28049617105349,79.84886649874056
4.280572425672271,79.84886649874056
4.280597184115757,79.84886649874056
4.28060589338007,79.85089663509973
4.280656064708999,79.85292636244586
4.28078008262093,79.85495568090249
4.280907203905807,79.85698459059321
4.281111092898878,79.85698459059321
4.2814051891169385,79.85698459059321
4.2814562691703495,79.8590130916415
4.281555083855174,79.86104118417077
4.281805601976847,79.86306886830447
4.28197967285166,79.86306886830447
4.282021452683999,79.86509614416592
4.282233757322542,79.86712301187839
4.282338768687958,79.86712301187839
4.28259279214381,79.86914947156517
4.282698603864857,79.87117552334944
4.282758258407322,79.87320116735434
4.282761787523992,79.87522640370295
4.28328706467801,79.87725123251836
4.283536111340966,79.87927565392354
4.283568682951598,79.88129966804145
4.283655616893179,79.88129966804145
4.283782393468507,79.88129966804145
4.283878856415591,79.88129966804145
4.283880061893077,79.88129966804145
4.283979139097636,79.88332327499496
4.283979713116504,79.88332327499496
4.284149540962197,79.88534647490697
4.284322887549776,79.88736926790024
4.284564393317793,79.88736926790024
4.284671645730658,79.88939165409754
4.284684309874287,79.89141363362155
4.28480871420319,79.89141363362155
4.284884663345512,79.89141363362155
4.2849744584508365,79.89343520659496
4.285004500485422,79.89545637314033
4.285012635034009,79.89747713338024
4.285025451577107,79.89949748743719
4.285135964828903,79.90151743543362
4.285159192703921,79.90353697749197
4.285284535248915,79.90353697749197
4.285459728324864,79.90555611373455
4.285723312486741,79.9075748442837
4.285869134099558,79.90959316926167
4.285937988529631,79.91161108879068
4.286266703862554,79.91362860299287
4.286442397775759,79.91564571199035
4.286493271498351,79.91766241590521
4.28650578907092,79.91967871485943
4.286521230173001,79.921694608975
4.28685766445109,79.921694608975
4.286889250353261,79.92371009837382
4.287023384570482,79.92572518317775
4.287104530320947,79.92773986350863
4.287138309700241,79.92773986350863
4.287179247666246,79.92975413948821
4.287251498458979,79.93176801123822
4.287359480567921,79.93176801123822
4.287463657950618,79.93176801123822
4.287693959875483,79.9337814788803
4.287729726091781,79.9337814788803
4.287729903430557,79.9337814788803
4.287879575443524,79.93579454253612
4.2883173383301445,79.93579454253612
4.28833494861825,79.93579454253612
4.28842488844218,79.93780720232722
4.288591318524877,79.93981945837513
4.288672678178824,79.93981945837513
4.288863648337442,79.94183131080132
4.289040677736828,79.94384275972723
4.2890956190779415,79.94585380527424
4.289102374448991,79.94585380527424
4.2891240159339645,79.94786444756366
4.289314288389555,79.9498746867168
4.28940689335612,79.95188452285485
4.289491401348294,79.95188452285485
4.289755813858226,79.95389395609904
4.289764588094192,79.95590298657046
4.28982982386923,79.95791161439023
4.289994707116248,79.95991983967936
4.290030386297383,79.96192766255886
4.290282712633532,79.96192766255886
4.290439438066562,79.96393508314968
4.290456750479249,79.96594210157268
4.290485612695056,79.96794871794873
4.290593500906745,79.96995493239861
4.29063337922868,79.97196074504306
4.29081805377242,79.9739661560028
4.290824773061892,79.97597116539848
4.290856704837554,79.97797577335068
4.290881444627653,79.97997997997997
4.290943587725422,79.98198378540687
4.2910286193080305,79.98198378540687
4.291093953889701,79.9839871897518
4.291238884768727,79.9859901931352
4.291271089909738,79.98799279567741
4.291295667966762,79.98799279567741
4.291305527488699,79.98999499749874
4.291525568313251,79.99199679871948
4.29168295327546,79.99399819945984
4.291712567333523,79.99599919983997
4.291765391322788,79.99799979998001
4.291800129829924,80.0
4.291888168126675,80.00199980002
4.29196761083212,80.00199980002
4.292041103966315,80.00399920015997
4.292128248114526,80.00599820053984
4.292370592637373,80.00799680127949
4.292499818437406,80.00799680127949
4.292502882135868,80.00999500249874
4.292699227565218,80.01199280431742
4.2928241011473185,80.0139902068552
4.2928830950317485,80.01598721023181
4.292884749935946,80.01798381456689
4.2929479319767045,80.01998001998003
4.293190517430264,80.01998001998003
4.293485527985427,80.02197582659075
4.293821961832447,80.02197582659075
4.293975468638108,80.02397123451857
4.294185466117716,80.02596624388295
4.294224546032279,80.02796085480327
4.294332573604675,80.02796085480327
4.294375726381995,80.0299550673989
4.294591293321265,80.03194888178913
4.294706190399832,80.03394229809324
4.294844065678668,80.03593531643043
4.294920125590114,80.03792793691986
4.295042231887314,80.03992015968065
4.295062179230165,80.04191198483184
4.295454190521297,80.04390341249251
4.295511216717769,80.0458944427816
4.295524514534771,80.04788507581804
4.2959995031270575,80.0498753117207
4.296595519497194,80.05186515060842
4.296740931425776,80.05186515060842
4.296762368646087,80.05385459259998
4.297086684893291,80.05584363781412
4.2971486432494785,80.05783228636952
4.297227033319203,80.05783228636952
4.297262293096249,80.05982053838484
4.297537911669686,80.05982053838484
4.297600198969977,80.06180839397867
4.297823336329846,80.06379585326954
4.298029628017573,80.06578291637597
4.298288842269162,80.06578291637597
4.29829293218802,80.06776958341638
4.2983165916062145,80.06975585450921
4.298388221398731,80.07174172977281
4.298540777881627,80.0737272093255
4.298610075239788,80.07571229328552
4.298645943904943,80.0776969817711
4.298964723153862,80.0776969817711
4.2990205469682605,80.0796812749004
4.299145921959238,80.08166517279155
4.299227756682021,80.08364867556264
4.299515274889806,80.08563178333168
4.299617320373406,80.08563178333168
4.299641169264548,80.08761449621664
4.299669282768246,80.0895968143355
4.299832556831656,80.09157873780609
4.299907087924951,80.09157873780609
4.299973163066372,80.0935602667463
4.3003143851907994,80.09554140127389
4.300611251794228,80.09752214150662
4.300686019899387,80.09950248756219
4.300697934184191,80.10148243955825
4.300774802253012,80.10346199761241
4.301113668702999,80.10544116184224
4.301161968009206,80.10741993236523
4.301338762735304,80.10939830929885
4.301577278898636,80.10939830929885
4.301607659072599,80.11137629276054
4.301879670666021,80.11335388286766
4.301965307653954,80.11533107973752
4.302202669827663,80.11730788348743
4.302217394663698,80.11928429423459
4.302371094322654,80.11928429423459
4.3023884545414,80.12126031209621
4.302436858377805,80.12323593718943
4.30285166756493,80.12521116963133
4.303023272942339,80.12718600953896
4.303220228935886,80.12916045702931
4.3033038976612215,80.13113451221935
4.3034101094080714,80.13310817522598
4.303457963729821,80.13508144616607
4.303721468745175,80.13705432515643
4.303972188871518,80.1390268123138
4.304097853684736,80.1390268123138
4.304201573962766,80.14099890775493
4.30420702464352,80.14297061159651
4.30466351803074,80.14494192395513
4.304925540793314,80.1469128449474
4.304927852791315,80.14888337468983
4.305002807162584,80.15085351329893
4.3051823085989795,80.15282326089114
4.305423006337618,80.15479261758284
4.3055352905327675,80.15479261758284
4.305552786399116,80.15676158349042
4.3056016985694345,80.15676158349042
4.305875039874208,80.15873015873017
4.305887761088763,80.15873015873017
4.306075230900951,80.16069834341832
4.30610772340994,80.16069834341832
4.3061766724023425,80.1626661376711
4.30621300289941,80.16463354160467
4.306217486812348,80.1666005553352
4.306338929660464,80.16856717897868
4.3066516538561475,80.1705334126512
4.306786955732278,80.17249925646873
4.306898879859563,80.17446471054718
4.3071930411003025,80.17642977500248
4.307298212528217,80.17642977500248
4.307324599491652,80.17642977500248
4.3074483775528485,80.17839444995045
4.307454232259165,80.18035873550689
4.307531165558943,80.18232263178756
4.307576113973684,80.18428613890816
4.307869482412145,80.18428613890816
4.3080165868366835,80.18428613890816
4.308031216098683,80.18624925698434
4.308055783176326,80.18821198613175
4.308292216637887,80.19017432646592
4.308359371804848,80.19213627810241
4.30862629835729,80.19409784115666
4.308661277395958,80.19605901574414
4.308693625567902,80.19801980198021
4.308725242712617,80.1999801999802
4.309072048806286,80.1999801999802
4.309089901407726,80.20194020985943
4.309116204909386,80.20389983173315
4.309178231752287,80.20585906571654
4.3094182541017165,80.20781791192479
4.309915710797597,80.20977637047298
4.309920839208831,80.2117344414762
4.309989206173553,80.21369212504946
4.310016474200086,80.21564942130775
4.3100320218879835,80.21564942130775
4.310044584376289,80.21760633036598
4.310251697798815,80.21956285233904
4.3102649972491855,80.22151898734177
4.310292521353965,80.22347473548898
4.310337020799381,80.2254300968954
4.3105917771380975,80.22738507167573
4.310674570953366,80.22933965994464
4.310691578283896,80.23129386181674
4.3108636268030915,80.23129386181674
4.3108720131925775,80.23129386181674
4.311167903724707,80.23324767740661
4.3114522905805055,80.23324767740661
4.311531713880815,80.23520110682874
4.311956523077091,80.23520110682874
4.312242329321707,80.23715415019763
4.312382186166496,80.2391068076277
4.312397246541851,80.2391068076277
4.3125879512165595,80.2391068076277
4.31260193674397,80.24105907923335
4.3127342987107955,80.24301096512892
4.313094115728918,80.24496246542869
4.313230889490066,80.24691358024691
4.313249431357472,80.24886430969781
4.313261743750344,80.25081465389553
4.313456387587761,80.25276461295418
4.313803221859256,80.25471418698785
4.314120401282981,80.25666337611057
4.314204871070344,80.25861218043629
4.31425055877348,80.26056060007896
4.314413551695013,80.26056060007896
4.31443405859619,80.26250863515247
4.31448479261771,80.26445628577066
4.314838058238983,80.26640355204736
4.31501684970415,80.26835043409629
4.3150447187488705,80.26835043409629
4.315321148426039,80.26835043409629
4.315362352717898,80.27029693203117
4.3156807563407495,80.27224304596568
4.315916441314624,80.27418877601342
4.31594335553605,80.27613412228797
4.316066094291583,80.27807908490287
4.3161163653862005,80.27807908490287
4.316380533673267,80.27807908490287
4.316551189389274,80.2800236639716
4.316598698242502,80.2819678596076
4.316634714060484,80.28391167192429
4.31679186628737,80.28391167192429
4.316831845092512,80.285855101035
4.316928927239035,80.285855101035
4.316982984607932,80.28779814705302
4.3172392816428005,80.28974081009164
4.317458924972698,80.29168309026409
4.317502772766067,80.29362498768351
4.317534104817191,80.29556650246306
4.317543049142662,80.2975076347158
4.317607329057517,80.29944838455478
4.317716300697471,80.30138875209298
4.317726609439482,80.30332873744337
4.31781870377768,80.30526834071885
4.317965672355424,80.3072075620323
4.318083410443431,80.3091464014965
4.318118994690105,80.3091464014965
4.3186056277956135,80.3091464014965
4.318626530299127,80.31108485922425
4.318677491509566,80.31302293532828
4.318742026699123,80.31302293532828
4.319565363909688,80.31302293532828
4.319597818520755,80.31302293532828
4.319650559080843,80.31496062992126
4.31967875279835,80.31689794311583
4.3197902567868125,80.3188348750246
4.3199561834844635,80.32077142576011
4.320171597003373,80.32270759543488
4.320198896882096,80.32464338416135
4.320202067269247,80.32657879205193
4.3203476122070175,80.32657879205193
4.320416286874073,80.32851381921904
4.320421975794669,80.33044846577498
4.320708559201803,80.33044846577498
4.320807959220873,80.33238273183204
4.320881461081339,80.33431661750245
4.321078894891902,80.33625012289843
4.3211484006342324,80.33818324813213
4.321212785779093,80.34011599331564
4.321275966440984,80.34204835856103
4.3213447331406485,80.34398034398035
4.321365115356788,80.34398034398035
4.321383974110556,80.34591194968553
4.321468649798738,80.34591194968553
4.3216524604779725,80.34784317578854
4.321662640487532,80.34784317578854
4.321701960946578,80.34977402240125
4.321778614413908,80.35170448963552
4.322024535644406,80.35170448963552
4.3220789997160285,80.35170448963552
4.322234428112143,80.35363457760315
4.322473016441316,80.35556428641587
4.322640232622054,80.35749361618542
4.322665027178994,80.35749361618542
4.323003778714815,80.35942256702347
4.323129074449623,80.36135113904163
4.323137406947775,80.3632793323515
4.323157668041633,80.3652071470646
4.323177732725014,80.36713458329243
4.323291597872642,80.36713458329243
4.323342180195516,80.36906164114644
4.323436836528775,80.37098832073805
4.3236864135205515,80.3729146221786
4.3237672551160005,80.37484054557943
4.323777012179715,80.3767660910518
4.3237819406397655,80.37869125870697
4.323952692904358,80.38061604865607
4.324219292185494,80.3825404610103
4.324246802458233,80.38446449588074
4.324293342930124,80.38638815337845
4.324378195151846,80.38831143361443
4.324425916343553,80.39023433669968
4.324449536751351,80.3921568627451
4.324511588913923,80.39407901186159
4.324535036984816,80.39600078415997
4.324647654703966,80.39792217975106
4.3247685928804005,80.39792217975106
4.3248515366601925,80.39984319874559
4.3251984017292076,80.4017638412543
4.325313497283877,80.4017638412543
4.325345837686171,80.4036841073878
4.325363247459054,80.40560399725678
4.325970161953987,80.40560399725678
4.326060370600632,80.40560399725678
4.326107588421669,80.40752351097179
4.326160011082119,80.40944264864336
4.326185518615854,80.41136141038197
4.326212258814004,80.41136141038197
4.326297188910096,80.41327979629811
4.32635410460437,80.41519780650216
4.326364572242173,80.41711544110447
4.326386389609401,80.41903270021538
4.32667942548534,80.42094958394517
4.326754269566125,80.42286609240408
4.326845989992916,80.42478222570226
4.327087363669222,80.4266979839499
4.327137430730394,80.42861336725707
4.32734886860625,80.43052837573386
4.327409237858255,80.43244300949026
4.327511343398211,80.43435726863628
4.327523815715922,80.43627115328181
4.32760724045619,80.43627115328181
4.327739319093523,80.43818466353677
4.327772426636854,80.440097799511
4.327853638412475,80.44201056131429
4.327873685895247,80.44201056131429
4.327934638061393,80.44201056131429
4.327969551429716,80.44392294905643
4.328082393378955,80.44583496284709
4.328148109916448,80.44774660279597
4.328207452354271,80.44774660279597
4.328207556671656,80.4496578690127
4.328262581070112,80.4496578690127
4.328267705962885,80.45156876160688
4.32832329929389,80.45347928068803
4.328407386161946,80.45347928068803
4.3284662756591334,80.45538942636567
4.328628594197237,80.45729919874927
4.328636972361088,80.45729919874927
4.328690605599175,80.45729919874927
4.328833607892708,80.45729919874927
4.32892726756776,80.45920859794822
4.329090273892301,80.4611176240719
4.329100703567858,80.46302627722966
4.329104540757236,80.46493455753077
4.329123238766569,80.46684246508448
4.32935302501919,80.46875
4.329366785043782,80.47065716238649
4.329507163544695,80.47256395235306
4.329543974094339,80.47256395235306
4.329640161737652,80.47256395235306
4.329725194927973,80.47256395235306
4.329809329953967,80.47447037000879
4.329997410609608,80.47447037000879
4.330008800055793,80.47447037000879
4.330020083911272,80.47447037000879
4.33028419885237,80.47637641546271
4.330707234237119,80.47828208882382
4.330936328258611,80.48018739020105
4.331066791103917,80.48209231970333
4.331118914158181,80.4839968774395
4.331389629886823,80.4839968774395
4.331615313998619,80.4859010635184
4.3323760772806645,80.4859010635184
4.332410533238436,80.48780487804879
4.332426729871818,80.4897083211394
4.332532360616513,80.49161139289895
4.33259529809111,80.49161139289895
4.332607026159685,80.49351409343608
4.332800319073621,80.49541642285936
4.333055717110464,80.49731838127742
4.3333899494764925,80.49921996879876
4.333441517649226,80.50112118553183
4.333490324077213,80.5030220315851
4.3335990475222355,80.50492250706696
4.333675262757587,80.50682261208577
4.333861832086073,80.50682261208577
4.334032800567518,80.50872234674983
4.334060161229694,80.51062171116742
4.334066290291149,80.51252070544676
4.334071573648636,80.51441932969603
4.334159553437318,80.51631758402338
4.334289921994012,80.51631758402338
4.3342939566786916,80.51821546853691
4.334311870288595,80.51821546853691
4.334478654197931,80.52011298334469
4.334529149360947,80.52201012855474
4.3345605833902905,80.523906904275
4.334679183720242,80.52580331061344
4.33479591267123,80.52769934767792
4.334806585445762,80.52959501557633
4.335081319806805,80.53149031441643
4.335174022507664,80.53149031441643
4.3354007093244435,80.533385244306
4.335402944589185,80.533385244306
4.335417780503267,80.5352798053528
4.3354975456160885,80.53717399766445
4.3357303480729295,80.53906782134864
4.335754387793286,80.54096127651295
4.335756217934123,80.54285436326491
4.335830641399927,80.54474708171206
4.336188190285036,80.54474708171206
4.336190823473327,80.54663943196188
4.336221349119075,80.54853141412177
4.3362639242785415,80.55042302829914
4.33641281848682,80.55231427460131
4.336561741031995,80.55420515313564
4.336637238171693,80.55609566400933
4.336721311218015,80.55798580732963
4.336819805571605,80.55987558320373
4.336963670359734,80.55987558320373
4.337041544158566,80.56176499173876
4.337070552172128,80.56365403304179
4.337114673297811,80.5655427072199
4.337129719040662,80.56743101438009
4.337226693701867,80.56931895462935
4.3372391897672795,80.5712065280746
4.337522951259913,80.57309373482273
4.337622556119211,80.57498057498057
4.337753789797148,80.57686704865495
4.337848503072798,80.57875315595261
4.337926832897323,80.58063889698029
4.337966299720327,80.58252427184466
4.338173857829212,80.58440928065237
4.338341090679869,80.58440928065237
4.3385293701831165,80.58440928065237
4.3385657067438075,80.58629392351
4.3387918395973095,80.58817820052411
4.3388635618425635,80.58817820052411
4.338958782428382,80.59006211180125
4.339020669615631,80.59194565744784
4.3390557973961235,80.59382883757034
4.339203041968035,80.59571165227514
4.339387396239161,80.59571165227514
4.339411792654473,80.5975941016686
4.3395452009430455,80.59947618585703
4.339755362610572,80.60135790494665
4.339912077301234,80.60323925904373
4.33993128561106,80.60512024825445
4.340246899848494,80.60700087268496
4.340298833837816,80.60700087268496
4.3407714670024315,80.60888113244134
4.341896760876116,80.61076102762966
4.342409318835711,80.61264055835595
4.3424125361881165,80.61264055835595
4.34251189518496,80.61451972472618
4.342655484377544,80.61639852684628
4.342678653044945,80.61827696482217
4.342946824763981,80.62015503875969
4.343042399825304,80.62203274876465
4.343042924859408,80.62391009494284
4.34331131208564,80.62578707739998
4.343407534045301,80.62578707739998
4.3434179434073235,80.62766369624177
4.3434476376065305,80.62953995157385
4.343498175630452,80.63141584350184
4.343597856494887,80.63329137213131
4.343706184177738,80.63516653756778
4.34411188606969,80.63704133991673
4.344128782354857,80.63891577928364
4.34421558861317,80.64078985577389
4.344266119391723,80.64078985577389
4.344283526078473,80.64266356949284
4.3443505144298875,80.64453692054583
4.344613294526675,80.64453692054583
4.344631608859659,80.64640990903813
4.344882993854065,80.64828253507498
4.3449642967199145,80.6501547987616
4.345163974958901,80.65202670020315
4.345318810243393,80.65389823950474
4.345585322691854,80.65576941677145
4.345885546354621,80.65764023210832
4.345886490810707,80.65951068562035
4.34610632411875,80.65951068562035
4.346146151059785,80.65951068562035
4.3462729551911865,80.66138077741249
4.34629199515939,80.66325050758968
4.346324771047525,80.66325050758968
4.346401233186345,80.66511987625677
4.3464106867535595,80.66511987625677
4.346423899344227,80.66698888351861
4.346458602447013,80.66885752948
4.346581856367746,80.67072581424567
4.3466510531317715,80.67259373792038
4.346924204425233,80.67446130060875
4.346968927092247,80.67632850241546
4.346980180445769,80.67819534344508
4.346987403654145,80.68006182380216
4.347041084639141,80.68192794359122
4.347081737542235,80.68192794359122
4.34715366301859,80.68192794359122
4.347182154326849,80.68379370291674
4.347355301685064,80.68565910188315
4.347482017471055,80.68752414059482
4.347823507344076,80.68938881915612
4.347869875284964,80.69125313767137
4.347951576801473,80.69311709624482
4.347981111458693,80.6949806949807
4.348025683405933,80.6968439339832
4.348277633111424,80.6987068133565
4.348383858781905,80.70056933320467
4.348458672395551,80.70056933320467
4.34846211841332,80.70056933320467
4.348535680680094,80.70243149363179
4.348727336922194,80.70243149363179
4.3488033193562785,80.70429329474193
4.348992628733338,80.70429329474193
4.3491367033042065,80.70615473663901
4.349137735989061,80.70801581942703
4.349231994388607,80.70987654320987
4.349341845634314,80.71173690809142
4.349431218760847,80.71359691417551
4.349508448516313,80.7154565615659
4.349546556132582,80.71731585036636
4.349935271458963,80.71917478068062
4.350101221129215,80.72103335261231
4.350216150562883,80.72289156626506
4.350666657333977,80.72474942174249
4.350855971329986,80.72660691914811
4.351006798775773,80.72846405858547
4.3511347815374775,80.73032084015802
4.351151286878383,80.73032084015802
4.351152299116162,80.73217726396918
4.3512160578898404,80.73403333012233
4.3512952273553935,80.73588903872087
4.351524594749379,80.73588903872087
4.351653975419801,80.73774438986806
4.35168962467532,80.73959938366718
4.351776757207042,80.74145402022147
4.35186768822164,80.74145402022147
4.351876800960544,80.74145402022147
4.352040248667603,80.74330829963412
4.352114487827528,80.74516222200828
4.352375606106347,80.74516222200828
4.352376794049545,80.74701578744705
4.352396388920325,80.74886899605352
4.352411307192118,80.7507218479307
4.352512922306866,80.7525743431816
4.352528877742864,80.75442648190916
4.352595791248731,80.75627826421629
4.352610263538659,80.75812969020589
4.353068194234923,80.75812969020589
4.353225172480027,80.75998075998076
4.35329405406261,80.76183147364371
4.353350646444191,80.76183147364371
4.353380286069944,80.76368183129749
4.353495123118389,80.76368183129749
4.35378610667759,80.76553183304482
4.353965611929324,80.76553183304482
4.354194416814835,80.76553183304482
4.354217012958399,80.76738147898837
4.354280632528977,80.76923076923077
4.354353542743829,80.77107970387462
4.354390244576797,80.77107970387462
4.3547818620785765,80.77107970387462
4.355001692418066,80.7729282830225
4.355193838754903,80.77477650677689
4.355213082963014,80.77662437524029
4.355241508468581,80.77847188851514
4.355285577944125,80.78031904670382
4.35546703276473,80.78216584990872
4.355583322781396,80.78401229823213
4.3556560855439015,80.78585839177634
4.355796542568859,80.78585839177634
4.355865271231541,80.78770413064362
4.356121189216941,80.78954951493613
4.356130730600817,80.79139454475605
4.356162512172824,80.79323922020552
4.356509817025847,80.79508354138659
4.356635792029498,80.79692750840134
4.356834633515886,80.79877112135176
4.35713202845498,80.80061438033982
4.357145886186445,80.80245728546745
4.35734256481751,80.80429983683655
4.357365859968413,80.80614203454894
4.357447233240079,80.80798387870645
4.357484086630421,80.80798387870645
4.357515130609002,80.80982536941086
4.35752635920673,80.81166650676388
4.357802662836231,80.81166650676388
4.357842474293685,80.81350729086722
4.35787511634326,80.81534772182253
4.3579299085501395,80.81718779973144
4.358101107229602,80.8190275246955
4.3585263201748505,80.82086689681627
4.358574115434796,80.82270591619522
4.358585670288259,80.82454458293384
4.35865944703071,80.82638289713354
4.358958126538806,80.82638289713354
4.358981794600194,80.8282208588957
4.359028656831002,80.83005846832168
4.35936874857265,80.83189572551275
4.359399879481816,80.8337326305702
4.35939987996217,80.83556918359524
4.3595661415828415,80.83740538468909
4.359612488367384,80.83740538468909
4.359651522149987,80.83924123395286
4.359737593910394,80.83924123395286
4.359846326679291,80.84107673148769
4.359871581968282,80.84291187739464
4.360016863263203,80.84291187739464
4.360927734448639,80.84474667177474
4.360978161279834,80.84658111472898
4.361031104855815,80.84841520635833
4.36110057370515,80.85024894676368
4.3612122520070065,80.85208233604595
4.361308276979893,80.85391537430596
4.36141320055507,80.85391537430596
4.361527978477145,80.85391537430596
4.361531885021454,80.85574806164449
4.361613141918656,80.85758039816233
4.361680954164013,80.85941238396018
4.361750324933142,80.86124401913875
4.361773155152659,80.86307530379868
4.361862241094377,80.86490623804056
4.361977396188798,80.86673682196499
4.362175621117954,80.86673682196499
4.362183842282936,80.86673682196499
4.362220786580845,80.86856705567247
4.362254689778194,80.87039693926351
4.362338375675023,80.87039693926351
4.362448698019889,80.87222647283856
4.362514140832055,80.87405565649804
4.3633799863272715,80.87588449034232
4.363621397062434,80.87771297447175
4.363726070098073,80.87771297447175
4.363799849773038,80.87954110898661
4.363879267991837,80.88136889398719
4.364009993784531,80.88136889398719
4.364049624007609,80.88319632957369
4.364094670496074,80.88502341584632
4.3643297128108856,80.8868501529052
4.3645085647740345,80.8868501529052
4.364602558484466,80.88867654085045
4.36468546140038,80.89050257978215
4.3647440624091915,80.89232826980033
4.364745835001941,80.89415361100497
4.364977766151733,80.89415361100497
4.365110626403859,80.89415361100497
4.365193052311799,80.89597860349603
4.365413279188249,80.89780324737345
4.365547280309654,80.89962754273708
4.365762298444571,80.89962754273708
4.366034873593046,80.89962754273708
4.3660950215204215,80.89962754273708
4.366213368698928,80.90145148968678
4.366531280137837,80.90327508832236
4.366836730991783,80.90509833874356
4.36695222778213,80.90692124105013
4.367095779390283,80.90874379534173
4.367194080368444,80.90874379534173
4.3672921169271675,80.91056600171805
4.367355443558716,80.91056600171805
4.367443393586722,80.91238786027868
4.367644329493727,80.9142093711232
4.367784406173195,80.91603053435115
4.367809779194616,80.91785135006202
4.367976028614289,80.91967181835528
4.368025322460559,80.91967181835528
4.368048071894771,80.92149193933035
4.368306376542692,80.9233117130866
4.36872266131752,80.92513113972342
4.36873330308825,80.92695021934007
4.3687432248085605,80.92876895203585
4.368784161689776,80.93058733790998
4.369010273343162,80.93240537706168
4.3694121027685995,80.93240537706168
4.369814045974509,80.93422306959009
4.369947247191744,80.93604041559432
4.370353314732006,80.93785741517347
4.370555627982989,80.93967406842657
4.370683184912987,80.94149037545264
4.370791359242618,80.94330633635064
4.370819283222826,80.9451219512195
4.370825723535976,80.94693722015815
4.37091993386048,80.94693722015815
4.370980255169523,80.94693722015815
4.371174957257173,80.94875214326538
4.371454172938071,80.95056672064005
4.371538134026043,80.95238095238095
4.371748938710713,80.9541948385868
4.371792280547225,80.9541948385868
4.371870064449951,80.95600837935632
4.371979733829748,80.95782157478816
4.37198468348301,80.95963442498096
4.371992139394278,80.96144693003332
4.371997693850345,80.96325909004378
4.372147217400304,80.96507090511088
4.372149731925867,80.96688237533309
4.372174711388706,80.96869350080883
4.372216279220305,80.97050428163654
4.372276556790795,80.97231471791456
4.372673095405246,80.97412480974124
4.372685127822632,80.97593455721488
4.372693784078803,80.97593455721488
4.372700915448618,80.97774396043371
4.3727573382637335,80.97955301949595
4.372829358157985,80.98136173449981
4.372877099791775,80.98136173449981
4.373199991986067,80.9831701055434
4.37355775403857,80.98497813272485
4.373564544263659,80.98497813272485
4.373581276756241,80.98497813272485
4.373886120002795,80.98678581614222
4.373952618668704,80.98859315589354
4.3740798975722095,80.9904001520768
4.374224353107831,80.99220680478997
4.374309265439666,80.99401311413095
4.374313265428881,80.99401311413095
4.374511770272537,80.99581908019763
4.374525757487201,80.9976247030879
4.374603819482764,80.99942998289949
4.374828441286199,81.00123491973021
4.374907698354773,81.00123491973021
4.375153329424709,81.0030395136778
4.375265226325169,81.0030395136778
4.375438332185705,81.00484376483996
4.375447782650392,81.00664767331433
4.375685027723775,81.00845123919855
4.3756967270524285,81.0102544625902
4.376074590874643,81.01205734358682
4.376162307566085,81.01205734358682
4.376353422746645,81.01385988228593
4.37642747590721,81.01385988228593
4.376468865621358,81.015662078785
4.376527552593128,81.015662078785
4.376593717639301,81.015662078785
4.376673228679183,81.015662078785
4.3766787225871955,81.01746393318147
4.376734966464907,81.01926544557274
4.377035270065841,81.02106661605617
4.377135724546304,81.0228674447291
4.377788661914605,81.0228674447291
4.377957400539696,81.02466793168881
4.3780999811852155,81.02646807703255
4.378238788116169,81.02826788085751
4.378247000425903,81.03006734326094
4.378295692192245,81.03186646433991
4.378397601081241,81.03366524419155
4.378475531422088,81.03546368291296
4.378563181284803,81.03546368291296
4.378701603037076,81.03726178060113
4.378823927229994,81.03726178060113
4.37926983942615,81.03905953735305
4.379398712171083,81.04085695326572
4.3794682614422875,81.04085695326572
4.379471831952319,81.04265402843602
4.379567030001634,81.04445076296085
4.379586632363399,81.04445076296085
4.379630954329416,81.04624715693708
4.379792474925175,81.04624715693708
4.379929401553517,81.04804321046149
4.379966950562664,81.04983892363084
4.379993704458021,81.05163429654192
4.380127015673407,81.05342932929139
4.380208032815847,81.05522402197593
4.380374494109461,81.05701837469218
4.380462661401047,81.05881238753669
4.380498678591117,81.06060606060606
4.38051174679041,81.06239939399677
4.380569232848321,81.06239939399677
4.380575595765052,81.06419238780535
4.380614460513648,81.06598504212819
4.38095322848097,81.06777735706171
4.38096552913787,81.06956933270232
4.381050556542429,81.07136096914633
4.381124767598335,81.07315226649001
4.381235009453761,81.07494322482968
4.381289114921167,81.07673384426151
4.381395871437101,81.07852412488174
4.381479461741119,81.07852412488174
4.381586260918992,81.0803140667865
4.381657460088533,81.0803140667865
4.381687333243676,81.08210367007189
4.381728810107084,81.08389293483401
4.381843926754615,81.08568186116891
4.381886915794158,81.08747044917257
4.382036645790115,81.08925869894101
4.382052514582959,81.0910466105701
4.382301888785561,81.09283418415579
4.382450718298767,81.09462141979394
4.382718832728943,81.09462141979394
4.382848714043197,81.09640831758034
4.382974516938429,81.09819487761081
4.383173860076567,81.0999810999811
4.383264944920722,81.10176698478693
4.383306082331861,81.10355253212396
4.3834276055332415,81.10533774208785
4.383446306560736,81.10712261477423
4.383540939903078,81.10712261477423
4.3835749257249015,81.10890715027864
4.38359522232835,81.11069134869663
4.383626096703809,81.11247521012372
4.383821582838263,81.11247521012372
4.383867943626004,81.11425873465534
4.384087293905302,81.11604192238693
4.384437238149412,81.1178247734139
4.384442009834908,81.11960728783158
4.384454710166896,81.12138946573533
4.384490658744351,81.12138946573533
4.384524737807684,81.12138946573533
4.38453680819098,81.12138946573533
4.384582212841883,81.12138946573533
4.384803769015147,81.12317130722039
4.384907497996337,81.12495281238203
4.38494538505807,81.12673398131547
4.385096406460607,81.12851481411587
4.385223574619722,81.13029531087838
4.385466113204707,81.13207547169812
4.3855182738616625,81.13385529667012
4.385582151412262,81.13563478588945
4.3856314014923745,81.13563478588945
4.385917523218318,81.13563478588945
4.386034314329607,81.1374139394511
4.386452883447598,81.13919275745002
4.386946914414801,81.14097123998114
4.386965835010898,81.14274938713936
4.387148542796572,81.14274938713936
4.387274539746319,81.1445271990195
4.387296826740547,81.1445271990195
4.38767743776762,81.1445271990195
4.3877126838199,81.1445271990195
4.387970642840573,81.14630467571644
4.387994412859337,81.14808181732491
4.388064698455783,81.14808181732491
4.3881021384273,81.14985862393968
4.388199249011753,81.15163509565545
4.388258402661452,81.15341123256691
4.388455596557588,81.15518703476869
4.388567106831685,81.15696250235538
4.388883644712537,81.15696250235538
4.389066054832585,81.15873763542157
4.389431710358517,81.16051243406179
4.389503600273857,81.16228689837054
4.389539362716331,81.16406102844226
4.389568239248661,81.1658348243714
4.389611497274879,81.16760828625236
4.389724414155655,81.16760828625236
4.3897566415037845,81.16938141417945
4.389945557479563,81.17115420824703
4.390050906999374,81.17292666854937
4.390164404627765,81.17469879518072
4.3901907395557895,81.17647058823529
4.390208318706511,81.17824204780727
4.390301086039608,81.18001317399077
4.390307120673853,81.18178396687993
4.390417178032501,81.18355442656882
4.390677019919679,81.18355442656882
4.390707275713073,81.18532455315146
4.390833418617499,81.18532455315146
4.390837984264586,81.18532455315146
4.391348691417538,81.18709434672185
4.391419640191579,81.18886380737396
4.391439130671911,81.19063293520173
4.391454721355115,81.19063293520173
4.39153453350375,81.19063293520173
4.391637323845165,81.19063293520173
4.391719296179874,81.19240173029904
4.391795659764943,81.19417019275976
4.391852004088967,81.19593832267769
4.39187486167161,81.19770612014666
4.391901878384553,81.19947358526038
4.3922354423804295,81.2012407181126
4.392403036445487,81.203007518797
4.392403558592535,81.2047739874072
4.392594663555233,81.2047739874072
4.39261634410129,81.20654012403683
4.392626004655316,81.20830592877948
4.392752662710892,81.21007140172868
4.392818276940205,81.21183654297792
4.392942485098975,81.2136013526207
4.392964266036655,81.21536583075044
4.393077337301563,81.21712997746056
4.393182308571722,81.21712997746056
4.393221305413988,81.2188937928444
4.393430697790372,81.2206572769953
4.393441185710839,81.22242043000657
4.3936025006384485,81.22418325197145
4.393879886323571,81.22418325197145
4.394037081721557,81.2259457429832
4.394150694084049,81.2259457429832
4.3943237045094,81.22770790313497
4.394368677876826,81.22946973251995
4.39445090595322,81.22946973251995
4.3945037410658,81.23123123123122
4.394731501201096,81.23123123123122
4.3952640760316175,81.23299239936192
4.395397466818725,81.23475323700507
4.395569297633308,81.23651374425368
4.395584335521939,81.23827392120076
4.39564661543726,81.24003376793921
4.395817379473079,81.24003376793921
4.395903540052164,81.241793284562
4.3961455462711765,81.24355247116196
4.396311237603428,81.24355247116196
4.396382476938646,81.24531132783196
4.396978185857624,81.24706985466479
4.397136055340788,81.24706985466479
4.397292387662677,81.24882805175324
4.397319012174831,81.25058591919002
4.397473216720863,81.25234345706787
4.397529565452966,81.25410066547943
4.397642176882894,81.25585754451734
4.397674691998777,81.25585754451734
4.397752888527972,81.2576140942742
4.3983056716708395,81.25937031484258
4.398442811803244,81.261126206315
4.398476588900911,81.261126206315
4.398504546628143,81.261126206315
4.398537196682708,81.26288176878396
4.398691603057867,81.26463700234193
4.398722287413378,81.26463700234193
4.398981204680565,81.2663919070813
4.399053839874568,81.26814648309451
4.399079678164036,81.26814648309451
4.399150168113965,81.26990073047388
4.399284830826387,81.27165464931173
4.39959249053028,81.27340823970037
4.3996063730473844,81.27516150173206
4.3996351140696275,81.27691443549897
4.3997229277243,81.27691443549897
4.399745870049418,81.27866704109333
4.400042239952082,81.28041931860727
4.400060150062848,81.2821712681329
4.400096743420511,81.28392288976231
4.40013158362031,81.28567418358753
4.400146341646424,81.2874251497006
4.40028003629429,81.28917578819348
4.400357336292042,81.29092609915809
4.400423640065602,81.29267608268637
4.400458737600426,81.29442573887017
4.400473175662655,81.29617506780137
4.400485914007633,81.29792406957172
4.40053398894217,81.29967274427302
4.4005714653363395,81.29967274427302
4.400800359533895,81.29967274427302
4.400837234938866,81.301421091997
4.400903603754644,81.30316911283538
4.400995231597772,81.30316911283538
4.401137455770148,81.30316911283538
4.401189451988997,81.30491680687979
4.401205640833691,81.3066641742219
4.40143604840884,81.30841121495327
4.401885537077285,81.3101579291655
4.401996105675205,81.3119043169501
4.402462832548999,81.3119043169501
4.4025399439546415,81.31365037839858
4.402542482256683,81.31365037839858
4.402750932412477,81.31539611360239
4.402920668867192,81.31714152265297
4.402921206300942,81.3188866056417
4.4030104800134895,81.3188866056417
4.403153958687071,81.32063136265995
4.403252585415199,81.32237579379903
4.403330706055193,81.32237579379903
4.403449410540991,81.32411989915025
4.403582856442847,81.32586367880485
4.403619878081615,81.32760713285407
4.403656266927868,81.3293502613891
4.403698522389904,81.33109306450108
4.403791673737396,81.33283554228112
4.403953573412083,81.33457769482034
4.403984506487774,81.33631952220978
4.404199025089223,81.33806102454045
4.404207069905998,81.33980220190334
4.404416903367651,81.3415430543894
4.4044483211401735,81.3415430543894
4.404497602833512,81.3415430543894
4.40454339154425,81.34328358208955
4.404587468327248,81.34502378509467
4.404589532036113,81.34676366349561
4.404608671836451,81.3485032173832
4.404963516135576,81.3485032173832
4.405177695799175,81.35024244684818
4.405226112219465,81.35198135198135
4.405385574983028,81.35371993287339
4.405650121780282,81.35545818961499
4.405784970531111,81.35545818961499
4.405945763014299,81.3571961222968
4.405957915262927,81.3571961222968
4.406073623257595,81.35893373100942
4.406172004930223,81.36067101584344
4.406426988354884,81.36240797688939
4.406447367923182,81.3641446142378
4.406458456932791,81.36588092797913
4.406746244116239,81.36761691820384
4.406761263630654,81.36935258500233
4.406764830824014,81.37108792846497
4.4067796167793105,81.37108792846497
4.406881548643172,81.37108792846497
4.407351725607788,81.37108792846497
4.407454847653396,81.37282294868213
4.407480825406535,81.37282294868213
4.407507329836067,81.37455764574409
4.407691181189549,81.37455764574409
4.407897782011257,81.37629201974113
4.408199731061091,81.3780260707635
4.40834392786545,81.3780260707635
4.408364926720323,81.3797597989014
4.408391058590934,81.38149320424502
4.4084500737283445,81.38322628688448
4.408573850635167,81.38322628688448
4.40861647667174,81.3849590469099
4.408774611010766,81.38669148441136
4.4091212739815795,81.38669148441136
4.409663214403411,81.38669148441136
4.409956746796001,81.38842359947887
4.410278496458563,81.39015539220247
4.410299477730875,81.39188686267212
4.410377068163292,81.39361801097776
4.410512068922908,81.3953488372093
4.410617141220488,81.3953488372093
4.410761001972276,81.39707934145662
4.410911928374505,81.39880952380952
4.411114962729543,81.40053938435786
4.411206783094448,81.40226892319137
4.411233861649099,81.4039981403998
4.411259320932021,81.4039981403998
4.411275958892228,81.40572703607289
4.411313835439571,81.40745561030027
4.41141750511186,81.40918386317159
4.411447117648115,81.41091179477647
4.4114854868839215,81.41263940520446
4.411641233362701,81.41436669454511
4.411719906318742,81.41609366288793
4.411769106152929,81.4178203103224
4.411891765226336,81.41954663693795
4.411927249154364,81.41954663693795
4.411956879658104,81.42127264282396
4.412067420408375,81.42299832806985
4.412123955622469,81.42299832806985
4.412146865581134,81.42472369276493
4.412350370249756,81.42472369276493
4.412357298652217,81.42644873699851
4.412377273060315,81.42644873699851
4.41252369594091,81.42817346085988
4.41269391835536,81.42989786443825
4.41275051720077,81.43162194782286
4.412777077716592,81.43334571110286
4.412954612995596,81.4350691543674
4.412989620089452,81.43679227770558
4.4130475121505714,81.43679227770558
4.413074936840993,81.4385150812065
4.413320893227331,81.44023756495918
4.413623698905331,81.44195972905261
4.4138391806715145,81.4436815735758
4.4138672671452746,81.4436815735758
4.413871374619905,81.4436815735758
4.414013756042632,81.4436815735758
4.414054900818029,81.44540309861769
4.41426278805727,81.44712430426716
4.414385004550144,81.44884519061311
4.414406321508644,81.44884519061311
4.414482107200849,81.45056575774439
4.414668357948238,81.4522860057498
4.414907284536804,81.4540059347181
4.414930517937496,81.45572554473807
4.4152293828719005,81.45572554473807
4.415285461292083,81.45572554473807
4.4152935275457,81.45744483589839
4.415307232631047,81.45744483589839
4.415585690808567,81.45916380828776
4.415658323459231,81.46088246199481
4.415727489036983,81.46260079710817
4.415743973475782,81.4643188137164
4.415779731226928,81.4643188137164
4.415944868857612,81.46603651190807
4.415998040303912,81.4677538917717
4.416198340051693,81.4677538917717
4.416371441652307,81.46947095339571
4.416526270863323,81.46947095339571
4.416717479625857,81.47118769686863
4.416775285352247,81.47118769686863
4.416822689333017,81.47290412227883
4.4169285230985285,81.47290412227883
4.416950659197641,81.47290412227883
4.417145893758397,81.47462022971472
4.417577336756958,81.47633601926461
4.417628285117341,81.47633601926461
4.417706051150784,81.47805149101686
4.417736667756783,81.47976664505973
4.417952976831618,81.48148148148148
4.4180708346548325,81.48319600037034
4.4182156001164685,81.48491020181447
4.418345402108923,81.48662408590206
4.418503227935634,81.48833765272121
4.418569881125467,81.49005090236003
4.418705266670967,81.49005090236003
4.4191632808312,81.49005090236003
4.419224698066677,81.49176383490654
4.419252866865121,81.49347645044878
4.4195680545133,81.49518874907476
4.419857201921629,81.49518874907476
4.419889465808471,81.49690073087243
4.420112167032969,81.4986123959297
4.420248526662195,81.50032374433448
4.420352225877028,81.50203477617463
4.420463183922768,81.50374549153796
4.420574877418735,81.50545589051231
4.42062737125849,81.5071659731854
4.421444985128211,81.50887573964496
4.4216951173796115,81.51058518997874
4.4217984695094925,81.51229432427436
4.421914305468078,81.51400314261946
4.422000857614202,81.51571164510166
4.422016897192608,81.51741983180852
4.422088169498165,81.51912770282757
4.4222110751234505,81.51912770282757
4.422254933078771,81.52083525824632
4.422382773049886,81.52254249815225
4.422548413934752,81.5242494226328
4.422601349098794,81.52595603177537
4.4228782867178085,81.52766232566732
4.42319186600029,81.52936830439602
4.423297897985002,81.52936830439602
4.423722230111734,81.53107396804876
4.423795284104484,81.53277931671283
4.423951846890514,81.53277931671283
4.424109727436939,81.53277931671283
4.424125440269309,81.53277931671283
4.4241560678118095,81.5344843504755
4.42422635469197,81.53618906942393
4.424274480225254,81.53789347364534
4.424391996038118,81.53959756322688
4.424401478220993,81.54130133825565
4.424418921725678,81.54130133825565
4.424594714338991,81.54130133825565
4.425003734233383,81.54300479881876
4.425025225367537,81.54470794500322
4.42516861190764,81.54641077689611
4.425251127596131,81.54811329458437
4.425282220473322,81.54811329458437
4.425321776135544,81.54981549815497
4.4253347147324185,81.54981549815497
4.425343733135083,81.55151738769486
4.425387060301357,81.55151738769486
4.4255168954587445,81.55151738769486
4.42561787130811,81.5532189632909
4.425747448103936,81.55492022502997
4.425776978268082,81.55662117299889
4.425803456523213,81.55832180728446
4.425931557387638,81.56002212797344
4.42598552908536,81.56172213515258
4.426079158674059,81.56342182890856
4.4262749251321925,81.56512120932805
4.426336102826639,81.5668202764977
4.426698071964251,81.5668202764977
4.426715056684545,81.5685190305041
4.426757942471376,81.5685190305041
4.426802989128644,81.57021747143384
4.427030085403045,81.57191559937344
4.42705906091147,81.57191559937344
4.4271327537088085,81.57361341440944
4.427201052472277,81.57531091662828
4.427339570576477,81.57700810611644
4.427481174346854,81.57700810611644
4.4276774428166155,81.5787049829603
4.427739226952282,81.58040154724627
4.427765849731743,81.58209779906068
4.427802811835977,81.58209779906068
4.427903896149943,81.58209779906068
4.428002310920793,81.58379373848987
4.428025211880339,81.5854893656201
4.4281992900783544,81.5854893656201
4.428367130431366,81.58718468053765
4.428372290457056,81.58887968332873
4.428666657748216,81.59057437407952
4.428701043172347,81.59226875287621
4.428765373250899,81.5939628198049
4.428872847243151,81.59565657495169
4.4290518162234065,81.59735001840265
4.429065283455789,81.59904315024382
4.429279155665936,81.60073597056117
4.429279569500517,81.60242847944072
4.429417393846301,81.60242847944072
4.429576252220227,81.60412067696836
4.430015282587027,81.60581256323002
4.430067903483316,81.60581256323002
4.430172529742031,81.60750413831157
4.430783123552262,81.60919540229885
4.430825639490912,81.61088635527769
4.430860924812808,81.61257699733382
4.43096121226397,81.61426732855304
4.431208706904535,81.61595734902104
4.4313961615721915,81.61764705882352
4.43163169349988,81.61764705882352
4.431675142995105,81.61933645804613
4.431786229436042,81.62102554677449
4.431806971877456,81.62271432509418
4.431874719877549,81.62271432509418
4.43192101982065,81.62440279309078
4.431996421542116,81.6260909508498
4.432136759403653,81.62777879845673
4.432146282594969,81.62777879845673
4.432204700461357,81.62946633599705
4.432227720188444,81.63115356355621
4.432272901558526,81.63284048121959
4.432352091260307,81.63452708907253
4.432478029487323,81.63452708907253
4.4326681969185024,81.63621338720044
4.432721358954878,81.63621338720044
4.432824178983767,81.63789937568858
4.432913166830647,81.63958505462223
4.432957432580068,81.64127042408666
4.433027208920942,81.64295548416705
4.433136977197652,81.64464023494861
4.43314013849712,81.64464023494861
4.433151441711587,81.64632467651647
4.433179843059409,81.64800880895578
4.43325187642859,81.64800880895578
4.433313147453184,81.64969263235159
4.433589140591944,81.64969263235159
4.433841641136448,81.65137614678899
4.434021927429791,81.653059352353
4.434052769840371,81.6547422491286
4.434078306529735,81.6547422491286
4.434202530562726,81.65642483720077
4.434211691340012,81.65642483720077
4.434332408401959,81.65642483720077
4.434403960938308,81.65642483720077
4.434404620092912,81.65642483720077
4.434514492111698,81.65810711665445
4.434744000183013,81.65978908757451
4.434885186271892,81.66147075004585
4.435246557087326,81.6631521041533
4.4353707174302555,81.6631521041533
4.43548198452455,81.66483314998166
4.435590790304949,81.66651388761574
4.435619326753964,81.66819431714025
4.435723514923657,81.6698744386399
4.435880485761817,81.67155425219941
4.436139160146324,81.67323375790342
4.436204125073278,81.67491295583655
4.436434616259495,81.67491295583655
4.436504217705364,81.67659184608337
4.436629646544395,81.67827042872847
4.43671221871408,81.67994870385638
4.437008581366492,81.68162667155157
4.437053733107913,81.68330433189853
4.437067121248337,81.68330433189853
4.437188314755141,81.68498168498168
4.437189848804732,81.68665873088545
4.4372205665321856,81.68665873088545
4.437459486022281,81.6883354696942
4.437537352155066,81.69001190149227
4.437648456870018,81.69168802636398
4.437690662156186,81.69168802636398
4.437989737124478,81.6933638443936
4.438177027878622,81.69503935566539
4.438213448649832,81.69503935566539
4.438243420215911,81.69671456026357
4.438297668752366,81.69671456026357
4.438500700342749,81.69838945827233
4.438972356626333,81.70006404977582
4.438980023500428,81.70006404977582
4.439054427591751,81.70173833485819
4.439305213247755,81.70341231360352
4.439421242000311,81.70341231360352
4.439458476065599,81.70508598609587
4.439597166382275,81.70675935241928
4.439647639093689,81.70843241265776
4.439676203823833,81.71010516689529
4.440113285769729,81.7117776152158
4.440150674584512,81.7117776152158
4.440701485586753,81.7134497577032
4.440772008309296,81.7151215944414
4.440808534361374,81.71679312551422
4.440981965352972,81.71846435100548
4.440989490495379,81.720135270999
4.441106914998357,81.7218058855785
4.441311775668877,81.72347619482775
4.441436056269786,81.72347619482775
4.44150958326695,81.72514619883042
4.441525023318955,81.72681589767016
4.441935558145782,81.72848529143066
4.44208612763018,81.73015438019549
4.442120550247819,81.73015438019549
4.442192706500378,81.73182316404822
4.442236858548381,81.73182316404822
4.44252585377224,81.73182316404822
4.442577749060006,81.73349164307243
4.442618846059764,81.7351598173516
4.44269894255113,81.73682768696922
4.442727817152912,81.73849525200878
4.442765833612221,81.73849525200878
4.442798234698907,81.74016251255364
4.443039865714181,81.74182946868723
4.443101540721162,81.74349612049294
4.443139640968219,81.74349612049294
4.443209984171693,81.74516246805403
4.443766624434922,81.74516246805403
4.443830605838597,81.74682851145386
4.443833661843037,81.74682851145386
4.44389159143899,81.74682851145386
4.443904400456562,81.74849425077569
4.443992345137435,81.75015968610275
4.444082581716794,81.75182481751825
4.444197704894648,81.75182481751825
4.444573515671351,81.75182481751825
4.444964399249694,81.75348964510538
4.44497752498174,81.75515416894727
4.445427545530854,81.75681838912706
4.445576506261229,81.75848230572784
4.445658137939904,81.76014591883265
4.4457024477973075,81.76180922852453
4.445889053795856,81.76347223488648
4.445968990424719,81.76513493800147
4.446075685263531,81.76679733795241
4.446199392322169,81.76679733795241
4.446261897038266,81.76679733795241
4.446589257753516,81.76679733795241
4.446970391239053,81.76845943482223
4.44699548781061,81.77012122869382
4.447085738740258,81.77012122869382
4.447197503548255,81.77178271965002
4.44769857152028,81.77344390777363
4.447772781636452,81.77510479314743
4.447823025840698,81.77676537585421
4.447875970371219,81.77842565597668
4.447961695587566,81.78008563359752
4.448104887291064,81.78008563359752
4.448307665931625,81.78174530879942
4.4484153644205024,81.78340468166499
4.448425847023075,81.78506375227687
4.448509907220807,81.78506375227687
4.448883083284097,81.78506375227687
4.448926356294663,81.7867225207176
4.448927906760534,81.78838098706976
4.449105677771023,81.79003915141583
4.449204220343878,81.7916970138383
4.449270480684313,81.79335457441967
4.449279201915091,81.7950118332423
4.449467101710214,81.79666879038864
4.449675102695232,81.79832544594102
4.450026281532934,81.79998179998181
4.45015932735455,81.80163785259327
4.450534695027001,81.8032936038577
4.450712119456971,81.80494905385734
4.450971429401995,81.80660420267442
4.450990867775817,81.80660420267442
4.4510785250390885,81.80660420267442
4.451235921277963,81.80825905039111
4.451273891481912,81.80991359708959
4.451295312367291,81.80991359708959
4.451674589886331,81.80991359708959
4.4516867802396165,81.81156784285196
4.451788421412355,81.8132217877603
4.451974489506447,81.81487543189671
4.452197057868839,81.81652877534322
4.452235862791129,81.81818181818183
4.452366811307209,81.8198345604945
4.452409173037501,81.8214870023632
4.4526956748337625,81.82313914386985
4.45274620279778,81.82479098509633
4.452751579730194,81.82479098509633
4.45280186038271,81.82644252612448
4.4528558294131795,81.82809376703617
4.452898635063255,81.82974470791315
4.452974907346345,81.8313953488372
4.453036390262279,81.8330456898901
4.45313565844566,81.83469573115349
4.453152773038509,81.83469573115349
4.453328059516926,81.83469573115349
4.453344518750912,81.8363454727091
4.453381154737729,81.83799491463859
4.453819600087291,81.83964405702352
4.454117525156204,81.84129289994553
4.4541736417485,81.84129289994553
4.454183152657864,81.84294144348615
4.454246530307736,81.84458968772694
4.454513874950677,81.84458968772694
4.454593911678554,81.84458968772694
4.454613613724063,81.84623763274939
4.455057025608609,81.84788527863496
4.455112996409174,81.8495326254651
4.455455241177993,81.8495326254651
4.455634197073313,81.85117967332124
4.455770066503164,81.85117967332124
4.4558906188112415,81.85117967332124
4.4563922901273525,81.85282642228474
4.45639717238668,81.85447287243694
4.456457105223735,81.85611902385921
4.45646351010145,81.8577648766328
4.456517720633402,81.85941043083899
4.456676375689214,81.85941043083899
4.4568475624545485,81.86105568655904
4.456912965676542,81.86270064387413
4.456954259184188,81.86434530286544
4.4570362375058314,81.86598966361412
4.457136479892331,81.86763372620128
4.457231828958999,81.869277490708
4.4572712331997,81.869277490708
4.457529510278811,81.87092095721538
4.45770045928069,81.8725641258044
4.4577751731036095,81.8742069965561
4.457925840349067,81.8742069965561
4.458009425391265,81.87584956955143
4.458205368403102,81.87584956955143
4.458366695429195,81.87749184487133
4.458707726247888,81.87749184487133
4.4587407547692,81.87913382259671
4.458745563304898,81.88077550280848
4.458751447771179,81.88241688558746
4.4589511557403485,81.88405797101449
4.4591686737915,81.88569875917037
4.459180269587493,81.88733925013585
4.459212306948955,81.88897944399167
4.4592236452696286,81.89061934081855
4.459233634917284,81.89061934081855
4.459368717049085,81.89225894069715
4.459398793654899,81.89389824370814
4.459622432714812,81.8955372499321
4.459634338393556,81.89717595944967
4.459783404405697,81.89717595944967
4.4599685863993495,81.89881437234139
4.45998838571593,81.90045248868778
4.460175806784613,81.90209030856937
4.460356150675323,81.9037278320666
4.460492640418474,81.90536505925992
4.46049276890096,81.90700199022977
4.460559863825136,81.90863862505654
4.460565933473912,81.91027496382056
4.460734672314796,81.91191100660215
4.460945871770011,81.91191100660215
4.460992981324617,81.91354675348165
4.461347427732652,81.91518220453929
4.461427229688016,81.91681735985533
4.461448913287084,81.91845221950999
4.461478382439439,81.92008678358343
4.461615681680404,81.92172105215583
4.461622666365804,81.9233550253073
4.461624304752908,81.9233550253073
4.462081877519661,81.92498870311795
4.462140902671543,81.92662208566782
4.462205631587409,81.92825517303696
4.462214952322131,81.92825517303696
4.462316941666063,81.92988796530538
4.462369242972976,81.93152046255308
4.462564829043183,81.93315266485999
4.462706203813808,81.93478457230603
4.462807683138842,81.9364161849711
4.4630474077227955,81.93804750293506
4.463132359331559,81.93804750293506
4.463227223739246,81.93967852627777
4.463235119746319,81.941309255079
4.463302782689007,81.941309255079
4.463376184367022,81.941309255079
4.463389767736474,81.94293968941857
4.463469413610848,81.94293968941857
4.463537308563998,81.94456982937619
4.463635649382316,81.94456982937619
4.463765587626516,81.9461996750316
4.463859864334821,81.94782922646449
4.463877338329182,81.94945848375451
4.463942698230703,81.95108744698132
4.464006535232982,81.95271611622451
4.464068103891771,81.95434449156366
4.464331447242273,81.95597257307831
4.464497476122831,81.95597257307831
4.464605965363922,81.95760036084799
4.464778548643407,81.95922785495219
4.465198141373781,81.96085505547038
4.465301484528515,81.96085505547038
4.465545082519546,81.96248196248196
4.465746381901778,81.96410857606638
4.465967080792614,81.96410857606638
4.466027636034662,81.96573489630298
4.466081791754533,81.96736092327112
4.466193891127628,81.96898665705012
4.466250735394141,81.97061209771928
4.4664192964918525,81.97061209771928
4.46642431984012,81.97061209771928
4.466643851801641,81.97223724535785
4.466751337001566,81.97386210004507
4.466928525153513,81.97548666186013
4.466978267893908,81.97711093088222
4.467023793770705,81.97711093088222
4.4670536924031525,81.97711093088222
4.467300496938732,81.97873490719049
4.467323084816253,81.98035859086404
4.467386089757129,81.98198198198197
4.467512552910412,81.98198198198197
4.467512999731903,81.98360508062336
4.467536144087979,81.98522788686724
4.467743518605125,81.98522788686724
4.467917813414671,81.98522788686724
4.46798672035846,81.98685040079258
4.467996334447453,81.98685040079258
4.468012782670163,81.98847262247838
4.468183070534121,81.98847262247838
4.468310394971051,81.9900945520036
4.468652354516671,81.99171618944715
4.468655427986249,81.99333753488791
4.468701456492052,81.99333753488791
4.468744440234972,81.99495858840476
4.4687629136974785,81.99657935007652
4.468765743574442,81.998199819982
4.46878478462915,81.998199819982
4.468929317138641,81.99981999819998
4.468970917488734,81.99981999819998
4.4692093525753345,82.00143988480922
4.469278103791737,82.00305947988842
4.469467241942113,82.00467878351628
4.469525696074848,82.00629779577147
4.469720436033432,82.00791651673264
4.470081055997085,82.00953494647837
4.470124191775298,82.01115308508724
4.470260961584469,82.01277093263782
4.4704425831267685,82.01438848920863
4.4704553609051505,82.01600575487817
4.470458825078271,82.01762272972488
4.470592380575957,82.01923941382721
4.470606938113683,82.02085580726357
4.470842695545297,82.02247191011236
4.471051485878737,82.02408772245191
4.471148390711811,82.02570324436056
4.471267242431531,82.02570324436056
4.471478708733232,82.02731847591662
4.471526233422577,82.02893341719832
4.471619555695119,82.03054806828392
4.471881279644819,82.03216242925164
4.471931373100423,82.03377650017967
4.472217575177366,82.03377650017967
4.472389792906464,82.03539028114614
4.472528866797339,82.03700377222921
4.472602875412881,82.03861697350696
4.472630196146115,82.04022988505747
4.472719306847364,82.04022988505747
4.47273871643901,82.04184250695879
4.472755886821748,82.04345483928893
4.472771968071485,82.04506688212587
4.472791849869355,82.04506688212587
4.473008456435698,82.04667863554758
4.473019434718303,82.048290099632
4.473086353167701,82.049901274457
4.473109043268891,82.05151216010051
4.473225514434135,82.05151216010051
4.473446636511213,82.05312275664033
4.473852745400172,82.05312275664033
4.473894144312721,82.05473306415433
4.473937308460351,82.05473306415433
4.4739558961207075,82.05634308272026
4.474070661489425,82.0579528124159
4.4743718381846564,82.05956225331899
4.474428523281127,82.05956225331899
4.474468060515253,82.06117140550721
4.474573287232708,82.0627802690583
4.474737144531644,82.06438884404986
4.475006129438351,82.06599713055954
4.475009168819674,82.06760512866494
4.475020058710035,82.0692128384436
4.475036420497097,82.0708202599731
4.475239375306088,82.0708202599731
4.475389633686874,82.07242739333094
4.4753996482066505,82.07242739333094
4.475460892028697,82.0740342385946
4.47575547611933,82.07564079584155
4.475806211269793,82.07724706514921
4.475831535023658,82.07885304659499
4.475940170153555,82.07885304659499
4.476165081388223,82.08045874025625
4.476522225039822,82.08206414621036
4.476695366450004,82.08366926453462
4.477062023542422,82.08527409530633
4.477105881621846,82.08687863860278
4.4771274841679025,82.08687863860278
4.477138316151818,82.08848289450117
4.477321910338601,82.09008686307871
4.47735190341355,82.09169054441261
4.477695296280996,82.09169054441261
4.477770765183711,82.09329393858
4.477783709177267,82.09489704565802
4.478086524013376,82.09649986572374
4.4784432690091025,82.09649986572374
4.478500171470714,82.09810239885428
4.478546765105359,82.09970464512665
4.4787666740833405,82.10130660461786
4.478929934153122,82.10290827740492
4.479068930726334,82.10450966356478
4.479439192068039,82.10611076317437
4.479661108091607,82.1077115763106
4.479700195331593,82.1077115763106
4.479734053006784,82.10931210305036
4.479850708983833,82.10931210305036
4.48046956434093,82.11091234347049
4.4805728085614165,82.1125122976478
4.480588638970206,82.1125122976478
4.480615009647174,82.11411196565909
4.480639353384029,82.11571134758115
4.4807545526999295,82.1173104434907
4.48082091695176,82.1173104434907
4.480859566904842,82.11890925346445
4.480959768042848,82.12050777757912
4.481039108637134,82.12210601591133
4.481164302292473,82.12210601591133
4.481404328686436,82.12370396853773
4.481588559891928,82.1253016355349
4.481702467438123,82.12689901697945
4.481702602505149,82.1284961129479
4.4817905185359015,82.1300929235168
4.482348039101464,82.1300929235168
4.482382643399641,82.13168944876263
4.4823869531735205,82.13328568876183
4.482762981379382,82.13328568876183
4.48294179922771,82.13488164359089
4.483112811029923,82.13647731332618
4.483132492044047,82.13807269804411
4.483140207145573,82.13966779782103
4.483235870915886,82.14126261273329
4.483262427456163,82.14285714285714
4.483347301227538,82.14285714285714
4.48394990565587,82.1444513882689
4.483951222047658,82.14604534904481
4.484048434459954,82.14763902526109
4.484493110618721,82.14923241699394
4.484509534848934,82.1508255243195
4.484727935297119,82.15241834731394
4.484736683718771,82.15241834731394
4.484968425409731,82.15401088605336
4.485059089279619,82.15401088605336
4.485170249592695,82.15401088605336
4.485326054862925,82.15560314061385
4.485418523770743,82.15560314061385
4.485876349984759,82.15719511107146
4.485898998952307,82.15878679750223
4.485916060117989,82.16037819998216
4.485921776171281,82.16196931858723
4.48596147467042,82.16356015339338
4.485977723526411,82.16515070447655
4.48597864044092,82.16674097191262
4.48606237261751,82.16674097191262
4.486147004476711,82.16833095577746
4.4862801071972065,82.16992065614693
4.486454583240997,82.17151007309681
4.486483332923723,82.17309920670291
4.48658549460422,82.17309920670291
4.48661275371915,82.174688057041
4.4866757897828755,82.1762766241868
4.486933609132109,82.17786490821601
4.487023335244693,82.17786490821601
4.487044538412556,82.17945290920431
4.487114220387346,82.18104062722738
4.487124502579111,82.18104062722738
4.487162590928075,82.18262806236079
4.4874209612126394,82.18421521468021
4.487673517951466,82.18580208426116
4.487696785405278,82.18738867117919
4.487797671575265,82.18897497550984
4.487839706549097,82.19056099732859
4.487886975039632,82.1921467367109
4.487907268060822,82.19373219373219
4.4880507863761165,82.19373219373219
4.488096630182717,82.1953173684679
4.488221325460209,82.19690226099341
4.488246329273191,82.19848687138406
4.488323573457248,82.2000711997152
4.4883745185509545,82.20165524606212
4.488399195688938,82.20323901050008
4.488441067526094,82.20482249310437
4.488642123637026,82.20640569395017
4.488704071697408,82.20798861311272
4.489093628773703,82.20957125066715
4.489172421183911,82.2111536066886
4.489301029308577,82.21273568125223
4.489598513711867,82.21273568125223
4.48970377871498,82.21431747443309
4.489750871035768,82.21589898630624
4.489757276550923,82.21589898630624
4.489820029652938,82.21748021694674
4.489938074526579,82.21906116642958
4.48997700518801,82.21906116642958
4.490174130358176,82.22064183482976
4.490475411906522,82.22222222222221
4.490595173212916,82.2238023286819
4.490738707799785,82.2253821542837
4.491004865619349,82.2253821542837
4.49101098377399,82.2253821542837
4.491033600695886,82.2253821542837
4.491198612081339,82.22696169910246
4.491268766668114,82.22854096321308
4.491531381867949,82.23011994669037
4.491766876031815,82.2316986496091
4.491777666348774,82.23327707204406
4.4918421079170034,82.23485521407
4.492156624797544,82.23643307576161
4.492344202335441,82.2380106571936
4.492418774478156,82.23958795844064
4.492544476230335,82.24116497957735
4.492595711876956,82.24274172067832
4.492791981499958,82.24431818181817
4.492815508035751,82.24589436307146
4.492821405389168,82.24589436307146
4.492988133039155,82.24747026451269
4.493124279254853,82.2490458862164
4.493304595515027,82.25062122825702
4.493330462924069,82.25219629070902
4.4933897932692375,82.25377107364686
4.493514666422946,82.2553455771449
4.49352658517083,82.2569198012775
4.493780584879482,82.25849374611904
4.494006024423503,82.25849374611904
4.494206562058086,82.25849374611904
4.494281722314091,82.26006741174383
4.494300650826718,82.26164079822617
4.494506532697611,82.2632139056403
4.494614540942953,82.26478673406048
4.4949107344550505,82.26478673406048
4.495149293203548,82.26635928356092
4.495291057787237,82.2679315542158
4.495334269888523,82.26950354609929
4.495475673090724,82.27107525928552
4.4954762573193445,82.2726466938486
4.4957112969655695,82.27421784986262
4.495722236638624,82.27578872740163
4.495815389303583,82.27735932653965
4.49595056298863,82.2789296473507
4.496160001772203,82.28049968990875
4.496310035891939,82.28206945428774
4.496678342292083,82.28206945428774
4.497061547290462,82.28206945428774
4.497266881295686,82.28206945428774
4.497274736203687,82.28363894056162
4.497568373611457,82.28520814880426
4.497629282448521,82.28677707908955
4.497721792045529,82.28677707908955
4.497756372004188,82.28834573149132
4.49778231201897,82.28991410608342
4.497912054392411,82.29148220293962
4.498098357261977,82.29305002213368
4.498342044157179,82.29461756373938
4.498373134636544,82.2961848278304
4.4984090317622805,82.29775181448043
4.498802974448173,82.29931852376316
4.498824508392658,82.30088495575221
4.4988641035787476,82.30245111052119
4.498993377425552,82.30401698814369
4.4991434237772605,82.30558258869327
4.499167564667222,82.30714791224345
4.499200272513476,82.30871295886776
4.499277856629863,82.31027772863966
4.499428971307528,82.31184222163262
4.499465207085912,82.31340643792005
4.4995522782394275,82.31340643792005
4.499608597920092,82.31340643792005
4.499752136952514,82.31497037757538
4.499922224501965,82.31497037757538
4.500337138221852,82.31497037757538
4.500750124091005,82.31653404067197
4.500865891242374,82.31809742728318
4.501281642970172,82.31966053748232
4.501393549164089,82.3212233713427
4.501607782875568,82.3227859289376
4.501834408040791,82.32434821034026
4.501948095741955,82.32591021562389
4.502076309603444,82.32747194486171
4.502283806375854,82.32903339812688
4.502285302131082,82.33059457549253
4.50243988900013,82.33059457549253
4.502509113527329,82.3321554770318
4.50259933068628,82.3321554770318
4.502649596301671,82.33371610281777
4.502887482278029,82.33527645292351
4.503004760003504,82.33683652742207
4.50312488532705,82.33839632638643
4.503200561360633,82.33839632638643
4.503211395947204,82.33839632638643
4.503424250777411,82.33839632638643
4.503473495099024,82.33995584988962
4.503584663703511,82.34151509800459
4.503650379492685,82.34307407080426
4.503655483626152,82.34463276836158
4.503709277240279,82.34619119074941
4.503744832673814,82.3477493380406
4.504029032111823,82.3477493380406
4.50421431302405,82.34930721030801
4.5045730525999765,82.34930721030801
4.504606351511995,82.35086480762442
4.504634390723353,82.35242213006265
4.504833148077761,82.35397917769542
4.504919294943969,82.35553595059551
4.505037535987697,82.35709244883557
4.505194159127564,82.35864867248831
4.5053023457348935,82.3602046216264
4.50545990657277,82.36176029632243
4.505812798151479,82.36331569664902
4.506158808966734,82.36487082267877
4.506170000159865,82.36642567448422
4.506200098888793,82.36798025213788
4.5062553287849525,82.36953455571228
4.506365537314338,82.36953455571228
4.506566117638978,82.37108858527986
4.5065990694714175,82.37264234091309
4.506632000009132,82.37419582268441
4.50671844913354,82.37419582268441
4.506775281987834,82.3757490306662
4.506823352426415,82.37730196493082
4.507001970757075,82.37885462555066
4.507121968529911,82.37885462555066
4.507278870395202,82.38040701259801
4.507433281304877,82.38195912614518
4.507484862535193,82.38351096626442
4.507499418980019,82.385062533028
4.507674932067539,82.38661382650815
4.5077548533949265,82.38816484677703
4.5077626573952685,82.38816484677703
4.508071329774235,82.38971559390684
4.50835123525757,82.39126606796971
4.508907853508584,82.39281626903777
4.508913096070156,82.3943661971831
4.508969314218101,82.3943661971831
4.5090009497548476,82.39591585247777
4.509434722341025,82.39746523499385
4.509581751100891,82.39746523499385
4.509625167878137,82.3990143448033
4.509768082425044,82.40056318197819
4.509812665633763,82.4021117465904
4.509879987860599,82.40366003871195
4.509903952990679,82.40366003871195
4.509953226477086,82.40520805841471
4.510005329892233,82.40520805841471
4.510073593471588,82.40675580577059
4.5100749639874484,82.40675580577059
4.510217504864437,82.40830328085144
4.51033108466374,82.4098504837291
4.51040925160997,82.4098504837291
4.510527457817402,82.41139741447542
4.5105743788517945,82.41294407316215
4.51062158001253,82.41449045986109
4.510647465013141,82.41603657464393
4.510663344694431,82.41603657464393
4.5109999185801755,82.41758241758241
4.51109361536798,82.41912798874824
4.511135460563498,82.41912798874824
4.511468584417454,82.41912798874824
4.511648866193468,82.41912798874824
4.511734571086733,82.42067328821307
4.512020205295153,82.42221831604851
4.512020862406525,82.42376307232621
4.512035316516345,82.42530755711776
4.512081130351375,82.42685177049468
4.5121243662113075,82.42839571252856
4.51214613990493,82.42839571252856
4.512249781028568,82.42993938329087
4.512338727004978,82.43148278285312
4.512566797714461,82.43148278285312
4.512597798286627,82.43302591128679
4.512674515922952,82.43456876866327
4.512747048867803,82.43611135505401
4.512786262037968,82.43765367053038
4.5130738479126,82.43919571516376
4.513078737985211,82.43919571516376
4.513117826077825,82.43919571516376
4.5131483577832645,82.44073748902547
4.513222658912433,82.44227899218681
4.513313745341696,82.4438202247191
4.51332089633573,82.4438202247191
4.5134043780319075,82.44536118669359
4.51357669966821,82.4469018781815
4.513709223796068,82.44844229925405
4.513711958018497,82.44998244998246
4.51406437005236,82.45152233043783
4.514486984390265,82.45306194069136
4.514625961139825,82.45460128081412
4.514824422833784,82.45460128081412
4.515094615166076,82.45614035087719
4.515165176727869,82.45767915095166
4.515168793740576,82.45921768110858
4.5152458041805605,82.46075594141892
4.515497480521499,82.4622939319537
4.515512990319357,82.46383165278387
4.515624735554131,82.46536910398035
4.5156332931473,82.4669062856141
4.5156829868380255,82.46844319775596
4.5157127559437455,82.46844319775596
4.515792552535321,82.46997984047681
4.515903713943336,82.47151621384751
4.51602682056368,82.47305231793884
4.516132035858924,82.47305231793884
4.516177586739612,82.4745881528216
4.516178097844968,82.47612371856655
4.516286465473463,82.47765901524443
4.516422212438766,82.47765901524443
4.516441929854185,82.47919404292597
4.516460994788143,82.47919404292597
4.516491333691867,82.48072880168185
4.516561444863677,82.48226329158273
4.516579412745711,82.48379751269924
4.516614730789772,82.48533146510202
4.516728995097419,82.48533146510202
4.516782294433222,82.48686514886164
4.5167849475626145,82.48686514886164
4.51689693165563,82.48686514886164
4.51698097640619,82.48686514886164
4.5171254176674145,82.48839856404868
4.517671322533552,82.48993171073367
4.517690619722775,82.48993171073367
4.517823192664103,82.49146458898713
4.517857326079829,82.49299719887955
4.517934390179488,82.4945295404814
4.518011321043283,82.49606161386312
4.51803133085948,82.49759341909513
4.518094083193524,82.49912495624781
4.518160899943699,82.50065622539154
4.518370409635276,82.50218722659667
4.518393061773199,82.50218722659667
4.518412980790405,82.50218722659667
4.5184136832757735,82.50371795993351
4.518750600435434,82.50524842547236
4.518800018723181,82.50677862328347
4.519085806997826,82.50830855343712
4.519135115895139,82.5098382160035
4.51920056600369,82.5098382160035
4.519275619933552,82.5113676110528
4.519314987657279,82.51289673865524
4.519394999715449,82.51442559888092
4.51947954146552,82.51442559888092
4.519674436901536,82.51595419179998
4.519886725628167,82.51748251748252
4.519957787855163,82.51901057599859
4.520146323478006,82.52053836741828
4.5202145056577585,82.5220658918116
4.520468508285555,82.52359314924853
4.52063596164005,82.52512013979903
4.520691312252187,82.52664686353312
4.520792620736434,82.52817332052066
4.52090048784475,82.52817332052066
4.520916151917331,82.52817332052066
4.520945466261266,82.52969951083159
4.520971560475156,82.53122543453577
4.521085565863935,82.53122543453577
4.521386566320764,82.53122543453577
4.521395493634909,82.53275109170306
4.521424710531871,82.53275109170306
4.521427989510396,82.53427648240329
4.521453929221741,82.53580160670624
4.521465392889156,82.53580160670624
4.5216833796970555,82.53732646468174
4.521800275191832,82.53885105639951
4.5218528386760815,82.5403753819293
4.5220749728507785,82.54189944134079
4.5221742049481,82.54342323470367
4.522305661933394,82.54494676208762
4.522339818663344,82.54647002356226
4.522385839483081,82.54799301919721
4.522399663396173,82.54799301919721
4.522565326501807,82.54951574906204
4.522655037211771,82.55103821322632
4.522798650267404,82.55256041175957
4.52291740334568,82.55408234473133
4.523270977921847,82.55560401221108
4.523567411799003,82.55712541426827
4.523646918670044,82.55864655097236
4.523771729324612,82.56016742239275
4.5241112176850296,82.56016742239275
4.524300178939614,82.56168802859884
4.524488908418065,82.56320836965998
4.524622119580451,82.56472844564554
4.524720040404343,82.56624825662483
4.524895399027584,82.56776780266713
4.524940786740929,82.56928708384173
4.525530705277443,82.57080610021787
4.525599237758027,82.57080610021787
4.525703984681219,82.57080610021787
4.525792240767348,82.57232485186476
4.525830580699158,82.57384333885162
4.525838778382163,82.5753615612476
4.525852249527399,82.5753615612476
4.526054183308169,82.57687951912187
4.526140060963239,82.57687951912187
4.526172571095694,82.57839721254355
4.526191514729667,82.57839721254355
4.526334971000029,82.57991464158174
4.52676732593751,82.58143180630552
4.52683378494452,82.58294870678394
4.526860840774227,82.58446534308604
4.526959066664971,82.5859817152808
4.527088309952849,82.5859817152808
4.527122998343147,82.5859817152808
4.527441507915645,82.58749782343723
4.527524422239429,82.58901366762427
4.527574521662693,82.59052924791087
4.527608006908645,82.59052924791087
4.527652649428422,82.59204456436592
4.52794686547787,82.5935596170583
4.528189122920834,82.59507440605691
4.528262623455806,82.59658893143056
4.528366351836046,82.59810319324806
4.5284022915044675,82.59961719157822
4.528434371194926,82.60113092648977
4.528570857467711,82.6026443980515
4.528614034516361,82.60415760633208
4.528724010765699,82.60415760633208
4.5288484738978525,82.60567055140025
4.528866218715028,82.60718323332463
4.528921349991632,82.6086956521739
4.529164794634289,82.6102078080167
4.5292605859544075,82.61171970092158
4.52946120865473,82.61323133095713
4.529611081726151,82.61474269819193
4.52983901700228,82.61625380269449
4.529895154526764,82.61776464453328
4.52990404690442,82.61927522377684
4.530254423042615,82.62078554049357
4.5303137085056955,82.62229559475193
4.530337247985825,82.62380538662033
4.5303543501561805,82.62380538662033
4.530396765666251,82.62531491616714
4.5304161639877885,82.62531491616714
4.530433599771398,82.62682418346074
4.5304916344878725,82.62833318856944
4.530717786071603,82.62984193156157
4.530769618810201,82.63135041250543
4.530771330804379,82.63285863146926
4.530845750046904,82.63436658852132
4.53097095522132,82.63587428372982
4.531068011032841,82.63738171716295
4.53111659201763,82.63738171716295
4.53113266164233,82.63888888888889
4.531220507733053,82.64039579897579
4.531421130400596,82.64190244749176
4.531482071501607,82.64340883450491
4.531771576537498,82.6449149600833
4.531797068330007,82.646420824295
4.531860536056102,82.64792642720805
4.532096956618911,82.64943176889044
4.5322019644335505,82.65093684941013
4.5325032146802124,82.65244166883511
4.532773514676112,82.6539462272333
4.533165697126076,82.65545052467263
4.533166891350955,82.65695456122096
4.53321158105759,82.65845833694615
4.533238869908337,82.65996185191608
4.533350372037188,82.65996185191608
4.5334862111551,82.66146510619853
4.533598504761832,82.6629680998613
4.533636706501454,82.66447083297219
4.533768930587897,82.6659733055989
4.533876854898201,82.66747551780917
4.534036376077878,82.66897746967071
4.534216643186946,82.66897746967071
4.534306445049006,82.6704791612512
4.534489030805425,82.67198059261827
4.534656927244014,82.67198059261827
4.534758364233263,82.67348176383955
4.535063526107448,82.67498267498267
4.5353144148986,82.6764833261152
4.5353946376851,82.6779837173047
4.535584036378394,82.6779837173047
4.535897875189732,82.67948384861869
4.536043304543667,82.6809837201247
4.536367547471931,82.6809837201247
4.536545746040187,82.6809837201247
4.5368092134345845,82.6809837201247
4.5368646669798585,82.68248333189021
4.536878582810027,82.68248333189021
4.536882487694624,82.68398268398268
4.536912995225248,82.68548177646957
4.536953390033513,82.68698060941828
4.537168290217637,82.68847918289622
4.53721707952076,82.68847918289622
4.537338615747671,82.68997749697074
4.537520567806015,82.68997749697074
4.537681463894539,82.69147555170922
4.5380941230900556,82.69297334717895
4.538127452441476,82.69447088344725
4.538308616818467,82.69447088344725
4.538317786779482,82.69596816058142
4.5383799540840934,82.69746517864867
4.538383014622383,82.69746517864867
4.538385039202462,82.69896193771626
4.538541616350653,82.7004584378514
4.538711185938744,82.70195467912126
4.538810774502867,82.70345066159301
4.538890567860429,82.7049463853338
4.539034779584884,82.70644185041071
4.539231988810709,82.70793705689088
4.539292140073873,82.70943200484136
4.5393917226845915,82.71092669432917
4.539473093503608,82.71092669432917
4.539545935564747,82.71242112542139
4.539553995494134,82.71391529818496
4.539567328292125,82.71540921268688
4.539641228034103,82.71690286899413
4.539660773521365,82.71839626717359
4.539677124443303,82.7198894072922
4.5398018843884245,82.7198894072922
4.540151321492239,82.7198894072922
4.540240364070748,82.7198894072922
4.540385217460194,82.72138228941685
4.540443516096956,82.72138228941685
4.540630780385346,82.72138228941685
4.540750786481817,82.72287491361438
4.540953206762405,82.72287491361438
4.541097281548253,82.72436727995162
4.541104731865081,82.72585938849542
4.541113860089749,82.72735123931255
4.541140992409463,82.72884283246978
4.541179961476545,82.73033416803385
4.5413343155763535,82.7318252460715
4.541422971287649,82.7333160666494
4.541622760222198,82.7333160666494
4.541646118097894,82.7333160666494
4.541682931811897,82.73480662983425
4.541686725913896,82.7362969356927
4.541716118372258,82.73778698429139
4.5417680035219234,82.73927677569691
4.54178100860317,82.74076630997584
4.5418437541436685,82.74225558719476
4.54189815362255,82.74374460742018
4.542105892681451,82.74374460742018
4.542144156587997,82.74523337071867
4.542206443049664,82.74672187715666
4.542310904009282,82.74821012680066
4.542399295738658,82.7496981197171
4.542510357869684,82.7511858559724
4.542518379826933,82.75267333563298
4.542721279816006,82.7541605587652
4.542861384812733,82.75564752543542
4.542981720822034,82.75713423570997
4.543089516279166,82.75862068965517
4.543102776541593,82.75862068965517
4.5432136661203115,82.75862068965517
4.543343614920781,82.7601068873373
4.543425626537623,82.7601068873373
4.5434551817379845,82.76159282882261
4.5435077208377015,82.76307851417737
4.543533072138188,82.76456394346778
4.5435465647943705,82.76604911676002
4.543553284770296,82.76753403412029
4.543561202576578,82.76901869561472
4.543659118123937,82.77050310130944
4.5436766497867875,82.77198725127056
4.543698100771856,82.77347114556417
4.543982768416698,82.77495478425631
4.544018072717196,82.77643816741302
4.5441282596129735,82.77643816741302
4.5441775863270015,82.77792129510033
4.544465246807894,82.77792129510033
4.544492607177104,82.7794041673842
4.5449550332101545,82.7808867843306
4.545031998395781,82.78236914600551
4.545055792646881,82.78385125247482
4.545075880620146,82.78533310380443
4.545127031305798,82.78533310380443
4.54517847194359,82.78681470006025
4.545303482765749,82.78829604130809
4.545395056509942,82.7897771276138
4.5455542061253995,82.7912579590432
4.545607195002277,82.79273853566205
4.545614986899016,82.79421885753612
4.545621827497569,82.79569892473118
4.545680605816437,82.79717873731292
4.545709573650258,82.79865829534704
4.545729794758972,82.8001375988992
4.546040062485908,82.80161664803508
4.546074218439234,82.80161664803508
4.54617671782397,82.8030954428203
4.546441464501987,82.8030954428203
4.546687949297032,82.80457398332044
4.546790185736157,82.80605226960111
4.546860520968623,82.80753030172784
4.546980911647929,82.8090080797662
4.5470426558787445,82.8090080797662
4.54734229825133,82.81048560378169
4.547350536176995,82.8119628738398
4.547452025934513,82.81343989000601
4.547815833254379,82.81491665234576
4.54812492628539,82.81639316092448
4.548161017966233,82.81786941580756
4.5482078527155085,82.81934541706039
4.548363532985431,82.82082116474832
4.548422425099899,82.8222966589367
4.548668250663315,82.82377189969083
4.548736044556734,82.82377189969083
4.548801082855,82.82377189969083
4.548999257407084,82.82377189969083
4.549227484387888,82.82524688707599
4.549345619547519,82.82672162115749
4.549350023996338,82.82672162115749
4.54957901584968,82.82819610200052
4.549598535429424,82.82967032967034
4.549886166512681,82.83114430423211
4.549891535186269,82.83114430423211
4.550191891580636,82.83261802575107
4.55021698109188,82.83409149429234
4.550296306458452,82.83556470992104
4.550321540439035,82.83703767270231
4.550342503927824,82.83851038270122
4.550369309288936,82.83851038270122
4.550483787189006,82.83998283998284
4.550672502962017,82.84145504461222
4.55084445459986,82.84292699665437
4.550878321837081,82.84439869617431
4.550976251847462,82.84439869617431
4.55153526265432,82.845870143237
4.551660019169563,82.845870143237
4.551670202026641,82.84734133790738
4.551885732400035,82.8488122802504
4.5519954772682265,82.850282970331
4.552071625639718,82.85175340821401
4.55208655160055,82.85322359396433
4.552129531073627,82.8546935276468
4.5521887259027105,82.8546935276468
4.552258960771338,82.85616320932625
4.552384057145571,82.85763263906746
4.55246663011512,82.85763263906746
4.552524856913378,82.85910181693521
4.5525251667302,82.86057074299426
4.552821327952486,82.86203941730935
4.552839194041681,82.86350783994516
4.552903186744412,82.86497601096642
4.553237975506086,82.86644393043775
4.553271257183336,82.86791159842385
4.553289368345317,82.86937901498929
4.553350304463179,82.8708461801987
4.553450053860544,82.87231309411663
4.5535044426603335,82.87377975680768
4.553512691447707,82.87524616833633
4.5536807743450085,82.87671232876713
4.553703316910461,82.87817823816455
4.553757971540214,82.87817823816455
4.55376486162738,82.87964389659305
4.553767615504803,82.87964389659305
4.553773860437269,82.88110930411709
4.5537863666827425,82.8825744608011
4.5539125163128915,82.88403936670946
4.554066263807423,82.88550402190656
4.554078267457531,82.88696842645675
4.554083354599739,82.88696842645675
4.554257493483023,82.88696842645675
4.554375282793756,82.88843258042436
4.554639307541886,82.88989648387373
4.554705667233041,82.89136013686912
4.554721891318373,82.89282353947482
4.554800259434732,82.89428669175504
4.555005892003523,82.89574959377404
4.5550744216253225,82.89721224559602
4.555368298686561,82.89867464728516
4.555428998057783,82.9001367989056
4.555497228963622,82.9015987005215
4.555739956584112,82.90306035219696
4.555811279109329,82.90452175399606
4.555821542897221,82.90598290598291
4.555839599404979,82.90744380822152
4.5558567950138755,82.90744380822152
4.555902148142595,82.90890446077593
4.5560200916284765,82.91036486371016
4.556121119502339,82.91182501708818
4.55629777626882,82.91182501708818
4.55638748590025,82.91328492097394
4.556499901791358,82.9147445754314
4.556510120465972,82.91620398052447
4.556533951244549,82.91766313631705
4.556819086995838,82.919122042873
4.556942105781471,82.9205807002562
4.5569526569902425,82.92203910853044
4.557083264641724,82.92349726775956
4.557105191879844,82.92495517800734
4.557114460030138,82.92495517800734
4.5571842097830935,82.92495517800734
4.557242163484489,82.92641283933754
4.5573332985432105,82.92641283933754
4.5574148880791485,82.92787025181391
4.557693926406928,82.92932741550018
4.5576963329170885,82.93078433046001
4.55778576384675,82.93224099675712
4.557876451281598,82.93224099675712
4.5578805144146575,82.93369741445515
4.5579417601513095,82.93515358361775
4.55840152721625,82.9366095043085
4.558461902065962,82.93806517659102
4.5584985656507895,82.93806517659102
4.558510882550869,82.93952060052887
4.558631781826087,82.9409757761856
4.558701599655777,82.94243070362474
4.558942187036532,82.94243070362474
4.55901587816286,82.94388538290977
4.5591365132860675,82.9453398141042
4.559290757368741,82.9453398141042
4.559292505177907,82.9453398141042
4.5595116330970935,82.94679399727148
4.559622040727486,82.94824793247506
4.559655833082383,82.94824793247506
4.5599596240246765,82.94824793247506
4.560013312851327,82.94970161977835
4.5603210402112255,82.95115505924474
4.560513841050026,82.95260825093762
4.5605480403670215,82.95406119492031
4.560667249829579,82.95551389125619
4.561162609971983,82.95696634000852
4.561412963091959,82.95841854124063
4.561418043467007,82.95987049501576
4.561468556482209,82.96132220139717
4.56154499431737,82.96277366044808
4.561573724153571,82.96422487223168
4.561595326353642,82.96567583681117
4.561744388290934,82.9671265542497
4.5617459334061,82.9685770246104
4.56190116309497,82.9700272479564
4.562024606888927,82.9700272479564
4.562056438625186,82.97147722435079
4.562089242199059,82.97292695385663
4.562093167696837,82.97437643653699
4.5623099403758305,82.97582567245489
4.562384359949499,82.97727466167333
4.562453846851546,82.97872340425532
4.562493033292431,82.97872340425532
4.5626544285467014,82.98017190026381
4.5626696908404645,82.98162014976175
4.562695153726454,82.98306815281205
4.562743313195423,82.98451590947764
4.5630266450080725,82.98451590947764
4.563031076000626,82.98451590947764
4.563097493518126,82.98596341982135
4.563156622986045,82.98741068390609
4.563266968777865,82.98741068390609
4.563267084834987,82.98885770179467
4.563269608197431,82.99030447354993
4.563360881478471,82.99030447354993
4.5634175211489,82.99175099923463
4.56346581340922,82.99175099923463
4.563509115204816,82.99319727891157
4.563630042080272,82.99464331264348
4.563725897370109,82.99608910049311
4.563911648066586,82.99608910049311
4.564080914672919,82.99753464252316
4.564273351942152,82.99897993879632
4.564683961889139,83.00042498937526
4.564768231268805,83.00186979432263
4.564771361546419,83.00331435370103
4.564974818849467,83.00331435370103
4.564975659243145,83.00475866757307
4.565058626062703,83.00620273600136
4.565118666330924,83.00764655904842
4.565225521078191,83.00764655904842
4.565316898865248,83.00909013677682
4.565400050303522,83.01053346924907
4.565686701922047,83.01197655652764
4.565721295279988,83.01197655652764
4.5657783452218865,83.01341939867505
4.565901518690667,83.01486199575372
4.565905337396776,83.0163043478261
4.565968054191525,83.0163043478261
4.566070192858139,83.01774645495458
4.566105442430483,83.01918831720157
4.566267334129593,83.02062993462943
4.566320234198962,83.02062993462943
4.56639529265879,83.02062993462943
4.566429733880596,83.02207130730051
4.566540538095646,83.02351243527714
4.567008788381852,83.02495331862163
4.567091540302463,83.02639395739625
4.567195059538245,83.02783435166327
4.567208659132465,83.02927450148493
4.567338800616328,83.03071440692347
4.567479654785557,83.03215406804107
4.567516491644819,83.03359348489991
4.567554275204427,83.03503265756214
4.567601471490174,83.03503265756214
4.567855270850975,83.03647158608992
4.5681309478583,83.03647158608992
4.568387011161157,83.03791027054534
4.568410070317442,83.0393487109905
4.568663695101685,83.0393487109905
4.568697406520194,83.0407869074875
4.568874569971017,83.04222486009836
4.568995838390813,83.04366256888513
4.5690249479693295,83.0451000339098
4.569098717989281,83.04653725523437
4.56920153508749,83.04797423292084
4.569345690677439,83.04941096703111
4.569376073903142,83.05084745762711
4.569429219255804,83.05228370477079
4.569644007361218,83.05371970852397
4.569832265788503,83.05515546894857
4.569835465796856,83.05515546894857
4.570061228254991,83.0565909861064
4.570439487743551,83.0580262600593
4.570560846155072,83.05946129086905
4.570568638945494,83.06089607859745
4.570608369748499,83.06233062330624
4.570618624334022,83.06376492505716
4.570680745234542,83.06519898391194
4.570699775011856,83.06519898391194
4.570776812768545,83.06663279993228
4.570887597215202,83.06806637317982
4.5709357603189185,83.06949970371625
4.571031137744037,83.06949970371625
4.571119848590849,83.07093279160318
4.571138428055296,83.07236563690225
4.571179167100142,83.07379823967501
4.57124211635052,83.07523059998307
4.571287714434398,83.07523059998307
4.5713269559726735,83.07666271788797
4.5716131909704245,83.07809459345123
4.571624383117247,83.07952622673434
4.5716846977939065,83.07952622673434
4.571687416351325,83.08095761779883
4.571759975367877,83.08238876670615
4.571896164525066,83.08238876670615
4.571906091506068,83.08381967351772
4.571957169849864,83.085250338295
4.572080436500848,83.08668076109936
4.5725339043135715,83.08668076109936
4.572571433278076,83.08811094199223
4.572626418682038,83.08954088103492
4.572680219152756,83.0909705782888
4.5727410567194475,83.0924000338152
4.5727841542170085,83.0938292476754
4.572866865691122,83.09525821993068
4.572891933726146,83.09668695064232
4.57312015560753,83.09668695064232
4.573256191044176,83.09811543987155
4.5734139041978885,83.09954368767957
4.573439012753908,83.09954368767957
4.573534769481053,83.1009716941276
4.573613269140602,83.10239945927678
4.573657732763334,83.10382698318831
4.573801018285499,83.1052542659233
4.573854219996103,83.10668130754286
4.57389598174038,83.1081081081081
4.573913630518756,83.1081081081081
4.57392732304266,83.1095346676801
4.573930038961753,83.11096098631988
4.5740727132934635,83.1123870640885
4.574483359855296,83.11381290104694
4.57464849823904,83.11381290104694
4.574767263702371,83.11523849725623
4.574837442997864,83.11666385277731
4.574848877916733,83.11808896767114
4.574873052801192,83.11951384199865
4.575040434613396,83.12093847582075
4.575177398313299,83.12093847582075
4.575261133460709,83.12236286919831
4.575346844735384,83.12378702219222
4.575354776973063,83.12521093486332
4.575441066408553,83.12663460727242
4.575787418572917,83.12805803948035
4.575811692974022,83.12948123154787
4.575872756609847,83.13090418353576
4.57589452010522,83.13232689550476
4.576101337202752,83.13374936751559
4.5761291775151856,83.13517159962898
4.576194581545538,83.13659359190557
4.576253022359897,83.13801534440603
4.576358128062742,83.13943685719103
4.576433719431528,83.13943685719103
4.5766146775953365,83.14085813032118
4.576618712009127,83.14227916385704
4.576818587940533,83.14369995785925
4.576978704505974,83.14512051238833
4.577420308181233,83.14654082750485
4.57768782594203,83.1479609032693
4.578074156278953,83.1479609032693
4.578211308625265,83.1479609032693
4.578323554387927,83.14938073974218
4.578444312675036,83.150800336984
4.578540844340811,83.15221969505518
4.578665618218594,83.15363881401618
4.578850144380304,83.1550576939274
4.578886262516242,83.15647633484924
4.579285217240598,83.15789473684211
4.5793959721124775,83.15931289996632
4.579407691845765,83.16073082428223
4.579531179493462,83.16214850985014
4.579579579513762,83.16356595673037
4.579779039346612,83.16498316498317
4.579842991813757,83.16640013466879
4.579998363352018,83.1678168658475
4.580099432462368,83.16923335857949
4.580132179577497,83.16923335857949
4.580354271435852,83.17064961292495
4.580484399183175,83.17206562894405
4.580585319771869,83.17348140669696
4.580593129436128,83.17489694624379
4.580635577764797,83.17631224764467
4.580680872357297,83.17772731095971
4.580747589667809,83.17914213624896
4.580770068256982,83.18055672357245
4.580787718785291,83.18197107299025
4.580897486168094,83.18338518456235
4.581068280964812,83.18338518456235
4.581086393394421,83.18479905834874
4.581121423614441,83.1862126944094
4.581420788970774,83.1876260928043
4.581770982432334,83.18903925359335
4.581917799840891,83.19045217683644
4.582160410938077,83.19186486259349
4.5821804375737845,83.19327731092437
4.582252523926835,83.19468952188892
4.582763417925006,83.19468952188892
4.5829542154056515,83.19468952188892
4.5829706693233465,83.19610149554697
4.583080615677139,83.19751323195833
4.583275394259757,83.19751323195833
4.5835000152312375,83.1989247311828
4.583559622299986,83.20033599328013
4.583569355087929,83.20174701831009
4.58364573556225,83.2031578063324
4.583668095934353,83.2031578063324
4.583709271841452,83.20456835740679
4.583818706705289,83.20597867159292
4.583875052069195,83.20738874895046
4.584039778531939,83.20879858953909
4.584235693603567,83.2102081934184
4.5846560197052915,83.21161756064804
4.584689665629051,83.21302669128757
4.584758189318482,83.21443558539656
4.5848802825015555,83.21443558539656
4.584905245220463,83.21443558539656
4.584932074854,83.21584424303458
4.585023409494449,83.21725266426114
4.585229220008031,83.21866084913576
4.585330810267561,83.22006879771793
4.58534419648541,83.22147651006712
4.585382376431631,83.22288398624276
4.585540994560587,83.22429122630432
4.585604257206168,83.22569823031117
4.585869370414175,83.22710499832272
4.585916719844678,83.22851153039832
4.586057838686383,83.22991782659736
4.586238452844656,83.22991782659736
4.586595530344923,83.23132388697913
4.586832889106495,83.23272971160294
4.586935487662705,83.23413530052812
4.587004306015467,83.23554065381391
4.587191915990094,83.23694577151957
4.587211645981921,83.23694577151957
4.58752241241498,83.23694577151957
4.587634094709009,83.23835065370433
4.587699024522537,83.23835065370433
4.587723267347767,83.23975530042739
4.587930681270458,83.24115971174794
4.588007411353295,83.24115971174794
4.58818295537611,83.24256388772517
4.588208367747046,83.24396782841823
4.5883936021935225,83.24537153388624
4.588498696299914,83.24677500418831
4.588524538651792,83.24817823938353
4.588643341588438,83.24817823938353
4.588745340077933,83.24958123953098
4.588905043430789,83.25098400468973
4.58893530162798,83.25238653491877
4.588943838603062,83.25378883027716
4.589032562408016,83.25519089082385
4.589138052936786,83.25659271661783
4.589152779237232,83.25799430771806
4.589414337390397,83.25939566418347
4.589577548526059,83.26079678607299
4.589730588377749,83.26219767344548
4.58978128063479,83.26359832635984
4.589904181257549,83.2649987448749
4.589942675434133,83.26639892904953
4.590209751345544,83.26779887894253
4.590221925319952,83.26919859461267
4.590252991677011,83.27059807611877
4.590278002147299,83.27199732351957
4.5902938095867345,83.2733963368738
4.590295519778127,83.27479511624017
4.590532297687904,83.27479511624017
4.590579302437411,83.2761936616774
4.5906466349653225,83.2761936616774
4.590678159382889,83.27759197324414
4.590791737341193,83.27759197324414
4.590871766740847,83.27759197324414
4.5909353158261785,83.27899005099908
4.5911943276616345,83.28038789500084
4.59128128347324,83.28178550530804
4.591364238562025,83.28178550530804
4.591505984779454,83.28318288197927
4.59152836955879,83.28458002507313
4.591546404416096,83.28597693464816
4.591695698656563,83.28597693464816
4.591873669536996,83.28737361076293
4.591959653618315,83.28737361076293
4.592128875375088,83.28877005347593
4.592592738264606,83.29016626284569
4.5925969435925875,83.29156223893067
4.592628237004372,83.29295798178933
4.592644648212785,83.29435349148012
4.592924515463825,83.29435349148012
4.593074649802977,83.29574876806147
4.593094174587584,83.29714381159178
4.593101322766871,83.29853862212944
4.593154466510298,83.2999331997328
4.593202271079441,83.30132754446021
4.593273619894585,83.30132754446021
4.5933701276515135,83.30272165637001
4.593444308324231,83.3041155355205
4.593485758631582,83.30550918196995
4.593539378853889,83.30550918196995
4.593539848868148,83.30690259577665
4.593679953913453,83.30829577699883
4.593749310612301,83.30968872569473
4.5937821973441135,83.31108144192257
4.593852706613421,83.3124739257405
4.59387291119051,83.31386617720675
4.594181235837066,83.31525819637942
4.594296250180611,83.31664998331665
4.594296466038627,83.31804153807657
4.594309691576029,83.31943286071727
4.594557634704458,83.3208239512968
4.594655363357082,83.32221480987326
4.594684158029019,83.32221480987326
4.594723243649677,83.32360543650464
4.59482969042988,83.32499583124896
4.595014918406763,83.32638599416423
4.59518457432367,83.32777592530843
4.595252774968823,83.32916562473952
4.595314323424445,83.33055509251543
4.59537393486229,83.33194432869406
4.5953850117655275,83.33194432869406
4.595448906021808,83.33333333333334
4.595485880573859,83.33472210649113
4.595503901646344,83.33611064822529
4.595618612283711,83.33749895859368
4.59562200976698,83.33888703765412
4.595636302664463,83.3402748854644
4.595646148061713,83.34166250208229
4.595734622232023,83.34166250208229
4.595773917795234,83.34304988756558
4.595861459121882,83.34443704197201
4.596009545906692,83.34582396535932
4.59607510067552,83.34721065778517
4.59607931594699,83.3485971193073
4.596086391862143,83.34998334998335
4.596194156052998,83.34998334998335
4.596458334675402,83.35136934987098
4.596820974950539,83.3527551190278
4.59694876183232,83.35414065751145
4.597352132207686,83.3555259653795
4.597462362818725,83.35691104268952
4.597598130143876,83.35829588949909
4.597670935306464,83.35968050586571
4.597698542208797,83.36106489184692
4.597748764128418,83.3624490475002
4.597825663801557,83.36383297288305
4.597907690180414,83.3652166680529
4.597928531013199,83.3652166680529
4.598070103661186,83.36660013306721
4.598201283693044,83.36798336798337
4.598334899715424,83.3693663728588
4.598368284491138,83.37074914775089
4.598446850774875,83.37213169271699
4.598552301421944,83.37351400781445
4.598680911740907,83.37489609310057
4.5988892483563255,83.37489609310057
4.599058949454992,83.3762779486327
4.599312905296497,83.3762779486327
4.59934633852789,83.37765957446808
4.599414423973553,83.37904097066401
4.599429588479492,83.3804221372777
4.5995865926138855,83.38180307436643
4.599643380356627,83.38318378198737
4.599845358727191,83.38456426019772
4.599891647867132,83.38594450905465
4.599905130416224,83.38732452861534
4.600123192798085,83.38870431893687
4.600280971878312,83.3900838800764
4.6003144243009295,83.39146321209101
4.6003636096344875,83.39284231503778
4.6003973403722815,83.39422118897376
4.600399613358662,83.395599833956
4.6005733230893435,83.395599833956
4.600822579269389,83.39697825004151
4.600918034766604,83.39835643728729
4.601087391117516,83.39973439575033
4.601115315637874,83.39973439575033
4.601351297987651,83.4011121254876
4.601488467692317,83.4011121254876
4.601910901003089,83.40248962655602
4.601943055836756,83.40248962655602
4.601964012191704,83.40386689901254
4.602025168994244,83.40524394291404
4.602118309739889,83.40662075831743
4.602253348429288,83.40799734527957
4.602444289605676,83.40937370385733
4.602586263018454,83.4107498341075
4.603016090189082,83.41212573608692
4.603240308240989,83.41350140985237
4.603916598815128,83.41487685546065
4.603950416493891,83.41487685546065
4.604034340008005,83.41625207296849
4.604108860311554,83.41762706243263
4.604219937560412,83.4190018239098
4.604329909284272,83.42037635745669
4.604349034574082,83.42175066312998
4.6045023222949615,83.42312474098632
4.604746674529593,83.42449859108238
4.605494830697962,83.42449859108238
4.605784224840848,83.42587221347476
4.606081274839678,83.42724560822009
4.606191352513549,83.42861877537493
4.606258405959397,83.42999171499585
4.606369372414706,83.43136442713941
4.606389559833725,83.43273691186216
4.60647417187397,83.43410916922058
4.606631939856841,83.43548119927117
4.606766478560034,83.4368530020704
4.606963521946231,83.4368530020704
4.607027847850876,83.43822457767473
4.607057794527414,83.43822457767473
4.607162847851758,83.4395959261406
4.607337398772219,83.44096704752442
4.6075021943664,83.4423379418826
4.607659100712315,83.44370860927152
4.607749033206243,83.44507904974753
4.608060859825088,83.446449263367
4.608076297134699,83.446449263367
4.608233857545079,83.44781925018621
4.608308806982354,83.4491890102615
4.608376542534394,83.45055854364915
4.608836276712643,83.45192785040543
4.609034291401841,83.45329693058659
4.609640452521498,83.45466578424883
4.609741473001283,83.45603441144843
4.609808966940793,83.45740281224153
4.609874002040137,83.4587709866843
4.609878075903128,83.46013893483295
4.610062220717236,83.46150665674357
4.61012210153008,83.4628741524723
4.610259464532417,83.46424142207523
4.61026330544751,83.46560846560847
4.610352993035533,83.46697528312805
4.610622937207987,83.46697528312805
4.610805439817142,83.46834187469003
4.610926910727577,83.46970824035044
4.611082001270266,83.47107438016529
4.611083746774228,83.47107438016529
4.611140589754673,83.47244029419056
4.6112075145183615,83.47380598248223
4.611416270820563,83.47517144509625
4.611524752968682,83.47517144509625
4.611612887464283,83.47517144509625
4.611666327053925,83.47653668208856
4.611680029942173,83.47790169351508
4.612205206025053,83.47926647943169
4.6124519240897985,83.47926647943169
4.6125184669395125,83.47926647943169
4.6125231034430865,83.48063103989428
4.613156089878537,83.4819953749587
4.613247819835404,83.48335948468082
4.613282659462389,83.48472336911644
4.613377898417813,83.48608702832136
4.613408108424085,83.48745046235139
4.613509183739867,83.48881367126228
4.613668228315243,83.49017665510979
4.613672524921263,83.49017665510979
4.613734468700324,83.49153941394964
4.613806748033201,83.49290194783757
4.613846132582272,83.49290194783757
4.614103588017953,83.49426425682925
4.614133164315655,83.49562634098035
4.614207799791548,83.49698820034656
4.614409491361992,83.4983498349835
4.614483102721372,83.49971124494678
4.614576954812383,83.50107243029203
4.614618487980471,83.50243339107482
4.614706162234864,83.5037941273507
4.614731554773107,83.50515463917526
4.615137800583386,83.50515463917526
4.615292526659716,83.506514926604
4.6153008411271905,83.506514926604
4.6153121941771165,83.50787498969243
4.6153216996063415,83.50923482849603
4.615541666031697,83.51059444307033
4.615802658068866,83.51195383347073
4.615860499741423,83.5133129997527
4.616138805318643,83.51467194197164
4.616372168206406,83.51603066018298
4.616525792629073,83.51738915444207
4.61659491450883,83.51874742480429
4.616770961426042,83.52010547132498
4.616905380563929,83.52146329405949
4.616993848295388,83.52282089306311
4.617171529459407,83.52417826839114
4.617190211089964,83.52553542009885
4.617299901573802,83.5268923482415
4.617490617471626,83.52824905287433
4.617507072254552,83.52960553405254
4.6176187907781445,83.53096179183136
4.617766609762647,83.53231782626595
4.617822314255863,83.5336736374115
4.617825505084359,83.53502922532311
4.6178647183230614,83.53638459005597
4.618043406624828,83.53773973166516
4.618116774876152,83.53773973166516
4.618151226771833,83.53909465020575
4.61819032720372,83.53909465020575
4.618355169584859,83.53909465020575
4.618499217267748,83.54044934573285
4.618559552339289,83.54180381830152
4.618678624446127,83.54315806796676
4.618724480805704,83.54451209478361
4.618782459495338,83.54586589880707
4.618805126195342,83.54721948009214
4.618820517997709,83.54721948009214
4.618903764508735,83.54857283869376
4.6193248615627445,83.54992597466688
4.619546890113869,83.55127888806645
4.619604880719868,83.55263157894737
4.619925822990817,83.55398404736452
4.619961219705825,83.55533629337279
4.619997437274056,83.55668831702705
4.620035362541348,83.55804011838211
4.62016375743733,83.5593916974928
4.620190446638388,83.56074305441395
4.620201672163414,83.5620941892003
4.620251036018857,83.56344510190664
4.620292854449095,83.56479579258772
4.620332649981409,83.56614626129829
4.620450614434305,83.56749650809301
4.620600394076224,83.56884653302662
4.620753832204353,83.57019633615378
4.620843345832803,83.57154591752915
4.620917090146972,83.57154591752915
4.620922385520963,83.57154591752915
4.62128816026278,83.5728952772074
4.62140314344343,83.5728952772074
4.621420919820631,83.5742444152431
4.6214729620555985,83.5755933316909
4.621546621664419,83.57694202660535
4.62169270026532,83.57829050004105
4.621802354786525,83.57963875205255
4.621841125759281,83.58098678269435
4.622011674410019,83.58233459202101
4.622031490172353,83.58368218008701
4.622045462090445,83.58502954694683
4.6220507016005445,83.58637669265491
4.622103519060203,83.58772361726572
4.622114365917087,83.58907032083368
4.62229394430572,83.58907032083368
4.622477514867578,83.59041680341319
4.622626476907861,83.59041680341319
4.622685565873999,83.59176306505866
4.622696678917819,83.59310910582445
4.622778641825093,83.59310910582445
4.622861738347434,83.59445492576491
4.62291968153268,83.59580052493439
4.622985008033491,83.59580052493439
4.623061923976273,83.59714590338719
4.623103666981418,83.59849106117763
4.623106173772016,83.59983599835998
4.623252707874236,83.59983599835998
4.623297537330198,83.60118071498852
4.623364299985429,83.60252521111748
4.623482820563079,83.60386948680112
4.623486411837821,83.60521354209361
4.623521100565476,83.60655737704919
4.623608365479423,83.60790099172199
4.623675942740891,83.60924438616621
4.623820406853367,83.60924438616621
4.623936253732867,83.60924438616621
4.6240204082354985,83.61058756043596
4.624202173870293,83.61193051458538
4.62430023537438,83.61327324866858
4.624347966889771,83.61327324866858
4.624455800483624,83.61461576273965
4.624550655200707,83.61595805685262
4.624561037088145,83.61595805685262
4.624698640733169,83.6173001310616
4.62471013517636,83.6186419854206
4.6247619153036,83.61998361998361
4.624840475007901,83.62132503480468
4.624941268241857,83.62132503480468
4.625037585157768,83.62266622993776
4.625420731014383,83.62400720543684
4.625426660232187,83.62400720543684
4.6254419595156415,83.62534796135583
4.625528538893491,83.62668849774867
4.625725630673643,83.62802881466929
4.6257998922447285,83.62802881466929
4.625822827336851,83.62936891217157
4.625834859378096,83.63070879030938
4.626045260820915,83.63204844913659
4.626058514559077,83.63338788870703
4.626220162628137,83.63472710907455
4.626414492431375,83.63606611029292
4.626656269755454,83.63740489241593
4.626677488048456,83.63874345549738
4.626703246995959,83.63874345549738
4.626737756624483,83.640081799591
4.627132630885542,83.64141992475052
4.627289439180512,83.64275783102968
4.627289747778739,83.64275783102968
4.627300300074642,83.64409551848217
4.627402195766116,83.64409551848217
4.627470187452065,83.64543298716166
4.627549063129778,83.64677023712184
4.627604358402096,83.64677023712184
4.627637053073761,83.64677023712184
4.627762172942495,83.64677023712184
4.627915860044855,83.64810726841631
4.627992375061169,83.64944408109875
4.6280432453634015,83.65078067522276
4.628077098085944,83.65211705084191
4.6281370765030285,83.65345320800981
4.6281959730351065,83.65478914677999
4.628309477737785,83.65612486720602
4.628315414744734,83.6574603693414
4.628406478379825,83.65879565323965
4.628748583647122,83.66013071895425
4.628964841439447,83.66146556653868
4.6290236129027225,83.66280019604639
4.629069587130538,83.66413460753084
4.629251936609529,83.6654688010454
4.6292787518230245,83.66680277664352
4.629348972509196,83.66813653437856
4.629379070792018,83.6694700743039
4.629409768700532,83.67080339647289
4.629453099279806,83.67080339647289
4.6295519187432115,83.67213650093885
4.629683410928034,83.6734693877551
4.629745695150006,83.6734693877551
4.629901279498147,83.67480205697494
4.629981737806695,83.67480205697494
4.630019004421406,83.67613450865164
4.630025485991367,83.67613450865164
4.63007750900809,83.67746674283849
4.630129830672116,83.6787987595887
4.630238506125139,83.6787987595887
4.630495908647273,83.68013055895553
4.63081209088264,83.68146214099217
4.631049227941463,83.68279350575182
4.631379180345486,83.68412465328765
4.631382880879047,83.68545558365282
4.6313981737623235,83.68678629690048
4.631621607669606,83.68678629690048
4.63164176349355,83.68811679308376
4.631768409358101,83.68944707225575
4.631873478077634,83.69077713446954
4.6318824786882224,83.69077713446954
4.631929206779813,83.69077713446954
4.632057365337597,83.69210697977822
4.632112617772729,83.69343660823482
4.632225235910747,83.69476601989238
4.632382039472988,83.69609521480395
4.632523071262911,83.6974241930225
4.632587895526964,83.69875295460103
4.632672801239246,83.7000814995925
4.632681697885224,83.7000814995925
4.632855481834948,83.70140982804988
4.632916948219101,83.70140982804988
4.632957683791777,83.70273794002607
4.632999024240611,83.70406583557403
4.63304439307954,83.70539351474662
4.633136588088515,83.70672097759673
4.633160034507826,83.70804822417726
4.633387219283445,83.709375254541
4.6337077107619695,83.709375254541
4.63375418851003,83.71070206874084
4.63380873617633,83.71202866682954
4.633932817018431,83.71202866682954
4.633977835030848,83.71335504885994
4.634132416878807,83.71335504885994
4.63432598018129,83.71468121488478
4.634540210767342,83.71600716495685
4.634587239082954,83.71733289912888
4.63513234095598,83.7186584174536
4.63536215195364,83.71998371998372
4.635488818696478,83.72130880677193
4.635538602600858,83.72130880677193
4.635663254594183,83.72263367787092
4.63585261207728,83.72395833333334
4.635908300395681,83.72528277321182
4.636010465977086,83.72528277321182
4.63621737876394,83.72660699755899
4.636296271275493,83.72793100642747
4.636330764162595,83.72925479986984
4.636467964985631,83.73057837793867
4.636499968382875,83.73190174068651
4.636621333401186,83.73322488816592
4.636811435115451,83.73454782042941
4.636840953821387,83.73454782042941
4.636885988694864,83.73454782042941
4.636978436267881,83.73454782042941
4.637013576564486,83.73454782042941
4.637173327260601,83.73587053752948
4.63725373745908,83.73587053752948
4.637543827141874,83.73587053752948
4.637689714072252,83.73719303951862
4.637949687971412,83.7385153264493
4.638122023214989,83.73983739837398
4.638246227161758,83.7411592553451
4.638250847144036,83.74248089741505
4.638252337789423,83.74380232463626
4.638277906754623,83.74512353706112
4.638328265431271,83.74512353706112
4.6384153264704615,83.74644453474197
4.63864775352446,83.7477653177312
4.638671567681374,83.7477653177312
4.638723743340264,83.74908588608109
4.638916691537189,83.74908588608109
4.639039946752113,83.74908588608109
4.639052077048258,83.750406239844
4.639329308163222,83.75172637907222
4.639554783658899,83.75304630381804
4.6396695093609095,83.7543660141337
4.639714673516479,83.75568551007147
4.639990665700086,83.75568551007147
4.6402755476165405,83.75568551007147
4.64058723230475,83.75700479168358
4.640606579176139,83.75832385902225
4.640634997660342,83.75832385902225
4.640739767290768,83.75964271213967
4.640847383076128,83.76096135108801
4.640878514552137,83.76227977591945
4.641078260955948,83.76359798668615
4.641254146302134,83.76491598344022
4.641355756121494,83.76623376623377
4.641371326563589,83.76755133511891
4.64140236246655,83.7688686901477
4.641573532963302,83.77018583137223
4.64175387174423,83.77018583137223
4.641807442488045,83.77150275884453
4.6418430097505485,83.77150275884453
4.641854638395136,83.77281947261663
4.641984710990275,83.77413597274055
4.642063398842131,83.77545225926826
4.6423053969678785,83.77676833225178
4.642314180430469,83.77676833225178
4.64231427938186,83.77676833225178
4.642343398152544,83.77676833225178
4.642496668351402,83.77808419174303
4.642550336608472,83.779399837794
4.642634862265569,83.78071527045657
4.6426767584416595,83.78203048978267
4.642778548943207,83.78334549582421
4.6428546115408915,83.78466028863305
4.643035534116984,83.78597486826105
4.6432582887938345,83.78728923476005
4.643472079241245,83.78728923476005
4.643619955711741,83.7886033881819
4.643626269474515,83.78991732857838
4.643769139227357,83.7912310560013
4.644259702611271,83.79254457050244
4.644331320029952,83.79385787213354
4.644373149426544,83.79385787213354
4.644927363545575,83.79385787213354
4.645072976261133,83.79517096094636
4.64528511377545,83.79517096094636
4.645370504098196,83.79648383699264
4.645474391711598,83.79779650032404
4.645532111595381,83.7991089509923
4.6457982726349965,83.80042118904909
4.64586813575498,83.80173321454605
4.645885114536079,83.80304502753482
4.6459777477056745,83.80304502753482
4.645982959232654,83.80435662806704
4.646041424735487,83.80566801619433
4.6460422200330385,83.80566801619433
4.646070183283179,83.80697919196827
4.646077704431124,83.80697919196827
4.646163686325855,83.80829015544042
4.646231600244924,83.80960090666235
4.6462991112823655,83.8109114456856
4.646325807020631,83.81222177256171
4.646361641394703,83.81222177256171
4.646611816117654,83.81353188734218
4.646644462752659,83.8148417900785
4.646662343423258,83.81615148082214
4.6468780706476736,83.81746095962457
4.646941320512125,83.81877022653723
4.64704490769301,83.82007928161151
4.647067084756701,83.82007928161151
4.647093143672094,83.82138812489889
4.647138643645611,83.8226967564507
4.647301389934292,83.82400517631834
4.64735226180734,83.82531338455318
4.6475955718738815,83.82662138120654
4.647703981361235,83.82792916632975
4.647765431216305,83.82923673997412
4.6478497868243815,83.83054410219096
4.647956394884299,83.83185125303153
4.648058008060626,83.83315819254709
4.6481129261423595,83.83446492078888
4.6482385230474375,83.83446492078888
4.64824893104957,83.83446492078888
4.648555438931179,83.83577143780812
4.648701191827992,83.83577143780812
4.648716560835982,83.83707774365605
4.64885634024495,83.83838383838383
4.64890878733485,83.83838383838383
4.648994107378743,83.83968972204266
4.6490134260571,83.83968972204266
4.649098768008425,83.84099539468369
4.649213930969033,83.84230085635805
4.649421111847146,83.8436061071169
4.649592031715275,83.84491114701132
4.649627147171831,83.8462159760924
4.6496811822630315,83.84752059441124
4.649926105312751,83.8488250020189
4.649985469085075,83.8501291989664
4.649996592788563,83.8501291989664
4.650074617016181,83.8514331853048
4.650077276516894,83.8527369610851
4.650246034077869,83.8527369610851
4.6502989004255255,83.85404052635828
4.650387747909044,83.85534388117533
4.650645623388429,83.85664702558722
4.650719280240805,83.85794995964487
4.650745559055701,83.85925268339925
4.650801723082188,83.86055519690123
4.650851820853869,83.86185750020174
4.651137690529007,83.86315959335163
4.6511920406034415,83.86446147640177
4.651255584821506,83.86576314940304
4.651309967250554,83.86706461240622
4.651323845237825,83.86836586546217
4.651347175044869,83.86966690862167
4.651354464416401,83.87096774193549
4.651413019585882,83.87226836545439
4.651431943572225,83.87356877922916
4.651436053103705,83.87356877922916
4.651510175677409,83.87356877922916
4.651549681029111,83.87486898331049
4.651637591782484,83.87616897774912
4.651817714111092,83.87616897774912
4.651867322897619,83.87746876259573
4.651903696136536,83.87876833790101
4.65209499527255,83.88006770371564
4.652245433033558,83.88006770371564
4.652282530542068,83.88136686009027
4.652743542269088,83.88266580707551
4.65279425757,83.883964544722
4.652803615496425,83.883964544722
4.653088722550556,83.88526307308032
4.653217764575239,83.8865613922011
4.653414959230043,83.88785950213486
4.653421933827043,83.88785950213486
4.653474599528183,83.88915740293217
4.653566035615007,83.89045509464358
4.653578378599704,83.89045509464358
4.653848607410137,83.89045509464358
4.653886808697407,83.89045509464358
4.653936793568996,83.8917525773196
4.6541333633168165,83.8917525773196
4.654393498888492,83.89304985101072
4.654397925272862,83.89434691576744
4.65445741881725,83.89564377164022
4.654466641691711,83.89694041867955
4.654525934005662,83.89823685693584
4.654646809150057,83.89953308645951
4.654748731064267,83.90082910730098
4.654947263159763,83.90082910730098
4.654966560150926,83.90212491951063
4.6551233266009975,83.90342052313883
4.655257135562068,83.90342052313883
4.65536744475248,83.90471591823596
4.6556733913749335,83.90471591823596
4.655733631306888,83.90471591823596
4.655891626534451,83.90471591823596
4.6559493644664425,83.90601110485234
4.656032553031322,83.9073060830383
4.656566885984548,83.9073060830383
4.656944350818742,83.90860085284415
4.656953723225899,83.90860085284415
4.657211062928854,83.90989541432019
4.657321475042875,83.91118976751669
4.657359373342787,83.91248391248392
4.657377948314962,83.9137778492721
4.657453263010041,83.9137778492721
4.657757616401823,83.91507157793147
4.658465604730068,83.91507157793147
4.658476336786226,83.91636509851227
4.658493675504913,83.91765841106465
4.658675646301452,83.91895151563882
4.658682396865947,83.92024441228493
4.658763205132193,83.92153710105313
4.6588827530382355,83.92153710105313
4.658892010406857,83.92282958199357
4.65891163535954,83.92412185515634
4.658929918523332,83.92541392059154
4.65900354491124,83.92670577834927
4.659142246538608,83.92670577834927
4.659227317141582,83.92799742847959
4.65924111352248,83.92928887103255
4.659349804915194,83.93058010605817
4.659352427570739,83.93187113360649
4.6593599229713,83.9331619537275
4.659407511734875,83.93445256647121
4.659414450952917,83.93574297188755
4.659503105351847,83.93703317002651
4.659751179590974,83.93703317002651
4.659826019892651,83.938323160938
4.660106081719241,83.93961294467196
4.660139193490506,83.9409025212783
4.66039860987077,83.9409025212783
4.660462819336632,83.9409025212783
4.6604980408566865,83.94219189080691
4.660872926042621,83.94348105330765
4.661032696781284,83.94348105330765
4.661143130764803,83.94477000883037
4.661164664051845,83.94605875742495
4.6611951903838955,83.94734729914119
4.661274268593263,83.94863563402889
4.661288635831067,83.94863563402889
4.6613809258529395,83.94863563402889
4.661395868671122,83.94863563402889
4.661480060068146,83.94992376213787
4.661535645661317,83.9512116835179
4.661790827227553,83.95249939821873
4.661881475164706,83.95249939821873
4.661883963343874,83.95378690629012
4.661914659074832,83.95378690629012
4.6619363862706775,83.95507420778179
4.662283227701528,83.95636130274346
4.662449620564388,83.95764819122483
4.662463746914512,83.95764819122483
4.662488742149218,83.95893487327558
4.662683399298297,83.96022134894538
4.663317960923762,83.96150761828387
4.663448381081601,83.96150761828387
4.6635443854914795,83.96279368134071
4.663686080428675,83.96279368134071
4.664123638057408,83.96279368134071
4.664179647678873,83.96407953816549
4.664233112420857,83.96536518880782
4.664297184950891,83.96536518880782
4.664357685585634,83.9666506333173
4.66437833279228,83.96793587174348
4.664545044459471,83.96922090413594
4.664553797175798,83.9705057305442
4.664763041483826,83.9705057305442
4.664834884430483,83.97179035101779
4.664977759465888,83.97307476560621
4.665070291299454,83.97307476560621
4.665246152105288,83.97435897435898
4.66527858974121,83.97564297732553
4.66534885924162,83.97564297732553
4.665440152124625,83.97692677455537
4.665760737738965,83.9782103660979
4.665808593855929,83.97949375200257
4.6658736887094685,83.97949375200257
4.665898668443988,83.97949375200257
4.666056162964527,83.98077693231878
4.666150779613391,83.98205990709596
4.666217393646218,83.98334267638344
4.666343295972665,83.98462524023063
4.6664415811361994,83.98590759868685
4.666546723779068,83.98718975180144
4.666576925647577,83.98847169962373
4.6666170168125,83.98847169962373
4.666782328482873,83.98975344220301
4.666902981664416,83.99103497958858
4.66742147957926,83.99103497958858
4.667513257836138,83.99231631182967
4.667555858973671,83.99359743897558
4.667897674982203,83.99487836107554
4.667976834374631,83.99615907817876
4.668062308914199,83.99743959033445
4.66806885437925,83.99871989759181
4.668282285930231,83.99871989759181
4.668303038162434,83.99871989759181
4.668685218649371,84.0
4.6690606597443765,84.0012798976082
4.669188935900405,84.00255959046554
4.669527644436662,84.00383907862114
4.669590773439824,84.00511836212412
4.669847407892848,84.0063974410236
4.670019160425905,84.00767631536861
4.670022687682493,84.00767631536861
4.670106018634555,84.00895498520828
4.670322194591008,84.01023345059161
4.6704073891940405,84.01151171156766
4.670687712327592,84.01278976818544
4.670751282502319,84.01406762049398
4.670763487273971,84.01406762049398
4.670835718548495,84.01406762049398
4.670922761258986,84.01534526854219
4.671036802200249,84.01662271237913
4.6710637698468185,84.01662271237913
4.671096605741053,84.0178999520537
4.671224812377968,84.01917698761487
4.671779638930062,84.02045381911154
4.671956612222384,84.02173044659264
4.671957010741409,84.02300687010704
4.671963164419539,84.02428308970366
4.672021225560144,84.02555910543131
4.672120852788633,84.02683491733886
4.672230611243579,84.02811052547517
4.6722418878766145,84.029385929889
4.672297722169625,84.029385929889
4.672549636829146,84.029385929889
4.67273120571633,84.0306611306292
4.672751728592543,84.03193612774452
4.672890899850622,84.03193612774452
4.672926902051175,84.03321092128373
4.67297589448015,84.0344855112956
4.673041266836731,84.03575989782887
4.673435571437206,84.03703408093224
4.673694487586122,84.03830806065443
4.673840937654506,84.03958183704412
4.673856620711865,84.04085541015002
4.673959400130994,84.04212878002075
4.673969431330487,84.04340194670496
4.674065589376699,84.04467491025129
4.674291886714433,84.04594767070836
4.674328500728276,84.04594767070836
4.6743361381803545,84.04722022812476
4.674426999827518,84.04849258254904
4.674537396079086,84.04976473402984
4.674569163124812,84.05103668261563
4.674647767373157,84.05103668261563
4.67467619591773,84.05230842835499
4.674824229957036,84.05357997129644
4.6748533683368585,84.05485131148848
4.674908195791543,84.0561224489796
4.674994878834772,84.05739338381825
4.67515383593458,84.05866411605292
4.675238081868918,84.05866411605292
4.675319506359462,84.05866411605292
4.675357648670986,84.05993464573204
4.675479142853191,84.05993464573204
4.675630178084386,84.05993464573204
4.675699352495596,84.05993464573204
4.67585549801151,84.06120497290405
4.675944112686984,84.06247509761734
4.675972426148121,84.06374501992032
4.676046544281631,84.06501473986137
4.6760742361421865,84.06501473986137
4.676123675933695,84.06628425748885
4.676516000745298,84.06755357285111
4.676523314784184,84.06755357285111
4.6766394111037295,84.0688226859965
4.676778509236972,84.07009159697331
4.676920638210031,84.07136030582988
4.677057395692946,84.07262881261448
4.677260470648661,84.07389711737537
4.67744015728188,84.07389711737537
4.677692653394453,84.07389711737537
4.677840932503225,84.07516522016084
4.677900442562433,84.07643312101911
4.677903438575118,84.07770081999841
4.677906206256158,84.07896831714694
4.677941778407629,84.08023561251294
4.678069258521332,84.08150270614453
4.678176431086474,84.08150270614453
4.678251846044032,84.08150270614453
4.678268044107214,84.08276959808994
4.67833381009661,84.08276959808994
4.678507103029781,84.08403628839726
4.6786335335962885,84.08530277711466
4.678741817623611,84.08656906429026
4.678985292674525,84.08783514997215
4.679040975570856,84.08910103420844
4.67924610588307,84.09036671704717
4.6792573582458825,84.09163219853643
4.679420183884985,84.09289747872425
4.6796287533446925,84.09416255765866
4.679755207764456,84.09542743538768
4.679768356837789,84.0966921119593
4.679773111496745,84.09795658742148
4.679858483928049,84.09795658742148
4.679954200051426,84.09922086182223
4.679989899509192,84.10048493520948
4.680089786185727,84.10174880763115
4.680554647011235,84.1030124791352
4.680686961985638,84.10427594976952
4.680689509323828,84.10553921958197
4.680700045678727,84.10680228862047
4.681058179009325,84.10680228862047
4.681095783660172,84.10680228862047
4.681458102196661,84.10680228862047
4.681471002569622,84.10806515693285
4.681507412756836,84.10806515693285
4.68157820095296,84.10932782456698
4.681730138043526,84.10932782456698
4.681797994568096,84.11059029157066
4.681842164420119,84.11185255799174
4.681850768460017,84.11311462387799
4.6820345758383075,84.11311462387799
4.682114119241564,84.1143764892772
4.682210300066413,84.11563815423715
4.682213569160638,84.11689961880559
4.682243785868686,84.11816088303026
4.682362484883559,84.11816088303026
4.6824930883841915,84.11942194695887
4.6825298578307315,84.12068281063915
4.682544950904657,84.12194347411877
4.682690330804449,84.12320393744542
4.68274585172471,84.12446420066676
4.682836997546484,84.12572426383046
4.682887939926281,84.12698412698413
4.683084927825565,84.12824379017539
4.683222944168027,84.12950325345183
4.683242752926747,84.12950325345183
4.683324419825809,84.13076251686107
4.683401674216899,84.13202158045065
4.683428063173735,84.13328044426814
4.68347172375019,84.1345391083611
4.68353826712138,84.13579757277702
4.683630400999,84.13705583756345
4.684371329435183,84.13831390276786
4.684441574749959,84.13957176843775
4.684616416029128,84.13957176843775
4.684905896720165,84.14082943462057
4.685015489467731,84.14082943462057
4.685053623373291,84.14208690136378
4.685183310313037,84.14334416871482
4.6852085098802805,84.1446012367211
4.685227792051136,84.14585810543004
4.685319638651925,84.14711477488903
4.685532977207829,84.14837124514544
4.685724563155983,84.14962751624662
4.685921196102266,84.15088358823995
4.686064817521655,84.15213946117274
4.686248546449241,84.1533951350923
4.6863112638574,84.15465061004596
4.686659516882697,84.15590588608096
4.686713789266315,84.15716096324462
4.686909574728366,84.15841584158416
4.6869098748203415,84.15967052114684
4.687101469418999,84.15967052114684
4.687238516647233,84.16092500197988
4.687276258324146,84.1621792841305
4.687411188793522,84.1621792841305
4.6874486694112445,84.1634333676459
4.687552417106042,84.16468725257323
4.687722215305608,84.16594093895971
4.687756165031901,84.16594093895971
4.687865137088524,84.16719442685245
4.687954934537619,84.16844771629857
4.687996276522977,84.16970080734527
4.688268587649442,84.17095370003958
4.688280401780263,84.17220639442861
4.688578059604438,84.17345889055947
4.688849221063532,84.1747111884792
4.688969209265849,84.17596328823484
4.689056531864869,84.17721518987342
4.689133880592576,84.17846689344198
4.689290001078065,84.17846689344198
4.689525820035749,84.1797183989875
4.689543942568781,84.18096970655698
4.6896044072017755,84.18096970655698
4.689811424125225,84.1822208161974
4.689887779999048,84.1822208161974
4.689959422556894,84.1822208161974
4.689984985313139,84.18347172795572
4.690201864353305,84.18472244187886
4.690212208279132,84.18597295801375
4.690264875963932,84.18597295801375
4.690587181411608,84.18722327640734
4.69078522943859,84.18847339710649
4.690966273947138,84.18972332015811
4.691170427232771,84.19097304560904
4.691233383889817,84.19097304560904
4.691399195703045,84.19222257350617
4.691453857109853,84.19347190389631
4.69192965725876,84.19472103682631
4.691998524030455,84.19472103682631
4.692319355997783,84.19472103682631
4.692532583251617,84.19596997234294
4.692586205683158,84.19721871049305
4.692612570057383,84.19846725132338
4.692661135063574,84.19846725132338
4.69269213997358,84.19971559488071
4.69272652215899,84.2009637412118
4.692788661256467,84.2009637412118
4.692839265533277,84.20221169036336
4.692932239793176,84.20345944238213
4.692991879997902,84.2047069973148
4.6930508100689545,84.20595435520809
4.6933816583612,84.20720151610865
4.693431097390394,84.20844848006317
4.693815570403955,84.20969524711826
4.6938470686801805,84.21094181732059
4.693908239464831,84.21218819071676
4.69400425973374,84.21218819071676
4.69407784633198,84.21343436735339
4.694097972591461,84.21468034727704
4.69411731227121,84.21592613053429
4.694190151417517,84.21717171717171
4.69469018143642,84.21841710723585
4.694770325114549,84.21966230077324
4.694808952830189,84.22090729783037
4.694921962783025,84.22215209845378
4.695045542889592,84.22339670268991
4.695310938111143,84.22464111058527
4.6953352721197,84.22588532218629
4.695749638488353,84.22712933753942
4.6958117408702575,84.22837315669112
4.695950399612119,84.22961677968775
4.69598223878214,84.23086020657573
4.696226342348798,84.23086020657573
4.696254503937077,84.23210343740145
4.696431067642699,84.23334647221127
4.696450707647212,84.23458931105155
4.69658961918583,84.23583195396863
4.69659277897608,84.23707440100883
4.696725078170517,84.23831665221846
4.696866608323436,84.23955870764381
4.696893152051309,84.24080056733118
4.696899343667722,84.24204223132682
4.6970563904030795,84.24328369967698
4.697225793309318,84.24452497242791
4.697257283139371,84.24576604962584
4.697576542834534,84.24700693131695
4.697615138055832,84.24824761754746
4.697646810089146,84.24948810836352
4.697743747490757,84.25072840381132
4.6977925404404415,84.25196850393701
4.697834378304764,84.2532084087867
4.698158329537573,84.25444811840656
4.698158453946691,84.25568763284264
4.6982364001947285,84.25692695214106
4.698296733605349,84.25692695214106
4.698413246565424,84.25692695214106
4.69849808240034,84.25816607634789
4.698499133264462,84.25940500550921
4.6985783182272645,84.25940500550921
4.6986931468195365,84.26064373967105
4.698898245271621,84.26188227887944
4.698900757409671,84.26188227887944
4.699182399157838,84.26188227887944
4.699188039709687,84.26312062318043
4.6993693217201065,84.26435877261999
4.69945332610784,84.26435877261999
4.6994815306030215,84.26559672724412
4.699536217086996,84.2668344870988
4.699611987159198,84.26807205223
4.699638949300261,84.26807205223
4.69972450156976,84.26930942268366
4.700079879655403,84.2705465985057
4.700089476463605,84.27178357974205
4.70020058766523,84.27302036643863
4.70024177826871,84.27425695864129
4.700241964630518,84.27425695864129
4.700328605225073,84.27425695864129
4.70035268596406,84.27549335639594
4.700384662555189,84.27672955974843
4.700436885051925,84.27672955974843
4.700439241530224,84.27796556874459
4.700477515613953,84.27920138343028
4.700535822678851,84.27920138343028
4.700542037982083,84.28043700385129
4.700695327258068,84.28167243005345
4.700766764975407,84.28290766208252
4.70092000252944,84.28414269998429
4.700933097881213,84.2853775438045
4.701207022471179,84.28661219358894
4.701210804143449,84.2878466493833
4.701335882120755,84.2890809112333
4.701378993828261,84.29031497918467
4.701514932939165,84.29154885328308
4.701704568769269,84.29278253357417
4.701880314876078,84.29401602010365
4.702126610814188,84.29401602010365
4.702277717015116,84.29524931291715
4.70231076288616,84.29524931291715
4.702501392665522,84.2964824120603
4.702571531199306,84.2977153175787
4.702611660638814,84.29894802951797
4.7026707473628075,84.3001805479237
4.7028336833336555,84.3001805479237
4.702850065422618,84.30141287284144
4.702855697818455,84.30264500431677
4.702910402668329,84.30387694239523
4.7029287111827385,84.30510868712234
4.703014331698743,84.30634023854363
4.703139376183652,84.30757159670459
4.7031748193116,84.30880276165071
4.70329375340331,84.30880276165071
4.703323501626663,84.31003373342747
4.703471010448208,84.31126451208033
4.703525796950553,84.31249509765472
4.7035529530808775,84.31372549019608
4.7037217131713955,84.31495568974982
4.703815434833912,84.31618569636136
4.703839253502469,84.31741551007606
4.703976916564904,84.31864513093932
4.704119915376279,84.31864513093932
4.704162297923292,84.31987455899647
4.704190885691789,84.32110379429288
4.704264570275927,84.32233283687387
4.704567257436808,84.32356168678477
4.704979183886559,84.32479034407085
4.705191578585805,84.32601880877742
4.705279011505697,84.32724708094977
4.7055696277914025,84.32847516063313
4.705627346069665,84.32970304787275
4.705719911868402,84.33093074271389
4.705963699814677,84.33215824520173
4.7059850160160765,84.33338555538148
4.706386943361204,84.33461267329835
4.7068048826838025,84.3358395989975
4.707070168698232,84.33706633252407
4.707082556125544,84.33829287392327
4.7070974915013615,84.33951922324016
4.707243180499293,84.34074538051989
4.707477618560941,84.34074538051989
4.707496315469968,84.34197134580756
4.707532320034435,84.34319711914827
4.707747644561934,84.34442270058709
4.707774505473603,84.34564809016906
4.707811231545942,84.34687328793926
4.707934647174371,84.34809829394271
4.708013181638009,84.34932310822443
4.708354477505208,84.35054773082942
4.708417027812912,84.35177216180267
4.708808607397271,84.35299640118917
4.708962490325991,84.35422044903387
4.709009935037692,84.35544430538174
4.709056272909137,84.35666797027767
4.70912483273762,84.35789144376662
4.709277299406809,84.35789144376662
4.709321081235336,84.35911472589348
4.709666507141077,84.36033781670315
4.709799655065,84.36156071624052
4.71003310630737,84.36278342455043
4.710096890271562,84.36400594167775
4.710129060476407,84.36522826766729
4.710186975619099,84.3664504025639
4.710224043100648,84.36767234641238
4.710390055633675,84.36889409925752
4.7104071163334345,84.37011566114411
4.710499826027695,84.3713370321169
4.710770946148182,84.37255821222067
4.710781464480465,84.37377920150013
4.710825038719253,84.37377920150013
4.711011601579376,84.375
4.711074302535042,84.37622060776502
4.711156584521485,84.37744102483987
4.711208756487698,84.37866125126924
4.7112156177187625,84.37988128709777
4.711510506240649,84.38110113237018
4.711568070292412,84.38232078713104
4.711579741864611,84.383540251425
4.711651580544083,84.38475952529669
4.71169057065735,84.38475952529669
4.711859806949477,84.3859786087907
4.712067798970907,84.3871975019516
4.712116531978332,84.38841620482398
4.7121179106824505,84.38841620482398
4.71248321684987,84.3896347174524
4.712569835447609,84.39085303988138
4.712693125385751,84.39207117215545
4.712710486394043,84.39207117215545
4.712799814091136,84.39328911431916
4.712921269269474,84.39450686641698
4.712921728154832,84.39572442849341
4.713048109596346,84.39572442849341
4.7131650230582185,84.39694180059291
4.7133681737627136,84.39815898275997
4.713381877333812,84.399375975039
4.713435013561471,84.40059277747446
4.713470565390378,84.40180939011074
4.713538158053769,84.40180939011074
4.713660525615784,84.40302581299228
4.713694196166049,84.40424204616345
4.713903954241403,84.40545808966861
4.7139531848044705,84.40667394355216
4.7140765675111425,84.40788960785842
4.714218161941913,84.40910508263174
4.714225437337539,84.41032036791644
4.7143963122993675,84.41153546375682
4.714502084178158,84.41275037019717
4.7146704282346565,84.4139650872818
4.714778448285713,84.41517961505494
4.714913871696366,84.41639395356086
4.715081907325359,84.41639395356086
4.715110787047528,84.41639395356086
4.7151741152326245,84.41760810284379
4.715340800885576,84.41882206294797
4.71546557871578,84.42003583391758
4.715699674344377,84.42124941579685
4.715755754030463,84.42124941579685
4.7160373981186465,84.42246280862996
4.716179991392796,84.42246280862996
4.7161862120602915,84.42367601246106
4.716562943487353,84.42488902733432
4.71660801192449,84.42610185329387
4.716643266317321,84.42610185329387
4.716737458525668,84.42731449038386
4.716756988843174,84.42852693864839
4.7167739162754865,84.42973919813157
4.716812540545468,84.42973919813157
4.71722676233286,84.43095126887748
4.717376167333074,84.43095126887748
4.717389148991128,84.43216315093018
4.717448069807668,84.43337484433376
4.717490618500783,84.43458634913222
4.717643523014323,84.43458634913222
4.717683343791364,84.43579766536965
4.717822683563269,84.43579766536965
4.7178235626612395,84.43700879309003
4.717861976827882,84.43700879309003
4.718075989504765,84.43700879309003
4.71837926620821,84.43821973233739
4.718463612490722,84.43943048315569
4.718495035147245,84.44064104558893
4.71854838695034,84.44185141968106
4.718584444527992,84.44306160547605
4.7187935931606715,84.44427160301781
4.718834770181548,84.44548141235029
4.718840248797931,84.44669103351738
4.718901309236667,84.44790046656298
4.71901793611452,84.44790046656298
4.7190449632545235,84.449109711531
4.719089912873052,84.45031876846525
4.719242703139267,84.45031876846525
4.71928806165614,84.45152763740963
4.719394441498121,84.45273631840796
4.719452522965057,84.45394481150407
4.719624423821274,84.4551531167418
4.719646222640765,84.45636123416492
4.719652529696243,84.45756916381723
4.71969638924835,84.45877690574248
4.719714579863578,84.45998445998445
4.719798161589966,84.4611918265869
4.719940459598341,84.46239900559354
4.720017370233661,84.46239900559354
4.7200368147039535,84.46239900559354
4.720647044126346,84.46239900559354
4.720706332574868,84.46360599704809
4.720793168913365,84.46481280099425
4.720866473987419,84.46481280099425
4.720880096245754,84.46601941747572
4.7209057736855815,84.46601941747572
4.72096591515018,84.46722584653618
4.721360579589582,84.4684320882193
4.721395606398737,84.46963814256873
4.7213968722322885,84.47084400962808
4.7213993046358915,84.47084400962808
4.721448473912123,84.472049689441
4.721677418996596,84.47325518205109
4.721731711248163,84.47446048750194
4.721798832005816,84.47566560583715
4.722009919371074,84.47687053710028
4.722196682616764,84.47687053710028
4.7221986139271905,84.47807528133488
4.7222666738903865,84.4792798385845
4.722298257678844,84.48048420889268
4.72233086387016,84.48168839230293
4.722334915099701,84.48168839230293
4.722392148592914,84.48289238885872
4.722707661730324,84.48409619860357
4.722779951446782,84.48529982158095
4.722817437925846,84.48650325783431
4.722871500956055,84.48770650740713
4.723038732278933,84.4889095703428
4.723198520984003,84.4889095703428
4.7233023057702255,84.49011244668476
4.723546100580422,84.49131513647643
4.723636030110739,84.49251763976119
4.723832110465119,84.49371995658241
4.723886469945956,84.49492208698348
4.724003323102221,84.49612403100775
4.724076037097295,84.49732578869855
4.724206269999346,84.4985273600992
4.724445066254306,84.49972874525304
4.724569806825118,84.50092994420335
4.7247701738563,84.50213095699341
4.724799721497282,84.50333178366651
4.7248001579893755,84.5045324242659
4.725118364421909,84.50573287883483
4.72516917704063,84.50573287883483
4.725179802412796,84.50693314741653
4.725255015467792,84.50693314741653
4.725620928114106,84.50813323005421
4.725676439474835,84.5093331267911
4.725790787936677,84.51053283767038
4.725827010620784,84.51173236273523
4.725849218367223,84.51173236273523
4.72644526594265,84.51293170202881
4.7266979141193,84.51413085559427
4.726715879777249,84.51413085559427
4.7270309155264645,84.51532982347476
4.727050387704767,84.5165286057134
4.727142160860914,84.51772720235331
4.72715243945914,84.51772720235331
4.727280135916112,84.51892561343757
4.727545462978502,84.52012383900929
4.727756944325411,84.52132187911153
4.727765679329374,84.52251973378733
4.728161412773384,84.52251973378733
4.728185194398786,84.52371740307979
4.728199549446709,84.52491488703188
4.728224559141151,84.52491488703188
4.728514097461214,84.52611218568666
4.728556246784796,84.52730929908712
4.728777594256695,84.52850622727624
4.728947186070651,84.52970297029702
4.729087096623588,84.53089952819244
4.729217240649566,84.53089952819244
4.7292686160576345,84.5320959010054
4.7293033127512505,84.5332920887789
4.72931852000556,84.5332920887789
4.7293725466239,84.53448809155583
4.7294098800527,84.53568390937912
4.729498424934994,84.53687954229163
4.729562075415251,84.5380749903363
4.7296048514898255,84.53927025355597
4.7296126292826575,84.5404653319935
4.7296501813747485,84.5404653319935
4.7297401151324445,84.54166022569176
4.7299915776933545,84.54285493469357
4.7301608638310935,84.54404945904173
4.730180914822038,84.54524379877908
4.7301997271279275,84.54524379877908
4.730251136380318,84.54643795394838
4.730255889084544,84.54643795394838
4.730300880585118,84.54763192459245
4.730347387158294,84.54763192459245
4.730362699652892,84.54882571075402
4.730523982083184,84.55001931247585
4.730565171678201,84.55121272980071
4.730586242822918,84.55240596277129
4.730614503727523,84.55359901143034
4.730701243678383,84.55479187582053
4.730708923538592,84.55598455598455
4.730730337811969,84.5571770519651
4.730746745450652,84.55836936380481
4.731055391014159,84.55956149154636
4.731064112850413,84.55956149154636
4.731190396442013,84.56075343523236
4.731233488483789,84.56194519490545
4.731270244897914,84.56194519490545
4.731314890314433,84.56313677060821
4.731630289787996,84.56432816238328
4.731681186896014,84.5655193702732
4.731808294934795,84.56671039432055
4.731874514396246,84.5679012345679
4.7319903303819535,84.5679012345679
4.732001093972813,84.5690918910578
4.732243644081719,84.57028236383273
4.732246072219075,84.57147265293527
4.732367329538896,84.57147265293527
4.732390555772759,84.57147265293527
4.732609540125073,84.5726627584079
4.732674500622049,84.5738526802931
4.732689799705928,84.57504241863334
4.73273403181441,84.57504241863334
4.732843923405165,84.57623197347111
4.732928101817864,84.57623197347111
4.732992269284775,84.57742134484886
4.733008094996912,84.57861053280901
4.733117516670804,84.57979953739398
4.733242953332332,84.58098835864621
4.733431821642666,84.58217699660808
4.733448779261519,84.58336545132198
4.733670598253718,84.58455372283028
4.733749730738736,84.58574181117534
4.733775293864859,84.58574181117534
4.733886450556315,84.58692971639951
4.733939930647203,84.58811743854511
4.7340683402203325,84.58930497765449
4.734288129693221,84.59049233376994
4.7345308059760605,84.59049233376994
4.734588322171121,84.59167950693374
4.734652830448831,84.5928664971882
4.734683151267743,84.5928664971882
4.734828326010304,84.59405330457557
4.7348341330985555,84.5952399291381
4.734901569249034,84.59642637091805
4.73497724540503,84.59761262995764
4.7351150007151706,84.59879870629909
4.735170805034893,84.5999845999846
4.735390182160481,84.60117031105636
4.735462876505482,84.60235583955655
4.735515945565871,84.60354118552733
4.7355348809343525,84.60354118552733
4.735604068084086,84.60472634901085
4.735724739652111,84.60591133004927
4.7359005364499644,84.60709612868467
4.736093247016443,84.6082807449592
4.73612593783237,84.60946517891497
4.736388853128912,84.60946517891497
4.736493042987182,84.61064943059404
4.736571932264666,84.61183350003847
4.736612617865871,84.61301738729036
4.736639920440888,84.61301738729036
4.736829473883226,84.61301738729036
4.736873210826404,84.61301738729036
4.73689288868408,84.61420109239172
4.736915592778775,84.61420109239172
4.736939771198805,84.61538461538461
4.73700411350761,84.61656795631104
4.737046810148995,84.61775111521305
4.737051678698681,84.61893409213258
4.737583871150826,84.62011688711166
4.7377298824360565,84.62129950019224
4.737816424179331,84.62248193141627
4.737867968547246,84.62366418082571
4.737871784216802,84.62484624846248
4.7379264551489415,84.62602813436851
4.738027660739634,84.6272098385857
4.738274443927487,84.62839136115593
4.738284274794181,84.62957270212111
4.738285158304966,84.62957270212111
4.738301695756492,84.63075386152309
4.738368615175307,84.63075386152309
4.738401762636087,84.63193483940373
4.738554063706728,84.63311563580484
4.7387653104207565,84.63429625076829
4.738842534072765,84.63547668433587
4.738892751291493,84.63547668433587
4.738974321601223,84.63665693654939
4.739182774907155,84.63783700745064
4.739270180678188,84.63783700745064
4.739350760781114,84.6390168970814
4.739790195409899,84.64019660548345
4.739883919366282,84.64137613269851
4.740006519747681,84.64255547876833
4.740040374764637,84.64373464373465
4.7400447480095,84.64491362763916
4.740057651957108,84.64609243052357
4.740091465963684,84.64727105242957
4.7404016354665455,84.64844949339884
4.740410774880085,84.64962775347303
4.740550732865796,84.65080583269379
4.740580213960801,84.65198373110276
4.740629601141459,84.65198373110276
4.740733473703398,84.65316144874156
4.740756894748826,84.6543389856518
4.740814901355007,84.65551634187509
4.7408445706641915,84.65669351745301
4.740888187458973,84.65669351745301
4.740903304911616,84.65787051242712
4.741011430299658,84.65787051242712
4.741024638063117,84.659047326839
4.741059592619433,84.66022396073018
4.741084705357576,84.66022396073018
4.741158174477861,84.66140041414218
4.7411776042682,84.66257668711657
4.741282290533481,84.66375277969482
4.741432714764292,84.66492869191842
4.741654236247806,84.66610442382887
4.741682137388916,84.66727997546765
4.741822832261332,84.66845534687619
4.742080296070298,84.66963053809596
4.742101587365773,84.67080554916839
4.742115557392179,84.67198038013488
4.742621260998234,84.67315503103686
4.742659883223591,84.67432950191571
4.742726997469047,84.6755037928128
4.742989078237353,84.67667790376953
4.743024344331593,84.67785183482725
4.743041834585677,84.67785183482725
4.7431574989733996,84.67902558602727
4.743169547015222,84.68019915741095
4.743223730420909,84.68019915741095
4.743421873871153,84.68137254901961
4.74345445113756,84.68254576089453
4.743608901229763,84.68371879307705
4.7436274417412765,84.68489164560839
4.743818639404694,84.68489164560839
4.743869186724132,84.68606431852986
4.7441720609171,84.6872368118827
4.744224663000477,84.68840912570816
4.744276002154933,84.68958126004746
4.744284003403162,84.69075321494182
4.744341064358608,84.69192499043245
4.744392768019657,84.69309658656053
4.744433026903269,84.69426800336726
4.744451086933397,84.69543924089379
4.744571292926847,84.69543924089379
4.744636263394283,84.69661029918127
4.744727185650554,84.69661029918127
4.744965842395991,84.69778117827084
4.745018651509953,84.69895187820366
4.745029425942166,84.7001223990208
4.745085561965206,84.7012927407634
4.745244325954332,84.7012927407634
4.745367445000164,84.7012927407634
4.745587997048648,84.70246290347254
4.745653734211303,84.7036328871893
4.746075981652563,84.70480269195473
4.746120537776236,84.7059723178099
4.746174194827768,84.70714176479585
4.746225684132111,84.70714176479585
4.746327157711753,84.70831103295359
4.746350446614504,84.70948012232415
4.746437262852828,84.71064903294855
4.746685060102061,84.71181776486776
4.746861293208793,84.71181776486776
4.746880528004879,84.71298631812274
4.74692010917136,84.71298631812274
4.74698275930372,84.7141546927545
4.747068337520071,84.71532288880398
4.747238573055788,84.71649090631209
4.747315472711111,84.71765874531978
4.747408505411493,84.71882640586797
4.747899669553569,84.71882640586797
4.74794136549301,84.71999388799756
4.7480187058173655,84.71999388799756
4.74805521608949,84.72116119174943
4.748442630242401,84.72232831716447
4.748518235142959,84.72349526428353
4.748652314193876,84.72466203314748
4.748893308903182,84.72582862379716
4.748899389450394,84.7269950362734
4.748997887316949,84.72816127061698
4.749017384987422,84.72932732686876
4.749195582472516,84.73049320506948
4.749262840306466,84.73165890525995
4.7492699882270815,84.7328244274809
4.749351554205749,84.73398977177314
4.749446183350209,84.73398977177314
4.749546769800627,84.73515493817739
4.7496763743351575,84.73631992673434
4.749814032485533,84.73748473748473
4.7498598090996165,84.73864937046929
4.749878165767525,84.73981382572867
4.749890879167807,84.74097810330358
4.750081283029685,84.74214220323466
4.750205437599418,84.74330612556258
4.750265135131841,84.74330612556258
4.750335076809004,84.744469870328
4.7504189645465695,84.74563343757151
4.750519212580312,84.74679682733374
4.750666042137609,84.7479600396553
4.750718050548526,84.74912307457679
4.750908643942094,84.75028593213877
4.751152640336537,84.75144861238182
4.751256470147441,84.7526111153465
4.751285717991955,84.7526111153465
4.751286103736461,84.75377344107333
4.751394122999405,84.75493558960287
4.751445548689096,84.7560975609756
4.751705371651032,84.7560975609756
4.751845694487667,84.75725935523208
4.751962195516016,84.75725935523208
4.751997015079564,84.75842097241274
4.752193616700248,84.75842097241274
4.752309139742509,84.7595824125581
4.752364677239923,84.76074367570862
4.752421158897615,84.76190476190476
4.7525238682847775,84.76306567118695
4.752642774856004,84.76422640359564
4.752647519081109,84.76538695917124
4.752704597534471,84.76654733795415
4.752735496780077,84.76770753998477
4.752820358261794,84.76886756530348
4.752823658983862,84.77002741395066
4.7529038788271745,84.77118708596664
4.752948085756785,84.77234658139182
4.753005440789266,84.77350590026647
4.7531053058577175,84.77466504263094
4.753218162742824,84.77582400852553
4.753705867683031,84.77698279799057
4.753740541844352,84.77814141106629
4.7537416927374245,84.779299847793
4.75374439923527,84.779299847793
4.75384411801724,84.779299847793
4.7541697548289825,84.78045810821094
4.754325067396771,84.78161619236037
4.754690455897628,84.78277410028153
4.754803920973071,84.7839318320146
4.754835766352352,84.78508938759984
4.754863214192011,84.78624676707743
4.754933809965391,84.78740397048756
4.754971633665788,84.78740397048756
4.755057859365081,84.7885609978704
4.755103849589452,84.7897178492661
4.755295326984068,84.79087452471484
4.755308816096112,84.79203102425672
4.75534364480569,84.79318734793188
4.7553470497526975,84.79434349578044
4.755438566396121,84.79549946784249
4.755559950511657,84.79665526415812
4.75567436121707,84.79781088476742
4.755715863113907,84.79896632971042
4.755722590602204,84.80012159902721
4.7559329592047215,84.80127669275781
4.755947630146949,84.80243161094225
4.755983759194763,84.80358635362055
4.7560036093690785,84.80358635362055
4.756450379668863,84.8047409208327
4.756472904109472,84.8058953126187
4.756718151634065,84.80704952901853
4.756758839318783,84.80820357007217
4.756946260633169,84.80935743581954
4.757023388425785,84.8105111263006
4.757069786334163,84.81166464155528
4.757138849420198,84.81281798162351
4.757214168412198,84.81281798162351
4.757272939517605,84.81397114654517
4.757455064720415,84.81512413636018
4.757620413399218,84.81627695110842
4.757622060833469,84.81742959082973
4.75793430436532,84.81858205556398
4.758126135083327,84.81858205556398
4.758126849893006,84.81973434535104
4.758226938223817,84.82088646023072
4.758283047419461,84.82203840024285
4.758304933629273,84.82319016542723
4.758351111218448,84.82434175582367
4.758505782677915,84.82549317147192
4.758538488140571,84.8266444124118
4.758590293586825,84.82779547868306
4.758608111703952,84.82894637032543
4.758876915324633,84.83009708737865
4.758894078705057,84.83124762988244
4.758919135976612,84.83239799787654
4.758932522370742,84.83354819140062
4.759034076074077,84.83469821049438
4.759199142769119,84.83584805519752
4.7593738672819885,84.83699772554965
4.759458628061376,84.83814722159048
4.759619802733385,84.83929654335961
4.7596324874145655,84.84044569089669
4.759721911918694,84.84044569089669
4.759769591833285,84.84159466424133
4.760001094084916,84.84159466424133
4.760127965642451,84.84274346343312
4.760180315875284,84.84274346343312
4.760414899817435,84.84389208851168
4.760481517167957,84.84504053951656
4.760642002377815,84.84618881648734
4.760898662291475,84.8473369194636
4.760931531575865,84.84848484848484
4.761191613092388,84.84963260359063
4.761204843624627,84.85078018482048
4.761260615691182,84.8519275922139
4.761368355496462,84.85307482581035
4.761502152366643,84.85422188564937
4.7615767473716275,84.85536877177042
4.761700777862354,84.8565154842129
4.762085261596527,84.8565154842129
4.762091360370477,84.85766202301636
4.762138344682476,84.85880838822015
4.762403709838079,84.85995457986374
4.762509583185359,84.85995457986374
4.762661682636745,84.86110059798652
4.762804120857059,84.8622464426279
4.762804453092836,84.8633921138273
4.76283721122074,84.86453761162403
4.762888435693923,84.86568293605751
4.7629170884619425,84.86682808716706
4.762985262563661,84.86797306499206
4.7631195095347,84.8691178695718
4.7632386312086386,84.8702625009456
4.763259104711752,84.8714069591528
4.763349369660007,84.87255124423267
4.7633681483477615,84.87369535622447
4.763394619986468,84.87483929516752
4.763534818995966,84.87598306110102
4.763585731598259,84.87712665406427
4.763671792249871,84.87827007409648
4.763676746971852,84.87941332123687
4.76374173756801,84.88055639552464
4.763861092656854,84.88055639552464
4.763879742354279,84.88169929699902
4.763967509024836,84.88284202569916
4.764031334983663,84.88284202569916
4.764048241446148,84.88398458166428
4.764107886541041,84.8851269649335
4.764257313338425,84.88626917554598
4.764270183762051,84.88741121354087
4.764343985563322,84.8885530789573
4.764359431718781,84.88969477183439
4.764544438027033,84.89083629221122
4.76463703432813,84.89083629221122
4.764744902761688,84.8919776401269
4.76487871344761,84.89311881562051
4.764938919835479,84.89311881562051
4.765003966763919,84.89425981873111
4.765012952414668,84.89540064949777
4.765017732367748,84.89654130795952
4.7650291089907295,84.8976817941554
4.765036296545092,84.89882210812443
4.765162475035973,84.89882210812443
4.765250244752215,84.89996224990563
4.765260008195129,84.90110221953798
4.765288392078957,84.90224201706047
4.765428315876939,84.90338164251207
4.7655104727241735,84.90338164251207
4.765867556511178,84.90452109593177
4.7660640820358395,84.90566037735849
4.76621450276882,84.90566037735849
4.766336030595608,84.90566037735849
4.766459921467095,84.90679948683119
4.7666884330326385,84.90793842438877
4.766760785542086,84.90907719007016
4.766823043746629,84.91021578391428
4.7668696241787245,84.91021578391428
4.766984188447267,84.91021578391428
4.7669863860867485,84.91135420596001
4.767283031300026,84.91249245624623
4.767300362731476,84.9136305348118
4.767354403728833,84.9136305348118
4.76736619336249,84.91476844169557
4.767457848621918,84.91590617693642
4.767531744930673,84.91704374057315
4.767633532574776,84.9181811326446
4.767793923944461,84.91931835318957
4.767815877198472,84.91931835318957
4.767940870752835,84.92045540224686
4.768003453926071,84.92159227985525
4.768180684967654,84.92159227985525
4.76840827208077,84.92272898605351
4.768453497764549,84.92386552088045
4.768470084815475,84.92386552088045
4.76863935561505,84.92500188437477
4.76876033375952,84.92613807657521
4.768957836604256,84.92613807657521
4.768991572737679,84.92727409752054
4.769272932498226,84.92840994724943
4.7692856864140065,84.92954562580061
4.769333833736903,84.93068113321279
4.769381865025614,84.9318164695246
4.769548117369153,84.9318164695246
4.769744362934107,84.93295163477474
4.769784602063496,84.93408662900188
4.7698474683416965,84.93522145224465
4.769926536935457,84.93635610454169
4.769981621797264,84.93749058593161
4.7700784302133306,84.93862489645304
4.770380454359142,84.93975903614458
4.771026692195218,84.93975903614458
4.771213266852729,84.93975903614458
4.771418777748841,84.9408930050448
4.7715673158954885,84.94202680319229
4.771745989808782,84.94316043062561
4.771768368106835,84.94429388738331
4.771886657911595,84.94542717350396
4.771917962021149,84.94656028902604
4.771929720166732,84.9476932339881
4.772061550065907,84.9476932339881
4.772073156688468,84.94882600842865
4.772203179262016,84.94995861238618
4.7722696760022565,84.95109104589918
4.772367255830831,84.95222330900609
4.77244541080986,84.95335540174541
4.7725213526492505,84.95448732415556
4.772585369195663,84.95561907627501
4.772654701230478,84.95675065814216
4.772675709691993,84.95675065814216
4.773000265784122,84.95788206979543
4.773615595879232,84.95788206979543
4.774027601183978,84.95901331127322
4.774104171084444,84.95901331127322
4.774151345265181,84.96014438261392
4.774457862275837,84.96127528385593
4.774517941778401,84.96127528385593
4.77457924258614,84.9624060150376
4.774579494018674,84.9624060150376
4.7745909971160865,84.96353657619727
4.774629626808076,84.96466696737332
4.774743051796342,84.96579718860407
4.774792214058425,84.96692723992784
4.774804272091178,84.96805712138294
4.774805459299594,84.96918683300767
4.774821920682896,84.97031637484031
4.7748499668062285,84.97144574691914
4.7748721903444995,84.97144574691914
4.775136124103848,84.97257494928245
4.77531410042071,84.97370398196844
4.775368632375222,84.9748328450154
4.775754707545948,84.97596153846155
4.775771377644571,84.97709006234507
4.776099590239661,84.97709006234507
4.77612514523294,84.97821841670422
4.77623239869094,84.97934660157716
4.776338580323331,84.9804746170021
4.776369706680198,84.9816024630172
4.776376911302416,84.9816024630172
4.7766459138067585,84.98273013966062
4.776680264905977,84.98385764697049
4.7766847433099455,84.98498498498499
4.776771327712996,84.98611215374221
4.776810242532435,84.98723915328029
4.776840139722872,84.98723915328029
4.7769470333178745,84.98836598363731
4.777222890904482,84.9894926448514
4.777279712228309,84.9906191369606
4.7773266780352195,84.991745460003
4.777418894361391,84.991745460003
4.777563130656118,84.99287161401666
4.777570853437568,84.99399759903962
4.777949357840996,84.9951234151099
4.777998685981672,84.99624906226556
4.778291378468305,84.99624906226556
4.7783541334499136,84.99737454054458
4.778391187577201,84.998499849985
4.778480234547132,84.99962499062477
4.778487078491682,85.00074996250187
4.77865321238161,85.00187476565429
4.778887495841344,85.00299940011998
4.779049713824929,85.00299940011998
4.7790647134633,85.00412386593686
4.779212612203679,85.0052481631429
4.779347563478709,85.0052481631429
4.779371290621129,85.006372291776
4.779442777240057,85.00749625187406
4.779548498147349,85.008620043475
4.779564147127449,85.0097436666167
4.7795991780708444,85.01086712133703
4.779602151880579,85.01199040767386
4.779603339555209,85.01199040767386
4.779658829032935,85.01311352566503
4.779836429401471,85.01423647534841
4.7799525738011095,85.01535925676183
4.7799649242653475,85.01648186994306
4.780071227776086,85.01760431492997
4.780125182874663,85.0187265917603
4.780164595624856,85.01984870047188
4.780170761165757,85.02097064110245
4.780202001640286,85.0220924136898
4.780259809056735,85.02321401827167
4.780358139281687,85.02433545488582
4.780367583552463,85.02545672356993
4.780402418399206,85.02657782436177
4.780508925869259,85.02769875729899
4.780557667108925,85.02881952241934
4.780602824083555,85.02994011976048
4.780604033623462,85.03106054936008
4.780756655798914,85.0321808112558
4.780790030400263,85.0333009054853
4.780790269160784,85.0344208320862
4.780829982175306,85.03554059109615
4.780920940485879,85.03666018255275
4.781388833053226,85.0377796064936
4.7814753789962126,85.03889886295632
4.781539408237758,85.03889886295632
4.781718999987456,85.04001795197846
4.781761539528153,85.04113687359761
4.7817744060908085,85.04225562785132
4.781805280743397,85.04337421477715
4.781867295811116,85.04449263441262
4.781868409575738,85.04561088679527
4.781878806740918,85.04672897196261
4.781913388794869,85.04784688995215
4.782418509337107,85.04896464080137
4.782455164654178,85.05008222454777
4.782538559688407,85.05119964122879
4.78254081297138,85.05231689088191
4.782574768161375,85.05343397354459
4.782670053368889,85.05343397354459
4.782678809549331,85.05455088925422
4.782693019580215,85.05566763804828
4.782782831623416,85.05678421996413
4.782868830296087,85.05790063503922
4.783107749721689,85.05790063503922
4.783163469979165,85.05901688331092
4.783175826674787,85.06013296481662
4.783288647253815,85.06124887959366
4.783316255938803,85.06236462767944
4.78337809485144,85.06236462767944
4.78364943209736,85.06348020911128
4.783725944390413,85.06459562392652
4.7840284065855405,85.06571087216248
4.784094493585693,85.0668259538565
4.78411033257393,85.06794086904584
4.784243964935754,85.06905561776782
4.784583870308941,85.07017020005972
4.784614029702719,85.0712846159588
4.784775515743869,85.07239886550232
4.784779701337032,85.07351294872751
4.784863821647059,85.07462686567165
4.785259843337253,85.0757406163719
4.785968209206997,85.0757406163719
4.785983785227531,85.0757406163719
4.786044045613195,85.07685420086554
4.786069320897969,85.07796761918974
4.786147410422134,85.07796761918974
4.786250015499741,85.07908087138168
4.786311807140801,85.08019395747856
4.786377463816866,85.08130687751752
4.786728940326742,85.08241963153577
4.786737327996909,85.08241963153577
4.786747595950771,85.0835322195704
4.7868297229571395,85.0835322195704
4.787014217727869,85.08464464165858
4.787126912242111,85.08575689783744
4.787166756975632,85.08686898814406
4.787233488220243,85.08798091261556
4.787260960344523,85.08798091261556
4.787474547502408,85.08909267128905
4.787483845837698,85.09020426420159
4.787627077607406,85.09131569139024
4.78765143696399,85.09242695289207
4.78765377257387,85.09353804874414
4.787678291105735,85.09464897898346
4.787797839333114,85.09575974364706
4.78793258247437,85.09687034277198
4.787945352125354,85.0979807763952
4.787950515659617,85.09909104455372
4.787986393162351,85.09909104455372
4.788654970688594,85.09909104455372
4.788701709546265,85.10020114728451
4.788837355898375,85.10020114728451
4.788989773760959,85.10131108462456
4.7889956058279814,85.1024208566108
4.789034425491396,85.1024208566108
4.7891228182767485,85.10353046328021
4.789140403273798,85.1046399046697
4.78917598472733,85.1057491808162
4.789253444748711,85.10685829175665
4.789290762905371,85.10796723752793
4.7893860100370125,85.10907601816693
4.789399299897349,85.10907601816693
4.789557269248731,85.11018463371055
4.789657854488554,85.11129308419564
4.78971591340463,85.11240136965907
4.789835171930815,85.11240136965907
4.790430917215101,85.1135094901377
4.790601653023169,85.11461744566834
4.791042332914997,85.11572523628786
4.791141517756635,85.11683286203305
4.791300104238151,85.11683286203305
4.791376271349386,85.1179403229407
4.791641339585459,85.11904761904762
4.791650172407763,85.1201547503906
4.791720000100664,85.1212617170064
4.792090443123313,85.1223685189318
4.792134899780489,85.12347515620351
4.79220145028255,85.12347515620351
4.792230895288952,85.12458162885831
4.792309520992406,85.12458162885831
4.792347599815525,85.12568793693292
4.792437804272273,85.12679408046404
4.7924572542814525,85.12790005948841
4.792568105718704,85.12790005948841
4.792635351464667,85.12900587404269
4.792725955201017,85.12900587404269
4.792772889114497,85.13011152416357
4.792870796371122,85.13121700988773
4.792889033238883,85.13232233125187
4.792973075417346,85.13342748829258
4.793054851392843,85.13453248104653
4.79316866104532,85.13563730955035
4.79322085067746,85.13674197384067
4.793568109907285,85.13784647395407
4.793593878524853,85.13784647395407
4.793831172473059,85.13784647395407
4.794002179923909,85.13895080992718
4.794011832113351,85.14005498179657
4.794274514124105,85.14115898959881
4.794322705456141,85.14115898959881
4.794577856885962,85.14115898959881
4.794578100055117,85.14226283337048
4.79473802412396,85.14226283337048
4.794748908799884,85.14336651314812
4.794928444798071,85.14447002896829
4.795153251992315,85.14447002896829
4.7954729132470275,85.14447002896829
4.795495440313638,85.1455733808675
4.795508741105058,85.1455733808675
4.795554845441951,85.14667656888228
4.795611159234259,85.14777959304915
4.795726593148723,85.14888245340461
4.7958568787999605,85.14998514998516
4.79587464388934,85.15108768282722
4.796068432793976,85.15219005196734
4.796073487759064,85.15329225744192
4.796090455187551,85.1543942992874
4.796129503100956,85.15549617754027
4.796139368215026,85.1565978922369
4.796172000304097,85.15769944341372
4.796222359236962,85.15880083110716
4.796313047297787,85.15990205535357
4.796536293052138,85.16100311618935
4.796595015674159,85.16210401365086
4.796877880966392,85.16210401365086
4.7970069002528195,85.16320474777447
4.797148119005092,85.16430531859655
4.797208889886119,85.16540572615338
4.797248007057442,85.16650597048134
4.797300508670692,85.16760605161673
4.797411297103682,85.16870596959585
4.797450231966897,85.16980572445499
4.797548793052918,85.17090531623043
4.797663970809892,85.17200474495849
4.797696635759713,85.17310401067536
4.797876089506055,85.17420311341735
4.798087234834416,85.17530205322068
4.798155345839653,85.17640083012155
4.798195475959881,85.17749944415623
4.798248382031714,85.1785978953609
4.798276139623718,85.17969618377177
4.798552654900268,85.17969618377177
4.798678447790589,85.18079430942501
4.79869711310405,85.18189227235682
4.798793176612662,85.18299007260335
4.79879701787231,85.18299007260335
4.798854443114158,85.18408771020076
4.798862531442857,85.18518518518519
4.7988802109464395,85.18518518518519
4.7989655183161135,85.18628249759277
4.798985327697199,85.18628249759277
4.79899448467523,85.18737964745964
4.799062258029376,85.1884766348219
4.799144450302287,85.18957345971565
4.799148761742223,85.19067012217697
4.799449413384981,85.19176662224197
4.799575765440396,85.1928629599467
4.7997333177799835,85.19395913532722
4.7998984019742315,85.19505514841957
4.799967752870218,85.19615099925981
4.799996787997747,85.19724668788395
4.800279753366239,85.19834221432801
4.800326117291532,85.19834221432801
4.800345419218498,85.199437578628
4.800353540819883,85.199437578628
4.800448596465785,85.2005327808199
4.800460134793715,85.20162782093969
4.800463468858497,85.20162782093969
4.800709765947724,85.20272269902338
4.8011344877643785,85.2038174151069
4.801166920377269,85.20491196922622
4.801168691326888,85.20491196922622
4.801362147567441,85.20600636141727
4.801427773268095,85.20710059171599
4.801438310326319,85.20819466015827
4.801537334588802,85.20928856678006
4.801752223346977,85.21038231161725
4.8017865814768,85.21147589470571
4.801812233161281,85.21256931608133
4.801922390479009,85.21366257577998
4.802116255755302,85.2147556738375
4.80224893875415,85.2147556738375
4.802276355158685,85.21584861028977
4.802280986063798,85.21694138517259
4.802324295736786,85.2180339985218
4.802415285355977,85.21912645037321
4.802446652618788,85.21912645037321
4.802681025323784,85.22021874076263
4.80295735676904,85.22131086972585
4.802986277748942,85.22240283729865
4.803086014503331,85.22240283729865
4.803133534792039,85.2234946435168
4.803155942021344,85.2234946435168
4.8031582806442055,85.22458628841608
4.803375681980883,85.22458628841608
4.803549907231102,85.2256777720322
4.803637108073786,85.2256777720322
4.803675202816563,85.22676909440095
4.803704915645267,85.22676909440095
4.80379679752118,85.22786025555801
4.8039226014254695,85.22895125553914
4.803928791958701,85.23004209438002
4.804070376486378,85.23113277211638
4.804269359508718,85.23222328878387
4.804328333317348,85.23222328878387
4.804373361373977,85.23331364441819
4.804518680818865,85.234403839055
4.804534780143273,85.234403839055
4.804600007885082,85.23549387272996
4.804684560491964,85.2365837454787
4.80469297703163,85.23767345733687
4.804784815653632,85.23767345733687
4.8047974900077675,85.23767345733687
4.805079228323142,85.2387630083401
4.80520900906002,85.2387630083401
4.805243228802444,85.23985239852398
4.8053046828231025,85.23985239852398
4.805314075016968,85.23985239852398
4.805373872654985,85.23985239852398
4.8055507823153265,85.24094162792414
4.805608444647409,85.24203069657615
4.805616255525662,85.2431196045156
4.805917839008547,85.24420835177807
4.805924371014792,85.24529693839912
4.806064295977701,85.24529693839912
4.806079932706092,85.24638536441428
4.806202469688369,85.24747362985912
4.806219133053399,85.24856173476914
4.806325490436383,85.24964967917988
4.806412819115183,85.25073746312685
4.806592301778646,85.25073746312685
4.806627556791539,85.25182508664552
4.806781147192986,85.25291254977142
4.806842196654907,85.25291254977142
4.806874888582547,85.25399985253999
4.807028534274354,85.25508699498673
4.807196066460746,85.25617397714707
4.807305480399428,85.25726079905647
4.807321468639581,85.25834746075034
4.807361091876962,85.25943396226415
4.807365290466342,85.26052030363329
4.8074072129038665,85.26160648489315
4.807553174622667,85.26269250607913
4.807758620178235,85.26377836722664
4.8077959652558855,85.26486406837103
4.807806469551733,85.26594960954766
4.8079711809316095,85.2670349907919
4.808027932900544,85.26812021213907
4.808094135415484,85.26920527362452
4.808097465596171,85.27029017528355
4.808149477077391,85.27137491715149
4.808211652304443,85.27245949926362
4.80864980140295,85.27354392165525
4.808699973292177,85.27462818436166
4.808700319983361,85.27462818436166
4.808844437470169,85.27571228741809
4.808881007592526,85.27679623085983
4.8088971646700935,85.27788001472211
4.8090065694882105,85.27896363904019
4.809064320770368,85.28004710384927
4.80906725849585,85.28113040918458
4.80942305031513,85.28221355508133
4.809493791220709,85.28221355508133
4.809574774253457,85.28329654157469
4.809648165292788,85.28329654157469
4.809662166730935,85.28437936869987
4.809812996488503,85.28546203649205
4.809934529519917,85.28654454498638
4.809951020796411,85.28762689421804
4.810025850275521,85.28762689421804
4.81006362322091,85.28870908422213
4.81007081427376,85.28979111503384
4.81008399156976,85.29087298668824
4.810192584698824,85.29195469922047
4.810266439766545,85.29303625266563
4.810312293996876,85.29411764705883
4.810334358347392,85.29519888243512
4.810644922088831,85.29519888243512
4.810799572711791,85.29627995882959
4.8108180149765865,85.29627995882959
4.810923379993709,85.29627995882959
4.81116502829106,85.2973608762773
4.8111799980800205,85.29844163481329
4.81120873656127,85.29952223447262
4.811271873740905,85.30060267529032
4.8114895338365455,85.30168295730138
4.811496477572833,85.30276308054086
4.811622418010503,85.30276308054086
4.811873844377142,85.30384304504372
4.812027364561993,85.30384304504372
4.812184728907086,85.30492285084496
4.812190530417791,85.30600249797958
4.8123040054189845,85.30600249797958
4.812555468985002,85.30708198648252
4.812648213052894,85.30816131638875
4.812692307968566,85.30924048773322
4.812715332843711,85.31031950055088
4.812767171483757,85.31139835487662
4.812797654714851,85.3124770507454
4.812979462939547,85.3135555881921
4.813001125025601,85.31463396725162
4.813033812661562,85.31571218795888
4.813050318571607,85.31571218795888
4.813140629823157,85.31679025034873
4.813245479992539,85.31679025034873
4.81341839648971,85.31786815445602
4.813577670824863,85.31894590031564
4.813650382560594,85.32002348796242
4.813716376872427,85.3211009174312
4.813837304892889,85.3211009174312
4.814160933318065,85.3221781887568
4.814691641114738,85.3221781887568
4.815317180932354,85.32325530197402
4.815481825702461,85.32325530197402
4.8155042030024555,85.32325530197402
4.815505595850021,85.32325530197402
4.81552774016743,85.32325530197402
4.815554644043881,85.3243322571177
4.815627360742528,85.3243322571177
4.815876671170803,85.32540905422262
4.815912068006037,85.32540905422262
4.815931193644531,85.32648569332355
4.815956472665688,85.32648569332355
4.816001266591624,85.32648569332355
4.816113481697279,85.32756217445528
4.816147880954872,85.32863849765259
4.8161565307169845,85.3297146629502
4.8162218850487335,85.33079067038287
4.816235137495003,85.33186651998534
4.8162398438627045,85.33186651998534
4.816402429513565,85.33294221179231
4.816679132199815,85.33401774583854
4.816725006861088,85.33509312215868
4.816731539410933,85.33616834078744
4.817035086245793,85.33724340175954
4.817107241804054,85.3383183051096
4.81742155448302,85.3393930508723
4.817466849336204,85.34046763908232
4.817723360270489,85.34154206977426
4.817862570624108,85.34261634298278
4.817863051597498,85.3436904587425
4.818049128120105,85.344764417088
4.818224945383946,85.34583821805393
4.818226982668328,85.34583821805393
4.8183743304649385,85.34691186167484
4.818578000275144,85.34798534798534
4.818698123444052,85.34905867702
4.818699463298935,85.35013184881336
4.818701691850664,85.35120486339999
4.8187283562153915,85.35227772081441
4.8187502679404295,85.35335042109118
4.818821706153747,85.35335042109118
4.818843825381962,85.35442296426478
4.81893496632151,85.35549535036976
4.818959071558347,85.35656757944062
4.81897924891701,85.35656757944062
4.819418658271734,85.35763965151182
4.819456338410478,85.35871156661786
4.819493334055805,85.3597833247932
4.819660254046633,85.36085492607232
4.8196616915755115,85.36192637048964
4.819811456234456,85.36299765807962
4.819816141042105,85.3640687888767
4.819844155381171,85.36513976291526
4.8198506015992555,85.36621058022975
4.820305068853295,85.36621058022975
4.8203179916512555,85.36728124085455
4.820333709746433,85.36835174482405
4.820446059699469,85.36835174482405
4.820562629305882,85.36942209217264
4.820660053842499,85.37049228293469
4.820698485627505,85.37156231714454
4.820828583097015,85.37263219483654
4.82122222416212,85.37370191604505
4.821462408111197,85.37477148080438
4.821531870478561,85.37477148080438
4.821634523849791,85.37584088914886
4.821648837408826,85.37691014111282
4.821653037929284,85.37797923673051
4.821786325473223,85.37904817603626
4.821788994067167,85.38011695906432
4.82183184429728,85.38118558584898
4.822040865253089,85.3822540564245
4.8221479658827855,85.3822540564245
4.822278408360306,85.38332237082511
4.822286974072876,85.38439052908507
4.822341726440935,85.38545853123858
4.8224587514765185,85.3865263773199
4.822462352197593,85.3875940673632
4.822568461123757,85.3875940673632
4.82269308044111,85.38866160140269
4.82281435738616,85.38866160140269
4.8228219374128605,85.38972897947257
4.822836306211053,85.39079620160702
4.8229870362279215,85.39186326784018
4.82303512920509,85.39293017820626
4.823109012674184,85.39399693273936
4.823191138209815,85.39506353147364
4.823215659049685,85.39612997444323
4.823229200446754,85.39719626168224
4.82327293246139,85.39826239322478
4.82328792323138,85.39932836910498
4.823305486386633,85.40039418935689
4.82338298521312,85.40145985401459
4.823431627852007,85.40252536311218
4.82346316395564,85.40252536311218
4.823908645124754,85.40252536311218
4.824009023281116,85.4035907166837
4.824062348248919,85.4046559147632
4.824079157523531,85.4057209573847
4.824087135985191,85.40678584458227
4.824095751170327,85.40678584458227
4.824180557177442,85.4078505763899
4.8242797990942075,85.40891515284162
4.82446769698051,85.40997957397141
4.824553591639505,85.40997957397141
4.824682924221072,85.41104383981326
4.824684462491989,85.41210795040116
4.824697791367188,85.41317190576909
4.824710080995151,85.41423570595099
4.8247484800229685,85.41529935098082
4.824769220853334,85.41636284089252
4.8248143216387795,85.41742617572001
4.825022874686481,85.41848935549723
4.82511819405838,85.41955238025808
4.8251288929364495,85.41955238025808
4.825320820361723,85.42061525003645
4.825590303832687,85.42167796486625
4.825818706412674,85.42274052478133
4.82601158102655,85.42380292981561
4.826053762957419,85.42486518000291
4.8261399387572155,85.42486518000291
4.826616967821001,85.4259272753771
4.826619974423007,85.4259272753771
4.8266296909813775,85.42698921597201
4.826756484895532,85.42805100182149
4.826821330808224,85.42911263295935
4.826870168184886,85.43017410941938
4.826929599121218,85.43123543123544
4.82693240785272,85.43229659844125
4.827157080827422,85.43335761107065
4.827254560245506,85.43441846915738
4.827481733896045,85.43547917273521
4.827627924671946,85.43653972183792
4.828044499122452,85.4376001164992
4.82825059244528,85.43866035675282
4.828383714078554,85.43972044263249
4.8285974769609314,85.44078037417194
4.82868632049074,85.44184015140486
4.828988919721527,85.44184015140486
4.82905721412189,85.44289977436495
4.829219881120422,85.44395924308587
4.829518013132391,85.44501855760134
4.829760779508134,85.44501855760134
4.829907641239454,85.44607771794499
4.829970038172965,85.44713672415047
4.82998840305174,85.44819557625145
4.830021131546703,85.44925427428156
4.830178080075926,85.45031281827441
4.830220217432521,85.45137120826361
4.830333876322887,85.45242944428281
4.830367822128226,85.45348752636556
4.83038836692997,85.45454545454545
4.8304925199987565,85.45560322885608
4.830574447028326,85.45560322885608
4.830586651294546,85.456660849331
4.83059038498876,85.45771831600378
4.8307518620722405,85.45877562890796
4.830874802654948,85.45983278807707
4.830906095638448,85.46088979354464
4.830993540251226,85.46194664534418
4.831084763865596,85.46300334350924
4.831232046687276,85.46405988807327
4.831249401426145,85.46511627906976
4.831354242346524,85.46617251653223
4.831427975037247,85.46722860049411
4.831563269691484,85.46828453098888
4.831669567681926,85.46934030805
4.831675817914317,85.47039593171087
4.831931455697376,85.47145140200494
4.832144805363312,85.47250671896565
4.832167140053542,85.47250671896565
4.832194010376709,85.47250671896565
4.832210371897547,85.47356188262638
4.832295620909857,85.47356188262638
4.832592117283935,85.47461689302055
4.83259853033561,85.47461689302055
4.832704153065839,85.47567175018156
4.832863850565066,85.47672645414276
4.832934890931249,85.47778100493755
4.8329710103529475,85.47883540259929
4.832976782011499,85.47988964716133
4.833098353669298,85.48094373865699
4.833209454692419,85.48199767711962
4.8332295285666,85.48305146258257
4.833335358670295,85.48410509507912
4.833402973854858,85.48515857464257
4.833436661741372,85.48621190130625
4.833531786187323,85.48726507510341
4.833652147311401,85.48831809606735
4.8336920486768,85.4893709642313
4.833963010819128,85.49042367962856
4.834011892704004,85.49042367962856
4.83421205694485,85.49147624229234
4.834235895700142,85.49252865225591
4.834279277110109,85.49358090955248
4.834290337587137,85.49463301421525
4.834700214831494,85.49463301421525
4.834923308027256,85.49568496627747
4.834929065887378,85.4967367657723
4.835071426753887,85.49778841273294
4.835334197930546,85.49883990719258
4.835408925071121,85.49989124918437
4.835419311105272,85.50094243874148
4.835505258151413,85.50199347589707
4.835533601348701,85.50304436068426
4.835849956470389,85.50409509313619
4.835984847627714,85.50514567328598
4.836026760488522,85.50619610116675
4.836118130709984,85.5072463768116
4.836214675783964,85.5072463768116
4.8362174000624805,85.5082965002536
4.836261964738921,85.50934647152587
4.836278757196492,85.50934647152587
4.836373539362704,85.51039629066145
4.836376631445345,85.51144595769343
4.836461607886707,85.51249547265483
4.836472007125114,85.51354483557874
4.836536170209731,85.51459404649815
4.836651334028792,85.51564310544612
4.836741575560328,85.51669201245564
4.836793040359856,85.51774076755973
4.836968725690486,85.51774076755973
4.836986163649488,85.51774076755973
4.837035406472789,85.51774076755973
4.837038289236101,85.5187893707914
4.837046857084719,85.5198378221836
4.837106219103922,85.52088612176935
4.837154037859333,85.52193426958158
4.83733023738122,85.52193426958158
4.83737409067157,85.52298226565328
4.8373787455247985,85.52298226565328
4.8377336251018335,85.52403011001736
4.837889889329901,85.5250778027068
4.838006773881688,85.52612534375453
4.838022363998655,85.52612534375453
4.838114229056493,85.52717273319342
4.838163701734833,85.52717273319342
4.83819997951983,85.52821997105644
4.838516552284259,85.52926705737646
4.838540162224015,85.53031399218636
4.838566322184076,85.53031399218636
4.838767978632527,85.53136077551906
4.838806724835978,85.5324074074074
4.838860798927793,85.53345388788426
4.838885729527157,85.53450021698251
4.838944271155688,85.53450021698251
4.839024323752517,85.53450021698251
4.839145645681535,85.53554639473494
4.839263619352687,85.53659242117443
4.839408978151458,85.53659242117443
4.839544216268937,85.5376382963338
4.83956468485003,85.5376382963338
4.839572477103025,85.5376382963338
4.839615241078452,85.53868402024585
4.839620927857197,85.53972959294339
4.8396990141484455,85.53972959294339
4.839824396012219,85.54077501445923
4.839901639085001,85.54182028482614
4.839928877229412,85.54182028482614
4.840030525624811,85.5428654040769
4.840044906208658,85.5439103722443
4.840177985056581,85.5439103722443
4.840434433243411,85.54495518936108
4.840600368899232,85.54599985546
4.840638883617155,85.54704437057377
4.840826188582433,85.54808873473517
4.840856608436375,85.54913294797689
4.8410120060232,85.55017701033162
4.841551078212737,85.55122092183211
4.841583342120628,85.55226468251101
4.842030688261051,85.55330829240104
4.842085319116069,85.55435175153485
4.842090581111104,85.55435175153485
4.842097580828326,85.5553950599451
4.842194171843298,85.55643821766448
4.842206258708172,85.55748122472559
4.842250092937508,85.5585240811611
4.842256432401851,85.5585240811611
4.842588226141687,85.5595667870036
4.842901430633085,85.5595667870036
4.843341366292403,85.56060934228576
4.843472608626403,85.56060934228576
4.843528693903239,85.56165174704013
4.843573137980737,85.56269400129935
4.843623325381377,85.563736105096
4.843629943866019,85.563736105096
4.84366104227554,85.56477805846265
4.8436868681311065,85.56581986143186
4.843715272097698,85.56686151403623
4.8437621835992,85.56790301630826
4.8438281984328375,85.56894436828054
4.8441075339865005,85.56998556998558
4.844135761217538,85.57102662145589
4.844150343493814,85.572067522724
4.844182768556128,85.57310827382241
4.844545623919488,85.57414887478362
4.84469251778966,85.5751893256401
4.844832267594886,85.57622962642435
4.844879870734905,85.57726977716882
4.844912265374674,85.57830977790597
4.844927813370672,85.57934962866825
4.844958890638193,85.57934962866825
4.845027857645919,85.57934962866825
4.845101401896917,85.57934962866825
4.84515258678699,85.57934962866825
4.845234079019248,85.5803893294881
4.845244272317657,85.58142888039795
4.845292366608626,85.58246828143022
4.845315093050756,85.5835075326173
4.845375433194544,85.58454663399164
4.84545027763368,85.58558558558559
4.8454546485982535,85.58558558558559
4.845604654428308,85.58662438743153
4.845616567900389,85.58766303956187
4.845660929572706,85.58870154200893
4.845668126586218,85.58870154200893
4.845682657565919,85.5897398948051
4.845786981245798,85.5907780979827
4.845819619434978,85.5918161515741
4.8459826534238575,85.5918161515741
4.8461021661411845,85.59285405561158
4.846241839606989,85.59285405561158
4.846300753735406,85.5938918101275
4.84658508828091,85.59492941515413
4.846685741164828,85.5959668707238
4.84676125531719,85.59700417686878
4.846761939529382,85.59804133362138
4.846814613329399,85.59907834101382
4.846868747138934,85.59907834101382
4.8469778576430285,85.6001151990784
4.8470187054493215,85.6001151990784
4.847107954066928,85.60115190784737
4.847133795952927,85.60115190784737
4.847342372857173,85.60115190784737
4.847417139825239,85.60218846735296
4.847540711282178,85.60322487762741
4.847718738836198,85.60426113870294
4.847811997589485,85.60529725061178
4.847850057848506,85.60633321338611
4.84801878484505,85.60736902705814
4.848057346067161,85.60840469166007
4.848213631474294,85.60944020722407
4.848346635290364,85.60944020722407
4.848434742296474,85.60944020722407
4.848583045503062,85.61047557378228
4.849027365799292,85.61151079136691
4.8491658038486,85.61254586001007
4.8492298436566665,85.61358077974393
4.849284811595087,85.61461555060059
4.849300720688882,85.6156501726122
4.849304182482069,85.61668464581086
4.849430791796154,85.61668464581086
4.849646734117944,85.61771897022868
4.849685252877887,85.61771897022868
4.849884449950648,85.61875314589776
4.8499404492154214,85.61978717285015
4.849947550106538,85.61978717285015
4.850428805658331,85.62082105111799
4.850620307841803,85.62082105111799
4.850751468872718,85.62185478073329
4.850753267321618,85.62288836172813
4.85085438505173,85.62392179413456
4.850931157000181,85.62495507798462
4.850978664376011,85.62495507798462
4.851041768430962,85.62598821331034
4.851104974925024,85.62702120014373
4.851106671986767,85.62805403851681
4.851163850307128,85.62908672846159
4.851198865673113,85.63011927001007
4.851282417696702,85.63115166319419
4.851555876750101,85.63115166319419
4.851800314675128,85.63218390804597
4.851861220268299,85.63218390804597
4.851899740786638,85.63218390804597
4.852271708547067,85.63321600459737
4.852299256939619,85.63321600459737
4.852324489023032,85.63321600459737
4.852328134741914,85.63424795288034
4.852738192232248,85.6352797529268
4.852806169651017,85.63631140476875
4.852907126392095,85.63734290843806
4.852923766286888,85.63837426396668
4.852938309961513,85.63940547138652
4.85296927305315,85.64043653072947
4.853005621986127,85.64146744202743
4.853070544789027,85.64249820531228
4.853207675615412,85.64249820531228
4.853247402051445,85.64249820531228
4.853378080898027,85.64352882061588
4.853472375226991,85.64455928797014
4.85365727304393,85.64558960740688
4.853677925158384,85.64661977895794
4.853748846230406,85.64661977895794
4.854025726882601,85.6476498026552
4.854194457941955,85.64867967853043
4.854311692827837,85.64970940661549
4.854533491710635,85.64970940661549
4.854779368954472,85.65073898694217
4.8547796660675475,85.6517684195423
4.854833591731049,85.65279770444764
4.854990588160963,85.65382684168998
4.855107807257038,85.6548558313011
4.855111443041322,85.65588467331278
4.855157972551379,85.65691336775674
4.855164627398417,85.65794191466476
4.8551952793076785,85.65897031406855
4.855349725218721,85.65999856599986
4.855515936898321,85.66102667049039
4.855695376479456,85.66205462757188
4.8557119888138525,85.66308243727599
4.855738524759584,85.66411009963444
4.8558505859914725,85.6651376146789
4.85588465402607,85.66616498244105
4.855920867289419,85.66719220295256
4.8559237133005055,85.66821927624507
4.8561763206649395,85.66924620235025
4.856242265013517,85.66924620235025
4.856361853768114,85.66924620235025
4.856452817698119,85.67027298129972
4.856588663625294,85.67129961312509
4.856610672374282,85.672326097858
4.8567142511438135,85.672326097858
4.856887528427166,85.67335243553008
4.857234659067812,85.67437862617291
4.857346759513904,85.67540466981808
4.857449719148623,85.67643056649717
4.857476631554707,85.67745631624176
4.857509000652444,85.67745631624176
4.857524610103711,85.67848191908342
4.857659173980068,85.6795073750537
4.8576832308214835,85.68053268418416
4.857739563988703,85.6815578465063
4.857778669624936,85.68258286205167
4.857855128731108,85.68360773085183
4.857919004385818,85.68463245293823
4.858245149028666,85.68463245293823
4.858282171368598,85.68463245293823
4.858331869550067,85.6856570283424
4.858544004361524,85.6856570283424
4.8587124691059875,85.68668145709583
4.858755911325345,85.68770573923
4.858772229606244,85.68872987477639
4.858776877924229,85.68975386376646
4.858839617504661,85.69077770623167
4.858900832804625,85.69180140220347
4.858950987642394,85.69282495171329
4.858962777457335,85.69282495171329
4.859000621946318,85.69384835479255
4.859134580972005,85.69384835479255
4.859158464251463,85.6948716114727
4.859162180590196,85.69589472178515
4.859232675746548,85.69691768576129
4.859251266115636,85.69691768576129
4.859314280532517,85.69691768576129
4.8597394753059024,85.69794050343249
4.859838311906654,85.69896317483018
4.859922269495619,85.6999856999857
4.85993750378822,85.70100807893044
4.860001750574106,85.70203031169574
4.860094845096351,85.70305239831296
4.860169147708879,85.70407433881344
4.860186672699449,85.70509613322851
4.860226106218442,85.70509613322851
4.860270426612134,85.70611778158947
4.860334477663548,85.70713928392767
4.860375265843966,85.7081606402744
4.860583530219261,85.7081606402744
4.8609094419680225,85.7081606402744
4.860942084358923,85.70918185066095
4.8609460766358,85.70918185066095
4.861103614735712,85.70918185066095
4.861206365323857,85.7102029151186
4.861302921579555,85.7102029151186
4.861372460748667,85.7102029151186
4.861435788072752,85.7102029151186
4.861623173329714,85.71122383367864
4.861701286368995,85.71122383367864
4.862154700671481,85.71224460637234
4.862154991943046,85.71326523323094
4.86228448925863,85.71326523323094
4.862371203928163,85.71428571428571
4.862676738519799,85.71530604956789
4.862686850790708,85.7163262391087
4.862786078245675,85.7163262391087
4.862903362008747,85.71734628293936
4.862935444374968,85.71836618109113
4.862992376964011,85.71938593359515
4.863225313415162,85.72040554048264
4.863281410832811,85.72142500178482
4.863373139544259,85.72244431753285
4.863642427427382,85.72346348775787
4.863688989039065,85.72448251249108
4.863760714513044,85.72550139176361
4.863790050550057,85.72550139176361
4.863800236857334,85.72550139176361
4.86388239935626,85.72652012560663
4.864056605953728,85.72652012560663
4.864158088678715,85.72753871405125
4.864229922795438,85.72855715712858
4.864269452258919,85.72957545486977
4.864465892278873,85.73059360730593
4.864556728744705,85.73161161446815
4.864566412022452,85.73161161446815
4.864667053761619,85.73161161446815
4.864822962565522,85.73161161446815
4.864834561227245,85.7326294763875
4.865089723621467,85.7326294763875
4.865166433924511,85.73364719309508
4.865333076071735,85.73364719309508
4.865558085269787,85.73364719309508
4.865619500826905,85.73466476462197
4.865753297667098,85.73466476462197
4.865836572020925,85.73568219099921
4.86593921466608,85.73568219099921
4.866019229632378,85.73669947225788
4.86625208540246,85.73771660842901
4.866257089208881,85.73873359954364
4.866457222911713,85.73873359954364
4.867000344416175,85.73975044563281
4.867048222349336,85.7407671467275
4.867074507643141,85.74178370285878
4.867155925236011,85.7428001140576
4.867276183832619,85.74381638035497
4.8672943719955795,85.7448325017819
4.8673848296481195,85.74584847836933
4.867534753780569,85.74686431014823
4.867630325028174,85.74787999714958
4.8677510596773255,85.7488955394043
4.867888083306473,85.74991093694335
4.8681318335060135,85.75092618979767
4.868195692105417,85.75194129799814
4.8681977514923505,85.75295626157572
4.86829735826424,85.75295626157572
4.868307643844218,85.7539710805613
4.868389419619855,85.75498575498575
4.868553627191725,85.75600028488
4.868582381584499,85.75701467027488
4.868684567658359,85.75802891120131
4.86870604718081,85.75904300769011
4.868892798487883,85.76005695977216
4.86899565954527,85.76107076747829
4.869104132051199,85.76107076747829
4.86945013038881,85.76208443083932
4.869471133375614,85.76208443083932
4.869844704899601,85.76208443083932
4.870029650991474,85.7630979498861
4.870285163481828,85.76411132464943
4.870317189526687,85.76411132464943
4.870322443578044,85.76411132464943
4.870415850616298,85.76512455516014
4.87048724347503,85.766137641449
4.870566754419059,85.76715058354682
4.870588286589963,85.76816338148438
4.87080461691835,85.76917603529243
4.870867206452913,85.77018854500179
4.870924000725692,85.77120091064315
4.871181356359468,85.77221313224727
4.8711953611329415,85.77322520984492
4.871407363008293,85.77423714346682
4.871441491643865,85.77524893314367
4.871495603987262,85.77626057890619
4.871616018684792,85.7772720807851
4.872294260215293,85.77828343881106
4.8723447876916115,85.77929465301479
4.872383797466028,85.78030572342695
4.87242630541626,85.7813166500782
4.872470434777603,85.78232743299921
4.872585524693251,85.78333807222064
4.872614261144457,85.78434856777312
4.872631802066569,85.78535891968728
4.872648011443968,85.78636912799375
4.872777687952246,85.78737919272314
4.8730098758850575,85.78838911390606
4.873194343585312,85.78939889157311
4.873262944889557,85.79040852575488
4.8733124296950585,85.79040852575488
4.873401497369799,85.79141801648196
4.873693506489135,85.7924273637849
4.873863818804783,85.79343656769427
4.873892594195684,85.79444562824065
4.873934273751826,85.79545454545455
4.873939509648094,85.79646331936652
4.873945348555543,85.79646331936652
4.873981889459183,85.7974719500071
4.874169052178288,85.7984804374068
4.874194375025864,85.79948878159614
4.874459371103434,85.80049698260561
4.874532344760334,85.80049698260561
4.874654083446317,85.80150504046571
4.874658419488188,85.80251295520694
4.8746695254133625,85.80352072685974
4.87478598077808,85.80452835545461
4.874790201564475,85.80553584102199
4.874809402846257,85.80654318359237
4.874958042066494,85.80755038319614
4.874961970259217,85.80755038319614
4.875033142655757,85.80755038319614
4.875065090303996,85.80855743986376
4.875175227351591,85.80855743986376
4.875180980487115,85.80956435362566
4.875283388782765,85.80956435362566
4.8754708135079525,85.81057112451224
4.875527430054703,85.81157775255392
4.875592516926388,85.81258423778108
4.875729108441458,85.81359058022414
4.875903317663782,85.81459677991347
4.875976796144129,85.81459677991347
4.87619182965535,85.81560283687944
4.8762461722898705,85.8166087511524
4.876324700727562,85.81761452276272
4.876410051750083,85.81862015174076
4.876574255822087,85.81962563811685
4.876622822521084,85.82063098192131
4.8766407495457935,85.82163618318445
4.876738006291987,85.82264124193662
4.876749192164009,85.8236461582081
4.877030151501994,85.8246509320292
4.877242787280704,85.8246509320292
4.877337157496736,85.82565556343019
4.877439797847478,85.82666005244135
4.877522096860397,85.82666005244135
4.87768936613478,85.82766439909297
4.877747716705039,85.8286686034153
4.877790196072414,85.82967266543858
4.877850478348549,85.82967266543858
4.877916368839863,85.83067658519306
4.877928546378726,85.83168036270898
4.8780655211785335,85.83268399801658
4.878226140654895,85.83368749114607
4.878289329174743,85.83469084212763
4.8785390732522185,85.83469084212763
4.8787798616937845,85.8356940509915
4.878810565593782,85.83669711776787
4.878986951928302,85.8377000424869
4.879084246197327,85.83870282517879
4.879104133195786,85.83970546587369
4.879605919031546,85.84070796460178
4.8796947095062855,85.84171032139317
4.879718391125364,85.84171032139317
4.879737686046896,85.84271253627806
4.879741496348176,85.84371460928652
4.87975381171167,85.84471654044872
4.879881686743468,85.84571832979476
4.880090578870727,85.84671997735475
4.8800975663145305,85.8477214831588
4.880468663154771,85.84872284723696
4.880469005011737,85.84972406961936
4.880480276575822,85.85072515033605
4.880535835891709,85.85172608941708
4.880566855002695,85.85272688689255
4.880587787559662,85.85372754279248
4.880812137714152,85.8547280571469
4.880896353142606,85.85572842998586
4.880940452240524,85.85672866133936
4.881058478148818,85.85672866133936
4.881059848626691,85.85772875123745
4.8811897928838714,85.85872869971011
4.881808079148408,85.85972850678732
4.881996029333835,85.86072817249911
4.882250261140571,85.86172769687545
4.882267814263691,85.86272707994628
4.882304052677283,85.86372632174158
4.882353697751823,85.86472542229133
4.882393644993928,85.86572438162544
4.882437126315902,85.86672319977386
4.882466980129165,85.86672319977386
4.882527453627089,85.86772187676654
4.882650547997521,85.86872041263337
4.882724152638712,85.86971880740427
4.882758914438926,85.87071706110915
4.882837175068938,85.8717151737779
4.882988633795949,85.87271314544041
4.88315388519402,85.87371097612657
4.883318214976735,85.87470866586622
4.8834327753542786,85.87570621468926
4.883579706922392,85.87570621468926
4.883705810861512,85.87670362262551
4.883760185839491,85.87770088970484
4.8839110279026965,85.87869801595707
4.883957957860539,85.87969500141203
4.8840430551937555,85.88069184609954
4.884113038350288,85.88168855004942
4.8841378385619025,85.88168855004942
4.884186343222869,85.88268511329146
4.884266316586212,85.88268511329146
4.884327216325355,85.88368153585544
4.884382675393339,85.88467781777119
4.884603391111023,85.88567395906846
4.884676697830083,85.88567395906846
4.884738335553021,85.88666995977701
4.884858816623748,85.88766581992661
4.885145069974892,85.88866153954703
4.8851559287325825,85.88965711866798
4.885205921301957,85.89065255731923
4.8853073574292205,85.89164785553048
4.885410896958334,85.89264301333145
4.885523782439902,85.89363803075187
4.885552322445057,85.89463290782142
4.88558412176114,85.89463290782142
4.88564099665529,85.89463290782142
4.885849499406468,85.89562764456981
4.885970466383756,85.89662224102672
4.886039164649902,85.89761669722184
4.886313259253712,85.8986110131848
4.886463706521359,85.8986110131848
4.886634487158906,85.89960518894529
4.8870902574133295,85.90059922453295
4.887140214790151,85.90159311997743
4.887147066056856,85.90258687530839
4.887232386468064,85.9035804905554
4.887288618371805,85.90457396574811
4.887329001277958,85.90556730091615
4.887358081704507,85.90556730091615
4.887566809462186,85.90656049608907
4.887567026280655,85.9075535512965
4.887855201200664,85.9075535512965
4.8880729682451225,85.90854646656803
4.888154447736135,85.90854646656803
4.88816637746763,85.9095392419332
4.888198275908698,85.91053187742162
4.8883396711153315,85.91152437306283
4.88862039293236,85.91251672888637
4.888743631744512,85.91350894492183
4.888896836792356,85.91450102119867
4.888981024243148,85.91549295774648
4.889277976012743,85.91648475459475
4.889562888454995,85.91747641177298
4.889745014460037,85.91846792931071
4.889818611804297,85.9194593072374
4.889854431401107,85.92045054558254
4.889943378067773,85.92045054558254
4.889997760827799,85.92144164437562
4.890074757904803,85.92243260364609
4.890099410837506,85.92342342342343
4.890264082055656,85.92441410373706
4.890401616986994,85.92540464461646
4.890543551201584,85.92639504609106
4.890566662196907,85.92738530819027
4.890598352668518,85.9283754309435
4.890652779119216,85.92936541438019
4.890726256526155,85.93035525852972
4.89079446631477,85.9313449634215
4.890989866397136,85.9313449634215
4.891298047096259,85.9323345290849
4.891339560140015,85.9333239555493
4.891460307829135,85.93431324284408
4.891507692989643,85.93530239099859
4.8915147996899275,85.93530239099859
4.891754724861939,85.93629140004218
4.891779018158352,85.93728027000422
4.8918711988129955,85.93728027000422
4.891917769244638,85.93826900091402
4.8919490797696605,85.9392575928009
4.892284184772816,85.9402460456942
4.89240657497297,85.94123435962322
4.892531464293766,85.94222253461727
4.892644581640007,85.94222253461727
4.892684261575578,85.94321057070566
4.8927261606977845,85.94419846791763
4.892739926138553,85.9451862262825
4.892964562441394,85.9451862262825
4.893016811352113,85.94617384582953
4.893082988735275,85.94716132658797
4.89309696297627,85.9481486685871
4.893118682897295,85.94913587185611
4.893272831309228,85.95012293642431
4.893375018905973,85.95110986232088
4.893431572539197,85.95209664957505
4.89345862694813,85.95209664957505
4.893532221006739,85.95308329821604
4.893558072393036,85.95406980827305
4.893584875723707,85.95505617977528
4.893593557651127,85.95604241275191
4.893602304982586,85.95702850723212
4.893832799870349,85.9580144632451
4.8941706020404325,85.95900028081999
4.894173532976257,85.95998595998596
4.894272416887331,85.96097150077215
4.8943246968045475,85.96195690320769
4.894378944800192,85.96294216732173
4.894389562164887,85.96392729314339
4.894434940046937,85.96491228070175
4.8944565840863605,85.96491228070175
4.89446456400637,85.96589713002597
4.894789268892938,85.96688184114511
4.894822752306737,85.96786641408826
4.894843810596896,85.96885084888453
4.894952729715015,85.96983514556295
4.895098401551587,85.97081930415264
4.895238223102959,85.97081930415264
4.895505842249852,85.97180332468261
4.8955226914878525,85.97278720718194
4.8956004376029965,85.97377095167964
4.8956034191642654,85.97377095167964
4.89563130195949,85.97475455820476
4.895652054606117,85.97573802678635
4.895938154824168,85.97672135745337
4.896047743577784,85.97770455023486
4.896122954929239,85.97770455023486
4.896176147581059,85.97868760515985
4.8962472900677705,85.97967052225727
4.896276942096543,85.98065330155615
4.896477990336881,85.98065330155615
4.896685191227899,85.98163594308545
4.896685652575307,85.98261844687413
4.896825125773025,85.98360081295115
4.896861046707644,85.98458304134547
4.897193842903726,85.98556513208605
4.897370888923745,85.98654708520179
4.897475599232317,85.98752890072164
4.897540713555924,85.98851057867452
4.897705296341343,85.98949211908932
4.8977702691527405,85.98949211908932
4.897774399817311,85.99047352199496
4.89809392017503,85.99145478742032
4.8981666678278675,85.99243591539431
4.89831740687429,85.99243591539431
4.898321390775296,85.9934169059458
4.898395660668606,85.99439775910365
4.89843904834363,85.99537847489671
4.898548259473939,85.99537847489671
4.898699009262297,85.99537847489671
4.898744589295417,85.99635905335387
4.898764221636299,85.99635905335387
4.89895742240901,85.99733949450396
4.898993378847889,85.9983197983758
4.899013193410357,85.9983197983758
4.899102144778737,85.9983197983758
4.899163225074707,85.99929996499826
4.899178074224434,86.0002799944001
4.899266514612392,86.0012598866102
4.8992927438378135,86.00223964165733
4.899365302927087,86.0032192595703
4.899765835561847,86.00419874037789
4.899766966517736,86.00517808410888
4.899866191235834,86.00615729079205
4.8999598214390305,86.00713636045617
4.900448546282065,86.00811529312999
4.900507824221005,86.00909408884225
4.900595795381576,86.0100727476217
4.900625608825275,86.0110512694971
4.900714025209842,86.01202965449714
4.900771966239544,86.01300790265054
4.900952005993809,86.01398601398601
4.90097190672819,86.01496398853227
4.901010286171251,86.015941826318
4.901176025731544,86.01691952737188
4.9013585924516425,86.01691952737188
4.901539898433498,86.01789709172259
4.901545412740934,86.0188745193988
4.901548670174894,86.01985181042919
4.9015860815899694,86.0208289648424
4.901795893992792,86.02180598266705
4.9022461664153765,86.02180598266705
4.902285115090923,86.0227828639318
4.902372384670488,86.02375960866527
4.902701862204876,86.02473621689609
4.90272756580755,86.02473621689609
4.90276705138632,86.02473621689609
4.902919222367268,86.02571268865287
4.902926590351722,86.02668902396424
4.90299864629296,86.02668902396424
4.903022334139282,86.02766522285874
4.90309653495878,86.028641285365
4.9031250196906635,86.0296172115116
4.90312652268918,86.0296172115116
4.903241719900003,86.03059300132709
4.903315717494187,86.03156865484006
4.9034018925700975,86.03254417207906
4.903464789618753,86.03254417207906
4.903465663481515,86.03351955307262
4.903470442867599,86.03351955307262
4.903474288637344,86.03449479784932
4.903649380653912,86.03546990643764
4.903698002309545,86.03644487886616
4.903794635536532,86.03741971516337
4.903822504640238,86.03839441535777
4.904021255329614,86.03936897947787
4.904178080458465,86.04034340755217
4.9043466638157875,86.04131769960915
4.904347189835636,86.0422918556773
4.904398189817468,86.04326587578507
4.904546760193374,86.04423975996093
4.904607603689425,86.04521350823332
4.904692172951284,86.04618712063072
4.9048126196250506,86.04716059718153
4.904826170485136,86.0481339379142
4.904994802612608,86.04910714285714
4.9051107665326015,86.05008021203878
4.905162403050801,86.05105314548751
4.9051644756998645,86.05202594323174
4.905352105207433,86.05299860529986
4.905644050774432,86.05299860529986
4.905679483310226,86.05397113172025
4.905978346672977,86.05397113172025
4.905999838873697,86.05494352252127
4.906039390729261,86.0559157777313
4.906059598607801,86.0568878973787
4.906071148588822,86.05785988149181
4.906086217430718,86.05883173009899
4.9061677597192555,86.05980344322855
4.906364724761127,86.05980344322855
4.906433677388067,86.06077502090884
4.906442714355229,86.06174646316816
4.906520961021338,86.06271777003485
4.906633321886933,86.06368894153718
4.9068314091960215,86.06368894153718
4.906955561538277,86.06368894153718
4.907117244303748,86.06465997770346
4.907226827432834,86.06563087856198
4.907255756011371,86.066601644141
4.907339056604626,86.066601644141
4.907418501419464,86.06757227446883
4.90747934458386,86.0685427695737
4.907735646499218,86.06951312948388
4.907797155988738,86.06951312948388
4.907826084876493,86.06951312948388
4.9078781354052055,86.0704833542276
4.907889689459053,86.07145344383314
4.907982250990249,86.07145344383314
4.907997654898776,86.0724233983287
4.908009265905964,86.0733932177425
4.908018815099705,86.0733932177425
4.908102517620106,86.07436290210278
4.908219897225337,86.07436290210278
4.908288418995752,86.07533245143773
4.908316192825849,86.07630186577555
4.908324495037686,86.07727114514445
4.908328682067921,86.0782402895726
4.90833523519293,86.07920929908819
4.908389198787228,86.08017817371937
4.908426486702668,86.08114691349434
4.9084751251134024,86.0821155184412
4.908654495986718,86.0821155184412
4.908676675905418,86.08308398858813
4.9086837578796025,86.08308398858813
4.908713324502116,86.08405232396326
4.90885311263374,86.08502052459473
4.908857321267159,86.08598859051064
4.908896558020579,86.08598859051064
4.9089338054090526,86.08695652173914
4.908962937318916,86.0879243183083
4.908977872855849,86.08889198024623
4.908995862100883,86.08985950758102
4.909125463616752,86.09082690034077
4.909395908880973,86.09179415855354
4.909459104615354,86.09179415855354
4.909583808680789,86.09276128224741
4.909738737730399,86.09372827145042
4.909936763675341,86.09469512619064
4.909997547902081,86.09566184649611
4.910357719344737,86.09662843239485
4.910360026020842,86.09662843239485
4.9105038698549635,86.09759488391492
4.910622743946446,86.09856120108431
4.910826723061588,86.09952738393105
4.910877284523284,86.10049343248315
4.910890270684471,86.10145934676859
4.910903129707181,86.10242512681538
4.910955818932863,86.10339077265148
4.911024752970847,86.10339077265148
4.911079414264114,86.10435628430487
4.911111102926815,86.10532166180353
4.9111687143790155,86.10628690517541
4.911217547214401,86.10725201444845
4.911221269764871,86.10821698965061
4.911370014462345,86.10918183080983
4.911820097817395,86.10918183080983
4.911841382398281,86.11014653795402
4.911900625433366,86.11111111111111
4.911929125181623,86.11207555030902
4.9119731159487285,86.11303985557561
4.912116888407106,86.11400402693883
4.912241661922509,86.11496806442655
4.912319335229616,86.11593196806663
4.91244245728731,86.11689573788699
4.912454836166075,86.11689573788699
4.9125576773156485,86.11689573788699
4.912614690207914,86.11785937391546
4.9126816097469845,86.1188228761799
4.912687894469309,86.1188228761799
4.91271100594398,86.11978624470817
4.912720225857257,86.1207494795281
4.913037134326035,86.1207494795281
4.913074444928075,86.1207494795281
4.91315667954717,86.12171258066755
4.913170303886414,86.12267554815432
4.913231905052638,86.12267554815432
4.913394452205598,86.12363838201624
4.913400005986751,86.12460108228112
4.913411687211615,86.12556364897675
4.913511824304764,86.12652608213097
4.913537423838668,86.12748838177153
4.913661487228908,86.1284505479262
4.913671442137052,86.12941258062278
4.91369285477054,86.13037447988904
4.913709465181415,86.13133624575272
4.913921520439563,86.13229787824157
4.913926199093661,86.13325937738334
4.914022233799509,86.13422074320577
4.914127457820558,86.13518197573656
4.914133789679623,86.13614307500347
4.914187973498457,86.13710404103418
4.914344897793296,86.1380648738564
4.914368751127371,86.1380648738564
4.914558013614447,86.13902557349782
4.914778673957095,86.13902557349782
4.914817748226612,86.13998613998614
4.9150161347639685,86.14094657334904
4.9151607114140585,86.14190687361419
4.915195198630307,86.14286704080925
4.915297960356214,86.14286704080925
4.915398747221597,86.1438270749619
4.915405219350635,86.14478697609975
4.915426695202582,86.14574674425049
4.915542222496313,86.14670637944172
4.915562900321794,86.14766588170106
4.915709799558871,86.14862525105616
4.9157946588683625,86.14958448753463
4.915803711976067,86.15054359116404
4.9160430364217405,86.15150256197202
4.916112977383926,86.15246139998615
4.9161699318266106,86.153420105234
4.9162040765366495,86.15437867774315
4.916233474167278,86.15533711754118
4.9162362599302005,86.15533711754118
4.916243865224956,86.15629542465564
4.916297174393317,86.15725359911407
4.916470954813172,86.158211640944
4.916596683115846,86.159169550173
4.916860709481511,86.1601273268286
4.916904188255786,86.16108497093828
4.917031000843065,86.16204248252957
4.917068811921346,86.16299986163
4.917227271160147,86.16395710826703
4.917248584991923,86.16491422246818
4.917420255372378,86.16587120426091
4.917472483748471,86.1668280536727
4.917581736782003,86.16778477073103
4.917753973268039,86.16874135546335
4.9178037606494645,86.16969780789711
4.917880697498483,86.17065412805974
4.917905163764219,86.17161031597871
4.917943229199954,86.17256637168141
4.9179537781868365,86.1735222951953
4.917982331780411,86.17447808654777
4.918056428003553,86.17543374576623
4.918159090045482,86.17638927287807
4.918180576289209,86.1773446679107
4.918495835353187,86.1782999308915
4.918771295176118,86.17925506184784
4.918856644063536,86.18021006080707
4.918948331452355,86.18116492779659
4.9191414545451195,86.18211966284372
4.9192205834150435,86.18307426597582
4.919243334156441,86.18402873722023
4.919327822821967,86.18498307660427
4.919454874208996,86.18593728415527
4.919524640650139,86.18689135990054
4.919592951544037,86.18689135990054
4.919595604415891,86.1878453038674
4.91968436940604,86.1878453038674
4.9198002660460896,86.18879911608315
4.920204985177261,86.18975279657506
4.920230591370509,86.19070634537044
4.920236953415426,86.19070634537044
4.920620548814862,86.19165976249656
4.920705227327273,86.19261304798067
4.920771077912224,86.19356620185006
4.920866605155617,86.19451922413198
4.92094342250104,86.19547211485367
4.921221381712997,86.19642487404238
4.921222673540074,86.19737750172533
4.92122880538481,86.19832999792975
4.921413836140227,86.19928236268287
4.921428469283564,86.20023459601187
4.921613677917634,86.20118669794398
4.921754823123974,86.20213866850638
4.92181856169441,86.20309050772626
4.921834243342007,86.20309050772626
4.921897885572615,86.20404221563082
4.9221288421260905,86.20499379224721
4.922224107882477,86.20594523760259
4.922278274323367,86.20594523760259
4.92229398740231,86.20689655172413
4.922377072319842,86.20784773463899
4.9224960245338085,86.2087987863743
4.922578164004343,86.2087987863743
4.92258570957686,86.20974970695718
4.922827561346538,86.20974970695718
4.922860108422343,86.21070049641479
4.9228612632477295,86.21165115477422
4.923281448974297,86.2126016820626
4.92332129159849,86.21355207830702
4.923455897457326,86.2145023435346
4.923535995278462,86.2145023435346
4.923592062328447,86.21545247777242
4.92365056593988,86.21640248104755
4.923732408701577,86.21735235338708
4.923840906086411,86.21830209481807
4.923873984579828,86.21925170536761
4.924007116444103,86.21925170536761
4.924042395254276,86.22020118506269
4.924124562646959,86.22115053393041
4.924315183354663,86.22209975199779
4.924440659276255,86.22304883929186
4.924538325655903,86.22399779583965
4.9245457526076555,86.22494662166817
4.924647029371747,86.22494662166817
4.9249208639698,86.22589531680441
4.9251499812422095,86.2268438812754
4.925196804869003,86.2268438812754
4.925274983225941,86.2268438812754
4.925275622215265,86.2277923151081
4.925323671216354,86.22874061832955
4.925500973261566,86.22874061832955
4.925608365873382,86.22968879096668
4.925776593363411,86.23063683304647
4.9257816885725765,86.2315847445959
4.925782927296608,86.2325325256419
4.92580431582002,86.23348017621146
4.925858802497985,86.23442769633147
4.925965524890937,86.23537508602891
4.926026025349916,86.23632234533068
4.926070969380418,86.23726947426368
4.92617831725617,86.23821647285487
4.9261805528592735,86.23916334113115
4.9262398657819695,86.24011007911938
4.926342897507045,86.24011007911938
4.926403390080961,86.24105668684645
4.926436925001126,86.24200316433928
4.926572270427851,86.24294951162472
4.92667537544791,86.24389572872963
4.926701284539411,86.24484181568089
4.926805573820897,86.24484181568089
4.926807545117802,86.24578777250534
4.926813313880794,86.24673359922981
4.926851205575919,86.24767929588117
4.9269043586756265,86.24862486248624
4.927241172184714,86.24957029907185
4.927627411173698,86.25051560566479
4.927726564540979,86.25146078229187
4.927769959610766,86.25240582897993
4.927799224157721,86.25240582897993
4.927878050295858,86.25335074575572
4.928040373211105,86.25429553264605
4.9280549722686215,86.25524018967768
4.928109350210347,86.25524018967768
4.928339309494741,86.2561847168774
4.92836153852616,86.25712911427198
4.928374458702932,86.25712911427198
4.9284087238907555,86.25807338188814
4.928505564316875,86.25807338188814
4.928623006580384,86.25901751975266
4.928658820245536,86.25996152789229
4.9287054797815735,86.26090540633372
4.928828376978284,86.26090540633372
4.928998460051367,86.26184915510372
4.929033857671696,86.262792774229
4.929046070770178,86.26373626373626
4.929090814139513,86.26467962365221
4.929405197367546,86.26562285400358
4.929511211583373,86.26562285400358
4.929584493114363,86.266565954817
4.929626578371865,86.266565954817
4.9296302811125425,86.26750892611919
4.929674774775208,86.26845176793684
4.929675138624648,86.26845176793684
4.929981744980213,86.26845176793684
4.930116414891491,86.26939448029658
4.930241332374875,86.2703370632251
4.9303883173462575,86.27127951674905
4.930531994311588,86.27127951674905
4.930532553441584,86.27127951674905
4.930543110199332,86.27222184089504
4.93069341836272,86.27316403568977
4.9307763883619,86.27410610115984
4.930779223948231,86.27504803733187
4.9309406504165985,86.27598984423248
4.931216997314766,86.27693152188829
4.931281033149796,86.27787307032591
4.931483560708915,86.2788144895719
4.931554873654513,86.27975577965287
4.93160984541032,86.28069694059542
4.931637323093504,86.2816379724261
4.931855635036248,86.28257887517147
4.931869241974653,86.2835196488581
4.931882181297305,86.28446029351255
4.931948512645465,86.28540080916135
4.93197059673822,86.28634119583106
4.932054075476645,86.28634119583106
4.932085567358043,86.28634119583106
4.932115868555735,86.28634119583106
4.932180401871601,86.28728145354818
4.9323149234059915,86.28822158233923
4.932507410931912,86.28822158233923
4.93257762375303,86.28916158223076
4.932613143986243,86.29010145324925
4.932816501376548,86.2910411954212
4.933185548050137,86.29198080877313
4.933237686805433,86.2929202933315
4.9332473275676145,86.29385964912281
4.933339745577034,86.2947988761735
4.933352787094762,86.29573797451006
4.933460444599478,86.29667694415896
4.933483914640873,86.29761578514662
4.933501893135991,86.2985544974995
4.933527971353878,86.29949308124401
4.933536236493717,86.3004315364066
4.933548134216554,86.3013698630137
4.9335681662473565,86.30230806109171
4.93371110776075,86.30230806109171
4.93374739349584,86.30324613066703
4.933765234398338,86.30418407176607
4.9338013392196505,86.30418407176607
4.933802142171989,86.30512188441523
4.93398093406225,86.30605956864088
4.9340596489766995,86.30605956864088
4.934088245650854,86.3069971244694
4.934143101906485,86.30793455192716
4.9341906893459955,86.30793455192716
4.934411961559193,86.30887185104052
4.934675861783939,86.30980902183586
4.934750265219297,86.3107460643395
4.9347990197637905,86.31168297857779
4.934850971604063,86.31168297857779
4.934853070888449,86.31261976457706
4.934929503623456,86.31355642236365
4.935066311158181,86.31449295196387
4.935157220847528,86.31542935340404
4.935297123135189,86.31636562671045
4.935325909354395,86.31730177190941
4.935521066973356,86.31823778902724
4.935826095249735,86.31917367809015
4.935906939430729,86.31917367809015
4.936016890166017,86.32010943912448
4.93610564038498,86.3210450721565
4.936274179555421,86.3210450721565
4.936310510175887,86.32198057721241
4.936522904993919,86.32291595431853
4.936730562696893,86.32385120350109
4.936934167959707,86.32478632478633
4.937077675582055,86.32478632478633
4.937107749435427,86.32572131820046
4.9371775978561585,86.32665618376974
4.9372891579491975,86.32759092152037
4.937395280899245,86.32852553147858
4.93743127868224,86.32946001367054
4.9376475379375995,86.32946001367054
4.93778194877604,86.33039436812247
4.937845929768134,86.33132859486058
4.937847916746582,86.33226269391102
4.937909571202479,86.33319666529998
4.9381880403788685,86.33413050905364
4.9384615564996,86.33506422519814
4.938510298009896,86.33599781375965
4.938690904796435,86.33693127476431
4.9387859253343676,86.33786460823826
4.9391012514370365,86.33879781420765
4.939226542442044,86.33973089269858
4.9393035831453,86.33973089269858
4.93938287376946,86.33973089269858
4.9394021253982,86.3406638437372
4.939563398306765,86.3406638437372
4.939793988511013,86.34159666734959
4.939910549096475,86.34252936356187
4.939918595224484,86.34252936356187
4.939919039721465,86.34346193240013
4.940113277491356,86.34439437389048
4.940280542830883,86.34532668805899
4.940299343568778,86.34625887493173
4.940324423617379,86.34719093453478
4.940420915844212,86.3481228668942
4.9405488716603125,86.34905467203605
4.940556849767692,86.34998634998635
4.940588159456525,86.35091790077118
4.9406263878381695,86.35184932441653
4.940684917886364,86.35278062094848
4.940875287187105,86.35371179039302
4.9409086621341105,86.35464283277615
4.940999967647582,86.35557374812389
4.941287705681817,86.35650453646224
4.941338220633344,86.3574351978172
4.941538059370262,86.35836573221471
4.941566354611545,86.35836573221471
4.941588254036083,86.35836573221471
4.941609709447926,86.35836573221471
4.941661124466839,86.35929613968081
4.941759303878956,86.36022642024143
4.941844297259664,86.36115657392253
4.941855573446294,86.36208660075009
4.9420031843841254,86.36208660075009
4.942237266795547,86.36301650075004
4.9424568799482556,86.36301650075004
4.942553340444178,86.36301650075004
4.942790609593783,86.36301650075004
4.942812818232176,86.36301650075004
4.942846606670071,86.36394627394833
4.942910155987324,86.36394627394833
4.943130199061041,86.36487592037088
4.943172774668274,86.36580544004363
4.943262533573531,86.36673483299249
4.943438585398678,86.3676640992434
4.943594915246639,86.3676640992434
4.9437920634357235,86.36859323882224
4.944028050822011,86.36952225175493
4.944108223653619,86.37045113806732
4.944167046125951,86.37137989778535
4.944174917344655,86.37230853093486
4.9442150669153335,86.37323703754173
4.944264588113193,86.37416541763183
4.944275582272635,86.37509367123101
4.944296919004984,86.37602179836512
4.94431371710059,86.37694979906001
4.944348294433404,86.3778776733415
4.944428749400886,86.37880542123544
4.94444935707237,86.37880542123544
4.944524816947664,86.37973304276764
4.944683202915968,86.3806605379639
4.944967588267015,86.38158790685007
4.945074096323633,86.38158790685007
4.945108928372794,86.3825151494519
4.94520115589562,86.38344226579521
4.945216371654265,86.38436925590578
4.945305867198043,86.3852961198094
4.945316699162666,86.38622285753182
4.945365863586405,86.38714946909883
4.945394592801224,86.38807595453616
4.945522561520073,86.38807595453616
4.945728237808609,86.38900231386961
4.945758662403508,86.38900231386961
4.94593443414965,86.38900231386961
4.946085327324564,86.38992854712487
4.946239130026134,86.39085465432771
4.946345435053489,86.39085465432771
4.94647237741245,86.39085465432771
4.946528870533917,86.39178063550385
4.9466760224201405,86.392706490679
4.946678164515074,86.392706490679
4.946852430849464,86.3936322198789
4.946861080102509,86.3936322198789
4.946953914378188,86.39455782312925
4.947133202566351,86.39548330045575
4.947140377925891,86.39640865188409
4.94723293390695,86.39733387743998
4.947512352619344,86.39825897714908
4.947644962618974,86.39825897714908
4.94797446940344,86.39918395103706
4.948174815855651,86.40010879912961
4.9482393756021645,86.40103352145238
4.948405334809427,86.401958118031
4.9484750954825705,86.40288258889115
4.948756704771687,86.40380693405847
4.948875908012234,86.40473115355857
4.949149242629122,86.40473115355857
4.949260103404504,86.40565524741707
4.949281706636154,86.40657921565962
4.949325105811493,86.4075030583118
4.949394013134102,86.4075030583118
4.949439382949143,86.40842677539925
4.949513072887574,86.40935036694754
4.949704665826071,86.40935036694754
4.949728115769593,86.41027383298227
4.949869401707286,86.411197173529
4.949900007511665,86.411197173529
4.949905889247538,86.41212038861336
4.950114418383809,86.41212038861336
4.950179711630767,86.41304347826086
4.950397238640257,86.41396644249711
4.9505855636878175,86.41488928134764
4.950601340921865,86.41581199483801
4.950673446771718,86.41673458299375
4.950786777935813,86.41765704584041
4.951075017499247,86.41857938340351
4.951160187123877,86.41950159570855
4.9512419094119275,86.4204236827811
4.951391303009449,86.42134564464662
4.951406564820531,86.42226748133062
4.951695341151307,86.4231891928586
4.9517119214625875,86.42411077925604
4.951827004737409,86.42503224054843
4.951987931751334,86.42595357676123
4.952011244685435,86.42687478791991
4.952395209854679,86.42779587404995
4.95251129159638,86.42871683517677
4.952512121792378,86.42963767132582
4.952961905009932,86.43055838252256
4.952993039551278,86.43147896879239
4.9530257183992035,86.43239943016077
4.953058844254768,86.43239943016077
4.953217745720995,86.4333197666531
4.953322370611702,86.4333197666531
4.953376443756718,86.43423997829478
4.953693823857018,86.43516006511123
4.953699100976277,86.43608002712784
4.953717571798847,86.43699986437
4.9538049430030835,86.43791957686308
4.953885258780156,86.4388391646325
4.953953533255221,86.43975862770358
4.953990009534824,86.4406779661017
4.954043635739144,86.44159717985221
4.954098812197992,86.44251626898047
4.954309490024072,86.44343523351182
4.9543502526321666,86.4443540734716
4.954372580787525,86.44527278888512
4.954376297203136,86.44619137977772
4.954460024150962,86.44619137977772
4.954556673299245,86.4471098461747
4.954682642795092,86.44802818810136
4.9547820257744,86.44802818810136
4.954826943486409,86.44894640558304
4.955001940564376,86.44894640558304
4.955011221637033,86.44986449864498
4.955012818652927,86.45078246731252
4.955184582985963,86.45170031161089
4.955190957391984,86.4526180315654
4.95519310876288,86.4535356272013
4.955220993996114,86.45445309854385
4.955421593608812,86.45537044561831
4.955465895059855,86.45537044561831
4.955548364280318,86.45537044561831
4.955578391855082,86.45628766844993
4.95565619984093,86.45628766844993
4.955702555057013,86.45720476706393
4.955740879907409,86.45812174148554
4.955786440983598,86.45903859174001
4.955833546399379,86.45995531785255
4.956336062014739,86.46087191984836
4.956524160971886,86.46178839775266
4.956546407097047,86.46270475159064
4.956698622630629,86.46362098138748
4.956859447906469,86.46453708716838
4.956873596720359,86.46545306895852
4.957190916920047,86.46636892678305
4.9572534984138015,86.46728466066716
4.957318544185139,86.46728466066716
4.957369071749171,86.468200270636
4.957450899624423,86.4691157567147
4.9574764594832565,86.47003111892843
4.957646835594,86.4709463573023
4.95769336285147,86.47186147186147
4.957713490005211,86.47186147186147
4.957787834692108,86.47277646263105
4.957879997453085,86.47277646263105
4.957923795560984,86.47277646263105
4.957998079254078,86.47369132963614
4.958031248760328,86.47460607290188
4.958074302503787,86.47552069245334
4.9581392846620895,86.47643518831563
4.958191859034665,86.47734956051386
4.958456645918115,86.47826380907308
4.958638913332053,86.4791779340184
4.958769797952645,86.48009193537483
4.958806474587896,86.4810058131675
4.959045796858475,86.48191956742143
4.959134053750643,86.48283319816167
4.959174210085891,86.48374670541325
4.9592761223185216,86.48466008920124
4.959292850712397,86.48466008920124
4.959391856495433,86.48557334955065
4.9593971425935095,86.48648648648648
4.959726226026294,86.48739950003377
4.959772131455502,86.48831239021753
4.95979415308542,86.48922515706275
4.959923996175972,86.49013780059444
4.959950117363918,86.49105032083756
4.959963499605469,86.49105032083756
4.960065199116131,86.49105032083756
4.960139834819835,86.49105032083756
4.960141331291624,86.4919627178171
4.960254472381602,86.4919627178171
4.960270348562983,86.49287499155804
4.960334210177692,86.49378714208535
4.960386115704175,86.494699169424
4.960388593369424,86.49561107359892
4.960473530581803,86.49652285463507
4.960862591167795,86.49652285463507
4.961026343626478,86.49652285463507
4.961064989212653,86.49743451255738
4.9614150584345795,86.49834604739081
4.961494959965744,86.49925745916025
4.961650756601055,86.50016874789065
4.961713837634823,86.50107991360692
4.96183476903718,86.50199095633394
4.961842904882304,86.50290187609664
4.96189041123717,86.5038126729199
4.961891649566007,86.5047233468286
4.961916164704128,86.50563389784764
4.961977439281441,86.50654432600189
4.962104289821944,86.5074546313162
4.962257602620609,86.50836481381543
4.962578284430337,86.50927487352446
4.962617081586378,86.51018481046809
4.962630845769297,86.5110946246712
4.962663411410544,86.51200431615862
4.962854326133178,86.51291388495515
4.962947298839346,86.51291388495515
4.963040520795327,86.51382333108563
4.963046523290061,86.51473265457487
4.963060174791051,86.51564185544768
4.963227909849182,86.51655093372885
4.963279432782512,86.51745988944317
4.96333706400955,86.51836872261543
4.963418748090217,86.51927743327043
4.96346454710131,86.52018602143289
4.963502330207066,86.52109448712764
4.96357739003614,86.5220028303794
4.963632637686274,86.52291105121293
4.963872961449143,86.523819149653
4.963968904516455,86.5247271257243
4.964013072040472,86.5247271257243
4.964092563694102,86.5256349794516
4.9641610011615676,86.52654271085962
4.964244361812664,86.52654271085962
4.9642475292942025,86.52654271085962
4.96436730349099,86.52745031997306
4.9644740250927555,86.52745031997306
4.964510301406642,86.52835780681664
4.964588549409152,86.5292651714151
4.964605693116117,86.5292651714151
4.96473332418606,86.53017241379311
4.964788417389065,86.53107953397536
4.964912126727344,86.53198653198653
4.964913892819649,86.53289340785132
4.964950202892919,86.5338001615944
4.965055363662401,86.53470679324042
4.965242526143573,86.53561330281406
4.965280766995403,86.53651969033996
4.965357569428198,86.53742595584276
4.965385712452915,86.5383320993471
4.965587182696666,86.53923812087764
4.965712971645271,86.54014402045898
4.965919458692773,86.54014402045898
4.966019586832213,86.54104979811575
4.966145429672205,86.54195545387256
4.966263209998467,86.542860987754
4.9662960103778335,86.5437663997847
4.966309781266211,86.5437663997847
4.9664701025441085,86.54467168998924
4.967020885975505,86.54467168998924
4.967062214867697,86.54467168998924
4.967183394202913,86.5455768583922
4.967212253764863,86.54648190501815
4.967275637501564,86.5473868298917
4.967462834598895,86.5482916330374
4.968092190679277,86.54919631447979
4.968124143796116,86.55010087424344
4.968214998152267,86.5510053123529
4.968223942366411,86.5510053123529
4.968418043100168,86.5519096288327
4.9686184783855545,86.55281382370738
4.968652188283644,86.55371789700148
4.9687109447827105,86.5546218487395
4.9687297898253755,86.55552567894595
4.968830356720274,86.55642938764537
4.968851761151406,86.5573329748622
4.968909220002802,86.558236440621
4.968959073229688,86.55913978494624
4.969026486214664,86.56004300786238
4.969197349529055,86.5609461093939
4.969327004463364,86.56184908956529
4.969426489302875,86.56184908956529
4.9694462913539,86.56184908956529
4.969470616063597,86.56275194840096
4.969506188249976,86.56365468592543
4.969609444610627,86.56455730216311
4.969696433567344,86.56455730216311
4.969754443168942,86.56545979713844
4.969859472454496,86.56545979713844
4.969990730199992,86.56636217087588
4.970164100349575,86.56726442339982
4.970227245971805,86.56816655473473
4.970317757651326,86.56816655473473
4.970334634526251,86.56906856490497
4.970587071542382,86.569970453935
4.9705883716593116,86.5708722218492
4.970701503320636,86.5708722218492
4.970734238067315,86.57177386867195
4.970817714298011,86.57267539442766
4.971191205960341,86.57357679914071
4.971192527569009,86.57447808283547
4.971468438374664,86.57537924553631
4.971541165661534,86.57628028726761
4.971770446383588,86.57718120805369
4.9717843675399775,86.57808200791894
4.971980879764648,86.57898268688766
4.971981249710531,86.57988324498423
4.972097883305101,86.57988324498423
4.9721181360165625,86.57988324498423
4.972133919323036,86.58078368223295
4.972145301652058,86.58168399865816
4.97232222588327,86.58168399865816
4.9725347106522415,86.58258419428418
4.972578048936264,86.5834842691353
4.97274154783297,86.58438422323584
4.972786242206468,86.5852840566101
4.972805540262727,86.58618376928237
4.97296812806276,86.58708336127691
4.9729799867727404,86.58798283261802
4.973124137310396,86.58888218332999
4.973190501070141,86.58978141343704
4.973324664788143,86.59068052296345
4.973374240677912,86.59157951193349
4.9733890602953155,86.59247838037139
4.973450485078563,86.59337712830138
4.97350012732631,86.5942757557477
4.973527434326849,86.5942757557477
4.973539132084275,86.59517426273459
4.973658332123006,86.59517426273459
4.974212904751271,86.59607264928624
4.974236333616988,86.59697091542688
4.974405121225894,86.59786906118073
4.974440253028409,86.59876708657195
4.974497706612926,86.59966499162479
4.974816232359326,86.60056277636339
4.975034116286874,86.60146044081195
4.975060702438454,86.60235798499464
4.97512359987571,86.60325540893564
4.97526296450159,86.60415271265907
4.975304884452648,86.60415271265907
4.975309308199562,86.60504989618913
4.9754700813273205,86.60594695954997
4.975609319022306,86.60684390276569
4.975691980268858,86.60684390276569
4.975730130969086,86.60684390276569
4.975929103668686,86.60774072586045
4.976030105791153,86.60863742885839
4.976057261941046,86.60953401178361
4.976096405246172,86.61043047466023
4.976240143896242,86.61132681751238
4.976449721797815,86.61222304036414
4.976506639478557,86.61311914323963
4.976628219656679,86.6140151261629
4.976939464020951,86.61491098915808
4.976976184883553,86.61580673224921
4.977027374326574,86.61670235546039
4.977174555599713,86.61759785881566
4.977217149277293,86.61849324233908
4.977355911660836,86.61938850605473
4.977377251560304,86.62028364998662
4.97740062703032,86.62028364998662
4.977497573468801,86.6211786741588
4.977676646394828,86.6211786741588
4.977755296080573,86.62207357859532
4.977835342678067,86.62296836332017
4.977890642682461,86.6238630283574
4.977949533233617,86.62475757373103
4.978101175691528,86.62565199946502
4.978146300035084,86.62654630558342
4.978176187828679,86.62744049211018
4.978185820865483,86.62833455906933
4.978211845178646,86.62922850648482
4.978421478303566,86.63012233438064
4.978718430545574,86.63101604278076
4.978807928916836,86.63190963170912
4.97895000816418,86.63280310118968
4.978988118507392,86.63369645124641
4.979359506628891,86.63458968190324
4.979383873366514,86.6354827931841
4.979490726737864,86.63637578511292
4.979566164816815,86.63726865771363
4.979605171434729,86.63816141101015
4.979799443659298,86.63905404502638
4.979819492256071,86.63994655978624
4.979967124998408,86.6408389553136
4.980144696840251,86.64173123163238
4.980156190915701,86.64262338876645
4.980249200066875,86.64262338876645
4.98025015478317,86.64351542673968
4.980374468572434,86.64440734557596
4.9805329789917865,86.64529914529915
4.980597385196747,86.6461908259331
4.980608181367321,86.64708238750167
4.980655181094452,86.64708238750167
4.980705655750893,86.6479738300287
4.980903972826453,86.64886515353804
4.981217343180497,86.64975635805354
4.98146137455988,86.64975635805354
4.98151185414717,86.65064744359898
4.981768455707747,86.65153841019823
4.9818257426632675,86.65153841019823
4.981850138623466,86.65242925787507
4.9820189369515795,86.65331998665332
4.982115165383379,86.6542105965568
4.982134811980373,86.6542105965568
4.982240371730769,86.65510108760927
4.982334535482325,86.65599145983454
4.9824039528342645,86.65688171325638
4.982650039850695,86.6577718478986
4.98295823809263,86.65866186378494
4.9830623599711,86.65955176093917
4.983087120227859,86.66044153938505
4.983112910915425,86.66133119914633
4.9832473397570896,86.66133119914633
4.983338268469889,86.66222074024675
4.983423613807539,86.66311016271005
4.98345301810776,86.66399946655999
4.98358024234696,86.66488865182023
4.983602436788143,86.66577771851458
4.983841529740672,86.66666666666667
4.98398308407154,86.66755549630024
4.9840337988014145,86.66844420743901
4.984277760857556,86.66933280010664
4.984278462513254,86.67022127432685
4.9843321867390395,86.67110963012328
4.984375259152008,86.67199786751965
4.984459857692957,86.67199786751965
4.984472080849127,86.67199786751965
4.984523604895801,86.67199786751965
4.984551412053187,86.67288598653961
4.984606731743477,86.67377398720683
4.984644854445771,86.67466186954495
4.984715987999459,86.67554963357762
4.984816576611962,86.67554963357762
4.984903048613606,86.67643727932848
4.984979113504855,86.6773248068212
4.985069101161932,86.6782122160794
4.985179216047066,86.67909950712668
4.985251713811138,86.67909950712668
4.985332917203883,86.67998667998667
4.985350952535933,86.680873734683
4.985360298258831,86.68176067123926
4.98546226069202,86.68264748967906
4.985520831271929,86.68353419002597
4.985551076672588,86.6844207723036
4.985706883525478,86.68530723653551
4.985755486536478,86.6861935827453
4.985773194458007,86.68707981095653
4.985948548862445,86.68707981095653
4.985990549410793,86.68796592119276
4.98606111428056,86.68885191347754
4.98616854430515,86.68973778783442
4.986260770779008,86.68973778783442
4.9862967753975145,86.68973778783442
4.986365105320839,86.69062354428695
4.986424444720534,86.69062354428695
4.986451670634991,86.69150918285867
4.986520351105715,86.69150918285867
4.986529395807589,86.69150918285867
4.986853634668081,86.69150918285867
4.986899860452285,86.69150918285867
4.987135204230995,86.6923947035731
4.9871404313262255,86.69328010645376
4.987177114402351,86.69416539152418
4.987181488414629,86.69505055880788
4.987290596885181,86.69593560832834
4.987300548254911,86.69682054010909
4.98733361485865,86.69770535417359
4.987380632542015,86.69859005054535
4.987451271845669,86.69947462924785
4.987527306519789,86.69947462924785
4.987576436405861,86.69947462924785
4.987604323926099,86.70035909030456
4.98776273148811,86.70124343373895
4.98776671941074,86.70212765957447
4.987956121093126,86.70301176783458
4.98814349557721,86.70389575854274
4.988286721619509,86.70477963172239
4.988360387718065,86.70566338739697
4.988456710391652,86.7065470255899
4.988496139210491,86.7065470255899
4.988527725718068,86.7074305463246
4.9886608742436716,86.70831394962451
4.988822479732521,86.70919723551303
4.989168362520735,86.71008040401355
4.989385304872049,86.71008040401355
4.989663243155324,86.71096345514951
4.989669522778783,86.71184638894425
4.9896802151623945,86.71184638894425
4.989794938877813,86.7127292054212
4.9898595804135955,86.71361190460374
4.9900571033914165,86.71449448651522
4.990098384475668,86.71537695117901
4.990202333490994,86.71537695117901
4.990430430013493,86.71537695117901
4.99045762035456,86.71537695117901
4.990512560353599,86.7162592986185
4.990548039536083,86.7162592986185
4.9906415816607845,86.71714152885701
4.9906784443222465,86.71714152885701
4.9907922422778,86.71802364191792
4.991148232179724,86.71890563782456
4.991216292627205,86.71978751660026
4.99134373590854,86.72066927826837
4.991350949138453,86.7215509228522
4.991385186523319,86.72243245037508
4.991429012864596,86.72243245037508
4.991633407554382,86.72331386086033
4.991734951865993,86.72419515433123
4.991771965399351,86.7250763308111
4.991806434529396,86.72595739032323
4.991876057759433,86.72683833289089
4.991959588268037,86.7277191585374
4.992033545312848,86.728599867286
4.9921668619723825,86.72948045915999
4.9923975631389395,86.7303609341826
4.992408577442724,86.7312412923771
4.992443570215886,86.73212153376674
4.992490973418929,86.7330016583748
4.992560283508553,86.73388166622446
4.992804374084044,86.73476155733898
4.992993418558478,86.7356413317416
4.993081566181349,86.73652098945553
4.993177183703696,86.73652098945553
4.993305832716677,86.73740053050398
4.993389618933265,86.73740053050398
4.993426814485706,86.73827995491014
4.993706820106347,86.73915926269726
4.993718637859402,86.74003845388847
4.9937521737159365,86.74091752850703
4.99376411749281,86.74091752850703
4.99404786481492,86.74179648657608
4.994129360729188,86.74267532811879
4.994271194647037,86.74355405315835
4.9946535936112815,86.74443266171792
4.9946864922903735,86.74531115382067
4.994703135040582,86.74618952948973
4.994718566250372,86.74618952948973
4.994748224865279,86.74706778874825
4.995082333490989,86.74706778874825
4.995176642134559,86.7479459316194
4.995340344532721,86.74882395812628
4.995386358049811,86.74970186829204
4.995544197915058,86.75057966213978
4.9956809602510015,86.75145733969264
4.995868108880244,86.75233490097371
4.996037945782302,86.75233490097371
4.996072588486529,86.75233490097371
4.996095774443428,86.7532123460061
4.996133119115837,86.7540896748129
4.996378535356986,86.7540896748129
4.9964620132084105,86.75496688741721
4.996586124279186,86.75584398384213
4.9966072267048665,86.75672096411071
4.9966680601465105,86.75672096411071
4.996854590426988,86.75759782824605
4.99687933486153,86.75759782824605
4.997021726695069,86.75847457627118
4.997061611216644,86.7593512082092
4.997188215696746,86.76022772408315
4.997206160276043,86.76022772408315
4.997296355492648,86.76110412391607
4.997372617624908,86.76110412391607
4.997373247830738,86.761980407731
4.9975651624661745,86.762856575551
4.997649686766244,86.76373262739907
4.997727901802252,86.76373262739907
4.997855595156635,86.76460856329827
4.997877008464736,86.76548438327157
4.998126379562951,86.76636008734202
4.998174595996724,86.76723567553262
4.998433586300713,86.76811114786635
4.998464088329105,86.76898650436623
4.998758528381604,86.76986174505524
4.998936759612598,86.76986174505524
4.9990019751488575,86.76986174505524
4.999079614824719,86.77073686995634
4.999355279631258,86.77073686995634
4.999364551333268,86.77161187909253
4.999426325237966,86.77161187909253
4.999546094484564,86.77248677248677
4.999716350700939,86.77336155016204
4.999761668923915,86.77423621214125
5.00004998125542,86.7751107584474
