time,conversion
0.005393554405872443,0.0
0.02927923189429095,0.0
0.046497480189756774,0.0
0.06487604144704173,0.0
0.06869004073521448,0.0
0.07154665843513562,0.0
0.09389243746931805,0.0
0.14501977183691067,0.0
0.1455709491037809,0.0
0.14732332790269098,0.0
0.16197843977297213,0.0
0.17576691455009924,0.0
0.1918381999450799,0.0
0.20457862080588857,0.0
0.21272475998343104,0.0
0.2732456358228847,0.0
0.2751051380476686,0.0
0.2772251962528758,0.0
0.28558795006185056,0.0
0.2930949673234824,0.0
0.30025840980192275,0.0
0.30558166070904813,0.0
0.3084100068743123,0.0
0.356620223219275,0.0
0.3675945363609167,0.0
0.37813232506920674,0.0
0.38016750907150254,0.0
0.3978330537409706,0.0
0.41289987703530034,0.0
0.42019777246852974,0.0
0.4239757556983627,0.0
0.4270959287572185,0.0
0.43881819506553854,0.0
0.447918131853887,0.0
0.4577481228280969,0.0
0.4608133231949311,0.0
0.46684593108439915,0.0
0.48004390769877503,0.0
0.49170237423116286,0.0
0.5174182483695179,0.04997501249375312
0.5180764454711526,0.04997501249375312
0.5327532025095263,0.04997501249375312
0.5386332054183768,0.04997501249375312
0.5699039286964842,0.04997501249375312
0.5730885268596018,0.04997501249375312
0.5846498118175851,0.04997501249375312
0.5854260056092381,0.04997501249375312
0.6008906790437655,0.04997501249375312
0.6110928550242196,0.04997501249375312
0.6140991449549013,0.04997501249375312
0.6195133064881393,0.04997501249375312
0.6228931305326244,0.0999000999000999
0.6271512925464722,0.0999000999000999
0.6290667224954192,0.0999000999000999
0.6352621529448795,0.0999000999000999
0.636857078982344,0.0999000999000999
0.6550588128472068,0.0999000999000999
0.663715818287727,0.0999000999000999
0.6688038873344325,0.0999000999000999
0.6771777422195207,0.0999000999000999
0.6821132235305208,0.0999000999000999
0.6844808564810503,0.0999000999000999
0.686638541900745,0.0999000999000999
0.6922066513605608,0.0999000999000999
0.6969596341422573,0.0999000999000999
0.7036540714595485,0.0999000999000999
0.7038276868965704,0.0999000999000999
0.7047596357372694,0.0999000999000999
0.7060748637385171,0.0999000999000999
0.7280252517900523,0.0999000999000999
0.7313316149607892,0.0999000999000999
0.7369860023093803,0.0999000999000999
0.7412747079941087,0.0999000999000999
0.7425673524017009,0.0999000999000999
0.7449358914961034,0.14977533699450823
0.749632517133472,0.14977533699450823
0.7558186297527493,0.14977533699450823
0.7561579340107389,0.14977533699450823
0.7582015080738599,0.14977533699450823
0.7702684442368304,0.14977533699450823
0.7708812886829136,0.14977533699450823
0.7839493158784124,0.14977533699450823
0.7984273474275532,0.14977533699450823
0.799025174900627,0.14977533699450823
0.8009209100406951,0.14977533699450823
0.806440096794883,0.14977533699450823
0.8096800164750203,0.14977533699450823
0.8130277462079545,0.14977533699450823
0.8232622230567253,0.14977533699450823
0.828420224397694,0.14977533699450823
0.8448933213801926,0.19960079840319359
0.8471000432427356,0.19960079840319359
0.8600553315719058,0.19960079840319359
0.8636832049707162,0.19960079840319359
0.8695532794018059,0.19960079840319359
0.8792238564302411,0.19960079840319359
0.8826736172785302,0.24937655860349126
0.8832407418072965,0.24937655860349126
0.8842993167572337,0.24937655860349126
0.8900105390369596,0.24937655860349126
0.8942130072295499,0.24937655860349126
0.9000798123562185,0.24937655860349126
0.9037659672428904,0.24937655860349126
0.9082176733796962,0.24937655860349126
0.914615301476964,0.24937655860349126
0.9172701423150194,0.24937655860349126
0.9234656705885148,0.24937655860349126
0.9300887586491927,0.24937655860349126
0.9552835585179588,0.24937655860349126
0.9597564892839385,0.24937655860349126
0.9714524810670273,0.24937655860349126
0.9718754797137582,0.24937655860349126
0.9766829971285762,0.24937655860349126
0.9802637920478711,0.24937655860349126
0.9809461247285037,0.24937655860349126
0.9853271965433634,0.24937655860349126
0.9855232767906262,0.24937655860349126
0.987241044820556,0.29910269192422734
0.9986004276688721,0.29910269192422734
1.0008265421389906,0.29910269192422734
1.001226139529202,0.29910269192422734
1.0015813481282914,0.29910269192422734
1.0056123110801503,0.29910269192422734
1.0112831079179796,0.29910269192422734
1.015264934271478,0.29910269192422734
1.024551935801427,0.29910269192422734
1.025207311512908,0.29910269192422734
1.026871980840438,0.29910269192422734
1.027451545655433,0.29910269192422734
1.0663317893179591,0.29910269192422734
1.0711734677055944,0.29910269192422734
1.0723892906126777,0.29910269192422734
1.0742374399063153,0.29910269192422734
1.078685139275517,0.29910269192422734
1.0805488271942332,0.3487792725460887
1.0913048311808282,0.3487792725460887
1.091791592217572,0.3487792725460887
1.0951744780222377,0.3487792725460887
1.0972046872490626,0.3487792725460887
1.102574774679106,0.398406374501992
1.1046208426901736,0.44798407167745147
1.115263700289915,0.4975124378109453
1.1176719484520843,0.4975124378109453
1.1177490812981972,0.4975124378109453
1.1187177073670296,0.4975124378109453
1.123042756113977,0.4975124378109453
1.1231654100615966,0.4975124378109453
1.1248165050614245,0.4975124378109453
1.1252099952924806,0.5469915464942815
1.1285413476854573,0.5469915464942815
1.134785791078157,0.5964214711729622
1.1350767885527986,0.5964214711729622
1.1370950144386078,0.5964214711729622
1.1391496448248974,0.5964214711729622
1.1410577597936362,0.5964214711729622
1.1467171978883517,0.5964214711729622
1.148289235348625,0.6458022851465475
1.149470225937385,0.6458022851465475
1.157843078441839,0.6458022851465475
1.1591193235876183,0.6458022851465475
1.1684257405272311,0.6458022851465475
1.1777328565428944,0.6458022851465475
1.1798399298411042,0.6458022851465475
1.1807636346829609,0.6458022851465475
1.1820418044069712,0.6458022851465475
1.1977491391904875,0.6458022851465475
1.1986585332959803,0.6458022851465475
1.1993844443041513,0.6458022851465475
1.2000510299328542,0.6951340615690168
1.21044337060408,0.6951340615690168
1.216486628009394,0.6951340615690168
1.2206727495449734,0.6951340615690168
1.2352866290077884,0.7444168734491315
1.2406951082798745,0.7444168734491315
1.2422293795392951,0.7444168734491315
1.2501953801331045,0.7444168734491315
1.2535191663115854,0.7444168734491315
1.25595967324926,0.7444168734491315
1.2569969423023266,0.7936507936507936
1.257234683298422,0.842835894893406
1.26299698642015,0.842835894893406
1.2630786662296114,0.842835894893406
1.264357810240473,0.842835894893406
1.2702612940641387,0.8919722497522299
1.2747254264730818,0.8919722497522299
1.2787856161526614,0.8919722497522299
1.2794325321128117,0.8919722497522299
1.282032045944983,0.8919722497522299
1.284809210681946,0.8919722497522299
1.2850199448568795,0.8919722497522299
1.2880058014652165,0.8919722497522299
1.2882614627592641,0.8919722497522299
1.2920973152039927,0.8919722497522299
1.298142572319985,0.8919722497522299
1.2999532401153222,0.8919722497522299
1.301323178629998,0.8919722497522299
1.3041548761545034,0.8919722497522299
1.3096008022392591,0.8919722497522299
1.3164134107533882,0.8919722497522299
1.3191528499496845,0.8919722497522299
1.3238684105239709,0.8919722497522299
1.3262353567167309,0.8919722497522299
1.331384461224547,0.8919722497522299
1.337623266252518,0.8919722497522299
1.3423434261399885,0.8919722497522299
1.343346123348371,0.8919722497522299
1.3433884152944777,0.9410599306587419
1.3486552981948152,0.9410599306587419
1.3639238704303631,0.9410599306587419
1.365066945291647,0.9410599306587419
1.36722964885242,0.9410599306587419
1.3703180347249664,0.9410599306587419
1.3744591442798935,0.9410599306587419
1.3750399620469382,0.9410599306587419
1.3803854982865096,0.9410599306587419
1.382847293531533,0.9900990099009901
1.3858759392852698,0.9900990099009901
1.3896681662737047,0.9900990099009901
1.3907247450856952,0.9900990099009901
1.3953526637356777,0.9900990099009901
1.3978328961344832,0.9900990099009901
1.4046612028210679,0.9900990099009901
1.404670249737867,0.9900990099009901
1.4046716261479406,1.0390895596239487
1.407053225142378,1.0390895596239487
1.407545073180281,1.0390895596239487
1.410622239925338,1.0390895596239487
1.4129041395456396,1.0390895596239487
1.4145367900659305,1.0390895596239487
1.4232455443069127,1.0390895596239487
1.4241883156274993,1.0390895596239487
1.4244890677745192,1.0390895596239487
1.4265323560015177,1.0390895596239487
1.4287966722388281,1.0390895596239487
1.4304479583822707,1.0390895596239487
1.4355651798624895,1.0390895596239487
1.439846589853071,1.0390895596239487
1.4428475338147326,1.0880316518298714
1.4446938639442264,1.0880316518298714
1.4519090838412896,1.0880316518298714
1.457010782712039,1.0880316518298714
1.4592876604069625,1.0880316518298714
1.4614420666030348,1.0880316518298714
1.463560926541044,1.0880316518298714
1.4767364259523692,1.0880316518298714
1.4919366715503648,1.0880316518298714
1.4970745113009114,1.0880316518298714
1.4983043137354715,1.0880316518298714
1.5013833883563414,1.1369253583786456
1.505315620899743,1.1369253583786456
1.5108413848799156,1.185770750988142
1.5139289797105164,1.185770750988142
1.515502402165666,1.185770750988142
1.5193583946208358,1.2345679012345678
1.5202555632226942,1.2833168805528135
1.5256575999480415,1.2833168805528135
1.5264687003968243,1.2833168805528135
1.5265581142057771,1.2833168805528135
1.5276909910982512,1.332017760236803
1.5306362615558944,1.332017760236803
1.5307549498194544,1.332017760236803
1.5319076437775478,1.332017760236803
1.5328961064953373,1.332017760236803
1.533169916995757,1.332017760236803
1.5363266952685461,1.332017760236803
1.5367387406119077,1.332017760236803
1.5398511597320528,1.332017760236803
1.5412458929579709,1.3806706114398422
1.5425644028343983,1.429275505174963
1.543924836611156,1.429275505174963
1.551834396914643,1.477832512315271
1.5521639820471247,1.5263417035942886
1.5528250706890527,1.5263417035942886
1.5568059385335813,1.5263417035942886
1.5570718587125882,1.5263417035942886
1.5587463038421525,1.574803149606299
1.5594913911049213,1.6232169208066896
1.5736791588285743,1.6232169208066896
1.5744199719187697,1.6232169208066896
1.5754688006358875,1.6232169208066896
1.5771742127767852,1.6232169208066896
1.5779692616667578,1.6232169208066896
1.5795932024982697,1.671583087512291
1.5836224870917126,1.71990171990172
1.5920333769276405,1.71990171990172
1.5923452462465078,1.71990171990172
1.5934373841556142,1.71990171990172
1.5957750995815367,1.71990171990172
1.5994176621075864,1.71990171990172
1.6068037258664065,1.71990171990172
1.606957930865621,1.71990171990172
1.6086620721750906,1.71990171990172
1.6086739820623965,1.71990171990172
1.6127374042836347,1.768172888015717
1.6137407443498872,1.8163966617574867
1.6152056948054498,1.8163966617574867
1.6153908213896695,1.8645731108930326
1.6156914128472533,1.8645731108930326
1.6192857609598257,1.8645731108930326
1.6194671056050325,1.8645731108930326
1.619790343310071,1.8645731108930326
1.6202155704382046,1.8645731108930326
1.620798446363864,1.9127023050514957
1.6214709335144348,1.9127023050514957
1.6274977970849525,1.9127023050514957
1.627727075869275,1.9607843137254901
1.630006469163482,1.9607843137254901
1.6302579335697722,2.0088192062714354
1.6312217747081612,2.0088192062714354
1.6332918586010974,2.0088192062714354
1.6373675143210853,2.0088192062714354
1.6396474816118864,2.056807051909892
1.64352851834704,2.1047479197258934
1.644971550508533,2.152641878669276
1.647796445067868,2.2004889975550124
1.648576836318522,2.2004889975550124
1.649497406191114,2.248289345063539
1.6500732176561457,2.248289345063539
1.6517397642445666,2.248289345063539
1.6530473754803612,2.2960429897410846
1.654514340649271,2.2960429897410846
1.6597285431185678,2.2960429897410846
1.6645041773061369,2.34375
1.6669339877399634,2.3914104441190824
1.6670575154763514,2.3914104441190824
1.6813314851482017,2.3914104441190824
1.682704570930567,2.3914104441190824
1.684315926724656,2.3914104441190824
1.6862518456698823,2.3914104441190824
1.6871515857091295,2.4390243902439024
1.6915693521586872,2.4390243902439024
1.6925045278792799,2.4865919063871282
1.6989737264415892,2.4865919063871282
1.6995416182118814,2.4865919063871282
1.7054199458068005,2.4865919063871282
1.7059276836342072,2.4865919063871282
1.7063670002168045,2.4865919063871282
1.7067136272480978,2.4865919063871282
1.710563016628976,2.4865919063871282
1.7150876545731175,2.4865919063871282
1.7206973836171475,2.53411306042885
1.7236243868472565,2.53411306042885
1.725262413878996,2.53411306042885
1.728591976295385,2.581587920116902
1.7312728355631783,2.581587920116902
1.7377824901602013,2.581587920116902
1.74096710524493,2.581587920116902
1.7410263303823494,2.6290165530671863
1.7532762292396862,2.6290165530671863
1.7580693033483918,2.67639902676399
1.7667534956997064,2.67639902676399
1.7720965667809447,2.67639902676399
1.775135803025431,2.67639902676399
1.7766840811743234,2.67639902676399
1.7797407186297245,2.67639902676399
1.781326841333572,2.67639902676399
1.7831688054840216,2.67639902676399
1.7849328067448418,2.7237354085603114
1.7852325752997067,2.7237354085603114
1.7862328753741732,2.7237354085603114
1.7883794490598255,2.7237354085603114
1.7939253631918044,2.7237354085603114
1.7953709557686015,2.7710257656781723
1.7959907232791121,2.7710257656781723
1.7969842004652907,2.7710257656781723
1.8039800729763102,2.7710257656781723
1.805469326142135,2.7710257656781723
1.8109250034891682,2.7710257656781723
1.8109529138489222,2.818270165208941
1.8118061787642425,2.8654686741136475
1.8120066317068886,2.8654686741136475
1.813537518098537,2.8654686741136475
1.8160501844864885,2.8654686741136475
1.8176859117932274,2.8654686741136475
1.8190893554820575,2.8654686741136475
1.821094198207098,2.912621359223301
1.8235701639909503,2.912621359223301
1.826374309565206,2.912621359223301
1.827658028720872,2.912621359223301
1.840108184893429,2.912621359223301
1.8445597216760063,2.912621359223301
1.8478267675284619,2.912621359223301
1.8496173774510631,2.959728287239204
1.8518770968584057,2.959728287239204
1.8528031095004063,2.959728287239204
1.8529077561206206,2.959728287239204
1.8563805616579407,2.959728287239204
1.8593188236043205,2.959728287239204
1.8645107188814254,2.959728287239204
1.8659430469571086,3.0067895247332688
1.8667476366506066,3.0067895247332688
1.8673736293270935,3.0067895247332688
1.867438458526418,3.0067895247332688
1.8690635694633713,3.0067895247332688
1.8710886197615684,3.0067895247332688
1.8770004998211969,3.0067895247332688
1.8804465023873917,3.0538051381483275
1.88132748768561,3.0538051381483275
1.882417043925936,3.0538051381483275
1.8905524418989172,3.0538051381483275
1.8911546374406907,3.0538051381483275
1.893975334248629,3.10077519379845
1.8954583877423201,3.14769975786925
1.8967794255325972,3.14769975786925
1.9075321779678451,3.14769975786925
1.9085585604029875,3.14769975786925
1.909224808757693,3.14769975786925
1.9114111797936837,3.14769975786925
1.9141773708976448,3.1945788964181996
1.9182445481643717,3.1945788964181996
1.9215101852538432,3.1945788964181996
1.9237617047974174,3.24141267537494
1.9279498187555852,3.2882011605415857
1.928071533207395,3.2882011605415857
1.9289431640503254,3.2882011605415857
1.9406142737047654,3.2882011605415857
1.9406700118349633,3.2882011605415857
1.9411073517034303,3.2882011605415857
1.9435404739999769,3.2882011605415857
1.9454643737856785,3.2882011605415857
1.9484707513336021,3.3349444175930403
1.9494610833672772,3.3349444175930403
1.9515440905922028,3.3349444175930403
1.9548901512486643,3.3349444175930403
1.9581737137761592,3.3349444175930403
1.9613012907342948,3.3816425120772946
1.9633681276093329,3.3816425120772946
1.9654855336190244,3.3816425120772946
1.9668036418776544,3.3816425120772946
1.9679036698738759,3.4282955094157415
1.9694066328024515,3.4282955094157415
1.9716048829576371,3.4282955094157415
1.9733115535315875,3.4282955094157415
1.9750374800099408,3.4282955094157415
1.9758207633515175,3.4282955094157415
1.9779480880835596,3.4282955094157415
1.981899673188486,3.4282955094157415
1.9825130870917547,3.4282955094157415
1.98274845644944,3.4282955094157415
1.984262774693889,3.4282955094157415
1.9846778382909063,3.4282955094157415
1.985026661119917,3.474903474903475
1.9881319257372103,3.474903474903475
1.988691448355271,3.474903474903475
1.9923098367679182,3.474903474903475
1.9929357508267542,3.474903474903475
1.9939555396933957,3.474903474903475
1.994871745323029,3.474903474903475
1.9962661824075014,3.474903474903475
1.9962829683029735,3.474903474903475
1.9983149294515672,3.474903474903475
2.000173356793277,3.474903474903475
2.002818358751478,3.474903474903475
2.0031855481360794,3.474903474903475
2.003273591435632,3.474903474903475
2.0064879009946464,3.474903474903475
2.0082444171294807,3.474903474903475
2.0083148143906566,3.5214664737095993
2.011211105594162,3.5214664737095993
2.0156612012683093,3.5214664737095993
2.015802221610455,3.5214664737095993
2.017494655010713,3.567984570877531
2.018190221741056,3.567984570877531
2.019768571940041,3.614457831325301
2.0217208644187443,3.614457831325301
2.0278932793903497,3.614457831325301
2.02817626594934,3.614457831325301
2.0315573295127156,3.614457831325301
2.0384519772711127,3.614457831325301
2.0432433318624317,3.614457831325301
2.04416784193209,3.614457831325301
2.050457543063843,3.614457831325301
2.0510223857962986,3.614457831325301
2.0520452166432603,3.614457831325301
2.0543612703184673,3.614457831325301
2.0550641586643636,3.6608863198458574
2.057211199648572,3.6608863198458574
2.0616738691979357,3.7072701011073663
2.061787792559094,3.7072701011073663
2.0647165405068884,3.753609239653513
2.0647610468605193,3.753609239653513
2.0650662551391914,3.753609239653513
2.0663790661134436,3.7999037999037997
2.066896950424621,3.8461538461538463
2.06871938146675,3.8461538461538463
2.070531144098359,3.8461538461538463
2.074732476307506,3.8461538461538463
2.0757026590503274,3.8461538461538463
2.0758336052188886,3.8461538461538463
2.0780378892583222,3.8461538461538463
2.0786351142787747,3.8461538461538463
2.079404712272374,3.8461538461538463
2.082093563760936,3.8461538461538463
2.0842012909254466,3.8461538461538463
2.097361081091032,3.8461538461538463
2.098989564661293,3.8461538461538463
2.1013072163524664,3.8923594425756844
2.1042287056584468,3.8923594425756844
2.1060893212027874,3.8923594425756844
2.106711131679057,3.8923594425756844
2.1088081826615896,3.9385206532180597
2.1092585520203744,3.9385206532180597
2.1096537369748396,3.9385206532180597
2.1120276352043548,3.9846375420067215
2.1130310378466737,4.030710172744722
2.114519212508895,4.030710172744722
2.1187535933535497,4.030710172744722
2.1194076766553267,4.030710172744722
2.1233667025644247,4.030710172744722
2.1234374976807966,4.030710172744722
2.123579727965665,4.030710172744722
2.1242422041541382,4.07673860911271
2.1248148914416003,4.07673860911271
2.125136823959141,4.1227229146692235
2.126437070402909,4.1227229146692235
2.1276093206279034,4.168663152850982
2.12781326046944,4.168663152850982
2.128136421531818,4.168663152850982
2.128337765218689,4.168663152850982
2.129707648014402,4.168663152850982
2.1334645146500377,4.168663152850982
2.1356613662551616,4.168663152850982
2.1382401519073553,4.168663152850982
2.138351031828511,4.168663152850982
2.139017430798689,4.168663152850982
2.1405011080418053,4.168663152850982
2.143871087366045,4.21455938697318
2.1446655752645234,4.21455938697318
2.1449433764375643,4.21455938697318
2.1468766638590298,4.21455938697318
2.148325267217602,4.260411680229775
2.151479064719225,4.260411680229775
2.1539901095594174,4.260411680229775
2.1543395909560368,4.260411680229775
2.157591794431761,4.260411680229775
2.1589470962912314,4.30622009569378
2.16300604960996,4.30622009569378
2.167789321502434,4.351984696317551
2.1692353004287286,4.351984696317551
2.173032766270443,4.351984696317551
2.182539810651025,4.397705544933078
2.1830958803296783,4.397705544933078
2.183884415731079,4.4433827042522696
2.184571708275097,4.48901623686724
2.184688108399363,4.534606205250596
2.1860998399161864,4.534606205250596
2.1872276560373525,4.580152671755725
2.187533402415817,4.580152671755725
2.187676786164793,4.580152671755725
2.1892439393684926,4.580152671755725
2.191083478424596,4.580152671755725
2.194386686597356,4.580152671755725
2.1948558988289992,4.580152671755725
2.196204564444885,4.580152671755725
2.1996814477354905,4.625655698617072
2.201546556067642,4.671115347950429
2.2028666899498566,4.7165316817532155
2.2052103527551288,4.7165316817532155
2.2069323980027526,4.7165316817532155
2.208348551355128,4.7165316817532155
2.209953975303918,4.7165316817532155
2.2132070230977927,4.761904761904762
2.213645598404433,4.8072346501665875
2.2164345046680745,4.8525214081826835
2.223095789293335,4.897765097479791
2.2234080720413387,4.897765097479791
2.2245733073408536,4.897765097479791
2.2284250407334625,4.942965779467681
2.2393841015764564,4.942965779467681
2.2394235068269968,4.942965779467681
2.241199620223567,4.98812351543943
2.241922030155528,4.98812351543943
2.241949718372746,4.98812351543943
2.243808632002456,5.0332383665717
2.2463989047021697,5.0332383665717
2.249097382797628,5.0332383665717
2.249170616516916,5.0332383665717
2.251814388290877,5.0332383665717
2.2533838662563066,5.0332383665717
2.2552243170283246,5.0332383665717
2.2570404111676625,5.078310393925012
2.2573399555276508,5.078310393925012
2.2580725308716323,5.078310393925012
2.2629529843691683,5.078310393925012
2.2648724369852107,5.078310393925012
2.268119461510416,5.078310393925012
2.2686821887823982,5.078310393925012
2.270872351602945,5.1233396584440225
2.2725400560198854,5.1683262209578
2.273229339749,5.1683262209578
2.2742702006270026,5.1683262209578
2.2757368660957957,5.213270142180095
2.278716267679639,5.258171482709616
2.279476847724378,5.258171482709616
2.2796744923611847,5.258171482709616
2.280260058800225,5.258171482709616
2.2807617621571508,5.258171482709616
2.2816537235549617,5.258171482709616
2.2836095900778703,5.258171482709616
2.284853844409054,5.258171482709616
2.2861915783391233,5.258171482709616
2.286891775406302,5.258171482709616
2.28957114400141,5.258171482709616
2.2904520770278562,5.258171482709616
2.2962221600977246,5.258171482709616
2.2985926242906776,5.303030303030303
2.2991953618961443,5.303030303030303
2.3005300764079286,5.303030303030303
2.3044200674463906,5.347846663511595
2.305416840252727,5.392620624408704
2.3101052802217312,5.4373522458628845
2.310662816364228,5.4373522458628845
2.3109444040550713,5.4373522458628845
2.311127151887209,5.482041587901701
2.3115721314860207,5.482041587901701
2.31276143672396,5.526688710439301
2.316781327845758,5.526688710439301
2.3178899305824125,5.526688710439301
2.3182092913284666,5.526688710439301
2.3201209937025076,5.571293673276676
2.3204809906243633,5.571293673276676
2.3228250003734767,5.571293673276676
2.323462291482223,5.571293673276676
2.325127956474245,5.571293673276676
2.325293570421449,5.615856536101934
2.3263156542164793,5.615856536101934
2.3272609872817895,5.615856536101934
2.3305091232598296,5.660377358490567
2.3334761027245396,5.660377358490567
2.334310774905831,5.660377358490567
2.3353441940982043,5.704856199905705
2.340652720345731,5.704856199905705
2.3415030808847077,5.704856199905705
2.345868669575371,5.704856199905705
2.351044011375079,5.704856199905705
2.3512454371902995,5.704856199905705
2.3525003704634964,5.704856199905705
2.352925743213787,5.704856199905705
2.354823850330914,5.749293119698398
2.357624131779241,5.749293119698398
2.361668908202565,5.749293119698398
2.3619975522196897,5.7936881771078665
2.3630071762380593,5.83804143126177
2.3710773260515037,5.83804143126177
2.372158797019586,5.88235294117647
2.373338950886883,5.88235294117647
2.3758116118208847,5.88235294117647
2.376096765315199,5.9266227657572905
2.3770694297623116,5.9266227657572905
2.3792864514615673,5.9266227657572905
2.3812294496673863,5.970850963798777
2.382292259923551,6.015037593984962
2.3823075812303522,6.015037593984962
2.3840769081088573,6.015037593984962
2.3862129061564983,6.015037593984962
2.387314885704924,6.059182714889619
2.3877747582097952,6.059182714889619
2.3879039627086565,6.059182714889619
2.391047017965129,6.059182714889619
2.3945838447315015,6.103286384976526
2.3946620038441733,6.103286384976526
2.3975527684117113,6.103286384976526
2.3993254489166707,6.103286384976526
2.401812535233908,6.147348662599718
2.403665516463338,6.147348662599718
2.403980107605708,6.147348662599718
2.4077174104514145,6.147348662599718
2.4079605488049673,6.147348662599718
2.407999196054471,6.147348662599718
2.408750283698817,6.147348662599718
2.4091227692937527,6.147348662599718
2.4096763379713555,6.191369606003752
2.411251532861027,6.235349273323957
2.4112723908838003,6.279287722586692
2.4135691541501267,6.279287722586692
2.41420486323365,6.323185011709602
2.4155594077945697,6.367041198501873
2.417377369372353,6.410856340664482
2.417635008824986,6.410856340664482
2.4202221271528566,6.410856340664482
2.420894950851965,6.454630495790459
2.4230832565874545,6.454630495790459
2.4248800891841484,6.454630495790459
2.4252357544212932,6.454630495790459
2.426272107026001,6.454630495790459
2.4282346579018825,6.4983637213651235
2.429876873505811,6.5420560747663545
2.430233777705539,6.5420560747663545
2.431892785375772,6.585707613264829
2.438150416740985,6.585707613264829
2.4418298286865476,6.585707613264829
2.4421319296092396,6.585707613264829
2.4519281293182194,6.585707613264829
2.4521886796496957,6.585707613264829
2.452923072364255,6.585707613264829
2.4534088477957496,6.585707613264829
2.4542568783626866,6.629318394024277
2.455152647124302,6.629318394024277
2.4572705150968677,6.629318394024277
2.457418813135357,6.672888474101726
2.457854000248491,6.672888474101726
2.4591213811238926,6.672888474101726
2.459392239869511,6.7164179104477615
2.4595032535055807,6.7164179104477615
2.4598619504969683,6.75990675990676
2.4601916641184514,6.803355079217148
2.4607702072597366,6.803355079217148
2.463494230337468,6.803355079217148
2.4639852408330216,6.803355079217148
2.4661446628474843,6.846762925011644
2.468178350990951,6.890130353817504
2.4693752151155475,6.93345742205677
2.47175660986124,6.93345742205677
2.4751497286427457,6.93345742205677
2.4761558780558324,6.93345742205677
2.476456460603153,6.976744186046512
2.4782147108207333,6.976744186046512
2.4801279951022224,6.976744186046512
2.4806039111859324,7.0199907019990695
2.480934793490299,7.0199907019990695
2.482088640776707,7.0199907019990695
2.4824298504827538,7.063197026022305
2.4824652164432686,7.106363214119833
2.4856029205073833,7.106363214119833
2.4863653843598414,7.106363214119833
2.4876063186608874,7.106363214119833
2.4901901623741947,7.106363214119833
2.4958635959077804,7.149489322191272
2.496091651150585,7.149489322191272
2.497280759211413,7.149489322191272
2.4976707680014343,7.192575406032482
2.504167178480923,7.235621521335807
2.50581397571443,7.235621521335807
2.507542703463543,7.235621521335807
2.508071543692261,7.235621521335807
2.508210244550645,7.2786277236903105
2.5116669804595575,7.2786277236903105
2.514642442811805,7.2786277236903105
2.5175650255494535,7.2786277236903105
2.5183298220318324,7.2786277236903105
2.521702973019528,7.2786277236903105
2.5234015660415294,7.2786277236903105
2.5234618526924444,7.2786277236903105
2.5236078854231945,7.32159406858202
2.5313451421206032,7.3645206113941635
2.532580489541093,7.3645206113941635
2.5347120239252208,7.3645206113941635
2.5354040116226977,7.3645206113941635
2.538002042957309,7.3645206113941635
2.5383253776564914,7.4074074074074066
2.54000258708545,7.4074074074074066
2.541394282902729,7.4074074074074066
2.541398068268977,7.450254511800093
2.5436582266221603,7.450254511800093
2.5440126688599047,7.493061979648474
2.547216650113329,7.493061979648474
2.5491819598759298,7.535829865926953
2.5494673424702534,7.535829865926953
2.5499431146945786,7.535829865926953
2.550085171264656,7.578558225508318
2.553082616170245,7.578558225508318
2.554475721253532,7.578558225508318
2.5555828599749955,7.621247113163972
2.555635529296269,7.621247113163972
2.556139822072831,7.663896583564174
2.5593693944565157,7.663896583564174
2.5604660851878025,7.663896583564174
2.5615362415085325,7.663896583564174
2.5635359911297644,7.706506691278264
2.5655883891659474,7.706506691278264
2.567905607598907,7.706506691278264
2.568678718430972,7.706506691278264
2.569597988449283,7.706506691278264
2.570288549387568,7.7490774907749085
2.570865744157048,7.791609036422314
2.571252428483667,7.791609036422314
2.571403737394132,7.834101382488479
2.5743567948961967,7.834101382488479
2.575222835057021,7.876554583141409
2.575990192325374,7.918968692449356
2.576400228328381,7.9613437643810405
2.5775739137663876,7.9613437643810405
2.5776491280934115,7.9613437643810405
2.5795724706895444,7.9613437643810405
2.582229991429731,7.9613437643810405
2.582252706594058,7.9613437643810405
2.5824948618837382,8.003679852805888
2.5864514363101527,8.045977011494253
2.589630699677547,8.045977011494253
2.5921739987811026,8.088235294117647
2.5929408503473423,8.130454754248968
2.5929472880484288,8.130454754248968
2.5929863459841425,8.172635445362717
2.5952288644503976,8.214777420835246
2.5952703676441065,8.256880733944955
2.5975043898347088,8.298945437872536
2.597601090171206,8.340971585701192
2.600377166168571,8.340971585701192
2.60077769426284,8.340971585701192
2.6008800484333596,8.340971585701192
2.6012391506154353,8.340971585701192
2.6018733469746467,8.340971585701192
2.6028586795613418,8.340971585701192
2.6050428994780663,8.340971585701192
2.610423143469565,8.340971585701192
2.6122292621567897,8.340971585701192
2.6122596833065055,8.340971585701192
2.6124450937430623,8.340971585701192
2.612505516324907,8.340971585701192
2.6185187860525754,8.382959230416857
2.6190964851458842,8.424908424908425
2.6200753828791896,8.424908424908425
2.620856351020714,8.424908424908425
2.6209586792862596,8.466819221967963
2.621059879379474,8.466819221967963
2.6215486342180605,8.466819221967963
2.6233025964689007,8.466819221967963
2.626702636719693,8.508691674290942
2.6277061889283595,8.508691674290942
2.6299602625867884,8.508691674290942
2.631806391445153,8.508691674290942
2.6335480822518833,8.508691674290942
2.6370715191296785,8.508691674290942
2.637235303557742,8.508691674290942
2.638533418520536,8.550525834476453
2.6386611170972483,8.550525834476453
2.638953275919523,8.550525834476453
2.6401369945195357,8.550525834476453
2.6412779101102677,8.550525834476453
2.64371201290189,8.592321755027422
2.6443417011111703,8.634079488350844
2.6455482808744244,8.634079488350844
2.647272827867309,8.67579908675799
2.647526216575205,8.717480602464628
2.647888825592121,8.717480602464628
2.649716857397542,8.717480602464628
2.6515816428010224,8.75912408759124
2.6517017877216147,8.75912408759124
2.652750218696311,8.800729594163247
2.655336676103905,8.842297174111211
2.6587545412265583,8.88382687927107
2.6592545585290437,8.925318761384334
2.6598009140107504,8.925318761384334
2.659905204828256,8.966772872098316
2.660118503825988,8.966772872098316
2.660593262880379,8.966772872098316
2.6606746554868597,9.008189262966333
2.661073383762883,9.049567985447931
2.661815140167869,9.049567985447931
2.664159717475366,9.049567985447931
2.6656542838599884,9.049567985447931
2.6667312867227198,9.049567985447931
2.666779273868446,9.049567985447931
2.668589498096355,9.090909090909092
2.6695255803845375,9.090909090909092
2.669576215229147,9.132212630622444
2.6697162860527217,9.132212630622444
2.6700803885157645,9.132212630622444
2.674986884699294,9.132212630622444
2.6759889362005818,9.132212630622444
2.6768389134964634,9.132212630622444
2.6774537123205246,9.173478655767484
2.677660944288135,9.173478655767484
2.67834166556052,9.173478655767484
2.678953981969375,9.214707217430776
2.679700352861532,9.214707217430776
2.6815059968224046,9.214707217430776
2.681613881807977,9.214707217430776
2.6822775750859242,9.214707217430776
2.6826202475149596,9.214707217430776
2.683779907103953,9.25589836660617
2.68391020124895,9.297052154195011
2.685484474016758,9.338168631006347
2.6868303511298066,9.338168631006347
2.68954284902953,9.379247847757137
2.6899601251690433,9.420289855072465
2.6920943666481905,9.46129470348574
2.694704728900968,9.46129470348574
2.6951311983036863,9.502262443438914
2.6954840258768984,9.502262443438914
2.697581853875444,9.502262443438914
2.6991692163916654,9.502262443438914
2.699893081077407,9.543193125282677
2.702041631221954,9.543193125282677
2.712459818163878,9.584086799276673
2.712951819207369,9.624943515589697
2.7134630906449004,9.624943515589697
2.7145721528497764,9.624943515589697
2.714740327361542,9.624943515589697
2.718437422034896,9.66576332429991
2.7190575690679744,9.706546275395034
2.7197713855611254,9.706546275395034
2.722788909238644,9.706546275395034
2.727458627253142,9.706546275395034
2.7279321149971425,9.706546275395034
2.7293292893049186,9.747292418772563
2.730033801750026,9.747292418772563
2.7302335192949427,9.747292418772563
2.731266207756481,9.788001804239963
2.731562626666196,9.788001804239963
2.7318743490769495,9.828674481514877
2.7325820617289778,9.869310500225327
2.7329168221481455,9.90990990990991
2.7331641554142565,9.90990990990991
2.7342451567500317,9.90990990990991
2.736955923321649,9.95047276001801
2.737959077895371,9.95047276001801
2.741110673195497,9.95047276001801
2.74160632563051,9.95047276001801
2.7440259880215248,9.95047276001801
2.7448433771740874,9.99099909990999
2.74489313668002,9.99099909990999
2.7451752433163548,9.99099909990999
2.745230623641971,10.0314889788574
2.7493737489837327,10.0314889788574
2.7500181793926566,10.0314889788574
2.756727790709583,10.0314889788574
2.756901296268074,10.0314889788574
2.7589681970737736,10.071942446043165
2.761020850895718,10.071942446043165
2.7621554019487045,10.071942446043165
2.763946241959062,10.071942446043165
2.7641558266349033,10.071942446043165
2.7649494026730843,10.071942446043165
2.766401278204394,10.071942446043165
2.769016309773431,10.071942446043165
2.7711304630802904,10.112359550561797
2.7735776031403256,10.112359550561797
2.7748184894035597,10.152740341419586
2.7774009389114194,10.152740341419586
2.7793123081321474,10.1930848675348
2.780712145196611,10.1930848675348
2.781547230378241,10.1930848675348
2.7816169892317633,10.1930848675348
2.782242246332761,10.23339317773788
2.7829493466299815,10.273665320771647
2.7835400819489706,10.273665320771647
2.7850797517901964,10.31390134529148
2.78527757910866,10.354101299865532
2.786086777591588,10.39426523297491
2.7890233032781837,10.39426523297491
2.7894838777531623,10.39426523297491
2.790911491892894,10.434393193013882
2.797251011845904,10.434393193013882
2.7980405764920198,10.434393193013882
2.7993153480843507,10.434393193013882
2.800187547046364,10.434393193013882
2.802057402070441,10.434393193013882
2.804614217373836,10.474485228290064
2.8063897838228797,10.474485228290064
2.808860967233237,10.51454138702461
2.809554651112932,10.554561717352415
2.8115400693175108,10.554561717352415
2.811978707344368,10.554561717352415
2.8130455697877044,10.594546267322306
2.8151809820796063,10.63449508489723
2.816355478702457,10.674408217954444
2.8167740414565676,10.674408217954444
2.8169227428242727,10.714285714285714
2.8170846553061737,10.714285714285714
2.8172221892738434,10.714285714285714
2.8179328874542113,10.714285714285714
2.8188257730912514,10.754127621597501
2.8237955085861657,10.793933987511151
2.8249676775920407,10.793933987511151
2.8261059988175186,10.833704859563085
2.8261646982888493,10.833704859563085
2.826775025823582,10.87344028520499
2.8277113965768574,10.87344028520499
2.828394368027183,10.913140311804009
2.828503480533409,10.913140311804009
2.8325259978608415,10.95280498664292
2.8336692608897414,10.992434356920338
2.835007235465368,10.992434356920338
2.8368676559344626,10.992434356920338
2.841180520717046,11.032028469750891
2.8416377822040704,11.071587372165407
2.8431685636018034,11.071587372165407
2.844555377096964,11.071587372165407
2.8453834801960234,11.071587372165407
2.8463688305108845,11.11111111111111
2.8466127637638587,11.11111111111111
2.8487384788330616,11.11111111111111
2.8489675536942327,11.11111111111111
2.851054571378991,11.11111111111111
2.851135508848838,11.150599733451799
2.8520648671969,11.150599733451799
2.852594857090515,11.190053285968029
2.8549434547932555,11.190053285968029
2.8557550143534156,11.190053285968029
2.857344894368402,11.190053285968029
2.8575212219682324,11.229471815357302
2.857988804258341,11.26885536823425
2.8597904739847895,11.26885536823425
2.8600056239438287,11.30820399113082
2.863842691058852,11.30820399113082
2.8658840496726965,11.347517730496454
2.866502387493405,11.347517730496454
2.867666974382843,11.347517730496454
2.8686814850072895,11.347517730496454
2.868840339737995,11.386796632698273
2.86962541227172,11.386796632698273
2.8696405718076177,11.386796632698273
2.869655651026929,11.386796632698273
2.871006542074927,11.386796632698273
2.87187019710068,11.386796632698273
2.87295496285637,11.386796632698273
2.872989041277983,11.426040744021257
2.8744281183904206,11.426040744021257
2.874845708254571,11.426040744021257
2.875072242721065,11.465250110668437
2.8767586941757046,11.465250110668437
2.876862493542714,11.465250110668437
2.877014037519985,11.465250110668437
2.8841506750321515,11.504424778761061
2.884519547639556,11.504424778761061
2.8848196784109823,11.504424778761061
2.8850325612326073,11.543564794338788
2.8854072050967323,11.543564794338788
2.885928087888287,11.543564794338788
2.8860251052713637,11.543564794338788
2.8860364343941627,11.543564794338788
2.890491496397177,11.543564794338788
2.8905401358136067,11.582670203359859
2.8909446033725184,11.582670203359859
2.893450288306101,11.582670203359859
2.8940768030927715,11.582670203359859
2.894125762842672,11.582670203359859
2.895405697227046,11.621741051701282
2.8955615953953915,11.621741051701282
2.897314452553701,11.66077738515901
2.9002526700310893,11.699779249448124
2.901015260083166,11.699779249448124
2.9027879662367315,11.699779249448124
2.903879702658562,11.699779249448124
2.905313099294085,11.738746690203
2.905885816157442,11.777679752977503
2.9064354677781754,11.816578483245149
2.9066639836867747,11.816578483245149
2.9082999514138606,11.816578483245149
2.9087728220855866,11.816578483245149
2.9100753374757953,11.816578483245149
2.910842197656552,11.855442926399295
2.9108692438333343,11.894273127753303
2.912772769124533,11.894273127753303
2.9132022643173214,11.894273127753303
2.9134285234477906,11.894273127753303
2.913571964411483,11.933069132540732
2.914842959725888,11.933069132540732
2.9150158496674274,11.933069132540732
2.915839464742031,11.971830985915492
2.916461485402153,11.971830985915492
2.916987612400038,12.010558732952045
2.9175423081658964,12.049252418645558
2.917834447856353,12.049252418645558
2.9189495938292227,12.049252418645558
2.9197712810977947,12.049252418645558
2.919990058086015,12.049252418645558
2.9222675216256673,12.087912087912088
2.924650469615305,12.087912087912088
2.925618083928764,12.087912087912088
2.926956863067602,12.087912087912088
2.930482230970446,12.087912087912088
2.9308724033563704,12.126537785588752
2.9331924992470944,12.126537785588752
2.9373085241900285,12.126537785588752
2.938272819883111,12.165129556433904
2.939046291675894,12.203687445127304
2.941146126711503,12.242211496270293
2.9424909218973774,12.242211496270293
2.9433571027620737,12.280701754385964
2.943468123280472,12.280701754385964
2.943499047995486,12.319158263919332
2.9474719655406934,12.357581069237511
2.947632134124229,12.395970214629873
2.9505797428741447,12.395970214629873
2.9508134100347903,12.395970214629873
2.950912836067963,12.395970214629873
2.951613547307668,12.395970214629873
2.9517134142401713,12.395970214629873
2.9525917388237573,12.395970214629873
2.9530452128387084,12.395970214629873
2.954875255417602,12.43432574430823
2.9572770543554165,12.43432574430823
2.959646558499694,12.43432574430823
2.9600107628955183,12.472647702407002
2.961271850215981,12.472647702407002
2.963644438452226,12.472647702407002
2.9640278469484738,12.510936132983378
2.9658787830892583,12.549191080017492
2.9662315796379675,12.549191080017492
2.9668292622288273,12.549191080017492
2.967750052546845,12.549191080017492
2.9685880405953657,12.549191080017492
2.9689001234164136,12.549191080017492
2.969625918465716,12.549191080017492
2.96962958588334,12.549191080017492
2.9698621080441967,12.549191080017492
2.969937326623638,12.587412587412588
2.9704385627524186,12.587412587412588
2.972898100109928,12.625600698995196
2.977978656286388,12.663755458515283
2.980458501595723,12.663755458515283
2.980517081477144,12.701876909646442
2.980928176095862,12.739965095986038
2.981701204713175,12.739965095986038
2.9831623061660295,12.739965095986038
2.983578329852585,12.778020061055386
2.9836534156955055,12.816041848299914
2.9844171933908523,12.854030501089325
2.9846013876338464,12.854030501089325
2.9864570532254677,12.854030501089325
2.9878072094382335,12.854030501089325
2.9882755409760198,12.89198606271777
2.9891442263787744,12.929908576404006
2.9904071210300294,12.929908576404006
2.9906265935065095,12.967798085291557
2.9931092134405737,13.00565463244889
2.9948608865380812,13.043478260869565
2.996993306144266,13.081269013472404
2.9983754571155172,13.119026933101651
2.9986343151759303,13.119026933101651
2.999256923359789,13.119026933101651
3.001564691860333,13.119026933101651
3.001569493752777,13.156752062527138
3.003503590780065,13.194444444444445
3.0036540332887616,13.194444444444445
3.0042241019768188,13.232104121475055
3.0054606888487956,13.269731136166522
3.0078157878782115,13.269731136166522
3.008621889781635,13.269731136166522
3.0099807062236166,13.307325530992632
3.010420053238404,13.307325530992632
3.011730338474036,13.344887348353554
3.0118656137958877,13.382416630576008
3.013515351986403,13.382416630576008
3.013901947495695,13.382416630576008
3.0156808217381372,13.382416630576008
3.0160871212955707,13.382416630576008
3.018953001111489,13.41991341991342
3.021214942015708,13.457377758546086
3.0217815362662104,13.494809688581316
3.0220327580345194,13.53220925205361
3.0223668763112195,13.569576490924806
3.0228634752121835,13.569576490924806
3.0232318911198206,13.606911447084233
3.0235929864503825,13.644214162348877
3.024015435839723,13.644214162348877
3.0244027010804007,13.68148467846353
3.025464258405498,13.718723037100949
3.0257562588281863,13.718723037100949
3.025776416561832,13.75592927986201
3.0262202713853497,13.793103448275861
3.026232581166908,13.830245583800085
3.026384562931377,13.867355727820843
3.0271908933323464,13.867355727820843
3.0273556490790563,13.867355727820843
3.0294168751727373,13.867355727820843
3.030712730626938,13.904433921653034
3.0309446101096693,13.941480206540447
3.031018952028355,13.978494623655912
3.032588042575993,14.015477214101463
3.0326066975403023,14.052428018908467
3.0339350237043092,14.0893470790378
3.0344698407170627,14.126234435379992
3.0353447841688737,14.126234435379992
3.0366989265321407,14.163090128755366
3.0376834158465797,14.163090128755366
3.0402200800545085,14.163090128755366
3.0403606019208906,14.199914199914199
3.0405545030170007,14.236706689536879
3.040888596001425,14.236706689536879
3.0411982582554637,14.273467638234033
3.042000323573988,14.3101970865467
3.0428589575316076,14.3101970865467
3.04430412972227,14.346895074946467
3.0445717435574813,14.383561643835616
3.0478250318664553,14.383561643835616
3.0486803030265595,14.420196833547283
3.0490176943245433,14.420196833547283
3.050484758119097,14.420196833547283
3.0509940922803693,14.420196833547283
3.05109013753289,14.456800684345595
3.0516716728047824,14.456800684345595
3.054463245829292,14.493373236425821
3.0557233886390565,14.529914529914532
3.0558913825149205,14.566424604869713
3.0571344295960707,14.566424604869713
3.058322426296574,14.602903501280956
3.0603712504062717,14.602903501280956
3.060597466885682,14.639351259069569
3.0611772961681942,14.675767918088736
3.063246670708336,14.712153518123666
3.063516406172079,14.712153518123666
3.0635671447431787,14.712153518123666
3.0637020346383035,14.74850809889173
3.064052851474214,14.74850809889173
3.0656946493050516,14.74850809889173
3.067669820020286,14.784831700042607
3.069025106953464,14.784831700042607
3.0694132549782767,14.784831700042607
3.070393723095137,14.784831700042607
3.074637434039188,14.784831700042607
3.0749621134905643,14.821124361158432
3.075766173604006,14.857386121753938
3.0763794050709867,14.857386121753938
3.078028209310224,14.893617021276595
3.0787120180790595,14.929817099106762
3.0792223011166335,14.929817099106762
3.079296765250241,14.965986394557824
3.0820063747628277,15.002124946876327
3.0823484177394556,15.03823279524214
3.0830535026541823,15.03823279524214
3.0838501971840135,15.03823279524214
3.0849820510535455,15.03823279524214
3.086237605989271,15.074309978768577
3.0863838826148027,15.074309978768577
3.086733452800355,15.110356536502549
3.0868966062969827,15.110356536502549
3.087234666857696,15.110356536502549
3.0880899993794655,15.146372507424694
3.0898550281031625,15.146372507424694
3.090504430370892,15.182357930449534
3.092694355993887,15.218312844425604
3.094927296210061,15.254237288135593
3.095438554981306,15.290131300296483
3.09778235748688,15.290131300296483
3.0986590760701724,15.290131300296483
3.101245167515486,15.325994919559696
3.101426992899597,15.325994919559696
3.102359374490442,15.325994919559696
3.1024380929202353,15.361828184511214
3.108051565348523,15.361828184511214
3.1085610861227706,15.397631133671744
3.1093877877036484,15.397631133671744
3.110092265375992,15.433403805496829
3.1112344253020634,15.433403805496829
3.111396416992024,15.433403805496829
3.1119401572763454,15.433403805496829
3.1121191565030735,15.469146238377007
3.11354521454678,15.504858470637938
3.1164848063463944,15.504858470637938
3.117318107487124,15.54054054054054
3.118294045000868,15.576192486281132
3.118839938157377,15.576192486281132
3.1208209544948513,15.576192486281132
3.121327309373605,15.611814345991561
3.1218621976089467,15.611814345991561
3.122075712651399,15.647406157739349
3.1222837523619686,15.647406157739349
3.122874235657319,15.647406157739349
3.1236160466004517,15.647406157739349
3.126837178845014,15.647406157739349
3.1274097619685732,15.682967959527824
3.127550991307661,15.682967959527824
3.1277809305717312,15.682967959527824
3.1283938029111518,15.718499789296251
3.1294999673010633,15.754001684919967
3.130223034052307,15.789473684210526
3.133834297734492,15.824915824915825
3.1345330960021136,15.824915824915825
3.134641179098674,15.824915824915825
3.1373515618983436,15.824915824915825
3.1380857706162257,15.824915824915825
3.138664993153988,15.860328144720235
3.139186702949747,15.895710681244744
3.139877919989874,15.895710681244744
3.1399588300148067,15.931063472047077
3.1410481754138933,15.966386554621847
3.1424605833945316,15.966386554621847
3.142570739743354,15.966386554621847
3.143724222316768,16.001679966400673
3.1442223067128405,16.001679966400673
3.1442423233367536,16.036943744752307
3.14494883469588,16.036943744752307
3.14663370720055,16.036943744752307
3.147133352048367,16.036943744752307
3.1472034095290113,16.036943744752307
3.1473754009562986,16.036943744752307
3.1483504715999717,16.036943744752307
3.15028329514907,16.036943744752307
3.1507161625408147,16.036943744752307
3.151951727093823,16.072177926982796
3.1525241262628434,16.072177926982796
3.153369593078499,16.072177926982796
3.155769479198837,16.10738255033557
3.155953088411409,16.10738255033557
3.156621191217239,16.10738255033557
3.1577206661101354,16.10738255033557
3.1580367831362914,16.10738255033557
3.1585262489968167,16.10738255033557
3.159781450752507,16.142557651991616
3.1606693603077836,16.142557651991616
3.161987630784921,16.177703269069575
3.1669498567654766,16.177703269069575
3.1676991150829448,16.177703269069575
3.167990582016248,16.177703269069575
3.1683572450324715,16.177703269069575
3.1686305683271607,16.177703269069575
3.1688075182488933,16.21281943862589
3.1692682475933838,16.24790619765494
3.1703083073693197,16.24790619765494
3.173195715831116,16.24790619765494
3.1733415576200414,16.282963583089156
3.1743599308954376,16.317991631799163
3.1743719811311,16.317991631799163
3.176046271167887,16.352990380593894
3.177280476110643,16.352990380593894
3.179171748026531,16.387959866220736
3.179632357502675,16.387959866220736
3.1797590377421012,16.42290012536565
3.1815393295270487,16.42290012536565
3.1828286777146784,16.42290012536565
3.1840178906049994,16.42290012536565
3.1851422033170853,16.42290012536565
3.185182802040591,16.42290012536565
3.185392436275673,16.42290012536565
3.1864066857906868,16.4578111946533
3.1865307466927932,16.4578111946533
3.1894557022224266,16.49269311064718
3.1899819110787164,16.52754590984975
3.190355264167429,16.562369628702545
3.19073292853226,16.562369628702545
3.1952436294046342,16.59716430358632
3.196133111786741,16.631929970821176
3.1969667165639075,16.666666666666664
3.1984059996525693,16.666666666666664
3.1985375467538066,16.666666666666664
3.1993310265086876,16.666666666666664
3.1999086640823102,16.666666666666664
3.2000571483117066,16.701374427321948
3.200390112677976,16.701374427321948
3.2016120906998555,16.736053288925895
3.2023548595614173,16.736053288925895
3.202741657149454,16.77070328755722
3.2029850917653824,16.77070328755722
3.2033322509790056,16.80532445923461
3.203494311270973,16.80532445923461
3.204918049641238,16.80532445923461
3.205044690160052,16.80532445923461
3.2067181517519066,16.839916839916842
3.2073248435599186,16.87448046550291
3.207337345556466,16.87448046550291
3.2077772984068353,16.909015371832155
3.207890809826359,16.909015371832155
3.208138019615627,16.909015371832155
3.209838970957023,16.943521594684384
3.2099230540717905,16.97799916977999
3.21018836282122,17.012448132780083
3.2116713455453767,17.046868519286605
3.2117478805439683,17.046868519286605
3.2130861571870417,17.046868519286605
3.2137169190788324,17.046868519286605
3.2151782328312644,17.046868519286605
3.216115265394201,17.046868519286605
3.216223054977152,17.046868519286605
3.216612556446404,17.081260364842453
3.21718827098529,17.11562370493162
3.2178470194212654,17.11562370493162
3.2189064391347846,17.149958574979287
3.2191672332603103,17.149958574979287
3.2197656646372206,17.149958574979287
3.2198509748926933,17.184265010351968
3.2207192058000356,17.184265010351968
3.2225179635038628,17.184265010351968
3.2230734803092593,17.184265010351968
3.2232288032330763,17.218543046357617
3.2232372050872606,17.25279271824576
3.2261224848650603,17.25279271824576
3.2275307745800514,17.28701406120761
3.228403320997454,17.28701406120761
3.2284523105067673,17.32120711037619
3.228979397644872,17.355371900826448
3.2304979906778044,17.389508467575382
3.2305804389679325,17.389508467575382
3.231304074915775,17.389508467575382
3.2315444045684516,17.389508467575382
3.2326258557070617,17.423616845582163
3.2335952841460363,17.423616845582163
3.234312219828655,17.423616845582163
3.234630417139872,17.457697069748246
3.2355115687165497,17.457697069748246
3.237794322925802,17.491749174917494
3.238608599855595,17.491749174917494
3.2388776500373693,17.491749174917494
3.2437853452185372,17.491749174917494
3.2444251857412514,17.491749174917494
3.247019940676915,17.525773195876287
3.2471520666175984,17.525773195876287
3.2473880658264473,17.525773195876287
3.247528887562658,17.55976916735367
3.247650370141217,17.593737124021423
3.247937899777539,17.593737124021423
3.248954989734652,17.593737124021423
3.250890636254417,17.593737124021423
3.25131821485087,17.593737124021423
3.2519054804127867,17.593737124021423
3.2532118742623326,17.627677100494235
3.2542466483023307,17.627677100494235
3.254918981601704,17.627677100494235
3.2554078487939657,17.661589131329766
3.255965669501921,17.695473251028808
3.2562977709474032,17.695473251028808
3.258264422712219,17.729329494035376
3.2589585313978713,17.729329494035376
3.2615381619574397,17.729329494035376
3.2621980884052086,17.729329494035376
3.2627335307201353,17.763157894736842
3.2633723421760594,17.79695848746404
3.263376936293399,17.830731306491373
3.263884951266506,17.864476386036962
3.2644815401765754,17.864476386036962
3.2645927549855616,17.898193760262725
3.2651445895140827,17.898193760262725
3.2657213025623104,17.931883463274517
3.265801444593759,17.931883463274517
3.2658766550275167,17.96554552912223
3.267238632986415,17.99917999179992
3.267467635142896,17.99917999179992
3.2678980363138366,18.0327868852459
3.269427648304079,18.066366243342895
3.2701587418225695,18.066366243342895
3.275923630396778,18.066366243342895
3.277913530542512,18.0999180999181
3.280793938587572,18.0999180999181
3.2807946361395866,18.13344248874335
3.28088210127541,18.16693944353519
3.281292980125795,18.200408997955012
3.2819951841111155,18.200408997955012
3.2831080107125863,18.200408997955012
3.284001061504903,18.233851185609158
3.2854287797560926,18.26726604004904
3.28586641619324,18.26726604004904
3.286631973021248,18.30065359477124
3.286692739238736,18.33401388321764
3.286917367141937,18.367346938775512
3.2876141104116905,18.367346938775512
3.2878334501901834,18.367346938775512
3.2888042234258874,18.367346938775512
3.289019728066944,18.367346938775512
3.2893761857794237,18.367346938775512
3.2894076689356258,18.367346938775512
3.2897053527754405,18.400652794777642
3.290081461490035,18.43393148450245
3.290850129315253,18.467183041174074
3.2925312980550454,18.467183041174074
3.295079791629188,18.467183041174074
3.2953865391380717,18.50040749796251
3.2969194245992735,18.533604887983707
3.297489012372103,18.533604887983707
3.2982961335121845,18.533604887983707
3.2994332407516977,18.566775244299674
3.299618567794247,18.5999185999186
3.301182641038582,18.5999185999186
3.301265893342975,18.5999185999186
3.302226069295474,18.5999185999186
3.303315863649898,18.5999185999186
3.304464758538728,18.5999185999186
3.3061751317451464,18.5999185999186
3.307149815124153,18.5999185999186
3.3079041489623062,18.5999185999186
3.3081766295717787,18.633034987794954
3.308544387961391,18.666124440829606
3.3090740091514603,18.69918699186992
3.3096451236194566,18.732222673709874
3.3105091106869167,18.765231519090168
3.311631088773423,18.798213560698336
3.311912826726005,18.83116883116883
3.3122167776349114,18.83116883116883
3.314290335523255,18.83116883116883
3.3148680654564635,18.864097363083165
3.315502312349258,18.896999188969993
3.3160746360355846,18.896999188969993
3.3165421882634805,18.896999188969993
3.317439866218682,18.896999188969993
3.3179472578250286,18.92987434130523
3.3193904744733196,18.92987434130523
3.3203555539307277,18.92987434130523
3.322043616743632,18.962722852512158
3.322773901394648,18.962722852512158
3.323677701949448,18.962722852512158
3.324336449235258,18.995544754961525
3.3264768448686906,18.995544754961525
3.327627462876301,18.995544754961525
3.327727387487016,18.995544754961525
3.328211880186299,18.995544754961525
3.3286307395585664,18.995544754961525
3.329742989878644,19.02834008097166
3.3303696174678548,19.02834008097166
3.331116272348587,19.061108862808577
3.331493733921376,19.093851132686083
3.3316237303459406,19.093851132686083
3.3333733163004045,19.12656692276587
3.3338469475574,19.15925626515764
3.3347382557568968,19.15925626515764
3.335273148306024,19.19191919191919
3.335569287225084,19.19191919191919
3.3359298670199014,19.19191919191919
3.3369104585874734,19.22455573505654
3.3371541120002144,19.25716592652402
3.337690099768222,19.289749798224374
3.3377462088391376,19.322307382008873
3.340426711470864,19.322307382008873
3.3408903351360513,19.322307382008873
3.3411663757049035,19.35483870967742
3.3411753362097145,19.38734381297864
3.3414992273089066,19.419822723609993
3.3420517713423283,19.419822723609993
3.3421129552050415,19.45227547321788
3.342331354069559,19.484702093397747
3.343559947037232,19.484702093397747
3.343854959332076,19.517102615694164
3.3440276376133307,19.549477071600965
3.3461815784171165,19.581825492561318
3.346226361305154,19.581825492561318
3.346359587288051,19.614147909967848
3.346487364534453,19.614147909967848
3.346582325199568,19.614147909967848
3.348718230016618,19.646444355162714
3.3492200084521206,19.67871485943775
3.3494081699978713,19.67871485943775
3.3503357476334727,19.710959454034523
3.3509049829242135,19.743178170144464
3.3517852298400355,19.743178170144464
3.3519285446629956,19.775371038908947
3.3522137830476177,19.807538091419406
3.353298373217223,19.807538091419406
3.3537275165285707,19.807538091419406
3.3539154866940626,19.807538091419406
3.3543376371395106,19.839679358717436
3.354882496153217,19.871794871794872
3.357123036921811,19.903884661593914
3.3571640067211836,19.903884661593914
3.357401451624781,19.903884661593914
3.3578836831037653,19.935948759007204
3.35845950179677,19.935948759007204
3.358612751738757,19.96798719487795
3.359177707196461,20.0
3.3611438770673385,20.0
3.3617012293557584,20.03198720511795
3.3633210394472943,20.06394884092726
3.3636279374332796,20.06394884092726
3.364427454954947,20.06394884092726
3.3652186328065414,20.09588493807431
3.3661886155435403,20.12779552715655
3.3662527836270404,20.159680638722556
3.3665965322658,20.159680638722556
3.3669108234460703,20.159680638722556
3.366972737292235,20.191540303272145
3.3680304923489217,20.191540303272145
3.368190722857845,20.22337455125648
3.368535357724566,20.22337455125648
3.3685425384568775,20.25518341307815
3.368836385590558,20.28696691909127
3.3694382685937008,20.318725099601593
3.3698290805576536,20.350457984866587
3.3729086737942637,20.350457984866587
3.3730671922895454,20.382165605095544
3.3730772077429636,20.413847990449664
3.3730885723705932,20.445505171042164
3.373214167533829,20.47713717693837
3.3738058843880223,20.5087440381558
3.3740601890439024,20.540325784664283
3.3745498615114817,20.540325784664283
3.374746726771926,20.540325784664283
3.375706674931259,20.57188244638602
3.375776818287238,20.57188244638602
3.377179370922238,20.57188244638602
3.377963340179513,20.603414053195714
3.379101076839677,20.603414053195714
3.3801240906619223,20.634920634920633
3.3802453748613854,20.66640222134074
3.3818761484131135,20.66640222134074
3.381905058407621,20.697858842188737
3.3820748033912875,20.697858842188737
3.382336861793491,20.72929052715022
3.382423052818061,20.72929052715022
3.382588669257181,20.760697305863708
3.3828894034379418,20.760697305863708
3.3833796636069526,20.760697305863708
3.383519715075813,20.792079207920793
3.383847467555731,20.792079207920793
3.384074017824072,20.792079207920793
3.3888244140542327,20.792079207920793
3.389393243097567,20.823436262866192
3.389455334628842,20.854768500197864
3.389690436791322,20.854768500197864
3.392243056549361,20.88607594936709
3.3923940529215835,20.91735863977857
3.3932085499100344,20.948616600790515
3.3934745636970542,20.948616600790515
3.39390402562545,20.948616600790515
3.3942799799857397,20.948616600790515
3.394426766956852,20.948616600790515
3.3946029961125097,20.948616600790515
3.3951315610158117,20.948616600790515
3.3965605456585877,20.948616600790515
3.3968002492860982,20.979849861714737
3.3971126592695935,20.979849861714737
3.39852642190866,21.011058451816748
3.3992485100331686,21.011058451816748
3.3996059505293887,21.011058451816748
3.400522310474882,21.042242400315832
3.4017264449397144,21.042242400315832
3.4031863696523694,21.042242400315832
3.4050444332145013,21.07340173638516
3.405093720691777,21.07340173638516
3.406166657923434,21.104536489151872
3.40641732171631,21.13564668769716
3.406437304420489,21.13564668769716
3.406606307411388,21.13564668769716
3.4076552096410504,21.166732361056365
3.4081179901675713,21.19779353821907
3.408519193909783,21.228830248129185
3.4085355880676853,21.228830248129185
3.4094343085741676,21.228830248129185
3.409763154508109,21.25984251968504
3.409997726970902,21.25984251968504
3.4109761064544886,21.29083038173947
3.4112124484274085,21.321793863099924
3.412515167437196,21.35273299252851
3.4130952890724067,21.38364779874214
3.416494564688904,21.38364779874214
3.4172308336214408,21.414538310412574
3.417365234748028,21.414538310412574
3.4187334471531403,21.414538310412574
3.4200980834687655,21.445404556166537
3.4204800840999057,21.47624656458579
3.4204809561881655,21.47624656458579
3.420609606415868,21.47624656458579
3.421392060629368,21.47624656458579
3.421634291999119,21.47624656458579
3.4218718207358765,21.47624656458579
3.422820032176765,21.47624656458579
3.4240553906341042,21.47624656458579
3.424119944779738,21.47624656458579
3.424555224695669,21.50706436420722
3.4266474630563204,21.53785798352295
3.426711726349283,21.568627450980394
3.4273652088276045,21.568627450980394
3.4276106444804286,21.568627450980394
3.429280390264634,21.568627450980394
3.429715609492619,21.59937279498236
3.4300474426786995,21.630094043887148
3.43068860708825,21.630094043887148
3.430704798548178,21.630094043887148
3.431085347963159,21.630094043887148
3.432271663704917,21.630094043887148
3.4331722197545114,21.630094043887148
3.4331893214896545,21.660791226008616
3.4332474041799923,21.69146436961629
3.4341932495500322,21.722113502935418
3.434541514879711,21.722113502935418
3.4346104434076,21.752738654147105
3.4354834277397455,21.752738654147105
3.435948393037627,21.752738654147105
3.4359495968482494,21.752738654147105
3.4361049009560682,21.752738654147105
3.436201629745643,21.783339851388344
3.4367106513585286,21.813917122752148
3.438346134471577,21.813917122752148
3.439037053803758,21.844470496287613
3.4391640065794453,21.844470496287613
3.439466517221629,21.844470496287613
3.4398868019554247,21.875
3.4413553721651486,21.875
3.4422910887645757,21.875
3.4443152133293236,21.90550566185084
3.444685683760478,21.90550566185084
3.4448596222601306,21.90550566185084
3.4451236825335125,21.935987509758
3.445360945752604,21.935987509758
3.4458203225862647,21.935987509758
3.4458869820553053,21.935987509758
3.446730344822683,21.935987509758
3.449406956519029,21.966445571595784
3.450141856663838,21.966445571595784
3.4512861038672242,21.996879875195006
3.451513170367256,21.996879875195006
3.4515626118583302,22.027290448343077
3.4524003375308765,22.027290448343077
3.45382152567608,22.027290448343077
3.4547981799098406,22.0576773187841
3.4548042933343956,22.0576773187841
3.455148951310546,22.0576773187841
3.4553781115307363,22.0576773187841
3.4564648519275707,22.08804051421893
3.4565263784563007,22.118380062305295
3.458020526539916,22.118380062305295
3.4600405440923843,22.148695990657842
3.460560113913359,22.148695990657842
3.4610814430430232,22.148695990657842
3.4610919214179585,22.148695990657842
3.461124146765335,22.17898832684825
3.4626614784110648,22.17898832684825
3.462749319988742,22.17898832684825
3.4636751996392348,22.20925709840529
3.464672728155888,22.20925709840529
3.4665058517047993,22.20925709840529
3.4670737727748113,22.20925709840529
3.4672688146908164,22.20925709840529
3.4672840574447044,22.20925709840529
3.4685652603116743,22.23950233281493
3.468830323818846,22.23950233281493
3.469148425092458,22.23950233281493
3.469373587024194,22.23950233281493
3.4695421708364367,22.269724057520403
3.4701555900691514,22.269724057520403
3.4715774867893066,22.2999222999223
3.4732244977894164,22.2999222999223
3.4735613216580834,22.2999222999223
3.4738279271727417,22.2999222999223
3.474601596163925,22.330097087378643
3.474657913515236,22.330097087378643
3.474992148972845,22.330097087378643
3.4750368254419186,22.36024844720497
3.4755284428920143,22.390376406674427
3.476286218104544,22.390376406674427
3.4788682344398945,22.390376406674427
3.479172495063307,22.420480993017843
3.4791816751857607,22.450562233423806
3.4801454192443804,22.48062015503876
3.480713441431739,22.48062015503876
3.4821651028010154,22.510654784967066
3.482916258129072,22.540666150271107
3.4844887383137375,22.57065427797135
3.485533282160074,22.60061919504644
3.4856054057657717,22.60061919504644
3.485715473594578,22.63056092843327
3.4893931658746586,22.66047950502707
3.489759435316096,22.690374951681484
3.4899904542770033,22.720247295208658
3.490163251365273,22.750096562379298
3.49076748192515,22.779922779922778
3.491201496956821,22.779922779922778
3.4914779398554,22.779922779922778
3.494180178222552,22.809725974527208
3.494368667189834,22.809725974527208
3.4958681871873685,22.839506172839506
3.4993060069684447,22.839506172839506
3.5005799668334383,22.839506172839506
3.5006371801184213,22.869263401465485
3.5010219763754384,22.89899768696993
3.501654525611174,22.928709055876688
3.5017356824533574,22.928709055876688
3.5025289579721544,22.95839753466872
3.504180369910693,22.95839753466872
3.5061633470749465,22.95839753466872
3.5072051361348286,22.95839753466872
3.5074399301759995,22.95839753466872
3.5078955734421244,22.988063149788218
3.5079685110051604,22.988063149788218
3.508244167218346,23.017705927636644
3.508870718343067,23.047325894574836
3.508917970822799,23.076923076923077
3.508959053543264,23.10649750096117
3.5091060966483023,23.136049192928517
3.511400764677274,23.1655781790242
3.5124713279404474,23.1655781790242
3.513253573268467,23.195084485407065
3.5136830517288375,23.195084485407065
3.5150074207369797,23.195084485407065
3.5152622920402816,23.224568138195778
3.516317709209327,23.224568138195778
3.5167511052626206,23.224568138195778
3.5173546924967516,23.254029163468918
3.5173883405849864,23.283467587265054
3.518241813616991,23.31288343558282
3.518300350245454,23.31288343558282
3.5183233393624187,23.31288343558282
3.5195380482307157,23.34227673438099
3.52128615979267,23.34227673438099
3.521522639256918,23.34227673438099
3.5230827216308307,23.34227673438099
3.5234271744165753,23.371647509578544
3.524324501542022,23.371647509578544
3.5253838291595594,23.371647509578544
3.5256199565891513,23.400995787054768
3.5263064191157345,23.43032159264931
3.527065388727199,23.43032159264931
3.5272359126591293,23.459624952162265
3.5273978530472627,23.459624952162265
3.5280083534009705,23.488905891354246
3.5301174039038026,23.518164435946463
3.5305970311693526,23.518164435946463
3.5312178741273974,23.518164435946463
3.531416217545305,23.547400611620795
3.5318767958337496,23.547400611620795
3.532996079167272,23.547400611620795
3.533981467685828,23.547400611620795
3.5344335445816566,23.57661444401987
3.5354650132707994,23.57661444401987
3.5355261577482437,23.605805958747137
3.535883642884025,23.634975181366936
3.5364586363432977,23.634975181366936
3.536868965417578,23.634975181366936
3.538744550146439,23.634975181366936
3.5398076521204564,23.66412213740458
3.5414926049334845,23.66412213740458
3.5419094720289372,23.66412213740458
3.542253957137643,23.66412213740458
3.542444760781087,23.66412213740458
3.543583813893086,23.66412213740458
3.543608239893766,23.693246852346434
3.5438867143669976,23.693246852346434
3.544501581950949,23.72234935163997
3.5446711170212666,23.751429660693862
3.545094616953646,23.751429660693862
3.5451245219694383,23.78048780487805
3.5460995805047895,23.809523809523807
3.5472476609768133,23.83853769992384
3.5478291847720516,23.867529501332317
3.5479072295653937,23.896499238964992
3.548060660655552,23.92544693799924
3.548409210936343,23.92544693799924
3.5486201261733856,23.954372623574145
3.549475254320564,23.983276320790576
3.5505584613498757,24.012158054711247
3.551100077094383,24.012158054711247
3.551633362624918,24.041017850360806
3.5520098074034574,24.041017850360806
3.5522591671880015,24.041017850360806
3.5522672672627995,24.041017850360806
3.5539717155124815,24.06985573272589
3.5540979192714697,24.06985573272589
3.5543942350748763,24.06985573272589
3.5549701158838425,24.09867172675522
3.556004804719182,24.12746585735964
3.5562895174236697,24.15623814941221
3.556997484992109,24.184988627748293
3.5571871453340393,24.184988627748293
3.5573748905508333,24.213717317165592
3.557650657672875,24.242424242424242
3.557885985658846,24.271109428246877
3.55847309677532,24.299772899318697
3.5607938508716726,24.32841468028755
3.5625647549527812,24.357034795763994
3.562605774214781,24.38563327032136
3.562749879781686,24.414210128495842
3.5627858878177907,24.414210128495842
3.562890273769336,24.414210128495842
3.5650098327059014,24.44276539478655
3.565697077547746,24.44276539478655
3.5660605966873034,24.47129909365559
3.5666647164129013,24.47129909365559
3.5674932874548078,24.499811249528126
3.5675395264054135,24.499811249528126
3.56763469364562,24.499811249528126
3.5678670294566177,24.499811249528126
3.5683732018935643,24.499811249528126
3.569616711239517,24.499811249528126
3.5724631253776122,24.528301886792452
3.5742438688521823,24.556771029800075
3.5749266844703746,24.58521870286576
3.57516786301347,24.613644930267622
3.5754011865860926,24.613644930267622
3.575783025937865,24.613644930267622
3.5769895463632073,24.613644930267622
3.5781304634679407,24.613644930267622
3.578393176590868,24.642049736247174
3.5789788649233936,24.642049736247174
3.5790119870971804,24.670433145009415
3.5795665132022596,24.670433145009415
3.5802267873709095,24.670433145009415
3.58043626973508,24.69879518072289
3.581082926329271,24.69879518072289
3.5812555594453857,24.69879518072289
3.581969861862568,24.69879518072289
3.582252345304566,24.69879518072289
3.5827925980149637,24.69879518072289
3.583990674073925,24.72713586751976
3.584159560515273,24.72713586751976
3.584208112325215,24.72713586751976
3.584966876846247,24.72713586751976
3.5856852763202283,24.72713586751976
3.5858711353689268,24.72713586751976
3.586204821225362,24.755455229495862
3.5864713102764316,24.755455229495862
3.5866621250376585,24.783753290710795
3.5867794017048573,24.81203007518797
3.5872300816778444,24.840285606914694
3.588106027292044,24.840285606914694
3.5884245223644866,24.868519909842224
3.589836774335867,24.868519909842224
3.5898809606040385,24.868519909842224
3.5925218047617182,24.896733007885842
3.594457029478113,24.924924924924923
3.5949317431928103,24.924924924924923
3.5988740193291098,24.953095684803
3.5989539774941517,24.981245311327832
3.5996277482536256,24.981245311327832
3.600229484751204,25.009373828271464
3.60065848664194,25.037481259370313
3.6010683786598507,25.037481259370313
3.601468167912205,25.065567628325212
3.6020657744744136,25.0936329588015
3.6032141903336767,25.121677274429054
3.603748779705769,25.121677274429054
3.605235225762124,25.121677274429054
3.605722606503504,25.121677274429054
3.605784637799273,25.121677274429054
3.6067225542708057,25.149700598802394
3.6075660669562133,25.177702955480736
3.607706403553966,25.177702955480736
3.607854610468589,25.205684367988034
3.608095896122366,25.233644859813083
3.608211606888241,25.26158445440957
3.6083242473086,25.289503175196117
3.6097086279965596,25.317401045556387
3.6102122155783345,25.317401045556387
3.6121877789390084,25.317401045556387
3.612959747130166,25.317401045556387
3.6136655129411013,25.317401045556387
3.614247604461353,25.34527808883912
3.614874245005028,25.34527808883912
3.6156419046901953,25.34527808883912
3.616077780373901,25.37313432835821
3.6174974523760866,25.400969787392764
3.617885196284902,25.428784489187173
3.6180767316059352,25.456578456951174
3.618286576028575,25.456578456951174
3.619446451597857,25.48435171385991
3.620902261493764,25.48435171385991
3.622368065294188,25.48435171385991
3.6226077303915285,25.512104283054004
3.622642444112501,25.539836187639615
3.623101296729737,25.5675474506885
3.624390716154393,25.595238095238095
3.6253086348645756,25.595238095238095
3.625337252973735,25.622908144291557
3.6254660801578713,25.650557620817843
3.625619054449553,25.678186547751764
3.6258559488127244,25.705794947994054
3.6267774991472734,25.705794947994054
3.6270338542463554,25.705794947994054
3.6276410888776702,25.733382844411434
3.628618502783674,25.733382844411434
3.628698815551876,25.760950259836672
3.6302695217360443,25.760950259836672
3.6303004344705565,25.760950259836672
3.63037148742468,25.760950259836672
3.6309562114523817,25.788497217068645
3.6316306576380155,25.788497217068645
3.631647835499231,25.816023738872403
3.632348857854515,25.843529847979234
3.6337856526048955,25.87101556708673
3.6346475932912368,25.87101556708673
3.634799025995504,25.87101556708673
3.6350252647985544,25.87101556708673
3.635611150752448,25.87101556708673
3.636381637535004,25.87101556708673
3.6365652791584675,25.87101556708673
3.6381937648822964,25.898480918858834
3.6390999181883528,25.925925925925924
3.6392839543382323,25.925925925925924
3.639532372810154,25.925925925925924
3.639672857822704,25.953350610884858
3.639720809913958,25.980754996299037
3.6397700435920877,25.980754996299037
3.6413724094851108,25.980754996299037
3.6417954527673255,26.008139104698486
3.64307183723304,26.035502958579883
3.6434070133588103,26.035502958579883
3.6435091592743793,26.035502958579883
3.6436279874282653,26.035502958579883
3.6448301280234516,26.035502958579883
3.6464959148579097,26.062846580406656
3.6465120065860193,26.062846580406656
3.6465955741273604,26.062846580406656
3.6484485895953593,26.09016999260902
3.648536132352009,26.09016999260902
3.649069047085982,26.117473217584042
3.649109557594943,26.14475627769572
3.6493392706921353,26.17201919527501
3.649621674031512,26.17201919527501
3.650428409170757,26.17201919527501
3.651150386348283,26.17201919527501
3.652648516097811,26.17201919527501
3.652763258931077,26.17201919527501
3.6528884551228598,26.199261992619927
3.6533812229380724,26.199261992619927
3.6536361701004747,26.199261992619927
3.6536464722464497,26.226484691995573
3.6538297206635595,26.253687315634217
3.653986811640551,26.253687315634217
3.655450501812695,26.253687315634217
3.657025617109806,26.253687315634217
3.6571498012032406,26.28086988573535
3.657158695064024,26.308032424465733
3.6577220199682916,26.308032424465733
3.6587945186366713,26.335174953959484
3.659063996171313,26.362297496318117
3.659664915205634,26.389400073610602
3.6601797906111884,26.389400073610602
3.66042979583951,26.389400073610602
3.6621633793179966,26.416482707873435
3.662311741835755,26.416482707873435
3.6625035737047478,26.443545421110702
3.6625699912996903,26.47058823529412
3.6626297510335,26.47058823529412
3.6635889631948695,26.47058823529412
3.663762892414842,26.47058823529412
3.663861344011965,26.4976111723631
3.663867785395922,26.524614254224833
3.6639867756852484,26.551597502754316
3.6643390907916764,26.551597502754316
3.6647144943104766,26.57856093979442
3.6648109711619035,26.57856093979442
3.6649168887410197,26.605504587155966
3.6656247891240095,26.605504587155966
3.665778792253556,26.632428466617753
3.6658642475783707,26.632428466617753
3.666385539765538,26.65933259992666
3.6667488594395583,26.68621700879765
3.667336649591367,26.71308171491389
3.6675740371326535,26.73992673992674
3.6677283804047134,26.73992673992674
3.668500099298255,26.73992673992674
3.6688694845020278,26.766752105455875
3.669444634287616,26.79355783308931
3.6695920773064556,26.820343944383463
3.6699513390443537,26.820343944383463
3.669978005280712,26.847110460863206
3.6704771038680746,26.847110460863206
3.671372204226037,26.847110460863206
3.671942289759563,26.847110460863206
3.6719621000917013,26.87385740402194
3.673136735541241,26.900584795321635
3.6732393943958024,26.927292656192915
3.67398224248795,26.95398100803506
3.674076600426364,26.95398100803506
3.6743047890460683,26.98064987221614
3.6750947937462772,26.98064987221614
3.675567490098742,26.98064987221614
3.675632451531261,26.98064987221614
3.676614963693094,27.00729927007299
3.68005510983386,27.033929222911347
3.6806013895117933,27.060539752005834
3.6812475425959583,27.087130878600075
3.681991693144886,27.113702623906704
3.68261115998451,27.140255009107467
3.6832047754748465,27.140255009107467
3.68340104279414,27.140255009107467
3.683982839594182,27.140255009107467
3.6846643728610826,27.16678805535324
3.6850441787083437,27.16678805535324
3.685589805626254,27.193301783764106
3.686416198190469,27.193301783764106
3.6870063563884816,27.219796215429405
3.687762611994162,27.219796215429405
3.6882289485311888,27.219796215429405
3.688540046718957,27.246271371407783
3.6885412135726017,27.27272727272727
3.6885713577279287,27.299163940385313
3.6886233897516028,27.325581395348834
3.68867467314835,27.325581395348834
3.688979702528437,27.351979658554303
3.6896824257743885,27.378358750907772
3.690682241075588,27.404718693284934
3.6935053938437545,27.404718693284934
3.6936314261256418,27.431059506531202
3.6961893915074637,27.431059506531202
3.6967490715722824,27.431059506531202
3.6972108844002993,27.431059506531202
3.6972588081018847,27.431059506531202
3.699071817829198,27.431059506531202
3.7006171674449333,27.457381211461733
3.7009358639951073,27.457381211461733
3.7014607061107347,27.483683828861494
3.701575292291473,27.509967379485325
3.702031032498702,27.536231884057973
3.702945599710183,27.536231884057973
3.7032266765912714,27.562477363274173
3.703371355074083,27.588703837798693
3.704347378891144,27.614911328266377
3.704421703145712,27.641099855282196
3.706421532545576,27.641099855282196
3.7069391947913557,27.66726943942134
3.706939268749462,27.69342010122921
3.7087244435607207,27.69342010122921
3.710144157704409,27.719551861221543
3.712554527382204,27.74566473988439
3.714305863452829,27.74566473988439
3.7156279940017383,27.771758757674252
3.7169939497266586,27.79783393501805
3.7171559114568375,27.823890292313248
3.7177983299871316,27.84992784992785
3.717840952140777,27.875946628200506
3.7188109900436195,27.875946628200506
3.719766094518142,27.901946647440518
3.720535946183298,27.927927927927925
3.7212148491963566,27.953890489913547
3.721465636304862,27.979834353619015
3.7216903118006823,28.005759539236863
3.722137464927396,28.031666066930548
3.722217868736416,28.05755395683453
3.7229263404015174,28.0834232290543
3.7236584298990323,28.0834232290543
3.7249427837317315,28.109273903666427
3.725315522036787,28.13510600071865
3.7255048960524024,28.13510600071865
3.7255159014228054,28.160919540229884
3.7256904706315854,28.160919540229884
3.7259863931865467,28.186714542190305
3.7271446904965146,28.186714542190305
3.727212425736896,28.186714542190305
3.7272333684322385,28.186714542190305
3.727407628525383,28.212491026561377
3.7285789602672983,28.238249013275922
3.7286907481044316,28.238249013275922
3.7301008202020607,28.263988522238165
3.7308904017145617,28.289709573323773
3.731986032122443,28.31541218637993
3.7320042369790656,28.31541218637993
3.732013369610171,28.341096381225366
3.7321868305922017,28.341096381225366
3.7322200891102857,28.36676217765043
3.7325747003584584,28.392409595417114
3.7333610114849307,28.418038654259124
3.7337022233507984,28.44364937388193
3.734795216873468,28.469241773962807
3.7355617168322537,28.494815874150873
3.737093873428966,28.520371694067194
3.7373417400676043,28.545909253304753
3.7375750405439123,28.57142857142857
3.7381138406030385,28.596929667975722
3.7385876472690995,28.596929667975722
3.7388772773891126,28.596929667975722
3.7405234104062757,28.596929667975722
3.7407108489013354,28.62241256245539
3.7408236293608654,28.64787727434891
3.742181513117769,28.673323823109843
3.7425258578182294,28.698752228163993
3.7429681172646454,28.72416250890948
3.743366712583405,28.749554684716777
3.744138323618081,28.749554684716777
3.7453169740038446,28.774928774928775
3.745583895888791,28.800284798860805
3.7466059939879743,28.825622775800714
3.747017389245235,28.850942725008892
3.7471130788995817,28.87624466571835
3.7475319982911452,28.90152861713473
3.748295595049757,28.926794598436388
3.74899767648158,28.95204262877442
3.749092296898302,28.97727272727273
3.749099177953247,29.00248491302804
3.7496611473739065,29.027679205110008
3.7500634024198645,29.05285562256119
3.7502626902008123,29.078014184397162
3.7505524005815727,29.078014184397162
3.7513060348516185,29.078014184397162
3.7516358851079503,29.078014184397162
3.7517857314235648,29.10315490960652
3.752271596895861,29.128277817150956
3.7534827812139957,29.128277817150956
3.754034197050059,29.15338292596529
3.754712769672505,29.178470254957507
3.7553095965725576,29.178470254957507
3.7562078611633702,29.20353982300885
3.7570495757410165,29.20353982300885
3.757337452902515,29.20353982300885
3.757768713159986,29.20353982300885
3.7591108660518366,29.22859164897382
3.7594300087656087,29.22859164897382
3.761855198387254,29.25362575168023
3.762200589325459,29.27864214992928
3.7633600257017608,29.303640862495584
3.7643938451461034,29.328621908127207
3.7646781457425114,29.353585305545742
3.764900739001153,29.37853107344633
3.7649251839157483,29.37853107344633
3.765936981837782,29.37853107344633
3.7660336896517985,29.40345923049771
3.766569070422662,29.428369795342274
3.767033154114,29.453262786596117
3.767308271923558,29.478138222849083
3.767732470032276,29.502996122664786
3.768242087475207,29.52783650458069
3.769396360535757,29.52783650458069
3.7697031602547586,29.552659387108136
3.770857127873591,29.577464788732392
3.771872499133812,29.60225272791271
3.7721701101937524,29.62702322308234
3.772252352424803,29.651776292648613
3.7732565655192527,29.651776292648613
3.773758860755749,29.676511954992968
3.774548526303127,29.701230228471005
3.7750407635228065,29.701230228471005
3.775861873918073,29.72593113141251
3.776022493337187,29.75061468212153
3.7765577672146993,29.75061468212153
3.7767326300176256,29.775280898876407
3.7768898361067746,29.799929799929796
3.776917611914003,29.82456140350877
3.7771156548031097,29.82456140350877
3.7773355415753493,29.849175727814803
3.7779095623779906,29.873772791023846
3.778658918834118,29.873772791023846
3.7789295280259605,29.898352611286366
3.779387462671878,29.922915206727403
3.7794515427025126,29.947460595446586
3.7798490365701958,29.971988795518207
3.7810821342085825,29.99649982499125
3.781202471904543,29.99649982499125
3.782531255415176,30.02099370188943
3.7832413758858405,30.02099370188943
3.7834442181952297,30.02099370188943
3.7835899873449175,30.02099370188943
3.783713585535868,30.045470444211265
3.7847994010263597,30.069930069930066
3.7852984040794704,30.069930069930066
3.7854434945314477,30.094372596994056
3.785757130318657,30.118798043326343
3.785931151639416,30.118798043326343
3.7869425559005387,30.14320642682501
3.7869911238364176,30.16759776536313
3.7871737539894665,30.19197207678883
3.7871905283429714,30.216329378925334
3.787217068255917,30.240669689570982
3.7873889276169175,30.240669689570982
3.7877715288019314,30.240669689570982
3.7881371271014,30.264993026499305
3.78828874528507,30.289299407459048
3.7886247207790973,30.313588850174217
3.790274649980479,30.313588850174217
3.7913930989470677,30.337861372344133
3.7925923832353385,30.337861372344133
3.7929264328548564,30.362116991643457
3.7934006783534717,30.386355725722243
3.793408653849213,30.410577592205986
3.7942938435513036,30.434782608695656
3.796381900273316,30.434782608695656
3.7988793280906,30.434782608695656
3.7991872434127116,30.45897079276773
3.79918953302955,30.45897079276773
3.7994942305473205,30.483142161974282
3.8004082154718835,30.483142161974282
3.800408324038719,30.483142161974282
3.8012773042849473,30.50729673384295
3.8023595947141686,30.53143452587704
3.8038465706341165,30.53143452587704
3.8053321623996204,30.53143452587704
3.8055782348305995,30.555555555555557
3.805682667511987,30.555555555555557
3.8061369376840712,30.555555555555557
3.8067495065563124,30.555555555555557
3.8073083599924082,30.579659840333218
3.807456672405139,30.60374739764053
3.8085340943992065,30.6278182448838
3.8088132862686512,30.6278182448838
3.8102141216572103,30.651872399445214
3.811297751654678,30.675909878682845
3.8113130351705,30.675909878682845
3.8120012873961278,30.6999306999307
3.81235304274941,30.6999306999307
3.812913502024042,30.72393488049879
3.8140545160563857,30.747922437673132
3.8152281168069595,30.77189338871582
3.8169546505925234,30.79584775086505
3.817516947879333,30.819785541335175
3.81758494744692,30.819785541335175
3.8178415696598647,30.819785541335175
3.8188053632665064,30.843706777316736
3.8193187253481105,30.867611475976496
3.8211630533519227,30.891499654457498
3.8212441047145034,30.915371329879104
3.8217267727254187,30.939226519337016
3.82180675765797,30.963065239903347
3.822421990583068,30.986887508626637
3.8225088185951024,31.01069334253191
3.822850111516594,31.03448275862069
3.8229517726080626,31.05825577387108
3.8234943785978475,31.08201240523777
3.82557746119412,31.10575266965208
3.8259472002144954,31.129476584022036
3.8259549379846125,31.129476584022036
3.826604513482547,31.153184165232357
3.8266856843741928,31.153184165232357
3.827583587946682,31.153184165232357
3.828370512782392,31.17687543014453
3.8284888516239337,31.20055039559684
3.8292589247660547,31.224209078404403
3.829889165420372,31.24785149535923
3.830388053621564,31.27147766323024
3.8303934031566964,31.29508759876331
3.8309533684437946,31.318681318681318
3.8316918426116113,31.342258839684174
3.83235673413096,31.342258839684174
3.833546597102987,31.342258839684174
3.834290137248326,31.365820178448867
3.8343707571015155,31.3893653516295
3.834444089361101,31.412894375857338
3.8348487576476558,31.43640726774083
3.835809537371333,31.43640726774083
3.8358186422274443,31.45990404386566
3.836443915398533,31.45990404386566
3.836968407594867,31.483384720794795
3.8377575318989954,31.483384720794795
3.83803760018062,31.483384720794795
3.8388135357979682,31.506849315068493
3.8388595089603155,31.53029784320438
3.8390429905957073,31.553730321697465
3.839907660292015,31.577146767020185
3.840288012217882,31.600547195622436
3.8405523254293907,31.600547195622436
3.8419756324585097,31.62393162393162
3.8431931598207942,31.647300068352703
3.8439881037052106,31.67065254526819
3.845035133368419,31.67065254526819
3.8454963386685823,31.693989071038253
3.8456731378386633,31.693989071038253
3.845825198554893,31.71730966200068
3.8466563583158306,31.71730966200068
3.8466852232466073,31.74061433447099
3.846922750358835,31.763903104742408
3.84721804656347,31.763903104742408
3.8487254743284223,31.78717598908595
3.848986666100959,31.810433003750425
3.849660870298001,31.83367416496251
3.849847586446084,31.85689948892675
3.8517667925324837,31.88010899182561
3.8530068662076804,31.903302689819547
3.853350679980049,31.903302689819547
3.8539967034275584,31.926480599046968
3.854177072820618,31.949642735624362
3.854933407531554,31.949642735624362
3.8554694568420245,31.97278911564626
3.856502432898326,31.99591975518531
3.8566390257032066,32.01903467029232
3.857263948570778,32.01903467029232
3.857834178108024,32.04213387699627
3.85807355185196,32.04213387699627
3.858164464162102,32.065217391304344
3.8586158032631883,32.088285229202036
3.8586238841830176,32.11133740665309
3.8589319894188425,32.13437393959959
3.859370933373424,32.15739484396201
3.8595299601480093,32.180400135639196
3.861171602413702,32.20338983050847
3.8613998268219243,32.226363944425614
3.8621831054265563,32.24932249322493
3.862415815294787,32.24932249322493
3.862474694695511,32.27226549271927
3.8628416266421337,32.29519295870007
3.863309869374665,32.29519295870007
3.8644142277140907,32.31810490693739
3.8653613574093217,32.34100135317997
3.8659475563169083,32.36388231315522
3.8659855615273906,32.3867478025693
3.866091465323784,32.40959783710713
3.8662785537866275,32.40959783710713
3.8672978080561102,32.432432432432435
3.867338664332549,32.432432432432435
3.868187623463562,32.45525160418777
3.8687493727972244,32.4780553679946
3.8689378876302807,32.50084373945326
3.8697442014413554,32.50084373945326
3.8708420382223734,32.50084373945326
3.872244640535636,32.523616734143054
3.872542455716672,32.54637436762226
3.8732217835901146,32.54637436762226
3.8733688943114073,32.54637436762226
3.873567454776618,32.54637436762226
3.8739030210076693,32.56911665542819
3.8742953788031578,32.59184361307718
3.874381201450251,32.61455525606469
3.876116579481205,32.63725159986527
3.876598934929479,32.63725159986527
3.87725974879561,32.659932659932664
3.8798520549293354,32.659932659932664
3.8821398972542833,32.659932659932664
3.8821751173902452,32.68259845169976
3.8826823625278606,32.68259845169976
3.8831457557053626,32.68259845169976
3.8842060511139724,32.68259845169976
3.8843479640989136,32.70524899057873
3.885058985714084,32.72788429196098
3.8860204827669365,32.72788429196098
3.8864084011888074,32.75050437121722
3.887196831730323,32.773109243697476
3.8876549876131223,32.773109243697476
3.8887948126613745,32.795698924731184
3.8888281414092187,32.81827342962714
3.8900502991801202,32.840832773673604
3.890432581355112,32.840832773673604
3.8906798537163843,32.863376972138305
3.891244021938846,32.863376972138305
3.891657233400359,32.863376972138305
3.892768463637559,32.88590604026846
3.893165837538502,32.90841999329084
3.8938938161997796,32.93091884641181
3.893895016357653,32.93091884641181
3.894413304692487,32.95340261481729
3.896261298031994,32.975871313672926
3.8964465434367677,32.99832495812395
3.8971319730444978,33.02076356329538
3.8973927812642315,33.04318714429193
3.8975930114291764,33.065595716198125
3.897629845032299,33.065595716198125
3.8984900287299986,33.087989294078284
3.898532733542932,33.087989294078284
3.898570687882754,33.11036789297659
3.8991672399592177,33.13273152791709
3.899338707802082,33.13273152791709
3.8993524637939725,33.13273152791709
3.8994743397194265,33.13273152791709
3.899782349050654,33.13273152791709
3.9003726603053677,33.13273152791709
3.900668418724848,33.155080213903744
3.901126020486464,33.155080213903744
3.901233424099018,33.17741396592048
3.9019126670813686,33.17741396592048
3.902356994529376,33.17741396592048
3.9031503056500023,33.17741396592048
3.903740663426801,33.17741396592048
3.9045342487417827,33.199732798931194
3.904566159826234,33.199732798931194
3.9052706166314803,33.2220367278798
3.906117979625459,33.244325767690256
3.906992909643066,33.2665999332666
3.9071893360888135,33.2665999332666
3.907626031529144,33.28885923949299
3.9077706787529096,33.28885923949299
3.9088593495115833,33.31110370123375
3.9088906127538667,33.33333333333333
3.908939492897085,33.33333333333333
3.9098195371617037,33.35554815061646
3.9100144868192546,33.37774816788808
3.9106436892540737,33.37774816788808
3.910983445417296,33.3999333999334
3.911535814873382,33.422103861517975
3.911848505688321,33.44425956738768
3.9123821895329565,33.4664005322688
3.912696059030272,33.4664005322688
3.913168854472239,33.48852677086798
3.9132098976420635,33.51063829787234
3.914078136853622,33.51063829787234
3.914135533836389,33.532735127949486
3.914364104075294,33.532735127949486
3.9151211800449497,33.532735127949486
3.915298739673478,33.5548172757475
3.915477269942852,33.57688475589505
3.915492771926371,33.57688475589505
3.915552578955118,33.57688475589505
3.9155817770691885,33.57688475589505
3.915645567153472,33.57688475589505
3.915786587767978,33.59893758300132
3.9158980287144534,33.59893758300132
3.917941682840891,33.620975771656155
3.918924934591337,33.64299933642999
3.919210728067603,33.66500829187397
3.91951304921049,33.66500829187397
3.9197873839694637,33.687002652519894
3.9200875281220124,33.70898243288035
3.9209109623585796,33.70898243288035
3.922498228119123,33.73094764744864
3.922843583032052,33.73094764744864
3.923382619673878,33.75289831069891
3.9236118147947825,33.77483443708609
3.923836864167335,33.79675604104601
3.924557783025383,33.79675604104601
3.9254421049349433,33.81866313699537
3.9272724855081393,33.84055573933179
3.927890630387286,33.86243386243386
3.9288872500027225,33.88429752066116
3.929028704889603,33.906146728354265
3.929035504497191,33.906146728354265
3.9290683021675825,33.906146728354265
3.9291376022643334,33.92798149983482
3.9298899342705815,33.949801849405546
3.930698402981579,33.97160779135028
3.931306980774898,33.993399339933994
3.9317545820968034,33.993399339933994
3.9320903670633833,33.993399339933994
3.9333012323073415,34.01517650940284
3.933431889045114,34.03693931398417
3.933701583794737,34.03693931398417
3.934425698070504,34.03693931398417
3.9351091248852956,34.05868776788658
3.9359639530132173,34.05868776788658
3.936101533669054,34.05868776788658
3.9363415437592186,34.080421885299934
3.936521419427326,34.102141680395384
3.9365552072163927,34.12384716732543
3.937013304119665,34.12384716732543
3.9372366488890025,34.1455383602239
3.9374134096786917,34.16721527320606
3.938022219231855,34.18887792036854
3.938867166414089,34.21052631578947
3.9400224624631344,34.232160473528445
3.9408670022298398,34.25378040762656
3.9418825136664672,34.25378040762656
3.9418833227659325,34.25378040762656
3.942018838035159,34.27538613210647
3.9435483214933504,34.27538613210647
3.9438253093358377,34.2969776609724
3.9439827261674565,34.31855500821018
3.944847912181689,34.31855500821018
3.9463146167698397,34.34011818778726
3.9464629257308177,34.34011818778726
3.9464848274827826,34.36166721365277
3.9474903312135443,34.38320209973753
3.9477222469123188,34.404722859954084
3.948291308158461,34.404722859954084
3.948933129374632,34.404722859954084
3.949859490932807,34.404722859954084
3.9502429236804026,34.42622950819672
3.9506669850396996,34.447722058341526
3.950693652280659,34.469200524246396
3.9511641735522414,34.49066491975106
3.9512507868554114,34.51211525867714
3.9512860149679905,34.51211525867714
3.9515619755305402,34.51211525867714
3.9522881124900473,34.51211525867714
3.9522914948378776,34.51211525867714
3.9523146269269214,34.51211525867714
3.9539197162679,34.51211525867714
3.954345432010127,34.51211525867714
3.9543901908819623,34.53355155482815
3.9545471802784227,34.53355155482815
3.955248483813734,34.55497382198953
3.956789869010699,34.55497382198953
3.956894528913614,34.57638207392869
3.9570990338774132,34.57638207392869
3.9572052968203577,34.59777632439503
3.957271597282306,34.619156587119974
3.958019005146142,34.619156587119974
3.9580742345867863,34.64052287581699
3.9582846422687044,34.64052287581699
3.9588545675644506,34.66187520418164
3.960551396536807,34.66187520418164
3.9611429787582733,34.68321358589158
3.9614514715732807,34.68321358589158
3.9617292314005224,34.68321358589158
3.9620229766293584,34.7045380346066
3.9626425584371154,34.72584856396867
3.9629778350916793,34.74714518760196
3.9640196140700854,34.74714518760196
3.9649702687579502,34.74714518760196
3.9653790419200936,34.768427919112845
3.965708046464128,34.768427919112845
3.965747881374269,34.78969677208999
3.9668675661774575,34.78969677208999
3.9674137023450813,34.8109517601043
3.9689250033672745,34.8109517601043
3.9689627110260908,34.8109517601043
3.969315214518026,34.832192896709024
3.9693799507989933,34.85342019543974
3.969657433543175,34.85342019543974
3.970577831335077,34.85342019543974
3.9710135247240532,34.87463366981439
3.9714159863049563,34.89583333333333
3.9716530455468066,34.89583333333333
3.9718896149195713,34.91701919947934
3.971947141039557,34.91701919947934
3.9723395729140116,34.938191281717636
3.9736760686204016,34.959349593495936
3.976654826271631,34.959349593495936
3.9770519532636497,34.980494148244475
3.977194946921955,35.00162495937602
3.9774555334830417,35.00162495937602
3.977456976747325,35.0227420402859
3.978143867053128,35.0227420402859
3.979197063552693,35.04384540435206
3.9793245551102103,35.064935064935064
3.9795930462159594,35.08601103537812
3.97961870969119,35.107073329007136
3.9798535574215927,35.107073329007136
3.980218967256084,35.128121959130716
3.980602224649436,35.128121959130716
3.9816958153485165,35.1491569390402
3.98189974161526,35.1491569390402
3.9824928811403852,35.1491569390402
3.9831420669245143,35.1491569390402
3.983186436559193,35.1491569390402
3.9834537585209087,35.17017828200972
3.9836680461722356,35.191186001296174
3.9838790268513002,35.21218011013929
3.9840531374049903,35.233160621761655
3.9850601276291946,35.25412754936873
3.9855213576753985,35.25412754936873
3.9856517379712892,35.275080906148865
3.9859275690947054,35.29602070527337
3.98623451884557,35.29602070527337
3.9868727787032987,35.29602070527337
3.9874943341439564,35.29602070527337
3.9877889428462643,35.316946959896505
3.9882455347723558,35.337859683155514
3.988395969665864,35.337859683155514
3.9883996813302516,35.358758888170655
3.9886141208911727,35.358758888170655
3.988826246588545,35.37964458804523
3.9891249587633335,35.400516795865634
3.9892661353549848,35.421375524701325
3.9892689793895055,35.421375524701325
3.9892742536461054,35.4422207876049
3.9900858282926785,35.46305259761213
3.9901146992085925,35.46305259761213
3.990262860287838,35.483870967741936
3.990657751858009,35.504675910996454
3.991037855721893,35.504675910996454
3.991147843858949,35.525467440361055
3.991441706955263,35.525467440361055
3.9928424151421393,35.54624556880439
3.992885436779057,35.54624556880439
3.992964813504017,35.54624556880439
3.9939261367524606,35.56701030927835
3.99398999693211,35.56701030927835
3.995734124234779,35.5877616747182
3.995743971568456,35.5877616747182
3.996227760393755,35.6084996780425
3.9963565494056748,35.6292243321532
3.996741885739831,35.64993564993565
3.9974724962150834,35.6706336442586
3.997488355080966,35.6706336442586
3.998222506225337,35.69131832797427
3.9982316689187067,35.71198971391835
3.998453917961188,35.71198971391835
3.998641425000768,35.71198971391835
3.9989390583538005,35.732647814910024
3.9990901330219906,35.75329264375201
3.9994478286783557,35.77392421323057
3.9998777537954004,35.77392421323057
3.9999591642020653,35.77392421323057
4.0006070861342495,35.79454253611557
4.000917200828219,35.815147625160456
4.001113136099098,35.835739493102345
4.0011910597597735,35.85631815266196
4.00152887249134,35.876883616543765
4.002361612721752,35.876883616543765
4.003271654524252,35.8974358974359
4.003824154312959,35.91797500801025
4.004064348133128,35.93850096092249
4.0042628715151425,35.959013768812035
4.004522716653147,35.97951344430218
4.005837968111122,36.0
4.005987294816131,36.0
4.006431036044751,36.0
4.008011620667563,36.02047344849648
4.008035046414059,36.02047344849648
4.00808422839413,36.02047344849648
4.008311884906441,36.04093380236649
4.008844091397921,36.04093380236649
4.0090615736617865,36.0613810741688
4.009606357745539,36.08181527644615
4.009651516653772,36.102236421725244
4.011017988168602,36.122644522516765
4.011131659637924,36.14303959131545
4.0112663857104485,36.16342164060006
4.011267990235932,36.18379068283344
4.011449155859547,36.20414673046252
4.011767430270995,36.20414673046252
4.011798120036205,36.224489795918366
4.011929960917578,36.224489795918366
4.012630072467022,36.244819891616196
4.013076019583986,36.244819891616196
4.013427297808152,36.26513702995538
4.013645847474278,36.28544122331953
4.013772071240814,36.28544122331953
4.014260673807515,36.28544122331953
4.0146440265364065,36.28544122331953
4.014677761037259,36.30573248407643
4.01549409226837,36.32601082457816
4.015640719299492,36.346276257161044
4.015932376420719,36.36652879414572
4.016578570562353,36.38676844783715
4.016816678134915,36.38676844783715
4.018257095976942,36.38676844783715
4.018323171552661,36.40699523052464
4.018483249549243,36.42720915448188
4.019119121005145,36.447410231966956
4.019391699333932,36.46759847522236
4.019430727083288,36.487773896475076
4.020482970432936,36.507936507936506
4.021679710472704,36.507936507936506
4.022565830195018,36.507936507936506
4.0226454180867774,36.507936507936506
4.022671284293021,36.507936507936506
4.022698590257313,36.5280863218026
4.022834986782481,36.54822335025381
4.022854522431216,36.56834760545512
4.023552022299829,36.58845909955612
4.023982921919885,36.58845909955612
4.024119516369717,36.58845909955612
4.024361785167667,36.608557844690964
4.024559789113679,36.608557844690964
4.02498551119133,36.608557844690964
4.025344169264371,36.628643852978456
4.025607242743783,36.648717136522016
4.025828605443718,36.66877770740975
4.026657033636461,36.66877770740975
4.028286873458964,36.68882557771447
4.0286522797159385,36.708860759493675
4.028851923882267,36.708860759493675
4.029883208794988,36.72888326478962
4.030502300324126,36.74889310562935
4.031292765886103,36.76889029402466
4.031807449198558,36.78887484197219
4.031927399886019,36.78887484197219
4.032022797623056,36.78887484197219
4.03215727999364,36.808846761453395
4.032529198426418,36.828806064434616
4.033538859086111,36.828806064434616
4.03360991382724,36.848752762867065
4.0344755362745115,36.868686868686865
4.0345124427404375,36.88860839381508
4.034729138131433,36.88860839381508
4.0354036017080475,36.90851735015773
4.035473158289008,36.90851735015773
4.035545180522178,36.9284137496058
4.036199820008749,36.948297604035304
4.036628332772667,36.96816892530728
4.036754633402126,36.988027725267806
4.037704975721005,37.00787401574803
4.038246645254295,37.00787401574803
4.038255760538718,37.02770780856423
4.038912655385923,37.04752911551778
4.040209166432933,37.06733794839522
4.040751080830987,37.08713431896823
4.042629916683627,37.08713431896823
4.042817853759931,37.08713431896823
4.042889832886087,37.10691823899371
4.042904377909091,37.10691823899371
4.044430088349189,37.12668972021377
4.045874089578383,37.14644877435575
4.046148020714229,37.166195413132264
4.046198192268847,37.185929648241206
4.046364448264457,37.20565149136578
4.046776339081996,37.20565149136578
4.047205222225855,37.20565149136578
4.047375961948855,37.22536095417451
4.04738337089206,37.245058048321305
4.04764796152416,37.26474278544542
4.0484673565153875,37.26474278544542
4.048561659175476,37.284415177171525
4.048685931591089,37.30407523510972
4.049197941854707,37.323722970855535
4.049274485584626,37.323722970855535
4.049708272394173,37.34335839598997
4.050224204278282,37.34335839598997
4.050619418214745,37.34335839598997
4.051330169220898,37.362981522079544
4.051535234779997,37.38259236067627
4.052598675039286,37.40219092331768
4.052611944838544,37.40219092331768
4.052877076756166,37.42177722152691
4.054202343098948,37.44135126681264
4.054513676390742,37.44135126681264
4.054612157445848,37.44135126681264
4.05608453059485,37.44135126681264
4.056816888425325,37.460913070669164
4.05847957945604,37.48046264457643
4.059187629564596,37.48046264457643
4.059511045373747,37.5
4.060077918677878,37.519525148391125
4.060379695595896,37.539038101186755
4.06047149069765,37.55853886980955
4.061466825459068,37.55853886980955
4.062338385270579,37.578027465667915
4.062578592437519,37.597503900156006
4.062688691664799,37.61696818465378
4.0627751533168235,37.636420330526974
4.06365549554153,37.636420330526974
4.064260189978658,37.65586034912718
4.06454108696436,37.675288251791834
4.064940515364572,37.69470404984423
4.065030435300104,37.714107754593584
4.065614481567654,37.733499377334994
4.0664674884524,37.752878929349514
4.0665248934012,37.752878929349514
4.066833101299168,37.752878929349514
4.067192783953272,37.77224642190417
4.067649985526956,37.77224642190417
4.068478851628774,37.791601866251945
4.068514440993033,37.791601866251945
4.068521606848975,37.81094527363184
4.0689394207417635,37.81094527363184
4.069261627551446,37.81094527363184
4.070805370844682,37.83027665526888
4.071456052343174,37.84959602237414
4.07302756682827,37.868903386144765
4.073872864971865,37.88819875776397
4.074303570328986,37.907482148401115
4.074795864130837,37.92675356921167
4.074851538182016,37.94601303133726
4.0754086130093325,37.96526054590571
4.075558147770709,37.98449612403101
4.075691812858848,38.00371977681339
4.0756975494442225,38.02293151533932
4.075844434048792,38.02293151533932
4.076620999556774,38.04213135068154
4.076705013498329,38.04213135068154
4.077766209618586,38.06131929389904
4.077781583566673,38.080495356037154
4.077993291366857,38.09965954812751
4.079533905147024,38.11881188118812
4.080580313663817,38.11881188118812
4.0809147247371165,38.137952366223324
4.081043253742435,38.15708101422387
4.081489429517502,38.17619783616693
4.081812687651633,38.17619783616693
4.08197334047802,38.19530284301607
4.082100279416089,38.21439604572135
4.082773639251214,38.23347745521927
4.083463263412243,38.25254708243285
4.083620238579934,38.2716049382716
4.083624975993706,38.2906510336316
4.084043790472973,38.2906510336316
4.084644475969779,38.30968537939544
4.085168148002277,38.32870798643231
4.0857629347197095,38.34771886559803
4.085901090382429,38.34771886559803
4.086050494350589,38.34771886559803
4.08638851541763,38.366718027734976
4.086961841812356,38.366718027734976
4.087919567937919,38.38570548367221
4.088356715759885,38.40468124422544
4.089061169541728,38.42364532019704
4.0897380968037345,38.42364532019704
4.09060896304473,38.42364532019704
4.091135150442396,38.442597722376114
4.091150729605648,38.46153846153847
4.0912081589470874,38.46153846153847
4.091333033480433,38.48046754844663
4.091985489844986,38.49938499384994
4.092518443525364,38.49938499384994
4.092582908014332,38.51829080848447
4.093818101676535,38.51829080848447
4.094588092320494,38.51829080848447
4.095621397845906,38.53718500307314
4.0957385916099875,38.556067588325654
4.096470710734931,38.556067588325654
4.099210298873675,38.57493857493858
4.099724239036187,38.593797973595336
4.099956008206739,38.61264579496624
4.100878092377356,38.631482049708495
4.101467248805692,38.631482049708495
4.1018475300490005,38.65030674846626
4.1023962266678,38.669119901870594
4.103457659854177,38.68792152053955
4.103535394712609,38.68792152053955
4.103953559828864,38.68792152053955
4.103985189618426,38.70671161507815
4.104088714159296,38.70671161507815
4.1058289236568095,38.72549019607843
4.1061214465791265,38.74425727411945
4.106598337884347,38.74425727411945
4.106632223010272,38.7630128597673
4.107079453831084,38.7630128597673
4.107274512436097,38.78175696357515
4.107613614402559,38.80048959608323
4.107695183921525,38.80048959608323
4.10782327605693,38.80048959608323
4.110662095545725,38.81921076781891
4.110949482600389,38.837920489296636
4.111176252719027,38.856618771018034
4.112188008456857,38.87530562347188
4.113146012587822,38.89398105713413
4.113375945882678,38.89398105713413
4.113801253186238,38.912645082467925
4.115417436609023,38.93129770992366
4.115467673509338,38.949938949938954
4.1157834758093115,38.96856881293866
4.115855016782679,38.987187309334956
4.115855163072111,38.987187309334956
4.116292826810841,39.00579444952729
4.116442841049191,39.02439024390244
4.116592615674827,39.02439024390244
4.116631012488487,39.042974702834506
4.117082314682072,39.042974702834506
4.117471669380653,39.042974702834506
4.118059205433578,39.061547836684944
4.11892726704921,39.061547836684944
4.119182246889231,39.080109655802616
4.119247263486151,39.09866017052375
4.119309513593862,39.117199391171994
4.120164058797169,39.117199391171994
4.120659595577317,39.117199391171994
4.120799849675257,39.13572732805843
4.12148940982635,39.13572732805843
4.122453734078025,39.13572732805843
4.1232230199793785,39.13572732805843
4.123297541864721,39.15424399148159
4.123533765466971,39.17274939172749
4.124109674230406,39.191243539069625
4.124373872671442,39.191243539069625
4.125691542464582,39.191243539069625
4.126274479017722,39.209726443769
4.126643409409431,39.22819811607414
4.128033298740774,39.24665856622114
4.128763444723442,39.26510780443365
4.129507673963643,39.28354584092289
4.130414022055487,39.30197268588771
4.130982042723063,39.32038834951456
4.131076382342575,39.32038834951456
4.1322172543762665,39.33879284197756
4.132405751901333,39.33879284197756
4.132822421005583,39.35718617343845
4.132878364339332,39.35718617343845
4.133069264512467,39.37556835404668
4.134288990451552,39.37556835404668
4.134993488879172,39.39393939393939
4.135400562670915,39.41229930324145
4.136652683634051,39.43064809206541
4.136703455207202,39.448985770511655
4.136736376380299,39.46731234866828
4.13681773440555,39.4856278366112
4.136981491554807,39.50393224440412
4.136986816247752,39.52222558209858
4.1371907484816415,39.54050785973398
4.138390011616111,39.54050785973398
4.138567799553384,39.54050785973398
4.138855379759308,39.55877908733756
4.139073829001728,39.577039274924466
4.139145974357677,39.59528843249773
4.140329463798493,39.59528843249773
4.140499645385645,39.61352657004831
4.140859319891622,39.631753697555084
4.14137597983785,39.631753697555084
4.141492685182544,39.64996982498491
4.142049532087158,39.64996982498491
4.142437575175051,39.66817496229261
4.143816506719571,39.68636911942099
4.143817528562151,39.68636911942099
4.144605755371366,39.70455230630087
4.144659700350844,39.72272453285112
4.145330556462231,39.72272453285112
4.147305078657308,39.74088580897861
4.1475433903905605,39.74088580897861
4.149233235676356,39.75903614457831
4.1494433631794205,39.777175549533276
4.1496288165379065,39.79530403371463
4.150179020362415,39.81342160698164
4.151402509147942,39.81342160698164
4.152165279063597,39.83152827918171
4.152265479222539,39.849624060150376
4.152527740002745,39.849624060150376
4.152733610735215,39.867708959711365
4.152826053774122,39.885782987676585
4.153229319499893,39.885782987676585
4.15328658182208,39.885782987676585
4.154729679743515,39.90384615384615
4.1553752669792425,39.92189846800841
4.155588020842256,39.93993993993994
4.156158258187073,39.93993993993994
4.156549855162046,39.93993993993994
4.157752635271615,39.93993993993994
4.157939832798283,39.93993993993994
4.158129348789989,39.95797057940558
4.158492119188123,39.97599039615846
4.158636097346697,39.993999399939995
4.15951075426192,40.0119976004799
4.159776754706802,40.0119976004799
4.160664602983771,40.02998500749625
4.160989391253597,40.02998500749625
4.162165079802879,40.04796163069545
4.162570757670906,40.04796163069545
4.16395760809948,40.06592747977225
4.163994292096346,40.083882564409826
4.164266828692719,40.101826894279725
4.164444178580349,40.101826894279725
4.164980937323902,40.119760479041915
4.165233255563268,40.119760479041915
4.165666633870071,40.13768332834481
4.1660171754303565,40.155595451825256
4.16620671290637,40.17349685910859
4.166295092641237,40.19138755980861
4.1673447792580545,40.19138755980861
4.168422758715083,40.20926756352765
4.1696268288225795,40.227136879856545
4.16984496343834,40.244995518374665
4.169905784634778,40.244995518374665
4.17136204496476,40.26284348864994
4.17147003156657,40.280680800238876
4.171558959303045,40.280680800238876
4.171668600082412,40.298507462686565
4.1718968393408495,40.298507462686565
4.17242162638733,40.31632348552671
4.172490526269812,40.334128878281625
4.174000240295223,40.334128878281625
4.174064508258143,40.334128878281625
4.174705635272329,40.334128878281625
4.1753354365320945,40.351923650462275
4.175390798314787,40.369707811568276
4.175634401401745,40.369707811568276
4.17613263385916,40.38748137108793
4.176205584733935,40.38748137108793
4.176404915040879,40.405244338498214
4.177098723769412,40.405244338498214
4.178369388721244,40.405244338498214
4.178579585190864,40.405244338498214
4.179594963709199,40.405244338498214
4.180455152948806,40.42299672326482
4.180518989828459,40.44073853484217
4.180636811290489,40.45846978267342
4.180946022442775,40.476190476190474
4.181003083703,40.493900624814046
4.182898735633091,40.5116002379536
4.183029086363501,40.5116002379536
4.183421499100642,40.5116002379536
4.183619931385323,40.5116002379536
4.183647511750266,40.52928932500743
4.184190152452845,40.52928932500743
4.184673133334261,40.52928932500743
4.185189167983,40.54696789536266
4.186484724959829,40.54696789536266
4.186507025973453,40.56463595839524
4.189188531500909,40.58229352346999
4.18950784953462,40.599940599940595
4.189679953605265,40.61757719714964
4.189798694184652,40.635203324428616
4.192399174628702,40.652818991097924
4.193259140938959,40.652818991097924
4.193853990475732,40.652818991097924
4.193955326681441,40.652818991097924
4.194613935813315,40.652818991097924
4.194668086695973,40.670424206466926
4.195354399750565,40.670424206466926
4.195525095939792,40.68801897983393
4.195671845277799,40.70560332048622
4.1958917582678605,40.72317723770006
4.19758610825519,40.72317723770006
4.197896511709858,40.72317723770006
4.197945482423421,40.74074074074074
4.198481651118799,40.758293838862556
4.198767069531562,40.758293838862556
4.198837715042995,40.77583654130885
4.199149642772014,40.79336885731202
4.200150329036357,40.81089079609352
4.200378319256648,40.81089079609352
4.200449912412788,40.828402366863905
4.201548259430248,40.845903578822835
4.202653233132207,40.86339444115908
4.203273247520297,40.86339444115908
4.203459854297959,40.86339444115908
4.203460210513032,40.880874963050545
4.203682896112111,40.8983451536643
4.2041043584468865,40.91580502215657
4.204347302652436,40.91580502215657
4.204639239103211,40.91580502215657
4.205006114609029,40.93325457767277
4.205542811311512,40.95069382934751
4.205857587973107,40.968122786304605
4.206123011914432,40.98554145765713
4.207570533794996,41.00294985250738
4.207582026243257,41.00294985250738
4.209488919421288,41.02034797994692
4.21019142901344,41.02034797994692
4.210465838235213,41.02034797994692
4.21078364754738,41.0377358490566
4.210783667121284,41.055113468906576
4.210899643346192,41.072480848556275
4.211051949086724,41.08983799705449
4.211238058652146,41.08983799705449
4.211361714011539,41.08983799705449
4.211393537099913,41.08983799705449
4.212355197154383,41.10718492343934
4.213720177057588,41.1245216367383
4.2139933400631,41.14184814596822
4.215382911219052,41.14184814596822
4.215558140111552,41.14184814596822
4.215977020456615,41.15916446013534
4.216658730649552,41.17647058823529
4.2167527414293255,41.17647058823529
4.216761885987553,41.19376653925316
4.216768529515209,41.21105232216343
4.216805481926293,41.21105232216343
4.217200909737948,41.22832794593006
4.2172736923237055,41.24559341950646
4.218500873494228,41.24559341950646
4.218631787129478,41.24559341950646
4.218636437134032,41.262848751835534
4.2188098623778725,41.28009395184968
4.218822542349943,41.2973290284708
4.219226089585694,41.31455399061033
4.221581351742937,41.31455399061033
4.221729221366218,41.31455399061033
4.222047158504204,41.33176884716926
4.222188110983864,41.348973607038126
4.223416337080817,41.36616827909704
4.22363236526045,41.38335287221571
4.223653740633567,41.40052739525345
4.225988036191429,41.40052739525345
4.226137429636701,41.41769185705917
4.2263009305233,41.41769185705917
4.22647136081384,41.434846266471446
4.2265855780043315,41.434846266471446
4.22717520045085,41.451990632318505
4.227741969308415,41.4691249634182
4.227990224813388,41.48624926857812
4.228609623983458,41.503363556595495
4.228624500267922,41.52046783625731
4.2286684528391,41.53756211634025
4.228753705572192,41.554646405610754
4.228916333254803,41.554646405610754
4.229268482886698,41.571720712825005
4.229513360511015,41.571720712825005
4.2306633176798165,41.58878504672897
4.23083841770124,41.605839416058394
4.231243597203713,41.62288382953882
4.23167414888334,41.62288382953882
4.232756701336483,41.62288382953882
4.2335286655973485,41.639918295885614
4.233561195111403,41.656942823803966
4.233610090238426,41.673957421988916
4.233895633966334,41.690962099125365
4.2345527545467805,41.70795686388808
4.234924632881197,41.72494172494173
4.235172856378969,41.72494172494173
4.235336195753672,41.74191669094087
4.235462063222411,41.758881770529996
4.235610664678055,41.77583697234352
4.235687630626565,41.79278230500582
4.23615454546942,41.80971777713122
4.236532516593465,41.80971777713122
4.236670592669504,41.82664339732403
4.238695479155144,41.84355917417854
4.239171350497674,41.86046511627907
4.23917784697641,41.86046511627907
4.240329908977015,41.877361232199945
4.24037959794071,41.877361232199945
4.241145228298012,41.89424753050552
4.241358322922132,41.89424753050552
4.241469843268158,41.89424753050552
4.241536033813775,41.91112401975022
4.241596652070121,41.92799070847851
4.2416565898269045,41.944847605224965
4.242408238392703,41.96169471851422
4.242739062255365,41.96169471851422
4.243141955436349,41.97853205686104
4.243432335731552,41.97853205686104
4.243526705399185,41.9953596287703
4.244781802819983,42.01217744273703
4.245501021748086,42.01217744273703
4.245646955672331,42.01217744273703
4.246844670578911,42.028985507246375
4.246971185475892,42.045783830773686
4.2478879387438715,42.06257242178447
4.248623515512953,42.06257242178447
4.248677894563609,42.079351288734436
4.2489208124903355,42.096120440069484
4.249841534367021,42.096120440069484
4.25071362791982,42.11287988422576
4.2508176168828316,42.129629629629626
4.251401294908364,42.14636968469772
4.251788209891332,42.14636968469772
4.252149677098541,42.1631000578369
4.252567507162831,42.1631000578369
4.253436671443473,42.1631000578369
4.2538396121052795,42.17982075744435
4.254396118884817,42.19653179190752
4.254407409129134,42.21323316960416
4.2545886878901475,42.22992489890237
4.255532871070723,42.24660698816056
4.2557308250855534,42.263279445727484
4.25582771574253,42.279942279942276
4.255888885792513,42.29659549913445
4.2559732672293675,42.29659549913445
4.255999058523162,42.313239111623886
4.2566871188901985,42.313239111623886
4.256721890440031,42.32987312572088
4.2567543026865335,42.346497549726145
4.257084265618314,42.363112391930834
4.257376520379283,42.37971766061654
4.25744278034884,42.3963133640553
4.257492039636445,42.41289951050965
4.2576476755723816,42.41289951050965
4.258144116352606,42.429476108232585
4.2581677714006085,42.44604316546763
4.259056793183347,42.462600690448795
4.2593210784340805,42.47914869140063
4.259905753172662,42.49568717653824
4.26003268464362,42.51221615406726
4.260689365226448,42.5287356321839
4.260969363879424,42.5287356321839
4.261187510691087,42.545245619074976
4.261220109483849,42.56174612291787
4.261488591899364,42.57823715188056
4.261905465236636,42.57823715188056
4.262295196090726,42.57823715188056
4.263470145199799,42.57823715188056
4.263853061591821,42.5947187141217
4.264308213559554,42.61119081779053
4.2648915047622955,42.61119081779053
4.266343224900776,42.62765347102697
4.266674914646847,42.62765347102697
4.26772807260751,42.62765347102697
4.267729064672998,42.62765347102697
4.268057792209672,42.62765347102697
4.2685582657495065,42.62765347102697
4.268776517701329,42.64410668196157
4.269700185463635,42.6605504587156
4.269748388165653,42.6605504587156
4.2698307125543264,42.67698480940098
4.270265156016909,42.693409742120345
4.270388868103869,42.693409742120345
4.270406240951979,42.693409742120345
4.270635761448767,42.70982526496706
4.273183048447272,42.7262313860252
4.273371954217261,42.7426281133696
4.273611776473887,42.75901545506583
4.274742900133247,42.77539341917024
4.275806692209549,42.77539341917024
4.276421127319362,42.77539341917024
4.277128177414226,42.77539341917024
4.278298890541074,42.79176201372998
4.2798300340119395,42.79176201372998
4.280392780346495,42.79176201372998
4.280519125219866,42.80812124678295
4.280953613246892,42.82447112635792
4.281192575436941,42.84081166047442
4.2817100854523815,42.857142857142854
4.281745163675388,42.857142857142854
4.282388573535326,42.857142857142854
4.28420874914532,42.87346472436447
4.2844434328215115,42.87346472436447
4.284680289970629,42.87346472436447
4.28556310779923,42.889777270131354
4.286891283916812,42.90608050242649
4.287777163703763,42.922374429223744
4.28797375262558,42.922374429223744
4.288587530478488,42.93865905848788
4.290064904830808,42.95493439817456
4.290127329525526,42.9712004562304
4.290343868778132,42.98745724059293
4.290930053704371,42.98745724059293
4.291186800142373,43.003704759190654
4.291565275276071,43.01994301994302
4.29184204160442,43.03617203076047
4.292167775592001,43.03617203076047
4.292844509261752,43.052391799544424
4.293139335009564,43.052391799544424
4.294180999973642,43.068602334187304
4.295752766649716,43.08480364257257
4.297571507899356,43.10099573257468
4.297759137677962,43.117178612059156
4.298252766353635,43.13335228888257
4.298507463628,43.14951677089255
4.298582687561779,43.165672065927815
4.298644483397381,43.165672065927815
4.298906625025884,43.18181818181818
4.29891075439052,43.19795512638455
4.29895706687986,43.21408290743896
4.300089415929131,43.230201532784555
4.300599842598649,43.24631101021566
4.300606503813705,43.262411347517734
4.300738354089328,43.27850255246739
4.3008300062836495,43.29458463283243
4.300886824013732,43.31065759637188
4.300899652287266,43.31065759637188
4.3009800197360875,43.32672145083593
4.302432843093705,43.342776203966004
4.302483858927003,43.35882186349476
4.303666812892883,43.37485843714609
4.304508869817327,43.39088593263515
4.304538630316694,43.40690435766837
4.305420784163452,43.40690435766837
4.305475857524457,43.42291371994342
4.305498129369542,43.43891402714932
4.30568466601944,43.43891402714932
4.306995849366635,43.45490528696636
4.307128040352043,43.470887507066145
4.308097207552652,43.48686069511161
4.308603508686254,43.50282485875706
4.308662314322107,43.518780005648125
4.3093878308078395,43.5347261434218
4.310462480690394,43.5347261434218
4.310613666342814,43.55066327970646
4.310632402365488,43.566591422121896
4.310867250441137,43.58251057827927
4.311575001218636,43.58251057827927
4.311666215754577,43.59842075578116
4.311749052089021,43.59842075578116
4.31214412067003,43.614321962221595
4.312243163766631,43.63021420518602
4.312658623901446,43.64609749225134
4.31298014847877,43.64609749225134
4.313655782611943,43.66197183098591
4.313841839149011,43.67783722894959
4.314291430829792,43.69369369369369
4.315436386099211,43.70954123276105
4.315535324010155,43.70954123276105
4.315960733140348,43.725379853685986
4.316176076907129,43.741209563994374
4.316600179837924,43.7570303712036
4.316885763449594,43.7728422828226
4.3170595319463665,43.7728422828226
4.31743452526069,43.78864530635188
4.318071776714123,43.80443944928351
4.31978762244487,43.82022471910113
4.320223456243786,43.83600112327998
4.3204438391887106,43.85176866928692
4.320629948836939,43.86752736458041
4.321041991458132,43.88327721661055
4.322298983543779,43.899018232819074
4.322943331020686,43.899018232819074
4.323207070987356,43.899018232819074
4.323216813623868,43.91475042063937
4.323444155849091,43.930473787496496
4.3236198536976564,43.946188340807176
4.323747115282644,43.946188340807176
4.323930567840664,43.946188340807176
4.324115861720765,43.96189408797982
4.324130508121483,43.977591036414566
4.324219819564685,43.99327919350322
4.324509390598435,44.00895856662934
4.324826389702397,44.02462916316821
4.32502599190696,44.040290990486845
4.325066024639995,44.05594405594406
4.3262097937406905,44.07158836689038
4.326338907235935,44.08722393066816
4.326611198841085,44.10285075461152
4.326987137416825,44.10285075461152
4.32774538566927,44.11846884604638
4.3287195921705806,44.134078212290504
4.329128656485798,44.134078212290504
4.3294554197401744,44.149678860653445
4.329628763997363,44.149678860653445
4.329678601168739,44.16527079843663
4.329729350035695,44.1808540329333
4.33005833685419,44.1808540329333
4.330897438984851,44.19642857142857
4.330906048362998,44.21199442119944
4.331645560091019,44.22755158951478
4.3318543179297135,44.24310008363535
4.332020904978853,44.25863991081383
4.332230644958063,44.25863991081383
4.334062949855463,44.25863991081383
4.334118817407758,44.25863991081383
4.334241737387354,44.274171078294785
4.334326365723771,44.28969359331476
4.334753157001837,44.3052074631022
4.335335455953616,44.3052074631022
4.335472744770273,44.3052074631022
4.335738065867047,44.32071269487751
4.335966207857793,44.32071269487751
4.33699792472003,44.32071269487751
4.337398751695175,44.336209295853045
4.33826587756551,44.351697273233164
4.3386631508777675,44.36717663421418
4.33882528026945,44.38264738598443
4.339566308632299,44.38264738598443
4.339714888896942,44.38264738598443
4.33975649394776,44.38264738598443
4.3401608176128335,44.39810953572422
4.340542233658625,44.41356309060589
4.340854163629583,44.41356309060589
4.341180708973006,44.42900805779384
4.341216506541078,44.44444444444444
4.341228462940044,44.44444444444444
4.341868058211561,44.45987225770619
4.342892547898775,44.45987225770619
4.343136278374648,44.45987225770619
4.343276947846738,44.45987225770619
4.343310533968392,44.45987225770619
4.34362362135705,44.45987225770619
4.344339391905165,44.45987225770619
4.344613256508731,44.4752915047196
4.344983029810397,44.49070219261726
4.3452012376237885,44.49070219261726
4.346324460859726,44.49070219261726
4.346945674454606,44.49070219261726
4.34747708259249,44.50610432852386
4.3478561297027705,44.50610432852386
4.34834517098743,44.521497919556175
4.348513371990767,44.53688297282307
4.348658813083608,44.55225949542556
4.349205994809923,44.567627494456765
4.349746845550986,44.58298697700194
4.351066813030533,44.59833795013851
4.351175503746086,44.61368042093603
4.3521850166620215,44.629014396456256
4.35285590049893,44.64433988375311
4.352946612572872,44.659656889872714
4.353066829937879,44.67496542185339
4.353117181640242,44.690265486725664
4.354375647000103,44.705557091512304
4.355110949206728,44.705557091512304
4.355473824013368,44.705557091512304
4.35566151264989,44.7208402432283
4.356830338410461,44.7208402432283
4.357464799484644,44.7208402432283
4.357523058814793,44.7361149488809
4.357790589178642,44.7361149488809
4.35782235945643,44.7361149488809
4.358322438223351,44.751381215469614
4.35851264217484,44.76663904998619
4.359507893800169,44.78188845941469
4.360094913739721,44.78188845941469
4.36018062080877,44.79712945073144
4.361285856806704,44.81236203090508
4.361299009532997,44.827586206896555
4.361572959099216,44.827586206896555
4.361719906898782,44.84280198565913
4.3637564935491735,44.858009374138405
4.364051499178242,44.87320837927233
4.364138020795075,44.88839900799118
4.36507376786015,44.90358126721763
4.365177108734117,44.918755163866706
4.365201091297299,44.93392070484582
4.365339091274074,44.94907789705477
4.366275023883016,44.9642267473858
4.368200779853532,44.97936726272352
4.368293045516175,44.97936726272352
4.368377563182012,44.994499449944996
4.368669786122994,45.00962331591972
4.368878183226168,45.024738867509626
4.369021893208965,45.03984611156911
4.369174341340846,45.03984611156911
4.369465312929511,45.03984611156911
4.370179360806678,45.05494505494506
4.370777427921098,45.070035704476794
4.370954917247713,45.08511806699615
4.371338175226501,45.08511806699615
4.371698374585057,45.08511806699615
4.371841075464999,45.100192149327476
4.371921684680029,45.100192149327476
4.372559666644201,45.1152579582876
4.372678736479325,45.13031550068587
4.372760039076679,45.14536478332419
4.3731395729917235,45.160405812996984
4.373440019739081,45.160405812996984
4.373451073928469,45.160405812996984
4.373779879492091,45.160405812996984
4.374052143513958,45.160405812996984
4.374131719619871,45.17543859649123
4.374699474685449,45.19046314058646
4.374839146007919,45.20547945205479
4.374893238572879,45.220487537660915
4.37493676085486,45.2354874041621
4.375196621008742,45.250479058308244
4.375571900503754,45.26546250684182
4.376161947357706,45.280437756497946
4.376375157531404,45.29540481400438
4.376696228318072,45.31036368608149
4.376782890484946,45.32531437944232
4.376788328415857,45.34025690079256
4.378064438033829,45.3551912568306
4.378103879665348,45.3551912568306
4.3781389944467435,45.3551912568306
4.3782943204898945,45.3551912568306
4.378300592482286,45.3551912568306
4.378404625568728,45.3551912568306
4.378697633450599,45.37011745424747
4.379236585961774,45.385035499726925
4.379506871904625,45.3999453999454
4.380387244657096,45.3999453999454
4.381350722535499,45.414847161572055
4.381862238672241,45.429740791268756
4.382011688708768,45.44462629569013
4.382269066774415,45.459503681483504
4.38285726936702,45.47437295528899
4.383453870814521,45.47437295528899
4.383798786371959,45.489234123739436
4.384539786831816,45.489234123739436
4.384618599316642,45.50408719346049
4.385345544150592,45.51893217107055
4.385444388712008,45.53376906318083
4.386454186462547,45.54859787639532
4.386808917270909,45.56341861731083
4.387594942838318,45.56341861731083
4.387660780567498,45.57823129251701
4.389019559076679,45.57823129251701
4.389580984615444,45.57823129251701
4.389659169076801,45.5930359085963
4.391580185937315,45.5930359085963
4.392242488479105,45.60783247212402
4.392697553868539,45.60783247212402
4.392827039878609,45.6226209896683
4.3940213668535355,45.63740146779016
4.394049470965991,45.63740146779016
4.3946805418855295,45.65217391304348
4.395158184714442,45.666938331975004
4.3954078783540895,45.666938331975004
4.395715199968223,45.68169473112439
4.395871763463244,45.69644311702417
4.39613884864464,45.71118349619978
4.396424477458351,45.725915875169605
4.396968072267952,45.74064026044493
4.398224949401741,45.74064026044493
4.398445128591943,45.74064026044493
4.39854870360757,45.74064026044493
4.39874749098337,45.75535665852997
4.3995681051688225,45.770065075921906
4.399650217224825,45.770065075921906
4.400051611732051,45.78476551911087
4.401062487909774,45.799457994579946
4.403740442726635,45.799457994579946
4.403781611893857,45.8141425088052
4.404386268134299,45.8141425088052
4.404966777704992,45.8141425088052
4.404998307743186,45.82881906825569
4.4056150560361464,45.82881906825569
4.405783138031821,45.84348767939345
4.406259086656563,45.84348767939345
4.406547361691472,45.858148348673524
4.406873524601786,45.87280108254398
4.40695800039492,45.887445887445885
4.408461038546002,45.90208276981336
4.4086214581322,45.91671173607355
4.408654436635108,45.91671173607355
4.409004717303921,45.91671173607355
4.40910963774359,45.91671173607355
4.4092659424350265,45.931332792646664
4.4095677030949,45.94594594594595
4.410149906318556,45.96055120237774
4.410544644634209,45.97514856834144
4.410549512254599,45.97514856834144
4.410634881570439,45.97514856834144
4.410919813556747,45.98973805022955
4.410972634060304,45.98973805022955
4.411080708384141,46.00431965442765
4.412182499393214,46.01889338731444
4.412230890906553,46.01889338731444
4.4123491642519275,46.03345925526174
4.41250803823611,46.04801726463448
4.413049225682356,46.062567421790725
4.413127316079598,46.07710973308169
4.413136677551502,46.091644204851754
4.413699741229381,46.091644204851754
4.413915225085781,46.10617084343843
4.414309657532011,46.10617084343843
4.414484154550665,46.10617084343843
4.414757471277347,46.10617084343843
4.415273003420005,46.12068965517241
4.416126231489046,46.1352006463776
4.416199638914143,46.14970382337103
4.416649153551079,46.16419919246299
4.416912577077691,46.16419919246299
4.417064050573026,46.16419919246299
4.41712667616194,46.178686759956946
4.417483777033941,46.19316653214958
4.417538731312438,46.20763851533082
4.417731609681421,46.22210271578381
4.418014447637428,46.236559139784944
4.418641236244774,46.236559139784944
4.418786912086286,46.236559139784944
4.418909396682349,46.25100779360387
4.418989954051707,46.26544868350349
4.419822600545854,46.27988181573999
4.420632638608244,46.29430719656283
4.421145884603969,46.308724832214764
4.421384498508396,46.323134728931834
4.4214174451801505,46.323134728931834
4.421454733523863,46.33753689294339
4.422431929843238,46.3519313304721
4.423256473012847,46.36631804773398
4.423287796327338,46.36631804773398
4.423694219103674,46.38069705093834
4.4248717608321,46.38069705093834
4.425139236943919,46.39506834628786
4.425361055249622,46.40943193997856
4.4259319539889095,46.423787838199836
4.425952704746891,46.43813604713444
4.426091219490492,46.4524765729585
4.426127770343779,46.4524765729585
4.426214443720922,46.466809421841546
4.4262232017063345,46.481134599946486
4.4262427789515915,46.49545211342964
4.426342551377386,46.49545211342964
4.426582048295599,46.49545211342964
4.426591579963913,46.50976196844076
4.42728606646186,46.524064171122994
4.4273148233774995,46.53835872761294
4.428342999808869,46.552645644040616
4.428742881589557,46.56692492652952
4.428793176522422,46.58119658119658
4.428971277935425,46.5954606141522
4.429730819519962,46.60971703150027
4.42986292128829,46.60971703150027
4.429877242620474,46.62396583933814
4.430340340485924,46.62396583933814
4.430421589911838,46.638207043756665
4.430924686510209,46.638207043756665
4.431662268261962,46.65244065084023
4.431891569122502,46.65244065084023
4.432441187280983,46.666666666666664
4.432540735426271,46.68088509730738
4.4327883544267355,46.695095948827294
4.433089295647513,46.695095948827294
4.4333674823035905,46.70929922728484
4.433367502850121,46.72349493873202
4.433829189039149,46.737683089214386
4.4343680200220605,46.737683089214386
4.43457271906905,46.737683089214386
4.435385369880453,46.75186368477103
4.435394724529234,46.76603673143466
4.4358117809683755,46.780202235231506
4.436640090635649,46.79436020218143
4.437219084561593,46.808510638297875
4.43750134931008,46.822653549587876
4.437617994729908,46.836788942052095
4.438001192624422,46.85091682168483
4.438333883569086,46.86503719447396
4.4385308742879666,46.86503719447396
4.438780926061197,46.87915006640107
4.439934317462602,46.89325544344132
4.439943504747154,46.90735333156358
4.44171337241484,46.92144373673036
4.4418032271742796,46.93552666489785
4.442812272230353,46.94960212201592
4.443087118822582,46.96367011402811
4.443816348544755,46.96367011402811
4.443857325797085,46.977730646871684
4.444758622264131,46.99178372647761
4.445347253635307,47.005829358770534
4.445440243599274,47.019867549668874
4.4455769232167865,47.03389830508475
4.44561908362226,47.04792163092401
4.445955316451815,47.06193753308629
4.446095529773957,47.075946017464936
4.446513245027774,47.075946017464936
4.446514734084421,47.08994708994709
4.446922233378809,47.10394075641365
4.447737055561119,47.117927022739295
4.448156665530416,47.13190589479249
4.448310103378875,47.14587737843552
4.448618190676317,47.14587737843552
4.448912556771348,47.15984147952444
4.449070238989067,47.173798203909136
4.449654163166221,47.187747557433326
4.449718761608109,47.20168954593453
4.451086907597093,47.21562417524412
4.451464562993401,47.21562417524412
4.451614199795236,47.229551451187334
4.451635146127904,47.229551451187334
4.451662883171467,47.229551451187334
4.451872140146519,47.229551451187334
4.4521642667780315,47.229551451187334
4.452223277688806,47.24347137958323
4.452412959528627,47.257383966244724
4.452843499956872,47.271289216978644
4.452970438061232,47.28518713758566
4.45317453374516,47.299077733860344
4.453308500310561,47.299077733860344
4.453491209039687,47.31296101159115
4.453499084006835,47.32683697656044
4.453651698051055,47.32683697656044
4.45410769427966,47.3407056345445
4.454189920206341,47.354566991313504
4.454464570675653,47.354566991313504
4.454663455914135,47.368421052631575
4.455062161604847,47.38226782425677
4.455391069769187,47.39610731194108
4.455946957655268,47.40993952143045
4.456259409463712,47.40993952143045
4.457551749205267,47.423764458464774
4.457803752868793,47.423764458464774
4.4580094590725485,47.423764458464774
4.458630156367096,47.423764458464774
4.458780074145947,47.423764458464774
4.459559397982406,47.43758212877792
4.459940495940606,47.45139253809774
4.460405418082298,47.46519569214605
4.460641893374802,47.47899159663865
4.461561960542252,47.492780257285375
4.46197295277764,47.492780257285375
4.4621706084377974,47.506561679790025
4.462222956869171,47.520335869850435
4.463135010354319,47.53410283315845
4.463390899228525,47.54786257539995
4.463746685719655,47.54786257539995
4.464050667761891,47.56161510225485
4.464157402561551,47.575360419397114
4.4642545199157,47.575360419397114
4.464795180855184,47.575360419397114
4.464808863040108,47.58909853249476
4.465023988717499,47.60282944720985
4.4650891080306545,47.60282944720985
4.465302943785762,47.61655316919853
4.465708018568425,47.61655316919853
4.466340432800029,47.63026970411102
4.4668594646037105,47.63026970411102
4.466945301161342,47.64397905759162
4.467176982221755,47.64397905759162
4.467675684572375,47.64397905759162
4.467810515377363,47.65768123527872
4.467902743402163,47.65768123527872
4.468435938362881,47.65768123527872
4.469128166680964,47.67137624280481
4.469140551547563,47.67137624280481
4.46924698702747,47.6850640857965
4.470257558941473,47.69874476987448
4.4712743367323675,47.69874476987448
4.471589353800711,47.69874476987448
4.4717353350796385,47.69874476987448
4.471762968776485,47.712418300653596
4.4718677000506,47.712418300653596
4.472151844164051,47.72608468374281
4.47244924624323,47.72608468374281
4.472472061107591,47.739743924745234
4.473068939744703,47.739743924745234
4.473840116680352,47.739743924745234
4.474034099586089,47.7533960292581
4.474120751751817,47.7533960292581
4.47426448089486,47.767041002872816
4.474420770693203,47.767041002872816
4.475285818597376,47.78067885117493
4.476157975844655,47.794309579744194
4.47645401293416,47.794309579744194
4.477089043917341,47.80793319415449
4.4774237575310964,47.82154969997391
4.477826144969356,47.835159102764734
4.478080109605311,47.84876140808344
4.478298510228737,47.84876140808344
4.4789927193193275,47.862356621480714
4.479903006204147,47.862356621480714
4.480075505484829,47.87594474850143
4.480316051079076,47.87594474850143
4.480569355874341,47.88952579468474
4.480730750874095,47.90309976556395
4.481356438694135,47.91666666666667
4.481782077356249,47.93022650351471
4.482171735991873,47.94377928162415
4.482348251179386,47.94377928162415
4.48245169517094,47.957325006505336
4.482538621955565,47.97086368366285
4.483080428630571,47.97086368366285
4.4832902524780245,47.98439531859558
4.483664313085849,47.997919916796675
4.484179676340905,48.011437483753575
4.484307816114767,48.024948024948024
4.485212095268449,48.03845154585606
4.485328218088985,48.05194805194805
4.485338445910889,48.06543754868865
4.48564133257984,48.06543754868865
4.485695195929536,48.07892004153687
4.485958831313978,48.09239553594601
4.486196158130949,48.10586403736378
4.486458033655272,48.119325551232166
4.486561664101345,48.13278008298755
4.487661160842599,48.146227638060665
4.488129324291766,48.15966822187662
4.488270384205521,48.17310183985489
4.48939843688449,48.18652849740933
4.489401572180402,48.1999481999482
4.489659826307026,48.1999481999482
4.490061448195495,48.1999481999482
4.49032363560633,48.1999481999482
4.4903528451492445,48.1999481999482
4.491290361632379,48.1999481999482
4.491638905177605,48.213360952874154
4.492122390626757,48.213360952874154
4.492166662638656,48.22676676158426
4.492277825977,48.24016563146998
4.492833451657981,48.253557567917206
4.492848050788392,48.26694257630626
4.493435237270413,48.280320662011896
4.493702387238624,48.293691830403304
4.494205055095406,48.30705608684415
4.494244582360879,48.30705608684415
4.494581189893072,48.320413436692505
4.494706032809785,48.333763885300954
4.494785334178297,48.34710743801653
4.495341150670945,48.360444100180736
4.495507353501633,48.37377387712959
4.495972013997538,48.38709677419355
4.49617336385691,48.38709677419355
4.496298283183619,48.40041279669763
4.4970265536229155,48.40041279669763
4.497335144505581,48.41372194996131
4.497783700131392,48.41372194996131
4.497945576155547,48.41372194996131
4.498077296702071,48.4270242392986
4.498229024112894,48.4270242392986
4.499735631073309,48.4270242392986
4.499838074851734,48.4270242392986
4.499987433200001,48.44031967001804
4.50013581379942,48.45360824742268
4.500618992735821,48.4668899768101
4.500709807389406,48.4668899768101
4.50109558357965,48.48016486347244
4.501298330349146,48.48016486347244
4.50168874571094,48.49343291269637
4.5018982156061815,48.506694129763126
4.502017768987057,48.51994851994852
4.502560468692096,48.5331960885229
4.502781131777161,48.54643684075122
4.5031372505133955,48.54643684075122
4.503952077769673,48.54643684075122
4.504387739383713,48.54643684075122
4.5046086650415855,48.559670781893004
4.505081189551264,48.57289791720237
4.50516154988816,48.58611825192802
4.50544624104254,48.58611825192802
4.505563395089312,48.58611825192802
4.507240885860311,48.59933179131329
4.507846948439522,48.6125385405961
4.508536626836384,48.6125385405961
4.509290288350479,48.62573850500899
4.51048349064155,48.63893168977915
4.5108368029723005,48.63893168977915
4.5115101010224015,48.63893168977915
4.512203446341773,48.65211810012837
4.512527171683105,48.65211810012837
4.513795089167914,48.65211810012837
4.514329802071895,48.65211810012837
4.514350875837023,48.6652977412731
4.51446079670239,48.6652977412731
4.514604695359403,48.67847061842443
4.514614673311126,48.6916367367881
4.5156078306047664,48.704796101564504
4.516170237378509,48.717948717948715
4.517699929489314,48.73109459113048
4.519133718733973,48.73109459113048
4.519466965943118,48.744233726294205
4.51966914312902,48.744233726294205
4.5205567451754805,48.75736612861901
4.520740469160993,48.77049180327869
4.521743373072235,48.78361075544174
4.521957817734225,48.78361075544174
4.521995197595946,48.78361075544174
4.522144942821513,48.78361075544174
4.5223516496915765,48.79672299027138
4.522693980552803,48.80982851292552
4.5228714032476205,48.82292732855681
4.522939501769195,48.83601944231261
4.522962328325029,48.84910485933504
4.523070049806359,48.862183584760935
4.52328147960654,48.875255623721884
4.523939262223946,48.875255623721884
4.523989592161768,48.888320981344236
4.5245703092833836,48.90137966274911
4.524759039862097,48.91443167305236
4.524975500021117,48.91443167305236
4.525069489646287,48.91443167305236
4.525713838104249,48.91443167305236
4.525843029071436,48.92747701736466
4.525869242659034,48.92747701736466
4.525944235029155,48.94051570079142
4.526129115736788,48.95354772843287
4.526721078480842,48.95354772843287
4.5271904435348285,48.96657310538403
4.5274855037063375,48.97959183673469
4.5276559036971795,48.97959183673469
4.527673122652173,48.9926039275695
4.527763768622635,49.005609382967876
4.528825170621985,49.018608208004075
4.52992258702945,49.03160040774719
4.530140141889948,49.044585987261144
4.530506830891785,49.044585987261144
4.531394672601338,49.044585987261144
4.532546996761752,49.044585987261144
4.533109082633582,49.05756495160469
4.533809582383159,49.07053730583142
4.5342576673265285,49.08350305498982
4.5346388030195035,49.08350305498982
4.534658892030289,49.096462204123185
4.5347372418397995,49.096462204123185
4.534879827785591,49.096462204123185
4.535372999553668,49.10941475826972
4.535401020147523,49.10941475826972
4.53588389984132,49.122360722462474
4.536173421513378,49.122360722462474
4.536797303213053,49.1353001017294
4.5368394110921795,49.1353001017294
4.537629282008055,49.148232901093316
4.53768789704335,49.148232901093316
4.538094167971392,49.148232901093316
4.538376644344865,49.161159125571935
4.538624955865095,49.174078780177894
4.538717140491632,49.1869918699187
4.539308339110864,49.1998983997968
4.539918717912802,49.212798374809545
4.54025876374299,49.212798374809545
4.540717710059734,49.22569179994923
4.540795862502198,49.23857868020304
4.541178562534615,49.251459020553156
4.541384967784148,49.26433282597666
4.541471306883507,49.2772001014456
4.542454006038054,49.290060851926974
4.542767601243531,49.30291508238277
4.543008832790241,49.31576279776989
4.543404798437113,49.31576279776989
4.543799832327428,49.32860400304028
4.54402043211115,49.32860400304028
4.5443112823507565,49.34143870314083
4.544512043777503,49.354266903013425
4.544816436912901,49.36708860759494
4.5448353496350515,49.37990382181726
4.545537981317283,49.392712550607285
4.545597873915155,49.40551479888693
4.545792647234304,49.418310571573095
4.54638199589141,49.43109987357775
4.546417758880819,49.44388270980789
4.546950033415971,49.456659085165526
4.547550096796925,49.46942900454775
4.547891965378769,49.482192472846684
4.549535924801987,49.494949494949495
4.549569593129819,49.50770007573845
4.550073424187726,49.520444220090866
4.550184156507519,49.53318193287913
4.551102278645522,49.54591321897074
4.551124997399938,49.558638083228246
4.551987875448431,49.571356530509334
4.552222229790107,49.58406856566675
4.55225626583877,49.58406856566675
4.553642285015669,49.58406856566675
4.553978945348524,49.596774193548384
4.554786111326775,49.60947341899723
4.555111563599503,49.60947341899723
4.5553703989281145,49.60947341899723
4.555668008825765,49.622166246851386
4.555705723826528,49.634852681944096
4.5560507471641785,49.64753272910373
4.5574566848573825,49.660206393153786
4.55751161722949,49.672873678912936
4.558205217925472,49.685534591194966
4.558542918285039,49.69818913480885
4.559146428683294,49.71083731455872
4.559308668858559,49.72347913524384
4.5596849881650625,49.73611460165871
4.560732549215785,49.74874371859296
4.561172397105275,49.76136649083145
4.562705646387896,49.77398292315419
4.562895870964074,49.786593020336426
4.56293415580184,49.79919678714859
4.5636944595188025,49.81179422835634
4.563949806120417,49.824385348720526
4.56406691871443,49.824385348720526
4.564089480348359,49.824385348720526
4.564143278694251,49.824385348720526
4.564381893313208,49.83697015299724
4.564600619437515,49.849548645937816
4.564832828031061,49.849548645937816
4.564972056809145,49.849548645937816
4.565463934768235,49.862120832288795
4.565688579359305,49.862120832288795
4.565748653855945,49.87468671679198
4.566061405764188,49.887246304184416
4.566498208500734,49.899799599198396
4.566516687596454,49.91234660656148
4.567077348112705,49.91234660656148
4.5670955924927465,49.92488733099649
4.568401817915143,49.93742177722152
4.569166178452879,49.93742177722152
4.569205708208387,49.94994994994995
4.569631777281891,49.96247185389041
4.569793983518408,49.97498749374687
4.5698366849475285,49.98749687421856
4.570211586515552,50.0
4.570332708113156,50.01249687578105
4.570900014253969,50.01249687578105
4.572053278357725,50.01249687578105
4.572486251017693,50.02498750624687
4.572721365930761,50.02498750624687
4.57300367234541,50.037471896077946
4.573026872631987,50.049950049950056
4.573535544706192,50.049950049950056
4.5743540685268345,50.06242197253433
4.574620538905988,50.06242197253433
4.5754847962282685,50.07488766849726
4.576446424089572,50.07488766849726
4.576919922943238,50.087347142500626
4.577152547772262,50.087347142500626
4.577215072260474,50.087347142500626
4.577678002806358,50.0998003992016
4.578509461845815,50.11224744325268
4.5788638615869335,50.12468827930174
4.578909594848402,50.13712291199203
4.5789785779339764,50.13712291199203
4.5794274049091594,50.14955134596212
4.579427699024477,50.161973585846
4.579469874349832,50.161973585846
4.580097260210197,50.17438963627304
4.580175435692616,50.186799501867995
4.580744405316416,50.186799501867995
4.580749745857126,50.199203187250994
4.581428122410142,50.211600697037596
4.581661458975649,50.22399203583873
4.582319404931019,50.23637720826076
4.582372076614482,50.23637720826076
4.582407108164408,50.24875621890548
4.5824134684826765,50.26112907237006
4.582483311630064,50.27349577324715
4.5829143535408345,50.27349577324715
4.583536049326036,50.28585632612478
4.584382889962546,50.28585632612478
4.584957431993299,50.29821073558648
4.585437803318512,50.29821073558648
4.585509621863959,50.29821073558648
4.586075963585451,50.31055900621118
4.586173726675546,50.32290114257327
4.58671619890019,50.335237149242616
4.586769752102337,50.335237149242616
4.587550749972407,50.34756703078451
4.588071616219293,50.34756703078451
4.588617231678649,50.359890791759746
4.589608750945812,50.37220843672456
4.590210942231993,50.38451997023071
4.5907746338812165,50.39682539682539
4.590852872346216,50.40912472105133
4.591007417923675,50.4214179474467
4.59217341582157,50.43370508054523
4.592241689010471,50.44598612487612
4.592267847961979,50.458261084964086
4.592943079043959,50.47052996532937
4.593678058840362,50.48279277048775
4.593849629329965,50.48279277048775
4.593968480392075,50.495049504950494
4.594398784770571,50.495049504950494
4.594936616529731,50.495049504950494
4.594950121786933,50.495049504950494
4.596011377065332,50.50730017322444
4.596239512582286,50.51954477981197
4.596269079510302,50.53178332921098
4.596309340608003,50.53178332921098
4.597012065430701,50.54401582591493
4.597230478611168,50.54401582591493
4.597264258348717,50.54401582591493
4.597610311024889,50.55624227441285
4.598121016620033,50.56846267918932
4.598315825373867,50.58067704472449
4.598837784167844,50.59288537549407
4.5989573169300595,50.60508767596937
4.5996877641152825,50.617283950617285
4.599706434039229,50.62947420390027
4.599735683473983,50.62947420390027
4.600971526491293,50.6416584402764
4.600993729738834,50.65383666419936
4.601159571170493,50.6660088801184
4.60271229842959,50.67817509247842
4.602766921503994,50.69033530571993
4.603044058462166,50.69033530571993
4.60360108264784,50.702489524279024
4.603739216752479,50.71463775258748
4.604137803609973,50.72677999507268
4.60431774282971,50.73891625615764
4.604755632289246,50.75104654026102
4.60475709986463,50.76317085179715
4.604758350464127,50.77528919517598
4.605160824796305,50.77528919517598
4.605381471867281,50.77528919517598
4.6055101065018205,50.77528919517598
4.6055574705861,50.78740157480315
4.605618915519703,50.79950799507995
4.605904364125856,50.79950799507995
4.6059148539404395,50.81160846040335
4.606499072604113,50.81160846040335
4.606653695567386,50.81160846040335
4.606971577598299,50.82370297516597
4.606981131903619,50.835791543756145
4.607079527173378,50.84787417055787
4.6071613840520165,50.84787417055787
4.607876040180269,50.859950859950864
4.608717770563268,50.87202161631049
4.609018783232917,50.87202161631049
4.609132158140392,50.884086444007856
4.609448970796811,50.884086444007856
4.609766042321179,50.89614534740977
4.610725342208881,50.89614534740977
4.61144415057931,50.90819833087874
4.6121429897557915,50.90819833087874
4.612273080522399,50.920245398773
4.612641625606973,50.93228655544652
4.613051860082557,50.94432180524896
4.613277457698578,50.95635115252575
4.6133953859029875,50.95635115252575
4.61353366545981,50.96837460161804
4.613653080695571,50.96837460161804
4.6150536931823325,50.98039215686274
4.615216673595577,50.9924038225925
4.6152738373118485,50.9924038225925
4.61549001142401,51.00440960313571
4.615574003808332,51.00440960313571
4.615761590651701,51.00440960313571
4.615860581537385,51.00440960313571
4.616409791575178,51.01640950281655
4.616978667280493,51.01640950281655
4.617034042944896,51.02840352595494
4.618019084178645,51.040391676866584
4.618340126869294,51.05237395986295
4.619122282631051,51.06435037925129
4.619807693434441,51.07632093933464
4.6198146509592455,51.08828564441183
4.619849940583892,51.1002444987775
4.62004127493747,51.11219750672207
4.621129565988293,51.11219750672207
4.621259892519888,51.12414467253177
4.622577437519424,51.13608600048863
4.6229615851466095,51.13608600048863
4.623132742449631,51.14802149487054
4.623866798811284,51.159951159951156
4.624076588254065,51.171875
4.624435418851506,51.171875
4.624821281730439,51.171875
4.62494726202896,51.1837930192824
4.626340586972391,51.19570522205954
4.6264584592028575,51.20761161258843
4.6267921892274995,51.21951219512195
4.627355917273752,51.21951219512195
4.628248882643592,51.2314069739088
4.628965581579832,51.24329595319357
4.630060321552506,51.24329595319357
4.631127521028252,51.255179137216665
4.631412562430942,51.267056530214425
4.631480260873997,51.267056530214425
4.631686972747779,51.278928136419
4.631916471910225,51.29079396005846
4.632845969372678,51.30265400535671
4.632869703965693,51.31450827653359
4.632893170151384,51.32635677780482
4.633237232896105,51.338199513382
4.633385367244868,51.350036487472636
4.633506995136908,51.36186770428015
4.634176346506064,51.36186770428015
4.634557522811105,51.37369316800389
4.635135818613077,51.38551288283909
4.63611599650269,51.39732685297691
4.63701864719842,51.40913508260447
4.63727868851596,51.42093757590479
4.6374254447821865,51.43273433705683
4.637928143340658,51.444525370235496
4.6382348157521225,51.45631067961165
4.63841033477255,51.45631067961165
4.6388480123484435,51.45631067961165
4.63900745067045,51.468090269352096
4.639039936858504,51.4798641436196
4.63916946628099,51.49163230657289
4.639732322719862,51.50339476236664
4.639841887652274,51.515151515151516
4.640291095631572,51.52690256907416
4.640496520348705,51.5386479282772
4.641017577971668,51.5386479282772
4.641252907372797,51.55038759689923
4.641386905509689,51.55038759689923
4.641814793972072,51.56212157907484
4.642007016311087,51.57384987893463
4.6420968093677715,51.57384987893463
4.6421906388624405,51.58557250060518
4.642752125909116,51.597289448209104
4.643416729457962,51.597289448209104
4.643602981899102,51.60900072586499
4.643757054096067,51.60900072586499
4.64433152891252,51.60900072586499
4.644485221694243,51.62070633768747
4.644662521467465,51.63240628778718
4.646122153345909,51.64410058027079
4.646697353656734,51.64410058027079
4.647033872282909,51.64410058027079
4.647389974869749,51.655789219241
4.647850534813489,51.66747220879652
4.647859776312644,51.67914955303213
4.647894080846425,51.690821256038646
4.647985720233302,51.70248732190292
4.649824447980392,51.714147754707874
4.650548080277878,51.714147754707874
4.651100103035147,51.725802558532465
4.651102731731107,51.737451737451735
4.651111818116199,51.7490952955368
4.65112844360548,51.7607332368548
4.651492150608901,51.772365565469016
4.652038426690285,51.772365565469016
4.652701182518106,51.783992285438764
4.653267365844756,51.79561340081948
4.653539619743727,51.80722891566265
4.6545064174406425,51.80722891566265
4.654900688491082,51.80722891566265
4.655542932870433,51.80722891566265
4.655582162940979,51.8188388340159
4.656158373245796,51.8188388340159
4.656585939752081,51.83044315992292
4.6571276534784065,51.84204189742355
4.657241515013584,51.853635050553684
4.657265257090271,51.86522262334536
4.657527277858587,51.87680461982676
4.657687052391821,51.87680461982676
4.657768347843041,51.87680461982676
4.657893672087578,51.88838104402214
4.65853755040314,51.8999518999519
4.6590543639677255,51.911517191632605
4.659144994326852,51.92307692307693
4.659653871351902,51.92307692307693
4.659850927678978,51.92307692307693
4.661398045901918,51.93463109829368
4.6616821754701405,51.93463109829368
4.662200714277548,51.94617972128784
4.662711094629545,51.95772279606054
4.663144433997573,51.95772279606054
4.663160045716779,51.96926032660903
4.664690066175812,51.96926032660903
4.6646997567087745,51.96926032660903
4.665016946807898,51.980792316926774
4.665249614432214,51.99231877100337
4.665363253077404,51.99231877100337
4.665476608781336,52.00383969282457
4.665877139898189,52.01535508637236
4.666244861726836,52.02686495562485
4.667109058337804,52.038369304556355
4.668261467699593,52.04986813713738
4.668266941131541,52.04986813713738
4.668355501662511,52.06136145733461
4.668657552905711,52.06136145733461
4.668680304286049,52.072849269110954
4.66938134025499,52.08433157642549
4.669544387978208,52.09580838323353
4.669624306133255,52.10727969348659
4.669656621874831,52.11874551113239
4.669821361886344,52.11874551113239
4.670332625710706,52.13020584011488
4.670355556112607,52.141660684374244
4.671041702741576,52.141660684374244
4.671100890488259,52.141660684374244
4.671146322226948,52.15311004784689
4.671278217506467,52.16455393446544
4.6715710637001555,52.16455393446544
4.674060499910607,52.16455393446544
4.674516228344419,52.17599234815877
4.674818991576221,52.17599234815877
4.674868113420337,52.18742529285202
4.675015655896028,52.18742529285202
4.675461335620721,52.18742529285202
4.675555112216245,52.198852772466545
4.6755559373179985,52.210274790919954
4.676124381450504,52.210274790919954
4.676182968432843,52.22169135212613
4.6763887648711995,52.23310245999523
4.676466335130124,52.23310245999523
4.677041271235037,52.24450811843362
4.677480418183107,52.25590833134399
4.677523032434749,52.2673031026253
4.6780334436647975,52.27869243617275
4.678156524888597,52.29007633587786
4.678368007624194,52.29007633587786
4.678631092730577,52.30145480562843
4.679184625946497,52.31282784930854
4.679448116690372,52.32419547079857
4.679691806023316,52.33555767397522
4.680063871629731,52.34691446271146
4.680540847795019,52.358265840876605
4.681002901953644,52.358265840876605
4.681172302694309,52.36961181233627
4.681307155889592,52.38095238095239
4.681596862739601,52.39228755058319
4.681687518825667,52.403617325083296
4.682383375135368,52.414941708303594
4.682508526873487,52.42626070409134
4.6829835739988335,52.437574316290124
4.6831569742448425,52.437574316290124
4.683625581965176,52.448882548739896
4.685339020845656,52.46018540527692
4.68535513066912,52.47148288973384
4.6853776483206495,52.48277500593965
4.686032761184752,52.49406175771971
4.686382254522919,52.50534314889575
4.686797184028245,52.516619183285854
4.687119726108985,52.516619183285854
4.687901277549449,52.52788986470449
4.688194154305003,52.539155196962504
4.688278546323842,52.539155196962504
4.688633409759507,52.55041518386714
4.68868324116765,52.56166982922201
4.689412687951253,52.572919136827124
4.6897596074418635,52.5841631104789
4.69058666542638,52.59540175397014
4.690723565108215,52.59540175397014
4.690923183953787,52.60663507109005
4.691108873984803,52.61786306562426
4.691253489392319,52.62908574135481
4.691680940570612,52.64030310206015
4.692407316437315,52.65151515151515
4.692499507735036,52.662721893491124
4.692560554833782,52.6739233317558
4.692651698765016,52.68511947007334
4.692744706599979,52.69631031220435
4.692891701271285,52.70749586190588
4.693249596415612,52.71867612293144
4.694610777320906,52.72985109903097
4.6951255602829605,52.72985109903097
4.695246378920037,52.74102079395085
4.696165256189802,52.74102079395085
4.69616681873907,52.75218521143397
4.696609758104536,52.76334435521966
4.6974741366889985,52.76334435521966
4.697495647050602,52.76334435521966
4.697558978943511,52.77449822904369
4.69804185448334,52.785646836638335
4.6982433519896345,52.796790181732355
4.698351423961459,52.807928268050965
4.698765387578584,52.81906109931588
4.698890728400306,52.81906109931588
4.6989105832538565,52.81906109931588
4.69891599437551,52.83018867924528
4.698999395268668,52.83018867924528
4.699110266075351,52.841311011553884
4.699501238030671,52.85242809995285
4.69960934779178,52.85242809995285
4.6998268561056005,52.86353994814989
4.699972830874157,52.874646559849204
4.70007071354786,52.88574793875147
4.70042561711652,52.89684408855393
4.700698600751356,52.89684408855393
4.7008209404653964,52.89684408855393
4.701292277470757,52.90793501295031
4.701352841713697,52.91902071563088
4.7020600218684105,52.93010120028242
4.702179264433574,52.94117647058824
4.70231323721344,52.95224653022819
4.702343206895682,52.96331138287864
4.702812147881268,52.97437103221255
4.702878682899087,52.985425481899384
4.703085893760542,52.99647473560517
4.703294097389493,52.99647473560517
4.703579562654917,53.00751879699248
4.704306751799385,53.00751879699248
4.704515890482329,53.01855766972046
4.704564884244429,53.02959135744481
4.704666631964056,53.040619863817795
4.70487241532318,53.040619863817795
4.706182650261658,53.040619863817795
4.706504973665061,53.051643192488264
4.706698185042991,53.06266134710162
4.707837818804133,53.073674331299856
4.708000812390439,53.08468214872156
4.708209298811828,53.09568480300187
4.708346844981672,53.106682297772565
4.708701385202794,53.11767463666198
4.70889525738889,53.11767463666198
4.7091478667378945,53.128661823295054
4.709860266260121,53.13964386129335
4.710409761197241,53.150620754275
4.710795341160937,53.150620754275
4.710953995832465,53.161592505854806
4.711129873232238,53.161592505854806
4.711208127751237,53.161592505854806
4.711214634809539,53.17255911964411
4.7122420812592996,53.18352059925093
4.712295954018236,53.1944769482799
4.713181943291478,53.1944769482799
4.71338703937524,53.20542817033223
4.713633094958515,53.216374269005854
4.715115790535402,53.22731524789523
4.716030898245127,53.23825111059154
4.716884395502715,53.24918186068256
4.71702065775138,53.24918186068256
4.717138043749849,53.26010750175275
4.718463833035174,53.271028037383175
4.718578536483718,53.271028037383175
4.718890156979418,53.28194347115161
4.719191419437624,53.292853806632415
4.719344012040804,53.292853806632415
4.719383706085546,53.292853806632415
4.7198874400839985,53.292853806632415
4.720046526912871,53.30375904739668
4.72006008969897,53.30375904739668
4.720085508639287,53.31465919701214
4.720197675782407,53.32555425904317
4.7201997449273,53.33644423705086
4.720656058225798,53.34732913459296
4.720676088310997,53.35820895522389
4.721188710694941,53.369083702494756
4.721204852158676,53.379953379953385
4.72142856770817,53.379953379953385
4.721639624988446,53.39081799114426
4.721704703446641,53.40167753960857
4.721762248469025,53.40167753960857
4.722046629640949,53.41253202888423
4.722612771669644,53.42338146250582
4.722967788755542,53.43422584400466
4.723504228202907,53.445065176908756
4.723511719808961,53.45589946474284
4.724027971947249,53.46672871102839
4.724083761812896,53.47755291928355
4.724114487006018,53.47755291928355
4.724934354539772,53.48837209302325
4.725170456779592,53.49918623575912
4.7259374907856895,53.50999535099954
4.726347936288738,53.50999535099954
4.72647793006756,53.50999535099954
4.726586471573042,53.50999535099954
4.727553573446344,53.52079944224959
4.728031809212464,53.53159851301115
4.728212994435823,53.542392566782816
4.728349443541627,53.55318160705992
4.728522967382957,53.563965637334576
4.728559144187769,53.57474466109564
4.728696016082124,53.585518681828724
4.730169337075463,53.596287703016245
4.730295918163256,53.60705172813732
4.7303354708290986,53.60705172813732
4.730736303699224,53.61781076066791
4.730772910590427,53.62856480408069
4.730827638364168,53.62856480408069
4.731143153458501,53.62856480408069
4.731169520252283,53.62856480408069
4.731386358107935,53.63931386184515
4.732392520988379,53.650057937427576
4.732485487073996,53.66079703429101
4.732831483412198,53.6715311558953
4.733032029329954,53.682260305697085
4.733131724282133,53.69298448714981
4.733396362539354,53.70370370370371
4.733491578797422,53.714417958805825
4.733705727406574,53.714417958805825
4.734454548245152,53.714417958805825
4.734952098228517,53.72512725590005
4.734976938799502,53.72512725590005
4.735577944291347,53.72512725590005
4.7357998443047995,53.73583159842702
4.735878948107606,53.74653098982424
4.735964998394572,53.75722543352601
4.736059089969638,53.76791493296348
4.73627514187691,53.76791493296348
4.737604765138415,53.77859949156459
4.738869117968544,53.789279112754166
4.739195614974453,53.799953799953805
4.739274293216859,53.81062355658198
4.739347772838955,53.821288386054036
4.73945736479326,53.83194829178208
4.739625601199588,53.84260327717517
4.740372490747381,53.84260327717517
4.7405674061219125,53.85325334563913
4.740569072445568,53.8638985005767
4.741036549097977,53.874538745387454
4.741338591930888,53.88517408346784
4.741686872040074,53.89580451821116
4.741863950872545,53.89580451821116
4.7422468253319945,53.906430053007604
4.743251141546376,53.906430053007604
4.743259085265121,53.906430053007604
4.7433125706683725,53.906430053007604
4.743346329611716,53.906430053007604
4.743387106935359,53.91705069124424
4.743981401035903,53.927666436305
4.744213002359522,53.9382772915707
4.74445616896236,53.9382772915707
4.744755996085466,53.948883260419066
4.745016885879192,53.95948434622467
4.745258653529662,53.95948434622467
4.746009693267581,53.95948434622467
4.746338365418192,53.95948434622467
4.7463548329165075,53.970080552359036
4.7464275313521895,53.98067188219052
4.746572873908715,53.991258339084425
4.746739089585538,54.00183992640294
4.747156432262645,54.01241664750517
4.747217673688331,54.01241664750517
4.748048012060867,54.02298850574713
4.748313165164205,54.033555504481726
4.7490454429338165,54.033555504481726
4.7496274080086955,54.04411764705882
4.749802030941036,54.04411764705882
4.750088985356977,54.05467493682517
4.75019394289407,54.06522737712448
4.7502187935914835,54.07577497129736
4.750414286592571,54.08631772268136
4.751330114631623,54.08631772268136
4.751337106652358,54.08631772268136
4.751409719452356,54.096855634610975
4.751520641739105,54.107388710417624
4.752068660497075,54.11791695342969
4.752512798921904,54.12844036697248
4.752610355797087,54.12844036697248
4.752683723550984,54.13895895436826
4.7530580685496835,54.149472718936266
4.7533372107208445,54.15998166399266
4.7535698957980355,54.1704857928506
4.753970943672859,54.18098510882016
4.754609671528048,54.18098510882016
4.7546241646043566,54.19147961520843
4.754717455565071,54.201969315319445
4.7551024639159,54.201969315319445
4.755391675644344,54.201969315319445
4.755522501696505,54.201969315319445
4.756197041636956,54.21245421245421
4.7566812337382185,54.222934309910734
4.756755932334861,54.23340961098398
4.756875057515434,54.24388011896591
4.756914351264344,54.24388011896591
4.756991883009082,54.254345837145465
4.757660504086775,54.26480676880859
4.7577674312602065,54.26480676880859
4.75893495304912,54.27526291723822
4.759280319293324,54.285714285714285
4.759396883317961,54.285714285714285
4.759609856773539,54.296160877513714
4.75993193478774,54.30660269591044
4.7601415553339965,54.30660269591044
4.760384496032376,54.317039744175425
4.760514727759105,54.32747202557662
4.760551108052852,54.337899543378995
4.760637818104431,54.337899543378995
4.760691279947491,54.337899543378995
4.761044539823324,54.34832230084455
4.761361280858844,54.34832230084455
4.761373312833706,54.35874030123231
4.761377390356672,54.36915354779831
4.761528842733536,54.379562043795616
4.762146196525959,54.38996579247435
4.762395692461561,54.40036479708162
4.762674801201231,54.410759060861636
4.762890192541487,54.4211485870556
4.762904306144871,54.4315333789018
4.762970065097873,54.4315333789018
4.76297739453083,54.4315333789018
4.763435702061572,54.441913439635535
4.763788163147234,54.452288772489176
4.763852333451742,54.452288772489176
4.764141294161962,54.462659380692166
4.76425393838022,54.462659380692166
4.764488322584239,54.47302526747097
4.764508600276798,54.48338643604915
4.764914868831669,54.49374288964732
4.76551906392826,54.50409463148317
4.765523399654406,54.50409463148317
4.765564639664082,54.51444166477144
4.765599080927937,54.51444166477144
4.765665296499077,54.52478399272397
4.765669942596454,54.535121618549674
4.765910295051526,54.54545454545454
4.7664094022146015,54.54545454545454
4.7664841898945784,54.54545454545454
4.7668891647421585,54.54545454545454
4.76745114391786,54.54545454545454
4.767644075024224,54.55578277664167
4.767806799809101,54.566106315311224
4.7678555213846545,54.566106315311224
4.76833464162439,54.576425164660456
4.768347599603877,54.586739327883734
4.7693560666067185,54.586739327883734
4.76936355190074,54.59704880817253
4.7694361013519,54.59704880817253
4.7696551545048855,54.60735360871539
4.770029155533589,54.60735360871539
4.770358244104443,54.60735360871539
4.7704985022143545,54.61765373269798
4.770528105889703,54.61765373269798
4.770562487443279,54.62794918330308
4.771417300679428,54.62794918330308
4.771570505978276,54.63823996371059
4.7717184923300255,54.6485260770975
4.771801807737615,54.65880752663795
4.7718971473328855,54.66908431550317
4.772246728530343,54.67935644686155
4.773199605963,54.68962392387857
4.773379316651998,54.699886749716875
4.773787718332053,54.710144927536234
4.773789222678834,54.72039846049355
4.773901073803936,54.72039846049355
4.774124573448628,54.73064735174287
4.77413694298591,54.74089160443539
4.774915533627323,54.75113122171946
4.774970777611733,54.76136620674056
4.7749747791479775,54.76136620674056
4.775094173910252,54.76136620674056
4.7751427694331605,54.771596562641335
4.775644666598028,54.781822292561614
4.776351092456654,54.79204339963834
4.77693375226134,54.80225988700565
4.777029683342935,54.812471757794846
4.777223340422033,54.812471757794846
4.777370569243947,54.812471757794846
4.777491738010965,54.812471757794846
4.779434645336376,54.8226790151344
4.780316132614718,54.83288166214996
4.780537627871915,54.84307970196433
4.7816774806153735,54.84307970196433
4.781819047482377,54.85327313769752
4.781918971868892,54.85327313769752
4.781940992735377,54.86346197246671
4.782255374743362,54.86346197246671
4.782830791052844,54.87364620938629
4.7830195508286675,54.88382585156779
4.783154905411212,54.89400090211998
4.784042331520925,54.904171364148816
4.784170023889397,54.91433724075744
4.785133709516432,54.91433724075744
4.785287900134035,54.924498535046204
4.785676526730611,54.93465525011266
4.785702344760766,54.94480738905159
4.786254470400311,54.95495495495496
4.786318429645594,54.965097950911954
4.786357962428618,54.97523638000901
4.786441621445368,54.98537024532973
4.786640866375194,54.995499549955
4.787420898730513,55.005624296962885
4.787515288514273,55.005624296962885
4.788317790516397,55.0157444894287
4.788340361155945,55.02586013042501
4.788774625257901,55.03597122302158
4.788844752946327,55.046077770285464
4.788879956467968,55.046077770285464
4.789374004162337,55.0561797752809
4.789398685840919,55.06627724106943
4.790155614574202,55.0763701707098
4.791144650647247,55.0763701707098
4.791715928525359,55.0763701707098
4.791895489568174,55.08645856725802
4.792219671710149,55.096542433767404
4.792317115740112,55.106621773288445
4.792343758065751,55.106621773288445
4.7923695583802886,55.106621773288445
4.792423586242772,55.106621773288445
4.793020149863065,55.106621773288445
4.793103705386152,55.11669658886894
4.793926684903963,55.11669658886894
4.794469628128707,55.126766883553955
4.795216992273927,55.13683266038583
4.795510227492802,55.13683266038583
4.796281581867557,55.13683266038583
4.797208838540131,55.13683266038583
4.797366918568028,55.146893922404125
4.797598993545316,55.146893922404125
4.797839696656181,55.146893922404125
4.797851016877088,55.15695067264574
4.7978910542810995,55.16700291414482
4.799076600638514,55.17705064993277
4.799399154295938,55.17705064993277
4.7994256871547964,55.187093883038315
4.799671001419176,55.19713261648745
4.799848555702676,55.20716685330347
4.799927054835857,55.20716685330347
4.800122826847236,55.217196596506945
4.801574467171531,55.227221849115736
4.802249575511673,55.23724261414503
4.802305808669085,55.2472588946073
4.802506213069046,55.257270693512304
4.802590082019332,55.26727801386715
4.802664388064199,55.27728085867621
4.802962912062482,55.2872792309412
4.803199399611914,55.29727313366115
4.803212335854915,55.3072625698324
4.803512210123449,55.31724754244861
4.803544997481626,55.31724754244861
4.803624302449736,55.32722805450078
4.8037954508680185,55.337204108977225
4.804039548529939,55.337204108977225
4.804050938663379,55.337204108977225
4.804818544084488,55.337204108977225
4.8048218634025,55.34717570886358
4.805102407522311,55.34717570886358
4.80577951458014,55.34717570886358
4.805897887170452,55.35714285714286
4.806036322983717,55.36710555679536
4.806285630743845,55.37706381079875
4.80666898729123,55.38701762212804
4.806782530497973,55.39696699375558
4.806994573643445,55.406911928651056
4.807202838938052,55.416852429781535
4.807228811194631,55.426788500111435
4.807288686127276,55.43672014260249
4.808241287824871,55.44664736021385
4.8082511538607475,55.45657015590201
4.808479176120193,55.466488532620794
4.808533675479984,55.466488532620794
4.808782608814291,55.476402493321466
4.809296554928887,55.476402493321466
4.809487147451927,55.48631204095259
4.8096632561756545,55.48631204095259
4.809867425068755,55.49621717846017
4.809875125424821,55.506117908787544
4.810431928155801,55.51601423487544
4.810871870498853,55.525906159662
4.810878036615863,55.525906159662
4.811314493788194,55.525906159662
4.811681111231934,55.5357936860827
4.812206633386033,55.54567681707046
4.812712376589253,55.54567681707046
4.812918679037615,55.54567681707046
4.8132492946986245,55.55555555555556
4.813264624217689,55.55555555555556
4.81344168230384,55.55555555555556
4.813465616514427,55.55555555555556
4.814119474639358,55.56542990446568
4.814131218725847,55.5752998667259
4.814227068302274,55.585165445258724
4.81457923006279,55.585165445258724
4.814726134217722,55.59502664298401
4.814855822880394,55.60488346281909
4.815471605362891,55.61473590767865
4.815518483245378,55.62458398047482
4.8161570675424885,55.63442768411713
4.816268812486676,55.63442768411713
4.816442035254267,55.63442768411713
4.816540996116401,55.63442768411713
4.816569801692683,55.63442768411713
4.816594418898799,55.63442768411713
4.8167589259092045,55.63442768411713
4.817488331795521,55.644267021512526
4.8175456916882515,55.654101995565405
4.817651315728424,55.66393260917757
4.817881328266294,55.673758865248224
4.818918894191309,55.683580766674055
4.819194488221477,55.69339831634914
4.819836218397597,55.70321151716501
4.820658289921338,55.713020372010625
4.821301970255028,55.72282488377242
4.821412608843324,55.72282488377242
4.82209082670231,55.73262505533422
4.8223099824699736,55.74242088957734
4.823108610208936,55.75221238938053
4.823859447607294,55.76199955761999
4.82394804546988,55.77178239716939
4.824440539447947,55.77178239716939
4.824947780858627,55.78156091089984
4.825357811301879,55.78156091089984
4.826507800401787,55.79133510167993
4.827164466301443,55.80110497237569
4.827306675624508,55.81087052585064
4.827318573906577,55.82063176496575
4.82808103453586,55.830388692579504
4.828207818348537,55.830388692579504
4.8285851559197095,55.84014131154781
4.828705427360737,55.84988962472406
4.829473157415064,55.84988962472406
4.830338075293223,55.84988962472406
4.830593770449984,55.859633634959174
4.83079115579603,55.8693733451015
4.831113123745532,55.87910875799691
4.831297674729413,55.88883987648875
4.831629322386128,55.89856670341786
4.831741805435642,55.89856670341786
4.831765202570675,55.908289241622576
4.832316856126035,55.918007493938724
4.832450262144304,55.927721463199646
4.832457973073149,55.93743115223617
4.832479691631977,55.947136563876654
4.8325417732849925,55.947136563876654
4.832733765537965,55.95683770094693
4.8329833179997275,55.95683770094693
4.833362570869059,55.95683770094693
4.833392663907123,55.95683770094693
4.833785409586388,55.96653456627037
4.834708416981585,55.97622716266783
4.834927671931523,55.98591549295775
4.835477325521893,55.98591549295775
4.835486550907569,55.995599559956
4.835492293531531,56.005279366476024
4.835878185745168,56.01495491532879
4.836056641226665,56.02462620932278
4.836370203136315,56.02462620932278
4.836582316436283,56.02462620932278
4.836919427700789,56.03429325126401
4.8373234354294725,56.043956043956044
4.837692964205755,56.043956043956044
4.838616177025904,56.043956043956044
4.838714053096411,56.05361459019995
4.839928371825673,56.06326889279437
4.840101027727638,56.06326889279437
4.8404836376720715,56.06326889279437
4.841015967936545,56.07291895453547
4.8410519291287795,56.08256477821695
4.841540161377899,56.09220636663008
4.8424832852797515,56.10184372256365
4.843372738731525,56.111476848804045
4.8434048409044115,56.111476848804045
4.843530980531977,56.12110574813515
4.844533308295612,56.12110574813515
4.8449601007543235,56.12110574813515
4.845033862947696,56.12110574813515
4.84511198047918,56.12110574813515
4.845359799631181,56.13073042333845
4.845549505943701,56.14035087719298
4.845585097558044,56.14996711247533
4.845718646994751,56.15957913195967
4.845877294015581,56.15957913195967
4.846351137781492,56.15957913195967
4.846453670962595,56.1691869384177
4.847230171291287,56.17879053461875
4.848230082900009,56.18838992332969
4.849834241022399,56.19798510731494
4.849881864077329,56.20757608933654
4.850021841992678,56.21716287215411
4.850834945417026,56.22674545852484
4.851583296171683,56.22674545852484
4.851720806373816,56.22674545852484
4.8517328497196255,56.236323851203494
4.851776531876039,56.236323851203494
4.851842046374481,56.236323851203494
4.851875034100388,56.245898052942465
4.852149678054231,56.245898052942465
4.852394990674145,56.25546806649169
4.852886592474947,56.26503389459874
4.8529562484636015,56.27459554000874
4.853502614376375,56.284153005464475
4.854337404659216,56.29370629370629
4.855494629049126,56.30325540747214
4.855907712533172,56.31280034949759
4.856572950601357,56.32234112251583
4.857103499054317,56.33187772925764
4.857106962334799,56.34141017245143
4.8572082877453235,56.35093845482322
4.85727777306853,56.36046257909666
4.857365369331323,56.36998254799301
4.857818798734514,56.37949836423118
4.85816985572783,56.3890100305277
4.858566206419532,56.39851754959668
4.858696647295939,56.39851754959668
4.858763578931042,56.40802092414996
4.858971132658778,56.41752015689693
4.8591400081192235,56.42701525054466
4.8591493658773475,56.43650620779786
4.859444871521008,56.44599303135889
4.859755138718958,56.45547572392772
4.8599830463984555,56.45547572392772
4.860015343051178,56.46495428820201
4.860656000098441,56.474428726877036
4.861247223471738,56.48389904264578
4.861295376039893,56.48389904264578
4.861312818135667,56.48389904264578
4.861699580072128,56.49336523819882
4.861827173791818,56.49336523819882
4.862263248460244,56.49336523819882
4.862814285512786,56.50282731622445
4.862830822452416,56.51228527940857
4.863038076275578,56.51228527940857
4.863754598212887,56.51228527940857
4.864534421441396,56.52173913043478
4.864687090241773,56.53118887198435
4.864738946651767,56.53118887198435
4.865059071388845,56.53118887198435
4.866005849842466,56.5406345067362
4.8660409748787306,56.5406345067362
4.866360694121371,56.550076037366935
4.866569363469806,56.550076037366935
4.866689035539711,56.559513466550825
4.8667950611144875,56.56894679695983
4.866872721235576,56.56894679695983
4.866957109594885,56.578376031263566
4.867282159151187,56.58780117212937
4.867663139097612,56.59722222222222
4.867670359327428,56.59722222222222
4.867680812663964,56.60663918420482
4.867824081941754,56.60663918420482
4.867869198566224,56.61605206073753
4.868039705409098,56.61605206073753
4.86818752056574,56.625460854478426
4.868383780110086,56.63486556808326
4.8685713470714775,56.63486556808326
4.868599438596974,56.64426620420551
4.8688731800631535,56.653662765496314
4.868921032472609,56.66305525460456
4.869027621174,56.66305525460456
4.869222782928333,56.672443674176776
4.869520394108717,56.68182802685726
4.869578103880889,56.691208315288
4.869610441882843,56.691208315288
4.869626070029842,56.691208315288
4.869767420464491,56.70058454210868
4.87001412719201,56.709956709956714
4.870420558879281,56.709956709956714
4.870733603909819,56.71932482146721
4.870760097508193,56.71932482146721
4.8712105723262,56.72868887927304
4.871470648978632,56.738048886004755
4.872932555179716,56.747404844290664
4.873517601422426,56.75675675675676
4.8737179668199175,56.7661046260268
4.8737729244956105,56.77544845472228
4.87423043645843,56.77544845472228
4.874536745311621,56.7847882454624
4.874904860422935,56.79412400086412
4.874944973627137,56.803455723542115
4.875042389957915,56.812783416108836
4.875580617621306,56.82210708117444
4.877187909092987,56.83142672134686
4.877308077206319,56.83142672134686
4.8775715041966095,56.84074233923177
4.8777877534845935,56.85005393743258
4.877908934574962,56.85005393743258
4.878221980346611,56.85005393743258
4.879149131823112,56.85936151855048
4.87926879795708,56.85936151855048
4.87939894466167,56.85936151855048
4.879488714133593,56.86866508518439
4.8797988368466525,56.877964639931
4.87998215963267,56.88726018538478
4.880040985076954,56.896551724137936
4.88021701953663,56.90583925878043
4.880276232879567,56.91512279190004
4.880976693980711,56.92440232608228
4.880998076117626,56.92440232608228
4.881032510475024,56.933677863910425
4.8816201295377315,56.94294940796556
4.88181658664219,56.94294940796556
4.881826684237312,56.95221696082652
4.8820094692136555,56.95221696082652
4.882692671746121,56.96148052506994
4.883127496762293,56.970740103270224
4.883589718992677,56.970740103270224
4.883595861413369,56.97999569799958
4.883624553907315,56.97999569799958
4.884079749426092,56.97999569799958
4.884356353353955,56.97999569799958
4.884416177266882,56.98924731182796
4.884770189835439,56.99849494732315
4.884955485283648,57.007738607050726
4.8849623311407315,57.01697829357404
4.88503841009872,57.01697829357404
4.885166027833038,57.01697829357404
4.8851969825031345,57.01697829357404
4.885249486120237,57.01697829357404
4.885593229060083,57.01697829357404
4.885699803919368,57.026214009454236
4.885769204317161,57.03544575725027
4.886194777521868,57.03544575725027
4.8865936237481735,57.0446735395189
4.886988578435598,57.05389735881469
4.887257946512893,57.06311721768999
4.8872902777301155,57.06311721768999
4.887568493420676,57.06311721768999
4.887639286833161,57.072333118695
4.887659730898102,57.08154506437768
4.887883341379134,57.09075305728385
4.888306576562315,57.09075305728385
4.888521208702875,57.09075305728385
4.8886321358469615,57.0999570999571
4.88943556330201,57.0999570999571
4.8896615339824745,57.109157194938874
4.8900008869194345,57.11835334476844
4.89009792277559,57.12754555198285
4.890131005353557,57.13673381911701
4.890482801515108,57.145918148703664
4.890837516527477,57.145918148703664
4.890971738764501,57.155098543273354
4.891278898893989,57.16427500535447
4.891559128377943,57.17344753747323
4.891633402215429,57.17344753747323
4.891940833128903,57.18261614215372
4.892408107603116,57.18261614215372
4.892451816374846,57.1917808219178
4.892578458415157,57.1917808219178
4.892910090170505,57.1917808219178
4.8929446914439545,57.20094157928526
4.893214501013592,57.21009841677363
4.894236344595116,57.21925133689839
4.894470979604343,57.228400342172804
4.8954026202901515,57.237545435107975
4.895626323873129,57.24668661821292
4.896039927355981,57.25582389399444
4.896224038109108,57.26495726495726
4.89648459485901,57.26495726495726
4.896774717892326,57.27408673360394
4.8974961251876294,57.28321230243486
4.897982187727374,57.28321230243486
4.897986430881436,57.29233397394833
4.898422932939952,57.29233397394833
4.898445237551804,57.301451750640474
4.899675544057342,57.31056563500534
4.900566895602453,57.319675629534785
4.900630947700662,57.32878173671858
4.900634975027755,57.32878173671858
4.900776556025905,57.33788395904437
4.901134405411224,57.34698229899765
4.901713947064174,57.356076759061835
4.90187952964647,57.365167341718184
4.902176668679725,57.365167341718184
4.902347343782559,57.37425404944586
4.9024134086535245,57.38333688472193
4.90265125998632,57.39241585002131
4.902986005175788,57.401490947816825
4.903130622809617,57.401490947816825
4.90313349544342,57.401490947816825
4.903277200998987,57.41056218057922
4.903781682836406,57.419629550777096
4.9037986252350905,57.42869306087697
4.903925486460604,57.43775271334326
4.903942144429751,57.446808510638306
4.9043289812286295,57.45586045522229
4.9046157204139815,57.464908549553385
4.904736899746285,57.4739527960876
4.904749706631544,57.48299319727891
4.905126378646608,57.49202975557917
4.905960437892599,57.49202975557917
4.906469314012062,57.50106247343817
4.906574323459527,57.510091353303594
4.906966856501914,57.519116397621076
4.9071416847004,57.52813760883415
4.907179327159964,57.537154989384284
4.907622020377055,57.546168541710884
4.907686381229133,57.555178268251275
4.90779534946392,57.555178268251275
4.9084085119181315,57.564184171440694
4.908473732543637,57.57318625371235
4.908781768127251,57.582184517497346
4.90969392255011,57.59117896522476
4.910043730916121,57.6001695993216
4.9100732061701855,57.609156422212806
4.910643539052059,57.61813943632126
4.911787886161203,57.6271186440678
4.91180776814182,57.6271186440678
4.911877908271983,57.63609404787121
4.912091483347672,57.63609404787121
4.912775367136309,57.63609404787121
4.913019159915401,57.64506565014824
4.913292745513082,57.654033453313566
4.913657810202683,57.66299745977985
4.913969428246537,57.67195767195767
4.914013820772612,57.67195767195767
4.914040729738133,57.67195767195767
4.914165784117318,57.67195767195767
4.914719243174739,57.680914092255605
4.914744260779067,57.68986672308017
4.915194741034239,57.69881556683587
4.915544038510015,57.70776062592514
4.915667086507982,57.71670190274841
4.915730902460963,57.71670190274841
4.915867546574272,57.72563939970408
4.915927070317469,57.72563939970408
4.916054460936347,57.72563939970408
4.916469351684531,57.734573119188504
4.916846423499017,57.734573119188504
4.91716824002839,57.74350306359602
4.917417372437618,57.75242923531897
4.91757383828216,57.76135163674763
4.917594985977651,57.770270270270274
4.917851486596241,57.77918513827317
4.918268011168083,57.788096243140565
4.918555461773717,57.79700358725469
4.919347802513697,57.80590717299579
4.919548634367077,57.80590717299579
4.919660326961201,57.80590717299579
4.919865101272281,57.81480700274204
4.9211786646068925,57.82370307886967
4.921260036092859,57.8325954037529
4.921797217985005,57.84148397976391
4.922378947969296,57.85036880927292
4.922844681944475,57.85924989464812
4.922856768267305,57.85924989464812
4.923049010699879,57.85924989464812
4.9232196286307115,57.85924989464812
4.923562552922215,57.86812723825574
4.923863351221289,57.87700084245998
4.924013992648275,57.88587070962308
4.9243320972352835,57.89473684210527
4.924603066217624,57.90359924226479
4.92467058902961,57.91245791245792
4.925302805741469,57.92131285503892
4.925377256751893,57.930164072360114
4.925560934802455,57.93901156677181
4.926258168779973,57.94785534062237
4.926314675924406,57.95669539625815
4.926345869996338,57.965531736023536
4.926486002020435,57.97436436226098
4.926639219806049,57.98319327731093
4.926709630640962,57.98319327731093
4.926737208319291,57.99201848351186
4.9267373446065355,58.000839983200336
4.927017501327842,58.0096577787109
4.927175215644546,58.01847187237615
4.9272419288279,58.02728226652676
4.92733506161784,58.036088963491395
4.927346329600653,58.036088963491395
4.927370925367204,58.04489196559681
4.927395262987735,58.053691275167786
4.927402012268022,58.062486894527154
4.927966650404235,58.07127882599581
4.928219235986917,58.080067071892685
4.928456563682043,58.080067071892685
4.928867492554166,58.08885163453479
4.930063575825489,58.09763251623716
4.930106210523679,58.10640971931294
4.930246648785431,58.1151832460733
4.930938562016956,58.1151832460733
4.9309720850232575,58.12395309882747
4.931220553917968,58.13271927988277
4.93122134841002,58.14148179154458
4.931570951490929,58.14148179154458
4.931810357292059,58.150240636116344
4.932316240250298,58.15899581589959
4.93297323572608,58.1677473331939
4.933526098288458,58.17649519029695
4.933863065310578,58.185239389504495
4.933923437556464,58.185239389504495
4.934059912336296,58.19397993311036
4.934481493810347,58.202716823406476
4.934957891365781,58.21145006268282
4.935016755806705,58.22017965322749
4.935419146521446,58.22890559732665
4.936444072014384,58.23762789726457
4.936591123284444,58.23762789726457
4.937254794326367,58.23762789726457
4.938169679736414,58.24634655532359
4.9382447322326195,58.24634655532359
4.938582462652152,58.24634655532359
4.938769781917342,58.25506157378418
4.9390189912634375,58.263772954924875
4.939146313629905,58.263772954924875
4.939312118875825,58.272480701022324
4.939400231832983,58.28118481435127
4.939567569665392,58.28118481435127
4.939595356210276,58.28988529718456
4.939765028767948,58.29858215179316
4.939775268408231,58.307275380446114
4.939982043981007,58.31596498541059
4.940142688644337,58.31596498541059
4.940722335874746,58.324650968951865
4.941810498513067,58.333333333333336
4.9420993072353765,58.342012080816495
4.942285619119156,58.342012080816495
4.942469152713615,58.350687213660976
4.942971132800339,58.3593587341245
4.9433992077612645,58.3593587341245
4.943470108720648,58.368026644462944
4.943652833633272,58.376690946930275
4.9436611116682645,58.385351643778606
4.944465667030827,58.39400873725816
4.9449801496204016,58.402662229617306
4.945029204869128,58.41131212310252
4.946171161498006,58.41131212310252
4.946230859921772,58.41131212310252
4.946274784785947,58.41131212310252
4.946426658113035,58.41995841995842
4.947288040693998,58.41995841995842
4.947835437745363,58.42860112242777
4.947876906416673,58.42860112242777
4.947914964046127,58.43724023275145
4.9479278527812145,58.445875753168494
4.948006599145863,58.45450768591608
4.948125122785142,58.46313603322949
4.94822217287991,58.46313603322949
4.948643913422553,58.4717607973422
4.948693313163533,58.48038198048579
4.948821563294195,58.48899958489
4.949817952593519,58.49761361278274
4.950061618749035,58.50622406639005
4.951406501102938,58.51483094793611
4.951901449811456,58.5234342596433
4.952098062517015,58.532034003732115
4.952295226930947,58.540630182421225
4.952406943750597,58.540630182421225
4.9525525045315995,58.549222797927456
4.9530537011307185,58.549222797927456
4.953331486531824,58.549222797927456
4.95390492531249,58.55781185246581
4.95426576804199,58.55781185246581
4.954304471373714,58.55781185246581
4.955135439337649,58.56639734824943
4.95525113408921,58.57497928748965
4.955280373984451,58.58355767239593
4.955329225249736,58.58355767239593
4.955695137031028,58.59213250517599
4.955848027770842,58.6007037880356
4.955878380122472,58.6007037880356
4.956054284349436,58.609271523178805
4.956377456749771,58.617835712807775
4.956485825649679,58.62639635912288
4.957462220456993,58.63495346432265
4.957753247867094,58.6435070306038
4.957949995820552,58.652057060161255
4.958327957256114,58.660603555188096
4.958430374234792,58.66914651787559
4.959478055921068,58.67768595041323
4.959719881698158,58.67768595041323
4.959977253302895,58.68622185498864
4.959994557684184,58.68622185498864
4.960075679226786,58.69475423378769
4.96027341837466,58.69475423378769
4.960676691484395,58.70328308899443
4.9608212276858366,58.71180842279108
4.9608821005509585,58.7203302373581
4.960959998064436,58.728848534874125
4.961377100531889,58.73736331751599
4.961562052487755,58.745874587458744
4.961804580726274,58.754382346875644
4.961872392728371,58.76288659793815
4.962246312503673,58.77138734281592
4.9622510208902595,58.77988458367683
4.962295561584201,58.788378322686995
4.962562744607137,58.788378322686995
4.963547090330679,58.796868562010715
4.963868303454125,58.796868562010715
4.964215351567853,58.8053553038105
4.965344599214774,58.8053553038105
4.9658606946992965,58.81383855024712
4.966505068314325,58.82231830347951
4.968256833625881,58.83079456566488
4.968403971340915,58.83079456566488
4.968876275831167,58.83079456566488
4.969165151121214,58.839267338958635
4.969552243010282,58.839267338958635
4.970100448387625,58.839267338958635
4.970123280933329,58.8477366255144
4.9704892374438945,58.8477366255144
4.970678728178407,58.856202427484064
4.97131981474873,58.856202427484064
4.971524083528819,58.86466474701769
4.972273655736525,58.86466474701769
4.972705556067538,58.87312358626362
4.973115192071441,58.88157894736842
4.973336791699172,58.88157894736842
4.9737689787680885,58.89003083247688
4.973783126631208,58.89847924373201
4.973792894553994,58.90692418327512
4.974098965611626,58.915365653245686
4.974153716326025,58.915365653245686
4.974196054124609,58.915365653245686
4.974323222417443,58.915365653245686
4.974478829822412,58.92380365578147
4.974873680556866,58.932238193018485
4.975089602359421,58.932238193018485
4.97511225824176,58.940669267090954
4.975309437114753,58.94909688013136
4.975320413161279,58.957521034270464
4.97533073359127,58.96594173163726
4.975378120430598,58.97435897435898
4.975452918155053,58.98277276456112
4.975691319483027,58.99118310436744
4.975907879013156,58.99958999589996
4.9760931943410505,58.99958999589996
4.97655470061406,58.99958999589996
4.9770357705074355,59.00799344127895
4.977055455925338,59.01639344262295
4.97709707425864,59.02479000204877
4.977413442940089,59.03318312167145
4.977586787471384,59.04157280360434
4.978171161438884,59.04157280360434
4.978752565970183,59.04995904995906
4.978826796464056,59.04995904995906
4.979374191354,59.058341862845445
4.979376979410493,59.058341862845445
4.979606406528787,59.06672124437168
4.979849784020221,59.07509719664416
4.979917366216284,59.08346972176759
4.980187235341605,59.08346972176759
4.980278898163081,59.08346972176759
4.980559474208347,59.09183882184495
4.980847973067111,59.09183882184495
4.980979323942954,59.100204498977504
4.981028183411559,59.100204498977504
4.981036005828431,59.10856675526477
4.98124483299709,59.116925592804584
4.98149191935206,59.125281013693034
4.9816365112599055,59.133633020024526
4.9818515125881815,59.14198161389172
4.981924927476871,59.14198161389172
4.98209694677435,59.150326797385624
4.982330020327059,59.150326797385624
4.982367869474641,59.15866857259546
4.9824503789096,59.167006941608825
4.982570084021064,59.175341906511534
4.98261149230681,59.183673469387756
4.983623662510689,59.192001632319936
4.9836583379968245,59.20032639738883
4.983753156663036,59.20864776667346
4.983768889179828,59.20864776667346
4.983926917910511,59.20864776667346
4.984186957401438,59.216965742251226
4.984295667488198,59.22528032619776
4.984846537081317,59.233591520587034
4.985039307280347,59.241899327491346
4.985208748825745,59.25020374898126
4.9858165458820185,59.25850478712569
4.986076132167757,59.26680244399185
4.986410873701063,59.27509672164528
4.986504690841444,59.28338762214984
4.9866653511166605,59.29167514756768
4.986689470423274,59.299959299959305
4.987008833606035,59.30824008138352
4.987147343904396,59.31651749389748
4.9873545771891585,59.32479153955664
4.9875026062102386,59.32479153955664
4.987790275116168,59.3330622204148
4.988265856803587,59.34132953852409
4.988462878481129,59.34959349593496
4.988532233931008,59.34959349593496
4.989126069464753,59.34959349593496
4.98951921217833,59.34959349593496
4.989647000700558,59.35785409469621
4.989941329391712,59.366111336854935
4.990065927832648,59.366111336854935
4.990394167892499,59.374365224456625
4.990795419111233,59.38261575954509
4.991096557788607,59.390862944162436
4.991477327062378,59.399106780349165
4.991958856004458,59.40734727014411
4.992011773769596,59.41558441558441
4.9924353226121845,59.42381821870561
4.992452166024445,59.42381821870561
4.992936035586656,59.43204868154158
4.993203027966116,59.43204868154158
4.993940870439857,59.44027580612452
4.9939679603602976,59.44849959448499
4.994761575099763,59.45672004865193
4.995090535354269,59.45672004865193
4.995301685788752,59.46493717065261
4.996904762649126,59.47315096251267
4.997427109034882,59.48136142625607
4.997549315205059,59.4895685639052
4.997620104094426,59.4895685639052
4.998046745314728,59.4895685639052
4.99852586060427,59.497772377480764
4.998528004127299,59.50597286900182
4.99935045190222,59.51417004048582
4.999466880636991,59.522363893948594
5.000098604544367,59.53055443140429
