time,conversion,size_x,size_y,run_id,rng_seed
0.025078776676629503,0.0,60,60,size_60x60_run_006_seed_123,123
0.13811745212576892,0.0,60,60,size_60x60_run_006_seed_123,123
0.22100242379174295,0.0,60,60,size_60x60_run_006_seed_123,123
0.31094160213651434,0.0,60,60,size_60x60_run_006_seed_123,123
0.3299058186658327,0.0,60,60,size_60x60_run_006_seed_123,123
0.3440032467605898,0.0,60,60,size_60x60_run_006_seed_123,123
0.45599858961647666,0.0,60,60,size_60x60_run_006_seed_123,123
0.7161126839128229,0.0,60,60,size_60x60_run_006_seed_123,123
0.7212787227236476,0.0,60,60,size_60x60_run_006_seed_123,123
0.813177924879161,0.0,60,60,size_60x60_run_006_seed_123,123
0.8898553016832851,0.0,60,60,size_60x60_run_006_seed_123,123
0.927900509065822,0.0,60,60,size_60x60_run_006_seed_123,123
1.012524415286377,0.0,60,60,size_60x60_run_006_seed_123,123
1.2601931416882026,0.0,60,60,size_60x60_run_006_seed_123,123
1.3042115874808047,0.0,60,60,size_60x60_run_006_seed_123,123
1.3597629760752532,0.0,60,60,size_60x60_run_006_seed_123,123
1.3700598860061368,0.0,60,60,size_60x60_run_006_seed_123,123
1.4094262793847234,0.0,60,60,size_60x60_run_006_seed_123,123
1.4559631994935218,0.0,60,60,size_60x60_run_006_seed_123,123
1.4823493295423982,0.0,60,60,size_60x60_run_006_seed_123,123
1.5224023283754005,0.0,60,60,size_60x60_run_006_seed_123,123
1.6685106124559956,0.0,60,60,size_60x60_run_006_seed_123,123
1.684679100294839,0.0,60,60,size_60x60_run_006_seed_123,123
1.699819551021894,0.0,60,60,size_60x60_run_006_seed_123,123
1.7638905961520175,0.0,60,60,size_60x60_run_006_seed_123,123
1.7696642810521763,0.0,60,60,size_60x60_run_006_seed_123,123
1.7816031982608496,0.0,60,60,size_60x60_run_006_seed_123,123
1.82623893432349,0.0,60,60,size_60x60_run_006_seed_123,123
1.9152685779609415,0.0,60,60,size_60x60_run_006_seed_123,123
1.9231073753694787,0.0,60,60,size_60x60_run_006_seed_123,123
1.9458574132441668,0.0,60,60,size_60x60_run_006_seed_123,123
2.042405244091838,0.0,60,60,size_60x60_run_006_seed_123,123
2.112612255260117,0.0,60,60,size_60x60_run_006_seed_123,123
2.1368206326245867,0.0,60,60,size_60x60_run_006_seed_123,123
2.1967494639094327,0.0,60,60,size_60x60_run_006_seed_123,123
2.214971336719328,0.0,60,60,size_60x60_run_006_seed_123,123
2.246480948637738,0.0,60,60,size_60x60_run_006_seed_123,123
2.2794795369698986,0.0,60,60,size_60x60_run_006_seed_123,123
2.2816874618067513,0.0,60,60,size_60x60_run_006_seed_123,123
2.2825641329552817,0.0,60,60,size_60x60_run_006_seed_123,123
2.4009305707114525,0.0,60,60,size_60x60_run_006_seed_123,123
2.4811442490469573,0.0,60,60,size_60x60_run_006_seed_123,123
2.632354378313984,0.0,60,60,size_60x60_run_006_seed_123,123
2.680607879865821,0.0,60,60,size_60x60_run_006_seed_123,123
2.6840394557187945,0.0,60,60,size_60x60_run_006_seed_123,123
2.6876837388704686,0.0,60,60,size_60x60_run_006_seed_123,123
2.7434333314404555,0.0,60,60,size_60x60_run_006_seed_123,123
2.8526614493984606,0.0,60,60,size_60x60_run_006_seed_123,123
2.891626270008917,0.0,60,60,size_60x60_run_006_seed_123,123
2.9330940871106437,0.0,60,60,size_60x60_run_006_seed_123,123
2.9494091420292823,0.0,60,60,size_60x60_run_006_seed_123,123
2.9756317951745728,0.0,60,60,size_60x60_run_006_seed_123,123
3.037208309550987,0.0,60,60,size_60x60_run_006_seed_123,123
3.087658336560567,0.04997501249375312,60,60,size_60x60_run_006_seed_123,123
3.1232495262483937,0.04997501249375312,60,60,size_60x60_run_006_seed_123,123
3.1564452037510726,0.04997501249375312,60,60,size_60x60_run_006_seed_123,123
3.2664405579783793,0.04997501249375312,60,60,size_60x60_run_006_seed_123,123
3.330106772290964,0.04997501249375312,60,60,size_60x60_run_006_seed_123,123
3.3805245470739895,0.04997501249375312,60,60,size_60x60_run_006_seed_123,123
3.3807788088136417,0.04997501249375312,60,60,size_60x60_run_006_seed_123,123
3.42728575648578,0.04997501249375312,60,60,size_60x60_run_006_seed_123,123
3.475902282783415,0.04997501249375312,60,60,size_60x60_run_006_seed_123,123
3.5105414171035987,0.04997501249375312,60,60,size_60x60_run_006_seed_123,123
3.524094595908449,0.0999000999000999,60,60,size_60x60_run_006_seed_123,123
3.6010276949387903,0.0999000999000999,60,60,size_60x60_run_006_seed_123,123
3.6389951589243896,0.0999000999000999,60,60,size_60x60_run_006_seed_123,123
3.6542984198388626,0.0999000999000999,60,60,size_60x60_run_006_seed_123,123
3.7481961412569635,0.0999000999000999,60,60,size_60x60_run_006_seed_123,123
3.7592994739995387,0.14977533699450823,60,60,size_60x60_run_006_seed_123,123
3.8534147781482178,0.14977533699450823,60,60,size_60x60_run_006_seed_123,123
3.968010943259018,0.14977533699450823,60,60,size_60x60_run_006_seed_123,123
3.996284285593706,0.14977533699450823,60,60,size_60x60_run_006_seed_123,123
4.0215381149419,0.14977533699450823,60,60,size_60x60_run_006_seed_123,123
4.09017058941327,0.14977533699450823,60,60,size_60x60_run_006_seed_123,123
4.154307660675086,0.14977533699450823,60,60,size_60x60_run_006_seed_123,123
4.231742792133149,0.14977533699450823,60,60,size_60x60_run_006_seed_123,123
4.236539148469706,0.14977533699450823,60,60,size_60x60_run_006_seed_123,123
4.338330321915987,0.14977533699450823,60,60,size_60x60_run_006_seed_123,123
4.339495959601529,0.14977533699450823,60,60,size_60x60_run_006_seed_123,123
4.349747269784421,0.14977533699450823,60,60,size_60x60_run_006_seed_123,123
4.534011899513527,0.14977533699450823,60,60,size_60x60_run_006_seed_123,123
4.5988124448870495,0.14977533699450823,60,60,size_60x60_run_006_seed_123,123
4.613954232129443,0.14977533699450823,60,60,size_60x60_run_006_seed_123,123
4.632689711474562,0.14977533699450823,60,60,size_60x60_run_006_seed_123,123
4.678543067892451,0.19960079840319359,60,60,size_60x60_run_006_seed_123,123
4.709496066241391,0.19960079840319359,60,60,size_60x60_run_006_seed_123,123
4.740729086245072,0.19960079840319359,60,60,size_60x60_run_006_seed_123,123
4.776331115601701,0.19960079840319359,60,60,size_60x60_run_006_seed_123,123
4.83402823352676,0.24937655860349126,60,60,size_60x60_run_006_seed_123,123
4.8755496425036045,0.29910269192422734,60,60,size_60x60_run_006_seed_123,123
4.878273705983269,0.29910269192422734,60,60,size_60x60_run_006_seed_123,123
4.901928259232657,0.29910269192422734,60,60,size_60x60_run_006_seed_123,123
4.90348665297024,0.29910269192422734,60,60,size_60x60_run_006_seed_123,123
4.910266697507171,0.29910269192422734,60,60,size_60x60_run_006_seed_123,123
4.981211286547498,0.29910269192422734,60,60,size_60x60_run_006_seed_123,123
5.00571304085089,0.29910269192422734,60,60,size_60x60_run_006_seed_123,123
5.014307355141128,0.3487792725460887,60,60,size_60x60_run_006_seed_123,123
5.015053182374249,0.3487792725460887,60,60,size_60x60_run_006_seed_123,123
5.0757517618557175,0.3487792725460887,60,60,size_60x60_run_006_seed_123,123
5.183915554978485,0.3487792725460887,60,60,size_60x60_run_006_seed_123,123
5.192789805984197,0.3487792725460887,60,60,size_60x60_run_006_seed_123,123
5.199336565080125,0.3487792725460887,60,60,size_60x60_run_006_seed_123,123
5.2104172910843385,0.3487792725460887,60,60,size_60x60_run_006_seed_123,123
5.305214219498042,0.3487792725460887,60,60,size_60x60_run_006_seed_123,123
5.340094255208821,0.3487792725460887,60,60,size_60x60_run_006_seed_123,123
5.350666826253341,0.3487792725460887,60,60,size_60x60_run_006_seed_123,123
5.361789557317115,0.3487792725460887,60,60,size_60x60_run_006_seed_123,123
5.365495116779987,0.3487792725460887,60,60,size_60x60_run_006_seed_123,123
5.380455026887263,0.3487792725460887,60,60,size_60x60_run_006_seed_123,123
5.382249441614965,0.3487792725460887,60,60,size_60x60_run_006_seed_123,123
5.459173439630589,0.398406374501992,60,60,size_60x60_run_006_seed_123,123
5.521543132853254,0.398406374501992,60,60,size_60x60_run_006_seed_123,123
5.558983014468916,0.398406374501992,60,60,size_60x60_run_006_seed_123,123
5.567529133411443,0.398406374501992,60,60,size_60x60_run_006_seed_123,123
5.618698898388101,0.398406374501992,60,60,size_60x60_run_006_seed_123,123
5.620121428475406,0.398406374501992,60,60,size_60x60_run_006_seed_123,123
5.632587666492174,0.44798407167745147,60,60,size_60x60_run_006_seed_123,123
5.715025322708475,0.44798407167745147,60,60,size_60x60_run_006_seed_123,123
5.730645953528404,0.44798407167745147,60,60,size_60x60_run_006_seed_123,123
5.733445736831592,0.44798407167745147,60,60,size_60x60_run_006_seed_123,123
5.735926180101346,0.44798407167745147,60,60,size_60x60_run_006_seed_123,123
5.764200542405911,0.44798407167745147,60,60,size_60x60_run_006_seed_123,123
5.803845102042883,0.44798407167745147,60,60,size_60x60_run_006_seed_123,123
5.831660020616993,0.44798407167745147,60,60,size_60x60_run_006_seed_123,123
5.896483028329537,0.44798407167745147,60,60,size_60x60_run_006_seed_123,123
5.9009763329578435,0.44798407167745147,60,60,size_60x60_run_006_seed_123,123
5.912357183018426,0.44798407167745147,60,60,size_60x60_run_006_seed_123,123
5.916316723483357,0.44798407167745147,60,60,size_60x60_run_006_seed_123,123
6.181758761840388,0.44798407167745147,60,60,size_60x60_run_006_seed_123,123
6.214251167376435,0.4975124378109453,60,60,size_60x60_run_006_seed_123,123
6.222413093487045,0.4975124378109453,60,60,size_60x60_run_006_seed_123,123
6.233376608496504,0.4975124378109453,60,60,size_60x60_run_006_seed_123,123
6.2596756000674105,0.5469915464942815,60,60,size_60x60_run_006_seed_123,123
6.270698938542702,0.5964214711729622,60,60,size_60x60_run_006_seed_123,123
6.334318534610851,0.5964214711729622,60,60,size_60x60_run_006_seed_123,123
6.337229439756968,0.5964214711729622,60,60,size_60x60_run_006_seed_123,123
6.357454391980909,0.6458022851465475,60,60,size_60x60_run_006_seed_123,123
6.374709884321724,0.6458022851465475,60,60,size_60x60_run_006_seed_123,123
6.406981621610068,0.6951340615690168,60,60,size_60x60_run_006_seed_123,123
6.419277542335279,0.7444168734491315,60,60,size_60x60_run_006_seed_123,123
6.419779807175934,0.7444168734491315,60,60,size_60x60_run_006_seed_123,123
6.434110420961968,0.7444168734491315,60,60,size_60x60_run_006_seed_123,123
6.434571631386747,0.7444168734491315,60,60,size_60x60_run_006_seed_123,123
6.44036199950079,0.7936507936507936,60,60,size_60x60_run_006_seed_123,123
6.44097135473819,0.7936507936507936,60,60,size_60x60_run_006_seed_123,123
6.463595627144399,0.842835894893406,60,60,size_60x60_run_006_seed_123,123
6.473147430933898,0.842835894893406,60,60,size_60x60_run_006_seed_123,123
6.474650787331853,0.8919722497522299,60,60,size_60x60_run_006_seed_123,123
6.478017074002097,0.8919722497522299,60,60,size_60x60_run_006_seed_123,123
6.496362878312299,0.8919722497522299,60,60,size_60x60_run_006_seed_123,123
6.518423903739215,0.8919722497522299,60,60,size_60x60_run_006_seed_123,123
6.539626019794474,0.8919722497522299,60,60,size_60x60_run_006_seed_123,123
6.576533978462194,0.8919722497522299,60,60,size_60x60_run_006_seed_123,123
6.588348435740666,0.8919722497522299,60,60,size_60x60_run_006_seed_123,123
6.611136585579805,0.8919722497522299,60,60,size_60x60_run_006_seed_123,123
6.620196473667334,0.9410599306587419,60,60,size_60x60_run_006_seed_123,123
6.640967053637744,0.9900990099009901,60,60,size_60x60_run_006_seed_123,123
6.68923536529226,0.9900990099009901,60,60,size_60x60_run_006_seed_123,123
6.6944391142525514,1.0390895596239487,60,60,size_60x60_run_006_seed_123,123
6.74877580325451,1.0880316518298714,60,60,size_60x60_run_006_seed_123,123
6.779094198074263,1.0880316518298714,60,60,size_60x60_run_006_seed_123,123
6.791210821379994,1.0880316518298714,60,60,size_60x60_run_006_seed_123,123
6.8040955636010665,1.1369253583786456,60,60,size_60x60_run_006_seed_123,123
6.811440693502301,1.1369253583786456,60,60,size_60x60_run_006_seed_123,123
6.833608568159518,1.1369253583786456,60,60,size_60x60_run_006_seed_123,123
6.838876557280518,1.185770750988142,60,60,size_60x60_run_006_seed_123,123
6.856420987361189,1.2345679012345678,60,60,size_60x60_run_006_seed_123,123
6.868211944551618,1.2833168805528135,60,60,size_60x60_run_006_seed_123,123
6.868941967760082,1.2833168805528135,60,60,size_60x60_run_006_seed_123,123
6.924707129689467,1.2833168805528135,60,60,size_60x60_run_006_seed_123,123
6.932612546120989,1.2833168805528135,60,60,size_60x60_run_006_seed_123,123
6.968894621360958,1.2833168805528135,60,60,size_60x60_run_006_seed_123,123
7.000894657686812,1.332017760236803,60,60,size_60x60_run_006_seed_123,123
7.025468269080101,1.3806706114398422,60,60,size_60x60_run_006_seed_123,123
7.07296538825473,1.3806706114398422,60,60,size_60x60_run_006_seed_123,123
7.098203835303493,1.3806706114398422,60,60,size_60x60_run_006_seed_123,123
7.112879707119764,1.3806706114398422,60,60,size_60x60_run_006_seed_123,123
7.1242196541312905,1.429275505174963,60,60,size_60x60_run_006_seed_123,123
7.1256482723516035,1.477832512315271,60,60,size_60x60_run_006_seed_123,123
7.141665114390537,1.477832512315271,60,60,size_60x60_run_006_seed_123,123
7.142286648029297,1.477832512315271,60,60,size_60x60_run_006_seed_123,123
7.165529883418535,1.5263417035942886,60,60,size_60x60_run_006_seed_123,123
7.17846938804946,1.5263417035942886,60,60,size_60x60_run_006_seed_123,123
7.199393225560124,1.5263417035942886,60,60,size_60x60_run_006_seed_123,123
7.221092778701769,1.5263417035942886,60,60,size_60x60_run_006_seed_123,123
7.2248809855024305,1.5263417035942886,60,60,size_60x60_run_006_seed_123,123
7.240050860710721,1.5263417035942886,60,60,size_60x60_run_006_seed_123,123
7.256325772570984,1.5263417035942886,60,60,size_60x60_run_006_seed_123,123
7.257551174977442,1.5263417035942886,60,60,size_60x60_run_006_seed_123,123
7.274875576099686,1.5263417035942886,60,60,size_60x60_run_006_seed_123,123
7.2763557146940405,1.574803149606299,60,60,size_60x60_run_006_seed_123,123
7.298614573746097,1.574803149606299,60,60,size_60x60_run_006_seed_123,123
7.333877589965788,1.574803149606299,60,60,size_60x60_run_006_seed_123,123
7.347041493283555,1.574803149606299,60,60,size_60x60_run_006_seed_123,123
7.385772562985966,1.6232169208066896,60,60,size_60x60_run_006_seed_123,123
7.400771885865829,1.6232169208066896,60,60,size_60x60_run_006_seed_123,123
7.429608914070067,1.671583087512291,60,60,size_60x60_run_006_seed_123,123
7.465764800947115,1.71990171990172,60,60,size_60x60_run_006_seed_123,123
7.480307292847558,1.768172888015717,60,60,size_60x60_run_006_seed_123,123
7.487430624435694,1.768172888015717,60,60,size_60x60_run_006_seed_123,123
7.4999946565302675,1.768172888015717,60,60,size_60x60_run_006_seed_123,123
7.508921342735898,1.768172888015717,60,60,size_60x60_run_006_seed_123,123
7.541795176676826,1.768172888015717,60,60,size_60x60_run_006_seed_123,123
7.544694477829432,1.768172888015717,60,60,size_60x60_run_006_seed_123,123
7.549988746754492,1.768172888015717,60,60,size_60x60_run_006_seed_123,123
7.550213596591916,1.8163966617574867,60,60,size_60x60_run_006_seed_123,123
7.578215565592835,1.8645731108930326,60,60,size_60x60_run_006_seed_123,123
7.659413182434605,1.8645731108930326,60,60,size_60x60_run_006_seed_123,123
7.665477917962119,1.9127023050514957,60,60,size_60x60_run_006_seed_123,123
7.6769553328174736,1.9127023050514957,60,60,size_60x60_run_006_seed_123,123
7.693217969978981,1.9127023050514957,60,60,size_60x60_run_006_seed_123,123
7.715025748768238,1.9127023050514957,60,60,size_60x60_run_006_seed_123,123
7.7180975709542095,1.9127023050514957,60,60,size_60x60_run_006_seed_123,123
7.746301859355019,1.9127023050514957,60,60,size_60x60_run_006_seed_123,123
7.759286766677255,1.9607843137254901,60,60,size_60x60_run_006_seed_123,123
7.805483317576607,1.9607843137254901,60,60,size_60x60_run_006_seed_123,123
7.825479401535111,1.9607843137254901,60,60,size_60x60_run_006_seed_123,123
7.8340074864575575,2.0088192062714354,60,60,size_60x60_run_006_seed_123,123
7.845541619214641,2.0088192062714354,60,60,size_60x60_run_006_seed_123,123
7.8677630591553775,2.0088192062714354,60,60,size_60x60_run_006_seed_123,123
7.9081601158126675,2.0088192062714354,60,60,size_60x60_run_006_seed_123,123
7.945802261085206,2.056807051909892,60,60,size_60x60_run_006_seed_123,123
7.9478767567373865,2.1047479197258934,60,60,size_60x60_run_006_seed_123,123
7.965657119385531,2.1047479197258934,60,60,size_60x60_run_006_seed_123,123
7.978699299547991,2.1047479197258934,60,60,size_60x60_run_006_seed_123,123
7.98708445626732,2.1047479197258934,60,60,size_60x60_run_006_seed_123,123
8.000618902268918,2.152641878669276,60,60,size_60x60_run_006_seed_123,123
8.058095810391375,2.152641878669276,60,60,size_60x60_run_006_seed_123,123
8.066403269174977,2.2004889975550124,60,60,size_60x60_run_006_seed_123,123
8.090433001616946,2.248289345063539,60,60,size_60x60_run_006_seed_123,123
8.095168478306864,2.2960429897410846,60,60,size_60x60_run_006_seed_123,123
8.102465702436163,2.2960429897410846,60,60,size_60x60_run_006_seed_123,123
8.106837359195113,2.2960429897410846,60,60,size_60x60_run_006_seed_123,123
8.11878853771748,2.2960429897410846,60,60,size_60x60_run_006_seed_123,123
8.119591727152878,2.2960429897410846,60,60,size_60x60_run_006_seed_123,123
8.12482787325278,2.2960429897410846,60,60,size_60x60_run_006_seed_123,123
8.137015373328639,2.2960429897410846,60,60,size_60x60_run_006_seed_123,123
8.14345217305294,2.34375,60,60,size_60x60_run_006_seed_123,123
8.145413877681625,2.34375,60,60,size_60x60_run_006_seed_123,123
8.179331702025905,2.34375,60,60,size_60x60_run_006_seed_123,123
8.205790322520864,2.34375,60,60,size_60x60_run_006_seed_123,123
8.210431720791625,2.3914104441190824,60,60,size_60x60_run_006_seed_123,123
8.22015512499952,2.3914104441190824,60,60,size_60x60_run_006_seed_123,123
8.237450291257634,2.3914104441190824,60,60,size_60x60_run_006_seed_123,123
8.306011413940853,2.4390243902439024,60,60,size_60x60_run_006_seed_123,123
8.314606311206324,2.4390243902439024,60,60,size_60x60_run_006_seed_123,123
8.323663825589733,2.4865919063871282,60,60,size_60x60_run_006_seed_123,123
8.33838749478931,2.4865919063871282,60,60,size_60x60_run_006_seed_123,123
8.377913896554926,2.4865919063871282,60,60,size_60x60_run_006_seed_123,123
8.386895694691344,2.4865919063871282,60,60,size_60x60_run_006_seed_123,123
8.399652187224513,2.4865919063871282,60,60,size_60x60_run_006_seed_123,123
8.410046870391687,2.53411306042885,60,60,size_60x60_run_006_seed_123,123
8.422480475676913,2.53411306042885,60,60,size_60x60_run_006_seed_123,123
8.4298213503975,2.581587920116902,60,60,size_60x60_run_006_seed_123,123
8.45318187262726,2.581587920116902,60,60,size_60x60_run_006_seed_123,123
8.459866277711377,2.581587920116902,60,60,size_60x60_run_006_seed_123,123
8.506094708959564,2.6290165530671863,60,60,size_60x60_run_006_seed_123,123
8.513425828711611,2.67639902676399,60,60,size_60x60_run_006_seed_123,123
8.520808444957018,2.67639902676399,60,60,size_60x60_run_006_seed_123,123
8.526335803400695,2.67639902676399,60,60,size_60x60_run_006_seed_123,123
8.532076411166326,2.7237354085603114,60,60,size_60x60_run_006_seed_123,123
8.541831984217431,2.7710257656781723,60,60,size_60x60_run_006_seed_123,123
8.563259826347702,2.818270165208941,60,60,size_60x60_run_006_seed_123,123
8.575877901242484,2.8654686741136475,60,60,size_60x60_run_006_seed_123,123
8.577280867860138,2.912621359223301,60,60,size_60x60_run_006_seed_123,123
8.589731514020047,2.959728287239204,60,60,size_60x60_run_006_seed_123,123
8.601051577166572,3.0067895247332688,60,60,size_60x60_run_006_seed_123,123
8.606886824065468,3.0538051381483275,60,60,size_60x60_run_006_seed_123,123
8.60989001371799,3.10077519379845,60,60,size_60x60_run_006_seed_123,123
8.645090217362993,3.10077519379845,60,60,size_60x60_run_006_seed_123,123
8.647503490995337,3.14769975786925,60,60,size_60x60_run_006_seed_123,123
8.649230160496144,3.14769975786925,60,60,size_60x60_run_006_seed_123,123
8.649432123666099,3.14769975786925,60,60,size_60x60_run_006_seed_123,123
8.670493774891662,3.1945788964181996,60,60,size_60x60_run_006_seed_123,123
8.677795945711646,3.1945788964181996,60,60,size_60x60_run_006_seed_123,123
8.679236404896459,3.24141267537494,60,60,size_60x60_run_006_seed_123,123
8.681438506017434,3.24141267537494,60,60,size_60x60_run_006_seed_123,123
8.692175180469496,3.2882011605415857,60,60,size_60x60_run_006_seed_123,123
8.70568573798684,3.3349444175930403,60,60,size_60x60_run_006_seed_123,123
8.733624358749829,3.3816425120772946,60,60,size_60x60_run_006_seed_123,123
8.75488938970984,3.4282955094157415,60,60,size_60x60_run_006_seed_123,123
8.765446085139477,3.474903474903475,60,60,size_60x60_run_006_seed_123,123
8.768435255126462,3.474903474903475,60,60,size_60x60_run_006_seed_123,123
8.799423652557497,3.5214664737095993,60,60,size_60x60_run_006_seed_123,123
8.805830408374295,3.5214664737095993,60,60,size_60x60_run_006_seed_123,123
8.81344577622494,3.5214664737095993,60,60,size_60x60_run_006_seed_123,123
8.818361235742502,3.567984570877531,60,60,size_60x60_run_006_seed_123,123
8.824986776575576,3.614457831325301,60,60,size_60x60_run_006_seed_123,123
8.83440458125258,3.614457831325301,60,60,size_60x60_run_006_seed_123,123
8.840003447882271,3.614457831325301,60,60,size_60x60_run_006_seed_123,123
8.850021192396989,3.6608863198458574,60,60,size_60x60_run_006_seed_123,123
8.86050168256188,3.7072701011073663,60,60,size_60x60_run_006_seed_123,123
8.88775940644159,3.753609239653513,60,60,size_60x60_run_006_seed_123,123
8.904508717837592,3.753609239653513,60,60,size_60x60_run_006_seed_123,123
8.914001412062362,3.7999037999037997,60,60,size_60x60_run_006_seed_123,123
8.931893169416288,3.8461538461538463,60,60,size_60x60_run_006_seed_123,123
8.932145174589904,3.8923594425756844,60,60,size_60x60_run_006_seed_123,123
8.94557927427158,3.8923594425756844,60,60,size_60x60_run_006_seed_123,123
8.948624917224679,3.9385206532180597,60,60,size_60x60_run_006_seed_123,123
8.963438622500254,3.9846375420067215,60,60,size_60x60_run_006_seed_123,123
8.968155252343355,4.030710172744722,60,60,size_60x60_run_006_seed_123,123
8.974849829556357,4.07673860911271,60,60,size_60x60_run_006_seed_123,123
9.009099687009474,4.1227229146692235,60,60,size_60x60_run_006_seed_123,123
9.02300038638478,4.1227229146692235,60,60,size_60x60_run_006_seed_123,123
9.031260701151258,4.168663152850982,60,60,size_60x60_run_006_seed_123,123
9.057777640100097,4.21455938697318,60,60,size_60x60_run_006_seed_123,123
9.058032572828031,4.260411680229775,60,60,size_60x60_run_006_seed_123,123
9.061325972484973,4.30622009569378,60,60,size_60x60_run_006_seed_123,123
9.067496995649694,4.351984696317551,60,60,size_60x60_run_006_seed_123,123
9.083628990897994,4.351984696317551,60,60,size_60x60_run_006_seed_123,123
9.092312059694535,4.397705544933078,60,60,size_60x60_run_006_seed_123,123
9.101854414202109,4.397705544933078,60,60,size_60x60_run_006_seed_123,123
9.108938423134905,4.4433827042522696,60,60,size_60x60_run_006_seed_123,123
9.1128225446693,4.48901623686724,60,60,size_60x60_run_006_seed_123,123
9.122116394167657,4.534606205250596,60,60,size_60x60_run_006_seed_123,123
9.161015605574866,4.534606205250596,60,60,size_60x60_run_006_seed_123,123
9.177492977331424,4.580152671755725,60,60,size_60x60_run_006_seed_123,123
9.185278902554609,4.625655698617072,60,60,size_60x60_run_006_seed_123,123
9.219245440026395,4.671115347950429,60,60,size_60x60_run_006_seed_123,123
9.224840106036726,4.7165316817532155,60,60,size_60x60_run_006_seed_123,123
9.237988791458037,4.7165316817532155,60,60,size_60x60_run_006_seed_123,123
9.241195042066458,4.761904761904762,60,60,size_60x60_run_006_seed_123,123
9.25911005189922,4.8072346501665875,60,60,size_60x60_run_006_seed_123,123
9.275515943030365,4.8072346501665875,60,60,size_60x60_run_006_seed_123,123
9.289117368727377,4.8072346501665875,60,60,size_60x60_run_006_seed_123,123
9.290498694165295,4.8072346501665875,60,60,size_60x60_run_006_seed_123,123
9.346429190419597,4.8525214081826835,60,60,size_60x60_run_006_seed_123,123
9.346651547172225,4.897765097479791,60,60,size_60x60_run_006_seed_123,123
9.369009531802481,4.942965779467681,60,60,size_60x60_run_006_seed_123,123
9.374678118417703,4.98812351543943,60,60,size_60x60_run_006_seed_123,123
9.412715639338643,5.0332383665717,60,60,size_60x60_run_006_seed_123,123
9.417580764199894,5.0332383665717,60,60,size_60x60_run_006_seed_123,123
9.421429205595054,5.078310393925012,60,60,size_60x60_run_006_seed_123,123
9.445218737974644,5.1233396584440225,60,60,size_60x60_run_006_seed_123,123
9.446255869527734,5.1683262209578,60,60,size_60x60_run_006_seed_123,123
9.461326414914213,5.1683262209578,60,60,size_60x60_run_006_seed_123,123
9.485219138725837,5.213270142180095,60,60,size_60x60_run_006_seed_123,123
9.485849854249192,5.213270142180095,60,60,size_60x60_run_006_seed_123,123
9.506386602265422,5.213270142180095,60,60,size_60x60_run_006_seed_123,123
9.517261734707972,5.258171482709616,60,60,size_60x60_run_006_seed_123,123
9.523467121842847,5.258171482709616,60,60,size_60x60_run_006_seed_123,123
9.531208411574193,5.303030303030303,60,60,size_60x60_run_006_seed_123,123
9.535106190112856,5.303030303030303,60,60,size_60x60_run_006_seed_123,123
9.536596472011862,5.347846663511595,60,60,size_60x60_run_006_seed_123,123
9.54876538359242,5.347846663511595,60,60,size_60x60_run_006_seed_123,123
9.557041639117124,5.347846663511595,60,60,size_60x60_run_006_seed_123,123
9.557782385203712,5.392620624408704,60,60,size_60x60_run_006_seed_123,123
9.571233731509654,5.392620624408704,60,60,size_60x60_run_006_seed_123,123
9.586411543604251,5.392620624408704,60,60,size_60x60_run_006_seed_123,123
9.60106965401415,5.4373522458628845,60,60,size_60x60_run_006_seed_123,123
9.607266787556018,5.4373522458628845,60,60,size_60x60_run_006_seed_123,123
9.632299170572514,5.482041587901701,60,60,size_60x60_run_006_seed_123,123
9.633486127577521,5.526688710439301,60,60,size_60x60_run_006_seed_123,123
9.641750516142881,5.571293673276676,60,60,size_60x60_run_006_seed_123,123
9.653762600238036,5.615856536101934,60,60,size_60x60_run_006_seed_123,123
9.654467858945036,5.660377358490567,60,60,size_60x60_run_006_seed_123,123
9.655555318740863,5.704856199905705,60,60,size_60x60_run_006_seed_123,123
9.657446655733162,5.749293119698398,60,60,size_60x60_run_006_seed_123,123
9.672690583991756,5.7936881771078665,60,60,size_60x60_run_006_seed_123,123
9.67736141724788,5.83804143126177,60,60,size_60x60_run_006_seed_123,123
9.688460852894703,5.83804143126177,60,60,size_60x60_run_006_seed_123,123
9.695305368582305,5.88235294117647,60,60,size_60x60_run_006_seed_123,123
9.697001633673192,5.9266227657572905,60,60,size_60x60_run_006_seed_123,123
9.700614364752012,5.970850963798777,60,60,size_60x60_run_006_seed_123,123
9.724334734301776,5.970850963798777,60,60,size_60x60_run_006_seed_123,123
9.734276133842808,6.015037593984962,60,60,size_60x60_run_006_seed_123,123
9.741030074456777,6.015037593984962,60,60,size_60x60_run_006_seed_123,123
9.756677199311973,6.059182714889619,60,60,size_60x60_run_006_seed_123,123
9.770172048118624,6.103286384976526,60,60,size_60x60_run_006_seed_123,123
9.776130812436165,6.147348662599718,60,60,size_60x60_run_006_seed_123,123
9.799891726668363,6.191369606003752,60,60,size_60x60_run_006_seed_123,123
9.817903568443146,6.235349273323957,60,60,size_60x60_run_006_seed_123,123
9.827307587669718,6.279287722586692,60,60,size_60x60_run_006_seed_123,123
9.86607235765978,6.323185011709602,60,60,size_60x60_run_006_seed_123,123
9.872984330413589,6.367041198501873,60,60,size_60x60_run_006_seed_123,123
9.88286400985359,6.410856340664482,60,60,size_60x60_run_006_seed_123,123
9.88649409801272,6.454630495790459,60,60,size_60x60_run_006_seed_123,123
9.895196031827888,6.4983637213651235,60,60,size_60x60_run_006_seed_123,123
9.896236630702438,6.4983637213651235,60,60,size_60x60_run_006_seed_123,123
9.901273056852823,6.4983637213651235,60,60,size_60x60_run_006_seed_123,123
9.903038461815278,6.4983637213651235,60,60,size_60x60_run_006_seed_123,123
9.90425771071356,6.5420560747663545,60,60,size_60x60_run_006_seed_123,123
9.906100913306995,6.585707613264829,60,60,size_60x60_run_006_seed_123,123
9.939965086212302,6.629318394024277,60,60,size_60x60_run_006_seed_123,123
9.94002384798709,6.672888474101726,60,60,size_60x60_run_006_seed_123,123
9.942090003222152,6.672888474101726,60,60,size_60x60_run_006_seed_123,123
9.959418500274452,6.672888474101726,60,60,size_60x60_run_006_seed_123,123
9.97808945631873,6.672888474101726,60,60,size_60x60_run_006_seed_123,123
9.9784562160474,6.7164179104477615,60,60,size_60x60_run_006_seed_123,123
9.981317442282638,6.75990675990676,60,60,size_60x60_run_006_seed_123,123
9.997337185653157,6.803355079217148,60,60,size_60x60_run_006_seed_123,123
9.99756804871591,6.846762925011644,60,60,size_60x60_run_006_seed_123,123
9.998987339428052,6.890130353817504,60,60,size_60x60_run_006_seed_123,123
10.006238689983933,6.93345742205677,60,60,size_60x60_run_006_seed_123,123
10.008719331676433,6.93345742205677,60,60,size_60x60_run_006_seed_123,123
10.021157637433019,6.976744186046512,60,60,size_60x60_run_006_seed_123,123
10.03975487723402,7.0199907019990695,60,60,size_60x60_run_006_seed_123,123
10.043681505363073,7.063197026022305,60,60,size_60x60_run_006_seed_123,123
10.052243664166472,7.063197026022305,60,60,size_60x60_run_006_seed_123,123
10.054421780222732,7.106363214119833,60,60,size_60x60_run_006_seed_123,123
10.055932859785106,7.106363214119833,60,60,size_60x60_run_006_seed_123,123
10.061310649567863,7.149489322191272,60,60,size_60x60_run_006_seed_123,123
10.064788028869533,7.192575406032482,60,60,size_60x60_run_006_seed_123,123
10.104036806273536,7.235621521335807,60,60,size_60x60_run_006_seed_123,123
10.115987179794718,7.2786277236903105,60,60,size_60x60_run_006_seed_123,123
10.118441340747552,7.32159406858202,60,60,size_60x60_run_006_seed_123,123
10.132811678740039,7.3645206113941635,60,60,size_60x60_run_006_seed_123,123
10.143029630061957,7.4074074074074066,60,60,size_60x60_run_006_seed_123,123
10.146793471031945,7.4074074074074066,60,60,size_60x60_run_006_seed_123,123
10.158843880979724,7.4074074074074066,60,60,size_60x60_run_006_seed_123,123
10.172820541910827,7.450254511800093,60,60,size_60x60_run_006_seed_123,123
10.187751166478966,7.493061979648474,60,60,size_60x60_run_006_seed_123,123
10.188219242368737,7.535829865926953,60,60,size_60x60_run_006_seed_123,123
10.191330939246903,7.578558225508318,60,60,size_60x60_run_006_seed_123,123
10.197022484001074,7.578558225508318,60,60,size_60x60_run_006_seed_123,123
10.197222136358866,7.578558225508318,60,60,size_60x60_run_006_seed_123,123
10.203433179197605,7.621247113163972,60,60,size_60x60_run_006_seed_123,123
10.21225700295301,7.663896583564174,60,60,size_60x60_run_006_seed_123,123
10.213594894505805,7.706506691278264,60,60,size_60x60_run_006_seed_123,123
10.22454522804239,7.7490774907749085,60,60,size_60x60_run_006_seed_123,123
10.23161787519089,7.791609036422314,60,60,size_60x60_run_006_seed_123,123
10.239215287478542,7.834101382488479,60,60,size_60x60_run_006_seed_123,123
10.239809302952043,7.834101382488479,60,60,size_60x60_run_006_seed_123,123
10.251380509795709,7.876554583141409,60,60,size_60x60_run_006_seed_123,123
10.254237824654869,7.876554583141409,60,60,size_60x60_run_006_seed_123,123
10.26129647283721,7.918968692449356,60,60,size_60x60_run_006_seed_123,123
10.263671843339177,7.9613437643810405,60,60,size_60x60_run_006_seed_123,123
10.268185632914477,8.003679852805888,60,60,size_60x60_run_006_seed_123,123
10.269267185017151,8.045977011494253,60,60,size_60x60_run_006_seed_123,123
10.274414786384867,8.088235294117647,60,60,size_60x60_run_006_seed_123,123
10.279561198777014,8.130454754248968,60,60,size_60x60_run_006_seed_123,123
10.285431676244206,8.172635445362717,60,60,size_60x60_run_006_seed_123,123
10.292160313843818,8.214777420835246,60,60,size_60x60_run_006_seed_123,123
10.294857826876326,8.256880733944955,60,60,size_60x60_run_006_seed_123,123
10.295007233003275,8.298945437872536,60,60,size_60x60_run_006_seed_123,123
10.308636261644265,8.340971585701192,60,60,size_60x60_run_006_seed_123,123
10.31869145812565,8.382959230416857,60,60,size_60x60_run_006_seed_123,123
10.319509947458611,8.382959230416857,60,60,size_60x60_run_006_seed_123,123
10.323641306227396,8.424908424908425,60,60,size_60x60_run_006_seed_123,123
10.325313089310114,8.466819221967963,60,60,size_60x60_run_006_seed_123,123
10.334636092559794,8.508691674290942,60,60,size_60x60_run_006_seed_123,123
10.347187553033308,8.508691674290942,60,60,size_60x60_run_006_seed_123,123
10.348376131160594,8.550525834476453,60,60,size_60x60_run_006_seed_123,123
10.363055103162264,8.550525834476453,60,60,size_60x60_run_006_seed_123,123
10.368152760310078,8.592321755027422,60,60,size_60x60_run_006_seed_123,123
10.372300678263766,8.634079488350844,60,60,size_60x60_run_006_seed_123,123
10.37998533692812,8.67579908675799,60,60,size_60x60_run_006_seed_123,123
10.385683327281034,8.717480602464628,60,60,size_60x60_run_006_seed_123,123
10.416151316210277,8.75912408759124,60,60,size_60x60_run_006_seed_123,123
10.424484270234542,8.75912408759124,60,60,size_60x60_run_006_seed_123,123
10.429361616643162,8.800729594163247,60,60,size_60x60_run_006_seed_123,123
10.438812918409674,8.800729594163247,60,60,size_60x60_run_006_seed_123,123
10.440047459806857,8.842297174111211,60,60,size_60x60_run_006_seed_123,123
10.458052806904009,8.88382687927107,60,60,size_60x60_run_006_seed_123,123
10.468887621705246,8.88382687927107,60,60,size_60x60_run_006_seed_123,123
10.476245111023822,8.925318761384334,60,60,size_60x60_run_006_seed_123,123
10.476430893159424,8.966772872098316,60,60,size_60x60_run_006_seed_123,123
10.478374272595751,9.008189262966333,60,60,size_60x60_run_006_seed_123,123
10.4901880377465,9.008189262966333,60,60,size_60x60_run_006_seed_123,123
10.496645284856108,9.049567985447931,60,60,size_60x60_run_006_seed_123,123
10.499411326664836,9.090909090909092,60,60,size_60x60_run_006_seed_123,123
10.502697695152749,9.132212630622444,60,60,size_60x60_run_006_seed_123,123
10.503139173004048,9.173478655767484,60,60,size_60x60_run_006_seed_123,123
10.505381998049382,9.214707217430776,60,60,size_60x60_run_006_seed_123,123
10.510269493436374,9.214707217430776,60,60,size_60x60_run_006_seed_123,123
10.511019806211857,9.25589836660617,60,60,size_60x60_run_006_seed_123,123
10.515139926908052,9.297052154195011,60,60,size_60x60_run_006_seed_123,123
10.53934226011391,9.338168631006347,60,60,size_60x60_run_006_seed_123,123
10.550715267482929,9.379247847757137,60,60,size_60x60_run_006_seed_123,123
10.551502210636126,9.420289855072465,60,60,size_60x60_run_006_seed_123,123
10.555060471088694,9.420289855072465,60,60,size_60x60_run_006_seed_123,123
10.556010929417441,9.46129470348574,60,60,size_60x60_run_006_seed_123,123
10.558597204580565,9.502262443438914,60,60,size_60x60_run_006_seed_123,123
10.572409603011476,9.543193125282677,60,60,size_60x60_run_006_seed_123,123
10.578694032038678,9.584086799276673,60,60,size_60x60_run_006_seed_123,123
10.57871479338578,9.624943515589697,60,60,size_60x60_run_006_seed_123,123
10.584547833370369,9.66576332429991,60,60,size_60x60_run_006_seed_123,123
10.584948834905457,9.66576332429991,60,60,size_60x60_run_006_seed_123,123
10.585250104416321,9.706546275395034,60,60,size_60x60_run_006_seed_123,123
10.586482082026157,9.747292418772563,60,60,size_60x60_run_006_seed_123,123
10.586600226522668,9.788001804239963,60,60,size_60x60_run_006_seed_123,123
10.587410531211077,9.828674481514877,60,60,size_60x60_run_006_seed_123,123
10.590368806046799,9.869310500225327,60,60,size_60x60_run_006_seed_123,123
10.593381614397227,9.90990990990991,60,60,size_60x60_run_006_seed_123,123
10.600677224871804,9.95047276001801,60,60,size_60x60_run_006_seed_123,123
10.601258194582003,9.99099909990999,60,60,size_60x60_run_006_seed_123,123
10.603441884457803,10.0314889788574,60,60,size_60x60_run_006_seed_123,123
10.609118994313908,10.071942446043165,60,60,size_60x60_run_006_seed_123,123
10.620571582232193,10.071942446043165,60,60,size_60x60_run_006_seed_123,123
10.630420931637612,10.112359550561797,60,60,size_60x60_run_006_seed_123,123
10.630637054319802,10.152740341419586,60,60,size_60x60_run_006_seed_123,123
10.633014486972211,10.1930848675348,60,60,size_60x60_run_006_seed_123,123
10.643511610797317,10.23339317773788,60,60,size_60x60_run_006_seed_123,123
10.653963476920852,10.273665320771647,60,60,size_60x60_run_006_seed_123,123
10.657700415322939,10.273665320771647,60,60,size_60x60_run_006_seed_123,123
10.665712736856056,10.31390134529148,60,60,size_60x60_run_006_seed_123,123
10.667503701640051,10.354101299865532,60,60,size_60x60_run_006_seed_123,123
10.668385262609345,10.39426523297491,60,60,size_60x60_run_006_seed_123,123
10.671078986953528,10.39426523297491,60,60,size_60x60_run_006_seed_123,123
10.675796410951014,10.434393193013882,60,60,size_60x60_run_006_seed_123,123
10.679803620423517,10.434393193013882,60,60,size_60x60_run_006_seed_123,123
10.6799519575594,10.434393193013882,60,60,size_60x60_run_006_seed_123,123
10.687501816300449,10.474485228290064,60,60,size_60x60_run_006_seed_123,123
10.697864743676275,10.51454138702461,60,60,size_60x60_run_006_seed_123,123
10.699215475156878,10.51454138702461,60,60,size_60x60_run_006_seed_123,123
10.699990824398313,10.554561717352415,60,60,size_60x60_run_006_seed_123,123
10.701692383025554,10.594546267322306,60,60,size_60x60_run_006_seed_123,123
10.70795512779003,10.63449508489723,60,60,size_60x60_run_006_seed_123,123
10.709996957747633,10.674408217954444,60,60,size_60x60_run_006_seed_123,123
10.726824852874824,10.674408217954444,60,60,size_60x60_run_006_seed_123,123
10.728445494833602,10.714285714285714,60,60,size_60x60_run_006_seed_123,123
10.728892555585768,10.754127621597501,60,60,size_60x60_run_006_seed_123,123
10.733041785100305,10.793933987511151,60,60,size_60x60_run_006_seed_123,123
10.734063449409428,10.833704859563085,60,60,size_60x60_run_006_seed_123,123
10.734114791907112,10.87344028520499,60,60,size_60x60_run_006_seed_123,123
10.73518903267068,10.913140311804009,60,60,size_60x60_run_006_seed_123,123
10.736020164748137,10.95280498664292,60,60,size_60x60_run_006_seed_123,123
10.744480296055317,10.992434356920338,60,60,size_60x60_run_006_seed_123,123
10.752549959579092,11.032028469750891,60,60,size_60x60_run_006_seed_123,123
10.756120260716676,11.071587372165407,60,60,size_60x60_run_006_seed_123,123
10.75668424203879,11.071587372165407,60,60,size_60x60_run_006_seed_123,123
10.759507105929508,11.11111111111111,60,60,size_60x60_run_006_seed_123,123
10.76979397127844,11.150599733451799,60,60,size_60x60_run_006_seed_123,123
10.775351710198954,11.190053285968029,60,60,size_60x60_run_006_seed_123,123
10.782421910801913,11.229471815357302,60,60,size_60x60_run_006_seed_123,123
10.812786660888209,11.26885536823425,60,60,size_60x60_run_006_seed_123,123
10.814858033939185,11.30820399113082,60,60,size_60x60_run_006_seed_123,123
10.819480320848498,11.347517730496454,60,60,size_60x60_run_006_seed_123,123
10.829973159481018,11.386796632698273,60,60,size_60x60_run_006_seed_123,123
10.832446893742311,11.386796632698273,60,60,size_60x60_run_006_seed_123,123
10.83331399367768,11.386796632698273,60,60,size_60x60_run_006_seed_123,123
10.839346679018915,11.386796632698273,60,60,size_60x60_run_006_seed_123,123
10.841280182871902,11.426040744021257,60,60,size_60x60_run_006_seed_123,123
10.849979601119893,11.465250110668437,60,60,size_60x60_run_006_seed_123,123
10.856914169054235,11.465250110668437,60,60,size_60x60_run_006_seed_123,123
10.857874515893805,11.504424778761061,60,60,size_60x60_run_006_seed_123,123
10.866821535318115,11.543564794338788,60,60,size_60x60_run_006_seed_123,123
10.870563167796078,11.582670203359859,60,60,size_60x60_run_006_seed_123,123
10.881768871866923,11.621741051701282,60,60,size_60x60_run_006_seed_123,123
10.882025197079953,11.621741051701282,60,60,size_60x60_run_006_seed_123,123
10.886015384376512,11.66077738515901,60,60,size_60x60_run_006_seed_123,123
10.886461353002122,11.66077738515901,60,60,size_60x60_run_006_seed_123,123
10.888304914569622,11.66077738515901,60,60,size_60x60_run_006_seed_123,123
10.892343449070088,11.699779249448124,60,60,size_60x60_run_006_seed_123,123
10.902403761492451,11.738746690203,60,60,size_60x60_run_006_seed_123,123
10.902651659680167,11.777679752977503,60,60,size_60x60_run_006_seed_123,123
10.906602647863894,11.816578483245149,60,60,size_60x60_run_006_seed_123,123
10.916675019913127,11.855442926399295,60,60,size_60x60_run_006_seed_123,123
10.923827465798043,11.855442926399295,60,60,size_60x60_run_006_seed_123,123
10.925193768801117,11.855442926399295,60,60,size_60x60_run_006_seed_123,123
10.932652164031825,11.894273127753303,60,60,size_60x60_run_006_seed_123,123
10.936544380008884,11.933069132540732,60,60,size_60x60_run_006_seed_123,123
10.940229964198185,11.971830985915492,60,60,size_60x60_run_006_seed_123,123
10.948495926940558,12.010558732952045,60,60,size_60x60_run_006_seed_123,123
10.957462105055006,12.049252418645558,60,60,size_60x60_run_006_seed_123,123
10.96251261203175,12.049252418645558,60,60,size_60x60_run_006_seed_123,123
10.966185550792577,12.049252418645558,60,60,size_60x60_run_006_seed_123,123
10.966956027304622,12.049252418645558,60,60,size_60x60_run_006_seed_123,123
10.967024943496488,12.087912087912088,60,60,size_60x60_run_006_seed_123,123
10.967498271175334,12.126537785588752,60,60,size_60x60_run_006_seed_123,123
10.970493321230993,12.165129556433904,60,60,size_60x60_run_006_seed_123,123
10.972834313970225,12.203687445127304,60,60,size_60x60_run_006_seed_123,123
10.97921663025478,12.242211496270293,60,60,size_60x60_run_006_seed_123,123
10.995170744318042,12.280701754385964,60,60,size_60x60_run_006_seed_123,123
11.004177207303297,12.319158263919332,60,60,size_60x60_run_006_seed_123,123
11.005391456990296,12.357581069237511,60,60,size_60x60_run_006_seed_123,123
11.01311288705355,12.395970214629873,60,60,size_60x60_run_006_seed_123,123
11.031555472964714,12.43432574430823,60,60,size_60x60_run_006_seed_123,123
11.032868602604731,12.472647702407002,60,60,size_60x60_run_006_seed_123,123
11.036105591796659,12.510936132983378,60,60,size_60x60_run_006_seed_123,123
11.03998849251036,12.510936132983378,60,60,size_60x60_run_006_seed_123,123
11.070448801747057,12.549191080017492,60,60,size_60x60_run_006_seed_123,123
11.079180641986714,12.587412587412588,60,60,size_60x60_run_006_seed_123,123
11.084128186924975,12.625600698995196,60,60,size_60x60_run_006_seed_123,123
11.090186971580271,12.663755458515283,60,60,size_60x60_run_006_seed_123,123
11.090264447671549,12.701876909646442,60,60,size_60x60_run_006_seed_123,123
11.105742339640104,12.739965095986038,60,60,size_60x60_run_006_seed_123,123
11.105949482918055,12.778020061055386,60,60,size_60x60_run_006_seed_123,123
11.10628510470359,12.816041848299914,60,60,size_60x60_run_006_seed_123,123
11.109794728038256,12.854030501089325,60,60,size_60x60_run_006_seed_123,123
11.114072204861364,12.89198606271777,60,60,size_60x60_run_006_seed_123,123
11.115422708553814,12.929908576404006,60,60,size_60x60_run_006_seed_123,123
11.11824791812864,12.967798085291557,60,60,size_60x60_run_006_seed_123,123
11.12786040502247,13.00565463244889,60,60,size_60x60_run_006_seed_123,123
11.143272962185797,13.043478260869565,60,60,size_60x60_run_006_seed_123,123
11.14630553746384,13.081269013472404,60,60,size_60x60_run_006_seed_123,123
11.149524280202941,13.081269013472404,60,60,size_60x60_run_006_seed_123,123
11.156760533657323,13.119026933101651,60,60,size_60x60_run_006_seed_123,123
11.16153427864575,13.119026933101651,60,60,size_60x60_run_006_seed_123,123
11.17972566776684,13.156752062527138,60,60,size_60x60_run_006_seed_123,123
11.181734028695063,13.194444444444445,60,60,size_60x60_run_006_seed_123,123
11.187290149440292,13.232104121475055,60,60,size_60x60_run_006_seed_123,123
11.18901088416909,13.269731136166522,60,60,size_60x60_run_006_seed_123,123
11.19381480661381,13.307325530992632,60,60,size_60x60_run_006_seed_123,123
11.19526981707306,13.344887348353554,60,60,size_60x60_run_006_seed_123,123
11.195602275276002,13.382416630576008,60,60,size_60x60_run_006_seed_123,123
11.196909096885875,13.41991341991342,60,60,size_60x60_run_006_seed_123,123
11.202649097696368,13.457377758546086,60,60,size_60x60_run_006_seed_123,123
11.209966867568111,13.457377758546086,60,60,size_60x60_run_006_seed_123,123
11.217732478187488,13.494809688581316,60,60,size_60x60_run_006_seed_123,123
11.22398040758998,13.53220925205361,60,60,size_60x60_run_006_seed_123,123
11.22611562538695,13.569576490924806,60,60,size_60x60_run_006_seed_123,123
11.229618369808252,13.606911447084233,60,60,size_60x60_run_006_seed_123,123
11.233997849299426,13.644214162348877,60,60,size_60x60_run_006_seed_123,123
11.246231459240104,13.68148467846353,60,60,size_60x60_run_006_seed_123,123
11.248505615321752,13.718723037100949,60,60,size_60x60_run_006_seed_123,123
11.264233475194462,13.75592927986201,60,60,size_60x60_run_006_seed_123,123
11.267103151486971,13.75592927986201,60,60,size_60x60_run_006_seed_123,123
11.276106540913085,13.75592927986201,60,60,size_60x60_run_006_seed_123,123
11.283770993569272,13.793103448275861,60,60,size_60x60_run_006_seed_123,123
11.286684421402558,13.830245583800085,60,60,size_60x60_run_006_seed_123,123
11.291013006921887,13.867355727820843,60,60,size_60x60_run_006_seed_123,123
11.30363552284377,13.904433921653034,60,60,size_60x60_run_006_seed_123,123
11.306869921199468,13.941480206540447,60,60,size_60x60_run_006_seed_123,123
11.322083300246463,13.978494623655912,60,60,size_60x60_run_006_seed_123,123
11.329983825860905,14.015477214101463,60,60,size_60x60_run_006_seed_123,123
11.333991522747219,14.052428018908467,60,60,size_60x60_run_006_seed_123,123
11.33437204783402,14.0893470790378,60,60,size_60x60_run_006_seed_123,123
11.33942102448726,14.126234435379992,60,60,size_60x60_run_006_seed_123,123
11.33955267699869,14.163090128755366,60,60,size_60x60_run_006_seed_123,123
11.341587133106543,14.199914199914199,60,60,size_60x60_run_006_seed_123,123
11.353640722000833,14.236706689536879,60,60,size_60x60_run_006_seed_123,123
11.361550633940338,14.273467638234033,60,60,size_60x60_run_006_seed_123,123
11.365784206505717,14.3101970865467,60,60,size_60x60_run_006_seed_123,123
11.379683667791952,14.346895074946467,60,60,size_60x60_run_006_seed_123,123
11.389362736250916,14.383561643835616,60,60,size_60x60_run_006_seed_123,123
11.39343086061574,14.420196833547283,60,60,size_60x60_run_006_seed_123,123
11.403492637759605,14.456800684345595,60,60,size_60x60_run_006_seed_123,123
11.406760574634786,14.493373236425821,60,60,size_60x60_run_006_seed_123,123
11.407653093306457,14.529914529914532,60,60,size_60x60_run_006_seed_123,123
11.418445629623882,14.566424604869713,60,60,size_60x60_run_006_seed_123,123
11.435730572412282,14.602903501280956,60,60,size_60x60_run_006_seed_123,123
11.437663803036582,14.639351259069569,60,60,size_60x60_run_006_seed_123,123
11.441264667088939,14.675767918088736,60,60,size_60x60_run_006_seed_123,123
11.446361612869062,14.712153518123666,60,60,size_60x60_run_006_seed_123,123
11.449431284837708,14.74850809889173,60,60,size_60x60_run_006_seed_123,123
11.461270947306316,14.784831700042607,60,60,size_60x60_run_006_seed_123,123
11.463805930450405,14.821124361158432,60,60,size_60x60_run_006_seed_123,123
11.476861304677362,14.857386121753938,60,60,size_60x60_run_006_seed_123,123
11.495707996767397,14.857386121753938,60,60,size_60x60_run_006_seed_123,123
11.496309941483009,14.893617021276595,60,60,size_60x60_run_006_seed_123,123
11.497418877028124,14.929817099106762,60,60,size_60x60_run_006_seed_123,123
11.502635829710126,14.965986394557824,60,60,size_60x60_run_006_seed_123,123
11.504716351448502,15.002124946876327,60,60,size_60x60_run_006_seed_123,123
11.506334496530755,15.002124946876327,60,60,size_60x60_run_006_seed_123,123
11.507898688257974,15.03823279524214,60,60,size_60x60_run_006_seed_123,123
11.509346858534746,15.074309978768577,60,60,size_60x60_run_006_seed_123,123
11.51973513401547,15.110356536502549,60,60,size_60x60_run_006_seed_123,123
11.52488312267501,15.110356536502549,60,60,size_60x60_run_006_seed_123,123
11.525584134107593,15.146372507424694,60,60,size_60x60_run_006_seed_123,123
11.533354038583905,15.182357930449534,60,60,size_60x60_run_006_seed_123,123
11.53629926764351,15.218312844425604,60,60,size_60x60_run_006_seed_123,123
11.54156610616827,15.254237288135593,60,60,size_60x60_run_006_seed_123,123
11.545040715184122,15.254237288135593,60,60,size_60x60_run_006_seed_123,123
11.550310883322544,15.290131300296483,60,60,size_60x60_run_006_seed_123,123
11.552539695551408,15.325994919559696,60,60,size_60x60_run_006_seed_123,123
11.559544767914936,15.361828184511214,60,60,size_60x60_run_006_seed_123,123
11.562107395234804,15.397631133671744,60,60,size_60x60_run_006_seed_123,123
11.574260297921143,15.433403805496829,60,60,size_60x60_run_006_seed_123,123
11.578771415556478,15.469146238377007,60,60,size_60x60_run_006_seed_123,123
11.579684064534863,15.504858470637938,60,60,size_60x60_run_006_seed_123,123
11.580103383290828,15.504858470637938,60,60,size_60x60_run_006_seed_123,123
11.592686087116155,15.54054054054054,60,60,size_60x60_run_006_seed_123,123
11.605488003113821,15.576192486281132,60,60,size_60x60_run_006_seed_123,123
11.615105869547222,15.611814345991561,60,60,size_60x60_run_006_seed_123,123
11.61676738258921,15.647406157739349,60,60,size_60x60_run_006_seed_123,123
11.618630351400913,15.682967959527824,60,60,size_60x60_run_006_seed_123,123
11.628023297517485,15.718499789296251,60,60,size_60x60_run_006_seed_123,123
11.63378833865369,15.754001684919967,60,60,size_60x60_run_006_seed_123,123
11.641883868846772,15.789473684210526,60,60,size_60x60_run_006_seed_123,123
11.647915370602902,15.824915824915825,60,60,size_60x60_run_006_seed_123,123
11.648941074859012,15.860328144720235,60,60,size_60x60_run_006_seed_123,123
11.66116431152473,15.895710681244744,60,60,size_60x60_run_006_seed_123,123
11.66196021745609,15.931063472047077,60,60,size_60x60_run_006_seed_123,123
11.662086838785394,15.966386554621847,60,60,size_60x60_run_006_seed_123,123
11.66456102527479,16.001679966400673,60,60,size_60x60_run_006_seed_123,123
11.665789111668962,16.001679966400673,60,60,size_60x60_run_006_seed_123,123
11.667619830916362,16.036943744752307,60,60,size_60x60_run_006_seed_123,123
11.672829192861144,16.072177926982796,60,60,size_60x60_run_006_seed_123,123
11.672898172890722,16.10738255033557,60,60,size_60x60_run_006_seed_123,123
11.680493849612521,16.142557651991616,60,60,size_60x60_run_006_seed_123,123
11.682596423341776,16.177703269069575,60,60,size_60x60_run_006_seed_123,123
11.68707650689369,16.21281943862589,60,60,size_60x60_run_006_seed_123,123
11.69308931739666,16.24790619765494,60,60,size_60x60_run_006_seed_123,123
11.693941446080624,16.282963583089156,60,60,size_60x60_run_006_seed_123,123
11.70250561092691,16.317991631799163,60,60,size_60x60_run_006_seed_123,123
11.70473483492445,16.352990380593894,60,60,size_60x60_run_006_seed_123,123
11.711985209229002,16.352990380593894,60,60,size_60x60_run_006_seed_123,123
11.717955873403888,16.352990380593894,60,60,size_60x60_run_006_seed_123,123
11.719138292598377,16.387959866220736,60,60,size_60x60_run_006_seed_123,123
11.72258401174634,16.387959866220736,60,60,size_60x60_run_006_seed_123,123
11.728437563307084,16.42290012536565,60,60,size_60x60_run_006_seed_123,123
11.733335675162214,16.4578111946533,60,60,size_60x60_run_006_seed_123,123
11.734400186233508,16.49269311064718,60,60,size_60x60_run_006_seed_123,123
11.739351197768988,16.52754590984975,60,60,size_60x60_run_006_seed_123,123
11.744182574607061,16.52754590984975,60,60,size_60x60_run_006_seed_123,123
11.755133964338306,16.52754590984975,60,60,size_60x60_run_006_seed_123,123
11.75691969613156,16.562369628702545,60,60,size_60x60_run_006_seed_123,123
11.78618554052886,16.59716430358632,60,60,size_60x60_run_006_seed_123,123
11.789872616613335,16.631929970821176,60,60,size_60x60_run_006_seed_123,123
11.792083657206364,16.631929970821176,60,60,size_60x60_run_006_seed_123,123
11.801835039578162,16.666666666666664,60,60,size_60x60_run_006_seed_123,123
11.804394276566516,16.701374427321948,60,60,size_60x60_run_006_seed_123,123
11.810708779207948,16.736053288925895,60,60,size_60x60_run_006_seed_123,123
11.817105291572382,16.77070328755722,60,60,size_60x60_run_006_seed_123,123
11.820298885058419,16.80532445923461,60,60,size_60x60_run_006_seed_123,123
11.821613402980995,16.839916839916842,60,60,size_60x60_run_006_seed_123,123
11.832965445690641,16.87448046550291,60,60,size_60x60_run_006_seed_123,123
11.834997682691863,16.909015371832155,60,60,size_60x60_run_006_seed_123,123
11.83891692681409,16.943521594684384,60,60,size_60x60_run_006_seed_123,123
11.841768089010117,16.943521594684384,60,60,size_60x60_run_006_seed_123,123
11.874612510453732,16.97799916977999,60,60,size_60x60_run_006_seed_123,123
11.876413756150484,17.012448132780083,60,60,size_60x60_run_006_seed_123,123
11.882016868371517,17.046868519286605,60,60,size_60x60_run_006_seed_123,123
11.890328517046894,17.046868519286605,60,60,size_60x60_run_006_seed_123,123
11.903592928467935,17.081260364842453,60,60,size_60x60_run_006_seed_123,123
11.910208424856062,17.11562370493162,60,60,size_60x60_run_006_seed_123,123
11.916438729297516,17.149958574979287,60,60,size_60x60_run_006_seed_123,123
11.920105381874139,17.184265010351968,60,60,size_60x60_run_006_seed_123,123
11.927400902728015,17.184265010351968,60,60,size_60x60_run_006_seed_123,123
11.931461249470416,17.184265010351968,60,60,size_60x60_run_006_seed_123,123
11.934530591738142,17.184265010351968,60,60,size_60x60_run_006_seed_123,123
11.935657420360283,17.218543046357617,60,60,size_60x60_run_006_seed_123,123
11.941459085170138,17.25279271824576,60,60,size_60x60_run_006_seed_123,123
11.944814174169563,17.28701406120761,60,60,size_60x60_run_006_seed_123,123
11.945775391771457,17.32120711037619,60,60,size_60x60_run_006_seed_123,123
11.949085001228607,17.355371900826448,60,60,size_60x60_run_006_seed_123,123
11.95219871426709,17.389508467575382,60,60,size_60x60_run_006_seed_123,123
11.953852794338895,17.423616845582163,60,60,size_60x60_run_006_seed_123,123
11.953922750099192,17.457697069748246,60,60,size_60x60_run_006_seed_123,123
11.954618597400701,17.491749174917494,60,60,size_60x60_run_006_seed_123,123
11.966365153324796,17.525773195876287,60,60,size_60x60_run_006_seed_123,123
11.968706879420314,17.55976916735367,60,60,size_60x60_run_006_seed_123,123
11.972520691882721,17.593737124021423,60,60,size_60x60_run_006_seed_123,123
11.974335913634077,17.593737124021423,60,60,size_60x60_run_006_seed_123,123
11.97558990530346,17.593737124021423,60,60,size_60x60_run_006_seed_123,123
11.979405061050903,17.627677100494235,60,60,size_60x60_run_006_seed_123,123
11.98320471503582,17.661589131329766,60,60,size_60x60_run_006_seed_123,123
11.989397179034592,17.695473251028808,60,60,size_60x60_run_006_seed_123,123
12.001954304341952,17.695473251028808,60,60,size_60x60_run_006_seed_123,123
12.003193247182747,17.729329494035376,60,60,size_60x60_run_006_seed_123,123
12.01152602721927,17.763157894736842,60,60,size_60x60_run_006_seed_123,123
12.015431205682294,17.79695848746404,60,60,size_60x60_run_006_seed_123,123
12.020289561025619,17.830731306491373,60,60,size_60x60_run_006_seed_123,123
12.025550639396233,17.864476386036962,60,60,size_60x60_run_006_seed_123,123
12.035015763720702,17.864476386036962,60,60,size_60x60_run_006_seed_123,123
12.043363405503625,17.898193760262725,60,60,size_60x60_run_006_seed_123,123
12.04633205385809,17.931883463274517,60,60,size_60x60_run_006_seed_123,123
12.0579273671477,17.96554552912223,60,60,size_60x60_run_006_seed_123,123
12.057938480676565,17.99917999179992,60,60,size_60x60_run_006_seed_123,123
12.059261660068417,18.0327868852459,60,60,size_60x60_run_006_seed_123,123
12.067801416911465,18.0327868852459,60,60,size_60x60_run_006_seed_123,123
12.068004795128122,18.066366243342895,60,60,size_60x60_run_006_seed_123,123
12.080143670119408,18.0999180999181,60,60,size_60x60_run_006_seed_123,123
12.085940503494456,18.13344248874335,60,60,size_60x60_run_006_seed_123,123
12.090709285410323,18.16693944353519,60,60,size_60x60_run_006_seed_123,123
12.099643825516448,18.200408997955012,60,60,size_60x60_run_006_seed_123,123
12.101795362310067,18.233851185609158,60,60,size_60x60_run_006_seed_123,123
12.10227145637371,18.26726604004904,60,60,size_60x60_run_006_seed_123,123
12.106138471766968,18.30065359477124,60,60,size_60x60_run_006_seed_123,123
12.107377618215446,18.33401388321764,60,60,size_60x60_run_006_seed_123,123
12.108032826484273,18.367346938775512,60,60,size_60x60_run_006_seed_123,123
12.112336672337669,18.367346938775512,60,60,size_60x60_run_006_seed_123,123
12.112682329167448,18.400652794777642,60,60,size_60x60_run_006_seed_123,123
12.115528306391145,18.43393148450245,60,60,size_60x60_run_006_seed_123,123
12.115862603691614,18.467183041174074,60,60,size_60x60_run_006_seed_123,123
12.118785208537165,18.50040749796251,60,60,size_60x60_run_006_seed_123,123
12.120305444015564,18.533604887983707,60,60,size_60x60_run_006_seed_123,123
12.120760762511818,18.566775244299674,60,60,size_60x60_run_006_seed_123,123
12.13036814713523,18.566775244299674,60,60,size_60x60_run_006_seed_123,123
12.134854601074098,18.5999185999186,60,60,size_60x60_run_006_seed_123,123
12.13842954030121,18.633034987794954,60,60,size_60x60_run_006_seed_123,123
12.13859960898279,18.666124440829606,60,60,size_60x60_run_006_seed_123,123
12.140229361309533,18.69918699186992,60,60,size_60x60_run_006_seed_123,123
12.15066655841273,18.732222673709874,60,60,size_60x60_run_006_seed_123,123
12.158991702762293,18.765231519090168,60,60,size_60x60_run_006_seed_123,123
12.162454917374584,18.798213560698336,60,60,size_60x60_run_006_seed_123,123
12.169076325399049,18.83116883116883,60,60,size_60x60_run_006_seed_123,123
12.170090213569361,18.864097363083165,60,60,size_60x60_run_006_seed_123,123
12.186188328456169,18.864097363083165,60,60,size_60x60_run_006_seed_123,123
12.18871118537106,18.864097363083165,60,60,size_60x60_run_006_seed_123,123
12.190161645703942,18.896999188969993,60,60,size_60x60_run_006_seed_123,123
12.192414179755671,18.92987434130523,60,60,size_60x60_run_006_seed_123,123
12.19405646133172,18.962722852512158,60,60,size_60x60_run_006_seed_123,123
12.195317783200203,18.995544754961525,60,60,size_60x60_run_006_seed_123,123
12.195350673958435,19.02834008097166,60,60,size_60x60_run_006_seed_123,123
12.19839687348203,19.02834008097166,60,60,size_60x60_run_006_seed_123,123
12.200788558548622,19.061108862808577,60,60,size_60x60_run_006_seed_123,123
12.204392234172698,19.093851132686083,60,60,size_60x60_run_006_seed_123,123
12.206225439982811,19.12656692276587,60,60,size_60x60_run_006_seed_123,123
12.209707637025199,19.15925626515764,60,60,size_60x60_run_006_seed_123,123
12.216500624684146,19.19191919191919,60,60,size_60x60_run_006_seed_123,123
12.219976832836345,19.22455573505654,60,60,size_60x60_run_006_seed_123,123
12.231555655943504,19.25716592652402,60,60,size_60x60_run_006_seed_123,123
12.242047159057885,19.289749798224374,60,60,size_60x60_run_006_seed_123,123
12.245861605336447,19.289749798224374,60,60,size_60x60_run_006_seed_123,123
12.247076153334898,19.322307382008873,60,60,size_60x60_run_006_seed_123,123
12.247221301606942,19.35483870967742,60,60,size_60x60_run_006_seed_123,123
12.261358456141227,19.38734381297864,60,60,size_60x60_run_006_seed_123,123
12.26279791432902,19.38734381297864,60,60,size_60x60_run_006_seed_123,123
12.26359166451397,19.419822723609993,60,60,size_60x60_run_006_seed_123,123
12.27770913748451,19.45227547321788,60,60,size_60x60_run_006_seed_123,123
12.277840440009305,19.484702093397747,60,60,size_60x60_run_006_seed_123,123
12.285219553806682,19.517102615694164,60,60,size_60x60_run_006_seed_123,123
12.286423066713844,19.549477071600965,60,60,size_60x60_run_006_seed_123,123
12.293774223111612,19.581825492561318,60,60,size_60x60_run_006_seed_123,123
12.294092420173529,19.614147909967848,60,60,size_60x60_run_006_seed_123,123
12.303227230433947,19.646444355162714,60,60,size_60x60_run_006_seed_123,123
12.304550209595345,19.646444355162714,60,60,size_60x60_run_006_seed_123,123
12.30488896703984,19.67871485943775,60,60,size_60x60_run_006_seed_123,123
12.306078463541336,19.710959454034523,60,60,size_60x60_run_006_seed_123,123
12.308379818878176,19.710959454034523,60,60,size_60x60_run_006_seed_123,123
12.311632541379812,19.743178170144464,60,60,size_60x60_run_006_seed_123,123
12.316815767696013,19.775371038908947,60,60,size_60x60_run_006_seed_123,123
12.33459804449742,19.775371038908947,60,60,size_60x60_run_006_seed_123,123
12.337524187670649,19.807538091419406,60,60,size_60x60_run_006_seed_123,123
12.337634721794869,19.807538091419406,60,60,size_60x60_run_006_seed_123,123
12.340944214039835,19.839679358717436,60,60,size_60x60_run_006_seed_123,123
12.341164002348423,19.871794871794872,60,60,size_60x60_run_006_seed_123,123
12.363089174354895,19.903884661593914,60,60,size_60x60_run_006_seed_123,123
12.365195541200624,19.935948759007204,60,60,size_60x60_run_006_seed_123,123
12.368764731034354,19.935948759007204,60,60,size_60x60_run_006_seed_123,123
12.37161308475202,19.935948759007204,60,60,size_60x60_run_006_seed_123,123
12.37198553062646,19.96798719487795,60,60,size_60x60_run_006_seed_123,123
12.372353870273475,20.0,60,60,size_60x60_run_006_seed_123,123
12.374133594135014,20.0,60,60,size_60x60_run_006_seed_123,123
12.380523695694519,20.0,60,60,size_60x60_run_006_seed_123,123
12.392937569327806,20.03198720511795,60,60,size_60x60_run_006_seed_123,123
12.398401906372612,20.06394884092726,60,60,size_60x60_run_006_seed_123,123
12.40665873145686,20.06394884092726,60,60,size_60x60_run_006_seed_123,123
12.409382685593187,20.09588493807431,60,60,size_60x60_run_006_seed_123,123
12.41576532866192,20.09588493807431,60,60,size_60x60_run_006_seed_123,123
12.41599459203483,20.09588493807431,60,60,size_60x60_run_006_seed_123,123
12.416584197243678,20.12779552715655,60,60,size_60x60_run_006_seed_123,123
12.421258528597738,20.159680638722556,60,60,size_60x60_run_006_seed_123,123
12.421718353403786,20.191540303272145,60,60,size_60x60_run_006_seed_123,123
12.422773605744357,20.191540303272145,60,60,size_60x60_run_006_seed_123,123
12.42705655938848,20.22337455125648,60,60,size_60x60_run_006_seed_123,123
12.430834974285963,20.22337455125648,60,60,size_60x60_run_006_seed_123,123
12.438875243645212,20.25518341307815,60,60,size_60x60_run_006_seed_123,123
12.440955214479796,20.28696691909127,60,60,size_60x60_run_006_seed_123,123
12.444940759516502,20.318725099601593,60,60,size_60x60_run_006_seed_123,123
12.450643331517227,20.350457984866587,60,60,size_60x60_run_006_seed_123,123
12.451481213788288,20.382165605095544,60,60,size_60x60_run_006_seed_123,123
12.453753884233956,20.413847990449664,60,60,size_60x60_run_006_seed_123,123
12.459813724956225,20.445505171042164,60,60,size_60x60_run_006_seed_123,123
12.460646066212787,20.47713717693837,60,60,size_60x60_run_006_seed_123,123
12.46387652302272,20.5087440381558,60,60,size_60x60_run_006_seed_123,123
12.466365980171522,20.540325784664283,60,60,size_60x60_run_006_seed_123,123
12.470411090048,20.540325784664283,60,60,size_60x60_run_006_seed_123,123
12.479553212080592,20.57188244638602,60,60,size_60x60_run_006_seed_123,123
12.482169396646007,20.603414053195714,60,60,size_60x60_run_006_seed_123,123
12.486379982796427,20.634920634920633,60,60,size_60x60_run_006_seed_123,123
12.490136465426268,20.634920634920633,60,60,size_60x60_run_006_seed_123,123
12.495581399320828,20.66640222134074,60,60,size_60x60_run_006_seed_123,123
12.503096004895239,20.697858842188737,60,60,size_60x60_run_006_seed_123,123
12.50827151075971,20.72929052715022,60,60,size_60x60_run_006_seed_123,123
12.509809480213127,20.760697305863708,60,60,size_60x60_run_006_seed_123,123
12.51046690992775,20.792079207920793,60,60,size_60x60_run_006_seed_123,123
12.51285345199448,20.792079207920793,60,60,size_60x60_run_006_seed_123,123
12.515571132621211,20.792079207920793,60,60,size_60x60_run_006_seed_123,123
12.52021359425922,20.792079207920793,60,60,size_60x60_run_006_seed_123,123
12.522772807071597,20.823436262866192,60,60,size_60x60_run_006_seed_123,123
12.52290155028763,20.854768500197864,60,60,size_60x60_run_006_seed_123,123
12.524330346150151,20.88607594936709,60,60,size_60x60_run_006_seed_123,123
12.52684372070722,20.91735863977857,60,60,size_60x60_run_006_seed_123,123
12.526929528178748,20.948616600790515,60,60,size_60x60_run_006_seed_123,123
12.527305651072055,20.979849861714737,60,60,size_60x60_run_006_seed_123,123
12.536855863492052,21.011058451816748,60,60,size_60x60_run_006_seed_123,123
12.550044468955765,21.011058451816748,60,60,size_60x60_run_006_seed_123,123
12.559960542005518,21.042242400315832,60,60,size_60x60_run_006_seed_123,123
12.562251738262491,21.07340173638516,60,60,size_60x60_run_006_seed_123,123
12.562887095680182,21.104536489151872,60,60,size_60x60_run_006_seed_123,123
12.563551931243774,21.13564668769716,60,60,size_60x60_run_006_seed_123,123
12.581886046702337,21.13564668769716,60,60,size_60x60_run_006_seed_123,123
12.583864645440533,21.166732361056365,60,60,size_60x60_run_006_seed_123,123
12.596350408091599,21.19779353821907,60,60,size_60x60_run_006_seed_123,123
12.602188893958203,21.228830248129185,60,60,size_60x60_run_006_seed_123,123
12.617635722380362,21.25984251968504,60,60,size_60x60_run_006_seed_123,123
12.619784610060744,21.29083038173947,60,60,size_60x60_run_006_seed_123,123
12.626424349019334,21.321793863099924,60,60,size_60x60_run_006_seed_123,123
12.628239940483013,21.35273299252851,60,60,size_60x60_run_006_seed_123,123
12.629959033605363,21.38364779874214,60,60,size_60x60_run_006_seed_123,123
12.630649052293867,21.414538310412574,60,60,size_60x60_run_006_seed_123,123
12.635045169656275,21.445404556166537,60,60,size_60x60_run_006_seed_123,123
12.636407166536914,21.47624656458579,60,60,size_60x60_run_006_seed_123,123
12.637178746716744,21.50706436420722,60,60,size_60x60_run_006_seed_123,123
12.63794852140272,21.53785798352295,60,60,size_60x60_run_006_seed_123,123
12.64165292091977,21.53785798352295,60,60,size_60x60_run_006_seed_123,123
12.6418335072343,21.53785798352295,60,60,size_60x60_run_006_seed_123,123
12.646857316199236,21.568627450980394,60,60,size_60x60_run_006_seed_123,123
12.652993222877742,21.568627450980394,60,60,size_60x60_run_006_seed_123,123
12.656041410941718,21.59937279498236,60,60,size_60x60_run_006_seed_123,123
12.656967457821901,21.59937279498236,60,60,size_60x60_run_006_seed_123,123
12.671177615212523,21.630094043887148,60,60,size_60x60_run_006_seed_123,123
12.671249234032683,21.660791226008616,60,60,size_60x60_run_006_seed_123,123
12.672400110507699,21.69146436961629,60,60,size_60x60_run_006_seed_123,123
12.675680194214443,21.722113502935418,60,60,size_60x60_run_006_seed_123,123
12.679305645075345,21.752738654147105,60,60,size_60x60_run_006_seed_123,123
12.682630201937881,21.783339851388344,60,60,size_60x60_run_006_seed_123,123
12.684179576960677,21.813917122752148,60,60,size_60x60_run_006_seed_123,123
12.685371416661875,21.844470496287613,60,60,size_60x60_run_006_seed_123,123
12.694531698079459,21.875,60,60,size_60x60_run_006_seed_123,123
12.704741871572589,21.90550566185084,60,60,size_60x60_run_006_seed_123,123
12.708324031913413,21.935987509758,60,60,size_60x60_run_006_seed_123,123
12.718570002233571,21.966445571595784,60,60,size_60x60_run_006_seed_123,123
12.71888119357755,21.996879875195006,60,60,size_60x60_run_006_seed_123,123
12.722313398283438,22.027290448343077,60,60,size_60x60_run_006_seed_123,123
12.739862191946392,22.0576773187841,60,60,size_60x60_run_006_seed_123,123
12.741267169498109,22.08804051421893,60,60,size_60x60_run_006_seed_123,123
12.745498614205252,22.118380062305295,60,60,size_60x60_run_006_seed_123,123
12.745756166176259,22.148695990657842,60,60,size_60x60_run_006_seed_123,123
12.74685168706718,22.17898832684825,60,60,size_60x60_run_006_seed_123,123
12.746940282672096,22.20925709840529,60,60,size_60x60_run_006_seed_123,123
12.753390621912756,22.23950233281493,60,60,size_60x60_run_006_seed_123,123
12.759083119613528,22.269724057520403,60,60,size_60x60_run_006_seed_123,123
12.759455175481975,22.2999222999223,60,60,size_60x60_run_006_seed_123,123
12.76193047139442,22.330097087378643,60,60,size_60x60_run_006_seed_123,123
12.76504565218691,22.36024844720497,60,60,size_60x60_run_006_seed_123,123
12.768318426626633,22.390376406674427,60,60,size_60x60_run_006_seed_123,123
12.771995743585965,22.420480993017843,60,60,size_60x60_run_006_seed_123,123
12.773498680959413,22.450562233423806,60,60,size_60x60_run_006_seed_123,123
12.775547665425108,22.48062015503876,60,60,size_60x60_run_006_seed_123,123
12.778845895856255,22.510654784967066,60,60,size_60x60_run_006_seed_123,123
12.780590292397079,22.540666150271107,60,60,size_60x60_run_006_seed_123,123
12.78455964418011,22.57065427797135,60,60,size_60x60_run_006_seed_123,123
12.788148058419544,22.60061919504644,60,60,size_60x60_run_006_seed_123,123
12.794618181133568,22.63056092843327,60,60,size_60x60_run_006_seed_123,123
12.800897174548714,22.66047950502707,60,60,size_60x60_run_006_seed_123,123
12.80231482314486,22.690374951681484,60,60,size_60x60_run_006_seed_123,123
12.813246811470695,22.720247295208658,60,60,size_60x60_run_006_seed_123,123
12.81943691735733,22.750096562379298,60,60,size_60x60_run_006_seed_123,123
12.827429099570725,22.750096562379298,60,60,size_60x60_run_006_seed_123,123
12.837032462385102,22.779922779922778,60,60,size_60x60_run_006_seed_123,123
12.839447849823355,22.809725974527208,60,60,size_60x60_run_006_seed_123,123
12.846103527903445,22.839506172839506,60,60,size_60x60_run_006_seed_123,123
12.848562520862128,22.839506172839506,60,60,size_60x60_run_006_seed_123,123
12.848907108048662,22.869263401465485,60,60,size_60x60_run_006_seed_123,123
12.859803592586564,22.869263401465485,60,60,size_60x60_run_006_seed_123,123
12.86038934931451,22.89899768696993,60,60,size_60x60_run_006_seed_123,123
12.862403446103363,22.928709055876688,60,60,size_60x60_run_006_seed_123,123
12.862967531014565,22.95839753466872,60,60,size_60x60_run_006_seed_123,123
12.871329408452306,22.988063149788218,60,60,size_60x60_run_006_seed_123,123
12.875460736832416,22.988063149788218,60,60,size_60x60_run_006_seed_123,123
12.877370191277778,23.017705927636644,60,60,size_60x60_run_006_seed_123,123
12.877744259542336,23.047325894574836,60,60,size_60x60_run_006_seed_123,123
12.878023326149908,23.076923076923077,60,60,size_60x60_run_006_seed_123,123
12.883444861314027,23.10649750096117,60,60,size_60x60_run_006_seed_123,123
12.8850855095797,23.10649750096117,60,60,size_60x60_run_006_seed_123,123
12.885572237934355,23.10649750096117,60,60,size_60x60_run_006_seed_123,123
12.885926516448762,23.136049192928517,60,60,size_60x60_run_006_seed_123,123
12.897509365133198,23.1655781790242,60,60,size_60x60_run_006_seed_123,123
12.901925118594288,23.195084485407065,60,60,size_60x60_run_006_seed_123,123
12.9019636938732,23.224568138195778,60,60,size_60x60_run_006_seed_123,123
12.905415524644233,23.254029163468918,60,60,size_60x60_run_006_seed_123,123
12.909078254667952,23.283467587265054,60,60,size_60x60_run_006_seed_123,123
12.911698566723118,23.283467587265054,60,60,size_60x60_run_006_seed_123,123
12.915159294103344,23.31288343558282,60,60,size_60x60_run_006_seed_123,123
12.918860086279789,23.34227673438099,60,60,size_60x60_run_006_seed_123,123
12.919257806501719,23.371647509578544,60,60,size_60x60_run_006_seed_123,123
12.921399107815489,23.400995787054768,60,60,size_60x60_run_006_seed_123,123
12.922490575747107,23.43032159264931,60,60,size_60x60_run_006_seed_123,123
12.923061483429224,23.459624952162265,60,60,size_60x60_run_006_seed_123,123
12.926673226255561,23.488905891354246,60,60,size_60x60_run_006_seed_123,123
12.93181521794109,23.518164435946463,60,60,size_60x60_run_006_seed_123,123
12.932925316084498,23.547400611620795,60,60,size_60x60_run_006_seed_123,123
12.935068971645821,23.57661444401987,60,60,size_60x60_run_006_seed_123,123
12.935494734144502,23.605805958747137,60,60,size_60x60_run_006_seed_123,123
12.936212142751346,23.634975181366936,60,60,size_60x60_run_006_seed_123,123
12.938065247809382,23.66412213740458,60,60,size_60x60_run_006_seed_123,123
12.943850945590947,23.693246852346434,60,60,size_60x60_run_006_seed_123,123
12.947130354249632,23.72234935163997,60,60,size_60x60_run_006_seed_123,123
12.947363331871811,23.751429660693862,60,60,size_60x60_run_006_seed_123,123
12.947391764821813,23.78048780487805,60,60,size_60x60_run_006_seed_123,123
12.947488751088052,23.809523809523807,60,60,size_60x60_run_006_seed_123,123
12.950762210327213,23.83853769992384,60,60,size_60x60_run_006_seed_123,123
12.952776113066932,23.867529501332317,60,60,size_60x60_run_006_seed_123,123
12.954936086541888,23.896499238964992,60,60,size_60x60_run_006_seed_123,123
12.955833920922645,23.92544693799924,60,60,size_60x60_run_006_seed_123,123
12.960330540275878,23.954372623574145,60,60,size_60x60_run_006_seed_123,123
12.961570778721223,23.983276320790576,60,60,size_60x60_run_006_seed_123,123
12.963765521804424,24.012158054711247,60,60,size_60x60_run_006_seed_123,123
12.967147340144901,24.012158054711247,60,60,size_60x60_run_006_seed_123,123
12.968320131401965,24.041017850360806,60,60,size_60x60_run_006_seed_123,123
12.971354846089538,24.06985573272589,60,60,size_60x60_run_006_seed_123,123
12.975285307999176,24.09867172675522,60,60,size_60x60_run_006_seed_123,123
12.980196496924826,24.09867172675522,60,60,size_60x60_run_006_seed_123,123
12.980388275405804,24.12746585735964,60,60,size_60x60_run_006_seed_123,123
12.981353571655756,24.15623814941221,60,60,size_60x60_run_006_seed_123,123
12.985702743002626,24.184988627748293,60,60,size_60x60_run_006_seed_123,123
12.992912034932436,24.213717317165592,60,60,size_60x60_run_006_seed_123,123
12.99291474434582,24.242424242424242,60,60,size_60x60_run_006_seed_123,123
12.998314465317675,24.271109428246877,60,60,size_60x60_run_006_seed_123,123
13.011055089478601,24.299772899318697,60,60,size_60x60_run_006_seed_123,123
13.014510929235406,24.32841468028755,60,60,size_60x60_run_006_seed_123,123
13.021290608542156,24.357034795763994,60,60,size_60x60_run_006_seed_123,123
13.024952943917382,24.38563327032136,60,60,size_60x60_run_006_seed_123,123
13.028608043540117,24.414210128495842,60,60,size_60x60_run_006_seed_123,123
13.033953839839075,24.44276539478655,60,60,size_60x60_run_006_seed_123,123
13.036598755372633,24.47129909365559,60,60,size_60x60_run_006_seed_123,123
13.038621930625983,24.499811249528126,60,60,size_60x60_run_006_seed_123,123
13.0411369756827,24.528301886792452,60,60,size_60x60_run_006_seed_123,123
13.04468393969528,24.556771029800075,60,60,size_60x60_run_006_seed_123,123
13.045506054415275,24.58521870286576,60,60,size_60x60_run_006_seed_123,123
13.045818246854129,24.58521870286576,60,60,size_60x60_run_006_seed_123,123
13.04709028053928,24.613644930267622,60,60,size_60x60_run_006_seed_123,123
13.047473050904076,24.642049736247174,60,60,size_60x60_run_006_seed_123,123
13.04807248466976,24.670433145009415,60,60,size_60x60_run_006_seed_123,123
13.04879073317008,24.69879518072289,60,60,size_60x60_run_006_seed_123,123
13.052935135705962,24.72713586751976,60,60,size_60x60_run_006_seed_123,123
13.052939047917803,24.755455229495862,60,60,size_60x60_run_006_seed_123,123
13.053343305971588,24.783753290710795,60,60,size_60x60_run_006_seed_123,123
13.056365884647615,24.81203007518797,60,60,size_60x60_run_006_seed_123,123
13.062175123890386,24.840285606914694,60,60,size_60x60_run_006_seed_123,123
13.065029112197237,24.868519909842224,60,60,size_60x60_run_006_seed_123,123
13.067484877426775,24.896733007885842,60,60,size_60x60_run_006_seed_123,123
13.06825487290824,24.924924924924923,60,60,size_60x60_run_006_seed_123,123
13.072796049952222,24.953095684803,60,60,size_60x60_run_006_seed_123,123
13.079493581896898,24.953095684803,60,60,size_60x60_run_006_seed_123,123
13.083861431999528,24.953095684803,60,60,size_60x60_run_006_seed_123,123
13.084283272711165,24.981245311327832,60,60,size_60x60_run_006_seed_123,123
13.086085714775175,25.009373828271464,60,60,size_60x60_run_006_seed_123,123
13.087601297860802,25.037481259370313,60,60,size_60x60_run_006_seed_123,123
13.095489687521985,25.065567628325212,60,60,size_60x60_run_006_seed_123,123
13.099230391590977,25.0936329588015,60,60,size_60x60_run_006_seed_123,123
13.099658820941835,25.0936329588015,60,60,size_60x60_run_006_seed_123,123
13.10015835232775,25.121677274429054,60,60,size_60x60_run_006_seed_123,123
13.102928079426237,25.149700598802394,60,60,size_60x60_run_006_seed_123,123
13.107156476320528,25.177702955480736,60,60,size_60x60_run_006_seed_123,123
13.109457452550945,25.205684367988034,60,60,size_60x60_run_006_seed_123,123
13.110194413573826,25.233644859813083,60,60,size_60x60_run_006_seed_123,123
13.113142676787577,25.233644859813083,60,60,size_60x60_run_006_seed_123,123
13.12051506969849,25.26158445440957,60,60,size_60x60_run_006_seed_123,123
13.123204565185612,25.289503175196117,60,60,size_60x60_run_006_seed_123,123
13.123808976462714,25.317401045556387,60,60,size_60x60_run_006_seed_123,123
13.125989565163433,25.34527808883912,60,60,size_60x60_run_006_seed_123,123
13.128787815863534,25.37313432835821,60,60,size_60x60_run_006_seed_123,123
13.13204529861973,25.400969787392764,60,60,size_60x60_run_006_seed_123,123
13.135966616528703,25.428784489187173,60,60,size_60x60_run_006_seed_123,123
13.136983714457049,25.456578456951174,60,60,size_60x60_run_006_seed_123,123
13.14424426682351,25.48435171385991,60,60,size_60x60_run_006_seed_123,123
13.14477287931151,25.512104283054004,60,60,size_60x60_run_006_seed_123,123
13.146560627906846,25.512104283054004,60,60,size_60x60_run_006_seed_123,123
13.150201021121786,25.512104283054004,60,60,size_60x60_run_006_seed_123,123
13.15853229127551,25.539836187639615,60,60,size_60x60_run_006_seed_123,123
13.160851575158889,25.5675474506885,60,60,size_60x60_run_006_seed_123,123
13.161484620724478,25.595238095238095,60,60,size_60x60_run_006_seed_123,123
13.162086094662406,25.622908144291557,60,60,size_60x60_run_006_seed_123,123
13.162700348736394,25.650557620817843,60,60,size_60x60_run_006_seed_123,123
13.167821401319939,25.678186547751764,60,60,size_60x60_run_006_seed_123,123
13.169767547457568,25.678186547751764,60,60,size_60x60_run_006_seed_123,123
13.173803619626383,25.705794947994054,60,60,size_60x60_run_006_seed_123,123
13.180573015451573,25.733382844411434,60,60,size_60x60_run_006_seed_123,123
13.181041480351805,25.760950259836672,60,60,size_60x60_run_006_seed_123,123
13.182391004297383,25.788497217068645,60,60,size_60x60_run_006_seed_123,123
13.18553535738966,25.816023738872403,60,60,size_60x60_run_006_seed_123,123
13.190180773443725,25.843529847979234,60,60,size_60x60_run_006_seed_123,123
13.193163032471602,25.87101556708673,60,60,size_60x60_run_006_seed_123,123
13.193980916536406,25.87101556708673,60,60,size_60x60_run_006_seed_123,123
13.203015328178877,25.898480918858834,60,60,size_60x60_run_006_seed_123,123
13.216148187457895,25.925925925925924,60,60,size_60x60_run_006_seed_123,123
13.217160343564842,25.953350610884858,60,60,size_60x60_run_006_seed_123,123
13.220148253435134,25.980754996299037,60,60,size_60x60_run_006_seed_123,123
13.220427530512243,26.008139104698486,60,60,size_60x60_run_006_seed_123,123
13.22190609550041,26.035502958579883,60,60,size_60x60_run_006_seed_123,123
13.225859189671494,26.035502958579883,60,60,size_60x60_run_006_seed_123,123
13.230875809138277,26.062846580406656,60,60,size_60x60_run_006_seed_123,123
13.236954447959056,26.062846580406656,60,60,size_60x60_run_006_seed_123,123
13.241575586941451,26.09016999260902,60,60,size_60x60_run_006_seed_123,123
13.241620963400502,26.117473217584042,60,60,size_60x60_run_006_seed_123,123
13.247679654316022,26.14475627769572,60,60,size_60x60_run_006_seed_123,123
13.255474474151699,26.17201919527501,60,60,size_60x60_run_006_seed_123,123
13.25888376541882,26.199261992619927,60,60,size_60x60_run_006_seed_123,123
13.266961162430244,26.199261992619927,60,60,size_60x60_run_006_seed_123,123
13.268630819967012,26.226484691995573,60,60,size_60x60_run_006_seed_123,123
13.27127329247242,26.253687315634217,60,60,size_60x60_run_006_seed_123,123
13.273163049305298,26.28086988573535,60,60,size_60x60_run_006_seed_123,123
13.274130565062551,26.308032424465733,60,60,size_60x60_run_006_seed_123,123
13.274352271708658,26.335174953959484,60,60,size_60x60_run_006_seed_123,123
13.274724020490886,26.362297496318117,60,60,size_60x60_run_006_seed_123,123
13.283610602939381,26.389400073610602,60,60,size_60x60_run_006_seed_123,123
13.283656999428606,26.416482707873435,60,60,size_60x60_run_006_seed_123,123
13.28615028679468,26.443545421110702,60,60,size_60x60_run_006_seed_123,123
13.286270945769804,26.47058823529412,60,60,size_60x60_run_006_seed_123,123
13.287676088209482,26.47058823529412,60,60,size_60x60_run_006_seed_123,123
13.288915238291986,26.47058823529412,60,60,size_60x60_run_006_seed_123,123
13.29195339474726,26.4976111723631,60,60,size_60x60_run_006_seed_123,123
13.29295206784721,26.524614254224833,60,60,size_60x60_run_006_seed_123,123
13.295789354328225,26.524614254224833,60,60,size_60x60_run_006_seed_123,123
13.298969550292478,26.551597502754316,60,60,size_60x60_run_006_seed_123,123
13.302389069649164,26.57856093979442,60,60,size_60x60_run_006_seed_123,123
13.306068577374331,26.605504587155966,60,60,size_60x60_run_006_seed_123,123
13.307982260361985,26.632428466617753,60,60,size_60x60_run_006_seed_123,123
13.312522685917425,26.65933259992666,60,60,size_60x60_run_006_seed_123,123
13.317040960425397,26.68621700879765,60,60,size_60x60_run_006_seed_123,123
13.318701181830875,26.68621700879765,60,60,size_60x60_run_006_seed_123,123
13.320373832795685,26.71308171491389,60,60,size_60x60_run_006_seed_123,123
13.334031374986035,26.73992673992674,60,60,size_60x60_run_006_seed_123,123
13.336948796009738,26.73992673992674,60,60,size_60x60_run_006_seed_123,123
13.339230549812282,26.766752105455875,60,60,size_60x60_run_006_seed_123,123
13.339403798332162,26.79355783308931,60,60,size_60x60_run_006_seed_123,123
13.347599275424114,26.820343944383463,60,60,size_60x60_run_006_seed_123,123
13.35548579281362,26.847110460863206,60,60,size_60x60_run_006_seed_123,123
13.363544328287805,26.87385740402194,60,60,size_60x60_run_006_seed_123,123
13.365736104773319,26.900584795321635,60,60,size_60x60_run_006_seed_123,123
13.366257700746816,26.927292656192915,60,60,size_60x60_run_006_seed_123,123
13.37534301882459,26.95398100803506,60,60,size_60x60_run_006_seed_123,123
13.381055766671292,26.98064987221614,60,60,size_60x60_run_006_seed_123,123
13.383388890365397,27.00729927007299,60,60,size_60x60_run_006_seed_123,123
13.394577305320153,27.033929222911347,60,60,size_60x60_run_006_seed_123,123
13.39814135989117,27.033929222911347,60,60,size_60x60_run_006_seed_123,123
13.399759535394415,27.060539752005834,60,60,size_60x60_run_006_seed_123,123
13.400452411084125,27.087130878600075,60,60,size_60x60_run_006_seed_123,123
13.402153134162447,27.113702623906704,60,60,size_60x60_run_006_seed_123,123
13.402889287333238,27.140255009107467,60,60,size_60x60_run_006_seed_123,123
13.404385997521677,27.16678805535324,60,60,size_60x60_run_006_seed_123,123
13.407167666850123,27.193301783764106,60,60,size_60x60_run_006_seed_123,123
13.407702903318077,27.219796215429405,60,60,size_60x60_run_006_seed_123,123
13.409254389055654,27.246271371407783,60,60,size_60x60_run_006_seed_123,123
13.40974813660579,27.246271371407783,60,60,size_60x60_run_006_seed_123,123
13.41081929297065,27.27272727272727,60,60,size_60x60_run_006_seed_123,123
13.414971485545603,27.299163940385313,60,60,size_60x60_run_006_seed_123,123
13.417622997774464,27.325581395348834,60,60,size_60x60_run_006_seed_123,123
13.419237967239054,27.351979658554303,60,60,size_60x60_run_006_seed_123,123
13.420054496018267,27.378358750907772,60,60,size_60x60_run_006_seed_123,123
13.423806905731864,27.378358750907772,60,60,size_60x60_run_006_seed_123,123
13.426523461148482,27.404718693284934,60,60,size_60x60_run_006_seed_123,123
13.428269334861008,27.431059506531202,60,60,size_60x60_run_006_seed_123,123
13.428812944670373,27.457381211461733,60,60,size_60x60_run_006_seed_123,123
13.429260147501427,27.483683828861494,60,60,size_60x60_run_006_seed_123,123
13.429904935637607,27.509967379485325,60,60,size_60x60_run_006_seed_123,123
13.430586663942515,27.536231884057973,60,60,size_60x60_run_006_seed_123,123
13.432328994839912,27.562477363274173,60,60,size_60x60_run_006_seed_123,123
13.436022402360345,27.562477363274173,60,60,size_60x60_run_006_seed_123,123
13.442011263183284,27.588703837798693,60,60,size_60x60_run_006_seed_123,123
13.445097528548477,27.614911328266377,60,60,size_60x60_run_006_seed_123,123
13.446545916585851,27.641099855282196,60,60,size_60x60_run_006_seed_123,123
13.44660852868991,27.66726943942134,60,60,size_60x60_run_006_seed_123,123
13.448567186037367,27.69342010122921,60,60,size_60x60_run_006_seed_123,123
13.451643440721488,27.69342010122921,60,60,size_60x60_run_006_seed_123,123
13.453015156469327,27.719551861221543,60,60,size_60x60_run_006_seed_123,123
13.453658299548472,27.74566473988439,60,60,size_60x60_run_006_seed_123,123
13.454718904575197,27.771758757674252,60,60,size_60x60_run_006_seed_123,123
13.455132346022857,27.79783393501805,60,60,size_60x60_run_006_seed_123,123
13.456428265187375,27.79783393501805,60,60,size_60x60_run_006_seed_123,123
13.458118831642492,27.823890292313248,60,60,size_60x60_run_006_seed_123,123
13.45853259958966,27.84992784992785,60,60,size_60x60_run_006_seed_123,123
13.4587518813583,27.875946628200506,60,60,size_60x60_run_006_seed_123,123
13.459788736533973,27.901946647440518,60,60,size_60x60_run_006_seed_123,123
13.464651653816809,27.901946647440518,60,60,size_60x60_run_006_seed_123,123
13.46493156029187,27.901946647440518,60,60,size_60x60_run_006_seed_123,123
13.467948391494865,27.927927927927925,60,60,size_60x60_run_006_seed_123,123
13.469037625797784,27.953890489913547,60,60,size_60x60_run_006_seed_123,123
13.470437451313318,27.979834353619015,60,60,size_60x60_run_006_seed_123,123
13.472949195044935,28.005759539236863,60,60,size_60x60_run_006_seed_123,123
13.47501937899728,28.031666066930548,60,60,size_60x60_run_006_seed_123,123
13.480507949676028,28.05755395683453,60,60,size_60x60_run_006_seed_123,123
13.481827126603587,28.0834232290543,60,60,size_60x60_run_006_seed_123,123
13.4848364531646,28.109273903666427,60,60,size_60x60_run_006_seed_123,123
13.487160297054348,28.13510600071865,60,60,size_60x60_run_006_seed_123,123
13.48730043220778,28.160919540229884,60,60,size_60x60_run_006_seed_123,123
13.489269342815843,28.186714542190305,60,60,size_60x60_run_006_seed_123,123
13.495506825669215,28.212491026561377,60,60,size_60x60_run_006_seed_123,123
13.496055492681693,28.238249013275922,60,60,size_60x60_run_006_seed_123,123
13.498213601544869,28.263988522238165,60,60,size_60x60_run_006_seed_123,123
13.499006168019287,28.289709573323773,60,60,size_60x60_run_006_seed_123,123
13.501981511917183,28.31541218637993,60,60,size_60x60_run_006_seed_123,123
13.506243577487131,28.341096381225366,60,60,size_60x60_run_006_seed_123,123
13.506306335061819,28.36676217765043,60,60,size_60x60_run_006_seed_123,123
13.52049718421613,28.392409595417114,60,60,size_60x60_run_006_seed_123,123
13.523321301084609,28.418038654259124,60,60,size_60x60_run_006_seed_123,123
13.524716025039579,28.44364937388193,60,60,size_60x60_run_006_seed_123,123
13.528538815031535,28.469241773962807,60,60,size_60x60_run_006_seed_123,123
13.531018248114957,28.494815874150873,60,60,size_60x60_run_006_seed_123,123
13.532380232223684,28.520371694067194,60,60,size_60x60_run_006_seed_123,123
13.533497005404094,28.545909253304753,60,60,size_60x60_run_006_seed_123,123
13.538280175387609,28.57142857142857,60,60,size_60x60_run_006_seed_123,123
13.543701092308327,28.596929667975722,60,60,size_60x60_run_006_seed_123,123
13.544856146636713,28.596929667975722,60,60,size_60x60_run_006_seed_123,123
13.547123238566805,28.62241256245539,60,60,size_60x60_run_006_seed_123,123
13.547394151315064,28.64787727434891,60,60,size_60x60_run_006_seed_123,123
13.547470640100405,28.673323823109843,60,60,size_60x60_run_006_seed_123,123
13.548617940121263,28.698752228163993,60,60,size_60x60_run_006_seed_123,123
13.551352570950648,28.72416250890948,60,60,size_60x60_run_006_seed_123,123
13.555952334877107,28.749554684716777,60,60,size_60x60_run_006_seed_123,123
13.558501896777864,28.774928774928775,60,60,size_60x60_run_006_seed_123,123
13.55862936712601,28.800284798860805,60,60,size_60x60_run_006_seed_123,123
13.559151465786599,28.800284798860805,60,60,size_60x60_run_006_seed_123,123
13.56343161716119,28.825622775800714,60,60,size_60x60_run_006_seed_123,123
13.566168529663651,28.850942725008892,60,60,size_60x60_run_006_seed_123,123
13.566379474857321,28.87624466571835,60,60,size_60x60_run_006_seed_123,123
13.567671553549964,28.90152861713473,60,60,size_60x60_run_006_seed_123,123
13.572501285829624,28.926794598436388,60,60,size_60x60_run_006_seed_123,123
13.57398252657453,28.926794598436388,60,60,size_60x60_run_006_seed_123,123
13.576691986397124,28.926794598436388,60,60,size_60x60_run_006_seed_123,123
13.579854768791606,28.95204262877442,60,60,size_60x60_run_006_seed_123,123
13.58113017993392,28.97727272727273,60,60,size_60x60_run_006_seed_123,123
13.584250054438073,28.97727272727273,60,60,size_60x60_run_006_seed_123,123
13.584715966462513,29.00248491302804,60,60,size_60x60_run_006_seed_123,123
13.5898530582737,29.027679205110008,60,60,size_60x60_run_006_seed_123,123
13.589918642930272,29.05285562256119,60,60,size_60x60_run_006_seed_123,123
13.59137336993137,29.078014184397162,60,60,size_60x60_run_006_seed_123,123
13.59428536257107,29.10315490960652,60,60,size_60x60_run_006_seed_123,123
13.594962098765835,29.128277817150956,60,60,size_60x60_run_006_seed_123,123
13.596913396805615,29.15338292596529,60,60,size_60x60_run_006_seed_123,123
13.597252456598998,29.178470254957507,60,60,size_60x60_run_006_seed_123,123
13.597298784873137,29.20353982300885,60,60,size_60x60_run_006_seed_123,123
13.60143345519859,29.22859164897382,60,60,size_60x60_run_006_seed_123,123
13.606137122830276,29.25362575168023,60,60,size_60x60_run_006_seed_123,123
13.609556722233926,29.25362575168023,60,60,size_60x60_run_006_seed_123,123
13.611619999916176,29.27864214992928,60,60,size_60x60_run_006_seed_123,123
13.61409744758336,29.27864214992928,60,60,size_60x60_run_006_seed_123,123
13.614354028122325,29.27864214992928,60,60,size_60x60_run_006_seed_123,123
13.615174919499772,29.303640862495584,60,60,size_60x60_run_006_seed_123,123
13.615220979907107,29.328621908127207,60,60,size_60x60_run_006_seed_123,123
13.61677142118539,29.328621908127207,60,60,size_60x60_run_006_seed_123,123
13.617532019372454,29.353585305545742,60,60,size_60x60_run_006_seed_123,123
13.619240247418935,29.37853107344633,60,60,size_60x60_run_006_seed_123,123
13.619506709327105,29.40345923049771,60,60,size_60x60_run_006_seed_123,123
13.61969307903972,29.428369795342274,60,60,size_60x60_run_006_seed_123,123
13.622187716511654,29.428369795342274,60,60,size_60x60_run_006_seed_123,123
13.623040772202758,29.453262786596117,60,60,size_60x60_run_006_seed_123,123
13.625107767369569,29.478138222849083,60,60,size_60x60_run_006_seed_123,123
13.627098379228734,29.502996122664786,60,60,size_60x60_run_006_seed_123,123
13.630271404851436,29.52783650458069,60,60,size_60x60_run_006_seed_123,123
13.633425404655704,29.552659387108136,60,60,size_60x60_run_006_seed_123,123
13.635842679699309,29.577464788732392,60,60,size_60x60_run_006_seed_123,123
13.636718748301224,29.60225272791271,60,60,size_60x60_run_006_seed_123,123
13.639987555581246,29.62702322308234,60,60,size_60x60_run_006_seed_123,123
13.64083634117818,29.651776292648613,60,60,size_60x60_run_006_seed_123,123
13.649715596883818,29.676511954992968,60,60,size_60x60_run_006_seed_123,123
13.65415541638823,29.676511954992968,60,60,size_60x60_run_006_seed_123,123
13.654317974676045,29.701230228471005,60,60,size_60x60_run_006_seed_123,123
13.659827037911569,29.72593113141251,60,60,size_60x60_run_006_seed_123,123
13.660288996077,29.72593113141251,60,60,size_60x60_run_006_seed_123,123
13.661573977639526,29.75061468212153,60,60,size_60x60_run_006_seed_123,123
13.662040262484902,29.75061468212153,60,60,size_60x60_run_006_seed_123,123
13.664247084292553,29.775280898876407,60,60,size_60x60_run_006_seed_123,123
13.667187878894563,29.775280898876407,60,60,size_60x60_run_006_seed_123,123
13.667644510270794,29.799929799929796,60,60,size_60x60_run_006_seed_123,123
13.669816254031826,29.82456140350877,60,60,size_60x60_run_006_seed_123,123
13.673287799534597,29.849175727814803,60,60,size_60x60_run_006_seed_123,123
13.676591426380323,29.849175727814803,60,60,size_60x60_run_006_seed_123,123
13.677870231279226,29.873772791023846,60,60,size_60x60_run_006_seed_123,123
13.679238995794412,29.898352611286366,60,60,size_60x60_run_006_seed_123,123
13.681008149595403,29.922915206727403,60,60,size_60x60_run_006_seed_123,123
13.682668172561407,29.947460595446586,60,60,size_60x60_run_006_seed_123,123
13.68307533769291,29.971988795518207,60,60,size_60x60_run_006_seed_123,123
13.688947056199808,29.99649982499125,60,60,size_60x60_run_006_seed_123,123
13.689399234484009,30.02099370188943,60,60,size_60x60_run_006_seed_123,123
13.692509023443247,30.045470444211265,60,60,size_60x60_run_006_seed_123,123
13.699934863210816,30.069930069930066,60,60,size_60x60_run_006_seed_123,123
13.700086398888782,30.094372596994056,60,60,size_60x60_run_006_seed_123,123
13.702556884040876,30.118798043326343,60,60,size_60x60_run_006_seed_123,123
13.706209385810112,30.14320642682501,60,60,size_60x60_run_006_seed_123,123
13.711233142920074,30.16759776536313,60,60,size_60x60_run_006_seed_123,123
13.713893718972889,30.19197207678883,60,60,size_60x60_run_006_seed_123,123
13.715251218580953,30.19197207678883,60,60,size_60x60_run_006_seed_123,123
13.717331433707049,30.216329378925334,60,60,size_60x60_run_006_seed_123,123
13.717861299408673,30.216329378925334,60,60,size_60x60_run_006_seed_123,123
13.718040299243127,30.240669689570982,60,60,size_60x60_run_006_seed_123,123
13.719938951715708,30.264993026499305,60,60,size_60x60_run_006_seed_123,123
13.720632024247315,30.264993026499305,60,60,size_60x60_run_006_seed_123,123
13.722069174574543,30.289299407459048,60,60,size_60x60_run_006_seed_123,123
13.723130707882017,30.313588850174217,60,60,size_60x60_run_006_seed_123,123
13.72371023962821,30.337861372344133,60,60,size_60x60_run_006_seed_123,123
13.724065474656125,30.362116991643457,60,60,size_60x60_run_006_seed_123,123
13.726858453690458,30.386355725722243,60,60,size_60x60_run_006_seed_123,123
13.727647060813267,30.410577592205986,60,60,size_60x60_run_006_seed_123,123
13.736765220685138,30.434782608695656,60,60,size_60x60_run_006_seed_123,123
13.738040297607345,30.45897079276773,60,60,size_60x60_run_006_seed_123,123
13.7383136840197,30.483142161974282,60,60,size_60x60_run_006_seed_123,123
13.73889264055274,30.483142161974282,60,60,size_60x60_run_006_seed_123,123
13.74075385344694,30.50729673384295,60,60,size_60x60_run_006_seed_123,123
13.740757670145388,30.53143452587704,60,60,size_60x60_run_006_seed_123,123
13.742082574882538,30.555555555555557,60,60,size_60x60_run_006_seed_123,123
13.743269209216356,30.579659840333218,60,60,size_60x60_run_006_seed_123,123
13.743474800890464,30.60374739764053,60,60,size_60x60_run_006_seed_123,123
13.744359668194566,30.6278182448838,60,60,size_60x60_run_006_seed_123,123
13.747948584666936,30.651872399445214,60,60,size_60x60_run_006_seed_123,123
13.747999579781684,30.675909878682845,60,60,size_60x60_run_006_seed_123,123
13.750941745498528,30.6999306999307,60,60,size_60x60_run_006_seed_123,123
13.752186971796725,30.72393488049879,60,60,size_60x60_run_006_seed_123,123
13.7535007273417,30.747922437673132,60,60,size_60x60_run_006_seed_123,123
13.75393713079765,30.77189338871582,60,60,size_60x60_run_006_seed_123,123
13.754772313076588,30.79584775086505,60,60,size_60x60_run_006_seed_123,123
13.755677474417466,30.819785541335175,60,60,size_60x60_run_006_seed_123,123
13.756005247839283,30.843706777316736,60,60,size_60x60_run_006_seed_123,123
13.760267656668248,30.867611475976496,60,60,size_60x60_run_006_seed_123,123
13.763068825366458,30.891499654457498,60,60,size_60x60_run_006_seed_123,123
13.764314769770348,30.915371329879104,60,60,size_60x60_run_006_seed_123,123
13.766380520960688,30.939226519337016,60,60,size_60x60_run_006_seed_123,123
13.770166484006017,30.963065239903347,60,60,size_60x60_run_006_seed_123,123
13.771847141627509,30.986887508626637,60,60,size_60x60_run_006_seed_123,123
13.775298966928384,31.01069334253191,60,60,size_60x60_run_006_seed_123,123
13.777080404672427,31.01069334253191,60,60,size_60x60_run_006_seed_123,123
13.791341228719581,31.03448275862069,60,60,size_60x60_run_006_seed_123,123
13.793591921023959,31.05825577387108,60,60,size_60x60_run_006_seed_123,123
13.793986814915241,31.08201240523777,60,60,size_60x60_run_006_seed_123,123
13.794941707428354,31.10575266965208,60,60,size_60x60_run_006_seed_123,123
13.796574154441029,31.129476584022036,60,60,size_60x60_run_006_seed_123,123
13.79728209788842,31.129476584022036,60,60,size_60x60_run_006_seed_123,123
13.804655496369689,31.153184165232357,60,60,size_60x60_run_006_seed_123,123
13.805499234283943,31.17687543014453,60,60,size_60x60_run_006_seed_123,123
13.811045559672097,31.17687543014453,60,60,size_60x60_run_006_seed_123,123
13.812847391568289,31.20055039559684,60,60,size_60x60_run_006_seed_123,123
13.821087591632097,31.224209078404403,60,60,size_60x60_run_006_seed_123,123
13.823089103043671,31.24785149535923,60,60,size_60x60_run_006_seed_123,123
13.824495817565044,31.27147766323024,60,60,size_60x60_run_006_seed_123,123
13.82598084766948,31.29508759876331,60,60,size_60x60_run_006_seed_123,123
13.82719056119064,31.318681318681318,60,60,size_60x60_run_006_seed_123,123
13.830567767473662,31.342258839684174,60,60,size_60x60_run_006_seed_123,123
13.831259559057138,31.342258839684174,60,60,size_60x60_run_006_seed_123,123
13.832423366557874,31.365820178448867,60,60,size_60x60_run_006_seed_123,123
13.836008979675949,31.3893653516295,60,60,size_60x60_run_006_seed_123,123
13.83602484104035,31.412894375857338,60,60,size_60x60_run_006_seed_123,123
13.837444544579979,31.43640726774083,60,60,size_60x60_run_006_seed_123,123
13.840809230552054,31.45990404386566,60,60,size_60x60_run_006_seed_123,123
13.845755126694009,31.45990404386566,60,60,size_60x60_run_006_seed_123,123
13.846208405429907,31.483384720794795,60,60,size_60x60_run_006_seed_123,123
13.8503719670984,31.506849315068493,60,60,size_60x60_run_006_seed_123,123
13.853125751634167,31.53029784320438,60,60,size_60x60_run_006_seed_123,123
13.85429051747565,31.553730321697465,60,60,size_60x60_run_006_seed_123,123
13.855124488632303,31.577146767020185,60,60,size_60x60_run_006_seed_123,123
13.855866253888893,31.600547195622436,60,60,size_60x60_run_006_seed_123,123
13.861181117820154,31.62393162393162,60,60,size_60x60_run_006_seed_123,123
13.861858063705641,31.647300068352703,60,60,size_60x60_run_006_seed_123,123
13.863587954716758,31.67065254526819,60,60,size_60x60_run_006_seed_123,123
13.867552810598164,31.693989071038253,60,60,size_60x60_run_006_seed_123,123
13.869271548928031,31.71730966200068,60,60,size_60x60_run_006_seed_123,123
13.870329844151996,31.74061433447099,60,60,size_60x60_run_006_seed_123,123
13.873569265186909,31.763903104742408,60,60,size_60x60_run_006_seed_123,123
13.87411673439178,31.78717598908595,60,60,size_60x60_run_006_seed_123,123
13.878039488517949,31.810433003750425,60,60,size_60x60_run_006_seed_123,123
13.879248900376089,31.83367416496251,60,60,size_60x60_run_006_seed_123,123
13.881428104066032,31.85689948892675,60,60,size_60x60_run_006_seed_123,123
13.883605364423037,31.88010899182561,60,60,size_60x60_run_006_seed_123,123
13.883911249235853,31.903302689819547,60,60,size_60x60_run_006_seed_123,123
13.88459648829033,31.926480599046968,60,60,size_60x60_run_006_seed_123,123
13.886264958545471,31.949642735624362,60,60,size_60x60_run_006_seed_123,123
13.887877647232674,31.97278911564626,60,60,size_60x60_run_006_seed_123,123
13.890642084927933,31.99591975518531,60,60,size_60x60_run_006_seed_123,123
13.891274074030418,32.01903467029232,60,60,size_60x60_run_006_seed_123,123
13.89163702751818,32.04213387699627,60,60,size_60x60_run_006_seed_123,123
13.895990989851146,32.065217391304344,60,60,size_60x60_run_006_seed_123,123
13.89657722635406,32.088285229202036,60,60,size_60x60_run_006_seed_123,123
13.899008192127292,32.11133740665309,60,60,size_60x60_run_006_seed_123,123
13.90905784943313,32.13437393959959,60,60,size_60x60_run_006_seed_123,123
13.910623146243909,32.15739484396201,60,60,size_60x60_run_006_seed_123,123
13.915200418308066,32.180400135639196,60,60,size_60x60_run_006_seed_123,123
13.9176179149028,32.20338983050847,60,60,size_60x60_run_006_seed_123,123
13.9187177027876,32.226363944425614,60,60,size_60x60_run_006_seed_123,123
13.920897736756205,32.24932249322493,60,60,size_60x60_run_006_seed_123,123
13.920998259486044,32.27226549271927,60,60,size_60x60_run_006_seed_123,123
13.925024657546198,32.29519295870007,60,60,size_60x60_run_006_seed_123,123
13.926098001379309,32.31810490693739,60,60,size_60x60_run_006_seed_123,123
13.931179740236281,32.34100135317997,60,60,size_60x60_run_006_seed_123,123
13.932409712315756,32.36388231315522,60,60,size_60x60_run_006_seed_123,123
13.934671273529151,32.3867478025693,60,60,size_60x60_run_006_seed_123,123
13.937752586022658,32.40959783710713,60,60,size_60x60_run_006_seed_123,123
13.939450569323212,32.432432432432435,60,60,size_60x60_run_006_seed_123,123
13.941837816511923,32.45525160418777,60,60,size_60x60_run_006_seed_123,123
13.943322223656564,32.4780553679946,60,60,size_60x60_run_006_seed_123,123
13.945557725661828,32.50084373945326,60,60,size_60x60_run_006_seed_123,123
13.946262773121846,32.523616734143054,60,60,size_60x60_run_006_seed_123,123
13.94727283792425,32.54637436762226,60,60,size_60x60_run_006_seed_123,123
13.94747366986004,32.56911665542819,60,60,size_60x60_run_006_seed_123,123
13.948370740477174,32.59184361307718,60,60,size_60x60_run_006_seed_123,123
13.951209946983298,32.61455525606469,60,60,size_60x60_run_006_seed_123,123
13.951575099291507,32.63725159986527,60,60,size_60x60_run_006_seed_123,123
13.952500830478591,32.659932659932664,60,60,size_60x60_run_006_seed_123,123
13.952862451545522,32.68259845169976,60,60,size_60x60_run_006_seed_123,123
13.953445989406005,32.70524899057873,60,60,size_60x60_run_006_seed_123,123
13.95525618226949,32.72788429196098,60,60,size_60x60_run_006_seed_123,123
13.955413816337503,32.75050437121722,60,60,size_60x60_run_006_seed_123,123
13.963231462502863,32.773109243697476,60,60,size_60x60_run_006_seed_123,123
13.964299997305035,32.795698924731184,60,60,size_60x60_run_006_seed_123,123
13.969321300728039,32.81827342962714,60,60,size_60x60_run_006_seed_123,123
13.969632434429098,32.81827342962714,60,60,size_60x60_run_006_seed_123,123
13.969874304335473,32.840832773673604,60,60,size_60x60_run_006_seed_123,123
13.971478928948326,32.863376972138305,60,60,size_60x60_run_006_seed_123,123
13.971631382307331,32.88590604026846,60,60,size_60x60_run_006_seed_123,123
13.9720426377369,32.90841999329084,60,60,size_60x60_run_006_seed_123,123
13.972703857999702,32.93091884641181,60,60,size_60x60_run_006_seed_123,123
13.973051549672087,32.95340261481729,60,60,size_60x60_run_006_seed_123,123
13.9733005427666,32.975871313672926,60,60,size_60x60_run_006_seed_123,123
13.974038387930173,32.99832495812395,60,60,size_60x60_run_006_seed_123,123
13.97411249281492,33.02076356329538,60,60,size_60x60_run_006_seed_123,123
13.97645253008594,33.04318714429193,60,60,size_60x60_run_006_seed_123,123
13.977530096304903,33.065595716198125,60,60,size_60x60_run_006_seed_123,123
13.978300270311655,33.087989294078284,60,60,size_60x60_run_006_seed_123,123
13.97854026941435,33.11036789297659,60,60,size_60x60_run_006_seed_123,123
13.984075917863851,33.13273152791709,60,60,size_60x60_run_006_seed_123,123
13.984420680979182,33.155080213903744,60,60,size_60x60_run_006_seed_123,123
13.985074350301023,33.17741396592048,60,60,size_60x60_run_006_seed_123,123
13.985126586229821,33.17741396592048,60,60,size_60x60_run_006_seed_123,123
13.986662223462453,33.199732798931194,60,60,size_60x60_run_006_seed_123,123
13.9874901701479,33.199732798931194,60,60,size_60x60_run_006_seed_123,123
13.98780420975619,33.2220367278798,60,60,size_60x60_run_006_seed_123,123
13.988974074844913,33.244325767690256,60,60,size_60x60_run_006_seed_123,123
13.989311435819463,33.2665999332666,60,60,size_60x60_run_006_seed_123,123
13.990871792279151,33.28885923949299,60,60,size_60x60_run_006_seed_123,123
13.99156061547457,33.28885923949299,60,60,size_60x60_run_006_seed_123,123
13.99233020621058,33.31110370123375,60,60,size_60x60_run_006_seed_123,123
13.993583343036258,33.33333333333333,60,60,size_60x60_run_006_seed_123,123
14.001368723367163,33.35554815061646,60,60,size_60x60_run_006_seed_123,123
14.003135470980217,33.37774816788808,60,60,size_60x60_run_006_seed_123,123
14.003247645067416,33.3999333999334,60,60,size_60x60_run_006_seed_123,123
14.004651784055493,33.422103861517975,60,60,size_60x60_run_006_seed_123,123
14.005213636343054,33.44425956738768,60,60,size_60x60_run_006_seed_123,123
14.007774424122537,33.4664005322688,60,60,size_60x60_run_006_seed_123,123
14.009835733127073,33.48852677086798,60,60,size_60x60_run_006_seed_123,123
14.011341233483144,33.51063829787234,60,60,size_60x60_run_006_seed_123,123
14.012141855537129,33.51063829787234,60,60,size_60x60_run_006_seed_123,123
14.012434174936141,33.532735127949486,60,60,size_60x60_run_006_seed_123,123
14.01862505568073,33.5548172757475,60,60,size_60x60_run_006_seed_123,123
14.022017019384764,33.57688475589505,60,60,size_60x60_run_006_seed_123,123
14.023307136081423,33.59893758300132,60,60,size_60x60_run_006_seed_123,123
14.023322091301951,33.620975771656155,60,60,size_60x60_run_006_seed_123,123
14.023333160556884,33.64299933642999,60,60,size_60x60_run_006_seed_123,123
14.02572195090929,33.66500829187397,60,60,size_60x60_run_006_seed_123,123
14.027159396722714,33.687002652519894,60,60,size_60x60_run_006_seed_123,123
14.02756705164667,33.70898243288035,60,60,size_60x60_run_006_seed_123,123
14.02871442627876,33.73094764744864,60,60,size_60x60_run_006_seed_123,123
14.030803190951469,33.75289831069891,60,60,size_60x60_run_006_seed_123,123
14.032192271618472,33.77483443708609,60,60,size_60x60_run_006_seed_123,123
14.03388423325023,33.79675604104601,60,60,size_60x60_run_006_seed_123,123
14.034334684992757,33.81866313699537,60,60,size_60x60_run_006_seed_123,123
14.03545905751748,33.84055573933179,60,60,size_60x60_run_006_seed_123,123
14.03649767422187,33.86243386243386,60,60,size_60x60_run_006_seed_123,123
14.044521806431634,33.88429752066116,60,60,size_60x60_run_006_seed_123,123
14.04628603476567,33.906146728354265,60,60,size_60x60_run_006_seed_123,123
14.047665298593975,33.906146728354265,60,60,size_60x60_run_006_seed_123,123
14.05242956852325,33.92798149983482,60,60,size_60x60_run_006_seed_123,123
14.05320688732417,33.92798149983482,60,60,size_60x60_run_006_seed_123,123
14.053208557487377,33.949801849405546,60,60,size_60x60_run_006_seed_123,123
14.054451736932812,33.97160779135028,60,60,size_60x60_run_006_seed_123,123
14.055435512657855,33.993399339933994,60,60,size_60x60_run_006_seed_123,123
14.057190054750357,34.01517650940284,60,60,size_60x60_run_006_seed_123,123
14.059853023972153,34.03693931398417,60,60,size_60x60_run_006_seed_123,123
14.063887124278859,34.05868776788658,60,60,size_60x60_run_006_seed_123,123
14.067315117861304,34.080421885299934,60,60,size_60x60_run_006_seed_123,123
14.075143327518685,34.102141680395384,60,60,size_60x60_run_006_seed_123,123
14.07698788363613,34.12384716732543,60,60,size_60x60_run_006_seed_123,123
14.078462589779479,34.1455383602239,60,60,size_60x60_run_006_seed_123,123
14.079003815143606,34.16721527320606,60,60,size_60x60_run_006_seed_123,123
14.08247460826499,34.18887792036854,60,60,size_60x60_run_006_seed_123,123
14.083003122959703,34.21052631578947,60,60,size_60x60_run_006_seed_123,123
14.084499323072205,34.232160473528445,60,60,size_60x60_run_006_seed_123,123
14.085019700848653,34.25378040762656,60,60,size_60x60_run_006_seed_123,123
14.085770371041368,34.27538613210647,60,60,size_60x60_run_006_seed_123,123
14.085846811272294,34.2969776609724,60,60,size_60x60_run_006_seed_123,123
14.089413704863272,34.31855500821018,60,60,size_60x60_run_006_seed_123,123
14.090328397360139,34.34011818778726,60,60,size_60x60_run_006_seed_123,123
14.090628471786038,34.36166721365277,60,60,size_60x60_run_006_seed_123,123
14.094717056741887,34.38320209973753,60,60,size_60x60_run_006_seed_123,123
14.095777944722725,34.38320209973753,60,60,size_60x60_run_006_seed_123,123
14.09646182568709,34.404722859954084,60,60,size_60x60_run_006_seed_123,123
14.097545204606284,34.42622950819672,60,60,size_60x60_run_006_seed_123,123
14.098815077136923,34.447722058341526,60,60,size_60x60_run_006_seed_123,123
14.09900667514605,34.469200524246396,60,60,size_60x60_run_006_seed_123,123
14.101547913833821,34.49066491975106,60,60,size_60x60_run_006_seed_123,123
14.102315008457305,34.51211525867714,60,60,size_60x60_run_006_seed_123,123
14.105810442573716,34.53355155482815,60,60,size_60x60_run_006_seed_123,123
14.106481409550437,34.55497382198953,60,60,size_60x60_run_006_seed_123,123
14.108621312175194,34.57638207392869,60,60,size_60x60_run_006_seed_123,123
14.109865009901737,34.59777632439503,60,60,size_60x60_run_006_seed_123,123
14.11242763867891,34.59777632439503,60,60,size_60x60_run_006_seed_123,123
14.114444207644448,34.619156587119974,60,60,size_60x60_run_006_seed_123,123
14.116603710542982,34.64052287581699,60,60,size_60x60_run_006_seed_123,123
14.117658888544797,34.66187520418164,60,60,size_60x60_run_006_seed_123,123
14.118263607295885,34.68321358589158,60,60,size_60x60_run_006_seed_123,123
14.123491990332361,34.7045380346066,60,60,size_60x60_run_006_seed_123,123
14.124667383565768,34.72584856396867,60,60,size_60x60_run_006_seed_123,123
14.125011291071266,34.74714518760196,60,60,size_60x60_run_006_seed_123,123
14.126928745606477,34.768427919112845,60,60,size_60x60_run_006_seed_123,123
14.128750559606317,34.78969677208999,60,60,size_60x60_run_006_seed_123,123
14.129375823265075,34.8109517601043,60,60,size_60x60_run_006_seed_123,123
14.129956725863197,34.832192896709024,60,60,size_60x60_run_006_seed_123,123
14.134560974157155,34.85342019543974,60,60,size_60x60_run_006_seed_123,123
14.135206666226562,34.87463366981439,60,60,size_60x60_run_006_seed_123,123
14.13661552727748,34.89583333333333,60,60,size_60x60_run_006_seed_123,123
14.138151375307123,34.91701919947934,60,60,size_60x60_run_006_seed_123,123
14.139190481010118,34.91701919947934,60,60,size_60x60_run_006_seed_123,123
14.139794109755313,34.938191281717636,60,60,size_60x60_run_006_seed_123,123
14.140912871934729,34.959349593495936,60,60,size_60x60_run_006_seed_123,123
14.145888139371323,34.980494148244475,60,60,size_60x60_run_006_seed_123,123
14.148015458065414,35.00162495937602,60,60,size_60x60_run_006_seed_123,123
14.152047246273582,35.0227420402859,60,60,size_60x60_run_006_seed_123,123
14.15365769765004,35.04384540435206,60,60,size_60x60_run_006_seed_123,123
14.154456565566019,35.064935064935064,60,60,size_60x60_run_006_seed_123,123
14.155912598316567,35.08601103537812,60,60,size_60x60_run_006_seed_123,123
14.156507510124127,35.08601103537812,60,60,size_60x60_run_006_seed_123,123
14.159351818609359,35.08601103537812,60,60,size_60x60_run_006_seed_123,123
14.159557385853207,35.08601103537812,60,60,size_60x60_run_006_seed_123,123
14.16055629891937,35.107073329007136,60,60,size_60x60_run_006_seed_123,123
14.161469504072745,35.107073329007136,60,60,size_60x60_run_006_seed_123,123
14.16389490817394,35.128121959130716,60,60,size_60x60_run_006_seed_123,123
14.165261349789969,35.1491569390402,60,60,size_60x60_run_006_seed_123,123
14.166890296583068,35.17017828200972,60,60,size_60x60_run_006_seed_123,123
14.167713789249332,35.191186001296174,60,60,size_60x60_run_006_seed_123,123
14.16799739719776,35.21218011013929,60,60,size_60x60_run_006_seed_123,123
14.17182741836668,35.233160621761655,60,60,size_60x60_run_006_seed_123,123
14.172864245243305,35.25412754936873,60,60,size_60x60_run_006_seed_123,123
14.174815409324951,35.275080906148865,60,60,size_60x60_run_006_seed_123,123
14.175988148471584,35.29602070527337,60,60,size_60x60_run_006_seed_123,123
14.176637425983095,35.316946959896505,60,60,size_60x60_run_006_seed_123,123
14.17742821018005,35.337859683155514,60,60,size_60x60_run_006_seed_123,123
14.179463534049216,35.358758888170655,60,60,size_60x60_run_006_seed_123,123
14.180285144392263,35.358758888170655,60,60,size_60x60_run_006_seed_123,123
14.181396949571608,35.37964458804523,60,60,size_60x60_run_006_seed_123,123
14.182211881515682,35.400516795865634,60,60,size_60x60_run_006_seed_123,123
14.187772076891555,35.400516795865634,60,60,size_60x60_run_006_seed_123,123
14.189741982839246,35.421375524701325,60,60,size_60x60_run_006_seed_123,123
14.190315129554932,35.4422207876049,60,60,size_60x60_run_006_seed_123,123
14.190567483576588,35.46305259761213,60,60,size_60x60_run_006_seed_123,123
14.191239982986781,35.483870967741936,60,60,size_60x60_run_006_seed_123,123
14.195033273242727,35.504675910996454,60,60,size_60x60_run_006_seed_123,123
14.195160373127356,35.525467440361055,60,60,size_60x60_run_006_seed_123,123
14.195815805718375,35.525467440361055,60,60,size_60x60_run_006_seed_123,123
14.198366893411686,35.54624556880439,60,60,size_60x60_run_006_seed_123,123
14.198612033641778,35.56701030927835,60,60,size_60x60_run_006_seed_123,123
14.198970365443202,35.5877616747182,60,60,size_60x60_run_006_seed_123,123
14.199148780881844,35.6084996780425,60,60,size_60x60_run_006_seed_123,123
14.199241711694143,35.6292243321532,60,60,size_60x60_run_006_seed_123,123
14.200143859557755,35.64993564993565,60,60,size_60x60_run_006_seed_123,123
14.200409093735075,35.6706336442586,60,60,size_60x60_run_006_seed_123,123
14.20310973333965,35.69131832797427,60,60,size_60x60_run_006_seed_123,123
14.207551885150963,35.71198971391835,60,60,size_60x60_run_006_seed_123,123
14.207881258135075,35.71198971391835,60,60,size_60x60_run_006_seed_123,123
14.20826975251863,35.71198971391835,60,60,size_60x60_run_006_seed_123,123
14.209210780678914,35.732647814910024,60,60,size_60x60_run_006_seed_123,123
14.210302949808844,35.75329264375201,60,60,size_60x60_run_006_seed_123,123
14.214065992900872,35.77392421323057,60,60,size_60x60_run_006_seed_123,123
14.214341765399652,35.79454253611557,60,60,size_60x60_run_006_seed_123,123
14.214653934065975,35.815147625160456,60,60,size_60x60_run_006_seed_123,123
14.216740948758847,35.835739493102345,60,60,size_60x60_run_006_seed_123,123
14.220022843149607,35.85631815266196,60,60,size_60x60_run_006_seed_123,123
14.220386232635182,35.876883616543765,60,60,size_60x60_run_006_seed_123,123
14.220538748896427,35.8974358974359,60,60,size_60x60_run_006_seed_123,123
14.2215936790998,35.91797500801025,60,60,size_60x60_run_006_seed_123,123
14.2220419099136,35.93850096092249,60,60,size_60x60_run_006_seed_123,123
14.22212123369773,35.959013768812035,60,60,size_60x60_run_006_seed_123,123
14.22466518789697,35.97951344430218,60,60,size_60x60_run_006_seed_123,123
14.225600844271439,36.0,60,60,size_60x60_run_006_seed_123,123
14.227386268906253,36.02047344849648,60,60,size_60x60_run_006_seed_123,123
14.22771851781844,36.04093380236649,60,60,size_60x60_run_006_seed_123,123
14.228351496037552,36.0613810741688,60,60,size_60x60_run_006_seed_123,123
14.232614191294116,36.0613810741688,60,60,size_60x60_run_006_seed_123,123
14.23268211998836,36.08181527644615,60,60,size_60x60_run_006_seed_123,123
14.236375232791007,36.102236421725244,60,60,size_60x60_run_006_seed_123,123
14.239581964680948,36.122644522516765,60,60,size_60x60_run_006_seed_123,123
14.241477410193825,36.14303959131545,60,60,size_60x60_run_006_seed_123,123
14.241765116610928,36.14303959131545,60,60,size_60x60_run_006_seed_123,123
14.241969162547809,36.16342164060006,60,60,size_60x60_run_006_seed_123,123
14.24286705773979,36.18379068283344,60,60,size_60x60_run_006_seed_123,123
14.244205955243634,36.18379068283344,60,60,size_60x60_run_006_seed_123,123
14.245817220493231,36.20414673046252,60,60,size_60x60_run_006_seed_123,123
14.246501098950741,36.224489795918366,60,60,size_60x60_run_006_seed_123,123
14.248353948639757,36.244819891616196,60,60,size_60x60_run_006_seed_123,123
14.249395906173797,36.26513702995538,60,60,size_60x60_run_006_seed_123,123
14.249492021832081,36.28544122331953,60,60,size_60x60_run_006_seed_123,123
14.252979722634683,36.30573248407643,60,60,size_60x60_run_006_seed_123,123
14.254229089403974,36.32601082457816,60,60,size_60x60_run_006_seed_123,123
14.254348202571402,36.346276257161044,60,60,size_60x60_run_006_seed_123,123
14.257549077481062,36.346276257161044,60,60,size_60x60_run_006_seed_123,123
14.257847661506663,36.36652879414572,60,60,size_60x60_run_006_seed_123,123
14.259966533720183,36.38676844783715,60,60,size_60x60_run_006_seed_123,123
14.261945385116766,36.40699523052464,60,60,size_60x60_run_006_seed_123,123
14.264045417998116,36.42720915448188,60,60,size_60x60_run_006_seed_123,123
14.264341592426005,36.42720915448188,60,60,size_60x60_run_006_seed_123,123
14.2703399762235,36.447410231966956,60,60,size_60x60_run_006_seed_123,123
14.271219423176504,36.46759847522236,60,60,size_60x60_run_006_seed_123,123
14.276097210675607,36.487773896475076,60,60,size_60x60_run_006_seed_123,123
14.277291930597936,36.507936507936506,60,60,size_60x60_run_006_seed_123,123
14.27808838902606,36.5280863218026,60,60,size_60x60_run_006_seed_123,123
14.278931173195916,36.54822335025381,60,60,size_60x60_run_006_seed_123,123
14.279893229089774,36.56834760545512,60,60,size_60x60_run_006_seed_123,123
14.280066325624983,36.58845909955612,60,60,size_60x60_run_006_seed_123,123
14.281545021370674,36.608557844690964,60,60,size_60x60_run_006_seed_123,123
14.282273762738779,36.628643852978456,60,60,size_60x60_run_006_seed_123,123
14.283205165002332,36.648717136522016,60,60,size_60x60_run_006_seed_123,123
14.283280192499616,36.66877770740975,60,60,size_60x60_run_006_seed_123,123
14.283696342507039,36.68882557771447,60,60,size_60x60_run_006_seed_123,123
14.28544691695542,36.708860759493675,60,60,size_60x60_run_006_seed_123,123
14.285851345553324,36.72888326478962,60,60,size_60x60_run_006_seed_123,123
14.28721254137166,36.74889310562935,60,60,size_60x60_run_006_seed_123,123
14.287846682495447,36.76889029402466,60,60,size_60x60_run_006_seed_123,123
14.288522381757529,36.78887484197219,60,60,size_60x60_run_006_seed_123,123
14.289343559623138,36.808846761453395,60,60,size_60x60_run_006_seed_123,123
14.289468873888364,36.828806064434616,60,60,size_60x60_run_006_seed_123,123
14.289577383061465,36.848752762867065,60,60,size_60x60_run_006_seed_123,123
14.29400192334155,36.868686868686865,60,60,size_60x60_run_006_seed_123,123
14.296890608840874,36.88860839381508,60,60,size_60x60_run_006_seed_123,123
14.29781232513418,36.90851735015773,60,60,size_60x60_run_006_seed_123,123
14.29919918959176,36.9284137496058,60,60,size_60x60_run_006_seed_123,123
14.299292936263317,36.948297604035304,60,60,size_60x60_run_006_seed_123,123
14.302679814445671,36.96816892530728,60,60,size_60x60_run_006_seed_123,123
14.302881726989263,36.988027725267806,60,60,size_60x60_run_006_seed_123,123
14.303043950624929,37.00787401574803,60,60,size_60x60_run_006_seed_123,123
14.304097105624443,37.02770780856423,60,60,size_60x60_run_006_seed_123,123
14.30538896085375,37.04752911551778,60,60,size_60x60_run_006_seed_123,123
14.305632581086325,37.06733794839522,60,60,size_60x60_run_006_seed_123,123
14.306149601373985,37.08713431896823,60,60,size_60x60_run_006_seed_123,123
14.307101053861569,37.10691823899371,60,60,size_60x60_run_006_seed_123,123
14.30919476433799,37.12668972021377,60,60,size_60x60_run_006_seed_123,123
14.31099608724549,37.14644877435575,60,60,size_60x60_run_006_seed_123,123
14.313469177063448,37.166195413132264,60,60,size_60x60_run_006_seed_123,123
14.317857931923415,37.185929648241206,60,60,size_60x60_run_006_seed_123,123
14.319481150648972,37.20565149136578,60,60,size_60x60_run_006_seed_123,123
14.31964185106703,37.22536095417451,60,60,size_60x60_run_006_seed_123,123
14.320934793156688,37.245058048321305,60,60,size_60x60_run_006_seed_123,123
14.324796187784962,37.26474278544542,60,60,size_60x60_run_006_seed_123,123
14.325210788638987,37.284415177171525,60,60,size_60x60_run_006_seed_123,123
14.327616123716183,37.30407523510972,60,60,size_60x60_run_006_seed_123,123
14.327986179523435,37.323722970855535,60,60,size_60x60_run_006_seed_123,123
14.329250188451443,37.34335839598997,60,60,size_60x60_run_006_seed_123,123
14.329427450699114,37.362981522079544,60,60,size_60x60_run_006_seed_123,123
14.330229029569491,37.38259236067627,60,60,size_60x60_run_006_seed_123,123
14.332891321682867,37.40219092331768,60,60,size_60x60_run_006_seed_123,123
14.336680651457009,37.42177722152691,60,60,size_60x60_run_006_seed_123,123
14.33804419026115,37.44135126681264,60,60,size_60x60_run_006_seed_123,123
14.339441566676864,37.460913070669164,60,60,size_60x60_run_006_seed_123,123
14.341829112291947,37.48046264457643,60,60,size_60x60_run_006_seed_123,123
14.341930868057348,37.5,60,60,size_60x60_run_006_seed_123,123
14.342067166887995,37.519525148391125,60,60,size_60x60_run_006_seed_123,123
14.345107367190625,37.539038101186755,60,60,size_60x60_run_006_seed_123,123
14.34523150092152,37.55853886980955,60,60,size_60x60_run_006_seed_123,123
14.35316432262473,37.578027465667915,60,60,size_60x60_run_006_seed_123,123
14.354004479305567,37.597503900156006,60,60,size_60x60_run_006_seed_123,123
14.355824146732822,37.61696818465378,60,60,size_60x60_run_006_seed_123,123
14.356238916833787,37.61696818465378,60,60,size_60x60_run_006_seed_123,123
14.358302823185886,37.636420330526974,60,60,size_60x60_run_006_seed_123,123
14.360167784198579,37.65586034912718,60,60,size_60x60_run_006_seed_123,123
14.36137478572016,37.675288251791834,60,60,size_60x60_run_006_seed_123,123
14.363203039513738,37.69470404984423,60,60,size_60x60_run_006_seed_123,123
14.365666682418135,37.714107754593584,60,60,size_60x60_run_006_seed_123,123
14.366626299767118,37.733499377334994,60,60,size_60x60_run_006_seed_123,123
14.369463473186626,37.752878929349514,60,60,size_60x60_run_006_seed_123,123
14.370643559753228,37.77224642190417,60,60,size_60x60_run_006_seed_123,123
14.371616764866403,37.791601866251945,60,60,size_60x60_run_006_seed_123,123
14.372506383769188,37.81094527363184,60,60,size_60x60_run_006_seed_123,123
14.373648452747084,37.83027665526888,60,60,size_60x60_run_006_seed_123,123
14.375988356995771,37.84959602237414,60,60,size_60x60_run_006_seed_123,123
14.376809346673426,37.868903386144765,60,60,size_60x60_run_006_seed_123,123
14.378152323951795,37.88819875776397,60,60,size_60x60_run_006_seed_123,123
14.378232072903348,37.88819875776397,60,60,size_60x60_run_006_seed_123,123
14.382935326159364,37.907482148401115,60,60,size_60x60_run_006_seed_123,123
14.382982406277865,37.92675356921167,60,60,size_60x60_run_006_seed_123,123
14.383398703389506,37.94601303133726,60,60,size_60x60_run_006_seed_123,123
14.387781541688916,37.96526054590571,60,60,size_60x60_run_006_seed_123,123
14.390394896598764,37.98449612403101,60,60,size_60x60_run_006_seed_123,123
14.39515703785698,38.00371977681339,60,60,size_60x60_run_006_seed_123,123
14.398356133995227,38.02293151533932,60,60,size_60x60_run_006_seed_123,123
14.400210964391148,38.04213135068154,60,60,size_60x60_run_006_seed_123,123
14.401592843766215,38.06131929389904,60,60,size_60x60_run_006_seed_123,123
14.40287902265523,38.080495356037154,60,60,size_60x60_run_006_seed_123,123
14.406827197691474,38.09965954812751,60,60,size_60x60_run_006_seed_123,123
14.409693709364333,38.11881188118812,60,60,size_60x60_run_006_seed_123,123
14.413849812161638,38.137952366223324,60,60,size_60x60_run_006_seed_123,123
14.41630611762295,38.15708101422387,60,60,size_60x60_run_006_seed_123,123
14.419438423185063,38.17619783616693,60,60,size_60x60_run_006_seed_123,123
14.42112807970392,38.19530284301607,60,60,size_60x60_run_006_seed_123,123
14.422076305043012,38.21439604572135,60,60,size_60x60_run_006_seed_123,123
14.422966940403823,38.23347745521927,60,60,size_60x60_run_006_seed_123,123
14.424253256558453,38.25254708243285,60,60,size_60x60_run_006_seed_123,123
14.425267708135792,38.2716049382716,60,60,size_60x60_run_006_seed_123,123
14.425834003228882,38.2906510336316,60,60,size_60x60_run_006_seed_123,123
14.426159653233087,38.30968537939544,60,60,size_60x60_run_006_seed_123,123
14.426270444933737,38.32870798643231,60,60,size_60x60_run_006_seed_123,123
14.42763174889041,38.34771886559803,60,60,size_60x60_run_006_seed_123,123
14.42823544620753,38.366718027734976,60,60,size_60x60_run_006_seed_123,123
14.429333006667187,38.38570548367221,60,60,size_60x60_run_006_seed_123,123
14.429416745681326,38.40468124422544,60,60,size_60x60_run_006_seed_123,123
14.430481835316261,38.42364532019704,60,60,size_60x60_run_006_seed_123,123
14.430660778751788,38.442597722376114,60,60,size_60x60_run_006_seed_123,123
14.434411263816166,38.442597722376114,60,60,size_60x60_run_006_seed_123,123
14.435790476968164,38.46153846153847,60,60,size_60x60_run_006_seed_123,123
14.43659116192338,38.48046754844663,60,60,size_60x60_run_006_seed_123,123
14.438673823574268,38.49938499384994,60,60,size_60x60_run_006_seed_123,123
14.440778853438275,38.51829080848447,60,60,size_60x60_run_006_seed_123,123
14.441787506961733,38.53718500307314,60,60,size_60x60_run_006_seed_123,123
14.44344004839312,38.556067588325654,60,60,size_60x60_run_006_seed_123,123
14.444994313019047,38.57493857493858,60,60,size_60x60_run_006_seed_123,123
14.44610425706293,38.57493857493858,60,60,size_60x60_run_006_seed_123,123
14.446199798875956,38.593797973595336,60,60,size_60x60_run_006_seed_123,123
14.446536031766922,38.61264579496624,60,60,size_60x60_run_006_seed_123,123
14.448483407571967,38.631482049708495,60,60,size_60x60_run_006_seed_123,123
14.449742105153236,38.65030674846626,60,60,size_60x60_run_006_seed_123,123
14.450392126346005,38.669119901870594,60,60,size_60x60_run_006_seed_123,123
14.451481059343422,38.68792152053955,60,60,size_60x60_run_006_seed_123,123
14.456565595180876,38.70671161507815,60,60,size_60x60_run_006_seed_123,123
14.458188180825577,38.72549019607843,60,60,size_60x60_run_006_seed_123,123
14.46299360608819,38.74425727411945,60,60,size_60x60_run_006_seed_123,123
14.463761928687662,38.7630128597673,60,60,size_60x60_run_006_seed_123,123
14.464134345885377,38.78175696357515,60,60,size_60x60_run_006_seed_123,123
14.464999806768413,38.80048959608323,60,60,size_60x60_run_006_seed_123,123
14.466130224858764,38.80048959608323,60,60,size_60x60_run_006_seed_123,123
14.470340917212154,38.81921076781891,60,60,size_60x60_run_006_seed_123,123
14.47142395169844,38.81921076781891,60,60,size_60x60_run_006_seed_123,123
14.47250312765535,38.837920489296636,60,60,size_60x60_run_006_seed_123,123
14.47252483276361,38.837920489296636,60,60,size_60x60_run_006_seed_123,123
14.472591580642485,38.856618771018034,60,60,size_60x60_run_006_seed_123,123
14.475775832631538,38.856618771018034,60,60,size_60x60_run_006_seed_123,123
14.475956641230525,38.87530562347188,60,60,size_60x60_run_006_seed_123,123
14.477865097745832,38.89398105713413,60,60,size_60x60_run_006_seed_123,123
14.479921239487146,38.912645082467925,60,60,size_60x60_run_006_seed_123,123
14.483705032669555,38.912645082467925,60,60,size_60x60_run_006_seed_123,123
14.484877562507114,38.93129770992366,60,60,size_60x60_run_006_seed_123,123
14.48528107694544,38.93129770992366,60,60,size_60x60_run_006_seed_123,123
14.485312638135365,38.949938949938954,60,60,size_60x60_run_006_seed_123,123
14.487967175737667,38.96856881293866,60,60,size_60x60_run_006_seed_123,123
14.488516363586777,38.987187309334956,60,60,size_60x60_run_006_seed_123,123
14.489175732567402,39.00579444952729,60,60,size_60x60_run_006_seed_123,123
14.489642665238819,39.00579444952729,60,60,size_60x60_run_006_seed_123,123
14.48999280354043,39.02439024390244,60,60,size_60x60_run_006_seed_123,123
14.491266837894386,39.02439024390244,60,60,size_60x60_run_006_seed_123,123
14.494216089238364,39.042974702834506,60,60,size_60x60_run_006_seed_123,123
14.497632265207242,39.042974702834506,60,60,size_60x60_run_006_seed_123,123
14.498331615467796,39.061547836684944,60,60,size_60x60_run_006_seed_123,123
14.498886240248865,39.080109655802616,60,60,size_60x60_run_006_seed_123,123
14.50049882288149,39.09866017052375,60,60,size_60x60_run_006_seed_123,123
14.500616206909639,39.117199391171994,60,60,size_60x60_run_006_seed_123,123
14.501313948057604,39.13572732805843,60,60,size_60x60_run_006_seed_123,123
14.501407392698306,39.15424399148159,60,60,size_60x60_run_006_seed_123,123
14.502435652472185,39.17274939172749,60,60,size_60x60_run_006_seed_123,123
14.504020603878072,39.17274939172749,60,60,size_60x60_run_006_seed_123,123
14.509408246541417,39.191243539069625,60,60,size_60x60_run_006_seed_123,123
14.510043865283238,39.209726443769,60,60,size_60x60_run_006_seed_123,123
14.510063043111176,39.22819811607414,60,60,size_60x60_run_006_seed_123,123
14.512076362413248,39.24665856622114,60,60,size_60x60_run_006_seed_123,123
14.513262994925881,39.26510780443365,60,60,size_60x60_run_006_seed_123,123
14.51629974393423,39.28354584092289,60,60,size_60x60_run_006_seed_123,123
14.517871095384278,39.30197268588771,60,60,size_60x60_run_006_seed_123,123
14.521160586819745,39.32038834951456,60,60,size_60x60_run_006_seed_123,123
14.523345681468314,39.33879284197756,60,60,size_60x60_run_006_seed_123,123
14.523496557762687,39.35718617343845,60,60,size_60x60_run_006_seed_123,123
14.523727126209655,39.37556835404668,60,60,size_60x60_run_006_seed_123,123
14.531431101173471,39.39393939393939,60,60,size_60x60_run_006_seed_123,123
14.532198356939302,39.41229930324145,60,60,size_60x60_run_006_seed_123,123
14.532682292014739,39.43064809206541,60,60,size_60x60_run_006_seed_123,123
14.533044264779306,39.448985770511655,60,60,size_60x60_run_006_seed_123,123
14.534309997948686,39.46731234866828,60,60,size_60x60_run_006_seed_123,123
14.535219166167034,39.46731234866828,60,60,size_60x60_run_006_seed_123,123
14.535798733476302,39.4856278366112,60,60,size_60x60_run_006_seed_123,123
14.53620498033499,39.50393224440412,60,60,size_60x60_run_006_seed_123,123
14.536600321796595,39.50393224440412,60,60,size_60x60_run_006_seed_123,123
14.537727716130629,39.52222558209858,60,60,size_60x60_run_006_seed_123,123
14.544898028277684,39.54050785973398,60,60,size_60x60_run_006_seed_123,123
14.547796344428418,39.55877908733756,60,60,size_60x60_run_006_seed_123,123
14.547915743833661,39.577039274924466,60,60,size_60x60_run_006_seed_123,123
14.548625781616694,39.59528843249773,60,60,size_60x60_run_006_seed_123,123
14.549945859681708,39.61352657004831,60,60,size_60x60_run_006_seed_123,123
14.552445757562214,39.631753697555084,60,60,size_60x60_run_006_seed_123,123
14.554101229901155,39.64996982498491,60,60,size_60x60_run_006_seed_123,123
14.55552257826225,39.66817496229261,60,60,size_60x60_run_006_seed_123,123
14.559662604102435,39.68636911942099,60,60,size_60x60_run_006_seed_123,123
14.563724620481928,39.70455230630087,60,60,size_60x60_run_006_seed_123,123
14.564216572564089,39.72272453285112,60,60,size_60x60_run_006_seed_123,123
14.564618569271584,39.74088580897861,60,60,size_60x60_run_006_seed_123,123
14.56477145737546,39.75903614457831,60,60,size_60x60_run_006_seed_123,123
14.56488335235454,39.777175549533276,60,60,size_60x60_run_006_seed_123,123
14.566198472610981,39.79530403371463,60,60,size_60x60_run_006_seed_123,123
14.566895264618767,39.81342160698164,60,60,size_60x60_run_006_seed_123,123
14.566981496556979,39.83152827918171,60,60,size_60x60_run_006_seed_123,123
14.567558838895986,39.849624060150376,60,60,size_60x60_run_006_seed_123,123
14.572375308434768,39.867708959711365,60,60,size_60x60_run_006_seed_123,123
14.57430572758604,39.885782987676585,60,60,size_60x60_run_006_seed_123,123
14.575949863240922,39.90384615384615,60,60,size_60x60_run_006_seed_123,123
14.580950955201116,39.92189846800841,60,60,size_60x60_run_006_seed_123,123
14.583735728262546,39.93993993993994,60,60,size_60x60_run_006_seed_123,123
14.584446185100484,39.95797057940558,60,60,size_60x60_run_006_seed_123,123
14.58666599505509,39.97599039615846,60,60,size_60x60_run_006_seed_123,123
14.58819124999554,39.993999399939995,60,60,size_60x60_run_006_seed_123,123
14.58946731827425,40.0119976004799,60,60,size_60x60_run_006_seed_123,123
14.590196422347622,40.02998500749625,60,60,size_60x60_run_006_seed_123,123
14.592000784337555,40.04796163069545,60,60,size_60x60_run_006_seed_123,123
14.597562345544812,40.06592747977225,60,60,size_60x60_run_006_seed_123,123
14.597610968483394,40.083882564409826,60,60,size_60x60_run_006_seed_123,123
14.598408857163516,40.083882564409826,60,60,size_60x60_run_006_seed_123,123
14.602106255976121,40.101826894279725,60,60,size_60x60_run_006_seed_123,123
14.603330478527086,40.119760479041915,60,60,size_60x60_run_006_seed_123,123
14.606643470729368,40.13768332834481,60,60,size_60x60_run_006_seed_123,123
14.607278269246573,40.155595451825256,60,60,size_60x60_run_006_seed_123,123
14.609186374358535,40.17349685910859,60,60,size_60x60_run_006_seed_123,123
14.61139472632499,40.19138755980861,60,60,size_60x60_run_006_seed_123,123
14.611898243948373,40.20926756352765,60,60,size_60x60_run_006_seed_123,123
14.612137672093972,40.227136879856545,60,60,size_60x60_run_006_seed_123,123
14.613756097262305,40.244995518374665,60,60,size_60x60_run_006_seed_123,123
14.61463101008943,40.26284348864994,60,60,size_60x60_run_006_seed_123,123
14.61497647725229,40.280680800238876,60,60,size_60x60_run_006_seed_123,123
14.615429314168763,40.298507462686565,60,60,size_60x60_run_006_seed_123,123
14.619930447326169,40.31632348552671,60,60,size_60x60_run_006_seed_123,123
14.621763514714495,40.334128878281625,60,60,size_60x60_run_006_seed_123,123
14.623089076110265,40.334128878281625,60,60,size_60x60_run_006_seed_123,123
14.623157078041471,40.351923650462275,60,60,size_60x60_run_006_seed_123,123
14.62414034339339,40.351923650462275,60,60,size_60x60_run_006_seed_123,123
14.625814877617522,40.369707811568276,60,60,size_60x60_run_006_seed_123,123
14.627921863305025,40.38748137108793,60,60,size_60x60_run_006_seed_123,123
14.628478249378892,40.405244338498214,60,60,size_60x60_run_006_seed_123,123
14.630684693525584,40.42299672326482,60,60,size_60x60_run_006_seed_123,123
14.631156661748395,40.44073853484217,60,60,size_60x60_run_006_seed_123,123
14.631922863164776,40.45846978267342,60,60,size_60x60_run_006_seed_123,123
14.634035732251268,40.476190476190474,60,60,size_60x60_run_006_seed_123,123
14.634916816258983,40.476190476190474,60,60,size_60x60_run_006_seed_123,123
14.636513189250117,40.493900624814046,60,60,size_60x60_run_006_seed_123,123
14.638672025446336,40.5116002379536,60,60,size_60x60_run_006_seed_123,123
14.640385305371755,40.52928932500743,60,60,size_60x60_run_006_seed_123,123
14.641233097730591,40.52928932500743,60,60,size_60x60_run_006_seed_123,123
14.644288057598857,40.54696789536266,60,60,size_60x60_run_006_seed_123,123
14.647351928452672,40.56463595839524,60,60,size_60x60_run_006_seed_123,123
14.648959301524274,40.58229352346999,60,60,size_60x60_run_006_seed_123,123
14.649477839267062,40.599940599940595,60,60,size_60x60_run_006_seed_123,123
14.650924650354144,40.61757719714964,60,60,size_60x60_run_006_seed_123,123
14.651319397281268,40.635203324428616,60,60,size_60x60_run_006_seed_123,123
14.651661681601258,40.652818991097924,60,60,size_60x60_run_006_seed_123,123
14.653058281958002,40.670424206466926,60,60,size_60x60_run_006_seed_123,123
14.653481066614894,40.68801897983393,60,60,size_60x60_run_006_seed_123,123
14.654464064342745,40.70560332048622,60,60,size_60x60_run_006_seed_123,123
14.655381668667218,40.72317723770006,60,60,size_60x60_run_006_seed_123,123
14.656257049214654,40.74074074074074,60,60,size_60x60_run_006_seed_123,123
14.657141222599142,40.758293838862556,60,60,size_60x60_run_006_seed_123,123
14.658145057056052,40.77583654130885,60,60,size_60x60_run_006_seed_123,123
14.659570671622044,40.79336885731202,60,60,size_60x60_run_006_seed_123,123
14.660587859821334,40.81089079609352,60,60,size_60x60_run_006_seed_123,123
14.661346820342235,40.828402366863905,60,60,size_60x60_run_006_seed_123,123
14.662197941340063,40.845903578822835,60,60,size_60x60_run_006_seed_123,123
14.665840423510566,40.86339444115908,60,60,size_60x60_run_006_seed_123,123
14.666190132857128,40.880874963050545,60,60,size_60x60_run_006_seed_123,123
14.669235847887474,40.8983451536643,60,60,size_60x60_run_006_seed_123,123
14.672314956958127,40.91580502215657,60,60,size_60x60_run_006_seed_123,123
14.674248901255249,40.93325457767277,60,60,size_60x60_run_006_seed_123,123
14.674348056939783,40.95069382934751,60,60,size_60x60_run_006_seed_123,123
14.67556835703763,40.968122786304605,60,60,size_60x60_run_006_seed_123,123
14.676941470348789,40.98554145765713,60,60,size_60x60_run_006_seed_123,123
14.676986365450617,41.00294985250738,60,60,size_60x60_run_006_seed_123,123
14.677803218967718,41.02034797994692,60,60,size_60x60_run_006_seed_123,123
14.67851229362019,41.0377358490566,60,60,size_60x60_run_006_seed_123,123
14.678721467993478,41.055113468906576,60,60,size_60x60_run_006_seed_123,123
14.680864085766672,41.072480848556275,60,60,size_60x60_run_006_seed_123,123
14.682002215770387,41.08983799705449,60,60,size_60x60_run_006_seed_123,123
14.682734075523756,41.10718492343934,60,60,size_60x60_run_006_seed_123,123
14.683147413803031,41.1245216367383,60,60,size_60x60_run_006_seed_123,123
14.683311951274668,41.14184814596822,60,60,size_60x60_run_006_seed_123,123
14.68415524810693,41.15916446013534,60,60,size_60x60_run_006_seed_123,123
14.684690022109079,41.17647058823529,60,60,size_60x60_run_006_seed_123,123
14.684749807949009,41.19376653925316,60,60,size_60x60_run_006_seed_123,123
14.68542289006511,41.21105232216343,60,60,size_60x60_run_006_seed_123,123
14.689038356119823,41.22832794593006,60,60,size_60x60_run_006_seed_123,123
14.692447873382052,41.24559341950646,60,60,size_60x60_run_006_seed_123,123
14.693281920748822,41.24559341950646,60,60,size_60x60_run_006_seed_123,123
14.695690043546849,41.262848751835534,60,60,size_60x60_run_006_seed_123,123
14.69644055380735,41.28009395184968,60,60,size_60x60_run_006_seed_123,123
14.698526964907925,41.2973290284708,60,60,size_60x60_run_006_seed_123,123
14.69941919906966,41.31455399061033,60,60,size_60x60_run_006_seed_123,123
14.703679383479646,41.33176884716926,60,60,size_60x60_run_006_seed_123,123
14.70680856771535,41.348973607038126,60,60,size_60x60_run_006_seed_123,123
14.709937674960855,41.36616827909704,60,60,size_60x60_run_006_seed_123,123
14.711478356990966,41.38335287221571,60,60,size_60x60_run_006_seed_123,123
14.713677442254136,41.40052739525345,60,60,size_60x60_run_006_seed_123,123
14.714208555652638,41.40052739525345,60,60,size_60x60_run_006_seed_123,123
14.714265783843516,41.41769185705917,60,60,size_60x60_run_006_seed_123,123
14.71472263329312,41.434846266471446,60,60,size_60x60_run_006_seed_123,123
14.715637918462987,41.451990632318505,60,60,size_60x60_run_006_seed_123,123
14.717266202940511,41.4691249634182,60,60,size_60x60_run_006_seed_123,123
14.721055833403224,41.48624926857812,60,60,size_60x60_run_006_seed_123,123
14.723179482727424,41.503363556595495,60,60,size_60x60_run_006_seed_123,123
14.72503327564483,41.503363556595495,60,60,size_60x60_run_006_seed_123,123
14.725876378084653,41.52046783625731,60,60,size_60x60_run_006_seed_123,123
14.729416569390754,41.53756211634025,60,60,size_60x60_run_006_seed_123,123
14.730381351760023,41.554646405610754,60,60,size_60x60_run_006_seed_123,123
14.731568888805871,41.571720712825005,60,60,size_60x60_run_006_seed_123,123
14.732811102058188,41.58878504672897,60,60,size_60x60_run_006_seed_123,123
14.7331868324485,41.605839416058394,60,60,size_60x60_run_006_seed_123,123
14.735095568447514,41.62288382953882,60,60,size_60x60_run_006_seed_123,123
14.736258901843739,41.639918295885614,60,60,size_60x60_run_006_seed_123,123
14.739698221094478,41.656942823803966,60,60,size_60x60_run_006_seed_123,123
14.740276748589247,41.656942823803966,60,60,size_60x60_run_006_seed_123,123
14.74668196777242,41.673957421988916,60,60,size_60x60_run_006_seed_123,123
14.749386974397215,41.690962099125365,60,60,size_60x60_run_006_seed_123,123
14.750405340293167,41.70795686388808,60,60,size_60x60_run_006_seed_123,123
14.750515087954902,41.72494172494173,60,60,size_60x60_run_006_seed_123,123
14.752613651981788,41.74191669094087,60,60,size_60x60_run_006_seed_123,123
14.754239468276632,41.758881770529996,60,60,size_60x60_run_006_seed_123,123
14.755581618694793,41.77583697234352,60,60,size_60x60_run_006_seed_123,123
14.75633795567393,41.79278230500582,60,60,size_60x60_run_006_seed_123,123
14.760855549146866,41.80971777713122,60,60,size_60x60_run_006_seed_123,123
14.761288212242174,41.82664339732403,60,60,size_60x60_run_006_seed_123,123
14.762093251569196,41.84355917417854,60,60,size_60x60_run_006_seed_123,123
14.76311514626357,41.86046511627907,60,60,size_60x60_run_006_seed_123,123
14.765133444027912,41.86046511627907,60,60,size_60x60_run_006_seed_123,123
14.765855927801567,41.877361232199945,60,60,size_60x60_run_006_seed_123,123
14.766894378817296,41.89424753050552,60,60,size_60x60_run_006_seed_123,123
14.766994830241911,41.91112401975022,60,60,size_60x60_run_006_seed_123,123
14.767456208018807,41.92799070847851,60,60,size_60x60_run_006_seed_123,123
14.76806365786923,41.944847605224965,60,60,size_60x60_run_006_seed_123,123
14.770626052485914,41.96169471851422,60,60,size_60x60_run_006_seed_123,123
14.770908052674333,41.97853205686104,60,60,size_60x60_run_006_seed_123,123
14.771519635893357,41.9953596287703,60,60,size_60x60_run_006_seed_123,123
14.774907901904966,42.01217744273703,60,60,size_60x60_run_006_seed_123,123
14.775004262841781,42.028985507246375,60,60,size_60x60_run_006_seed_123,123
14.775578684191265,42.045783830773686,60,60,size_60x60_run_006_seed_123,123
14.778281028375734,42.06257242178447,60,60,size_60x60_run_006_seed_123,123
14.778412883591846,42.079351288734436,60,60,size_60x60_run_006_seed_123,123
14.77849287374793,42.096120440069484,60,60,size_60x60_run_006_seed_123,123
14.77876747352889,42.11287988422576,60,60,size_60x60_run_006_seed_123,123
14.784625140203966,42.129629629629626,60,60,size_60x60_run_006_seed_123,123
14.786473061208135,42.14636968469772,60,60,size_60x60_run_006_seed_123,123
14.789097804456825,42.1631000578369,60,60,size_60x60_run_006_seed_123,123
14.790659758633977,42.17982075744435,60,60,size_60x60_run_006_seed_123,123
14.790858460154773,42.17982075744435,60,60,size_60x60_run_006_seed_123,123
14.791274507648774,42.19653179190752,60,60,size_60x60_run_006_seed_123,123
14.79402493318407,42.19653179190752,60,60,size_60x60_run_006_seed_123,123
14.7942369435344,42.21323316960416,60,60,size_60x60_run_006_seed_123,123
14.794899000083689,42.22992489890237,60,60,size_60x60_run_006_seed_123,123
14.804254902193783,42.24660698816056,60,60,size_60x60_run_006_seed_123,123
14.805081899598306,42.263279445727484,60,60,size_60x60_run_006_seed_123,123
14.805223676963637,42.279942279942276,60,60,size_60x60_run_006_seed_123,123
14.808219678465349,42.279942279942276,60,60,size_60x60_run_006_seed_123,123
14.81085017686383,42.29659549913445,60,60,size_60x60_run_006_seed_123,123
14.812624612177162,42.313239111623886,60,60,size_60x60_run_006_seed_123,123
14.813617564519582,42.32987312572088,60,60,size_60x60_run_006_seed_123,123
14.813625854174376,42.346497549726145,60,60,size_60x60_run_006_seed_123,123
14.81575430058779,42.363112391930834,60,60,size_60x60_run_006_seed_123,123
14.819147469085665,42.37971766061654,60,60,size_60x60_run_006_seed_123,123
14.819288123149462,42.3963133640553,60,60,size_60x60_run_006_seed_123,123
14.820064099358056,42.41289951050965,60,60,size_60x60_run_006_seed_123,123
14.820866759576724,42.429476108232585,60,60,size_60x60_run_006_seed_123,123
14.821075119886187,42.44604316546763,60,60,size_60x60_run_006_seed_123,123
14.822157915343489,42.462600690448795,60,60,size_60x60_run_006_seed_123,123
14.822380621206912,42.47914869140063,60,60,size_60x60_run_006_seed_123,123
14.823926535922412,42.49568717653824,60,60,size_60x60_run_006_seed_123,123
14.825996415877455,42.51221615406726,60,60,size_60x60_run_006_seed_123,123
14.828435856986193,42.5287356321839,60,60,size_60x60_run_006_seed_123,123
14.829479116478309,42.545245619074976,60,60,size_60x60_run_006_seed_123,123
14.830666827677614,42.56174612291787,60,60,size_60x60_run_006_seed_123,123
14.830667365738545,42.57823715188056,60,60,size_60x60_run_006_seed_123,123
14.833008881187226,42.5947187141217,60,60,size_60x60_run_006_seed_123,123
14.833206982185532,42.61119081779053,60,60,size_60x60_run_006_seed_123,123
14.834738263805983,42.61119081779053,60,60,size_60x60_run_006_seed_123,123
14.835375009877582,42.62765347102697,60,60,size_60x60_run_006_seed_123,123
14.835551487573518,42.64410668196157,60,60,size_60x60_run_006_seed_123,123
14.839198473923659,42.6605504587156,60,60,size_60x60_run_006_seed_123,123
14.840234921286754,42.67698480940098,60,60,size_60x60_run_006_seed_123,123
14.840280696884163,42.693409742120345,60,60,size_60x60_run_006_seed_123,123
14.840458962743858,42.70982526496706,60,60,size_60x60_run_006_seed_123,123
14.841429374810165,42.7262313860252,60,60,size_60x60_run_006_seed_123,123
14.848593662751153,42.7426281133696,60,60,size_60x60_run_006_seed_123,123
14.850207403405955,42.7426281133696,60,60,size_60x60_run_006_seed_123,123
14.853192262331852,42.75901545506583,60,60,size_60x60_run_006_seed_123,123
14.85356155609578,42.77539341917024,60,60,size_60x60_run_006_seed_123,123
14.85468054161963,42.79176201372998,60,60,size_60x60_run_006_seed_123,123
14.855387560294504,42.80812124678295,60,60,size_60x60_run_006_seed_123,123
14.855401606820182,42.82447112635792,60,60,size_60x60_run_006_seed_123,123
14.855782513735404,42.84081166047442,60,60,size_60x60_run_006_seed_123,123
14.857608219544765,42.857142857142854,60,60,size_60x60_run_006_seed_123,123
14.860195751888385,42.87346472436447,60,60,size_60x60_run_006_seed_123,123
14.862453226043167,42.889777270131354,60,60,size_60x60_run_006_seed_123,123
14.864423756830217,42.889777270131354,60,60,size_60x60_run_006_seed_123,123
14.865704048811056,42.889777270131354,60,60,size_60x60_run_006_seed_123,123
14.866852886390461,42.90608050242649,60,60,size_60x60_run_006_seed_123,123
14.866997448318633,42.922374429223744,60,60,size_60x60_run_006_seed_123,123
14.867615624212458,42.93865905848788,60,60,size_60x60_run_006_seed_123,123
14.868826415582978,42.95493439817456,60,60,size_60x60_run_006_seed_123,123
14.870680183932585,42.9712004562304,60,60,size_60x60_run_006_seed_123,123
14.871121414152915,42.98745724059293,60,60,size_60x60_run_006_seed_123,123
14.871455826833657,42.98745724059293,60,60,size_60x60_run_006_seed_123,123
14.872633574384743,43.003704759190654,60,60,size_60x60_run_006_seed_123,123
14.876321718561956,43.01994301994302,60,60,size_60x60_run_006_seed_123,123
14.877180844673559,43.03617203076047,60,60,size_60x60_run_006_seed_123,123
14.877694908773508,43.052391799544424,60,60,size_60x60_run_006_seed_123,123
14.878962991430072,43.068602334187304,60,60,size_60x60_run_006_seed_123,123
14.879984201719742,43.08480364257257,60,60,size_60x60_run_006_seed_123,123
14.882334796214886,43.08480364257257,60,60,size_60x60_run_006_seed_123,123
14.88401137656064,43.08480364257257,60,60,size_60x60_run_006_seed_123,123
14.884548201070572,43.10099573257468,60,60,size_60x60_run_006_seed_123,123
14.885663910890216,43.117178612059156,60,60,size_60x60_run_006_seed_123,123
14.887882806524331,43.13335228888257,60,60,size_60x60_run_006_seed_123,123
14.888000173565091,43.13335228888257,60,60,size_60x60_run_006_seed_123,123
14.888918694984238,43.14951677089255,60,60,size_60x60_run_006_seed_123,123
14.889454972665972,43.165672065927815,60,60,size_60x60_run_006_seed_123,123
14.89019507088085,43.18181818181818,60,60,size_60x60_run_006_seed_123,123
14.890533872543886,43.19795512638455,60,60,size_60x60_run_006_seed_123,123
14.89386666481216,43.21408290743896,60,60,size_60x60_run_006_seed_123,123
14.897245481049177,43.230201532784555,60,60,size_60x60_run_006_seed_123,123
14.897508535139712,43.230201532784555,60,60,size_60x60_run_006_seed_123,123
14.89989163157406,43.24631101021566,60,60,size_60x60_run_006_seed_123,123
14.901265793221832,43.262411347517734,60,60,size_60x60_run_006_seed_123,123
14.90194423302351,43.27850255246739,60,60,size_60x60_run_006_seed_123,123
14.90299871813979,43.29458463283243,60,60,size_60x60_run_006_seed_123,123
14.904860186822251,43.31065759637188,60,60,size_60x60_run_006_seed_123,123
14.906505688650041,43.32672145083593,60,60,size_60x60_run_006_seed_123,123
14.907233720771163,43.32672145083593,60,60,size_60x60_run_006_seed_123,123
14.914278458089562,43.342776203966004,60,60,size_60x60_run_006_seed_123,123
14.916541046735919,43.35882186349476,60,60,size_60x60_run_006_seed_123,123
14.919650382961809,43.37485843714609,60,60,size_60x60_run_006_seed_123,123
14.920261948812147,43.39088593263515,60,60,size_60x60_run_006_seed_123,123
14.920326270601388,43.40690435766837,60,60,size_60x60_run_006_seed_123,123
14.922616602224508,43.42291371994342,60,60,size_60x60_run_006_seed_123,123
14.923611995952486,43.43891402714932,60,60,size_60x60_run_006_seed_123,123
14.923682242058813,43.45490528696636,60,60,size_60x60_run_006_seed_123,123
14.924184875062362,43.45490528696636,60,60,size_60x60_run_006_seed_123,123
14.925900125961135,43.470887507066145,60,60,size_60x60_run_006_seed_123,123
14.926614480474369,43.48686069511161,60,60,size_60x60_run_006_seed_123,123
14.926716735402383,43.50282485875706,60,60,size_60x60_run_006_seed_123,123
14.926751038034093,43.518780005648125,60,60,size_60x60_run_006_seed_123,123
14.927237718686385,43.5347261434218,60,60,size_60x60_run_006_seed_123,123
14.927503900632281,43.5347261434218,60,60,size_60x60_run_006_seed_123,123
14.929595574398757,43.55066327970646,60,60,size_60x60_run_006_seed_123,123
14.9297867810887,43.566591422121896,60,60,size_60x60_run_006_seed_123,123
14.931438542367982,43.58251057827927,60,60,size_60x60_run_006_seed_123,123
14.931716596591725,43.59842075578116,60,60,size_60x60_run_006_seed_123,123
14.93211388848347,43.614321962221595,60,60,size_60x60_run_006_seed_123,123
14.932626611909303,43.63021420518602,60,60,size_60x60_run_006_seed_123,123
14.934309195860255,43.64609749225134,60,60,size_60x60_run_006_seed_123,123
14.93897076702884,43.66197183098591,60,60,size_60x60_run_006_seed_123,123
14.940185032361281,43.67783722894959,60,60,size_60x60_run_006_seed_123,123
14.943957797613905,43.69369369369369,60,60,size_60x60_run_006_seed_123,123
14.945233970559608,43.70954123276105,60,60,size_60x60_run_006_seed_123,123
14.945277140445892,43.725379853685986,60,60,size_60x60_run_006_seed_123,123
14.945465349571277,43.741209563994374,60,60,size_60x60_run_006_seed_123,123
14.948039730081332,43.7570303712036,60,60,size_60x60_run_006_seed_123,123
14.948118173617026,43.7570303712036,60,60,size_60x60_run_006_seed_123,123
14.948408720711418,43.7728422828226,60,60,size_60x60_run_006_seed_123,123
14.948965295552375,43.78864530635188,60,60,size_60x60_run_006_seed_123,123
14.950255955679928,43.80443944928351,60,60,size_60x60_run_006_seed_123,123
14.950884090537793,43.82022471910113,60,60,size_60x60_run_006_seed_123,123
14.95147422803121,43.83600112327998,60,60,size_60x60_run_006_seed_123,123
14.95170690876836,43.85176866928692,60,60,size_60x60_run_006_seed_123,123
14.95240219257822,43.86752736458041,60,60,size_60x60_run_006_seed_123,123
14.952937910167647,43.88327721661055,60,60,size_60x60_run_006_seed_123,123
14.954034359323703,43.899018232819074,60,60,size_60x60_run_006_seed_123,123
14.954606051864854,43.91475042063937,60,60,size_60x60_run_006_seed_123,123
14.954744571164676,43.930473787496496,60,60,size_60x60_run_006_seed_123,123
14.955832324450066,43.946188340807176,60,60,size_60x60_run_006_seed_123,123
14.957344240176278,43.96189408797982,60,60,size_60x60_run_006_seed_123,123
14.960198681752358,43.977591036414566,60,60,size_60x60_run_006_seed_123,123
14.960858370460777,43.99327919350322,60,60,size_60x60_run_006_seed_123,123
14.961337733572032,44.00895856662934,60,60,size_60x60_run_006_seed_123,123
14.96176512743455,44.02462916316821,60,60,size_60x60_run_006_seed_123,123
14.961915834021516,44.040290990486845,60,60,size_60x60_run_006_seed_123,123
14.963464929326213,44.05594405594406,60,60,size_60x60_run_006_seed_123,123
14.968083480321548,44.07158836689038,60,60,size_60x60_run_006_seed_123,123
14.968521218367355,44.08722393066816,60,60,size_60x60_run_006_seed_123,123
14.968796441015767,44.10285075461152,60,60,size_60x60_run_006_seed_123,123
14.9706151054907,44.11846884604638,60,60,size_60x60_run_006_seed_123,123
14.971247665466905,44.134078212290504,60,60,size_60x60_run_006_seed_123,123
14.971556695051246,44.149678860653445,60,60,size_60x60_run_006_seed_123,123
14.971653298496522,44.16527079843663,60,60,size_60x60_run_006_seed_123,123
14.97220334661524,44.1808540329333,60,60,size_60x60_run_006_seed_123,123
14.973538408922836,44.19642857142857,60,60,size_60x60_run_006_seed_123,123
14.97489278973287,44.21199442119944,60,60,size_60x60_run_006_seed_123,123
14.976112932379232,44.22755158951478,60,60,size_60x60_run_006_seed_123,123
14.9764346014118,44.24310008363535,60,60,size_60x60_run_006_seed_123,123
14.981740471314914,44.25863991081383,60,60,size_60x60_run_006_seed_123,123
14.982018132557174,44.274171078294785,60,60,size_60x60_run_006_seed_123,123
14.983190864156109,44.28969359331476,60,60,size_60x60_run_006_seed_123,123
14.984311593474255,44.3052074631022,60,60,size_60x60_run_006_seed_123,123
14.986523000499316,44.32071269487751,60,60,size_60x60_run_006_seed_123,123
14.987336584889567,44.336209295853045,60,60,size_60x60_run_006_seed_123,123
14.987901856533984,44.336209295853045,60,60,size_60x60_run_006_seed_123,123
14.99075120549159,44.351697273233164,60,60,size_60x60_run_006_seed_123,123
14.99126483406848,44.36717663421418,60,60,size_60x60_run_006_seed_123,123
14.991676048025838,44.38264738598443,60,60,size_60x60_run_006_seed_123,123
14.993207575906043,44.39810953572422,60,60,size_60x60_run_006_seed_123,123
14.99324861363342,44.41356309060589,60,60,size_60x60_run_006_seed_123,123
14.993669535519814,44.42900805779384,60,60,size_60x60_run_006_seed_123,123
14.995806583258165,44.44444444444444,60,60,size_60x60_run_006_seed_123,123
15.000410037261549,44.45987225770619,60,60,size_60x60_run_006_seed_123,123
15.004856130255366,44.4752915047196,60,60,size_60x60_run_006_seed_123,123
15.007337251928575,44.49070219261726,60,60,size_60x60_run_006_seed_123,123
15.007488179273848,44.50610432852386,60,60,size_60x60_run_006_seed_123,123
15.010738971692108,44.521497919556175,60,60,size_60x60_run_006_seed_123,123
15.012016621520013,44.53688297282307,60,60,size_60x60_run_006_seed_123,123
15.01391427635362,44.55225949542556,60,60,size_60x60_run_006_seed_123,123
15.01443011338679,44.567627494456765,60,60,size_60x60_run_006_seed_123,123
15.018447418546609,44.58298697700194,60,60,size_60x60_run_006_seed_123,123
15.021320844794099,44.59833795013851,60,60,size_60x60_run_006_seed_123,123
15.021907304536004,44.61368042093603,60,60,size_60x60_run_006_seed_123,123
15.022201034957721,44.629014396456256,60,60,size_60x60_run_006_seed_123,123
15.027305885316446,44.64433988375311,60,60,size_60x60_run_006_seed_123,123
15.027961958015421,44.659656889872714,60,60,size_60x60_run_006_seed_123,123
15.0282884090642,44.67496542185339,60,60,size_60x60_run_006_seed_123,123
15.028325461217651,44.690265486725664,60,60,size_60x60_run_006_seed_123,123
15.029147761782882,44.705557091512304,60,60,size_60x60_run_006_seed_123,123
15.03236355848743,44.7208402432283,60,60,size_60x60_run_006_seed_123,123
15.0324804962108,44.7208402432283,60,60,size_60x60_run_006_seed_123,123
15.032562949379482,44.7361149488809,60,60,size_60x60_run_006_seed_123,123
15.033921107008414,44.751381215469614,60,60,size_60x60_run_006_seed_123,123
15.033945895800533,44.76663904998619,60,60,size_60x60_run_006_seed_123,123
15.034118761148141,44.78188845941469,60,60,size_60x60_run_006_seed_123,123
15.035310114187828,44.79712945073144,60,60,size_60x60_run_006_seed_123,123
15.035350483695675,44.81236203090508,60,60,size_60x60_run_006_seed_123,123
15.03551467534036,44.827586206896555,60,60,size_60x60_run_006_seed_123,123
15.035907613461669,44.84280198565913,60,60,size_60x60_run_006_seed_123,123
15.038856732891936,44.858009374138405,60,60,size_60x60_run_006_seed_123,123
15.039111393647008,44.87320837927233,60,60,size_60x60_run_006_seed_123,123
15.04127690963401,44.88839900799118,60,60,size_60x60_run_006_seed_123,123
15.041402708629446,44.88839900799118,60,60,size_60x60_run_006_seed_123,123
15.042880754563509,44.90358126721763,60,60,size_60x60_run_006_seed_123,123
15.043530095541852,44.918755163866706,60,60,size_60x60_run_006_seed_123,123
15.045070021171364,44.93392070484582,60,60,size_60x60_run_006_seed_123,123
15.045160987819477,44.93392070484582,60,60,size_60x60_run_006_seed_123,123
15.046067332669024,44.94907789705477,60,60,size_60x60_run_006_seed_123,123
15.04607827107973,44.94907789705477,60,60,size_60x60_run_006_seed_123,123
15.048350592138352,44.9642267473858,60,60,size_60x60_run_006_seed_123,123
15.050846287795794,44.97936726272352,60,60,size_60x60_run_006_seed_123,123
15.051509214998104,44.994499449944996,60,60,size_60x60_run_006_seed_123,123
15.05233805568549,45.00962331591972,60,60,size_60x60_run_006_seed_123,123
15.052473861666302,45.024738867509626,60,60,size_60x60_run_006_seed_123,123
15.052634480202343,45.03984611156911,60,60,size_60x60_run_006_seed_123,123
15.055438637813628,45.05494505494506,60,60,size_60x60_run_006_seed_123,123
15.056205196474686,45.070035704476794,60,60,size_60x60_run_006_seed_123,123
15.05664618044983,45.08511806699615,60,60,size_60x60_run_006_seed_123,123
15.058529920126311,45.100192149327476,60,60,size_60x60_run_006_seed_123,123
15.059826446314563,45.1152579582876,60,60,size_60x60_run_006_seed_123,123
15.06072494967683,45.13031550068587,60,60,size_60x60_run_006_seed_123,123
15.061363052260873,45.14536478332419,60,60,size_60x60_run_006_seed_123,123
15.063229183549748,45.160405812996984,60,60,size_60x60_run_006_seed_123,123
15.064642698274124,45.160405812996984,60,60,size_60x60_run_006_seed_123,123
15.065035575771798,45.17543859649123,60,60,size_60x60_run_006_seed_123,123
15.065067026958967,45.19046314058646,60,60,size_60x60_run_006_seed_123,123
15.06657605066427,45.20547945205479,60,60,size_60x60_run_006_seed_123,123
15.068864801229735,45.220487537660915,60,60,size_60x60_run_006_seed_123,123
15.071509898191499,45.220487537660915,60,60,size_60x60_run_006_seed_123,123
15.07268318960546,45.2354874041621,60,60,size_60x60_run_006_seed_123,123
15.07349054240209,45.250479058308244,60,60,size_60x60_run_006_seed_123,123
15.074066833942432,45.26546250684182,60,60,size_60x60_run_006_seed_123,123
15.074882091805705,45.280437756497946,60,60,size_60x60_run_006_seed_123,123
15.078179077325508,45.29540481400438,60,60,size_60x60_run_006_seed_123,123
15.078625107765438,45.31036368608149,60,60,size_60x60_run_006_seed_123,123
15.079021063568076,45.31036368608149,60,60,size_60x60_run_006_seed_123,123
15.079332231177812,45.32531437944232,60,60,size_60x60_run_006_seed_123,123
15.082301298973347,45.32531437944232,60,60,size_60x60_run_006_seed_123,123
15.083093603889413,45.34025690079256,60,60,size_60x60_run_006_seed_123,123
15.083179208893009,45.3551912568306,60,60,size_60x60_run_006_seed_123,123
15.08502691305794,45.37011745424747,60,60,size_60x60_run_006_seed_123,123
15.085112164627255,45.385035499726925,60,60,size_60x60_run_006_seed_123,123
15.08528142075593,45.3999453999454,60,60,size_60x60_run_006_seed_123,123
15.085636316462152,45.414847161572055,60,60,size_60x60_run_006_seed_123,123
15.086414207477734,45.429740791268756,60,60,size_60x60_run_006_seed_123,123
15.086994217118747,45.44462629569013,60,60,size_60x60_run_006_seed_123,123
15.087318248080035,45.459503681483504,60,60,size_60x60_run_006_seed_123,123
15.091567972854056,45.47437295528899,60,60,size_60x60_run_006_seed_123,123
15.093591629287621,45.489234123739436,60,60,size_60x60_run_006_seed_123,123
15.094489793858097,45.50408719346049,60,60,size_60x60_run_006_seed_123,123
15.095191201956549,45.51893217107055,60,60,size_60x60_run_006_seed_123,123
15.096192070017887,45.53376906318083,60,60,size_60x60_run_006_seed_123,123
15.096367752259429,45.54859787639532,60,60,size_60x60_run_006_seed_123,123
15.096957461703225,45.56341861731083,60,60,size_60x60_run_006_seed_123,123
15.097255593294587,45.57823129251701,60,60,size_60x60_run_006_seed_123,123
15.097418828682084,45.5930359085963,60,60,size_60x60_run_006_seed_123,123
15.098236067419935,45.60783247212402,60,60,size_60x60_run_006_seed_123,123
15.098306676137534,45.6226209896683,60,60,size_60x60_run_006_seed_123,123
15.098382739456653,45.63740146779016,60,60,size_60x60_run_006_seed_123,123
15.100867519591185,45.65217391304348,60,60,size_60x60_run_006_seed_123,123
15.101615683591127,45.666938331975004,60,60,size_60x60_run_006_seed_123,123
15.104302273044128,45.68169473112439,60,60,size_60x60_run_006_seed_123,123
15.105889086855335,45.69644311702417,60,60,size_60x60_run_006_seed_123,123
15.106817403000454,45.71118349619978,60,60,size_60x60_run_006_seed_123,123
15.1083997787851,45.725915875169605,60,60,size_60x60_run_006_seed_123,123
15.109969162675373,45.74064026044493,60,60,size_60x60_run_006_seed_123,123
15.110694118351152,45.75535665852997,60,60,size_60x60_run_006_seed_123,123
15.112445756288157,45.770065075921906,60,60,size_60x60_run_006_seed_123,123
15.112813327208993,45.78476551911087,60,60,size_60x60_run_006_seed_123,123
15.113809197358401,45.799457994579946,60,60,size_60x60_run_006_seed_123,123
15.115060512946393,45.8141425088052,60,60,size_60x60_run_006_seed_123,123
15.117306977665592,45.82881906825569,60,60,size_60x60_run_006_seed_123,123
15.119898586609333,45.84348767939345,60,60,size_60x60_run_006_seed_123,123
15.120951586023818,45.858148348673524,60,60,size_60x60_run_006_seed_123,123
15.123800356627566,45.87280108254398,60,60,size_60x60_run_006_seed_123,123
15.126408111588288,45.887445887445885,60,60,size_60x60_run_006_seed_123,123
15.127993476583711,45.90208276981336,60,60,size_60x60_run_006_seed_123,123
15.128070975605283,45.91671173607355,60,60,size_60x60_run_006_seed_123,123
15.128567724764638,45.931332792646664,60,60,size_60x60_run_006_seed_123,123
15.129494220323034,45.94594594594595,60,60,size_60x60_run_006_seed_123,123
15.129934880838917,45.96055120237774,60,60,size_60x60_run_006_seed_123,123
15.130641110100921,45.97514856834144,60,60,size_60x60_run_006_seed_123,123
15.131498499706527,45.98973805022955,60,60,size_60x60_run_006_seed_123,123
15.132188291585345,46.00431965442765,60,60,size_60x60_run_006_seed_123,123
15.133545809059967,46.01889338731444,60,60,size_60x60_run_006_seed_123,123
15.13465546582934,46.03345925526174,60,60,size_60x60_run_006_seed_123,123
15.135018696767382,46.04801726463448,60,60,size_60x60_run_006_seed_123,123
15.135559137961161,46.062567421790725,60,60,size_60x60_run_006_seed_123,123
15.136646503013004,46.062567421790725,60,60,size_60x60_run_006_seed_123,123
15.136707442936945,46.07710973308169,60,60,size_60x60_run_006_seed_123,123
15.13729514878182,46.091644204851754,60,60,size_60x60_run_006_seed_123,123
15.137748685785215,46.10617084343843,60,60,size_60x60_run_006_seed_123,123
15.13822504792197,46.12068965517241,60,60,size_60x60_run_006_seed_123,123
15.1385954889233,46.1352006463776,60,60,size_60x60_run_006_seed_123,123
15.139559320470193,46.14970382337103,60,60,size_60x60_run_006_seed_123,123
15.140169260346326,46.16419919246299,60,60,size_60x60_run_006_seed_123,123
15.140566452052118,46.178686759956946,60,60,size_60x60_run_006_seed_123,123
15.142278931311884,46.19316653214958,60,60,size_60x60_run_006_seed_123,123
15.143316714787971,46.20763851533082,60,60,size_60x60_run_006_seed_123,123
15.146028167384495,46.20763851533082,60,60,size_60x60_run_006_seed_123,123
15.14746598407498,46.22210271578381,60,60,size_60x60_run_006_seed_123,123
15.14892992410508,46.236559139784944,60,60,size_60x60_run_006_seed_123,123
15.148945649590072,46.25100779360387,60,60,size_60x60_run_006_seed_123,123
15.150575338562176,46.25100779360387,60,60,size_60x60_run_006_seed_123,123
15.150993859605634,46.26544868350349,60,60,size_60x60_run_006_seed_123,123
15.151051388151657,46.26544868350349,60,60,size_60x60_run_006_seed_123,123
15.15173762207559,46.27988181573999,60,60,size_60x60_run_006_seed_123,123
15.152786699712285,46.29430719656283,60,60,size_60x60_run_006_seed_123,123
15.153417080367992,46.308724832214764,60,60,size_60x60_run_006_seed_123,123
15.155312124703947,46.323134728931834,60,60,size_60x60_run_006_seed_123,123
15.158970170726592,46.33753689294339,60,60,size_60x60_run_006_seed_123,123
15.160050778215798,46.3519313304721,60,60,size_60x60_run_006_seed_123,123
15.160299740369993,46.36631804773398,60,60,size_60x60_run_006_seed_123,123
15.161486448023526,46.38069705093834,60,60,size_60x60_run_006_seed_123,123
15.162530640077984,46.39506834628786,60,60,size_60x60_run_006_seed_123,123
15.165191332020743,46.40943193997856,60,60,size_60x60_run_006_seed_123,123
15.167567428095943,46.423787838199836,60,60,size_60x60_run_006_seed_123,123
15.168748301585696,46.43813604713444,60,60,size_60x60_run_006_seed_123,123
15.172932932501828,46.4524765729585,60,60,size_60x60_run_006_seed_123,123
15.173464770631524,46.466809421841546,60,60,size_60x60_run_006_seed_123,123
15.175633546741528,46.481134599946486,60,60,size_60x60_run_006_seed_123,123
15.177158673372109,46.49545211342964,60,60,size_60x60_run_006_seed_123,123
15.177868913724712,46.50976196844076,60,60,size_60x60_run_006_seed_123,123
15.178386271261003,46.524064171122994,60,60,size_60x60_run_006_seed_123,123
15.178703127332312,46.53835872761294,60,60,size_60x60_run_006_seed_123,123
15.180024334091486,46.552645644040616,60,60,size_60x60_run_006_seed_123,123
15.181819034159918,46.56692492652952,60,60,size_60x60_run_006_seed_123,123
15.182451733697235,46.58119658119658,60,60,size_60x60_run_006_seed_123,123
15.18270993160698,46.5954606141522,60,60,size_60x60_run_006_seed_123,123
15.185283794968115,46.60971703150027,60,60,size_60x60_run_006_seed_123,123
15.185715772203254,46.62396583933814,60,60,size_60x60_run_006_seed_123,123
15.190234562032765,46.638207043756665,60,60,size_60x60_run_006_seed_123,123
15.193192596843469,46.65244065084023,60,60,size_60x60_run_006_seed_123,123
15.193367176466612,46.666666666666664,60,60,size_60x60_run_006_seed_123,123
15.194949987950631,46.68088509730738,60,60,size_60x60_run_006_seed_123,123
15.199889931080707,46.695095948827294,60,60,size_60x60_run_006_seed_123,123
15.200262848589428,46.70929922728484,60,60,size_60x60_run_006_seed_123,123
15.201176072287094,46.72349493873202,60,60,size_60x60_run_006_seed_123,123
15.20154411216971,46.737683089214386,60,60,size_60x60_run_006_seed_123,123
15.202328253024406,46.75186368477103,60,60,size_60x60_run_006_seed_123,123
15.204147219121705,46.76603673143466,60,60,size_60x60_run_006_seed_123,123
15.205690104489454,46.780202235231506,60,60,size_60x60_run_006_seed_123,123
15.207012020789984,46.79436020218143,60,60,size_60x60_run_006_seed_123,123
15.207477421296645,46.79436020218143,60,60,size_60x60_run_006_seed_123,123
15.20804111712752,46.79436020218143,60,60,size_60x60_run_006_seed_123,123
15.208237809001064,46.808510638297875,60,60,size_60x60_run_006_seed_123,123
15.210224380965554,46.822653549587876,60,60,size_60x60_run_006_seed_123,123
15.21129318533763,46.836788942052095,60,60,size_60x60_run_006_seed_123,123
15.211352187945984,46.85091682168483,60,60,size_60x60_run_006_seed_123,123
15.211508650327088,46.86503719447396,60,60,size_60x60_run_006_seed_123,123
15.211729810027702,46.87915006640107,60,60,size_60x60_run_006_seed_123,123
15.212042777122933,46.89325544344132,60,60,size_60x60_run_006_seed_123,123
15.215431832576323,46.90735333156358,60,60,size_60x60_run_006_seed_123,123
15.21569715884147,46.92144373673036,60,60,size_60x60_run_006_seed_123,123
15.216710760220105,46.93552666489785,60,60,size_60x60_run_006_seed_123,123
15.217452019388327,46.94960212201592,60,60,size_60x60_run_006_seed_123,123
15.220249506701565,46.96367011402811,60,60,size_60x60_run_006_seed_123,123
15.220707933905667,46.977730646871684,60,60,size_60x60_run_006_seed_123,123
15.223962960715662,46.99178372647761,60,60,size_60x60_run_006_seed_123,123
15.228939364535664,47.005829358770534,60,60,size_60x60_run_006_seed_123,123
15.231462572074049,47.019867549668874,60,60,size_60x60_run_006_seed_123,123
15.232247464009713,47.03389830508475,60,60,size_60x60_run_006_seed_123,123
15.233694691877863,47.04792163092401,60,60,size_60x60_run_006_seed_123,123
15.233699059739731,47.06193753308629,60,60,size_60x60_run_006_seed_123,123
15.23664093817646,47.075946017464936,60,60,size_60x60_run_006_seed_123,123
15.237449222887868,47.08994708994709,60,60,size_60x60_run_006_seed_123,123
15.23775202011881,47.10394075641365,60,60,size_60x60_run_006_seed_123,123
15.238084934036989,47.117927022739295,60,60,size_60x60_run_006_seed_123,123
15.239831074699872,47.13190589479249,60,60,size_60x60_run_006_seed_123,123
15.242351443478887,47.14587737843552,60,60,size_60x60_run_006_seed_123,123
15.24238111625549,47.15984147952444,60,60,size_60x60_run_006_seed_123,123
15.246414338228107,47.173798203909136,60,60,size_60x60_run_006_seed_123,123
15.247071147565288,47.187747557433326,60,60,size_60x60_run_006_seed_123,123
15.248115879156716,47.20168954593453,60,60,size_60x60_run_006_seed_123,123
15.248299348464451,47.21562417524412,60,60,size_60x60_run_006_seed_123,123
15.249681179303504,47.229551451187334,60,60,size_60x60_run_006_seed_123,123
15.24986651352851,47.24347137958323,60,60,size_60x60_run_006_seed_123,123
15.252099839502026,47.257383966244724,60,60,size_60x60_run_006_seed_123,123
15.256849661824917,47.271289216978644,60,60,size_60x60_run_006_seed_123,123
15.257345022362973,47.28518713758566,60,60,size_60x60_run_006_seed_123,123
15.259531814951727,47.299077733860344,60,60,size_60x60_run_006_seed_123,123
15.25985188200832,47.31296101159115,60,60,size_60x60_run_006_seed_123,123
15.264445673915858,47.32683697656044,60,60,size_60x60_run_006_seed_123,123
15.267349589161043,47.3407056345445,60,60,size_60x60_run_006_seed_123,123
15.26785154931165,47.354566991313504,60,60,size_60x60_run_006_seed_123,123
15.269232755441834,47.354566991313504,60,60,size_60x60_run_006_seed_123,123
15.270385553231861,47.368421052631575,60,60,size_60x60_run_006_seed_123,123
15.271199256886648,47.38226782425677,60,60,size_60x60_run_006_seed_123,123
15.274668471909752,47.39610731194108,60,60,size_60x60_run_006_seed_123,123
15.27567509132123,47.40993952143045,60,60,size_60x60_run_006_seed_123,123
15.278664658091364,47.423764458464774,60,60,size_60x60_run_006_seed_123,123
15.279222462837541,47.43758212877792,60,60,size_60x60_run_006_seed_123,123
15.279859822399219,47.45139253809774,60,60,size_60x60_run_006_seed_123,123
15.28056348656654,47.46519569214605,60,60,size_60x60_run_006_seed_123,123
15.28313663811301,47.47899159663865,60,60,size_60x60_run_006_seed_123,123
15.284881716112725,47.492780257285375,60,60,size_60x60_run_006_seed_123,123
15.285278057326595,47.506561679790025,60,60,size_60x60_run_006_seed_123,123
15.28601056415663,47.520335869850435,60,60,size_60x60_run_006_seed_123,123
15.288134877197136,47.53410283315845,60,60,size_60x60_run_006_seed_123,123
15.289866178742908,47.54786257539995,60,60,size_60x60_run_006_seed_123,123
15.293485384799519,47.56161510225485,60,60,size_60x60_run_006_seed_123,123
15.293907827147388,47.575360419397114,60,60,size_60x60_run_006_seed_123,123
15.295302161436771,47.58909853249476,60,60,size_60x60_run_006_seed_123,123
15.29609163213244,47.60282944720985,60,60,size_60x60_run_006_seed_123,123
15.29705066745704,47.61655316919853,60,60,size_60x60_run_006_seed_123,123
15.298394011012702,47.63026970411102,60,60,size_60x60_run_006_seed_123,123
15.298665073932309,47.64397905759162,60,60,size_60x60_run_006_seed_123,123
15.300321421850002,47.65768123527872,60,60,size_60x60_run_006_seed_123,123
15.300440963992243,47.67137624280481,60,60,size_60x60_run_006_seed_123,123
15.300744205002246,47.6850640857965,60,60,size_60x60_run_006_seed_123,123
15.302401582075397,47.69874476987448,60,60,size_60x60_run_006_seed_123,123
15.30326059628773,47.712418300653596,60,60,size_60x60_run_006_seed_123,123
15.306156996562898,47.72608468374281,60,60,size_60x60_run_006_seed_123,123
15.306255112848888,47.739743924745234,60,60,size_60x60_run_006_seed_123,123
15.309925912794103,47.7533960292581,60,60,size_60x60_run_006_seed_123,123
15.311027810555977,47.767041002872816,60,60,size_60x60_run_006_seed_123,123
15.315174480386377,47.78067885117493,60,60,size_60x60_run_006_seed_123,123
15.31775858988811,47.794309579744194,60,60,size_60x60_run_006_seed_123,123
15.31922379825879,47.80793319415449,60,60,size_60x60_run_006_seed_123,123
15.319410314447177,47.82154969997391,60,60,size_60x60_run_006_seed_123,123
15.320758796081606,47.835159102764734,60,60,size_60x60_run_006_seed_123,123
15.321253353819897,47.84876140808344,60,60,size_60x60_run_006_seed_123,123
15.325275582676408,47.862356621480714,60,60,size_60x60_run_006_seed_123,123
15.326568233104718,47.87594474850143,60,60,size_60x60_run_006_seed_123,123
15.327741879220142,47.88952579468474,60,60,size_60x60_run_006_seed_123,123
15.330260069942405,47.90309976556395,60,60,size_60x60_run_006_seed_123,123
15.330576081991264,47.91666666666667,60,60,size_60x60_run_006_seed_123,123
15.333013626272466,47.93022650351471,60,60,size_60x60_run_006_seed_123,123
15.333351322146846,47.94377928162415,60,60,size_60x60_run_006_seed_123,123
15.33473409761209,47.957325006505336,60,60,size_60x60_run_006_seed_123,123
15.336185968661036,47.97086368366285,60,60,size_60x60_run_006_seed_123,123
15.337590565065723,47.98439531859558,60,60,size_60x60_run_006_seed_123,123
15.337686016430732,47.997919916796675,60,60,size_60x60_run_006_seed_123,123
15.338426511691654,48.011437483753575,60,60,size_60x60_run_006_seed_123,123
15.338833802843281,48.011437483753575,60,60,size_60x60_run_006_seed_123,123
15.339169612137503,48.024948024948024,60,60,size_60x60_run_006_seed_123,123
15.339943397545508,48.03845154585606,60,60,size_60x60_run_006_seed_123,123
15.34017547366162,48.05194805194805,60,60,size_60x60_run_006_seed_123,123
15.34386247985775,48.06543754868865,60,60,size_60x60_run_006_seed_123,123
15.344446990494601,48.07892004153687,60,60,size_60x60_run_006_seed_123,123
15.346223102063874,48.09239553594601,60,60,size_60x60_run_006_seed_123,123
15.346912672913707,48.10586403736378,60,60,size_60x60_run_006_seed_123,123
15.347433555753069,48.119325551232166,60,60,size_60x60_run_006_seed_123,123
15.349527606268175,48.13278008298755,60,60,size_60x60_run_006_seed_123,123
15.349982638373412,48.146227638060665,60,60,size_60x60_run_006_seed_123,123
15.349999228591807,48.15966822187662,60,60,size_60x60_run_006_seed_123,123
15.352586122645418,48.17310183985489,60,60,size_60x60_run_006_seed_123,123
15.35265881126992,48.18652849740933,60,60,size_60x60_run_006_seed_123,123
15.354143514078112,48.1999481999482,60,60,size_60x60_run_006_seed_123,123
15.3542776549365,48.213360952874154,60,60,size_60x60_run_006_seed_123,123
15.356322249876074,48.22676676158426,60,60,size_60x60_run_006_seed_123,123
15.357985603797621,48.24016563146998,60,60,size_60x60_run_006_seed_123,123
15.358280111804737,48.253557567917206,60,60,size_60x60_run_006_seed_123,123
15.358892198727933,48.26694257630626,60,60,size_60x60_run_006_seed_123,123
15.359375202731423,48.280320662011896,60,60,size_60x60_run_006_seed_123,123
15.360176632285457,48.293691830403304,60,60,size_60x60_run_006_seed_123,123
15.361200293598777,48.30705608684415,60,60,size_60x60_run_006_seed_123,123
15.361493781200949,48.320413436692505,60,60,size_60x60_run_006_seed_123,123
15.36241249744861,48.333763885300954,60,60,size_60x60_run_006_seed_123,123
15.36254837055659,48.34710743801653,60,60,size_60x60_run_006_seed_123,123
15.36340785215962,48.360444100180736,60,60,size_60x60_run_006_seed_123,123
15.363441140252496,48.37377387712959,60,60,size_60x60_run_006_seed_123,123
15.364880832597773,48.38709677419355,60,60,size_60x60_run_006_seed_123,123
15.365823645180056,48.40041279669763,60,60,size_60x60_run_006_seed_123,123
15.366851411615816,48.41372194996131,60,60,size_60x60_run_006_seed_123,123
15.367353534189409,48.4270242392986,60,60,size_60x60_run_006_seed_123,123
15.368343908236243,48.44031967001804,60,60,size_60x60_run_006_seed_123,123
15.368373707265912,48.45360824742268,60,60,size_60x60_run_006_seed_123,123
15.368375991631575,48.4668899768101,60,60,size_60x60_run_006_seed_123,123
15.370644820892242,48.48016486347244,60,60,size_60x60_run_006_seed_123,123
15.372383468195178,48.49343291269637,60,60,size_60x60_run_006_seed_123,123
15.372771264326863,48.506694129763126,60,60,size_60x60_run_006_seed_123,123
15.37377040278137,48.51994851994852,60,60,size_60x60_run_006_seed_123,123
15.37616534497656,48.5331960885229,60,60,size_60x60_run_006_seed_123,123
15.37747291731779,48.54643684075122,60,60,size_60x60_run_006_seed_123,123
15.377776801282593,48.559670781893004,60,60,size_60x60_run_006_seed_123,123
15.377975291221695,48.559670781893004,60,60,size_60x60_run_006_seed_123,123
15.378527133624237,48.57289791720237,60,60,size_60x60_run_006_seed_123,123
15.381638510618929,48.58611825192802,60,60,size_60x60_run_006_seed_123,123
15.382734063359914,48.59933179131329,60,60,size_60x60_run_006_seed_123,123
15.382761003588636,48.6125385405961,60,60,size_60x60_run_006_seed_123,123
15.384859170149678,48.6125385405961,60,60,size_60x60_run_006_seed_123,123
15.38584983496054,48.6125385405961,60,60,size_60x60_run_006_seed_123,123
15.385977644028634,48.62573850500899,60,60,size_60x60_run_006_seed_123,123
15.38732095091393,48.63893168977915,60,60,size_60x60_run_006_seed_123,123
15.388481299535608,48.65211810012837,60,60,size_60x60_run_006_seed_123,123
15.389108683667791,48.6652977412731,60,60,size_60x60_run_006_seed_123,123
15.389471086937832,48.67847061842443,60,60,size_60x60_run_006_seed_123,123
15.390232869623201,48.6916367367881,60,60,size_60x60_run_006_seed_123,123
15.391165670623701,48.704796101564504,60,60,size_60x60_run_006_seed_123,123
15.391180229348587,48.717948717948715,60,60,size_60x60_run_006_seed_123,123
15.391428784441805,48.73109459113048,60,60,size_60x60_run_006_seed_123,123
15.392023273149498,48.744233726294205,60,60,size_60x60_run_006_seed_123,123
15.393222499932968,48.75736612861901,60,60,size_60x60_run_006_seed_123,123
15.393366283365612,48.77049180327869,60,60,size_60x60_run_006_seed_123,123
15.395061748958707,48.78361075544174,60,60,size_60x60_run_006_seed_123,123
15.395312762727274,48.79672299027138,60,60,size_60x60_run_006_seed_123,123
15.396673640343533,48.80982851292552,60,60,size_60x60_run_006_seed_123,123
15.396852310565297,48.82292732855681,60,60,size_60x60_run_006_seed_123,123
15.397459816028093,48.83601944231261,60,60,size_60x60_run_006_seed_123,123
15.397985236077481,48.84910485933504,60,60,size_60x60_run_006_seed_123,123
15.399394691564614,48.862183584760935,60,60,size_60x60_run_006_seed_123,123
15.403274706826682,48.875255623721884,60,60,size_60x60_run_006_seed_123,123
15.405003286897031,48.888320981344236,60,60,size_60x60_run_006_seed_123,123
15.405472525779729,48.90137966274911,60,60,size_60x60_run_006_seed_123,123
15.405606293662489,48.90137966274911,60,60,size_60x60_run_006_seed_123,123
15.405890373798062,48.91443167305236,60,60,size_60x60_run_006_seed_123,123
15.40967975371741,48.92747701736466,60,60,size_60x60_run_006_seed_123,123
15.410393690757104,48.94051570079142,60,60,size_60x60_run_006_seed_123,123
15.410578282021119,48.95354772843287,60,60,size_60x60_run_006_seed_123,123
15.413693542630119,48.96657310538403,60,60,size_60x60_run_006_seed_123,123
15.413752246504425,48.97959183673469,60,60,size_60x60_run_006_seed_123,123
15.41543521471734,48.9926039275695,60,60,size_60x60_run_006_seed_123,123
15.418165067324836,49.005609382967876,60,60,size_60x60_run_006_seed_123,123
15.418440640468726,49.018608208004075,60,60,size_60x60_run_006_seed_123,123
15.419472155384405,49.03160040774719,60,60,size_60x60_run_006_seed_123,123
15.419893398620749,49.044585987261144,60,60,size_60x60_run_006_seed_123,123
15.420961851637676,49.05756495160469,60,60,size_60x60_run_006_seed_123,123
15.423312644761772,49.07053730583142,60,60,size_60x60_run_006_seed_123,123
15.42337466693002,49.08350305498982,60,60,size_60x60_run_006_seed_123,123
15.42375275015185,49.096462204123185,60,60,size_60x60_run_006_seed_123,123
15.425680189249698,49.10941475826972,60,60,size_60x60_run_006_seed_123,123
15.42650887500075,49.122360722462474,60,60,size_60x60_run_006_seed_123,123
15.42790209154991,49.1353001017294,60,60,size_60x60_run_006_seed_123,123
15.428912598782988,49.148232901093316,60,60,size_60x60_run_006_seed_123,123
15.430018561943916,49.161159125571935,60,60,size_60x60_run_006_seed_123,123
15.430957916760159,49.174078780177894,60,60,size_60x60_run_006_seed_123,123
15.431869826093113,49.1869918699187,60,60,size_60x60_run_006_seed_123,123
15.432293717445093,49.1998983997968,60,60,size_60x60_run_006_seed_123,123
15.433664354038442,49.212798374809545,60,60,size_60x60_run_006_seed_123,123
15.434310171567573,49.22569179994923,60,60,size_60x60_run_006_seed_123,123
15.434944264314252,49.23857868020304,60,60,size_60x60_run_006_seed_123,123
15.435353752545614,49.251459020553156,60,60,size_60x60_run_006_seed_123,123
15.43547831788833,49.26433282597666,60,60,size_60x60_run_006_seed_123,123
15.436340384372631,49.2772001014456,60,60,size_60x60_run_006_seed_123,123
15.438692904317557,49.290060851926974,60,60,size_60x60_run_006_seed_123,123
15.439984066485037,49.30291508238277,60,60,size_60x60_run_006_seed_123,123
15.440089692093988,49.31576279776989,60,60,size_60x60_run_006_seed_123,123
15.444826893951022,49.32860400304028,60,60,size_60x60_run_006_seed_123,123
15.445248302783542,49.34143870314083,60,60,size_60x60_run_006_seed_123,123
15.449443914432313,49.354266903013425,60,60,size_60x60_run_006_seed_123,123
15.450178585359852,49.36708860759494,60,60,size_60x60_run_006_seed_123,123
15.451918638561894,49.37990382181726,60,60,size_60x60_run_006_seed_123,123
15.452594784798258,49.392712550607285,60,60,size_60x60_run_006_seed_123,123
15.4530007312544,49.40551479888693,60,60,size_60x60_run_006_seed_123,123
15.453679426211783,49.418310571573095,60,60,size_60x60_run_006_seed_123,123
15.454699501520812,49.43109987357775,60,60,size_60x60_run_006_seed_123,123
15.455137051136042,49.44388270980789,60,60,size_60x60_run_006_seed_123,123
15.455303042523381,49.456659085165526,60,60,size_60x60_run_006_seed_123,123
15.45832946698495,49.46942900454775,60,60,size_60x60_run_006_seed_123,123
15.458391230773532,49.482192472846684,60,60,size_60x60_run_006_seed_123,123
15.461211689533375,49.494949494949495,60,60,size_60x60_run_006_seed_123,123
15.461965575336851,49.50770007573845,60,60,size_60x60_run_006_seed_123,123
15.464001924107789,49.520444220090866,60,60,size_60x60_run_006_seed_123,123
15.466853448028953,49.53318193287913,60,60,size_60x60_run_006_seed_123,123
15.467976060186798,49.54591321897074,60,60,size_60x60_run_006_seed_123,123
15.47006633290815,49.558638083228246,60,60,size_60x60_run_006_seed_123,123
15.472825747243826,49.571356530509334,60,60,size_60x60_run_006_seed_123,123
15.473300569508673,49.58406856566675,60,60,size_60x60_run_006_seed_123,123
15.475511436394733,49.596774193548384,60,60,size_60x60_run_006_seed_123,123
15.477639612392405,49.596774193548384,60,60,size_60x60_run_006_seed_123,123
15.477975093302108,49.60947341899723,60,60,size_60x60_run_006_seed_123,123
15.479223239705076,49.622166246851386,60,60,size_60x60_run_006_seed_123,123
15.48041048355103,49.634852681944096,60,60,size_60x60_run_006_seed_123,123
15.484182288825567,49.64753272910373,60,60,size_60x60_run_006_seed_123,123
15.484183470290077,49.660206393153786,60,60,size_60x60_run_006_seed_123,123
15.485739605529734,49.672873678912936,60,60,size_60x60_run_006_seed_123,123
15.485887232263748,49.672873678912936,60,60,size_60x60_run_006_seed_123,123
15.487711389503145,49.685534591194966,60,60,size_60x60_run_006_seed_123,123
15.490326711233246,49.69818913480885,60,60,size_60x60_run_006_seed_123,123
15.493594938660268,49.71083731455872,60,60,size_60x60_run_006_seed_123,123
15.493711455377426,49.72347913524384,60,60,size_60x60_run_006_seed_123,123
15.495553256263179,49.73611460165871,60,60,size_60x60_run_006_seed_123,123
15.496666288192072,49.74874371859296,60,60,size_60x60_run_006_seed_123,123
15.497250805447823,49.74874371859296,60,60,size_60x60_run_006_seed_123,123
15.49910807709267,49.76136649083145,60,60,size_60x60_run_006_seed_123,123
15.500225506651187,49.77398292315419,60,60,size_60x60_run_006_seed_123,123
15.500614394491393,49.786593020336426,60,60,size_60x60_run_006_seed_123,123
15.501475152127414,49.79919678714859,60,60,size_60x60_run_006_seed_123,123
15.501486768548451,49.81179422835634,60,60,size_60x60_run_006_seed_123,123
15.502322452182183,49.824385348720526,60,60,size_60x60_run_006_seed_123,123
15.50235924515996,49.83697015299724,60,60,size_60x60_run_006_seed_123,123
15.502755243403378,49.849548645937816,60,60,size_60x60_run_006_seed_123,123
15.503417820353247,49.862120832288795,60,60,size_60x60_run_006_seed_123,123
15.504314440148553,49.87468671679198,60,60,size_60x60_run_006_seed_123,123
15.505060449931449,49.887246304184416,60,60,size_60x60_run_006_seed_123,123
15.508483888207856,49.899799599198396,60,60,size_60x60_run_006_seed_123,123
15.510296942336252,49.91234660656148,60,60,size_60x60_run_006_seed_123,123
15.511985889972992,49.92488733099649,60,60,size_60x60_run_006_seed_123,123
15.512435859043954,49.93742177722152,60,60,size_60x60_run_006_seed_123,123
15.512690390906197,49.94994994994995,60,60,size_60x60_run_006_seed_123,123
15.514679942293638,49.96247185389041,60,60,size_60x60_run_006_seed_123,123
15.514962624577668,49.97498749374687,60,60,size_60x60_run_006_seed_123,123
15.516031813097886,49.98749687421856,60,60,size_60x60_run_006_seed_123,123
15.516290171425226,50.0,60,60,size_60x60_run_006_seed_123,123
15.516337487080367,50.01249687578105,60,60,size_60x60_run_006_seed_123,123
15.517219711571745,50.02498750624687,60,60,size_60x60_run_006_seed_123,123
15.519362216287075,50.037471896077946,60,60,size_60x60_run_006_seed_123,123
15.52134498393433,50.049950049950056,60,60,size_60x60_run_006_seed_123,123
15.521986829463575,50.06242197253433,60,60,size_60x60_run_006_seed_123,123
15.523312851881757,50.07488766849726,60,60,size_60x60_run_006_seed_123,123
15.523917173635326,50.087347142500626,60,60,size_60x60_run_006_seed_123,123
15.52496640339126,50.0998003992016,60,60,size_60x60_run_006_seed_123,123
15.526536786347155,50.11224744325268,60,60,size_60x60_run_006_seed_123,123
15.526917232996341,50.12468827930174,60,60,size_60x60_run_006_seed_123,123
15.527054576053512,50.13712291199203,60,60,size_60x60_run_006_seed_123,123
15.527560338603543,50.13712291199203,60,60,size_60x60_run_006_seed_123,123
15.528642316877999,50.14955134596212,60,60,size_60x60_run_006_seed_123,123
15.528785812741239,50.161973585846,60,60,size_60x60_run_006_seed_123,123
15.529489361863458,50.17438963627304,60,60,size_60x60_run_006_seed_123,123
15.530451534397404,50.17438963627304,60,60,size_60x60_run_006_seed_123,123
15.530987395738672,50.186799501867995,60,60,size_60x60_run_006_seed_123,123
15.531313463920236,50.199203187250994,60,60,size_60x60_run_006_seed_123,123
15.531319829344826,50.211600697037596,60,60,size_60x60_run_006_seed_123,123
15.533884670706339,50.22399203583873,60,60,size_60x60_run_006_seed_123,123
15.533912538422907,50.23637720826076,60,60,size_60x60_run_006_seed_123,123
15.537266970837864,50.24875621890548,60,60,size_60x60_run_006_seed_123,123
15.53753473535198,50.26112907237006,60,60,size_60x60_run_006_seed_123,123
15.537600552636903,50.27349577324715,60,60,size_60x60_run_006_seed_123,123
15.53852451223599,50.28585632612478,60,60,size_60x60_run_006_seed_123,123
15.541306944525363,50.29821073558648,60,60,size_60x60_run_006_seed_123,123
15.542332132592897,50.31055900621118,60,60,size_60x60_run_006_seed_123,123
15.542719611632434,50.32290114257327,60,60,size_60x60_run_006_seed_123,123
15.542796367866082,50.335237149242616,60,60,size_60x60_run_006_seed_123,123
15.543250389082342,50.34756703078451,60,60,size_60x60_run_006_seed_123,123
15.544834249902141,50.359890791759746,60,60,size_60x60_run_006_seed_123,123
15.544841638054598,50.37220843672456,60,60,size_60x60_run_006_seed_123,123
15.544892217639799,50.38451997023071,60,60,size_60x60_run_006_seed_123,123
15.548406828251736,50.39682539682539,60,60,size_60x60_run_006_seed_123,123
15.549411840184762,50.40912472105133,60,60,size_60x60_run_006_seed_123,123
15.549517720629146,50.4214179474467,60,60,size_60x60_run_006_seed_123,123
15.549889090736993,50.4214179474467,60,60,size_60x60_run_006_seed_123,123
15.55154084526569,50.43370508054523,60,60,size_60x60_run_006_seed_123,123
15.555171213360756,50.44598612487612,60,60,size_60x60_run_006_seed_123,123
15.555400462230757,50.458261084964086,60,60,size_60x60_run_006_seed_123,123
15.556778921821769,50.47052996532937,60,60,size_60x60_run_006_seed_123,123
15.557012010920182,50.48279277048775,60,60,size_60x60_run_006_seed_123,123
15.55714035312704,50.495049504950494,60,60,size_60x60_run_006_seed_123,123
15.558779801652573,50.495049504950494,60,60,size_60x60_run_006_seed_123,123
15.55973600838145,50.50730017322444,60,60,size_60x60_run_006_seed_123,123
15.560194515124353,50.50730017322444,60,60,size_60x60_run_006_seed_123,123
15.56026934927227,50.51954477981197,60,60,size_60x60_run_006_seed_123,123
15.563957715104141,50.53178332921098,60,60,size_60x60_run_006_seed_123,123
15.564354488045229,50.54401582591493,60,60,size_60x60_run_006_seed_123,123
15.565025268266481,50.55624227441285,60,60,size_60x60_run_006_seed_123,123
15.566262730799984,50.56846267918932,60,60,size_60x60_run_006_seed_123,123
15.566903069984962,50.58067704472449,60,60,size_60x60_run_006_seed_123,123
15.567539345153348,50.59288537549407,60,60,size_60x60_run_006_seed_123,123
15.568270219253248,50.60508767596937,60,60,size_60x60_run_006_seed_123,123
15.571254716228726,50.617283950617285,60,60,size_60x60_run_006_seed_123,123
15.573329971017072,50.62947420390027,60,60,size_60x60_run_006_seed_123,123
15.573359632900372,50.6416584402764,60,60,size_60x60_run_006_seed_123,123
15.574078848412512,50.65383666419936,60,60,size_60x60_run_006_seed_123,123
15.574158077152566,50.6660088801184,60,60,size_60x60_run_006_seed_123,123
15.576605835916121,50.67817509247842,60,60,size_60x60_run_006_seed_123,123
15.576710975525097,50.69033530571993,60,60,size_60x60_run_006_seed_123,123
15.58002104341813,50.702489524279024,60,60,size_60x60_run_006_seed_123,123
15.581820702129276,50.71463775258748,60,60,size_60x60_run_006_seed_123,123
15.582593782869857,50.72677999507268,60,60,size_60x60_run_006_seed_123,123
15.58270033392758,50.73891625615764,60,60,size_60x60_run_006_seed_123,123
15.583308885531402,50.75104654026102,60,60,size_60x60_run_006_seed_123,123
15.584498282335069,50.75104654026102,60,60,size_60x60_run_006_seed_123,123
15.585454223496045,50.76317085179715,60,60,size_60x60_run_006_seed_123,123
15.586418429678274,50.77528919517598,60,60,size_60x60_run_006_seed_123,123
15.586938553904641,50.78740157480315,60,60,size_60x60_run_006_seed_123,123
15.587533274369678,50.79950799507995,60,60,size_60x60_run_006_seed_123,123
15.58765963632628,50.81160846040335,60,60,size_60x60_run_006_seed_123,123
15.588213115894575,50.82370297516597,60,60,size_60x60_run_006_seed_123,123
15.591148969668495,50.835791543756145,60,60,size_60x60_run_006_seed_123,123
15.592482356226554,50.84787417055787,60,60,size_60x60_run_006_seed_123,123
15.593355587121657,50.859950859950864,60,60,size_60x60_run_006_seed_123,123
15.593468043145817,50.87202161631049,60,60,size_60x60_run_006_seed_123,123
15.594041039292044,50.884086444007856,60,60,size_60x60_run_006_seed_123,123
15.594746592779284,50.89614534740977,60,60,size_60x60_run_006_seed_123,123
15.596258271749472,50.90819833087874,60,60,size_60x60_run_006_seed_123,123
15.597269430067385,50.920245398773,60,60,size_60x60_run_006_seed_123,123
15.597550287319871,50.93228655544652,60,60,size_60x60_run_006_seed_123,123
15.597971310925134,50.94432180524896,60,60,size_60x60_run_006_seed_123,123
15.598027846222708,50.95635115252575,60,60,size_60x60_run_006_seed_123,123
15.59916900667634,50.96837460161804,60,60,size_60x60_run_006_seed_123,123
15.59997286784516,50.98039215686274,60,60,size_60x60_run_006_seed_123,123
15.601502107168383,50.9924038225925,60,60,size_60x60_run_006_seed_123,123
15.603913979441216,51.00440960313571,60,60,size_60x60_run_006_seed_123,123
15.607120781211751,51.01640950281655,60,60,size_60x60_run_006_seed_123,123
15.608429349815358,51.02840352595494,60,60,size_60x60_run_006_seed_123,123
15.609599387352777,51.040391676866584,60,60,size_60x60_run_006_seed_123,123
15.609697413747211,51.05237395986295,60,60,size_60x60_run_006_seed_123,123
15.609758403473757,51.06435037925129,60,60,size_60x60_run_006_seed_123,123
15.61023249053698,51.07632093933464,60,60,size_60x60_run_006_seed_123,123
15.610646511804706,51.08828564441183,60,60,size_60x60_run_006_seed_123,123
15.6110317116077,51.1002444987775,60,60,size_60x60_run_006_seed_123,123
15.611172486787755,51.11219750672207,60,60,size_60x60_run_006_seed_123,123
15.612192905821335,51.12414467253177,60,60,size_60x60_run_006_seed_123,123
15.613170182889286,51.13608600048863,60,60,size_60x60_run_006_seed_123,123
15.613780808420247,51.14802149487054,60,60,size_60x60_run_006_seed_123,123
15.615728489004397,51.159951159951156,60,60,size_60x60_run_006_seed_123,123
15.617142276803557,51.171875,60,60,size_60x60_run_006_seed_123,123
15.618535544689463,51.1837930192824,60,60,size_60x60_run_006_seed_123,123
15.619189176646419,51.19570522205954,60,60,size_60x60_run_006_seed_123,123
15.619477344756822,51.20761161258843,60,60,size_60x60_run_006_seed_123,123
15.619811106295664,51.21951219512195,60,60,size_60x60_run_006_seed_123,123
15.619908118941318,51.2314069739088,60,60,size_60x60_run_006_seed_123,123
15.620384353783619,51.2314069739088,60,60,size_60x60_run_006_seed_123,123
15.620385694529206,51.24329595319357,60,60,size_60x60_run_006_seed_123,123
15.621045449552037,51.255179137216665,60,60,size_60x60_run_006_seed_123,123
15.621609673489411,51.267056530214425,60,60,size_60x60_run_006_seed_123,123
15.621615955007938,51.278928136419,60,60,size_60x60_run_006_seed_123,123
15.622592829247923,51.29079396005846,60,60,size_60x60_run_006_seed_123,123
15.624387320372685,51.30265400535671,60,60,size_60x60_run_006_seed_123,123
15.625572777579132,51.31450827653359,60,60,size_60x60_run_006_seed_123,123
15.625900744091489,51.32635677780482,60,60,size_60x60_run_006_seed_123,123
15.626000758086356,51.32635677780482,60,60,size_60x60_run_006_seed_123,123
15.626842042048578,51.338199513382,60,60,size_60x60_run_006_seed_123,123
15.627529890694344,51.350036487472636,60,60,size_60x60_run_006_seed_123,123
15.628229431986947,51.36186770428015,60,60,size_60x60_run_006_seed_123,123
15.628815481250834,51.37369316800389,60,60,size_60x60_run_006_seed_123,123
15.6289180251092,51.38551288283909,60,60,size_60x60_run_006_seed_123,123
15.630187296425811,51.39732685297691,60,60,size_60x60_run_006_seed_123,123
15.632484482447731,51.40913508260447,60,60,size_60x60_run_006_seed_123,123
15.633941778551723,51.42093757590479,60,60,size_60x60_run_006_seed_123,123
15.634588715247503,51.43273433705683,60,60,size_60x60_run_006_seed_123,123
15.636283198033189,51.444525370235496,60,60,size_60x60_run_006_seed_123,123
15.636504106110003,51.45631067961165,60,60,size_60x60_run_006_seed_123,123
15.636537172455316,51.468090269352096,60,60,size_60x60_run_006_seed_123,123
15.636568809426416,51.4798641436196,60,60,size_60x60_run_006_seed_123,123
15.63744408705603,51.49163230657289,60,60,size_60x60_run_006_seed_123,123
15.638676297345476,51.50339476236664,60,60,size_60x60_run_006_seed_123,123
15.639321708693789,51.515151515151516,60,60,size_60x60_run_006_seed_123,123
15.639446929438003,51.52690256907416,60,60,size_60x60_run_006_seed_123,123
15.640768330616318,51.5386479282772,60,60,size_60x60_run_006_seed_123,123
15.643708027098592,51.55038759689923,60,60,size_60x60_run_006_seed_123,123
15.644686644738321,51.56212157907484,60,60,size_60x60_run_006_seed_123,123
15.644958044355906,51.57384987893463,60,60,size_60x60_run_006_seed_123,123
15.645596284599694,51.58557250060518,60,60,size_60x60_run_006_seed_123,123
15.647044870297325,51.597289448209104,60,60,size_60x60_run_006_seed_123,123
15.648715935220102,51.60900072586499,60,60,size_60x60_run_006_seed_123,123
15.649534367106806,51.62070633768747,60,60,size_60x60_run_006_seed_123,123
15.649656609136427,51.63240628778718,60,60,size_60x60_run_006_seed_123,123
15.64991423857683,51.64410058027079,60,60,size_60x60_run_006_seed_123,123
15.650950129244361,51.655789219241,60,60,size_60x60_run_006_seed_123,123
15.651390432071718,51.66747220879652,60,60,size_60x60_run_006_seed_123,123
15.653194031359233,51.67914955303213,60,60,size_60x60_run_006_seed_123,123
15.6535810076178,51.690821256038646,60,60,size_60x60_run_006_seed_123,123
15.653773587991694,51.70248732190292,60,60,size_60x60_run_006_seed_123,123
15.653905582249136,51.714147754707874,60,60,size_60x60_run_006_seed_123,123
15.654044281365962,51.725802558532465,60,60,size_60x60_run_006_seed_123,123
15.65489175204032,51.725802558532465,60,60,size_60x60_run_006_seed_123,123
15.655364651203875,51.737451737451735,60,60,size_60x60_run_006_seed_123,123
15.658481592131016,51.7490952955368,60,60,size_60x60_run_006_seed_123,123
15.659978649574189,51.7607332368548,60,60,size_60x60_run_006_seed_123,123
15.660653148014248,51.772365565469016,60,60,size_60x60_run_006_seed_123,123
15.662792351232905,51.783992285438764,60,60,size_60x60_run_006_seed_123,123
15.664986920786099,51.79561340081948,60,60,size_60x60_run_006_seed_123,123
15.665520293181364,51.80722891566265,60,60,size_60x60_run_006_seed_123,123
15.667727749809803,51.8188388340159,60,60,size_60x60_run_006_seed_123,123
15.66870833018714,51.8188388340159,60,60,size_60x60_run_006_seed_123,123
15.668844593744394,51.83044315992292,60,60,size_60x60_run_006_seed_123,123
15.669462375088342,51.84204189742355,60,60,size_60x60_run_006_seed_123,123
15.669700828924055,51.84204189742355,60,60,size_60x60_run_006_seed_123,123
15.670146653461204,51.853635050553684,60,60,size_60x60_run_006_seed_123,123
15.670344415983758,51.86522262334536,60,60,size_60x60_run_006_seed_123,123
15.67142397315515,51.86522262334536,60,60,size_60x60_run_006_seed_123,123
15.671981744913031,51.87680461982676,60,60,size_60x60_run_006_seed_123,123
15.673655357941671,51.88838104402214,60,60,size_60x60_run_006_seed_123,123
15.673709231654652,51.8999518999519,60,60,size_60x60_run_006_seed_123,123
15.675598229611609,51.911517191632605,60,60,size_60x60_run_006_seed_123,123
15.675789240809111,51.92307692307693,60,60,size_60x60_run_006_seed_123,123
15.677274552234588,51.92307692307693,60,60,size_60x60_run_006_seed_123,123
15.677284788410207,51.93463109829368,60,60,size_60x60_run_006_seed_123,123
15.677722700519594,51.94617972128784,60,60,size_60x60_run_006_seed_123,123
15.679622269914512,51.95772279606054,60,60,size_60x60_run_006_seed_123,123
15.681558748378722,51.96926032660903,60,60,size_60x60_run_006_seed_123,123
15.684179422481687,51.980792316926774,60,60,size_60x60_run_006_seed_123,123
15.68502766324238,51.99231877100337,60,60,size_60x60_run_006_seed_123,123
15.68502992957836,52.00383969282457,60,60,size_60x60_run_006_seed_123,123
15.685189735015353,52.01535508637236,60,60,size_60x60_run_006_seed_123,123
15.685960673230618,52.02686495562485,60,60,size_60x60_run_006_seed_123,123
15.686025350605124,52.038369304556355,60,60,size_60x60_run_006_seed_123,123
15.687210917779167,52.04986813713738,60,60,size_60x60_run_006_seed_123,123
15.688642820373909,52.06136145733461,60,60,size_60x60_run_006_seed_123,123
15.688718594174615,52.072849269110954,60,60,size_60x60_run_006_seed_123,123
15.689366972671996,52.08433157642549,60,60,size_60x60_run_006_seed_123,123
15.690169543672265,52.09580838323353,60,60,size_60x60_run_006_seed_123,123
15.690251980268373,52.10727969348659,60,60,size_60x60_run_006_seed_123,123
15.690848502896689,52.11874551113239,60,60,size_60x60_run_006_seed_123,123
15.691165589016249,52.13020584011488,60,60,size_60x60_run_006_seed_123,123
15.693457674673247,52.141660684374244,60,60,size_60x60_run_006_seed_123,123
15.69582455929249,52.15311004784689,60,60,size_60x60_run_006_seed_123,123
15.697130458122468,52.16455393446544,60,60,size_60x60_run_006_seed_123,123
15.698610274159314,52.17599234815877,60,60,size_60x60_run_006_seed_123,123
15.69917248000957,52.17599234815877,60,60,size_60x60_run_006_seed_123,123
15.699325119967869,52.18742529285202,60,60,size_60x60_run_006_seed_123,123
15.69970854330793,52.198852772466545,60,60,size_60x60_run_006_seed_123,123
15.70027339968027,52.210274790919954,60,60,size_60x60_run_006_seed_123,123
15.701430000095534,52.22169135212613,60,60,size_60x60_run_006_seed_123,123
15.705519983902896,52.23310245999523,60,60,size_60x60_run_006_seed_123,123
15.706581223258008,52.24450811843362,60,60,size_60x60_run_006_seed_123,123
15.709038382049606,52.25590833134399,60,60,size_60x60_run_006_seed_123,123
15.71083871126853,52.2673031026253,60,60,size_60x60_run_006_seed_123,123
15.711082961145951,52.27869243617275,60,60,size_60x60_run_006_seed_123,123
15.711855500939174,52.29007633587786,60,60,size_60x60_run_006_seed_123,123
15.712200512419463,52.30145480562843,60,60,size_60x60_run_006_seed_123,123
15.715802091374648,52.31282784930854,60,60,size_60x60_run_006_seed_123,123
15.716484144429323,52.32419547079857,60,60,size_60x60_run_006_seed_123,123
15.717001449693942,52.33555767397522,60,60,size_60x60_run_006_seed_123,123
15.718323857447983,52.34691446271146,60,60,size_60x60_run_006_seed_123,123
15.719411179720952,52.358265840876605,60,60,size_60x60_run_006_seed_123,123
15.720297575672497,52.36961181233627,60,60,size_60x60_run_006_seed_123,123
15.72081385175375,52.38095238095239,60,60,size_60x60_run_006_seed_123,123
15.720818836598564,52.39228755058319,60,60,size_60x60_run_006_seed_123,123
15.72306784917824,52.403617325083296,60,60,size_60x60_run_006_seed_123,123
15.725257942047845,52.414941708303594,60,60,size_60x60_run_006_seed_123,123
15.72606501565478,52.42626070409134,60,60,size_60x60_run_006_seed_123,123
15.726755154321415,52.437574316290124,60,60,size_60x60_run_006_seed_123,123
15.729022267394406,52.448882548739896,60,60,size_60x60_run_006_seed_123,123
15.729569704111933,52.46018540527692,60,60,size_60x60_run_006_seed_123,123
15.730385024418407,52.47148288973384,60,60,size_60x60_run_006_seed_123,123
15.730649636743268,52.48277500593965,60,60,size_60x60_run_006_seed_123,123
15.732272869072515,52.49406175771971,60,60,size_60x60_run_006_seed_123,123
15.733205960255354,52.50534314889575,60,60,size_60x60_run_006_seed_123,123
15.735112400963809,52.516619183285854,60,60,size_60x60_run_006_seed_123,123
15.735554430934004,52.52788986470449,60,60,size_60x60_run_006_seed_123,123
15.735818933958853,52.539155196962504,60,60,size_60x60_run_006_seed_123,123
15.735893594233278,52.55041518386714,60,60,size_60x60_run_006_seed_123,123
15.736099153073818,52.56166982922201,60,60,size_60x60_run_006_seed_123,123
15.736339107798418,52.572919136827124,60,60,size_60x60_run_006_seed_123,123
15.737978448373054,52.5841631104789,60,60,size_60x60_run_006_seed_123,123
15.738580647251094,52.59540175397014,60,60,size_60x60_run_006_seed_123,123
15.738961957539933,52.60663507109005,60,60,size_60x60_run_006_seed_123,123
15.739069938512126,52.60663507109005,60,60,size_60x60_run_006_seed_123,123
15.739652110543574,52.61786306562426,60,60,size_60x60_run_006_seed_123,123
15.742288821488808,52.62908574135481,60,60,size_60x60_run_006_seed_123,123
15.743442742776962,52.64030310206015,60,60,size_60x60_run_006_seed_123,123
15.74412122566589,52.64030310206015,60,60,size_60x60_run_006_seed_123,123
15.745269416277084,52.65151515151515,60,60,size_60x60_run_006_seed_123,123
15.746111655619519,52.65151515151515,60,60,size_60x60_run_006_seed_123,123
15.74684447157787,52.662721893491124,60,60,size_60x60_run_006_seed_123,123
15.747145336590554,52.6739233317558,60,60,size_60x60_run_006_seed_123,123
15.747272766068653,52.68511947007334,60,60,size_60x60_run_006_seed_123,123
15.74782845785104,52.69631031220435,60,60,size_60x60_run_006_seed_123,123
15.749326492603725,52.70749586190588,60,60,size_60x60_run_006_seed_123,123
15.750904982161005,52.71867612293144,60,60,size_60x60_run_006_seed_123,123
15.751765785530337,52.72985109903097,60,60,size_60x60_run_006_seed_123,123
15.752752357097517,52.74102079395085,60,60,size_60x60_run_006_seed_123,123
15.753040514155103,52.75218521143397,60,60,size_60x60_run_006_seed_123,123
15.754297638810547,52.75218521143397,60,60,size_60x60_run_006_seed_123,123
15.754522903486068,52.76334435521966,60,60,size_60x60_run_006_seed_123,123
15.754887822988417,52.77449822904369,60,60,size_60x60_run_006_seed_123,123
15.755011844433202,52.785646836638335,60,60,size_60x60_run_006_seed_123,123
15.757023215832579,52.796790181732355,60,60,size_60x60_run_006_seed_123,123
15.757471219318862,52.807928268050965,60,60,size_60x60_run_006_seed_123,123
15.758708725557533,52.81906109931588,60,60,size_60x60_run_006_seed_123,123
15.759898807265795,52.83018867924528,60,60,size_60x60_run_006_seed_123,123
15.759972932881126,52.841311011553884,60,60,size_60x60_run_006_seed_123,123
15.760191463217987,52.85242809995285,60,60,size_60x60_run_006_seed_123,123
15.760843107475836,52.86353994814989,60,60,size_60x60_run_006_seed_123,123
15.763380594470966,52.874646559849204,60,60,size_60x60_run_006_seed_123,123
15.76430308731002,52.88574793875147,60,60,size_60x60_run_006_seed_123,123
15.764670196145731,52.89684408855393,60,60,size_60x60_run_006_seed_123,123
15.765787878600312,52.90793501295031,60,60,size_60x60_run_006_seed_123,123
15.76720918845304,52.91902071563088,60,60,size_60x60_run_006_seed_123,123
15.768486709371246,52.93010120028242,60,60,size_60x60_run_006_seed_123,123
15.768882373313009,52.94117647058824,60,60,size_60x60_run_006_seed_123,123
15.76893741934698,52.95224653022819,60,60,size_60x60_run_006_seed_123,123
15.773397806178847,52.96331138287864,60,60,size_60x60_run_006_seed_123,123
15.774254193775805,52.97437103221255,60,60,size_60x60_run_006_seed_123,123
15.774966505491419,52.985425481899384,60,60,size_60x60_run_006_seed_123,123
15.777056240009683,52.99647473560517,60,60,size_60x60_run_006_seed_123,123
15.777326216514282,53.00751879699248,60,60,size_60x60_run_006_seed_123,123
15.777654029141537,53.01855766972046,60,60,size_60x60_run_006_seed_123,123
15.778268077923691,53.02959135744481,60,60,size_60x60_run_006_seed_123,123
15.784470854352874,53.040619863817795,60,60,size_60x60_run_006_seed_123,123
15.784971965767637,53.051643192488264,60,60,size_60x60_run_006_seed_123,123
15.785238064808059,53.06266134710162,60,60,size_60x60_run_006_seed_123,123
15.787300018029331,53.073674331299856,60,60,size_60x60_run_006_seed_123,123
15.788442789822284,53.08468214872156,60,60,size_60x60_run_006_seed_123,123
15.78845632281719,53.09568480300187,60,60,size_60x60_run_006_seed_123,123
15.789031483505047,53.106682297772565,60,60,size_60x60_run_006_seed_123,123
15.78915781382025,53.11767463666198,60,60,size_60x60_run_006_seed_123,123
15.791023929742446,53.128661823295054,60,60,size_60x60_run_006_seed_123,123
15.791322128844639,53.13964386129335,60,60,size_60x60_run_006_seed_123,123
15.792128511049146,53.150620754275,60,60,size_60x60_run_006_seed_123,123
15.793425596956942,53.161592505854806,60,60,size_60x60_run_006_seed_123,123
15.794926904142535,53.17255911964411,60,60,size_60x60_run_006_seed_123,123
15.795518975618297,53.18352059925093,60,60,size_60x60_run_006_seed_123,123
15.796281730418185,53.1944769482799,60,60,size_60x60_run_006_seed_123,123
15.797718296604128,53.20542817033223,60,60,size_60x60_run_006_seed_123,123
15.797976362515309,53.216374269005854,60,60,size_60x60_run_006_seed_123,123
15.798536095168124,53.22731524789523,60,60,size_60x60_run_006_seed_123,123
15.799396944660627,53.22731524789523,60,60,size_60x60_run_006_seed_123,123
15.801128277424793,53.23825111059154,60,60,size_60x60_run_006_seed_123,123
15.801645153196635,53.23825111059154,60,60,size_60x60_run_006_seed_123,123
15.803383579105956,53.24918186068256,60,60,size_60x60_run_006_seed_123,123
15.804046383782477,53.26010750175275,60,60,size_60x60_run_006_seed_123,123
15.807220809065047,53.271028037383175,60,60,size_60x60_run_006_seed_123,123
15.815131359864452,53.28194347115161,60,60,size_60x60_run_006_seed_123,123
15.817296195145982,53.292853806632415,60,60,size_60x60_run_006_seed_123,123
15.819985340997324,53.30375904739668,60,60,size_60x60_run_006_seed_123,123
15.82037157658834,53.31465919701214,60,60,size_60x60_run_006_seed_123,123
15.820808314186756,53.32555425904317,60,60,size_60x60_run_006_seed_123,123
15.822341312902461,53.33644423705086,60,60,size_60x60_run_006_seed_123,123
15.822813843244674,53.34732913459296,60,60,size_60x60_run_006_seed_123,123
15.822882532070743,53.35820895522389,60,60,size_60x60_run_006_seed_123,123
15.825309809855392,53.369083702494756,60,60,size_60x60_run_006_seed_123,123
15.82631805770729,53.379953379953385,60,60,size_60x60_run_006_seed_123,123
15.828510744622792,53.39081799114426,60,60,size_60x60_run_006_seed_123,123
15.83006926861983,53.40167753960857,60,60,size_60x60_run_006_seed_123,123
15.830987201341076,53.41253202888423,60,60,size_60x60_run_006_seed_123,123
15.831299087175182,53.42338146250582,60,60,size_60x60_run_006_seed_123,123
15.834293871094085,53.43422584400466,60,60,size_60x60_run_006_seed_123,123
15.83455035860816,53.445065176908756,60,60,size_60x60_run_006_seed_123,123
15.835562191279527,53.45589946474284,60,60,size_60x60_run_006_seed_123,123
15.835966963396935,53.46672871102839,60,60,size_60x60_run_006_seed_123,123
15.836249903592886,53.47755291928355,60,60,size_60x60_run_006_seed_123,123
15.837615149515111,53.47755291928355,60,60,size_60x60_run_006_seed_123,123
15.83789984256155,53.48837209302325,60,60,size_60x60_run_006_seed_123,123
15.838716162499129,53.49918623575912,60,60,size_60x60_run_006_seed_123,123
15.839321035987302,53.50999535099954,60,60,size_60x60_run_006_seed_123,123
15.840163851929903,53.52079944224959,60,60,size_60x60_run_006_seed_123,123
15.84066899266051,53.53159851301115,60,60,size_60x60_run_006_seed_123,123
15.84075207660861,53.542392566782816,60,60,size_60x60_run_006_seed_123,123
15.842514330378403,53.55318160705992,60,60,size_60x60_run_006_seed_123,123
15.843252757885594,53.563965637334576,60,60,size_60x60_run_006_seed_123,123
15.844221645788508,53.57474466109564,60,60,size_60x60_run_006_seed_123,123
15.84454048388996,53.585518681828724,60,60,size_60x60_run_006_seed_123,123
15.845622006366831,53.596287703016245,60,60,size_60x60_run_006_seed_123,123
15.848641286058536,53.60705172813732,60,60,size_60x60_run_006_seed_123,123
15.848674254719306,53.61781076066791,60,60,size_60x60_run_006_seed_123,123
15.849904565395457,53.62856480408069,60,60,size_60x60_run_006_seed_123,123
15.850980843063724,53.63931386184515,60,60,size_60x60_run_006_seed_123,123
15.851256462885281,53.650057937427576,60,60,size_60x60_run_006_seed_123,123
15.852279054305606,53.66079703429101,60,60,size_60x60_run_006_seed_123,123
15.853497082656364,53.6715311558953,60,60,size_60x60_run_006_seed_123,123
15.85438205575879,53.682260305697085,60,60,size_60x60_run_006_seed_123,123
15.85486033628029,53.69298448714981,60,60,size_60x60_run_006_seed_123,123
15.855572399893783,53.70370370370371,60,60,size_60x60_run_006_seed_123,123
15.856320634295491,53.714417958805825,60,60,size_60x60_run_006_seed_123,123
15.857911581019684,53.72512725590005,60,60,size_60x60_run_006_seed_123,123
15.8600758932859,53.73583159842702,60,60,size_60x60_run_006_seed_123,123
15.86099434829193,53.74653098982424,60,60,size_60x60_run_006_seed_123,123
15.861318602008353,53.75722543352601,60,60,size_60x60_run_006_seed_123,123
15.861791419998937,53.76791493296348,60,60,size_60x60_run_006_seed_123,123
15.862816847507892,53.77859949156459,60,60,size_60x60_run_006_seed_123,123
15.862931663652883,53.77859949156459,60,60,size_60x60_run_006_seed_123,123
15.864714653739917,53.789279112754166,60,60,size_60x60_run_006_seed_123,123
15.866308108550587,53.799953799953805,60,60,size_60x60_run_006_seed_123,123
15.866927865783497,53.81062355658198,60,60,size_60x60_run_006_seed_123,123
15.86845225590856,53.821288386054036,60,60,size_60x60_run_006_seed_123,123
15.8690295185112,53.83194829178208,60,60,size_60x60_run_006_seed_123,123
15.870691502247512,53.84260327717517,60,60,size_60x60_run_006_seed_123,123
15.871129772249317,53.85325334563913,60,60,size_60x60_run_006_seed_123,123
15.872683507441309,53.8638985005767,60,60,size_60x60_run_006_seed_123,123
15.875280539415524,53.874538745387454,60,60,size_60x60_run_006_seed_123,123
15.875917142453758,53.88517408346784,60,60,size_60x60_run_006_seed_123,123
15.878228334861362,53.89580451821116,60,60,size_60x60_run_006_seed_123,123
15.879301795542048,53.89580451821116,60,60,size_60x60_run_006_seed_123,123
15.879457587261243,53.906430053007604,60,60,size_60x60_run_006_seed_123,123
15.879646628731399,53.91705069124424,60,60,size_60x60_run_006_seed_123,123
15.883001362034202,53.927666436305,60,60,size_60x60_run_006_seed_123,123
15.883747791489261,53.9382772915707,60,60,size_60x60_run_006_seed_123,123
15.883926697619772,53.948883260419066,60,60,size_60x60_run_006_seed_123,123
15.884842535523958,53.95948434622467,60,60,size_60x60_run_006_seed_123,123
15.88495327344736,53.970080552359036,60,60,size_60x60_run_006_seed_123,123
15.885529111076929,53.98067188219052,60,60,size_60x60_run_006_seed_123,123
15.886090562804489,53.98067188219052,60,60,size_60x60_run_006_seed_123,123
15.886950403158552,53.991258339084425,60,60,size_60x60_run_006_seed_123,123
15.887163225262835,54.00183992640294,60,60,size_60x60_run_006_seed_123,123
15.889039344273732,54.01241664750517,60,60,size_60x60_run_006_seed_123,123
15.89154325377245,54.02298850574713,60,60,size_60x60_run_006_seed_123,123
15.892036301420516,54.033555504481726,60,60,size_60x60_run_006_seed_123,123
15.892332833737447,54.04411764705882,60,60,size_60x60_run_006_seed_123,123
15.893213425679829,54.04411764705882,60,60,size_60x60_run_006_seed_123,123
15.89636365384371,54.05467493682517,60,60,size_60x60_run_006_seed_123,123
15.897009984132144,54.06522737712448,60,60,size_60x60_run_006_seed_123,123
15.897888194428656,54.07577497129736,60,60,size_60x60_run_006_seed_123,123
15.898095466111373,54.08631772268136,60,60,size_60x60_run_006_seed_123,123
15.898814721690115,54.096855634610975,60,60,size_60x60_run_006_seed_123,123
15.904633724797591,54.107388710417624,60,60,size_60x60_run_006_seed_123,123
15.904828991185639,54.11791695342969,60,60,size_60x60_run_006_seed_123,123
15.905631687610489,54.12844036697248,60,60,size_60x60_run_006_seed_123,123
15.906549638983448,54.13895895436826,60,60,size_60x60_run_006_seed_123,123
15.90738257888559,54.13895895436826,60,60,size_60x60_run_006_seed_123,123
15.907453878621245,54.149472718936266,60,60,size_60x60_run_006_seed_123,123
15.90931300025951,54.15998166399266,60,60,size_60x60_run_006_seed_123,123
15.909857211206445,54.1704857928506,60,60,size_60x60_run_006_seed_123,123
15.91000109365794,54.18098510882016,60,60,size_60x60_run_006_seed_123,123
15.912506739953598,54.19147961520843,60,60,size_60x60_run_006_seed_123,123
15.914397857984843,54.201969315319445,60,60,size_60x60_run_006_seed_123,123
15.915812735181277,54.21245421245421,60,60,size_60x60_run_006_seed_123,123
15.916123646747915,54.222934309910734,60,60,size_60x60_run_006_seed_123,123
15.91837171880283,54.23340961098398,60,60,size_60x60_run_006_seed_123,123
15.92051187562337,54.23340961098398,60,60,size_60x60_run_006_seed_123,123
15.92216019096602,54.23340961098398,60,60,size_60x60_run_006_seed_123,123
15.92231980710609,54.24388011896591,60,60,size_60x60_run_006_seed_123,123
15.922825767193,54.254345837145465,60,60,size_60x60_run_006_seed_123,123
15.924059288505966,54.26480676880859,60,60,size_60x60_run_006_seed_123,123
15.924625167041873,54.27526291723822,60,60,size_60x60_run_006_seed_123,123
15.92735734116652,54.285714285714285,60,60,size_60x60_run_006_seed_123,123
15.92814677919455,54.296160877513714,60,60,size_60x60_run_006_seed_123,123
15.928912419867983,54.30660269591044,60,60,size_60x60_run_006_seed_123,123
15.929776550005158,54.317039744175425,60,60,size_60x60_run_006_seed_123,123
15.931291820837915,54.32747202557662,60,60,size_60x60_run_006_seed_123,123
15.932149885984206,54.337899543378995,60,60,size_60x60_run_006_seed_123,123
15.934030828782625,54.34832230084455,60,60,size_60x60_run_006_seed_123,123
15.934273050371372,54.35874030123231,60,60,size_60x60_run_006_seed_123,123
15.934468833238377,54.36915354779831,60,60,size_60x60_run_006_seed_123,123
15.934557541891875,54.36915354779831,60,60,size_60x60_run_006_seed_123,123
15.934932646215541,54.379562043795616,60,60,size_60x60_run_006_seed_123,123
15.935382542127579,54.379562043795616,60,60,size_60x60_run_006_seed_123,123
15.935493859585662,54.38996579247435,60,60,size_60x60_run_006_seed_123,123
15.93599053057773,54.40036479708162,60,60,size_60x60_run_006_seed_123,123
15.938420472444012,54.410759060861636,60,60,size_60x60_run_006_seed_123,123
15.938787265469884,54.4211485870556,60,60,size_60x60_run_006_seed_123,123
15.939598270719475,54.4315333789018,60,60,size_60x60_run_006_seed_123,123
15.939605610339575,54.441913439635535,60,60,size_60x60_run_006_seed_123,123
15.939706761563727,54.452288772489176,60,60,size_60x60_run_006_seed_123,123
15.939943143738393,54.452288772489176,60,60,size_60x60_run_006_seed_123,123
15.940105214711826,54.462659380692166,60,60,size_60x60_run_006_seed_123,123
15.94069029183079,54.47302526747097,60,60,size_60x60_run_006_seed_123,123
15.940700898997891,54.48338643604915,60,60,size_60x60_run_006_seed_123,123
15.940875068384482,54.49374288964732,60,60,size_60x60_run_006_seed_123,123
15.94326408585394,54.50409463148317,60,60,size_60x60_run_006_seed_123,123
15.944514184979527,54.51444166477144,60,60,size_60x60_run_006_seed_123,123
15.945087601834055,54.52478399272397,60,60,size_60x60_run_006_seed_123,123
15.945991130779692,54.535121618549674,60,60,size_60x60_run_006_seed_123,123
15.946134984084699,54.54545454545454,60,60,size_60x60_run_006_seed_123,123
15.947630746889278,54.55578277664167,60,60,size_60x60_run_006_seed_123,123
15.947970425400728,54.566106315311224,60,60,size_60x60_run_006_seed_123,123
15.948010421847654,54.576425164660456,60,60,size_60x60_run_006_seed_123,123
15.949041663149359,54.586739327883734,60,60,size_60x60_run_006_seed_123,123
15.94927880165323,54.59704880817253,60,60,size_60x60_run_006_seed_123,123
15.950389935094487,54.60735360871539,60,60,size_60x60_run_006_seed_123,123
15.950731716236769,54.61765373269798,60,60,size_60x60_run_006_seed_123,123
15.953486120870595,54.62794918330308,60,60,size_60x60_run_006_seed_123,123
15.955100557640021,54.63823996371059,60,60,size_60x60_run_006_seed_123,123
15.956675497238788,54.6485260770975,60,60,size_60x60_run_006_seed_123,123
15.956705178558062,54.65880752663795,60,60,size_60x60_run_006_seed_123,123
15.958045602205857,54.65880752663795,60,60,size_60x60_run_006_seed_123,123
15.958554830433238,54.66908431550317,60,60,size_60x60_run_006_seed_123,123
15.959029492752126,54.67935644686155,60,60,size_60x60_run_006_seed_123,123
15.959112166191206,54.68962392387857,60,60,size_60x60_run_006_seed_123,123
15.959544384452593,54.699886749716875,60,60,size_60x60_run_006_seed_123,123
15.960443054390597,54.710144927536234,60,60,size_60x60_run_006_seed_123,123
15.961574786967102,54.72039846049355,60,60,size_60x60_run_006_seed_123,123
15.963382788963099,54.73064735174287,60,60,size_60x60_run_006_seed_123,123
15.96495330534077,54.74089160443539,60,60,size_60x60_run_006_seed_123,123
15.965456078147,54.75113122171946,60,60,size_60x60_run_006_seed_123,123
15.96599606385184,54.76136620674056,60,60,size_60x60_run_006_seed_123,123
15.966749926840048,54.771596562641335,60,60,size_60x60_run_006_seed_123,123
15.966940430195319,54.781822292561614,60,60,size_60x60_run_006_seed_123,123
15.968515677203849,54.79204339963834,60,60,size_60x60_run_006_seed_123,123
15.96863377016405,54.80225988700565,60,60,size_60x60_run_006_seed_123,123
15.969439243218792,54.812471757794846,60,60,size_60x60_run_006_seed_123,123
15.970771959095476,54.8226790151344,60,60,size_60x60_run_006_seed_123,123
15.971174793830043,54.8226790151344,60,60,size_60x60_run_006_seed_123,123
15.972309333653811,54.83288166214996,60,60,size_60x60_run_006_seed_123,123
15.974968319261075,54.84307970196433,60,60,size_60x60_run_006_seed_123,123
15.977364952966232,54.85327313769752,60,60,size_60x60_run_006_seed_123,123
15.978627505249975,54.86346197246671,60,60,size_60x60_run_006_seed_123,123
15.979005694379003,54.87364620938629,60,60,size_60x60_run_006_seed_123,123
15.979084383090282,54.88382585156779,60,60,size_60x60_run_006_seed_123,123
15.979371699078236,54.89400090211998,60,60,size_60x60_run_006_seed_123,123
15.980194306712868,54.904171364148816,60,60,size_60x60_run_006_seed_123,123
15.980725124590903,54.904171364148816,60,60,size_60x60_run_006_seed_123,123
15.980771520505712,54.91433724075744,60,60,size_60x60_run_006_seed_123,123
15.981413213280296,54.924498535046204,60,60,size_60x60_run_006_seed_123,123
15.981503305914638,54.93465525011266,60,60,size_60x60_run_006_seed_123,123
15.982852012038553,54.94480738905159,60,60,size_60x60_run_006_seed_123,123
15.9832602108127,54.95495495495496,60,60,size_60x60_run_006_seed_123,123
15.983394863909181,54.965097950911954,60,60,size_60x60_run_006_seed_123,123
15.983557370884661,54.97523638000901,60,60,size_60x60_run_006_seed_123,123
15.984722912558222,54.98537024532973,60,60,size_60x60_run_006_seed_123,123
15.984831117059912,54.995499549955,60,60,size_60x60_run_006_seed_123,123
15.986434533293826,55.005624296962885,60,60,size_60x60_run_006_seed_123,123
15.987114537074715,55.0157444894287,60,60,size_60x60_run_006_seed_123,123
15.987436523018635,55.02586013042501,60,60,size_60x60_run_006_seed_123,123
15.98831965670687,55.03597122302158,60,60,size_60x60_run_006_seed_123,123
15.98920638383563,55.046077770285464,60,60,size_60x60_run_006_seed_123,123
15.99154781913667,55.0561797752809,60,60,size_60x60_run_006_seed_123,123
15.992247365784676,55.06627724106943,60,60,size_60x60_run_006_seed_123,123
15.992467918593196,55.0763701707098,60,60,size_60x60_run_006_seed_123,123
15.99261917648501,55.08645856725802,60,60,size_60x60_run_006_seed_123,123
15.994350250939965,55.096542433767404,60,60,size_60x60_run_006_seed_123,123
15.994468449099836,55.106621773288445,60,60,size_60x60_run_006_seed_123,123
15.995085366777896,55.11669658886894,60,60,size_60x60_run_006_seed_123,123
15.998023207269291,55.126766883553955,60,60,size_60x60_run_006_seed_123,123
15.998134029737189,55.13683266038583,60,60,size_60x60_run_006_seed_123,123
15.999852183670914,55.146893922404125,60,60,size_60x60_run_006_seed_123,123
16.00045352720595,55.15695067264574,60,60,size_60x60_run_006_seed_123,123
16.001068333989842,55.16700291414482,60,60,size_60x60_run_006_seed_123,123
16.002266782421565,55.17705064993277,60,60,size_60x60_run_006_seed_123,123
16.003579937523092,55.187093883038315,60,60,size_60x60_run_006_seed_123,123
16.004704185467826,55.19713261648745,60,60,size_60x60_run_006_seed_123,123
16.00566000767089,55.20716685330347,60,60,size_60x60_run_006_seed_123,123
16.005675639936257,55.217196596506945,60,60,size_60x60_run_006_seed_123,123
16.007936911548803,55.227221849115736,60,60,size_60x60_run_006_seed_123,123
16.008330195153945,55.23724261414503,60,60,size_60x60_run_006_seed_123,123
16.01125474202626,55.23724261414503,60,60,size_60x60_run_006_seed_123,123
16.011809746074086,55.2472588946073,60,60,size_60x60_run_006_seed_123,123
16.012938104155527,55.257270693512304,60,60,size_60x60_run_006_seed_123,123
16.014127912618434,55.26727801386715,60,60,size_60x60_run_006_seed_123,123
16.015206660523667,55.27728085867621,60,60,size_60x60_run_006_seed_123,123
16.016964935729025,55.2872792309412,60,60,size_60x60_run_006_seed_123,123
16.01780642243334,55.29727313366115,60,60,size_60x60_run_006_seed_123,123
16.01785324786992,55.3072625698324,60,60,size_60x60_run_006_seed_123,123
16.018281741694576,55.3072625698324,60,60,size_60x60_run_006_seed_123,123
16.018348187850993,55.31724754244861,60,60,size_60x60_run_006_seed_123,123
16.019006081691227,55.32722805450078,60,60,size_60x60_run_006_seed_123,123
16.019417465129674,55.32722805450078,60,60,size_60x60_run_006_seed_123,123
16.02110256112467,55.337204108977225,60,60,size_60x60_run_006_seed_123,123
16.022815326901057,55.34717570886358,60,60,size_60x60_run_006_seed_123,123
16.027147908436365,55.34717570886358,60,60,size_60x60_run_006_seed_123,123
16.027179165457095,55.35714285714286,60,60,size_60x60_run_006_seed_123,123
16.028144236900516,55.36710555679536,60,60,size_60x60_run_006_seed_123,123
16.029781830660294,55.37706381079875,60,60,size_60x60_run_006_seed_123,123
16.03016324848601,55.38701762212804,60,60,size_60x60_run_006_seed_123,123
16.032699621366593,55.39696699375558,60,60,size_60x60_run_006_seed_123,123
16.033399535250727,55.406911928651056,60,60,size_60x60_run_006_seed_123,123
16.033670519729355,55.416852429781535,60,60,size_60x60_run_006_seed_123,123
16.033764448143437,55.426788500111435,60,60,size_60x60_run_006_seed_123,123
16.034044418335693,55.43672014260249,60,60,size_60x60_run_006_seed_123,123
16.034690207103488,55.44664736021385,60,60,size_60x60_run_006_seed_123,123
16.03546697475779,55.45657015590201,60,60,size_60x60_run_006_seed_123,123
16.036606352771244,55.466488532620794,60,60,size_60x60_run_006_seed_123,123
16.03761047796685,55.476402493321466,60,60,size_60x60_run_006_seed_123,123
16.039318539523496,55.48631204095259,60,60,size_60x60_run_006_seed_123,123
16.040268498751,55.49621717846017,60,60,size_60x60_run_006_seed_123,123
16.04090570370737,55.506117908787544,60,60,size_60x60_run_006_seed_123,123
16.044350666837904,55.51601423487544,60,60,size_60x60_run_006_seed_123,123
16.04505640152311,55.525906159662,60,60,size_60x60_run_006_seed_123,123
16.045434184327593,55.5357936860827,60,60,size_60x60_run_006_seed_123,123
16.045988705027405,55.54567681707046,60,60,size_60x60_run_006_seed_123,123
16.048188666299215,55.55555555555556,60,60,size_60x60_run_006_seed_123,123
16.05081144925497,55.56542990446568,60,60,size_60x60_run_006_seed_123,123
16.050818123241523,55.56542990446568,60,60,size_60x60_run_006_seed_123,123
16.051543851341943,55.5752998667259,60,60,size_60x60_run_006_seed_123,123
16.05267427185093,55.585165445258724,60,60,size_60x60_run_006_seed_123,123
16.05303893794919,55.59502664298401,60,60,size_60x60_run_006_seed_123,123
16.05335346682652,55.60488346281909,60,60,size_60x60_run_006_seed_123,123
16.053772654066286,55.61473590767865,60,60,size_60x60_run_006_seed_123,123
16.05485205127616,55.62458398047482,60,60,size_60x60_run_006_seed_123,123
16.055206234250974,55.63442768411713,60,60,size_60x60_run_006_seed_123,123
16.055421356628575,55.644267021512526,60,60,size_60x60_run_006_seed_123,123
16.05602896800405,55.654101995565405,60,60,size_60x60_run_006_seed_123,123
16.058163499391217,55.654101995565405,60,60,size_60x60_run_006_seed_123,123
16.061642346668528,55.66393260917757,60,60,size_60x60_run_006_seed_123,123
16.061762121053196,55.673758865248224,60,60,size_60x60_run_006_seed_123,123
16.062110872731783,55.683580766674055,60,60,size_60x60_run_006_seed_123,123
16.06252996429931,55.69339831634914,60,60,size_60x60_run_006_seed_123,123
16.06370481766264,55.70321151716501,60,60,size_60x60_run_006_seed_123,123
16.06503994897869,55.713020372010625,60,60,size_60x60_run_006_seed_123,123
16.06537075041722,55.72282488377242,60,60,size_60x60_run_006_seed_123,123
16.06578996983159,55.73262505533422,60,60,size_60x60_run_006_seed_123,123
16.066053243014032,55.74242088957734,60,60,size_60x60_run_006_seed_123,123
16.06610459067898,55.75221238938053,60,60,size_60x60_run_006_seed_123,123
16.066242551522905,55.76199955761999,60,60,size_60x60_run_006_seed_123,123
16.067901091178193,55.77178239716939,60,60,size_60x60_run_006_seed_123,123
16.06796593067105,55.78156091089984,60,60,size_60x60_run_006_seed_123,123
16.069147433443266,55.79133510167993,60,60,size_60x60_run_006_seed_123,123
16.07024056029563,55.80110497237569,60,60,size_60x60_run_006_seed_123,123
16.070789372218883,55.81087052585064,60,60,size_60x60_run_006_seed_123,123
16.071014680554324,55.82063176496575,60,60,size_60x60_run_006_seed_123,123
16.071299767260005,55.830388692579504,60,60,size_60x60_run_006_seed_123,123
16.071635503368835,55.84014131154781,60,60,size_60x60_run_006_seed_123,123
16.072744487518907,55.84988962472406,60,60,size_60x60_run_006_seed_123,123
16.073519817665815,55.859633634959174,60,60,size_60x60_run_006_seed_123,123
16.077049611372786,55.8693733451015,60,60,size_60x60_run_006_seed_123,123
16.077781632271666,55.87910875799691,60,60,size_60x60_run_006_seed_123,123
16.078570465239533,55.88883987648875,60,60,size_60x60_run_006_seed_123,123
16.078751986297828,55.89856670341786,60,60,size_60x60_run_006_seed_123,123
16.0818573658341,55.89856670341786,60,60,size_60x60_run_006_seed_123,123
16.084365982168283,55.908289241622576,60,60,size_60x60_run_006_seed_123,123
16.085094689925423,55.918007493938724,60,60,size_60x60_run_006_seed_123,123
16.085200815286935,55.927721463199646,60,60,size_60x60_run_006_seed_123,123
16.08541877960651,55.93743115223617,60,60,size_60x60_run_006_seed_123,123
16.085514541360443,55.947136563876654,60,60,size_60x60_run_006_seed_123,123
16.08601176829824,55.95683770094693,60,60,size_60x60_run_006_seed_123,123
16.087817045841017,55.96653456627037,60,60,size_60x60_run_006_seed_123,123
16.087817697902427,55.97622716266783,60,60,size_60x60_run_006_seed_123,123
16.087923882912,55.98591549295775,60,60,size_60x60_run_006_seed_123,123
16.08804590792241,55.995599559956,60,60,size_60x60_run_006_seed_123,123
16.08933406108354,56.005279366476024,60,60,size_60x60_run_006_seed_123,123
16.089818915321295,56.01495491532879,60,60,size_60x60_run_006_seed_123,123
16.089866251044807,56.02462620932278,60,60,size_60x60_run_006_seed_123,123
16.089901365280458,56.03429325126401,60,60,size_60x60_run_006_seed_123,123
16.0902969086198,56.043956043956044,60,60,size_60x60_run_006_seed_123,123
16.09067577726452,56.05361459019995,60,60,size_60x60_run_006_seed_123,123
16.09082552187214,56.06326889279437,60,60,size_60x60_run_006_seed_123,123
16.09106008866817,56.07291895453547,60,60,size_60x60_run_006_seed_123,123
16.09108477092092,56.08256477821695,60,60,size_60x60_run_006_seed_123,123
16.09318069525359,56.09220636663008,60,60,size_60x60_run_006_seed_123,123
16.094726591246395,56.10184372256365,60,60,size_60x60_run_006_seed_123,123
16.0959204008547,56.10184372256365,60,60,size_60x60_run_006_seed_123,123
16.09752044930794,56.10184372256365,60,60,size_60x60_run_006_seed_123,123
16.09851910678542,56.111476848804045,60,60,size_60x60_run_006_seed_123,123
16.098622128186516,56.111476848804045,60,60,size_60x60_run_006_seed_123,123
16.099112470494084,56.12110574813515,60,60,size_60x60_run_006_seed_123,123
16.099272797769437,56.13073042333845,60,60,size_60x60_run_006_seed_123,123
16.09970687817482,56.14035087719298,60,60,size_60x60_run_006_seed_123,123
16.0998769823605,56.14996711247533,60,60,size_60x60_run_006_seed_123,123
16.099997905811072,56.15957913195967,60,60,size_60x60_run_006_seed_123,123
16.100877216877628,56.1691869384177,60,60,size_60x60_run_006_seed_123,123
16.10234140588061,56.17879053461875,60,60,size_60x60_run_006_seed_123,123
16.10261864830761,56.18838992332969,60,60,size_60x60_run_006_seed_123,123
16.102712204864694,56.19798510731494,60,60,size_60x60_run_006_seed_123,123
16.103271699198707,56.20757608933654,60,60,size_60x60_run_006_seed_123,123
16.10347007806095,56.21716287215411,60,60,size_60x60_run_006_seed_123,123
16.103619437034343,56.22674545852484,60,60,size_60x60_run_006_seed_123,123
16.10398550658739,56.236323851203494,60,60,size_60x60_run_006_seed_123,123
16.10483511767899,56.245898052942465,60,60,size_60x60_run_006_seed_123,123
16.105269177983928,56.25546806649169,60,60,size_60x60_run_006_seed_123,123
16.105607251444738,56.26503389459874,60,60,size_60x60_run_006_seed_123,123
16.10634610644532,56.27459554000874,60,60,size_60x60_run_006_seed_123,123
16.106966783330712,56.27459554000874,60,60,size_60x60_run_006_seed_123,123
16.1076159134651,56.284153005464475,60,60,size_60x60_run_006_seed_123,123
16.107657083169578,56.29370629370629,60,60,size_60x60_run_006_seed_123,123
16.108738372727462,56.30325540747214,60,60,size_60x60_run_006_seed_123,123
16.10918020977307,56.31280034949759,60,60,size_60x60_run_006_seed_123,123
16.110751349101744,56.32234112251583,60,60,size_60x60_run_006_seed_123,123
16.110769613199988,56.33187772925764,60,60,size_60x60_run_006_seed_123,123
16.110798032179567,56.34141017245143,60,60,size_60x60_run_006_seed_123,123
16.110816554198042,56.35093845482322,60,60,size_60x60_run_006_seed_123,123
16.110935173326318,56.36046257909666,60,60,size_60x60_run_006_seed_123,123
16.112012757914737,56.36998254799301,60,60,size_60x60_run_006_seed_123,123
16.11214165001122,56.37949836423118,60,60,size_60x60_run_006_seed_123,123
16.11334822859344,56.3890100305277,60,60,size_60x60_run_006_seed_123,123
16.115494983475227,56.3890100305277,60,60,size_60x60_run_006_seed_123,123
16.117770347731167,56.39851754959668,60,60,size_60x60_run_006_seed_123,123
16.12064853529869,56.40802092414996,60,60,size_60x60_run_006_seed_123,123
16.12090575236463,56.41752015689693,60,60,size_60x60_run_006_seed_123,123
16.122399947524304,56.42701525054466,60,60,size_60x60_run_006_seed_123,123
16.122703389968702,56.43650620779786,60,60,size_60x60_run_006_seed_123,123
16.123423916326505,56.44599303135889,60,60,size_60x60_run_006_seed_123,123
16.123495075126147,56.45547572392772,60,60,size_60x60_run_006_seed_123,123
16.124579904456812,56.46495428820201,60,60,size_60x60_run_006_seed_123,123
16.125032099440283,56.474428726877036,60,60,size_60x60_run_006_seed_123,123
16.127800727357517,56.48389904264578,60,60,size_60x60_run_006_seed_123,123
16.131201502117875,56.49336523819882,60,60,size_60x60_run_006_seed_123,123
16.13196154864114,56.50282731622445,60,60,size_60x60_run_006_seed_123,123
16.132779990564238,56.51228527940857,60,60,size_60x60_run_006_seed_123,123
16.13496236980838,56.52173913043478,60,60,size_60x60_run_006_seed_123,123
16.135123204136,56.53118887198435,60,60,size_60x60_run_006_seed_123,123
16.136670745345253,56.5406345067362,60,60,size_60x60_run_006_seed_123,123
16.13676174103955,56.550076037366935,60,60,size_60x60_run_006_seed_123,123
16.137298065676966,56.559513466550825,60,60,size_60x60_run_006_seed_123,123
16.13748389352018,56.56894679695983,60,60,size_60x60_run_006_seed_123,123
16.13815104548244,56.578376031263566,60,60,size_60x60_run_006_seed_123,123
16.138205044824595,56.58780117212937,60,60,size_60x60_run_006_seed_123,123
16.13855088019221,56.59722222222222,60,60,size_60x60_run_006_seed_123,123
16.14010071776306,56.60663918420482,60,60,size_60x60_run_006_seed_123,123
16.140314657693214,56.61605206073753,60,60,size_60x60_run_006_seed_123,123
16.141691056942047,56.625460854478426,60,60,size_60x60_run_006_seed_123,123
16.143285588588988,56.63486556808326,60,60,size_60x60_run_006_seed_123,123
16.144648207763595,56.64426620420551,60,60,size_60x60_run_006_seed_123,123
16.14553174435216,56.653662765496314,60,60,size_60x60_run_006_seed_123,123
16.146002747824213,56.66305525460456,60,60,size_60x60_run_006_seed_123,123
16.14619939395816,56.672443674176776,60,60,size_60x60_run_006_seed_123,123
16.14807987654827,56.68182802685726,60,60,size_60x60_run_006_seed_123,123
16.148213064850847,56.691208315288,60,60,size_60x60_run_006_seed_123,123
16.149492036768812,56.70058454210868,60,60,size_60x60_run_006_seed_123,123
16.150556406103014,56.709956709956714,60,60,size_60x60_run_006_seed_123,123
16.151038200211385,56.71932482146721,60,60,size_60x60_run_006_seed_123,123
16.152053802686744,56.72868887927304,60,60,size_60x60_run_006_seed_123,123
16.152467753615607,56.738048886004755,60,60,size_60x60_run_006_seed_123,123
16.15253626026785,56.747404844290664,60,60,size_60x60_run_006_seed_123,123
16.1528563647966,56.75675675675676,60,60,size_60x60_run_006_seed_123,123
16.154513083694876,56.7661046260268,60,60,size_60x60_run_006_seed_123,123
16.154722830599347,56.77544845472228,60,60,size_60x60_run_006_seed_123,123
16.155111214269848,56.7847882454624,60,60,size_60x60_run_006_seed_123,123
16.156327039142642,56.79412400086412,60,60,size_60x60_run_006_seed_123,123
16.15809872570767,56.803455723542115,60,60,size_60x60_run_006_seed_123,123
16.15941074563565,56.812783416108836,60,60,size_60x60_run_006_seed_123,123
16.159674902933414,56.82210708117444,60,60,size_60x60_run_006_seed_123,123
16.160366217475886,56.83142672134686,60,60,size_60x60_run_006_seed_123,123
16.161453448770622,56.84074233923177,60,60,size_60x60_run_006_seed_123,123
16.161630770669944,56.85005393743258,60,60,size_60x60_run_006_seed_123,123
16.162260070938913,56.85936151855048,60,60,size_60x60_run_006_seed_123,123
16.163632187090396,56.86866508518439,60,60,size_60x60_run_006_seed_123,123
16.163993024977437,56.877964639931,60,60,size_60x60_run_006_seed_123,123
16.164401418866465,56.88726018538478,60,60,size_60x60_run_006_seed_123,123
16.166232938961905,56.896551724137936,60,60,size_60x60_run_006_seed_123,123
16.166312733924794,56.90583925878043,60,60,size_60x60_run_006_seed_123,123
16.16635884453806,56.91512279190004,60,60,size_60x60_run_006_seed_123,123
16.16797957526119,56.92440232608228,60,60,size_60x60_run_006_seed_123,123
16.168355864738146,56.933677863910425,60,60,size_60x60_run_006_seed_123,123
16.16986812052103,56.94294940796556,60,60,size_60x60_run_006_seed_123,123
16.169897457568272,56.95221696082652,60,60,size_60x60_run_006_seed_123,123
16.170326473252373,56.96148052506994,60,60,size_60x60_run_006_seed_123,123
16.17139767775895,56.970740103270224,60,60,size_60x60_run_006_seed_123,123
16.171565053543073,56.97999569799958,60,60,size_60x60_run_006_seed_123,123
16.17186143632839,56.98924731182796,60,60,size_60x60_run_006_seed_123,123
16.172618767686345,56.99849494732315,60,60,size_60x60_run_006_seed_123,123
16.17306365990257,57.007738607050726,60,60,size_60x60_run_006_seed_123,123
16.173629362357612,57.01697829357404,60,60,size_60x60_run_006_seed_123,123
16.17369896457821,57.01697829357404,60,60,size_60x60_run_006_seed_123,123
16.174281335400444,57.026214009454236,60,60,size_60x60_run_006_seed_123,123
16.176935824598846,57.03544575725027,60,60,size_60x60_run_006_seed_123,123
16.177052276849505,57.0446735395189,60,60,size_60x60_run_006_seed_123,123
16.178128150203754,57.05389735881469,60,60,size_60x60_run_006_seed_123,123
16.178840553824053,57.06311721768999,60,60,size_60x60_run_006_seed_123,123
16.178982581227384,57.072333118695,60,60,size_60x60_run_006_seed_123,123
16.179633918607415,57.08154506437768,60,60,size_60x60_run_006_seed_123,123
16.180370000760874,57.09075305728385,60,60,size_60x60_run_006_seed_123,123
16.181656148529893,57.0999570999571,60,60,size_60x60_run_006_seed_123,123
16.181777848093876,57.109157194938874,60,60,size_60x60_run_006_seed_123,123
16.182437481379814,57.11835334476844,60,60,size_60x60_run_006_seed_123,123
16.18296640590806,57.12754555198285,60,60,size_60x60_run_006_seed_123,123
16.183200606007325,57.13673381911701,60,60,size_60x60_run_006_seed_123,123
16.18388668836854,57.13673381911701,60,60,size_60x60_run_006_seed_123,123
16.183894750847298,57.145918148703664,60,60,size_60x60_run_006_seed_123,123
16.184622754610817,57.155098543273354,60,60,size_60x60_run_006_seed_123,123
16.185333504219447,57.16427500535447,60,60,size_60x60_run_006_seed_123,123
16.186356773621082,57.17344753747323,60,60,size_60x60_run_006_seed_123,123
16.188300964598792,57.18261614215372,60,60,size_60x60_run_006_seed_123,123
16.188636161883633,57.1917808219178,60,60,size_60x60_run_006_seed_123,123
16.189122093574507,57.20094157928526,60,60,size_60x60_run_006_seed_123,123
16.190487658266253,57.20094157928526,60,60,size_60x60_run_006_seed_123,123
16.190897079276176,57.21009841677363,60,60,size_60x60_run_006_seed_123,123
16.191081365253044,57.21925133689839,60,60,size_60x60_run_006_seed_123,123
16.191576613712908,57.228400342172804,60,60,size_60x60_run_006_seed_123,123
16.19349550182703,57.237545435107975,60,60,size_60x60_run_006_seed_123,123
16.195290779690428,57.24668661821292,60,60,size_60x60_run_006_seed_123,123
16.19988615184133,57.25582389399444,60,60,size_60x60_run_006_seed_123,123
16.199935990743878,57.26495726495726,60,60,size_60x60_run_006_seed_123,123
16.20132045740743,57.26495726495726,60,60,size_60x60_run_006_seed_123,123
16.20193251068688,57.27408673360394,60,60,size_60x60_run_006_seed_123,123
16.202930930195365,57.28321230243486,60,60,size_60x60_run_006_seed_123,123
16.20460885533865,57.29233397394833,60,60,size_60x60_run_006_seed_123,123
16.205819508772954,57.29233397394833,60,60,size_60x60_run_006_seed_123,123
16.20628444377531,57.301451750640474,60,60,size_60x60_run_006_seed_123,123
16.206400037873884,57.31056563500534,60,60,size_60x60_run_006_seed_123,123
16.206483205347094,57.319675629534785,60,60,size_60x60_run_006_seed_123,123
16.206684973090848,57.319675629534785,60,60,size_60x60_run_006_seed_123,123
16.20808786601154,57.32878173671858,60,60,size_60x60_run_006_seed_123,123
16.20821303362101,57.33788395904437,60,60,size_60x60_run_006_seed_123,123
16.20903833342551,57.34698229899765,60,60,size_60x60_run_006_seed_123,123
16.210028132749372,57.356076759061835,60,60,size_60x60_run_006_seed_123,123
16.211381600693823,57.365167341718184,60,60,size_60x60_run_006_seed_123,123
16.212239739678576,57.37425404944586,60,60,size_60x60_run_006_seed_123,123
16.212745778371936,57.38333688472193,60,60,size_60x60_run_006_seed_123,123
16.213096120985636,57.39241585002131,60,60,size_60x60_run_006_seed_123,123
16.214500979898368,57.401490947816825,60,60,size_60x60_run_006_seed_123,123
16.214562545368093,57.41056218057922,60,60,size_60x60_run_006_seed_123,123
16.215123677898564,57.41056218057922,60,60,size_60x60_run_006_seed_123,123
16.21520190777239,57.41056218057922,60,60,size_60x60_run_006_seed_123,123
16.21651414011864,57.419629550777096,60,60,size_60x60_run_006_seed_123,123
16.21664963446998,57.42869306087697,60,60,size_60x60_run_006_seed_123,123
16.216774000739463,57.43775271334326,60,60,size_60x60_run_006_seed_123,123
16.217051733629575,57.446808510638306,60,60,size_60x60_run_006_seed_123,123
16.217072409362007,57.45586045522229,60,60,size_60x60_run_006_seed_123,123
16.217978901117345,57.464908549553385,60,60,size_60x60_run_006_seed_123,123
16.21833198743642,57.4739527960876,60,60,size_60x60_run_006_seed_123,123
16.218355367192636,57.48299319727891,60,60,size_60x60_run_006_seed_123,123
16.219771441743106,57.49202975557917,60,60,size_60x60_run_006_seed_123,123
16.219867600648616,57.50106247343817,60,60,size_60x60_run_006_seed_123,123
16.219975057718276,57.510091353303594,60,60,size_60x60_run_006_seed_123,123
16.220066081492774,57.519116397621076,60,60,size_60x60_run_006_seed_123,123
16.221050779015485,57.52813760883415,60,60,size_60x60_run_006_seed_123,123
16.22177958308566,57.537154989384284,60,60,size_60x60_run_006_seed_123,123
16.222988342014666,57.546168541710884,60,60,size_60x60_run_006_seed_123,123
16.2239424682157,57.555178268251275,60,60,size_60x60_run_006_seed_123,123
16.225142514260938,57.555178268251275,60,60,size_60x60_run_006_seed_123,123
16.22543528658213,57.564184171440694,60,60,size_60x60_run_006_seed_123,123
16.227907357590254,57.57318625371235,60,60,size_60x60_run_006_seed_123,123
16.230363677609947,57.582184517497346,60,60,size_60x60_run_006_seed_123,123
16.232435272373326,57.59117896522476,60,60,size_60x60_run_006_seed_123,123
16.232584371778035,57.6001695993216,60,60,size_60x60_run_006_seed_123,123
16.233217357603294,57.609156422212806,60,60,size_60x60_run_006_seed_123,123
16.23456221220495,57.61813943632126,60,60,size_60x60_run_006_seed_123,123
16.236165896205254,57.6271186440678,60,60,size_60x60_run_006_seed_123,123
16.236423580257938,57.6271186440678,60,60,size_60x60_run_006_seed_123,123
16.23658269589965,57.63609404787121,60,60,size_60x60_run_006_seed_123,123
16.236958538808686,57.64506565014824,60,60,size_60x60_run_006_seed_123,123
16.237994226179794,57.654033453313566,60,60,size_60x60_run_006_seed_123,123
16.23809257689114,57.66299745977985,60,60,size_60x60_run_006_seed_123,123
16.239126659475943,57.67195767195767,60,60,size_60x60_run_006_seed_123,123
16.239580272713077,57.680914092255605,60,60,size_60x60_run_006_seed_123,123
16.24142425987541,57.68986672308017,60,60,size_60x60_run_006_seed_123,123
16.24252002012136,57.69881556683587,60,60,size_60x60_run_006_seed_123,123
16.243010036793006,57.70776062592514,60,60,size_60x60_run_006_seed_123,123
16.243366202970545,57.71670190274841,60,60,size_60x60_run_006_seed_123,123
16.246586321082038,57.72563939970408,60,60,size_60x60_run_006_seed_123,123
16.246773367555118,57.734573119188504,60,60,size_60x60_run_006_seed_123,123
16.248261501692628,57.74350306359602,60,60,size_60x60_run_006_seed_123,123
16.24843722847235,57.75242923531897,60,60,size_60x60_run_006_seed_123,123
16.249613560472874,57.76135163674763,60,60,size_60x60_run_006_seed_123,123
16.250092337877607,57.770270270270274,60,60,size_60x60_run_006_seed_123,123
16.25242792226407,57.77918513827317,60,60,size_60x60_run_006_seed_123,123
16.25262919771078,57.788096243140565,60,60,size_60x60_run_006_seed_123,123
16.253599601900333,57.79700358725469,60,60,size_60x60_run_006_seed_123,123
16.255318418916914,57.80590717299579,60,60,size_60x60_run_006_seed_123,123
16.255372181424093,57.81480700274204,60,60,size_60x60_run_006_seed_123,123
16.255912423090653,57.82370307886967,60,60,size_60x60_run_006_seed_123,123
16.256870284082538,57.8325954037529,60,60,size_60x60_run_006_seed_123,123
16.259004180918012,57.84148397976391,60,60,size_60x60_run_006_seed_123,123
16.260232197968364,57.85036880927292,60,60,size_60x60_run_006_seed_123,123
16.260793033635828,57.85924989464812,60,60,size_60x60_run_006_seed_123,123
16.262659436989054,57.86812723825574,60,60,size_60x60_run_006_seed_123,123
16.265496518863685,57.87700084245998,60,60,size_60x60_run_006_seed_123,123
16.26570216253056,57.87700084245998,60,60,size_60x60_run_006_seed_123,123
16.26579131326792,57.88587070962308,60,60,size_60x60_run_006_seed_123,123
16.265826344780223,57.89473684210527,60,60,size_60x60_run_006_seed_123,123
16.265853796922222,57.90359924226479,60,60,size_60x60_run_006_seed_123,123
16.267793077985544,57.91245791245792,60,60,size_60x60_run_006_seed_123,123
16.268367262554893,57.92131285503892,60,60,size_60x60_run_006_seed_123,123
16.26838346891539,57.930164072360114,60,60,size_60x60_run_006_seed_123,123
16.269570663123492,57.93901156677181,60,60,size_60x60_run_006_seed_123,123
16.27005692967492,57.94785534062237,60,60,size_60x60_run_006_seed_123,123
16.270721895601213,57.95669539625815,60,60,size_60x60_run_006_seed_123,123
16.270947180562995,57.965531736023536,60,60,size_60x60_run_006_seed_123,123
16.271391179218515,57.97436436226098,60,60,size_60x60_run_006_seed_123,123
16.271736202394898,57.98319327731093,60,60,size_60x60_run_006_seed_123,123
16.271744899458486,57.99201848351186,60,60,size_60x60_run_006_seed_123,123
16.273642284595066,58.000839983200336,60,60,size_60x60_run_006_seed_123,123
16.273675613897037,58.0096577787109,60,60,size_60x60_run_006_seed_123,123
16.274004223744,58.01847187237615,60,60,size_60x60_run_006_seed_123,123
16.274373477457942,58.02728226652676,60,60,size_60x60_run_006_seed_123,123
16.274418247190805,58.036088963491395,60,60,size_60x60_run_006_seed_123,123
16.27536980182256,58.04489196559681,60,60,size_60x60_run_006_seed_123,123
16.276570209972043,58.053691275167786,60,60,size_60x60_run_006_seed_123,123
16.27687177713434,58.062486894527154,60,60,size_60x60_run_006_seed_123,123
16.277054116624647,58.07127882599581,60,60,size_60x60_run_006_seed_123,123
16.27860988735193,58.080067071892685,60,60,size_60x60_run_006_seed_123,123
16.280026131597324,58.08885163453479,60,60,size_60x60_run_006_seed_123,123
16.28005808359813,58.09763251623716,60,60,size_60x60_run_006_seed_123,123
16.28045982204884,58.10640971931294,60,60,size_60x60_run_006_seed_123,123
16.28121065698092,58.1151832460733,60,60,size_60x60_run_006_seed_123,123
16.2819566949648,58.12395309882747,60,60,size_60x60_run_006_seed_123,123
16.282675088783243,58.13271927988277,60,60,size_60x60_run_006_seed_123,123
16.282734249899224,58.14148179154458,60,60,size_60x60_run_006_seed_123,123
16.28283666845566,58.150240636116344,60,60,size_60x60_run_006_seed_123,123
16.2831647235153,58.15899581589959,60,60,size_60x60_run_006_seed_123,123
16.28382856758159,58.1677473331939,60,60,size_60x60_run_006_seed_123,123
16.28440678592179,58.17649519029695,60,60,size_60x60_run_006_seed_123,123
16.285538416692464,58.185239389504495,60,60,size_60x60_run_006_seed_123,123
16.286339596952295,58.19397993311036,60,60,size_60x60_run_006_seed_123,123
16.287513733860205,58.202716823406476,60,60,size_60x60_run_006_seed_123,123
16.287641299001645,58.202716823406476,60,60,size_60x60_run_006_seed_123,123
16.288144474617994,58.21145006268282,60,60,size_60x60_run_006_seed_123,123
16.288851257426163,58.22017965322749,60,60,size_60x60_run_006_seed_123,123
16.290596982695142,58.22890559732665,60,60,size_60x60_run_006_seed_123,123
16.290959894087713,58.23762789726457,60,60,size_60x60_run_006_seed_123,123
16.291405966122365,58.24634655532359,60,60,size_60x60_run_006_seed_123,123
16.291407429927705,58.25506157378418,60,60,size_60x60_run_006_seed_123,123
16.29213013606192,58.263772954924875,60,60,size_60x60_run_006_seed_123,123
16.295020052527903,58.272480701022324,60,60,size_60x60_run_006_seed_123,123
16.2950919801309,58.28118481435127,60,60,size_60x60_run_006_seed_123,123
16.29678171581734,58.28988529718456,60,60,size_60x60_run_006_seed_123,123
16.29742578208357,58.29858215179316,60,60,size_60x60_run_006_seed_123,123
16.297674945414673,58.307275380446114,60,60,size_60x60_run_006_seed_123,123
16.298184698702432,58.31596498541059,60,60,size_60x60_run_006_seed_123,123
16.298337638352884,58.324650968951865,60,60,size_60x60_run_006_seed_123,123
16.29875470693412,58.333333333333336,60,60,size_60x60_run_006_seed_123,123
16.29912822763974,58.342012080816495,60,60,size_60x60_run_006_seed_123,123
16.300772462765455,58.350687213660976,60,60,size_60x60_run_006_seed_123,123
16.301160677148644,58.3593587341245,60,60,size_60x60_run_006_seed_123,123
16.301228054242493,58.368026644462944,60,60,size_60x60_run_006_seed_123,123
16.301552439966986,58.376690946930275,60,60,size_60x60_run_006_seed_123,123
16.30217776883297,58.385351643778606,60,60,size_60x60_run_006_seed_123,123
16.302192991727658,58.39400873725816,60,60,size_60x60_run_006_seed_123,123
16.302590007125584,58.402662229617306,60,60,size_60x60_run_006_seed_123,123
16.30512599519063,58.41131212310252,60,60,size_60x60_run_006_seed_123,123
16.30534661499531,58.41995841995842,60,60,size_60x60_run_006_seed_123,123
16.306075431674987,58.42860112242777,60,60,size_60x60_run_006_seed_123,123
16.306281450226546,58.43724023275145,60,60,size_60x60_run_006_seed_123,123
16.306714550550286,58.445875753168494,60,60,size_60x60_run_006_seed_123,123
16.306734943939073,58.45450768591608,60,60,size_60x60_run_006_seed_123,123
16.30772002601542,58.46313603322949,60,60,size_60x60_run_006_seed_123,123
16.30830263474262,58.4717607973422,60,60,size_60x60_run_006_seed_123,123
16.308334906178104,58.48038198048579,60,60,size_60x60_run_006_seed_123,123
16.310341334876817,58.48899958489,60,60,size_60x60_run_006_seed_123,123
16.31053433346706,58.49761361278274,60,60,size_60x60_run_006_seed_123,123
16.311485737978206,58.50622406639005,60,60,size_60x60_run_006_seed_123,123
16.312083191169712,58.51483094793611,60,60,size_60x60_run_006_seed_123,123
16.312959450529583,58.5234342596433,60,60,size_60x60_run_006_seed_123,123
16.31332374608205,58.532034003732115,60,60,size_60x60_run_006_seed_123,123
16.313584346000525,58.540630182421225,60,60,size_60x60_run_006_seed_123,123
16.31389973016476,58.549222797927456,60,60,size_60x60_run_006_seed_123,123
16.31486882119862,58.55781185246581,60,60,size_60x60_run_006_seed_123,123
16.315193525129644,58.55781185246581,60,60,size_60x60_run_006_seed_123,123
16.31538754724529,58.56639734824943,60,60,size_60x60_run_006_seed_123,123
16.31609563959707,58.57497928748965,60,60,size_60x60_run_006_seed_123,123
16.317293223960444,58.58355767239593,60,60,size_60x60_run_006_seed_123,123
16.317614810482002,58.59213250517599,60,60,size_60x60_run_006_seed_123,123
16.317829408641355,58.6007037880356,60,60,size_60x60_run_006_seed_123,123
16.317945790028425,58.609271523178805,60,60,size_60x60_run_006_seed_123,123
16.320192257082645,58.617835712807775,60,60,size_60x60_run_006_seed_123,123
16.320430564115558,58.62639635912288,60,60,size_60x60_run_006_seed_123,123
16.321078348710866,58.63495346432265,60,60,size_60x60_run_006_seed_123,123
16.32264364386029,58.6435070306038,60,60,size_60x60_run_006_seed_123,123
16.324730715155468,58.652057060161255,60,60,size_60x60_run_006_seed_123,123
16.325008422945626,58.660603555188096,60,60,size_60x60_run_006_seed_123,123
16.325112760561186,58.66914651787559,60,60,size_60x60_run_006_seed_123,123
16.325588373801654,58.67768595041323,60,60,size_60x60_run_006_seed_123,123
16.32564522807213,58.68622185498864,60,60,size_60x60_run_006_seed_123,123
16.32851022479211,58.69475423378769,60,60,size_60x60_run_006_seed_123,123
16.32885087652444,58.70328308899443,60,60,size_60x60_run_006_seed_123,123
16.328860736386954,58.71180842279108,60,60,size_60x60_run_006_seed_123,123
16.329912078158536,58.7203302373581,60,60,size_60x60_run_006_seed_123,123
16.329912725273495,58.728848534874125,60,60,size_60x60_run_006_seed_123,123
16.331894402584314,58.73736331751599,60,60,size_60x60_run_006_seed_123,123
16.332531223568107,58.745874587458744,60,60,size_60x60_run_006_seed_123,123
16.333022412455094,58.754382346875644,60,60,size_60x60_run_006_seed_123,123
16.333604285065146,58.76288659793815,60,60,size_60x60_run_006_seed_123,123
16.337256420088302,58.77138734281592,60,60,size_60x60_run_006_seed_123,123
16.337766469016934,58.77988458367683,60,60,size_60x60_run_006_seed_123,123
16.33792162501142,58.788378322686995,60,60,size_60x60_run_006_seed_123,123
16.33797726861605,58.796868562010715,60,60,size_60x60_run_006_seed_123,123
16.338162585958216,58.8053553038105,60,60,size_60x60_run_006_seed_123,123
16.33875948535007,58.81383855024712,60,60,size_60x60_run_006_seed_123,123
16.33900695557103,58.82231830347951,60,60,size_60x60_run_006_seed_123,123
16.34186985503155,58.83079456566488,60,60,size_60x60_run_006_seed_123,123
16.345323241522433,58.839267338958635,60,60,size_60x60_run_006_seed_123,123
16.345355672381608,58.8477366255144,60,60,size_60x60_run_006_seed_123,123
16.345507534820186,58.856202427484064,60,60,size_60x60_run_006_seed_123,123
16.346094766884967,58.86466474701769,60,60,size_60x60_run_006_seed_123,123
16.346469217503863,58.87312358626362,60,60,size_60x60_run_006_seed_123,123
16.348007163554147,58.88157894736842,60,60,size_60x60_run_006_seed_123,123
16.348281084335497,58.89003083247688,60,60,size_60x60_run_006_seed_123,123
16.349585564644563,58.89847924373201,60,60,size_60x60_run_006_seed_123,123
16.350869705629712,58.90692418327512,60,60,size_60x60_run_006_seed_123,123
16.351072630004207,58.915365653245686,60,60,size_60x60_run_006_seed_123,123
16.351391826133796,58.92380365578147,60,60,size_60x60_run_006_seed_123,123
16.352498394376592,58.932238193018485,60,60,size_60x60_run_006_seed_123,123
16.353146814222608,58.940669267090954,60,60,size_60x60_run_006_seed_123,123
16.353774684517912,58.94909688013136,60,60,size_60x60_run_006_seed_123,123
16.353919957484706,58.957521034270464,60,60,size_60x60_run_006_seed_123,123
16.354097525158473,58.96594173163726,60,60,size_60x60_run_006_seed_123,123
16.354311991255226,58.97435897435898,60,60,size_60x60_run_006_seed_123,123
16.354493592343047,58.98277276456112,60,60,size_60x60_run_006_seed_123,123
16.355177200893106,58.99118310436744,60,60,size_60x60_run_006_seed_123,123
16.35688685398075,58.99958999589996,60,60,size_60x60_run_006_seed_123,123
16.356906780991135,59.00799344127895,60,60,size_60x60_run_006_seed_123,123
16.35746998107486,59.01639344262295,60,60,size_60x60_run_006_seed_123,123
16.357961723454924,59.02479000204877,60,60,size_60x60_run_006_seed_123,123
16.35911229545645,59.03318312167145,60,60,size_60x60_run_006_seed_123,123
16.360138547857222,59.04157280360434,60,60,size_60x60_run_006_seed_123,123
16.360761337942893,59.04995904995906,60,60,size_60x60_run_006_seed_123,123
16.360859113600075,59.058341862845445,60,60,size_60x60_run_006_seed_123,123
16.361335640627843,59.06672124437168,60,60,size_60x60_run_006_seed_123,123
16.361805353930208,59.07509719664416,60,60,size_60x60_run_006_seed_123,123
16.362585759883064,59.08346972176759,60,60,size_60x60_run_006_seed_123,123
16.363652306070232,59.09183882184495,60,60,size_60x60_run_006_seed_123,123
16.36379691129058,59.100204498977504,60,60,size_60x60_run_006_seed_123,123
16.364377266598026,59.10856675526477,60,60,size_60x60_run_006_seed_123,123
16.364580817772787,59.116925592804584,60,60,size_60x60_run_006_seed_123,123
16.364590647169283,59.125281013693034,60,60,size_60x60_run_006_seed_123,123
16.365826902988495,59.125281013693034,60,60,size_60x60_run_006_seed_123,123
16.36589795197391,59.133633020024526,60,60,size_60x60_run_006_seed_123,123
16.366919657850822,59.14198161389172,60,60,size_60x60_run_006_seed_123,123
16.36719977655319,59.150326797385624,60,60,size_60x60_run_006_seed_123,123
16.36723408976954,59.15866857259546,60,60,size_60x60_run_006_seed_123,123
16.36742170861033,59.167006941608825,60,60,size_60x60_run_006_seed_123,123
16.368804743424267,59.175341906511534,60,60,size_60x60_run_006_seed_123,123
16.36977560419936,59.183673469387756,60,60,size_60x60_run_006_seed_123,123
16.36991323045313,59.192001632319936,60,60,size_60x60_run_006_seed_123,123
16.371499120406536,59.20032639738883,60,60,size_60x60_run_006_seed_123,123
16.372204487911773,59.20864776667346,60,60,size_60x60_run_006_seed_123,123
16.37312694925511,59.216965742251226,60,60,size_60x60_run_006_seed_123,123
16.37372246011529,59.22528032619776,60,60,size_60x60_run_006_seed_123,123
16.37418661226833,59.233591520587034,60,60,size_60x60_run_006_seed_123,123
16.374306953199667,59.241899327491346,60,60,size_60x60_run_006_seed_123,123
16.375382856251726,59.25020374898126,60,60,size_60x60_run_006_seed_123,123
16.3756722245345,59.25850478712569,60,60,size_60x60_run_006_seed_123,123
16.377009449945376,59.26680244399185,60,60,size_60x60_run_006_seed_123,123
16.377290760465538,59.27509672164528,60,60,size_60x60_run_006_seed_123,123
16.378603804187634,59.28338762214984,60,60,size_60x60_run_006_seed_123,123
16.379245321611773,59.29167514756768,60,60,size_60x60_run_006_seed_123,123
16.38106926826496,59.299959299959305,60,60,size_60x60_run_006_seed_123,123
16.381484766925603,59.30824008138352,60,60,size_60x60_run_006_seed_123,123
16.382904525191282,59.31651749389748,60,60,size_60x60_run_006_seed_123,123
16.383787661365133,59.32479153955664,60,60,size_60x60_run_006_seed_123,123
16.386243915783528,59.3330622204148,60,60,size_60x60_run_006_seed_123,123
16.386243953255907,59.34132953852409,60,60,size_60x60_run_006_seed_123,123
16.386385434504298,59.34959349593496,60,60,size_60x60_run_006_seed_123,123
16.386438706062723,59.34959349593496,60,60,size_60x60_run_006_seed_123,123
16.387683536090023,59.35785409469621,60,60,size_60x60_run_006_seed_123,123
16.387685843024315,59.366111336854935,60,60,size_60x60_run_006_seed_123,123
16.387929735670163,59.374365224456625,60,60,size_60x60_run_006_seed_123,123
16.389074881642966,59.38261575954509,60,60,size_60x60_run_006_seed_123,123
16.389127816985884,59.390862944162436,60,60,size_60x60_run_006_seed_123,123
16.389726330811243,59.399106780349165,60,60,size_60x60_run_006_seed_123,123
16.39062621844561,59.40734727014411,60,60,size_60x60_run_006_seed_123,123
16.390960685043705,59.41558441558441,60,60,size_60x60_run_006_seed_123,123
16.391540910376406,59.42381821870561,60,60,size_60x60_run_006_seed_123,123
16.391989495382294,59.43204868154158,60,60,size_60x60_run_006_seed_123,123
16.39249375405174,59.44027580612452,60,60,size_60x60_run_006_seed_123,123
16.39290926078767,59.44849959448499,60,60,size_60x60_run_006_seed_123,123
16.393935571547306,59.45672004865193,60,60,size_60x60_run_006_seed_123,123
16.394419459279593,59.45672004865193,60,60,size_60x60_run_006_seed_123,123
16.39483536660294,59.46493717065261,60,60,size_60x60_run_006_seed_123,123
16.395010247125587,59.47315096251267,60,60,size_60x60_run_006_seed_123,123
16.39538695316228,59.48136142625607,60,60,size_60x60_run_006_seed_123,123
16.397078940364306,59.4895685639052,60,60,size_60x60_run_006_seed_123,123
16.39723454434598,59.497772377480764,60,60,size_60x60_run_006_seed_123,123
16.398040912286053,59.50597286900182,60,60,size_60x60_run_006_seed_123,123
16.399958642958364,59.51417004048582,60,60,size_60x60_run_006_seed_123,123
16.401174116865786,59.51417004048582,60,60,size_60x60_run_006_seed_123,123
16.401252217409443,59.522363893948594,60,60,size_60x60_run_006_seed_123,123
16.401337459938837,59.53055443140429,60,60,size_60x60_run_006_seed_123,123
16.402439004327228,59.53055443140429,60,60,size_60x60_run_006_seed_123,123
16.40435416934423,59.53874165486547,60,60,size_60x60_run_006_seed_123,123
16.405570708634443,59.54692556634305,60,60,size_60x60_run_006_seed_123,123
16.406277966711148,59.555106167846304,60,60,size_60x60_run_006_seed_123,123
16.407273501737595,59.56328346138293,60,60,size_60x60_run_006_seed_123,123
16.407843062044957,59.57145744895897,60,60,size_60x60_run_006_seed_123,123
16.408487479441376,59.57962813257882,60,60,size_60x60_run_006_seed_123,123
16.408654382755486,59.5877955142453,60,60,size_60x60_run_006_seed_123,123
16.41162401511223,59.59595959595959,60,60,size_60x60_run_006_seed_123,123
16.41194096461447,59.60412037972127,60,60,size_60x60_run_006_seed_123,123
16.412006121995365,59.61227786752828,60,60,size_60x60_run_006_seed_123,123
16.412698393978012,59.62043206137694,60,60,size_60x60_run_006_seed_123,123
16.4129057511197,59.62858296326201,60,60,size_60x60_run_006_seed_123,123
16.413214706149464,59.636730575176585,60,60,size_60x60_run_006_seed_123,123
16.413811172402628,59.64487489911219,60,60,size_60x60_run_006_seed_123,123
16.414961967126967,59.653015937058704,60,60,size_60x60_run_006_seed_123,123
16.41574221490419,59.66115369100444,60,60,size_60x60_run_006_seed_123,123
16.41575183634158,59.66928816293608,60,60,size_60x60_run_006_seed_123,123
16.415920763350293,59.67741935483871,60,60,size_60x60_run_006_seed_123,123
16.41648472087968,59.68554726869583,60,60,size_60x60_run_006_seed_123,123
16.416589266954247,59.69367190648932,60,60,size_60x60_run_006_seed_123,123
16.416803228435917,59.701793270199474,60,60,size_60x60_run_006_seed_123,123
16.418984512837454,59.709911361805,60,60,size_60x60_run_006_seed_123,123
16.419080316535563,59.71802618328298,60,60,size_60x60_run_006_seed_123,123
16.419314527811405,59.72613773660894,60,60,size_60x60_run_006_seed_123,123
16.41962913866828,59.734246023756796,60,60,size_60x60_run_006_seed_123,123
16.420700827321838,59.74235104669887,60,60,size_60x60_run_006_seed_123,123
16.420855466150318,59.75045280740592,60,60,size_60x60_run_006_seed_123,123
16.420874004243338,59.758551307847085,60,60,size_60x60_run_006_seed_123,123
16.421989013394047,59.76664654998994,60,60,size_60x60_run_006_seed_123,123
16.422416193631676,59.77473853580049,60,60,size_60x60_run_006_seed_123,123
16.423198125739834,59.78282726724311,60,60,size_60x60_run_006_seed_123,123
16.423544316695633,59.790912746280654,60,60,size_60x60_run_006_seed_123,123
16.42408657486405,59.798994974874375,60,60,size_60x60_run_006_seed_123,123
16.42510953745471,59.80707395498393,60,60,size_60x60_run_006_seed_123,123
16.42680258493654,59.815149688567416,60,60,size_60x60_run_006_seed_123,123
16.426948246173804,59.82322217758136,60,60,size_60x60_run_006_seed_123,123
16.42784021123183,59.831291423980716,60,60,size_60x60_run_006_seed_123,123
16.42836291852964,59.83935742971887,60,60,size_60x60_run_006_seed_123,123
16.42866399118943,59.847420196747635,60,60,size_60x60_run_006_seed_123,123
16.42878856491858,59.855479727017254,60,60,size_60x60_run_006_seed_123,123
16.429498903744594,59.86353602247642,60,60,size_60x60_run_006_seed_123,123
16.429608217836865,59.87158908507223,60,60,size_60x60_run_006_seed_123,123
16.429991888124256,59.87963891675025,60,60,size_60x60_run_006_seed_123,123
16.430554504453074,59.88768551945447,60,60,size_60x60_run_006_seed_123,123
16.431801301418336,59.895728895127334,60,60,size_60x60_run_006_seed_123,123
16.43209115043937,59.9037690457097,60,60,size_60x60_run_006_seed_123,123
16.432335120593276,59.91180597314091,60,60,size_60x60_run_006_seed_123,123
16.432495578270668,59.919839679358724,60,60,size_60x60_run_006_seed_123,123
16.434154079828055,59.927870166299336,60,60,size_60x60_run_006_seed_123,123
16.43576754892624,59.93589743589743,60,60,size_60x60_run_006_seed_123,123
16.436789854657682,59.94392149008612,60,60,size_60x60_run_006_seed_123,123
16.437265136226618,59.95194233079696,60,60,size_60x60_run_006_seed_123,123
16.437330760842585,59.95995995995996,60,60,size_60x60_run_006_seed_123,123
16.4374050521211,59.96797437950361,60,60,size_60x60_run_006_seed_123,123
16.439351965196302,59.97598559135481,60,60,size_60x60_run_006_seed_123,123
16.440994740395254,59.98399359743898,60,60,size_60x60_run_006_seed_123,123
16.44105714727229,59.991998399679936,60,60,size_60x60_run_006_seed_123,123
16.441867001065496,60.0,60,60,size_60x60_run_006_seed_123,123
16.44421341640182,60.00799840031994,60,60,size_60x60_run_006_seed_123,123
16.44474653119803,60.01599360255898,60,60,size_60x60_run_006_seed_123,123
16.445188644028356,60.023985608634824,60,60,size_60x60_run_006_seed_123,123
16.44632651971745,60.03197442046363,60,60,size_60x60_run_006_seed_123,123
16.446367878686058,60.039960039960036,60,60,size_60x60_run_006_seed_123,123
16.446643956646085,60.04794246903715,60,60,size_60x60_run_006_seed_123,123
16.446716807266537,60.05592170960655,60,60,size_60x60_run_006_seed_123,123
16.446889601235203,60.063897763578275,60,60,size_60x60_run_006_seed_123,123
16.446907061349332,60.07187063286084,60,60,size_60x60_run_006_seed_123,123
16.446946090980056,60.079840319361274,60,60,size_60x60_run_006_seed_123,123
16.447144999502893,60.08780682498504,60,60,size_60x60_run_006_seed_123,123
16.44762298286978,60.095770151636074,60,60,size_60x60_run_006_seed_123,123
16.447642011538065,60.10373030121684,60,60,size_60x60_run_006_seed_123,123
16.44902845856517,60.11168727562824,60,60,size_60x60_run_006_seed_123,123
16.44908586780252,60.11964107676969,60,60,size_60x60_run_006_seed_123,123
16.451138481007856,60.12759170653907,60,60,size_60x60_run_006_seed_123,123
16.451936790129295,60.135539166832764,60,60,size_60x60_run_006_seed_123,123
16.452037197063564,60.143483459545635,60,60,size_60x60_run_006_seed_123,123
16.4523927521036,60.15142458657103,60,60,size_60x60_run_006_seed_123,123
16.453909072687164,60.1593625498008,60,60,size_60x60_run_006_seed_123,123
16.454172795746597,60.1593625498008,60,60,size_60x60_run_006_seed_123,123
16.454200516919496,60.16729735112527,60,60,size_60x60_run_006_seed_123,123
16.45509691509191,60.1752289924333,60,60,size_60x60_run_006_seed_123,123
16.455254355940276,60.183157475612184,60,60,size_60x60_run_006_seed_123,123
16.456229229970038,60.19108280254777,60,60,size_60x60_run_006_seed_123,123
16.457659731183654,60.19900497512438,60,60,size_60x60_run_006_seed_123,123
16.458104448204523,60.20692399522483,60,60,size_60x60_run_006_seed_123,123
16.45917043350288,60.21483986473045,60,60,size_60x60_run_006_seed_123,123
16.459363507290053,60.22275258552108,60,60,size_60x60_run_006_seed_123,123
16.45984376473791,60.230662159475045,60,60,size_60x60_run_006_seed_123,123
16.460427440717442,60.238568588469185,60,60,size_60x60_run_006_seed_123,123
16.460967937136246,60.24647187437885,60,60,size_60x60_run_006_seed_123,123
16.460967977056658,60.254372019077906,60,60,size_60x60_run_006_seed_123,123
16.461864999707927,60.26226902443871,60,60,size_60x60_run_006_seed_123,123
16.462911909077025,60.270162892332145,60,60,size_60x60_run_006_seed_123,123
16.463309721925782,60.2780536246276,60,60,size_60x60_run_006_seed_123,123
16.464890729779178,60.28594122319301,60,60,size_60x60_run_006_seed_123,123
16.46490892919888,60.293825689894774,60,60,size_60x60_run_006_seed_123,123
16.465720310294355,60.30170702659786,60,60,size_60x60_run_006_seed_123,123
16.467331782368987,60.309585235165706,60,60,size_60x60_run_006_seed_123,123
16.468458211988132,60.317460317460316,60,60,size_60x60_run_006_seed_123,123
16.46900735656269,60.32533227534219,60,60,size_60x60_run_006_seed_123,123
16.46923428960973,60.333201110670366,60,60,size_60x60_run_006_seed_123,123
16.469979799085795,60.341066825302406,60,60,size_60x60_run_006_seed_123,123
16.47062704755819,60.34892942109437,60,60,size_60x60_run_006_seed_123,123
16.47101029195938,60.35678889990089,60,60,size_60x60_run_006_seed_123,123
16.471497132821153,60.36464526357511,60,60,size_60x60_run_006_seed_123,123
16.473742740027085,60.3724985139687,60,60,size_60x60_run_006_seed_123,123
16.47376062730487,60.38034865293186,60,60,size_60x60_run_006_seed_123,123
16.47720648929349,60.38819568231333,60,60,size_60x60_run_006_seed_123,123
16.477381432937978,60.396039603960396,60,60,size_60x60_run_006_seed_123,123
16.479346003547978,60.40388041971887,60,60,size_60x60_run_006_seed_123,123
16.479881118936635,60.4117181314331,60,60,size_60x60_run_006_seed_123,123
16.481300900215476,60.41955274094597,60,60,size_60x60_run_006_seed_123,123
16.48138081393082,60.42738425009894,60,60,size_60x60_run_006_seed_123,123
16.483138519614133,60.43521266073195,60,60,size_60x60_run_006_seed_123,123
16.48428646675952,60.44303797468354,60,60,size_60x60_run_006_seed_123,123
16.48446781551005,60.45086019379079,60,60,size_60x60_run_006_seed_123,123
16.48473436769269,60.458679319889285,60,60,size_60x60_run_006_seed_123,123
16.484816588789766,60.4664953548132,60,60,size_60x60_run_006_seed_123,123
16.48547230905167,60.47430830039525,60,60,size_60x60_run_006_seed_123,123
16.48574575265454,60.482118158466704,60,60,size_60x60_run_006_seed_123,123
16.486560379697348,60.48992493085736,60,60,size_60x60_run_006_seed_123,123
16.486563289324263,60.497728619395616,60,60,size_60x60_run_006_seed_123,123
16.487359545743452,60.505529225908376,60,60,size_60x60_run_006_seed_123,123
16.48895171388238,60.51332675222113,60,60,size_60x60_run_006_seed_123,123
16.489771634643493,60.521121200157914,60,60,size_60x60_run_006_seed_123,123
16.49007145325291,60.52891257154135,60,60,size_60x60_run_006_seed_123,123
16.490673457947487,60.53670086819258,60,60,size_60x60_run_006_seed_123,123
16.49124857796372,60.54448609193135,60,60,size_60x60_run_006_seed_123,123
16.491556650806157,60.552268244575934,60,60,size_60x60_run_006_seed_123,123
16.49269749714652,60.56004732794321,60,60,size_60x60_run_006_seed_123,123
16.492823706847886,60.56782334384858,60,60,size_60x60_run_006_seed_123,123
16.495496732568828,60.57559629410605,60,60,size_60x60_run_006_seed_123,123
16.49623457969634,60.57559629410605,60,60,size_60x60_run_006_seed_123,123
16.496526828148962,60.58336618052819,60,60,size_60x60_run_006_seed_123,123
16.496567737425526,60.591133004926114,60,60,size_60x60_run_006_seed_123,123
16.496621908792182,60.59889676910954,60,60,size_60x60_run_006_seed_123,123
16.497031271517358,60.60665747488675,60,60,size_60x60_run_006_seed_123,123
16.49761905234009,60.61441512406459,60,60,size_60x60_run_006_seed_123,123
16.497737803478916,60.62216971844852,60,60,size_60x60_run_006_seed_123,123
16.49811951144101,60.629921259842526,60,60,size_60x60_run_006_seed_123,123
16.49898591335708,60.637669750049206,60,60,size_60x60_run_006_seed_123,123
16.499241358396908,60.645415190869734,60,60,size_60x60_run_006_seed_123,123
16.499652072188265,60.65315758410388,60,60,size_60x60_run_006_seed_123,123
16.499921661015094,60.660896931549956,60,60,size_60x60_run_006_seed_123,123
16.500289335215168,60.66863323500492,60,60,size_60x60_run_006_seed_123,123
16.500305182417765,60.67636649626426,60,60,size_60x60_run_006_seed_123,123
16.500612295531063,60.684096717122074,60,60,size_60x60_run_006_seed_123,123
16.501554815077053,60.691823899371066,60,60,size_60x60_run_006_seed_123,123
16.50172477162104,60.69954804480252,60,60,size_60x60_run_006_seed_123,123
16.502292459289055,60.69954804480252,60,60,size_60x60_run_006_seed_123,123
16.502714703715643,60.70726915520629,60,60,size_60x60_run_006_seed_123,123
16.503561178079636,60.71498723237085,60,60,size_60x60_run_006_seed_123,123
16.50425946841185,60.72270227808326,60,60,size_60x60_run_006_seed_123,123
16.505439649321684,60.7304142941292,60,60,size_60x60_run_006_seed_123,123
16.50610300189475,60.73812328229289,60,60,size_60x60_run_006_seed_123,123
16.508849655522788,60.74582924435721,60,60,size_60x60_run_006_seed_123,123
16.50938524748398,60.75353218210361,60,60,size_60x60_run_006_seed_123,123
16.50981131922524,60.761232097312146,60,60,size_60x60_run_006_seed_123,123
16.51109787573242,60.761232097312146,60,60,size_60x60_run_006_seed_123,123
16.511406724027403,60.76892899176147,60,60,size_60x60_run_006_seed_123,123
16.513012659084765,60.776622867228866,60,60,size_60x60_run_006_seed_123,123
16.513797979054118,60.78431372549019,60,60,size_60x60_run_006_seed_123,123
16.5147560336283,60.79200156831994,60,60,size_60x60_run_006_seed_123,123
16.515243332931448,60.79968639749118,60,60,size_60x60_run_006_seed_123,123
16.51713929459746,60.80736821477563,60,60,size_60x60_run_006_seed_123,123
16.517986217029748,60.81504702194357,60,60,size_60x60_run_006_seed_123,123
16.518404238885545,60.82272282076395,60,60,size_60x60_run_006_seed_123,123
16.518514950556607,60.830395613004306,60,60,size_60x60_run_006_seed_123,123
16.52044385201151,60.838065400430786,60,60,size_60x60_run_006_seed_123,123
16.520985031262274,60.84573218480814,60,60,size_60x60_run_006_seed_123,123
16.521737483932593,60.85339596789978,60,60,size_60x60_run_006_seed_123,123
16.522379841064627,60.861056751467714,60,60,size_60x60_run_006_seed_123,123
16.522605386821517,60.86871453727255,60,60,size_60x60_run_006_seed_123,123
16.522810609553172,60.876369327073554,60,60,size_60x60_run_006_seed_123,123
16.52395422496825,60.884021122628596,60,60,size_60x60_run_006_seed_123,123
16.523983166495928,60.89166992569417,60,60,size_60x60_run_006_seed_123,123
16.524438215582098,60.899315738025415,60,60,size_60x60_run_006_seed_123,123
16.52457596057053,60.90695856137608,60,60,size_60x60_run_006_seed_123,123
16.525028384408635,60.91459839749853,60,60,size_60x60_run_006_seed_123,123
16.525885422969843,60.91459839749853,60,60,size_60x60_run_006_seed_123,123
16.527218617571314,60.92223524814381,60,60,size_60x60_run_006_seed_123,123
16.528312790289256,60.92986911506153,60,60,size_60x60_run_006_seed_123,123
16.528493766714096,60.9375,60,60,size_60x60_run_006_seed_123,123
16.528982239355276,60.94512790470611,60,60,size_60x60_run_006_seed_123,123
16.53003452890628,60.95275283092542,60,60,size_60x60_run_006_seed_123,123
16.530311959286024,60.960374780402105,60,60,size_60x60_run_006_seed_123,123
16.530501729390455,60.967993754879004,60,60,size_60x60_run_006_seed_123,123
16.53157001961138,60.967993754879004,60,60,size_60x60_run_006_seed_123,123
16.53295644510071,60.97560975609756,60,60,size_60x60_run_006_seed_123,123
16.532981250059255,60.9832227857979,60,60,size_60x60_run_006_seed_123,123
16.533194577915108,60.99083284571874,60,60,size_60x60_run_006_seed_123,123
16.53522005982947,60.9984399375975,60,60,size_60x60_run_006_seed_123,123
16.53725798013761,61.00604406317021,60,60,size_60x60_run_006_seed_123,123
16.537925769850304,61.00604406317021,60,60,size_60x60_run_006_seed_123,123
16.53823460325735,61.01364522417154,60,60,size_60x60_run_006_seed_123,123
16.538293077479388,61.02124342233483,60,60,size_60x60_run_006_seed_123,123
16.538514693856335,61.02883865939205,60,60,size_60x60_run_006_seed_123,123
16.539149097411894,61.03643093707384,60,60,size_60x60_run_006_seed_123,123
16.539364621803536,61.044020257109466,60,60,size_60x60_run_006_seed_123,123
16.539415607127793,61.051606621226874,60,60,size_60x60_run_006_seed_123,123
16.540474179996295,61.059190031152646,60,60,size_60x60_run_006_seed_123,123
16.542110216394242,61.06677048861203,60,60,size_60x60_run_006_seed_123,123
16.543540340927517,61.07434799532893,60,60,size_60x60_run_006_seed_123,123
16.543724299537736,61.08192255302588,60,60,size_60x60_run_006_seed_123,123
16.544013309555318,61.08949416342413,60,60,size_60x60_run_006_seed_123,123
16.544327576491106,61.09706282824353,60,60,size_60x60_run_006_seed_123,123
16.54607043503357,61.104628549202644,60,60,size_60x60_run_006_seed_123,123
16.54782761715199,61.11219132801866,60,60,size_60x60_run_006_seed_123,123
16.54842405899971,61.11975116640747,60,60,size_60x60_run_006_seed_123,123
16.549704546927416,61.12730806608357,60,60,size_60x60_run_006_seed_123,123
16.55037946949498,61.1348620287602,60,60,size_60x60_run_006_seed_123,123
16.55119085078282,61.142413056149216,60,60,size_60x60_run_006_seed_123,123
16.551702949655187,61.14996114996115,60,60,size_60x60_run_006_seed_123,123
16.55214333661127,61.15750631190523,60,60,size_60x60_run_006_seed_123,123
16.55354487415747,61.165048543689316,60,60,size_60x60_run_006_seed_123,123
16.555382650793046,61.165048543689316,60,60,size_60x60_run_006_seed_123,123
16.55573008389899,61.17258784702,60,60,size_60x60_run_006_seed_123,123
16.556214569994236,61.18012422360248,60,60,size_60x60_run_006_seed_123,123
16.5567248733139,61.18765767514069,60,60,size_60x60_run_006_seed_123,123
16.557050016799895,61.19518820333722,60,60,size_60x60_run_006_seed_123,123
16.55831051631514,61.202715809893306,60,60,size_60x60_run_006_seed_123,123
16.55916800036722,61.210240496508916,60,60,size_60x60_run_006_seed_123,123
16.559952999700087,61.21776226488268,60,60,size_60x60_run_006_seed_123,123
16.560308604046483,61.21776226488268,60,60,size_60x60_run_006_seed_123,123
16.56051652245839,61.225281116711905,60,60,size_60x60_run_006_seed_123,123
16.560691241924836,61.23279705369258,60,60,size_60x60_run_006_seed_123,123
16.56178025233264,61.240310077519375,60,60,size_60x60_run_006_seed_123,123
16.562202064698244,61.24782018988568,60,60,size_60x60_run_006_seed_123,123
16.562954044951116,61.25532739248354,60,60,size_60x60_run_006_seed_123,123
16.563990088262685,61.26283168700368,60,60,size_60x60_run_006_seed_123,123
16.564247689778416,61.270333075135554,60,60,size_60x60_run_006_seed_123,123
16.566065577180694,61.27783155856727,60,60,size_60x60_run_006_seed_123,123
16.566299020815563,61.28532713898568,60,60,size_60x60_run_006_seed_123,123
16.566319581975815,61.29281981807625,60,60,size_60x60_run_006_seed_123,123
16.566928480077205,61.29281981807625,60,60,size_60x60_run_006_seed_123,123
16.567036797862855,61.30030959752322,60,60,size_60x60_run_006_seed_123,123
16.567566961716814,61.30779647900948,60,60,size_60x60_run_006_seed_123,123
16.568044219730567,61.315280464216634,60,60,size_60x60_run_006_seed_123,123
16.568570844551914,61.32276155482499,60,60,size_60x60_run_006_seed_123,123
16.568779242665066,61.330239752513535,60,60,size_60x60_run_006_seed_123,123
16.57099030181782,61.337715058959986,60,60,size_60x60_run_006_seed_123,123
16.571931766253705,61.345187475840746,60,60,size_60x60_run_006_seed_123,123
16.572215434046154,61.35265700483091,60,60,size_60x60_run_006_seed_123,123
16.574483918441818,61.360123647604325,60,60,size_60x60_run_006_seed_123,123
16.57449022343979,61.36758740583349,60,60,size_60x60_run_006_seed_123,123
16.575009565725203,61.37504828118965,60,60,size_60x60_run_006_seed_123,123
16.57581918890557,61.38250627534273,60,60,size_60x60_run_006_seed_123,123
16.578552966943107,61.38996138996139,60,60,size_60x60_run_006_seed_123,123
16.57861033981534,61.397413626712996,60,60,size_60x60_run_006_seed_123,123
16.579544150857572,61.404862987263606,60,60,size_60x60_run_006_seed_123,123
16.580229044021856,61.41230947327803,60,60,size_60x60_run_006_seed_123,123
16.581282192816737,61.419753086419746,60,60,size_60x60_run_006_seed_123,123
16.5813691700199,61.427193828351015,60,60,size_60x60_run_006_seed_123,123
16.582260260754456,61.434631700732744,60,60,size_60x60_run_006_seed_123,123
16.583351848095162,61.4420667052246,60,60,size_60x60_run_006_seed_123,123
16.583567450564797,61.44949884348496,60,60,size_60x60_run_006_seed_123,123
16.584721042546498,61.45692811717094,60,60,size_60x60_run_006_seed_123,123
16.585055006582735,61.46435452793835,60,60,size_60x60_run_006_seed_123,123
16.58604255249327,61.471778077441726,60,60,size_60x60_run_006_seed_123,123
16.58720222729943,61.47919876733437,60,60,size_60x60_run_006_seed_123,123
16.58786355075631,61.48661659926825,60,60,size_60x60_run_006_seed_123,123
16.58836953183028,61.4940315748941,60,60,size_60x60_run_006_seed_123,123
16.588525333023494,61.501443695861404,60,60,size_60x60_run_006_seed_123,123
16.588611115001598,61.501443695861404,60,60,size_60x60_run_006_seed_123,123
16.588936540094952,61.50885296381831,60,60,size_60x60_run_006_seed_123,123
16.589378776637385,61.516259380411775,60,60,size_60x60_run_006_seed_123,123
16.58977301960251,61.52366294728742,60,60,size_60x60_run_006_seed_123,123
16.59001100584812,61.531063666089636,60,60,size_60x60_run_006_seed_123,123
16.591435918678435,61.53846153846154,60,60,size_60x60_run_006_seed_123,123
16.591498682776688,61.54585656604499,60,60,size_60x60_run_006_seed_123,123
16.59237704265225,61.553248750480584,60,60,size_60x60_run_006_seed_123,123
16.59409019052982,61.56063809340765,60,60,size_60x60_run_006_seed_123,123
16.59434835440979,61.568024596464255,60,60,size_60x60_run_006_seed_123,123
16.59618200349815,61.57540826128722,60,60,size_60x60_run_006_seed_123,123
16.599138579655232,61.582789089512104,60,60,size_60x60_run_006_seed_123,123
16.601348154160288,61.59016708277319,60,60,size_60x60_run_006_seed_123,123
16.601641547058456,61.597542242703526,60,60,size_60x60_run_006_seed_123,123
16.601779474641543,61.60491457093492,60,60,size_60x60_run_006_seed_123,123
16.602728609859824,61.61228406909789,60,60,size_60x60_run_006_seed_123,123
16.604726259701007,61.61965073882172,60,60,size_60x60_run_006_seed_123,123
16.60548484939767,61.627014581734464,60,60,size_60x60_run_006_seed_123,123
16.607739620209887,61.63437559946288,60,60,size_60x60_run_006_seed_123,123
16.608509011843804,61.641733793632525,60,60,size_60x60_run_006_seed_123,123
16.608646837789152,61.641733793632525,60,60,size_60x60_run_006_seed_123,123
16.608882375212918,61.649089165867686,60,60,size_60x60_run_006_seed_123,123
16.608990912560387,61.65644171779141,60,60,size_60x60_run_006_seed_123,123
16.609425650701596,61.663791451025496,60,60,size_60x60_run_006_seed_123,123
16.61136923078032,61.671138367190494,60,60,size_60x60_run_006_seed_123,123
16.61297478393946,61.678482467905724,60,60,size_60x60_run_006_seed_123,123
16.613899780561766,61.68582375478927,60,60,size_60x60_run_006_seed_123,123
16.61433574793357,61.693162229457954,60,60,size_60x60_run_006_seed_123,123
16.615118605988666,61.700497893527384,60,60,size_60x60_run_006_seed_123,123
16.615277186414367,61.70783074861191,60,60,size_60x60_run_006_seed_123,123
16.616999017605192,61.71516079632465,60,60,size_60x60_run_006_seed_123,123
16.6172306437773,61.71516079632465,60,60,size_60x60_run_006_seed_123,123
16.61742236657396,61.72248803827751,60,60,size_60x60_run_006_seed_123,123
16.618617310539104,61.729812476081136,60,60,size_60x60_run_006_seed_123,123
16.620842291974224,61.737134111344936,60,60,size_60x60_run_006_seed_123,123
16.62232859899494,61.74445294567712,60,60,size_60x60_run_006_seed_123,123
16.62249688537829,61.75176898068464,60,60,size_60x60_run_006_seed_123,123
16.623193657852244,61.75908221797323,60,60,size_60x60_run_006_seed_123,123
16.62420634762585,61.76639265914739,60,60,size_60x60_run_006_seed_123,123
16.62565402054765,61.773700305810394,60,60,size_60x60_run_006_seed_123,123
16.626679032407438,61.78100515956431,60,60,size_60x60_run_006_seed_123,123
16.62933167940687,61.788307222009934,60,60,size_60x60_run_006_seed_123,123
16.63017300401752,61.79560649474689,60,60,size_60x60_run_006_seed_123,123
16.63021711301889,61.80290297937356,60,60,size_60x60_run_006_seed_123,123
16.63212510337287,61.810196677487106,60,60,size_60x60_run_006_seed_123,123
16.632426504035088,61.81748759068346,60,60,size_60x60_run_006_seed_123,123
16.6326556816489,61.824775720557355,60,60,size_60x60_run_006_seed_123,123
16.634735883592413,61.832061068702295,60,60,size_60x60_run_006_seed_123,123
16.63494590350013,61.83934363671055,60,60,size_60x60_run_006_seed_123,123
16.638149895981737,61.84662342617322,60,60,size_60x60_run_006_seed_123,123
16.63946019380011,61.84662342617322,60,60,size_60x60_run_006_seed_123,123
16.640195386241373,61.85390043868014,60,60,size_60x60_run_006_seed_123,123
16.641176521543585,61.86117467581999,60,60,size_60x60_run_006_seed_123,123
16.643036385211175,61.868446139180165,60,60,size_60x60_run_006_seed_123,123
16.643129277606118,61.87571483034693,60,60,size_60x60_run_006_seed_123,123
16.64523074250702,61.88298075090528,60,60,size_60x60_run_006_seed_123,123
16.647841346518035,61.890243902439025,60,60,size_60x60_run_006_seed_123,123
16.647919626729863,61.89750428653077,60,60,size_60x60_run_006_seed_123,123
16.648928662553214,61.904761904761905,60,60,size_60x60_run_006_seed_123,123
16.649361614187402,61.91201675871263,60,60,size_60x60_run_006_seed_123,123
16.649593539650446,61.91926884996192,60,60,size_60x60_run_006_seed_123,123
16.649965154999467,61.92651818008756,60,60,size_60x60_run_006_seed_123,123
16.64998535603194,61.93376475066616,60,60,size_60x60_run_006_seed_123,123
16.650033166705327,61.94100856327307,60,60,size_60x60_run_006_seed_123,123
16.650080229038863,61.94100856327307,60,60,size_60x60_run_006_seed_123,123
16.65052258914276,61.948249619482496,60,60,size_60x60_run_006_seed_123,123
16.651458368980617,61.95548792086741,60,60,size_60x60_run_006_seed_123,123
16.65156376976736,61.96272346899961,60,60,size_60x60_run_006_seed_123,123
16.651901972292183,61.96995626544971,60,60,size_60x60_run_006_seed_123,123
16.65229721123624,61.97718631178707,60,60,size_60x60_run_006_seed_123,123
16.653370657274028,61.984413609579924,60,60,size_60x60_run_006_seed_123,123
16.6535676419098,61.99163816039529,60,60,size_60x60_run_006_seed_123,123
16.65478286278021,61.99885996579897,60,60,size_60x60_run_006_seed_123,123
16.65525514739325,62.00607902735562,60,60,size_60x60_run_006_seed_123,123
16.656672967787504,62.01329534662868,60,60,size_60x60_run_006_seed_123,123
16.657207567357172,62.02050892518041,60,60,size_60x60_run_006_seed_123,123
16.65744176067609,62.02771976457186,60,60,size_60x60_run_006_seed_123,123
16.658859160099986,62.03492786636294,60,60,size_60x60_run_006_seed_123,123
16.659523969167683,62.04213323211235,60,60,size_60x60_run_006_seed_123,123
16.660223138042657,62.04933586337761,60,60,size_60x60_run_006_seed_123,123
16.661214015304772,62.05653576171505,60,60,size_60x60_run_006_seed_123,123
16.66121748854159,62.05653576171505,60,60,size_60x60_run_006_seed_123,123
16.662024396511683,62.06373292867981,60,60,size_60x60_run_006_seed_123,123
16.662055844500152,62.0709273658259,60,60,size_60x60_run_006_seed_123,123
16.662645416431825,62.07811907470611,60,60,size_60x60_run_006_seed_123,123
16.663163147698604,62.08530805687204,60,60,size_60x60_run_006_seed_123,123
16.665247989451856,62.09249431387415,60,60,size_60x60_run_006_seed_123,123
16.66818881749339,62.0996778472617,60,60,size_60x60_run_006_seed_123,123
16.66963409833467,62.106858658582794,60,60,size_60x60_run_006_seed_123,123
16.669647852719123,62.11403674938435,60,60,size_60x60_run_006_seed_123,123
16.669678541986567,62.121212121212125,60,60,size_60x60_run_006_seed_123,123
16.6697159277198,62.12838477561068,60,60,size_60x60_run_006_seed_123,123
16.671285292803802,62.135554714123444,60,60,size_60x60_run_006_seed_123,123
16.67209665229007,62.14272193829263,60,60,size_60x60_run_006_seed_123,123
16.674313070812644,62.149886449659355,60,60,size_60x60_run_006_seed_123,123
16.676190661159232,62.15704824976348,60,60,size_60x60_run_006_seed_123,123
16.67672746384886,62.164207340143776,60,60,size_60x60_run_006_seed_123,123
16.677941748685623,62.171363722337816,60,60,size_60x60_run_006_seed_123,123
16.67822149680828,62.178517397882,60,60,size_60x60_run_006_seed_123,123
16.679489619675046,62.18566836831159,60,60,size_60x60_run_006_seed_123,123
16.679643783183185,62.19281663516069,60,60,size_60x60_run_006_seed_123,123
16.68290083906008,62.1999621999622,60,60,size_60x60_run_006_seed_123,123
16.683186026764503,62.207105064247926,60,60,size_60x60_run_006_seed_123,123
16.68402376735448,62.21424522954846,60,60,size_60x60_run_006_seed_123,123
16.685679892566636,62.22138269739328,60,60,size_60x60_run_006_seed_123,123
16.68578429357362,62.228517469310674,60,60,size_60x60_run_006_seed_123,123
16.686045200335453,62.2356495468278,60,60,size_60x60_run_006_seed_123,123
16.686849125545702,62.242778931470646,60,60,size_60x60_run_006_seed_123,123
16.687492416506103,62.249905624764054,60,60,size_60x60_run_006_seed_123,123
16.68810116684116,62.25702962823174,60,60,size_60x60_run_006_seed_123,123
16.690293121302425,62.264150943396224,60,60,size_60x60_run_006_seed_123,123
16.691031966730755,62.27126957177891,60,60,size_60x60_run_006_seed_123,123
16.691817591327215,62.27838551490004,60,60,size_60x60_run_006_seed_123,123
16.692530136034012,62.285498774278715,60,60,size_60x60_run_006_seed_123,123
16.693165522336788,62.29260935143288,60,60,size_60x60_run_006_seed_123,123
16.69342439867235,62.29971724787936,60,60,size_60x60_run_006_seed_123,123
16.693636634023765,62.30682246513381,60,60,size_60x60_run_006_seed_123,123
16.693651234278047,62.313925004710754,60,60,size_60x60_run_006_seed_123,123
16.694215579992683,62.32102486812359,60,60,size_60x60_run_006_seed_123,123
16.69522948203925,62.32812205688454,60,60,size_60x60_run_006_seed_123,123
16.695403329928872,62.335216572504706,60,60,size_60x60_run_006_seed_123,123
16.697432161396435,62.34230841649408,60,60,size_60x60_run_006_seed_123,123
16.697629243595454,62.34939759036144,60,60,size_60x60_run_006_seed_123,123
16.69853652660556,62.356484095614526,60,60,size_60x60_run_006_seed_123,123
16.69855189223293,62.36356793375988,60,60,size_60x60_run_006_seed_123,123
16.698650221514775,62.37064910630291,60,60,size_60x60_run_006_seed_123,123
16.700546547690127,62.37772761474793,60,60,size_60x60_run_006_seed_123,123
16.700552969489095,62.38480346059808,60,60,size_60x60_run_006_seed_123,123
16.70177307759934,62.391876645355396,60,60,size_60x60_run_006_seed_123,123
16.702653805743665,62.39894717052078,60,60,size_60x60_run_006_seed_123,123
16.703837107496227,62.40601503759399,60,60,size_60x60_run_006_seed_123,123
16.704547019147448,62.41308024807367,60,60,size_60x60_run_006_seed_123,123
16.704930005086783,62.420142803457345,60,60,size_60x60_run_006_seed_123,123
16.7049968179145,62.4272027052414,60,60,size_60x60_run_006_seed_123,123
16.70631364996941,62.43425995492111,60,60,size_60x60_run_006_seed_123,123
16.706483607983586,62.441314553990615,60,60,size_60x60_run_006_seed_123,123
16.707860829740014,62.44836650394292,60,60,size_60x60_run_006_seed_123,123
16.708327735570396,62.45541580626994,60,60,size_60x60_run_006_seed_123,123
16.70884478972117,62.46246246246246,60,60,size_60x60_run_006_seed_123,123
16.709156743334415,62.46950647401013,60,60,size_60x60_run_006_seed_123,123
16.70975689575278,62.476547842401494,60,60,size_60x60_run_006_seed_123,123
16.710232522237526,62.48358656912399,60,60,size_60x60_run_006_seed_123,123
16.710381376605707,62.49062265566392,60,60,size_60x60_run_006_seed_123,123
16.712785504994518,62.49765610350647,60,60,size_60x60_run_006_seed_123,123
16.714963238872688,62.50468691413573,60,60,size_60x60_run_006_seed_123,123
16.715588555238266,62.51171508903468,60,60,size_60x60_run_006_seed_123,123
16.717263584553475,62.518740629685155,60,60,size_60x60_run_006_seed_123,123
16.718770602110915,62.525763537567926,60,60,size_60x60_run_006_seed_123,123
16.7193362922881,62.532783814162606,60,60,size_60x60_run_006_seed_123,123
16.719765112206673,62.53980146094774,60,60,size_60x60_run_006_seed_123,123
16.720646878116963,62.546816479400746,60,60,size_60x60_run_006_seed_123,123
16.721507595861688,62.55382887099794,60,60,size_60x60_run_006_seed_123,123
16.721828084220455,62.56083863721452,60,60,size_60x60_run_006_seed_123,123
16.72188646380356,62.56784577952461,60,60,size_60x60_run_006_seed_123,123
16.722232294474857,62.5748502994012,60,60,size_60x60_run_006_seed_123,123
16.722919540059824,62.58185219831618,60,60,size_60x60_run_006_seed_123,123
16.72404129975069,62.58885147774037,60,60,size_60x60_run_006_seed_123,123
16.72488444565417,62.58885147774037,60,60,size_60x60_run_006_seed_123,123
16.72548550867933,62.59584813914344,60,60,size_60x60_run_006_seed_123,123
16.72611092060272,62.59584813914344,60,60,size_60x60_run_006_seed_123,123
16.72617491279432,62.602842183994014,60,60,size_60x60_run_006_seed_123,123
16.726475401145702,62.602842183994014,60,60,size_60x60_run_006_seed_123,123
16.726981393801413,62.60983361375958,60,60,size_60x60_run_006_seed_123,123
16.72736168725421,62.616822429906534,60,60,size_60x60_run_006_seed_123,123
16.72749994557105,62.616822429906534,60,60,size_60x60_run_006_seed_123,123
16.729139887981354,62.623808633900204,60,60,size_60x60_run_006_seed_123,123
16.72969432558326,62.63079222720478,60,60,size_60x60_run_006_seed_123,123
16.731170313148265,62.63777321128339,60,60,size_60x60_run_006_seed_123,123
16.731210174683152,62.64475158759806,60,60,size_60x60_run_006_seed_123,123
16.731340680672663,62.65172735760971,60,60,size_60x60_run_006_seed_123,123
16.73150532957476,62.65870052277819,60,60,size_60x60_run_006_seed_123,123
16.733151545361093,62.665671084562256,60,60,size_60x60_run_006_seed_123,123
16.73450056916285,62.67263904441956,60,60,size_60x60_run_006_seed_123,123
16.73592413822454,62.67960440380668,60,60,size_60x60_run_006_seed_123,123
16.736146464564133,62.68656716417911,60,60,size_60x60_run_006_seed_123,123
16.736402068370626,62.69352732699123,60,60,size_60x60_run_006_seed_123,123
16.739345871778642,62.700484893696384,60,60,size_60x60_run_006_seed_123,123
16.739512707648085,62.707439865746785,60,60,size_60x60_run_006_seed_123,123
16.74058090203339,62.71439224459358,60,60,size_60x60_run_006_seed_123,123
16.74086270093297,62.72134203168685,60,60,size_60x60_run_006_seed_123,123
16.741259616583875,62.72828922847559,60,60,size_60x60_run_006_seed_123,123
16.743577156611426,62.73523383640768,60,60,size_60x60_run_006_seed_123,123
16.743948282380817,62.74217585692996,60,60,size_60x60_run_006_seed_123,123
16.744562779098768,62.74911529148818,60,60,size_60x60_run_006_seed_123,123
16.745353453318756,62.75605214152699,60,60,size_60x60_run_006_seed_123,123
16.745883629992917,62.76298640849004,60,60,size_60x60_run_006_seed_123,123
16.746379736077344,62.76991809381981,60,60,size_60x60_run_006_seed_123,123
16.746467797062067,62.77684719895775,60,60,size_60x60_run_006_seed_123,123
16.747439622675547,62.78377372534425,60,60,size_60x60_run_006_seed_123,123
16.750365255992087,62.7906976744186,60,60,size_60x60_run_006_seed_123,123
16.75064161165922,62.797619047619044,60,60,size_60x60_run_006_seed_123,123
16.751851573952546,62.80453784638274,60,60,size_60x60_run_006_seed_123,123
16.752443066678236,62.81145407214578,60,60,size_60x60_run_006_seed_123,123
16.753053767097654,62.81836772634318,60,60,size_60x60_run_006_seed_123,123
16.753667179868856,62.825278810408925,60,60,size_60x60_run_006_seed_123,123
16.753845488929553,62.83218732577588,60,60,size_60x60_run_006_seed_123,123
16.755665016991074,62.83909327387588,60,60,size_60x60_run_006_seed_123,123
16.755673789370608,62.845996656139704,60,60,size_60x60_run_006_seed_123,123
16.75621720958184,62.852897473997025,60,60,size_60x60_run_006_seed_123,123
16.757101220713487,62.85979572887651,60,60,size_60x60_run_006_seed_123,123
16.75761309523314,62.866691422205726,60,60,size_60x60_run_006_seed_123,123
16.759026597866967,62.87358455541118,60,60,size_60x60_run_006_seed_123,123
16.76035593420216,62.88047512991833,60,60,size_60x60_run_006_seed_123,123
16.76099485076445,62.88736314715161,60,60,size_60x60_run_006_seed_123,123
16.7613294110988,62.89424860853432,60,60,size_60x60_run_006_seed_123,123
16.76195668330584,62.90113151548877,60,60,size_60x60_run_006_seed_123,123
16.763118772500487,62.908011869436194,60,60,size_60x60_run_006_seed_123,123
16.763317926117775,62.91488967179677,60,60,size_60x60_run_006_seed_123,123
16.76373404699167,62.92176492398962,60,60,size_60x60_run_006_seed_123,123
16.76469063401528,62.928637627432806,60,60,size_60x60_run_006_seed_123,123
16.764970204430316,62.935507783543365,60,60,size_60x60_run_006_seed_123,123
16.76515366630779,62.94237539373726,60,60,size_60x60_run_006_seed_123,123
16.766342230057422,62.949240459429426,60,60,size_60x60_run_006_seed_123,123
16.766504739402453,62.95610298203371,60,60,size_60x60_run_006_seed_123,123
16.767048216231657,62.96296296296296,60,60,size_60x60_run_006_seed_123,123
16.767194649834888,62.969820403628965,60,60,size_60x60_run_006_seed_123,123
16.76803594162595,62.969820403628965,60,60,size_60x60_run_006_seed_123,123
16.76881536482442,62.976675305442434,60,60,size_60x60_run_006_seed_123,123
16.769244935292274,62.983527669813064,60,60,size_60x60_run_006_seed_123,123
16.769784032042196,62.99037749814952,60,60,size_60x60_run_006_seed_123,123
16.77003684675301,62.99722479185939,60,60,size_60x60_run_006_seed_123,123
16.77096207505379,63.00406955234924,60,60,size_60x60_run_006_seed_123,123
16.771018802516064,63.01091178102459,60,60,size_60x60_run_006_seed_123,123
16.77371365535635,63.01775147928994,60,60,size_60x60_run_006_seed_123,123
16.774131956344597,63.024588648548715,60,60,size_60x60_run_006_seed_123,123
16.775505514515146,63.03142329020333,60,60,size_60x60_run_006_seed_123,123
16.777712532358123,63.03825540565514,60,60,size_60x60_run_006_seed_123,123
16.778140527187862,63.04508499630451,60,60,size_60x60_run_006_seed_123,123
16.778265360342093,63.05191206355071,60,60,size_60x60_run_006_seed_123,123
16.77841023092701,63.05873660879202,60,60,size_60x60_run_006_seed_123,123
16.779096192402747,63.06555863342567,60,60,size_60x60_run_006_seed_123,123
16.77910679585259,63.07237813884786,60,60,size_60x60_run_006_seed_123,123
16.77921966472981,63.079195126453754,60,60,size_60x60_run_006_seed_123,123
16.78002023903051,63.086009597637506,60,60,size_60x60_run_006_seed_123,123
16.78014768529362,63.09282155379221,60,60,size_60x60_run_006_seed_123,123
16.780196224076825,63.09963099630996,60,60,size_60x60_run_006_seed_123,123
16.78173836241084,63.10643792658182,60,60,size_60x60_run_006_seed_123,123
16.78253191173091,63.11324234599779,60,60,size_60x60_run_006_seed_123,123
16.782668055594606,63.120044255946894,60,60,size_60x60_run_006_seed_123,123
16.78290575134722,63.12684365781711,60,60,size_60x60_run_006_seed_123,123
16.783184248774383,63.133640552995395,60,60,size_60x60_run_006_seed_123,123
16.78397635155865,63.14043494286767,60,60,size_60x60_run_006_seed_123,123
16.784435101763048,63.14722682881887,60,60,size_60x60_run_006_seed_123,123
16.785197213813422,63.15401621223287,60,60,size_60x60_run_006_seed_123,123
16.78618137792859,63.160803094492536,60,60,size_60x60_run_006_seed_123,123
16.78632681155297,63.16758747697975,60,60,size_60x60_run_006_seed_123,123
16.78643994670604,63.174369361075314,60,60,size_60x60_run_006_seed_123,123
16.78759489181907,63.18114874815905,60,60,size_60x60_run_006_seed_123,123
16.788355918844545,63.18792563960979,60,60,size_60x60_run_006_seed_123,123
16.78904970628138,63.194700036805294,60,60,size_60x60_run_006_seed_123,123
16.78933837221685,63.20147194112236,60,60,size_60x60_run_006_seed_123,123
16.789481967857665,63.20824135393672,60,60,size_60x60_run_006_seed_123,123
16.790465031982624,63.21500827662314,60,60,size_60x60_run_006_seed_123,123
16.79119275474768,63.22177271055535,60,60,size_60x60_run_006_seed_123,123
16.79170840174916,63.22853465710608,60,60,size_60x60_run_006_seed_123,123
16.79310713274407,63.22853465710608,60,60,size_60x60_run_006_seed_123,123
16.793729867693514,63.23529411764706,60,60,size_60x60_run_006_seed_123,123
16.793867045438322,63.24205109354898,60,60,size_60x60_run_006_seed_123,123
16.796413547103846,63.248805586181554,60,60,size_60x60_run_006_seed_123,123
16.79662772535991,63.25555759691347,60,60,size_60x60_run_006_seed_123,123
16.796728145519623,63.262307127112415,60,60,size_60x60_run_006_seed_123,123
16.79736453398934,63.262307127112415,60,60,size_60x60_run_006_seed_123,123
16.798012780330737,63.26905417814509,60,60,size_60x60_run_006_seed_123,123
16.80061689981838,63.27579875137715,60,60,size_60x60_run_006_seed_123,123
16.800717606225902,63.282540848173305,60,60,size_60x60_run_006_seed_123,123
16.800859204884496,63.289280469897214,60,60,size_60x60_run_006_seed_123,123
16.802750083443776,63.296017617911545,60,60,size_60x60_run_006_seed_123,123
16.802851323893616,63.30275229357798,60,60,size_60x60_run_006_seed_123,123
16.803869993217184,63.3094844982572,60,60,size_60x60_run_006_seed_123,123
16.804886993900837,63.31621423330888,60,60,size_60x60_run_006_seed_123,123
16.80534246297833,63.31621423330888,60,60,size_60x60_run_006_seed_123,123
16.805377165634173,63.32294150009169,60,60,size_60x60_run_006_seed_123,123
16.80640828435938,63.32966629996333,60,60,size_60x60_run_006_seed_123,123
16.806972678868654,63.336388634280475,60,60,size_60x60_run_006_seed_123,123
16.8075000371593,63.34310850439883,60,60,size_60x60_run_006_seed_123,123
16.80801308348574,63.349825911673086,60,60,size_60x60_run_006_seed_123,123
16.80882280765898,63.349825911673086,60,60,size_60x60_run_006_seed_123,123
16.810613830849675,63.35654085745694,60,60,size_60x60_run_006_seed_123,123
16.81097242089388,63.36325334310313,60,60,size_60x60_run_006_seed_123,123
16.81193198880798,63.369963369963365,60,60,size_60x60_run_006_seed_123,123
16.812011723482428,63.37667093938839,60,60,size_60x60_run_006_seed_123,123
16.812687132112565,63.38337605272793,60,60,size_60x60_run_006_seed_123,123
16.815121543627,63.390078711330766,60,60,size_60x60_run_006_seed_123,123
16.815626524788176,63.39677891654466,60,60,size_60x60_run_006_seed_123,123
16.818216648028823,63.403476669716376,60,60,size_60x60_run_006_seed_123,123
16.819748864311606,63.41017197219173,60,60,size_60x60_run_006_seed_123,123
16.820108888422833,63.416864825315535,60,60,size_60x60_run_006_seed_123,123
16.82021993658295,63.4235552304316,60,60,size_60x60_run_006_seed_123,123
16.820368312525257,63.4302431888828,60,60,size_60x60_run_006_seed_123,123
16.82140781376068,63.43692870201097,60,60,size_60x60_run_006_seed_123,123
16.8215673804378,63.443611771157,60,60,size_60x60_run_006_seed_123,123
16.82164693210336,63.450292397660824,60,60,size_60x60_run_006_seed_123,123
16.821785931828366,63.45697058286132,60,60,size_60x60_run_006_seed_123,123
16.82211163294041,63.46364632809646,60,60,size_60x60_run_006_seed_123,123
16.82286444863877,63.4703196347032,60,60,size_60x60_run_006_seed_123,123
16.823990105416442,63.47699050401753,60,60,size_60x60_run_006_seed_123,123
16.824380152248985,63.48365893737448,60,60,size_60x60_run_006_seed_123,123
16.82510082887596,63.49032493610807,60,60,size_60x60_run_006_seed_123,123
16.825802613117464,63.49698850155138,60,60,size_60x60_run_006_seed_123,123
16.826886302760844,63.503649635036496,60,60,size_60x60_run_006_seed_123,123
16.82722812544561,63.51030833789455,60,60,size_60x60_run_006_seed_123,123
16.827473773354807,63.51696461145567,60,60,size_60x60_run_006_seed_123,123
16.831292795291805,63.52361845704906,60,60,size_60x60_run_006_seed_123,123
16.83147624875714,63.53026987600292,60,60,size_60x60_run_006_seed_123,123
16.831933367219612,63.53691886964449,60,60,size_60x60_run_006_seed_123,123
16.831957737690008,63.53691886964449,60,60,size_60x60_run_006_seed_123,123
16.832613004983195,63.54356543930003,60,60,size_60x60_run_006_seed_123,123
16.832898831190708,63.55020958629488,60,60,size_60x60_run_006_seed_123,123
16.833356576636078,63.55685131195335,60,60,size_60x60_run_006_seed_123,123
16.83341627393841,63.56349061759884,60,60,size_60x60_run_006_seed_123,123
16.83365914162065,63.57012750455373,60,60,size_60x60_run_006_seed_123,123
16.834670123290653,63.57676197413951,60,60,size_60x60_run_006_seed_123,123
16.835249380787722,63.58339402767662,60,60,size_60x60_run_006_seed_123,123
16.835555895427255,63.59002366648462,60,60,size_60x60_run_006_seed_123,123
16.837724094393792,63.59665089188206,60,60,size_60x60_run_006_seed_123,123
16.838301353374828,63.60327570518653,60,60,size_60x60_run_006_seed_123,123
16.83901456978734,63.6098981077147,60,60,size_60x60_run_006_seed_123,123
16.83922922370149,63.61651810078225,60,60,size_60x60_run_006_seed_123,123
16.8393721294084,63.62313568570389,60,60,size_60x60_run_006_seed_123,123
16.83966055311537,63.62975086379342,60,60,size_60x60_run_006_seed_123,123
16.839735570136384,63.63636363636363,60,60,size_60x60_run_006_seed_123,123
16.840777828277535,63.64297400472642,60,60,size_60x60_run_006_seed_123,123
16.841157618869094,63.64297400472642,60,60,size_60x60_run_006_seed_123,123
16.8411850128584,63.649581970192656,60,60,size_60x60_run_006_seed_123,123
16.842176732776124,63.649581970192656,60,60,size_60x60_run_006_seed_123,123
16.84375316003915,63.65618753407233,60,60,size_60x60_run_006_seed_123,123
16.8455044479103,63.662790697674424,60,60,size_60x60_run_006_seed_123,123
16.846138835998378,63.66939146230699,60,60,size_60x60_run_006_seed_123,123
16.846146791991117,63.67598982927716,60,60,size_60x60_run_006_seed_123,123
16.84659336616204,63.682585799891044,60,60,size_60x60_run_006_seed_123,123
16.847088729804923,63.68917937545389,60,60,size_60x60_run_006_seed_123,123
16.848511275073523,63.695770557269924,60,60,size_60x60_run_006_seed_123,123
16.84932658162458,63.695770557269924,60,60,size_60x60_run_006_seed_123,123
16.85326485738127,63.70235934664247,60,60,size_60x60_run_006_seed_123,123
16.855248321244968,63.70894574487389,60,60,size_60x60_run_006_seed_123,123
16.85602655264816,63.7155297532656,60,60,size_60x60_run_006_seed_123,123
16.85750220083474,63.72211137311808,60,60,size_60x60_run_006_seed_123,123
16.860082270153175,63.72869060573086,60,60,size_60x60_run_006_seed_123,123
16.860083291849598,63.73526745240253,60,60,size_60x60_run_006_seed_123,123
16.860331337285178,63.74184191443075,60,60,size_60x60_run_006_seed_123,123
16.860833018086787,63.748413993112194,60,60,size_60x60_run_006_seed_123,123
16.861366191338757,63.75498368974266,60,60,size_60x60_run_006_seed_123,123
16.862069882059025,63.76155100561696,60,60,size_60x60_run_006_seed_123,123
16.86254352789774,63.76811594202898,60,60,size_60x60_run_006_seed_123,123
16.863284861888097,63.77467850027168,60,60,size_60x60_run_006_seed_123,123
16.863306766897214,63.781238681637085,60,60,size_60x60_run_006_seed_123,123
16.864137752804666,63.78779648741626,60,60,size_60x60_run_006_seed_123,123
16.865401167789187,63.79435191889935,60,60,size_60x60_run_006_seed_123,123
16.866996834344857,63.80090497737556,60,60,size_60x60_run_006_seed_123,123
16.867423237461537,63.80745566413319,60,60,size_60x60_run_006_seed_123,123
16.8678755599892,63.81400398045957,60,60,size_60x60_run_006_seed_123,123
16.86821885562808,63.8205499276411,60,60,size_60x60_run_006_seed_123,123
16.870819297128218,63.82709350696329,60,60,size_60x60_run_006_seed_123,123
16.87126337078444,63.83363471971067,60,60,size_60x60_run_006_seed_123,123
16.872581883670104,63.84017356716688,60,60,size_60x60_run_006_seed_123,123
16.8727966918721,63.84671005061461,60,60,size_60x60_run_006_seed_123,123
16.87318932775142,63.85324417133562,60,60,size_60x60_run_006_seed_123,123
16.87353558325906,63.85977593061077,60,60,size_60x60_run_006_seed_123,123
16.873660530478332,63.866305329719964,60,60,size_60x60_run_006_seed_123,123
16.87377426152249,63.8728323699422,60,60,size_60x60_run_006_seed_123,123
16.873938570833534,63.87935705255554,60,60,size_60x60_run_006_seed_123,123
16.87462193967395,63.88587937883713,60,60,size_60x60_run_006_seed_123,123
16.874954037557835,63.89239935006319,60,60,size_60x60_run_006_seed_123,123
16.875725016454965,63.898916967509024,60,60,size_60x60_run_006_seed_123,123
16.875973330814272,63.90543223244901,60,60,size_60x60_run_006_seed_123,123
16.87664758112937,63.911945146156626,60,60,size_60x60_run_006_seed_123,123
16.877313396062966,63.918455709904386,60,60,size_60x60_run_006_seed_123,123
16.87796402167599,63.924963924963926,60,60,size_60x60_run_006_seed_123,123
16.87930503209465,63.93146979260595,60,60,size_60x60_run_006_seed_123,123
16.879754231604302,63.93797331410025,60,60,size_60x60_run_006_seed_123,123
16.87997692576403,63.9444744907157,60,60,size_60x60_run_006_seed_123,123
16.881957847459574,63.95097332372026,60,60,size_60x60_run_006_seed_123,123
16.882854519712186,63.95746981438097,60,60,size_60x60_run_006_seed_123,123
16.883687619281257,63.96396396396396,60,60,size_60x60_run_006_seed_123,123
16.88497145783844,63.97045577373446,60,60,size_60x60_run_006_seed_123,123
16.885447033981613,63.976945244956774,60,60,size_60x60_run_006_seed_123,123
16.885660412669562,63.98343237889429,60,60,size_60x60_run_006_seed_123,123
16.88590543001661,63.989917176809506,60,60,size_60x60_run_006_seed_123,123
16.886019267328578,63.996399639964,60,60,size_60x60_run_006_seed_123,123
16.88701720849005,64.00287976961843,60,60,size_60x60_run_006_seed_123,123
16.887195723915973,64.00935756703258,60,60,size_60x60_run_006_seed_123,123
16.887335671911472,64.01583303346527,60,60,size_60x60_run_006_seed_123,123
16.888269548267367,64.01583303346527,60,60,size_60x60_run_006_seed_123,123
16.88950904561621,64.02230617017449,60,60,size_60x60_run_006_seed_123,123
16.88978962347284,64.02877697841727,60,60,size_60x60_run_006_seed_123,123
16.89027450822442,64.03524545944974,60,60,size_60x60_run_006_seed_123,123
16.890822937622733,64.04171161452716,60,60,size_60x60_run_006_seed_123,123
16.890889124587027,64.04817544490383,60,60,size_60x60_run_006_seed_123,123
16.89101546635634,64.05463695183322,60,60,size_60x60_run_006_seed_123,123
16.89151734405573,64.06109613656783,60,60,size_60x60_run_006_seed_123,123
16.89172846002457,64.06109613656783,60,60,size_60x60_run_006_seed_123,123
16.891768931947126,64.06755300035933,60,60,size_60x60_run_006_seed_123,123
16.89189633192581,64.07400754445841,60,60,size_60x60_run_006_seed_123,123
16.89219053082208,64.08045977011494,60,60,size_60x60_run_006_seed_123,123
16.89280441109786,64.08690967857784,60,60,size_60x60_run_006_seed_123,123
16.894145383556967,64.09335727109516,60,60,size_60x60_run_006_seed_123,123
16.894248669759705,64.09980254891401,60,60,size_60x60_run_006_seed_123,123
16.89446186454742,64.1062455132807,60,60,size_60x60_run_006_seed_123,123
16.894643991185102,64.11268616544051,60,60,size_60x60_run_006_seed_123,123
16.89500707709775,64.11912450663796,60,60,size_60x60_run_006_seed_123,123
16.895485108657777,64.12556053811659,60,60,size_60x60_run_006_seed_123,123
16.89644008026517,64.13199426111909,60,60,size_60x60_run_006_seed_123,123
16.896947700839295,64.13842567688721,60,60,size_60x60_run_006_seed_123,123
16.897780417537525,64.14485478666188,60,60,size_60x60_run_006_seed_123,123
16.898162453543645,64.1512815916831,60,60,size_60x60_run_006_seed_123,123
16.89855282243074,64.15770609318996,60,60,size_60x60_run_006_seed_123,123
16.899557821293328,64.16412829242071,60,60,size_60x60_run_006_seed_123,123
16.89983629686012,64.17054819061269,60,60,size_60x60_run_006_seed_123,123
16.900716567276795,64.17696578900232,60,60,size_60x60_run_006_seed_123,123
16.901025383941096,64.18338108882521,60,60,size_60x60_run_006_seed_123,123
16.901439977461187,64.18979409131602,60,60,size_60x60_run_006_seed_123,123
16.90251966792815,64.19620479770856,60,60,size_60x60_run_006_seed_123,123
16.90289684402683,64.20261320923572,60,60,size_60x60_run_006_seed_123,123
16.903043590758813,64.20901932712957,60,60,size_60x60_run_006_seed_123,123
16.903486556817924,64.21542315262123,60,60,size_60x60_run_006_seed_123,123
16.903885127472172,64.22182468694096,60,60,size_60x60_run_006_seed_123,123
16.90576010049127,64.22822393131818,60,60,size_60x60_run_006_seed_123,123
16.906392197974107,64.2346208869814,60,60,size_60x60_run_006_seed_123,123
16.90656579840353,64.24101555515823,60,60,size_60x60_run_006_seed_123,123
16.908110588033487,64.24101555515823,60,60,size_60x60_run_006_seed_123,123
16.908190400208333,64.24740793707544,60,60,size_60x60_run_006_seed_123,123
16.909328325869502,64.25379803395889,60,60,size_60x60_run_006_seed_123,123
16.909690484077956,64.2601858470336,60,60,size_60x60_run_006_seed_123,123
16.909796172495575,64.26657137752368,60,60,size_60x60_run_006_seed_123,123
16.90982364946802,64.27295462665238,60,60,size_60x60_run_006_seed_123,123
16.909830932924216,64.27295462665238,60,60,size_60x60_run_006_seed_123,123
16.90984800084178,64.27933559564208,60,60,size_60x60_run_006_seed_123,123
16.910238911952554,64.28571428571429,60,60,size_60x60_run_006_seed_123,123
16.9106487192374,64.29209069808964,60,60,size_60x60_run_006_seed_123,123
16.911470420390096,64.29846483398785,60,60,size_60x60_run_006_seed_123,123
16.911670122605326,64.30483669462788,60,60,size_60x60_run_006_seed_123,123
16.912526896131308,64.3112062812277,60,60,size_60x60_run_006_seed_123,123
16.913174722938617,64.31757359500446,60,60,size_60x60_run_006_seed_123,123
16.913962201448314,64.32393863717446,60,60,size_60x60_run_006_seed_123,123
16.915992436314454,64.33030140895309,60,60,size_60x60_run_006_seed_123,123
16.91691591782604,64.33666191155493,60,60,size_60x60_run_006_seed_123,123
16.91707218506889,64.34302014619362,60,60,size_60x60_run_006_seed_123,123
16.917430669712584,64.349376114082,60,60,size_60x60_run_006_seed_123,123
16.917470824115174,64.355729816432,60,60,size_60x60_run_006_seed_123,123
16.917867231772416,64.36208125445474,60,60,size_60x60_run_006_seed_123,123
16.918154998220963,64.36843042936042,60,60,size_60x60_run_006_seed_123,123
16.918340987085486,64.37477734235839,60,60,size_60x60_run_006_seed_123,123
16.918398021835817,64.38112199465716,60,60,size_60x60_run_006_seed_123,123
16.918682400765306,64.38746438746439,60,60,size_60x60_run_006_seed_123,123
16.919585958955725,64.39380452198684,60,60,size_60x60_run_006_seed_123,123
16.91964045520926,64.40014239943041,60,60,size_60x60_run_006_seed_123,123
16.920853084339058,64.40647802100018,60,60,size_60x60_run_006_seed_123,123
16.922479900760287,64.41281138790036,60,60,size_60x60_run_006_seed_123,123
16.922560272698828,64.41914250133428,60,60,size_60x60_run_006_seed_123,123
16.92270501242197,64.42547136250445,60,60,size_60x60_run_006_seed_123,123
16.92322307791893,64.43179797261249,60,60,size_60x60_run_006_seed_123,123
16.923626304439136,64.43179797261249,60,60,size_60x60_run_006_seed_123,123
16.92443191056634,64.43812233285917,60,60,size_60x60_run_006_seed_123,123
16.9245133844535,64.44444444444444,60,60,size_60x60_run_006_seed_123,123
16.924600278583704,64.45076430856737,60,60,size_60x60_run_006_seed_123,123
16.927128532923675,64.45708192642616,60,60,size_60x60_run_006_seed_123,123
16.927917680235744,64.4633972992182,60,60,size_60x60_run_006_seed_123,123
16.929907609840246,64.46971042813999,60,60,size_60x60_run_006_seed_123,123
16.929909071134666,64.47602131438721,60,60,size_60x60_run_006_seed_123,123
16.930401542381595,64.48232995915468,60,60,size_60x60_run_006_seed_123,123
16.93050547881736,64.48863636363636,60,60,size_60x60_run_006_seed_123,123
16.930540091909865,64.49494052902538,60,60,size_60x60_run_006_seed_123,123
16.93067770569218,64.50124245651402,60,60,size_60x60_run_006_seed_123,123
16.93164025082389,64.50754214729369,60,60,size_60x60_run_006_seed_123,123
16.932419781725873,64.513839602555,60,60,size_60x60_run_006_seed_123,123
16.932652649556754,64.52013482348768,60,60,size_60x60_run_006_seed_123,123
16.933558681873023,64.5264278112806,60,60,size_60x60_run_006_seed_123,123
16.93380997844507,64.53271856712183,60,60,size_60x60_run_006_seed_123,123
16.93418538200499,64.53900709219859,60,60,size_60x60_run_006_seed_123,123
16.934553113547665,64.54529338769723,60,60,size_60x60_run_006_seed_123,123
16.935536009984958,64.55157745480327,60,60,size_60x60_run_006_seed_123,123
16.935794325798124,64.5578592947014,60,60,size_60x60_run_006_seed_123,123
16.936227039446138,64.56413890857547,60,60,size_60x60_run_006_seed_123,123
16.936797102002803,64.5704162976085,60,60,size_60x60_run_006_seed_123,123
16.937644057813316,64.57669146298264,60,60,size_60x60_run_006_seed_123,123
16.938246731185046,64.58296440587922,60,60,size_60x60_run_006_seed_123,123
16.938547740012588,64.58923512747874,60,60,size_60x60_run_006_seed_123,123
16.938585232744398,64.59550362896088,60,60,size_60x60_run_006_seed_123,123
16.939100013960285,64.60176991150442,60,60,size_60x60_run_006_seed_123,123
16.939543379601513,64.60803397628739,60,60,size_60x60_run_006_seed_123,123
16.940779849354232,64.61429582448692,60,60,size_60x60_run_006_seed_123,123
16.94224890835298,64.62055545727932,60,60,size_60x60_run_006_seed_123,123
16.943093021416868,64.62681287584012,60,60,size_60x60_run_006_seed_123,123
16.943828102990974,64.63306808134395,60,60,size_60x60_run_006_seed_123,123
16.94466088199802,64.63932107496464,60,60,size_60x60_run_006_seed_123,123
16.94469518009297,64.63932107496464,60,60,size_60x60_run_006_seed_123,123
16.94472309027524,64.6455718578752,60,60,size_60x60_run_006_seed_123,123
16.944861924504718,64.65182043124778,60,60,size_60x60_run_006_seed_123,123
16.945996904008638,64.65806679625375,60,60,size_60x60_run_006_seed_123,123
16.94718715066504,64.66431095406361,60,60,size_60x60_run_006_seed_123,123
16.947906013795233,64.67055290584702,60,60,size_60x60_run_006_seed_123,123
16.94849381246969,64.67679265277287,60,60,size_60x60_run_006_seed_123,123
16.949849142026647,64.68303019600918,60,60,size_60x60_run_006_seed_123,123
16.95257516539238,64.68926553672316,60,60,size_60x60_run_006_seed_123,123
16.952721514041464,64.6954986760812,60,60,size_60x60_run_006_seed_123,123
16.953167019666946,64.70172961524885,60,60,size_60x60_run_006_seed_123,123
16.953253412364223,64.70795835539086,60,60,size_60x60_run_006_seed_123,123
16.955034198394845,64.71418489767113,60,60,size_60x60_run_006_seed_123,123
16.95563565261114,64.72040924325277,60,60,size_60x60_run_006_seed_123,123
16.956063546904247,64.72663139329806,60,60,size_60x60_run_006_seed_123,123
16.956300889841376,64.73285134896844,60,60,size_60x60_run_006_seed_123,123
16.95797429787754,64.73906911142454,60,60,size_60x60_run_006_seed_123,123
16.958296314479153,64.74528468182619,60,60,size_60x60_run_006_seed_123,123
16.958841229379388,64.75149806133238,60,60,size_60x60_run_006_seed_123,123
16.959582498983558,64.75770925110133,60,60,size_60x60_run_006_seed_123,123
16.962088993657762,64.76391825229034,60,60,size_60x60_run_006_seed_123,123
16.962248868306002,64.77012506605601,60,60,size_60x60_run_006_seed_123,123
16.96271038916773,64.77632969355408,60,60,size_60x60_run_006_seed_123,123
16.962868447512772,64.78253213593943,60,60,size_60x60_run_006_seed_123,123
16.963525043322942,64.7887323943662,60,60,size_60x60_run_006_seed_123,123
16.96377995590091,64.79493046998768,60,60,size_60x60_run_006_seed_123,123
16.96446755834302,64.80112636395636,60,60,size_60x60_run_006_seed_123,123
16.96682806658843,64.8073200774239,60,60,size_60x60_run_006_seed_123,123
16.967158766030916,64.81351161154116,60,60,size_60x60_run_006_seed_123,123
16.967368834798055,64.81970096745823,60,60,size_60x60_run_006_seed_123,123
16.967423041121098,64.8258881463243,60,60,size_60x60_run_006_seed_123,123
16.967425759353755,64.83207314928785,60,60,size_60x60_run_006_seed_123,123
16.967617901240963,64.83825597749649,60,60,size_60x60_run_006_seed_123,123
16.969121586369887,64.84443663209703,60,60,size_60x60_run_006_seed_123,123
16.969423707187687,64.8506151142355,60,60,size_60x60_run_006_seed_123,123
16.969533993939482,64.8567914250571,60,60,size_60x60_run_006_seed_123,123
16.969636640669307,64.86296556570625,60,60,size_60x60_run_006_seed_123,123
16.969987530315002,64.86913753732654,60,60,size_60x60_run_006_seed_123,123
16.97051558642035,64.87530734106076,60,60,size_60x60_run_006_seed_123,123
16.971236466542468,64.88147497805092,60,60,size_60x60_run_006_seed_123,123
16.97135627548282,64.8876404494382,60,60,size_60x60_run_006_seed_123,123
16.971390860860666,64.8876404494382,60,60,size_60x60_run_006_seed_123,123
16.971400292975677,64.893803756363,60,60,size_60x60_run_006_seed_123,123
16.97154566890077,64.8999648999649,60,60,size_60x60_run_006_seed_123,123
16.971738952519928,64.9061238813827,60,60,size_60x60_run_006_seed_123,123
16.97242054289321,64.91228070175438,60,60,size_60x60_run_006_seed_123,123
16.97260901311832,64.91843536221715,60,60,size_60x60_run_006_seed_123,123
16.972988487241036,64.9245878639074,60,60,size_60x60_run_006_seed_123,123
16.97324316094184,64.93073820796073,60,60,size_60x60_run_006_seed_123,123
16.97341393115784,64.93688639551192,60,60,size_60x60_run_006_seed_123,123
16.974033110802058,64.943032427695,60,60,size_60x60_run_006_seed_123,123
16.974509369495465,64.94917630564319,60,60,size_60x60_run_006_seed_123,123
16.974733962218814,64.95531803048887,60,60,size_60x60_run_006_seed_123,123
16.975601879982488,64.9614576033637,60,60,size_60x60_run_006_seed_123,123
16.975713402697007,64.9675950253985,60,60,size_60x60_run_006_seed_123,123
16.977015600936088,64.97373029772329,60,60,size_60x60_run_006_seed_123,123
16.977235173639514,64.97986342146734,60,60,size_60x60_run_006_seed_123,123
16.9774818704916,64.9859943977591,60,60,size_60x60_run_006_seed_123,123
16.97753705652472,64.99212322772624,60,60,size_60x60_run_006_seed_123,123
16.978400562268757,64.99824991249562,60,60,size_60x60_run_006_seed_123,123
16.978523079540295,65.00437445319335,60,60,size_60x60_run_006_seed_123,123
16.97890463665429,65.01049685094472,60,60,size_60x60_run_006_seed_123,123
16.97928802184572,65.01661710687424,60,60,size_60x60_run_006_seed_123,123
16.979813786401767,65.02273522210564,60,60,size_60x60_run_006_seed_123,123
16.98115310968909,65.02885119776185,60,60,size_60x60_run_006_seed_123,123
16.981538344434544,65.03496503496503,60,60,size_60x60_run_006_seed_123,123
16.981628591246878,65.04107673483657,60,60,size_60x60_run_006_seed_123,123
16.981816011174743,65.04718629849702,60,60,size_60x60_run_006_seed_123,123
16.982195065393004,65.05329372706622,60,60,size_60x60_run_006_seed_123,123
16.984613366538053,65.05939902166318,60,60,size_60x60_run_006_seed_123,123
16.985208813420368,65.06550218340611,60,60,size_60x60_run_006_seed_123,123
16.985565744103653,65.0716032134125,60,60,size_60x60_run_006_seed_123,123
16.987671056230813,65.07770211279902,60,60,size_60x60_run_006_seed_123,123
16.98797216381958,65.08379888268156,60,60,size_60x60_run_006_seed_123,123
16.988357312984395,65.08989352417525,60,60,size_60x60_run_006_seed_123,123
16.9886114100718,65.09598603839441,60,60,size_60x60_run_006_seed_123,123
16.989266372966497,65.10207642645263,60,60,size_60x60_run_006_seed_123,123
16.989624524399375,65.10816468946267,60,60,size_60x60_run_006_seed_123,123
16.990091603285116,65.11425082853654,60,60,size_60x60_run_006_seed_123,123
16.991408841844795,65.12033484478549,60,60,size_60x60_run_006_seed_123,123
16.992424867118448,65.12641673931996,60,60,size_60x60_run_006_seed_123,123
16.993137810881286,65.13249651324965,60,60,size_60x60_run_006_seed_123,123
16.99343122851982,65.13857416768346,60,60,size_60x60_run_006_seed_123,123
16.99375649805532,65.14464970372951,60,60,size_60x60_run_006_seed_123,123
16.993901452110958,65.15072312249521,60,60,size_60x60_run_006_seed_123,123
16.99391351312873,65.1567944250871,60,60,size_60x60_run_006_seed_123,123
16.9958179143677,65.16286361261105,60,60,size_60x60_run_006_seed_123,123
16.995917769059773,65.16893068617206,60,60,size_60x60_run_006_seed_123,123
16.99755997539575,65.17499564687445,60,60,size_60x60_run_006_seed_123,123
16.997940466897365,65.18105849582173,60,60,size_60x60_run_006_seed_123,123
16.998396945912685,65.18711923411662,60,60,size_60x60_run_006_seed_123,123
17.001147622844904,65.19317786286112,60,60,size_60x60_run_006_seed_123,123
17.00284531838462,65.19923438315644,60,60,size_60x60_run_006_seed_123,123
17.00442871504052,65.20528879610299,60,60,size_60x60_run_006_seed_123,123
17.00468150693521,65.21134110280049,60,60,size_60x60_run_006_seed_123,123
17.004899419252965,65.21739130434783,60,60,size_60x60_run_006_seed_123,123
17.00736058003692,65.22343940184315,60,60,size_60x60_run_006_seed_123,123
17.007573512538688,65.22343940184315,60,60,size_60x60_run_006_seed_123,123
17.00815087607004,65.22948539638386,60,60,size_60x60_run_006_seed_123,123
17.00870904845964,65.23552928906658,60,60,size_60x60_run_006_seed_123,123
17.008991768644755,65.24157108098714,60,60,size_60x60_run_006_seed_123,123
17.0090653305826,65.24157108098714,60,60,size_60x60_run_006_seed_123,123
17.010211217417066,65.24761077324067,60,60,size_60x60_run_006_seed_123,123
17.01049167762405,65.25364836692147,60,60,size_60x60_run_006_seed_123,123
17.011268167038363,65.25968386312316,60,60,size_60x60_run_006_seed_123,123
17.011313036203113,65.26571726293852,60,60,size_60x60_run_006_seed_123,123
17.01149374017546,65.27174856745962,60,60,size_60x60_run_006_seed_123,123
17.01149739260164,65.27777777777779,60,60,size_60x60_run_006_seed_123,123
17.011666683492344,65.2838048949835,60,60,size_60x60_run_006_seed_123,123
17.011702040323964,65.28982992016661,60,60,size_60x60_run_006_seed_123,123
17.011895914829662,65.2958528544161,60,60,size_60x60_run_006_seed_123,123
17.01192440752002,65.30187369882027,60,60,size_60x60_run_006_seed_123,123
17.013055316956027,65.30789245446661,60,60,size_60x60_run_006_seed_123,123
17.013428145768795,65.3139091224419,60,60,size_60x60_run_006_seed_123,123
17.013752747851512,65.31992370383215,60,60,size_60x60_run_006_seed_123,123
17.01385440007762,65.3259361997226,60,60,size_60x60_run_006_seed_123,123
17.014046795341486,65.33194661119778,60,60,size_60x60_run_006_seed_123,123
17.01504581480398,65.33795493934143,60,60,size_60x60_run_006_seed_123,123
17.0155356178452,65.34396118523654,60,60,size_60x60_run_006_seed_123,123
17.01648222385783,65.34996534996536,60,60,size_60x60_run_006_seed_123,123
17.01670182509875,65.35596743460938,60,60,size_60x60_run_006_seed_123,123
17.017612808398987,65.36196744024939,60,60,size_60x60_run_006_seed_123,123
17.01765169779508,65.36796536796537,60,60,size_60x60_run_006_seed_123,123
17.017705915755172,65.36796536796537,60,60,size_60x60_run_006_seed_123,123
17.018258193329608,65.37396121883657,60,60,size_60x60_run_006_seed_123,123
17.01866468407337,65.3799549939415,60,60,size_60x60_run_006_seed_123,123
17.019216465958937,65.38594669435791,60,60,size_60x60_run_006_seed_123,123
17.019923118712146,65.39193632116283,60,60,size_60x60_run_006_seed_123,123
17.021242999229806,65.39792387543253,60,60,size_60x60_run_006_seed_123,123
17.021430086488778,65.40390935824252,60,60,size_60x60_run_006_seed_123,123
17.021542576757955,65.40989277066758,60,60,size_60x60_run_006_seed_123,123
17.022367437298115,65.41587411378177,60,60,size_60x60_run_006_seed_123,123
17.02266776361108,65.42185338865836,60,60,size_60x60_run_006_seed_123,123
17.022903110883473,65.42783059636992,60,60,size_60x60_run_006_seed_123,123
17.0236067581443,65.43380573798825,60,60,size_60x60_run_006_seed_123,123
17.023669155858716,65.43977881458441,60,60,size_60x60_run_006_seed_123,123
17.0237003553128,65.44574982722875,60,60,size_60x60_run_006_seed_123,123
17.02624153779326,65.45171877699084,60,60,size_60x60_run_006_seed_123,123
17.02660095936072,65.45768566493955,60,60,size_60x60_run_006_seed_123,123
17.02666917975665,65.46365049214297,60,60,size_60x60_run_006_seed_123,123
17.026844164730388,65.4696132596685,60,60,size_60x60_run_006_seed_123,123
17.026907351841654,65.47557396858276,60,60,size_60x60_run_006_seed_123,123
17.027905044808367,65.48153261995168,60,60,size_60x60_run_006_seed_123,123
17.028463627314355,65.48748921484038,60,60,size_60x60_run_006_seed_123,123
17.029629332531858,65.49344375431332,60,60,size_60x60_run_006_seed_123,123
17.030013549448014,65.49939623943419,60,60,size_60x60_run_006_seed_123,123
17.03038350245407,65.50534667126595,60,60,size_60x60_run_006_seed_123,123
17.030548229884232,65.51129505087084,60,60,size_60x60_run_006_seed_123,123
17.03068533596792,65.51724137931035,60,60,size_60x60_run_006_seed_123,123
17.031040685055082,65.52318565764523,60,60,size_60x60_run_006_seed_123,123
17.03129092869485,65.52912788693554,60,60,size_60x60_run_006_seed_123,123
17.03175984356574,65.53506806824056,60,60,size_60x60_run_006_seed_123,123
17.032343104219738,65.54100620261887,60,60,size_60x60_run_006_seed_123,123
17.032722556036212,65.54100620261887,60,60,size_60x60_run_006_seed_123,123
17.033814517236074,65.54694229112835,60,60,size_60x60_run_006_seed_123,123
17.034676929960757,65.55287633482604,60,60,size_60x60_run_006_seed_123,123
17.036412501821438,65.55880833476839,60,60,size_60x60_run_006_seed_123,123
17.037942600656226,65.56473829201101,60,60,size_60x60_run_006_seed_123,123
17.038430389652166,65.57066620760888,60,60,size_60x60_run_006_seed_123,123
17.039076725312057,65.57659208261619,60,60,size_60x60_run_006_seed_123,123
17.03933950863784,65.58251591808639,60,60,size_60x60_run_006_seed_123,123
17.03937047470046,65.58843771507227,60,60,size_60x60_run_006_seed_123,123
17.04007191911767,65.59435747462584,60,60,size_60x60_run_006_seed_123,123
17.042379388714473,65.60027519779842,60,60,size_60x60_run_006_seed_123,123
17.04294507256669,65.60027519779842,60,60,size_60x60_run_006_seed_123,123
17.043511470845495,65.60619088564059,60,60,size_60x60_run_006_seed_123,123
17.043669599065787,65.61210453920219,60,60,size_60x60_run_006_seed_123,123
17.043797069550138,65.6180161595324,60,60,size_60x60_run_006_seed_123,123
17.044252613757745,65.6239257476796,60,60,size_60x60_run_006_seed_123,123
17.044544465778596,65.62983330469153,60,60,size_60x60_run_006_seed_123,123
17.045272708352535,65.63573883161511,60,60,size_60x60_run_006_seed_123,123
17.045610841909152,65.64164232949665,60,60,size_60x60_run_006_seed_123,123
17.04574097184127,65.64164232949665,60,60,size_60x60_run_006_seed_123,123
17.046551752167012,65.64754379938165,60,60,size_60x60_run_006_seed_123,123
17.046898206874992,65.65344324231496,60,60,size_60x60_run_006_seed_123,123
17.04750225556688,65.65934065934066,60,60,size_60x60_run_006_seed_123,123
17.04916371647489,65.66523605150213,60,60,size_60x60_run_006_seed_123,123
17.04982869465223,65.67112941984209,60,60,size_60x60_run_006_seed_123,123
17.050682460037056,65.67702076540243,60,60,size_60x60_run_006_seed_123,123
17.050696259625987,65.68291008922444,60,60,size_60x60_run_006_seed_123,123
17.051546039410738,65.68879739234859,60,60,size_60x60_run_006_seed_123,123
17.051604777064213,65.69468267581475,60,60,size_60x60_run_006_seed_123,123
17.051676215630636,65.70056594066199,60,60,size_60x60_run_006_seed_123,123
17.052711173267628,65.70644718792867,60,60,size_60x60_run_006_seed_123,123
17.05320817135517,65.70644718792867,60,60,size_60x60_run_006_seed_123,123
17.053630573606952,65.7123264186525,60,60,size_60x60_run_006_seed_123,123
17.054280848780067,65.71820363387042,60,60,size_60x60_run_006_seed_123,123
17.054734706687807,65.72407883461868,60,60,size_60x60_run_006_seed_123,123
17.055621859268445,65.72995202193283,60,60,size_60x60_run_006_seed_123,123
17.056928676111397,65.7358231968477,60,60,size_60x60_run_006_seed_123,123
17.058524776100356,65.7358231968477,60,60,size_60x60_run_006_seed_123,123
17.058809165910347,65.7416923603974,60,60,size_60x60_run_006_seed_123,123
17.059189929488454,65.74755951361536,60,60,size_60x60_run_006_seed_123,123
17.05988047853524,65.75342465753424,60,60,size_60x60_run_006_seed_123,123
17.060459525684568,65.75928779318609,60,60,size_60x60_run_006_seed_123,123
17.06051556333162,65.76514892160219,60,60,size_60x60_run_006_seed_123,123
17.06126249970629,65.77100804381311,60,60,size_60x60_run_006_seed_123,123
17.061684808939308,65.77686516084873,60,60,size_60x60_run_006_seed_123,123
17.062057078620764,65.77686516084873,60,60,size_60x60_run_006_seed_123,123
17.06363071263655,65.78272027373824,60,60,size_60x60_run_006_seed_123,123
17.064016022496386,65.7885733835101,60,60,size_60x60_run_006_seed_123,123
17.06563390086457,65.79442449119206,60,60,size_60x60_run_006_seed_123,123
17.065648628040464,65.80027359781123,60,60,size_60x60_run_006_seed_123,123
17.06600702338848,65.8061207043939,60,60,size_60x60_run_006_seed_123,123
17.066584286794576,65.8119658119658,60,60,size_60x60_run_006_seed_123,123
17.066845692417004,65.81780892155187,60,60,size_60x60_run_006_seed_123,123
17.068548024851143,65.82365003417635,60,60,size_60x60_run_006_seed_123,123
17.06994621311407,65.82948915086281,60,60,size_60x60_run_006_seed_123,123
17.07064317115088,65.83532627263409,60,60,size_60x60_run_006_seed_123,123
17.070649403697953,65.84116140051238,60,60,size_60x60_run_006_seed_123,123
17.071301751705253,65.84699453551912,60,60,size_60x60_run_006_seed_123,123
17.07154755065138,65.85282567867509,60,60,size_60x60_run_006_seed_123,123
17.07265416890036,65.85865483100034,60,60,size_60x60_run_006_seed_123,123
17.072819018825168,65.86448199351426,60,60,size_60x60_run_006_seed_123,123
17.072961890245473,65.8703071672355,60,60,size_60x60_run_006_seed_123,123
17.07327349017577,65.87613035318205,60,60,size_60x60_run_006_seed_123,123
17.073418759358685,65.8819515523712,60,60,size_60x60_run_006_seed_123,123
17.073528427674233,65.88777076581954,60,60,size_60x60_run_006_seed_123,123
17.074273977676775,65.89358799454298,60,60,size_60x60_run_006_seed_123,123
17.074669131576936,65.8994032395567,60,60,size_60x60_run_006_seed_123,123
17.074917306176097,65.9052165018752,60,60,size_60x60_run_006_seed_123,123
17.076042191285392,65.91102778251235,60,60,size_60x60_run_006_seed_123,123
17.077195455446656,65.91683708248125,60,60,size_60x60_run_006_seed_123,123
17.07809195164249,65.92264440279433,60,60,size_60x60_run_006_seed_123,123
17.078098462676675,65.92844974446336,60,60,size_60x60_run_006_seed_123,123
17.078242150898898,65.9342531084994,60,60,size_60x60_run_006_seed_123,123
17.07888817272936,65.9400544959128,60,60,size_60x60_run_006_seed_123,123
17.078971946549935,65.94585390771326,60,60,size_60x60_run_006_seed_123,123
17.08240162588776,65.94585390771326,60,60,size_60x60_run_006_seed_123,123
17.08262652372108,65.95165134490976,60,60,size_60x60_run_006_seed_123,123
17.08288082661057,65.95744680851064,60,60,size_60x60_run_006_seed_123,123
17.08418111429509,65.96324029952349,60,60,size_60x60_run_006_seed_123,123
17.084606086705637,65.96903181895524,60,60,size_60x60_run_006_seed_123,123
17.08482982008137,65.97482136781218,60,60,size_60x60_run_006_seed_123,123
17.086021340312108,65.98060894709985,60,60,size_60x60_run_006_seed_123,123
17.086128273817586,65.98639455782312,60,60,size_60x60_run_006_seed_123,123
17.086172897651824,65.99217820098623,60,60,size_60x60_run_006_seed_123,123
17.087237841423228,65.99795987759266,60,60,size_60x60_run_006_seed_123,123
17.087786762942102,66.00373958864525,60,60,size_60x60_run_006_seed_123,123
17.087983526400517,66.00951733514616,60,60,size_60x60_run_006_seed_123,123
17.088400604686353,66.01529311809685,60,60,size_60x60_run_006_seed_123,123
17.09011425201433,66.02106693849812,60,60,size_60x60_run_006_seed_123,123
17.09188926166545,66.0268387973501,60,60,size_60x60_run_006_seed_123,123
17.0920693492814,66.03260869565217,60,60,size_60x60_run_006_seed_123,123
17.09319060443801,66.03837663440314,60,60,size_60x60_run_006_seed_123,123
17.09338352174789,66.04414261460101,60,60,size_60x60_run_006_seed_123,123
17.093424350457262,66.04990663724325,60,60,size_60x60_run_006_seed_123,123
17.09372289881791,66.05566870332655,60,60,size_60x60_run_006_seed_123,123
17.09422782108953,66.06142881384693,60,60,size_60x60_run_006_seed_123,123
17.094611251071118,66.06718696979979,60,60,size_60x60_run_006_seed_123,123
17.09482738989392,66.0729431721798,60,60,size_60x60_run_006_seed_123,123
17.095475683545697,66.078697421981,60,60,size_60x60_run_006_seed_123,123
17.09591161878032,66.08444972019672,60,60,size_60x60_run_006_seed_123,123
17.09753536441693,66.09020006781961,60,60,size_60x60_run_006_seed_123,123
17.099255927628786,66.09594846584167,60,60,size_60x60_run_006_seed_123,123
17.099409018487563,66.10169491525424,60,60,size_60x60_run_006_seed_123,123
17.09950321253967,66.10743941704796,60,60,size_60x60_run_006_seed_123,123
17.100267430993362,66.11318197221281,60,60,size_60x60_run_006_seed_123,123
17.10038983640102,66.1189225817381,60,60,size_60x60_run_006_seed_123,123
17.10116553976253,66.12466124661248,60,60,size_60x60_run_006_seed_123,123
17.101499941354106,66.13039796782387,60,60,size_60x60_run_006_seed_123,123
17.10150181904895,66.13613274635964,60,60,size_60x60_run_006_seed_123,123
17.101640911562914,66.14186558320637,60,60,size_60x60_run_006_seed_123,123
17.102243247737253,66.14759647935003,60,60,size_60x60_run_006_seed_123,123
17.103037987450023,66.15332543577594,60,60,size_60x60_run_006_seed_123,123
17.10313006017058,66.15905245346869,60,60,size_60x60_run_006_seed_123,123
17.104311655749047,66.16477753341228,60,60,size_60x60_run_006_seed_123,123
17.104698377379858,66.17050067658998,60,60,size_60x60_run_006_seed_123,123
17.105135659814426,66.17622188398444,60,60,size_60x60_run_006_seed_123,123
17.105187907923042,66.18194115657762,60,60,size_60x60_run_006_seed_123,123
17.106129981790772,66.1876584953508,60,60,size_60x60_run_006_seed_123,123
17.107217568509842,66.19337390128464,60,60,size_60x60_run_006_seed_123,123
17.107295029115654,66.19908737535913,60,60,size_60x60_run_006_seed_123,123
17.108558253466054,66.20479891855356,60,60,size_60x60_run_006_seed_123,123
17.11075315571057,66.21050853184659,60,60,size_60x60_run_006_seed_123,123
17.11135532554354,66.21621621621621,60,60,size_60x60_run_006_seed_123,123
17.111408402435604,66.22192197263975,60,60,size_60x60_run_006_seed_123,123
17.111787242739176,66.2276258020939,60,60,size_60x60_run_006_seed_123,123
17.112821261886847,66.23332770555461,60,60,size_60x60_run_006_seed_123,123
17.11376097338834,66.23902768399729,60,60,size_60x60_run_006_seed_123,123
17.113926222818765,66.24472573839662,60,60,size_60x60_run_006_seed_123,123
17.11474772431643,66.25042186972662,60,60,size_60x60_run_006_seed_123,123
17.115194501711407,66.25611607896069,60,60,size_60x60_run_006_seed_123,123
17.11647576654467,66.26180836707152,60,60,size_60x60_run_006_seed_123,123
17.116838920103806,66.26749873503121,60,60,size_60x60_run_006_seed_123,123
17.11749148806892,66.27318718381113,60,60,size_60x60_run_006_seed_123,123
17.11783114440457,66.27887371438206,60,60,size_60x60_run_006_seed_123,123
17.1179017279926,66.2845583277141,60,60,size_60x60_run_006_seed_123,123
17.117930212775555,66.29024102477668,60,60,size_60x60_run_006_seed_123,123
17.118073889627144,66.29592180653859,60,60,size_60x60_run_006_seed_123,123
17.11850113040455,66.30160067396798,60,60,size_60x60_run_006_seed_123,123
17.118724043610893,66.30160067396798,60,60,size_60x60_run_006_seed_123,123
17.119268968837055,66.30727762803235,60,60,size_60x60_run_006_seed_123,123
17.119590855576263,66.3129526696985,60,60,size_60x60_run_006_seed_123,123
17.119748110514816,66.31862579993265,60,60,size_60x60_run_006_seed_123,123
17.11983497195483,66.32429701970028,60,60,size_60x60_run_006_seed_123,123
17.120356940406847,66.32996632996633,60,60,size_60x60_run_006_seed_123,123
17.12079017085938,66.335633731695,60,60,size_60x60_run_006_seed_123,123
17.120983068516274,66.34129922584988,60,60,size_60x60_run_006_seed_123,123
17.12099711969565,66.3469628133939,60,60,size_60x60_run_006_seed_123,123
17.121218827851653,66.35262449528938,60,60,size_60x60_run_006_seed_123,123
17.12134683005878,66.3582842724979,60,60,size_60x60_run_006_seed_123,123
17.121350745803785,66.36394214598049,60,60,size_60x60_run_006_seed_123,123
17.122007186653487,66.36959811669749,60,60,size_60x60_run_006_seed_123,123
17.123497833800787,66.37525218560862,60,60,size_60x60_run_006_seed_123,123
17.123837555990892,66.37525218560862,60,60,size_60x60_run_006_seed_123,123
17.12413163598723,66.38090435367289,60,60,size_60x60_run_006_seed_123,123
17.12413459100095,66.38655462184873,60,60,size_60x60_run_006_seed_123,123
17.124542397742157,66.39220299109392,60,60,size_60x60_run_006_seed_123,123
17.12497821177687,66.39784946236558,60,60,size_60x60_run_006_seed_123,123
17.12626507076667,66.40349403662019,60,60,size_60x60_run_006_seed_123,123
17.127046724970953,66.40913671481357,60,60,size_60x60_run_006_seed_123,123
17.12731470183338,66.41477749790093,60,60,size_60x60_run_006_seed_123,123
17.127603123070703,66.4204163868368,60,60,size_60x60_run_006_seed_123,123
17.128197389935096,66.42605338257512,60,60,size_60x60_run_006_seed_123,123
17.1285085052895,66.43168848606915,60,60,size_60x60_run_006_seed_123,123
17.129437217867267,66.43732169827152,60,60,size_60x60_run_006_seed_123,123
17.130027733216284,66.44295302013423,60,60,size_60x60_run_006_seed_123,123
17.13030283173109,66.44858245260862,60,60,size_60x60_run_006_seed_123,123
17.130714112860375,66.45420999664542,60,60,size_60x60_run_006_seed_123,123
17.13092051973455,66.4598356531947,60,60,size_60x60_run_006_seed_123,123
17.131397902007766,66.4654594232059,60,60,size_60x60_run_006_seed_123,123
17.133929847928226,66.47108130762783,60,60,size_60x60_run_006_seed_123,123
17.134266490560094,66.47670130740865,60,60,size_60x60_run_006_seed_123,123
17.13491523089386,66.4823194234959,60,60,size_60x60_run_006_seed_123,123
17.13548776919797,66.48793565683646,60,60,size_60x60_run_006_seed_123,123
17.135586986815373,66.49355000837662,60,60,size_60x60_run_006_seed_123,123
17.13570286892664,66.49916247906198,60,60,size_60x60_run_006_seed_123,123
17.13711070913916,66.50477306983755,60,60,size_60x60_run_006_seed_123,123
17.137606851777534,66.51038178164768,60,60,size_60x60_run_006_seed_123,123
17.137810242922388,66.51038178164768,60,60,size_60x60_run_006_seed_123,123
17.13808598338928,66.51598861543613,60,60,size_60x60_run_006_seed_123,123
17.13820838622124,66.52159357214596,60,60,size_60x60_run_006_seed_123,123
17.13875433244149,66.52719665271967,60,60,size_60x60_run_006_seed_123,123
17.13933443262411,66.53279785809906,60,60,size_60x60_run_006_seed_123,123
17.13968882871015,66.53839718922536,60,60,size_60x60_run_006_seed_123,123
17.140211140362968,66.54399464703914,60,60,size_60x60_run_006_seed_123,123
17.140396653531102,66.54959023248036,60,60,size_60x60_run_006_seed_123,123
17.14055172240462,66.5551839464883,60,60,size_60x60_run_006_seed_123,123
17.141031515170006,66.56077579000167,60,60,size_60x60_run_006_seed_123,123
17.141038752864766,66.56636576395854,60,60,size_60x60_run_006_seed_123,123
17.14358339247188,66.57195386929634,60,60,size_60x60_run_006_seed_123,123
17.143887384276383,66.57754010695187,60,60,size_60x60_run_006_seed_123,123
17.144548641206992,66.58312447786132,60,60,size_60x60_run_006_seed_123,123
17.144696024206166,66.58870698296025,60,60,size_60x60_run_006_seed_123,123
17.14549675862465,66.59428762318356,60,60,size_60x60_run_006_seed_123,123
17.146820875070013,66.5998663994656,60,60,size_60x60_run_006_seed_123,123
17.147110232738893,66.60544331274002,60,60,size_60x60_run_006_seed_123,123
17.148025456116837,66.6110183639399,60,60,size_60x60_run_006_seed_123,123
17.148143779463403,66.61659155399767,60,60,size_60x60_run_006_seed_123,123
17.148230224297283,66.62216288384512,60,60,size_60x60_run_006_seed_123,123
17.14921403158774,66.62773235441348,60,60,size_60x60_run_006_seed_123,123
17.150263524619245,66.6332999666333,60,60,size_60x60_run_006_seed_123,123
17.151201747589656,66.63886572143453,60,60,size_60x60_run_006_seed_123,123
17.151458089282222,66.64442961974649,60,60,size_60x60_run_006_seed_123,123
17.152566903511815,66.64999166249792,60,60,size_60x60_run_006_seed_123,123
17.15256941000726,66.65555185061687,60,60,size_60x60_run_006_seed_123,123
17.152630948734537,66.66111018503084,60,60,size_60x60_run_006_seed_123,123
17.153220224325565,66.66666666666666,60,60,size_60x60_run_006_seed_123,123
17.15417144778326,66.6722212964506,60,60,size_60x60_run_006_seed_123,123
17.154560990003223,66.67777407530822,60,60,size_60x60_run_006_seed_123,123
17.155630642631483,66.68332500416459,60,60,size_60x60_run_006_seed_123,123
17.155710455356594,66.68887408394404,60,60,size_60x60_run_006_seed_123,123
17.156006886506947,66.69442131557037,60,60,size_60x60_run_006_seed_123,123
17.15612992532437,66.6999666999667,60,60,size_60x60_run_006_seed_123,123
17.157333417060048,66.7055102380556,60,60,size_60x60_run_006_seed_123,123
17.157636394772158,66.711051930759,60,60,size_60x60_run_006_seed_123,123
17.15770190964217,66.71659177899816,60,60,size_60x60_run_006_seed_123,123
17.15845600102022,66.72212978369384,60,60,size_60x60_run_006_seed_123,123
17.15881364374229,66.72766594576609,60,60,size_60x60_run_006_seed_123,123
17.15949816111994,66.73320026613439,60,60,size_60x60_run_006_seed_123,123
17.16115590171412,66.73873274571761,60,60,size_60x60_run_006_seed_123,123
17.162233445206276,66.73873274571761,60,60,size_60x60_run_006_seed_123,123
17.162759298181797,66.74426338543398,60,60,size_60x60_run_006_seed_123,123
17.162814705477093,66.74979218620116,60,60,size_60x60_run_006_seed_123,123
17.16522029244619,66.75531914893617,60,60,size_60x60_run_006_seed_123,123
17.16529079040858,66.76084427455542,60,60,size_60x60_run_006_seed_123,123
17.165409122236156,66.76636756397474,60,60,size_60x60_run_006_seed_123,123
17.16569985827026,66.77188901810932,60,60,size_60x60_run_006_seed_123,123
17.1657393004052,66.77740863787376,60,60,size_60x60_run_006_seed_123,123
17.1661317031502,66.78292642418204,60,60,size_60x60_run_006_seed_123,123
17.166170141386523,66.78844237794752,60,60,size_60x60_run_006_seed_123,123
17.166405656899997,66.79395650008301,60,60,size_60x60_run_006_seed_123,123
17.16682545316384,66.79946879150066,60,60,size_60x60_run_006_seed_123,123
17.167765757178024,66.80497925311202,60,60,size_60x60_run_006_seed_123,123
17.167850892464397,66.81048788582807,60,60,size_60x60_run_006_seed_123,123
17.16800296374873,66.81599469055915,60,60,size_60x60_run_006_seed_123,123
17.168878579244634,66.821499668215,60,60,size_60x60_run_006_seed_123,123
17.170623051219188,66.82700281970476,60,60,size_60x60_run_006_seed_123,123
17.171000930252628,66.83250414593698,60,60,size_60x60_run_006_seed_123,123
17.17112392452075,66.8380036478196,60,60,size_60x60_run_006_seed_123,123
17.172230592839078,66.84350132625994,60,60,size_60x60_run_006_seed_123,123
17.172331725308712,66.84899718216477,60,60,size_60x60_run_006_seed_123,123
17.17277896398014,66.85449121644017,60,60,size_60x60_run_006_seed_123,123
17.172849551772234,66.85998342999171,60,60,size_60x60_run_006_seed_123,123
17.17386890548375,66.86547382372432,60,60,size_60x60_run_006_seed_123,123
17.173967589968605,66.87096239854232,60,60,size_60x60_run_006_seed_123,123
17.17463758410431,66.87644915534945,60,60,size_60x60_run_006_seed_123,123
17.17640522439876,66.88193409504885,60,60,size_60x60_run_006_seed_123,123
17.176578134636802,66.88741721854305,60,60,size_60x60_run_006_seed_123,123
17.176955008228664,66.89289852673397,60,60,size_60x60_run_006_seed_123,123
17.177279165535573,66.89837802052301,60,60,size_60x60_run_006_seed_123,123
17.178217597997115,66.90385570081085,60,60,size_60x60_run_006_seed_123,123
17.178251864085166,66.90933156849769,60,60,size_60x60_run_006_seed_123,123
17.178629757301383,66.91480562448304,60,60,size_60x60_run_006_seed_123,123
17.178737756721294,66.9202778696659,60,60,size_60x60_run_006_seed_123,123
17.179092316911678,66.9257483049446,60,60,size_60x60_run_006_seed_123,123
17.179208125181862,66.93121693121694,60,60,size_60x60_run_006_seed_123,123
17.179221354824396,66.93668374938007,60,60,size_60x60_run_006_seed_123,123
17.17987983089198,66.94214876033058,60,60,size_60x60_run_006_seed_123,123
17.179895012848448,66.94761196496447,60,60,size_60x60_run_006_seed_123,123
17.180322231247125,66.95307336417713,60,60,size_60x60_run_006_seed_123,123
17.180458314251375,66.95853295886337,60,60,size_60x60_run_006_seed_123,123
17.181132204068746,66.96399074991741,60,60,size_60x60_run_006_seed_123,123
17.18157046496618,66.96944673823286,60,60,size_60x60_run_006_seed_123,123
17.18187232337897,66.97490092470278,60,60,size_60x60_run_006_seed_123,123
17.182375412388254,66.98035331021957,60,60,size_60x60_run_006_seed_123,123
17.18253707433845,66.98580389567515,60,60,size_60x60_run_006_seed_123,123
17.182649734705254,66.99125268196072,60,60,size_60x60_run_006_seed_123,123
17.182959103368574,66.996699669967,60,60,size_60x60_run_006_seed_123,123
17.183523425402573,67.00214486058407,60,60,size_60x60_run_006_seed_123,123
17.183713474738447,67.00758825470142,60,60,size_60x60_run_006_seed_123,123
17.184134257456975,67.01302985320798,60,60,size_60x60_run_006_seed_123,123
17.18465540702,67.01846965699208,60,60,size_60x60_run_006_seed_123,123
17.188767671718686,67.02390766694147,60,60,size_60x60_run_006_seed_123,123
17.189207647131195,67.0293438839433,60,60,size_60x60_run_006_seed_123,123
17.189242174161656,67.03477830888413,60,60,size_60x60_run_006_seed_123,123
17.1892436581449,67.04021094264996,60,60,size_60x60_run_006_seed_123,123
17.19019183560285,67.04564178612623,60,60,size_60x60_run_006_seed_123,123
17.19029418769692,67.0510708401977,60,60,size_60x60_run_006_seed_123,123
17.190448642813525,67.05649810574864,60,60,size_60x60_run_006_seed_123,123
17.190736136602972,67.06192358366272,60,60,size_60x60_run_006_seed_123,123
17.19126180922888,67.06734727482299,60,60,size_60x60_run_006_seed_123,123
17.191926121112466,67.07276918011196,60,60,size_60x60_run_006_seed_123,123
17.19293038880171,67.07818930041152,60,60,size_60x60_run_006_seed_123,123
17.193532868552566,67.08360763660302,60,60,size_60x60_run_006_seed_123,123
17.19412122167471,67.08902418956723,60,60,size_60x60_run_006_seed_123,123
17.194130995406127,67.09443896018426,60,60,size_60x60_run_006_seed_123,123
17.19493487515261,67.09985194933378,60,60,size_60x60_run_006_seed_123,123
17.19567351848661,67.10526315789474,60,60,size_60x60_run_006_seed_123,123
17.196302363827492,67.11067258674561,60,60,size_60x60_run_006_seed_123,123
17.19643001887493,67.11608023676422,60,60,size_60x60_run_006_seed_123,123
17.196521853452293,67.12148610882788,60,60,size_60x60_run_006_seed_123,123
17.196615243735504,67.12689020381329,60,60,size_60x60_run_006_seed_123,123
17.19692185640139,67.13229252259654,60,60,size_60x60_run_006_seed_123,123
17.19816317202437,67.13769306605325,60,60,size_60x60_run_006_seed_123,123
17.19900624871884,67.14309183505833,60,60,size_60x60_run_006_seed_123,123
17.1990902766064,67.1484888304862,60,60,size_60x60_run_006_seed_123,123
17.19990578149705,67.15388405321072,60,60,size_60x60_run_006_seed_123,123
17.199906562130128,67.15927750410509,60,60,size_60x60_run_006_seed_123,123
17.20037171230462,67.16466918404203,60,60,size_60x60_run_006_seed_123,123
17.200738102866726,67.17005909389363,60,60,size_60x60_run_006_seed_123,123
17.20094233055827,67.17544723453143,60,60,size_60x60_run_006_seed_123,123
17.202190473611306,67.18083360682638,60,60,size_60x60_run_006_seed_123,123
17.20271012275291,67.18621821164889,60,60,size_60x60_run_006_seed_123,123
17.20282956778515,67.18621821164889,60,60,size_60x60_run_006_seed_123,123
17.202931511592258,67.19160104986877,60,60,size_60x60_run_006_seed_123,123
17.20404538528854,67.19698212235525,60,60,size_60x60_run_006_seed_123,123
17.207172013499655,67.20236142997705,60,60,size_60x60_run_006_seed_123,123
17.20785292073433,67.20773897360223,60,60,size_60x60_run_006_seed_123,123
17.2081054988953,67.21311475409836,60,60,size_60x60_run_006_seed_123,123
17.208393671002597,67.2184887723324,60,60,size_60x60_run_006_seed_123,123
17.208754849864864,67.22386102917076,60,60,size_60x60_run_006_seed_123,123
17.209545905547486,67.22923152547928,60,60,size_60x60_run_006_seed_123,123
17.21021467508669,67.2346002621232,60,60,size_60x60_run_006_seed_123,123
17.21110146112429,67.23996723996723,60,60,size_60x60_run_006_seed_123,123
17.211233929033206,67.24533245987553,60,60,size_60x60_run_006_seed_123,123
17.211371291814594,67.25069592271164,60,60,size_60x60_run_006_seed_123,123
17.21167095747254,67.25605762933857,60,60,size_60x60_run_006_seed_123,123
17.211729330977732,67.26141758061875,60,60,size_60x60_run_006_seed_123,123
17.21272913687136,67.26677577741408,60,60,size_60x60_run_006_seed_123,123
17.212862390332074,67.27213222058583,60,60,size_60x60_run_006_seed_123,123
17.21287058249772,67.27748691099477,60,60,size_60x60_run_006_seed_123,123
17.212920370694956,67.28283984950106,60,60,size_60x60_run_006_seed_123,123
17.21332319738461,67.28819103696434,60,60,size_60x60_run_006_seed_123,123
17.214290219413623,67.29354047424366,60,60,size_60x60_run_006_seed_123,123
17.21459941898439,67.29888816219751,60,60,size_60x60_run_006_seed_123,123
17.214599753586377,67.30423410168383,60,60,size_60x60_run_006_seed_123,123
17.215503986291033,67.30957829356,60,60,size_60x60_run_006_seed_123,123
17.215710373397723,67.31492073868279,60,60,size_60x60_run_006_seed_123,123
17.216260900525437,67.3202614379085,60,60,size_60x60_run_006_seed_123,123
17.216405341680577,67.3202614379085,60,60,size_60x60_run_006_seed_123,123
17.217419663400225,67.3256003920928,60,60,size_60x60_run_006_seed_123,123
17.2175984369542,67.33093760209083,60,60,size_60x60_run_006_seed_123,123
17.21866449265898,67.33627306875715,60,60,size_60x60_run_006_seed_123,123
17.21957960376747,67.34160679294578,60,60,size_60x60_run_006_seed_123,123
17.219630571516085,67.3469387755102,60,60,size_60x60_run_006_seed_123,123
17.21998559454729,67.3522690173033,60,60,size_60x60_run_006_seed_123,123
17.220442002616064,67.35759751917742,60,60,size_60x60_run_006_seed_123,123
17.220958348895795,67.36292428198433,60,60,size_60x60_run_006_seed_123,123
17.221583134346467,67.36824930657531,60,60,size_60x60_run_006_seed_123,123
17.222033145636747,67.37357259380097,60,60,size_60x60_run_006_seed_123,123
17.22321146150087,67.3788941445115,60,60,size_60x60_run_006_seed_123,123
17.223701527954784,67.38421395955643,60,60,size_60x60_run_006_seed_123,123
17.223859504527027,67.38953203978477,60,60,size_60x60_run_006_seed_123,123
17.2245760504705,67.394848386045,60,60,size_60x60_run_006_seed_123,123
17.22472499823751,67.394848386045,60,60,size_60x60_run_006_seed_123,123
17.22486318527848,67.40016299918501,60,60,size_60x60_run_006_seed_123,123
17.22537177008955,67.40547588005215,60,60,size_60x60_run_006_seed_123,123
17.225695005148932,67.41078702949324,60,60,size_60x60_run_006_seed_123,123
17.225992884826322,67.41609644835451,60,60,size_60x60_run_006_seed_123,123
17.226298930555867,67.42140413748167,60,60,size_60x60_run_006_seed_123,123
17.226441648629347,67.42671009771986,60,60,size_60x60_run_006_seed_123,123
17.22732699075207,67.4320143299137,60,60,size_60x60_run_006_seed_123,123
17.22776961229742,67.43731683490721,60,60,size_60x60_run_006_seed_123,123
17.229629570521322,67.44261761354387,60,60,size_60x60_run_006_seed_123,123
17.229645522496345,67.44791666666666,60,60,size_60x60_run_006_seed_123,123
17.23010270248611,67.45321399511798,60,60,size_60x60_run_006_seed_123,123
17.23079589784172,67.45850959973967,60,60,size_60x60_run_006_seed_123,123
17.23079810077959,67.46380348137303,60,60,size_60x60_run_006_seed_123,123
17.231752393160896,67.46909564085881,60,60,size_60x60_run_006_seed_123,123
17.23219070720864,67.47438607903725,60,60,size_60x60_run_006_seed_123,123
17.23224597813573,67.47967479674797,60,60,size_60x60_run_006_seed_123,123
17.233399509346622,67.48496179483011,60,60,size_60x60_run_006_seed_123,123
17.233549444941413,67.49024707412224,60,60,size_60x60_run_006_seed_123,123
17.23391390153212,67.49553063546237,60,60,size_60x60_run_006_seed_123,123
17.234243322807345,67.50081247968801,60,60,size_60x60_run_006_seed_123,123
17.234775728532718,67.50609260763608,60,60,size_60x60_run_006_seed_123,123
17.235052571052478,67.51137102014295,60,60,size_60x60_run_006_seed_123,123
17.235817202921158,67.51137102014295,60,60,size_60x60_run_006_seed_123,123
17.23597690381518,67.5166477180445,60,60,size_60x60_run_006_seed_123,123
17.236061178208775,67.52192270217603,60,60,size_60x60_run_006_seed_123,123
17.23613593807195,67.5271959733723,60,60,size_60x60_run_006_seed_123,123
17.23756765094635,67.53246753246754,60,60,size_60x60_run_006_seed_123,123
17.23832177751029,67.5377373802954,60,60,size_60x60_run_006_seed_123,123
17.23839221732228,67.54300551768905,60,60,size_60x60_run_006_seed_123,123
17.23921847829702,67.5482719454811,60,60,size_60x60_run_006_seed_123,123
17.23928215478341,67.55353666450357,60,60,size_60x60_run_006_seed_123,123
17.23933834956822,67.558799675588,60,60,size_60x60_run_006_seed_123,123
17.23966889497943,67.56406097956535,60,60,size_60x60_run_006_seed_123,123
17.240087217034198,67.56932057726608,60,60,size_60x60_run_006_seed_123,123
17.24058702233497,67.5745784695201,60,60,size_60x60_run_006_seed_123,123
17.240705803979026,67.57983465715675,60,60,size_60x60_run_006_seed_123,123
17.241089376531967,67.58508914100486,60,60,size_60x60_run_006_seed_123,123
17.24251291188266,67.59034192189273,60,60,size_60x60_run_006_seed_123,123
17.24291620490416,67.59034192189273,60,60,size_60x60_run_006_seed_123,123
17.24360560322955,67.5955930006481,60,60,size_60x60_run_006_seed_123,123
17.244333369877317,67.60084237809816,60,60,size_60x60_run_006_seed_123,123
17.2452188064274,67.60609005506964,60,60,size_60x60_run_006_seed_123,123
17.24544801212171,67.61133603238866,60,60,size_60x60_run_006_seed_123,123
17.245617114908512,67.61658031088082,60,60,size_60x60_run_006_seed_123,123
17.247063177065467,67.62182289137122,60,60,size_60x60_run_006_seed_123,123
17.24720936716798,67.62706377468436,60,60,size_60x60_run_006_seed_123,123
17.247720362569545,67.63230296164427,60,60,size_60x60_run_006_seed_123,123
17.248306244389216,67.63754045307444,60,60,size_60x60_run_006_seed_123,123
17.248723724185297,67.64277624979776,60,60,size_60x60_run_006_seed_123,123
17.24894141800563,67.64801035263669,60,60,size_60x60_run_006_seed_123,123
17.249349664458748,67.65324276241307,60,60,size_60x60_run_006_seed_123,123
17.249696264503154,67.65847347994826,60,60,size_60x60_run_006_seed_123,123
17.250823291280728,67.66370250606305,60,60,size_60x60_run_006_seed_123,123
17.25083891807489,67.66892984157775,60,60,size_60x60_run_006_seed_123,123
17.25087456649587,67.6741554873121,60,60,size_60x60_run_006_seed_123,123
17.251392690770295,67.67937944408533,60,60,size_60x60_run_006_seed_123,123
17.251862156266277,67.6846017127161,60,60,size_60x60_run_006_seed_123,123
17.251916097144527,67.68982229402262,60,60,size_60x60_run_006_seed_123,123
17.251951086559707,67.69504118882249,60,60,size_60x60_run_006_seed_123,123
17.252938529694166,67.70025839793283,60,60,size_60x60_run_006_seed_123,123
17.253058111621016,67.70547392217019,60,60,size_60x60_run_006_seed_123,123
17.25308720423395,67.71068776235066,60,60,size_60x60_run_006_seed_123,123
17.253348906844842,67.71589991928974,60,60,size_60x60_run_006_seed_123,123
17.253561857605483,67.72111039380245,60,60,size_60x60_run_006_seed_123,123
17.253678436730972,67.72631918670325,60,60,size_60x60_run_006_seed_123,123
17.25459840117275,67.73152629880606,60,60,size_60x60_run_006_seed_123,123
17.254832586581344,67.73673173092433,60,60,size_60x60_run_006_seed_123,123
17.25517859987909,67.74193548387096,60,60,size_60x60_run_006_seed_123,123
17.25536978927177,67.74713755845832,60,60,size_60x60_run_006_seed_123,123
17.25667205368097,67.75233795549823,60,60,size_60x60_run_006_seed_123,123
17.257665105277496,67.75753667580203,60,60,size_60x60_run_006_seed_123,123
17.25775170279685,67.76273372018052,60,60,size_60x60_run_006_seed_123,123
17.2580768562664,67.767929089444,60,60,size_60x60_run_006_seed_123,123
17.25965833772985,67.77312278440219,60,60,size_60x60_run_006_seed_123,123
17.260807825299914,67.77831480586435,60,60,size_60x60_run_006_seed_123,123
17.261342713643014,67.78350515463917,60,60,size_60x60_run_006_seed_123,123
17.261844958709172,67.78869383153487,60,60,size_60x60_run_006_seed_123,123
17.262045208225803,67.7938808373591,60,60,size_60x60_run_006_seed_123,123
17.26234064126531,67.79906617291901,60,60,size_60x60_run_006_seed_123,123
17.262470591400895,67.80424983902125,60,60,size_60x60_run_006_seed_123,123
17.26359298053901,67.80943183647192,60,60,size_60x60_run_006_seed_123,123
17.26413699763841,67.8146121660766,60,60,size_60x60_run_006_seed_123,123
17.26429512735283,67.8197908286404,60,60,size_60x60_run_006_seed_123,123
17.264307211444027,67.82496782496783,60,60,size_60x60_run_006_seed_123,123
17.264455444943486,67.83014315586296,60,60,size_60x60_run_006_seed_123,123
17.26469474372885,67.8353168221293,60,60,size_60x60_run_006_seed_123,123
17.264720647931007,67.84048882456986,60,60,size_60x60_run_006_seed_123,123
17.265005497466234,67.84565916398714,60,60,size_60x60_run_006_seed_123,123
17.26543322813444,67.85082784118309,60,60,size_60x60_run_006_seed_123,123
17.265761363942634,67.85599485695919,60,60,size_60x60_run_006_seed_123,123
17.266293062820388,67.86116021211635,60,60,size_60x60_run_006_seed_123,123
17.26634006277682,67.86632390745501,60,60,size_60x60_run_006_seed_123,123
17.26660559412646,67.8714859437751,60,60,size_60x60_run_006_seed_123,123
17.266685656035516,67.876646321876,60,60,size_60x60_run_006_seed_123,123
17.26709982732149,67.8818050425566,60,60,size_60x60_run_006_seed_123,123
17.267426687867466,67.88696210661529,60,60,size_60x60_run_006_seed_123,123
17.26830193114342,67.89211751484989,60,60,size_60x60_run_006_seed_123,123
17.268398584546155,67.89727126805778,60,60,size_60x60_run_006_seed_123,123
17.26878305366931,67.9024233670358,60,60,size_60x60_run_006_seed_123,123
17.268809233057922,67.90757381258024,60,60,size_60x60_run_006_seed_123,123
17.268972338266895,67.91272260548692,60,60,size_60x60_run_006_seed_123,123
17.26938568930591,67.91786974655118,60,60,size_60x60_run_006_seed_123,123
17.269517920537226,67.92301523656776,60,60,size_60x60_run_006_seed_123,123
17.270042521454826,67.92815907633099,60,60,size_60x60_run_006_seed_123,123
17.27127971889341,67.9333012666346,60,60,size_60x60_run_006_seed_123,123
17.27203471500652,67.93844180827188,60,60,size_60x60_run_006_seed_123,123
17.27287027506587,67.94358070203558,60,60,size_60x60_run_006_seed_123,123
17.275320430891295,67.94871794871796,60,60,size_60x60_run_006_seed_123,123
17.27534088920815,67.95385354911072,60,60,size_60x60_run_006_seed_123,123
17.27567670175584,67.95898750400514,60,60,size_60x60_run_006_seed_123,123
17.27895452413658,67.96411981419189,60,60,size_60x60_run_006_seed_123,123
17.279721314509363,67.96411981419189,60,60,size_60x60_run_006_seed_123,123
17.280523300454398,67.96925048046124,60,60,size_60x60_run_006_seed_123,123
17.281141117767483,67.97437950360288,60,60,size_60x60_run_006_seed_123,123
17.28239877719751,67.97950688440602,60,60,size_60x60_run_006_seed_123,123
17.28256227359818,67.98463262365935,60,60,size_60x60_run_006_seed_123,123
17.283341167967432,67.98975672215109,60,60,size_60x60_run_006_seed_123,123
17.28603872769225,67.9948791806689,60,60,size_60x60_run_006_seed_123,123
17.28676387196123,68.0,60,60,size_60x60_run_006_seed_123,123
17.28720644078349,68.00511918093105,60,60,size_60x60_run_006_seed_123,123
17.287314382885352,68.01023672424824,60,60,size_60x60_run_006_seed_123,123
17.287517972397517,68.01535263073724,60,60,size_60x60_run_006_seed_123,123
17.288856127383248,68.02046690118324,60,60,size_60x60_run_006_seed_123,123
17.29041502542566,68.02557953637091,60,60,size_60x60_run_006_seed_123,123
17.290925886463945,68.03069053708441,60,60,size_60x60_run_006_seed_123,123
17.291144863061554,68.03579990410739,60,60,size_60x60_run_006_seed_123,123
17.292196665237373,68.04090763822308,60,60,size_60x60_run_006_seed_123,123
17.292718532479267,68.0460137402141,60,60,size_60x60_run_006_seed_123,123
17.29305973128345,68.05111821086261,60,60,size_60x60_run_006_seed_123,123
17.29315872136405,68.05622105095033,60,60,size_60x60_run_006_seed_123,123
17.29403190600757,68.06132226125838,60,60,size_60x60_run_006_seed_123,123
17.294131548834944,68.06642184256746,60,60,size_60x60_run_006_seed_123,123
17.294264403484156,68.07151979565774,60,60,size_60x60_run_006_seed_123,123
17.294300384843623,68.07661612130886,60,60,size_60x60_run_006_seed_123,123
17.29485609222188,68.08171082030003,60,60,size_60x60_run_006_seed_123,123
17.295844100184258,68.08680389340992,60,60,size_60x60_run_006_seed_123,123
17.296972530014653,68.09189534141672,60,60,size_60x60_run_006_seed_123,123
17.296989529212212,68.0969851650981,60,60,size_60x60_run_006_seed_123,123
17.298603840884056,68.10207336523126,60,60,size_60x60_run_006_seed_123,123
17.299754979295965,68.10715994259289,60,60,size_60x60_run_006_seed_123,123
17.30087052378453,68.11224489795919,60,60,size_60x60_run_006_seed_123,123
17.301649329100595,68.11732823210586,60,60,size_60x60_run_006_seed_123,123
17.30176074637412,68.12240994580809,60,60,size_60x60_run_006_seed_123,123
17.30180909768178,68.12749003984064,60,60,size_60x60_run_006_seed_123,123
17.302291482433876,68.13256851497769,60,60,size_60x60_run_006_seed_123,123
17.30275846683024,68.13764537199299,60,60,size_60x60_run_006_seed_123,123
17.303116077224946,68.14272061165977,60,60,size_60x60_run_006_seed_123,123
17.30371425611281,68.14779423475076,60,60,size_60x60_run_006_seed_123,123
17.304415410451007,68.15286624203821,60,60,size_60x60_run_006_seed_123,123
17.304426977970188,68.1579366342939,60,60,size_60x60_run_006_seed_123,123
17.30475779464882,68.16300541228908,60,60,size_60x60_run_006_seed_123,123
17.304973487603778,68.16300541228908,60,60,size_60x60_run_006_seed_123,123
17.305589731752587,68.16807257679453,60,60,size_60x60_run_006_seed_123,123
17.305678459182012,68.17313812858052,60,60,size_60x60_run_006_seed_123,123
17.306265251767517,68.17820206841687,60,60,size_60x60_run_006_seed_123,123
17.306449503661476,68.18326439707286,60,60,size_60x60_run_006_seed_123,123
17.306460996109617,68.18832511531731,60,60,size_60x60_run_006_seed_123,123
17.307196748138868,68.19338422391857,60,60,size_60x60_run_006_seed_123,123
17.309050930487512,68.19844172364445,60,60,size_60x60_run_006_seed_123,123
17.309734310522646,68.20349761526232,60,60,size_60x60_run_006_seed_123,123
17.311136826967235,68.20855189953903,60,60,size_60x60_run_006_seed_123,123
17.311192768848837,68.21360457724094,60,60,size_60x60_run_006_seed_123,123
17.31199045504905,68.21865564913396,60,60,size_60x60_run_006_seed_123,123
17.312113149347145,68.22370511598348,60,60,size_60x60_run_006_seed_123,123
17.312327383659163,68.22875297855441,60,60,size_60x60_run_006_seed_123,123
17.312714930043125,68.23379923761118,60,60,size_60x60_run_006_seed_123,123
17.31336761988665,68.23884389391773,60,60,size_60x60_run_006_seed_123,123
17.313739974031627,68.24388694823753,60,60,size_60x60_run_006_seed_123,123
17.31406963136118,68.24892840133354,60,60,size_60x60_run_006_seed_123,123
17.315463716676692,68.25396825396825,60,60,size_60x60_run_006_seed_123,123
17.315533841408897,68.25900650690366,60,60,size_60x60_run_006_seed_123,123
17.316123070559023,68.2640431609013,60,60,size_60x60_run_006_seed_123,123
17.316501569408707,68.2690782167222,60,60,size_60x60_run_006_seed_123,123
17.31655901172665,68.2741116751269,60,60,size_60x60_run_006_seed_123,123
17.316737848581553,68.2791435368755,60,60,size_60x60_run_006_seed_123,123
17.317353751385127,68.28417380272757,60,60,size_60x60_run_006_seed_123,123
17.318358243208024,68.28920247344222,60,60,size_60x60_run_006_seed_123,123
17.31889201268313,68.29422954977807,60,60,size_60x60_run_006_seed_123,123
17.31900442338909,68.29925503249326,60,60,size_60x60_run_006_seed_123,123
17.319133493224143,68.30427892234549,60,60,size_60x60_run_006_seed_123,123
17.319194508815546,68.3093012200919,60,60,size_60x60_run_006_seed_123,123
17.320007694805245,68.31432192648923,60,60,size_60x60_run_006_seed_123,123
17.320404066789198,68.31934104229369,60,60,size_60x60_run_006_seed_123,123
17.320624787523943,68.32435856826102,60,60,size_60x60_run_006_seed_123,123
17.320649177888157,68.32937450514648,60,60,size_60x60_run_006_seed_123,123
17.320709518753787,68.33438885370488,60,60,size_60x60_run_006_seed_123,123
17.321132911418157,68.33940161469052,60,60,size_60x60_run_006_seed_123,123
17.322914895723923,68.34441278885723,60,60,size_60x60_run_006_seed_123,123
17.322932409135657,68.34942237695839,60,60,size_60x60_run_006_seed_123,123
17.32455708938099,68.35443037974683,60,60,size_60x60_run_006_seed_123,123
17.32489064646394,68.35943679797501,60,60,size_60x60_run_006_seed_123,123
17.325611926049756,68.36444163239481,60,60,size_60x60_run_006_seed_123,123
17.328121222134673,68.36944488375771,60,60,size_60x60_run_006_seed_123,123
17.328575604828345,68.37444655281467,60,60,size_60x60_run_006_seed_123,123
17.329106906291713,68.37944664031622,60,60,size_60x60_run_006_seed_123,123
17.330365196480404,68.38444514701233,60,60,size_60x60_run_006_seed_123,123
17.33067639067803,68.38944207365259,60,60,size_60x60_run_006_seed_123,123
17.330683805126963,68.3944374209861,60,60,size_60x60_run_006_seed_123,123
17.331725694454796,68.39943118976142,60,60,size_60x60_run_006_seed_123,123
17.331764692249916,68.4044233807267,60,60,size_60x60_run_006_seed_123,123
17.332460035694726,68.4044233807267,60,60,size_60x60_run_006_seed_123,123
17.3340085672786,68.4094139946296,60,60,size_60x60_run_006_seed_123,123
17.334083402099075,68.41440303221731,60,60,size_60x60_run_006_seed_123,123
17.334090398713638,68.41939049423654,60,60,size_60x60_run_006_seed_123,123
17.33418066994589,68.42437638143353,60,60,size_60x60_run_006_seed_123,123
17.334802615514665,68.42936069455406,60,60,size_60x60_run_006_seed_123,123
17.335509574276493,68.43434343434343,60,60,size_60x60_run_006_seed_123,123
17.33579735834865,68.43932460154647,60,60,size_60x60_run_006_seed_123,123
17.336773314810284,68.44430419690755,60,60,size_60x60_run_006_seed_123,123
17.33706358375438,68.44928222117052,60,60,size_60x60_run_006_seed_123,123
17.337175940975897,68.45425867507886,60,60,size_60x60_run_006_seed_123,123
17.337580457241454,68.45923355937549,60,60,size_60x60_run_006_seed_123,123
17.33814976190906,68.4642068748029,60,60,size_60x60_run_006_seed_123,123
17.33839571464131,68.46917862210312,60,60,size_60x60_run_006_seed_123,123
17.338400601086345,68.47414880201765,60,60,size_60x60_run_006_seed_123,123
17.338645195706693,68.47911741528763,60,60,size_60x60_run_006_seed_123,123
17.3395038510524,68.48408446265364,60,60,size_60x60_run_006_seed_123,123
17.3395326879304,68.48904994485584,60,60,size_60x60_run_006_seed_123,123
17.339748612590856,68.49401386263389,60,60,size_60x60_run_006_seed_123,123
17.339776965354414,68.49897621672704,60,60,size_60x60_run_006_seed_123,123
17.34043538248787,68.50393700787401,60,60,size_60x60_run_006_seed_123,123
17.340923428074575,68.5088962368131,60,60,size_60x60_run_006_seed_123,123
17.34112968184578,68.51385390428212,60,60,size_60x60_run_006_seed_123,123
17.341151479856478,68.51881001101842,60,60,size_60x60_run_006_seed_123,123
17.341792595978653,68.5237645577589,60,60,size_60x60_run_006_seed_123,123
17.343212209881646,68.52871754523997,60,60,size_60x60_run_006_seed_123,123
17.34407885304596,68.53366897419761,60,60,size_60x60_run_006_seed_123,123
17.344257689734015,68.53861884536731,60,60,size_60x60_run_006_seed_123,123
17.34492619443475,68.54356715948413,60,60,size_60x60_run_006_seed_123,123
17.345223936178467,68.54851391728259,60,60,size_60x60_run_006_seed_123,123
17.345288043294172,68.55345911949685,60,60,size_60x60_run_006_seed_123,123
17.346041973446926,68.55840276686055,60,60,size_60x60_run_006_seed_123,123
17.346151583409682,68.5633448601069,60,60,size_60x60_run_006_seed_123,123
17.346337162123625,68.56828539996856,60,60,size_60x60_run_006_seed_123,123
17.347382252998575,68.57322438717787,60,60,size_60x60_run_006_seed_123,123
17.347493416818384,68.57816182246661,60,60,size_60x60_run_006_seed_123,123
17.348018441100912,68.58309770656614,60,60,size_60x60_run_006_seed_123,123
17.349573142073428,68.58803204020731,60,60,size_60x60_run_006_seed_123,123
17.350169365029984,68.5929648241206,60,60,size_60x60_run_006_seed_123,123
17.350219603460026,68.59789605903596,60,60,size_60x60_run_006_seed_123,123
17.351191694439237,68.60282574568289,60,60,size_60x60_run_006_seed_123,123
17.353142150983544,68.60775388479045,60,60,size_60x60_run_006_seed_123,123
17.35317603837566,68.61268047708727,60,60,size_60x60_run_006_seed_123,123
17.35329565825662,68.61760552330142,60,60,size_60x60_run_006_seed_123,123
17.35365989803021,68.62252902416066,60,60,size_60x60_run_006_seed_123,123
17.35482719485492,68.62745098039215,60,60,size_60x60_run_006_seed_123,123
17.35525233516456,68.63237139272272,60,60,size_60x60_run_006_seed_123,123
17.355729429958526,68.63729026187862,60,60,size_60x60_run_006_seed_123,123
17.3563660514194,68.64220758858576,60,60,size_60x60_run_006_seed_123,123
17.356909469449032,68.64712337356953,60,60,size_60x60_run_006_seed_123,123
17.35698688376931,68.65203761755487,60,60,size_60x60_run_006_seed_123,123
17.357033850948955,68.65203761755487,60,60,size_60x60_run_006_seed_123,123
17.357261308394516,68.65695032126627,60,60,size_60x60_run_006_seed_123,123
17.358268159410184,68.66186148542776,60,60,size_60x60_run_006_seed_123,123
17.35831367135906,68.66677111076297,60,60,size_60x60_run_006_seed_123,123
17.359133183654283,68.67167919799499,60,60,size_60x60_run_006_seed_123,123
17.359768624548312,68.67658574784652,60,60,size_60x60_run_006_seed_123,123
17.359992473087907,68.68149076103978,60,60,size_60x60_run_006_seed_123,123
17.360108566873368,68.68639423829654,60,60,size_60x60_run_006_seed_123,123
17.360357284660886,68.69129618033813,60,60,size_60x60_run_006_seed_123,123
17.360465628982162,68.69619658788542,60,60,size_60x60_run_006_seed_123,123
17.360697534851035,68.70109546165885,60,60,size_60x60_run_006_seed_123,123
17.361453520696386,68.70599280237835,60,60,size_60x60_run_006_seed_123,123
17.36214059543999,68.71088861076345,60,60,size_60x60_run_006_seed_123,123
17.362727442215203,68.71578288753324,60,60,size_60x60_run_006_seed_123,123
17.363181746259936,68.72067563340632,60,60,size_60x60_run_006_seed_123,123
17.363467068696544,68.72556684910086,60,60,size_60x60_run_006_seed_123,123
17.3635056324612,68.73045653533458,60,60,size_60x60_run_006_seed_123,123
17.363973372763894,68.73534469282477,60,60,size_60x60_run_006_seed_123,123
17.364732923872904,68.74023132228821,60,60,size_60x60_run_006_seed_123,123
17.3652571028555,68.74511642444132,60,60,size_60x60_run_006_seed_123,123
17.36670197148619,68.75,60,60,size_60x60_run_006_seed_123,123
17.367068197315998,68.75488204967974,60,60,size_60x60_run_006_seed_123,123
17.3672720322469,68.75976257419556,60,60,size_60x60_run_006_seed_123,123
17.367638237017854,68.76464157426206,60,60,size_60x60_run_006_seed_123,123
17.368138466159188,68.76951905059337,60,60,size_60x60_run_006_seed_123,123
17.368283985517664,68.7743950039032,60,60,size_60x60_run_006_seed_123,123
17.368490220311877,68.77926943490478,60,60,size_60x60_run_006_seed_123,123
17.369530547560597,68.78414234431091,60,60,size_60x60_run_006_seed_123,123
17.36963647972963,68.78901373283396,60,60,size_60x60_run_006_seed_123,123
17.36965809410626,68.79388360118584,60,60,size_60x60_run_006_seed_123,123
17.370461968682765,68.79875195007801,60,60,size_60x60_run_006_seed_123,123
17.37076727340103,68.79875195007801,60,60,size_60x60_run_006_seed_123,123
17.370880680109238,68.8036187802215,60,60,size_60x60_run_006_seed_123,123
17.37091136786346,68.80848409232688,60,60,size_60x60_run_006_seed_123,123
17.3709771728228,68.81334788710431,60,60,size_60x60_run_006_seed_123,123
17.37110118701424,68.81821016526348,60,60,size_60x60_run_006_seed_123,123
17.371270849019822,68.82307092751364,60,60,size_60x60_run_006_seed_123,123
17.371354713540274,68.82793017456359,60,60,size_60x60_run_006_seed_123,123
17.371552354083736,68.83278790712171,60,60,size_60x60_run_006_seed_123,123
17.371590438596098,68.83764412589592,60,60,size_60x60_run_006_seed_123,123
17.37161053997012,68.8424988315937,60,60,size_60x60_run_006_seed_123,123
17.37164913380538,68.84735202492212,60,60,size_60x60_run_006_seed_123,123
17.371681509879462,68.85220370658776,60,60,size_60x60_run_006_seed_123,123
17.37168459286172,68.85705387729679,60,60,size_60x60_run_006_seed_123,123
17.37186356226859,68.86190253775494,60,60,size_60x60_run_006_seed_123,123
17.37194938720769,68.8667496886675,60,60,size_60x60_run_006_seed_123,123
17.373990570823207,68.8715953307393,60,60,size_60x60_run_006_seed_123,123
17.374090753027108,68.87643946467476,60,60,size_60x60_run_006_seed_123,123
17.374542979963532,68.88128209117784,60,60,size_60x60_run_006_seed_123,123
17.374646701633402,68.88612321095209,60,60,size_60x60_run_006_seed_123,123
17.374779795074677,68.89096282470058,60,60,size_60x60_run_006_seed_123,123
17.37538575410489,68.89580093312597,60,60,size_60x60_run_006_seed_123,123
17.37551610205255,68.9006375369305,60,60,size_60x60_run_006_seed_123,123
17.37649881445125,68.90547263681593,60,60,size_60x60_run_006_seed_123,123
17.3765510728096,68.9103062334836,60,60,size_60x60_run_006_seed_123,123
17.37691851263569,68.91513832763444,60,60,size_60x60_run_006_seed_123,123
17.377396131990565,68.91996891996892,60,60,size_60x60_run_006_seed_123,123
17.377908534948965,68.92479801118708,60,60,size_60x60_run_006_seed_123,123
17.37836760592541,68.9296256019885,60,60,size_60x60_run_006_seed_123,123
17.379507855238984,68.93445169307239,60,60,size_60x60_run_006_seed_123,123
17.37978580631742,68.93927628513744,60,60,size_60x60_run_006_seed_123,123
17.38012852972431,68.94409937888199,60,60,size_60x60_run_006_seed_123,123
17.380349077143645,68.94892097500389,60,60,size_60x60_run_006_seed_123,123
17.380566222492355,68.95374107420056,60,60,size_60x60_run_006_seed_123,123
17.381313999992244,68.95855967716902,60,60,size_60x60_run_006_seed_123,123
17.381720920417525,68.96337678460583,60,60,size_60x60_run_006_seed_123,123
17.38218148444278,68.96819239720713,60,60,size_60x60_run_006_seed_123,123
17.3824424879071,68.97300651566863,60,60,size_60x60_run_006_seed_123,123
17.384644294188725,68.9778191406856,60,60,size_60x60_run_006_seed_123,123
17.38508422914219,68.98263027295285,60,60,size_60x60_run_006_seed_123,123
17.385439815323917,68.98743991316482,60,60,size_60x60_run_006_seed_123,123
17.3855703247464,68.9922480620155,60,60,size_60x60_run_006_seed_123,123
17.385615222144803,68.99705472019842,60,60,size_60x60_run_006_seed_123,123
17.38588158202088,69.00185988840668,60,60,size_60x60_run_006_seed_123,123
17.38655779789333,69.00666356733302,60,60,size_60x60_run_006_seed_123,123
17.38665364594267,69.01146575766967,60,60,size_60x60_run_006_seed_123,123
17.38692475347115,69.01626646010844,60,60,size_60x60_run_006_seed_123,123
17.387517345560678,69.01626646010844,60,60,size_60x60_run_006_seed_123,123
17.387522305435933,69.02106567534076,60,60,size_60x60_run_006_seed_123,123
17.38809327774195,69.0258634040576,60,60,size_60x60_run_006_seed_123,123
17.388196611791226,69.03065964694952,60,60,size_60x60_run_006_seed_123,123
17.38886989129808,69.03545440470661,60,60,size_60x60_run_006_seed_123,123
17.390377063596283,69.04024767801857,60,60,size_60x60_run_006_seed_123,123
17.390710726145496,69.04503946757468,60,60,size_60x60_run_006_seed_123,123
17.391648889060715,69.04982977406375,60,60,size_60x60_run_006_seed_123,123
17.39272957930549,69.05461859817422,60,60,size_60x60_run_006_seed_123,123
17.393074983884194,69.05940594059405,60,60,size_60x60_run_006_seed_123,123
17.393324076193515,69.06419180201084,60,60,size_60x60_run_006_seed_123,123
17.394427821998725,69.06897618311166,60,60,size_60x60_run_006_seed_123,123
17.39504271049993,69.07375908458326,60,60,size_60x60_run_006_seed_123,123
17.39510331313948,69.07854050711194,60,60,size_60x60_run_006_seed_123,123
17.395865351175193,69.08332045138353,60,60,size_60x60_run_006_seed_123,123
17.39591560631505,69.08809891808346,60,60,size_60x60_run_006_seed_123,123
17.3961994595101,69.09287590789677,60,60,size_60x60_run_006_seed_123,123
17.39624803110623,69.09765142150803,60,60,size_60x60_run_006_seed_123,123
17.396256860294272,69.10242545960142,60,60,size_60x60_run_006_seed_123,123
17.3971261008652,69.10719802286067,60,60,size_60x60_run_006_seed_123,123
17.39760314868554,69.1119691119691,60,60,size_60x60_run_006_seed_123,123
17.397868352150688,69.11673872760964,60,60,size_60x60_run_006_seed_123,123
17.397872804812287,69.12150687046473,60,60,size_60x60_run_006_seed_123,123
17.398555893227666,69.12627354121642,60,60,size_60x60_run_006_seed_123,123
17.39902651648199,69.13103874054639,60,60,size_60x60_run_006_seed_123,123
17.399335765879215,69.1358024691358,60,60,size_60x60_run_006_seed_123,123
17.400827524229868,69.14056472766549,60,60,size_60x60_run_006_seed_123,123
17.40094123479161,69.14532551681579,60,60,size_60x60_run_006_seed_123,123
17.40137124796424,69.1500848372667,60,60,size_60x60_run_006_seed_123,123
17.402016761908328,69.15484268969772,60,60,size_60x60_run_006_seed_123,123
17.402035799477183,69.15959907478796,60,60,size_60x60_run_006_seed_123,123
17.402424243222118,69.16435399321615,60,60,size_60x60_run_006_seed_123,123
17.403005424648693,69.16910744566054,60,60,size_60x60_run_006_seed_123,123
17.404566996018488,69.173859432799,60,60,size_60x60_run_006_seed_123,123
17.405581768343698,69.17860995530899,60,60,size_60x60_run_006_seed_123,123
17.407255162804002,69.18335901386749,60,60,size_60x60_run_006_seed_123,123
17.407701973349813,69.18810660915113,60,60,size_60x60_run_006_seed_123,123
17.409291878938735,69.1928527418361,60,60,size_60x60_run_006_seed_123,123
17.409715569968192,69.19759741259817,60,60,size_60x60_run_006_seed_123,123
17.41041167298019,69.20234062211273,60,60,size_60x60_run_006_seed_123,123
17.410555771978185,69.20708237105467,60,60,size_60x60_run_006_seed_123,123
17.410730920218704,69.21182266009852,60,60,size_60x60_run_006_seed_123,123
17.41078050783872,69.21656148991843,60,60,size_60x60_run_006_seed_123,123
17.41091052242949,69.22129886118806,60,60,size_60x60_run_006_seed_123,123
17.41242429934439,69.2260347745807,60,60,size_60x60_run_006_seed_123,123
17.412736959174094,69.23076923076923,60,60,size_60x60_run_006_seed_123,123
17.4133367723763,69.23550223042609,60,60,size_60x60_run_006_seed_123,123
17.413439808682565,69.23550223042609,60,60,size_60x60_run_006_seed_123,123
17.413685623787273,69.24023377422331,60,60,size_60x60_run_006_seed_123,123
17.414142522765275,69.24496386283255,60,60,size_60x60_run_006_seed_123,123
17.4144953729127,69.24969249692496,60,60,size_60x60_run_006_seed_123,123
17.414570789773272,69.25441967717141,60,60,size_60x60_run_006_seed_123,123
17.4145956353187,69.25914540424223,60,60,size_60x60_run_006_seed_123,123
17.414928860740012,69.26386967880744,60,60,size_60x60_run_006_seed_123,123
17.415811388964325,69.26859250153657,60,60,size_60x60_run_006_seed_123,123
17.41599630637351,69.27331387309879,60,60,size_60x60_run_006_seed_123,123
17.41666906761695,69.27803379416282,60,60,size_60x60_run_006_seed_123,123
17.418208143170407,69.28275226539702,60,60,size_60x60_run_006_seed_123,123
17.41870453723173,69.28746928746928,60,60,size_60x60_run_006_seed_123,123
17.41987489892206,69.29218486104713,60,60,size_60x60_run_006_seed_123,123
17.42094466033706,69.29689898679766,60,60,size_60x60_run_006_seed_123,123
17.421315681976022,69.29689898679766,60,60,size_60x60_run_006_seed_123,123
17.42136153156799,69.30161166538757,60,60,size_60x60_run_006_seed_123,123
17.42161705320619,69.30632289748311,60,60,size_60x60_run_006_seed_123,123
17.422244172023586,69.3110326837502,60,60,size_60x60_run_006_seed_123,123
17.423263167325388,69.31574102485425,60,60,size_60x60_run_006_seed_123,123
17.423356331665506,69.32044792146034,60,60,size_60x60_run_006_seed_123,123
17.423762427971674,69.32515337423312,60,60,size_60x60_run_006_seed_123,123
17.424110093862616,69.32985738383684,60,60,size_60x60_run_006_seed_123,123
17.424113567952986,69.33455995093529,60,60,size_60x60_run_006_seed_123,123
17.42445824509036,69.33926107619193,60,60,size_60x60_run_006_seed_123,123
17.425539717757044,69.34396076026978,60,60,size_60x60_run_006_seed_123,123
17.425893322590415,69.34865900383141,60,60,size_60x60_run_006_seed_123,123
17.425923540373212,69.35335580753907,60,60,size_60x60_run_006_seed_123,123
17.425956846112946,69.35805117205454,60,60,size_60x60_run_006_seed_123,123
17.42632535440952,69.36274509803921,60,60,size_60x60_run_006_seed_123,123
17.426800806456264,69.36743758615408,60,60,size_60x60_run_006_seed_123,123
17.426957283102833,69.37212863705973,60,60,size_60x60_run_006_seed_123,123
17.42702372318568,69.37681825141631,60,60,size_60x60_run_006_seed_123,123
17.427381824045018,69.38150642988366,60,60,size_60x60_run_006_seed_123,123
17.42762036756779,69.38619317312109,60,60,size_60x60_run_006_seed_123,123
17.428283650463737,69.39087848178758,60,60,size_60x60_run_006_seed_123,123
17.428509570308954,69.39556235654169,60,60,size_60x60_run_006_seed_123,123
17.429504518404375,69.40024479804161,60,60,size_60x60_run_006_seed_123,123
17.429952513795875,69.40492580694509,60,60,size_60x60_run_006_seed_123,123
17.4302553795263,69.40960538390945,60,60,size_60x60_run_006_seed_123,123
17.43030967879258,69.41428352959169,60,60,size_60x60_run_006_seed_123,123
17.430329803802945,69.41896024464832,60,60,size_60x60_run_006_seed_123,123
17.430840595540893,69.42363552973552,60,60,size_60x60_run_006_seed_123,123
17.431640613849947,69.42830938550902,60,60,size_60x60_run_006_seed_123,123
17.432008713525715,69.43298181262418,60,60,size_60x60_run_006_seed_123,123
17.432363557916755,69.43765281173594,60,60,size_60x60_run_006_seed_123,123
17.432564977446727,69.44232238349886,60,60,size_60x60_run_006_seed_123,123
17.432653587898212,69.44699052856707,60,60,size_60x60_run_006_seed_123,123
17.43278618708046,69.45165724759433,60,60,size_60x60_run_006_seed_123,123
17.433055021994317,69.45632254123396,60,60,size_60x60_run_006_seed_123,123
17.433313331890744,69.46098641013894,60,60,size_60x60_run_006_seed_123,123
17.434265582173587,69.46564885496184,60,60,size_60x60_run_006_seed_123,123
17.434528074225234,69.47030987635475,60,60,size_60x60_run_006_seed_123,123
17.434732394361454,69.47030987635475,60,60,size_60x60_run_006_seed_123,123
17.43503387153892,69.47496947496947,60,60,size_60x60_run_006_seed_123,123
17.435044349521473,69.47962765145735,60,60,size_60x60_run_006_seed_123,123
17.4368178579446,69.48428440646933,60,60,size_60x60_run_006_seed_123,123
17.437074578255203,69.48893974065598,60,60,size_60x60_run_006_seed_123,123
17.437878738642134,69.49359365466748,60,60,size_60x60_run_006_seed_123,123
17.438109978717073,69.49824614915357,60,60,size_60x60_run_006_seed_123,123
17.438266478782626,69.50289722476364,60,60,size_60x60_run_006_seed_123,123
17.438289645584035,69.50754688214667,60,60,size_60x60_run_006_seed_123,123
17.438665540180914,69.50754688214667,60,60,size_60x60_run_006_seed_123,123
17.43902677294204,69.51219512195121,60,60,size_60x60_run_006_seed_123,123
17.439070213696944,69.51684194482549,60,60,size_60x60_run_006_seed_123,123
17.43967822535229,69.52148735141725,60,60,size_60x60_run_006_seed_123,123
17.440341925060128,69.52613134237392,60,60,size_60x60_run_006_seed_123,123
17.441170750092997,69.53077391834248,60,60,size_60x60_run_006_seed_123,123
17.442114820479567,69.53541507996952,60,60,size_60x60_run_006_seed_123,123
17.442349666668207,69.54005482790132,60,60,size_60x60_run_006_seed_123,123
17.442655992367097,69.54469316278362,60,60,size_60x60_run_006_seed_123,123
17.442790523855646,69.54933008526187,60,60,size_60x60_run_006_seed_123,123
17.443072499879168,69.55396559598113,60,60,size_60x60_run_006_seed_123,123
17.443218320346823,69.558599695586,60,60,size_60x60_run_006_seed_123,123
17.444800199718596,69.56323238472073,60,60,size_60x60_run_006_seed_123,123
17.445990297784224,69.56786366402922,60,60,size_60x60_run_006_seed_123,123
17.446148516194867,69.57249353415487,60,60,size_60x60_run_006_seed_123,123
17.44621435080423,69.5771219957408,60,60,size_60x60_run_006_seed_123,123
17.447177627971197,69.58174904942965,60,60,size_60x60_run_006_seed_123,123
17.44746542043573,69.58637469586375,60,60,size_60x60_run_006_seed_123,123
17.447484859361793,69.59099893568496,60,60,size_60x60_run_006_seed_123,123
17.448738519018093,69.59562176953482,60,60,size_60x60_run_006_seed_123,123
17.44877160766313,69.60024319805441,60,60,size_60x60_run_006_seed_123,123
17.448876524421433,69.6048632218845,60,60,size_60x60_run_006_seed_123,123
17.448920617105685,69.6094818416654,60,60,size_60x60_run_006_seed_123,123
17.44985184205479,69.61409905803707,60,60,size_60x60_run_006_seed_123,123
17.450292951021133,69.61409905803707,60,60,size_60x60_run_006_seed_123,123
17.45046512471663,69.61871487163907,60,60,size_60x60_run_006_seed_123,123
17.451807097887393,69.62332928311056,60,60,size_60x60_run_006_seed_123,123
17.451830545301597,69.62794229309036,60,60,size_60x60_run_006_seed_123,123
17.451915086359328,69.63255390221683,60,60,size_60x60_run_006_seed_123,123
17.452101671770667,69.63716411112799,60,60,size_60x60_run_006_seed_123,123
17.452285876524428,69.64177292046145,60,60,size_60x60_run_006_seed_123,123
17.452921536901346,69.64638033085446,60,60,size_60x60_run_006_seed_123,123
17.453692805202103,69.65098634294385,60,60,size_60x60_run_006_seed_123,123
17.45426458770808,69.65559095736612,60,60,size_60x60_run_006_seed_123,123
17.455056746932314,69.66019417475728,60,60,size_60x60_run_006_seed_123,123
17.45528234959941,69.66479599575307,60,60,size_60x60_run_006_seed_123,123
17.456568028619458,69.66939642098879,60,60,size_60x60_run_006_seed_123,123
17.456979706048415,69.67399545109932,60,60,size_60x60_run_006_seed_123,123
17.45751150258794,69.67859308671922,60,60,size_60x60_run_006_seed_123,123
17.457680489518435,69.68318932848264,60,60,size_60x60_run_006_seed_123,123
17.458513214299135,69.68778417702333,60,60,size_60x60_run_006_seed_123,123
17.458647831113616,69.69237763297468,60,60,size_60x60_run_006_seed_123,123
17.4590898074523,69.6969696969697,60,60,size_60x60_run_006_seed_123,123
17.459107498228366,69.70156036964096,60,60,size_60x60_run_006_seed_123,123
17.45987663314428,69.70614965162072,60,60,size_60x60_run_006_seed_123,123
17.46194713251242,69.71073754354082,60,60,size_60x60_run_006_seed_123,123
17.461997030065568,69.7153240460327,60,60,size_60x60_run_006_seed_123,123
17.462222913241217,69.71990915972748,60,60,size_60x60_run_006_seed_123,123
17.462224976868825,69.72449288525583,60,60,size_60x60_run_006_seed_123,123
17.462856486659668,69.72907522324807,60,60,size_60x60_run_006_seed_123,123
17.464203124393872,69.72907522324807,60,60,size_60x60_run_006_seed_123,123
17.464578151975637,69.73365617433413,60,60,size_60x60_run_006_seed_123,123
17.465073822856148,69.73823573914359,60,60,size_60x60_run_006_seed_123,123
17.465636025904107,69.7428139183056,60,60,size_60x60_run_006_seed_123,123
17.465678217155627,69.74739071244895,60,60,size_60x60_run_006_seed_123,123
17.466726924015003,69.75196612220206,60,60,size_60x60_run_006_seed_123,123
17.46698971976308,69.75654014819295,60,60,size_60x60_run_006_seed_123,123
17.467181145412304,69.75654014819295,60,60,size_60x60_run_006_seed_123,123
17.46836236360658,69.76111279104929,60,60,size_60x60_run_006_seed_123,123
17.46941847578494,69.76568405139834,60,60,size_60x60_run_006_seed_123,123
17.469445955786917,69.77025392986698,60,60,size_60x60_run_006_seed_123,123
17.46947550258967,69.77482242708176,60,60,size_60x60_run_006_seed_123,123
17.470059905344357,69.77938954366878,60,60,size_60x60_run_006_seed_123,123
17.470070397023303,69.78395528025382,60,60,size_60x60_run_006_seed_123,123
17.470331629429857,69.78851963746223,60,60,size_60x60_run_006_seed_123,123
17.47036556928677,69.79308261591905,60,60,size_60x60_run_006_seed_123,123
17.47130702741231,69.79764421624887,60,60,size_60x60_run_006_seed_123,123
17.473192952578025,69.80220443907595,60,60,size_60x60_run_006_seed_123,123
17.47332647236771,69.80676328502415,60,60,size_60x60_run_006_seed_123,123
17.473417596432526,69.81132075471697,60,60,size_60x60_run_006_seed_123,123
17.474387994857377,69.81587684877755,60,60,size_60x60_run_006_seed_123,123
17.475424281416334,69.82043156782858,60,60,size_60x60_run_006_seed_123,123
17.476637955321998,69.82498491249245,60,60,size_60x60_run_006_seed_123,123
17.47668775408349,69.82953688339116,60,60,size_60x60_run_006_seed_123,123
17.477200718007488,69.8340874811463,60,60,size_60x60_run_006_seed_123,123
17.477389149960505,69.83863670637913,60,60,size_60x60_run_006_seed_123,123
17.477512458192713,69.8431845597105,60,60,size_60x60_run_006_seed_123,123
17.478336224055347,69.8477310417609,60,60,size_60x60_run_006_seed_123,123
17.478886845009654,69.85227615315044,60,60,size_60x60_run_006_seed_123,123
17.479032586200184,69.85681989449887,60,60,size_60x60_run_006_seed_123,123
17.479155223734292,69.86136226642556,60,60,size_60x60_run_006_seed_123,123
17.479505271643166,69.86590326954949,60,60,size_60x60_run_006_seed_123,123
17.479854221569006,69.87044290448931,60,60,size_60x60_run_006_seed_123,123
17.48085503960423,69.87498117186324,60,60,size_60x60_run_006_seed_123,123
17.481512282635734,69.87951807228916,60,60,size_60x60_run_006_seed_123,123
17.482083080140747,69.88405360638458,60,60,size_60x60_run_006_seed_123,123
17.48269871842879,69.88858777476665,60,60,size_60x60_run_006_seed_123,123
17.48292876211788,69.89312057805208,60,60,size_60x60_run_006_seed_123,123
17.483062694480243,69.89765201685731,60,60,size_60x60_run_006_seed_123,123
17.483778960613858,69.90218209179835,60,60,size_60x60_run_006_seed_123,123
17.484266666556106,69.90671080349082,60,60,size_60x60_run_006_seed_123,123
17.484561580439536,69.91123815255003,60,60,size_60x60_run_006_seed_123,123
17.484797768863395,69.91576413959085,60,60,size_60x60_run_006_seed_123,123
17.48510942444907,69.92028876522785,60,60,size_60x60_run_006_seed_123,123
17.486565078005455,69.92481203007519,60,60,size_60x60_run_006_seed_123,123
17.48678784781895,69.92933393474665,60,60,size_60x60_run_006_seed_123,123
17.486861445238976,69.93385447985568,60,60,size_60x60_run_006_seed_123,123
17.487991544758067,69.93837366601532,60,60,size_60x60_run_006_seed_123,123
17.48840548513635,69.94289149383829,60,60,size_60x60_run_006_seed_123,123
17.489414415149238,69.9474079639369,60,60,size_60x60_run_006_seed_123,123
17.490420074255784,69.95192307692307,60,60,size_60x60_run_006_seed_123,123
17.49124645178355,69.95192307692307,60,60,size_60x60_run_006_seed_123,123
17.491481859767443,69.95643683340845,60,60,size_60x60_run_006_seed_123,123
17.49267900398514,69.9609492340042,60,60,size_60x60_run_006_seed_123,123
17.492695731564627,69.96546027932122,60,60,size_60x60_run_006_seed_123,123
17.49323366575606,69.96996996996997,60,60,size_60x60_run_006_seed_123,123
17.49371554358998,69.97447830656057,60,60,size_60x60_run_006_seed_123,123
17.493853060102616,69.97898528970279,60,60,size_60x60_run_006_seed_123,123
17.49445764619768,69.983490920006,60,60,size_60x60_run_006_seed_123,123
17.494945542103927,69.98799519807923,60,60,size_60x60_run_006_seed_123,123
17.495169161282064,69.99249812453114,60,60,size_60x60_run_006_seed_123,123
17.49522235612431,69.99699969996999,60,60,size_60x60_run_006_seed_123,123
17.49538342008518,70.00149992500376,60,60,size_60x60_run_006_seed_123,123
17.49568718812084,70.00599880023995,60,60,size_60x60_run_006_seed_123,123
17.496044966550517,70.0104963262858,60,60,size_60x60_run_006_seed_123,123
17.49644501468595,70.01499250374813,60,60,size_60x60_run_006_seed_123,123
17.49677084625734,70.0194873332334,60,60,size_60x60_run_006_seed_123,123
17.49748248237114,70.02398081534771,60,60,size_60x60_run_006_seed_123,123
17.49949127894486,70.02847295069684,60,60,size_60x60_run_006_seed_123,123
17.500326185930064,70.03296373988613,60,60,size_60x60_run_006_seed_123,123
17.500498912411288,70.0374531835206,60,60,size_60x60_run_006_seed_123,123
17.50067126892195,70.04194128220492,60,60,size_60x60_run_006_seed_123,123
17.5007795080411,70.04642803654336,60,60,size_60x60_run_006_seed_123,123
17.501625914631248,70.05091344713986,60,60,size_60x60_run_006_seed_123,123
17.501819229714098,70.055397514598,60,60,size_60x60_run_006_seed_123,123
17.502564419820388,70.05988023952095,60,60,size_60x60_run_006_seed_123,123
17.50277610212899,70.0643616225116,60,60,size_60x60_run_006_seed_123,123
17.504034129259544,70.0688416641724,60,60,size_60x60_run_006_seed_123,123
17.504246405409706,70.0733203651055,60,60,size_60x60_run_006_seed_123,123
17.504378176726643,70.07779772591263,60,60,size_60x60_run_006_seed_123,123
17.50461816079627,70.08227374719522,60,60,size_60x60_run_006_seed_123,123
17.504743388685714,70.08674842955429,60,60,size_60x60_run_006_seed_123,123
17.504953429966296,70.09122177359055,60,60,size_60x60_run_006_seed_123,123
17.50503554554973,70.09569377990431,60,60,size_60x60_run_006_seed_123,123
17.50675757586088,70.10016444909553,60,60,size_60x60_run_006_seed_123,123
17.50794714911145,70.10463378176382,60,60,size_60x60_run_006_seed_123,123
17.50810306880418,70.10910177850845,60,60,size_60x60_run_006_seed_123,123
17.508146167348237,70.11356843992827,60,60,size_60x60_run_006_seed_123,123
17.508151576860982,70.11803376662185,60,60,size_60x60_run_006_seed_123,123
17.508152231472966,70.12249775918733,60,60,size_60x60_run_006_seed_123,123
17.50941633285325,70.12696041822255,60,60,size_60x60_run_006_seed_123,123
17.509625579627645,70.13142174432497,60,60,size_60x60_run_006_seed_123,123
17.510245330913918,70.13588173809168,60,60,size_60x60_run_006_seed_123,123
17.511316733987773,70.14034040011944,60,60,size_60x60_run_006_seed_123,123
17.511394961044857,70.14479773100463,60,60,size_60x60_run_006_seed_123,123
17.513414082854176,70.1492537313433,60,60,size_60x60_run_006_seed_123,123
17.513514609596868,70.15370840173108,60,60,size_60x60_run_006_seed_123,123
17.51353529426196,70.15816174276335,60,60,size_60x60_run_006_seed_123,123
17.514579144430076,70.16261375503507,60,60,size_60x60_run_006_seed_123,123
17.514595456995714,70.16706443914082,60,60,size_60x60_run_006_seed_123,123
17.51520180711223,70.17151379567487,60,60,size_60x60_run_006_seed_123,123
17.516909467638452,70.17596182523114,60,60,size_60x60_run_006_seed_123,123
17.517155564991118,70.18040852840316,60,60,size_60x60_run_006_seed_123,123
17.51731331864868,70.18485390578414,60,60,size_60x60_run_006_seed_123,123
17.51740215826304,70.18929795796691,60,60,size_60x60_run_006_seed_123,123
17.518155298292942,70.19374068554396,60,60,size_60x60_run_006_seed_123,123
17.51911078148685,70.19818208910743,60,60,size_60x60_run_006_seed_123,123
17.51930385363212,70.20262216924911,60,60,size_60x60_run_006_seed_123,123
17.519873891788666,70.2070609265604,60,60,size_60x60_run_006_seed_123,123
17.520857817849,70.21149836163241,60,60,size_60x60_run_006_seed_123,123
17.52158915717477,70.21593447505585,60,60,size_60x60_run_006_seed_123,123
17.522705590601817,70.22036926742108,60,60,size_60x60_run_006_seed_123,123
17.52284437320838,70.22480273931815,60,60,size_60x60_run_006_seed_123,123
17.523690281886797,70.22923489133672,60,60,size_60x60_run_006_seed_123,123
17.52446921685271,70.23366572406609,60,60,size_60x60_run_006_seed_123,123
17.524711201829604,70.23809523809523,60,60,size_60x60_run_006_seed_123,123
17.52505326862777,70.2425234340128,60,60,size_60x60_run_006_seed_123,123
17.526292828027728,70.24695031240702,60,60,size_60x60_run_006_seed_123,123
17.52646617982642,70.25137587386583,60,60,size_60x60_run_006_seed_123,123
17.5266597704504,70.2558001189768,60,60,size_60x60_run_006_seed_123,123
17.526885113450188,70.26022304832715,60,60,size_60x60_run_006_seed_123,123
17.527821475952603,70.26464466250371,60,60,size_60x60_run_006_seed_123,123
17.528509185721347,70.26906496209305,60,60,size_60x60_run_006_seed_123,123
17.529245061342642,70.27348394768134,60,60,size_60x60_run_006_seed_123,123
17.529376341558574,70.27348394768134,60,60,size_60x60_run_006_seed_123,123
17.529734772995067,70.27790161985436,60,60,size_60x60_run_006_seed_123,123
17.53005266317001,70.28231797919761,60,60,size_60x60_run_006_seed_123,123
17.53051054898711,70.28673302629625,60,60,size_60x60_run_006_seed_123,123
17.53056048331418,70.291146761735,60,60,size_60x60_run_006_seed_123,123
17.530720633846393,70.29555918609832,60,60,size_60x60_run_006_seed_123,123
17.530963778826226,70.29997029997031,60,60,size_60x60_run_006_seed_123,123
17.531709881082765,70.30438010393468,60,60,size_60x60_run_006_seed_123,123
17.531733052825114,70.30878859857482,60,60,size_60x60_run_006_seed_123,123
17.532843454844965,70.3131957844738,60,60,size_60x60_run_006_seed_123,123
17.534202142963853,70.3176016622143,60,60,size_60x60_run_006_seed_123,123
17.536233880607384,70.32200623237868,60,60,size_60x60_run_006_seed_123,123
17.536353325104052,70.32640949554896,60,60,size_60x60_run_006_seed_123,123
17.53711893015597,70.33081145230678,60,60,size_60x60_run_006_seed_123,123
17.538683322936507,70.33521210323346,60,60,size_60x60_run_006_seed_123,123
17.538804964508852,70.33961144890998,60,60,size_60x60_run_006_seed_123,123
17.538822989544517,70.34400948991696,60,60,size_60x60_run_006_seed_123,123
17.539913569228005,70.3484062268347,60,60,size_60x60_run_006_seed_123,123
17.540562439628335,70.3528016602431,60,60,size_60x60_run_006_seed_123,123
17.541159704752673,70.3571957907218,60,60,size_60x60_run_006_seed_123,123
17.542093849676537,70.36158861885004,60,60,size_60x60_run_006_seed_123,123
17.542141981624702,70.36598014520669,60,60,size_60x60_run_006_seed_123,123
17.5430432960058,70.37037037037037,60,60,size_60x60_run_006_seed_123,123
17.544969045324063,70.37475929491927,60,60,size_60x60_run_006_seed_123,123
17.545139199556882,70.37914691943128,60,60,size_60x60_run_006_seed_123,123
17.54565016376356,70.38353324448393,60,60,size_60x60_run_006_seed_123,123
17.546709207437722,70.38791827065442,60,60,size_60x60_run_006_seed_123,123
17.546805625845,70.39230199851961,60,60,size_60x60_run_006_seed_123,123
17.54989078365981,70.39668442865602,60,60,size_60x60_run_006_seed_123,123
17.5500951490917,70.40106556163978,60,60,size_60x60_run_006_seed_123,123
17.550524450028274,70.40544539804677,60,60,size_60x60_run_006_seed_123,123
17.55068108662416,70.40982393845243,60,60,size_60x60_run_006_seed_123,123
17.550923655575726,70.41420118343196,60,60,size_60x60_run_006_seed_123,123
17.551564758452372,70.41857713356012,60,60,size_60x60_run_006_seed_123,123
17.552046540991366,70.42295178941141,60,60,size_60x60_run_006_seed_123,123
17.55241187890827,70.42732515155996,60,60,size_60x60_run_006_seed_123,123
17.552847428874944,70.43169722057954,60,60,size_60x60_run_006_seed_123,123
17.552897239296694,70.43606799704361,60,60,size_60x60_run_006_seed_123,123
17.55325015290347,70.44043748152528,60,60,size_60x60_run_006_seed_123,123
17.55325908080545,70.4448056745973,60,60,size_60x60_run_006_seed_123,123
17.55476455597246,70.44917257683215,60,60,size_60x60_run_006_seed_123,123
17.555112864097136,70.45353818880189,60,60,size_60x60_run_006_seed_123,123
17.55668579320386,70.45790251107829,60,60,size_60x60_run_006_seed_123,123
17.55687393919982,70.46226554423276,60,60,size_60x60_run_006_seed_123,123
17.556924803255455,70.46662728883638,60,60,size_60x60_run_006_seed_123,123
17.556964907656457,70.47098774545991,60,60,size_60x60_run_006_seed_123,123
17.557386885213706,70.47534691467375,60,60,size_60x60_run_006_seed_123,123
17.55782199318759,70.47970479704797,60,60,size_60x60_run_006_seed_123,123
17.558355332448333,70.4840613931523,60,60,size_60x60_run_006_seed_123,123
17.55905441591378,70.48841670355614,60,60,size_60x60_run_006_seed_123,123
17.559526539915414,70.49277072882856,60,60,size_60x60_run_006_seed_123,123
17.560545905512477,70.49712346953828,60,60,size_60x60_run_006_seed_123,123
17.561561324478518,70.50147492625368,60,60,size_60x60_run_006_seed_123,123
17.56164036529325,70.50582509954285,60,60,size_60x60_run_006_seed_123,123
17.563167276804897,70.51017398997345,60,60,size_60x60_run_006_seed_123,123
17.563193178296007,70.51452159811294,60,60,size_60x60_run_006_seed_123,123
17.56372980022838,70.51886792452831,60,60,size_60x60_run_006_seed_123,123
17.56409985043095,70.5232129697863,60,60,size_60x60_run_006_seed_123,123
17.564930638023416,70.52755673445328,60,60,size_60x60_run_006_seed_123,123
17.56530830255174,70.53189921909532,60,60,size_60x60_run_006_seed_123,123
17.56655711693889,70.53624042427813,60,60,size_60x60_run_006_seed_123,123
17.56698739915776,70.5405803505671,60,60,size_60x60_run_006_seed_123,123
17.56765219442669,70.54491899852725,60,60,size_60x60_run_006_seed_123,123
17.5681612347789,70.5492563687233,60,60,size_60x60_run_006_seed_123,123
17.568412771384956,70.55359246171967,60,60,size_60x60_run_006_seed_123,123
17.569507447246576,70.55792727808038,60,60,size_60x60_run_006_seed_123,123
17.569535340055236,70.56226081836915,60,60,size_60x60_run_006_seed_123,123
17.569588768890984,70.56659308314937,60,60,size_60x60_run_006_seed_123,123
17.57084585526365,70.57092407298411,60,60,size_60x60_run_006_seed_123,123
17.571563643317173,70.57525378843607,60,60,size_60x60_run_006_seed_123,123
17.57202504623565,70.57958223006767,60,60,size_60x60_run_006_seed_123,123
17.572261390816674,70.58390939844095,60,60,size_60x60_run_006_seed_123,123
17.572394060251565,70.58823529411765,60,60,size_60x60_run_006_seed_123,123
17.57241637576724,70.59255991765917,60,60,size_60x60_run_006_seed_123,123
17.5731938336267,70.59688326962657,60,60,size_60x60_run_006_seed_123,123
17.57326196626822,70.60120535058063,60,60,size_60x60_run_006_seed_123,123
17.573847038111847,70.60552616108173,60,60,size_60x60_run_006_seed_123,123
17.574064501496096,70.60984570168993,60,60,size_60x60_run_006_seed_123,123
17.574134004051004,70.61416397296503,60,60,size_60x60_run_006_seed_123,123
17.574278887707738,70.61848097546644,60,60,size_60x60_run_006_seed_123,123
17.5743829593089,70.62279670975323,60,60,size_60x60_run_006_seed_123,123
17.574632113797875,70.62711117638419,60,60,size_60x60_run_006_seed_123,123
17.57487081715403,70.63142437591777,60,60,size_60x60_run_006_seed_123,123
17.57505866635767,70.63573630891206,60,60,size_60x60_run_006_seed_123,123
17.575502795025617,70.64004697592485,60,60,size_60x60_run_006_seed_123,123
17.57643699635907,70.64435637751357,60,60,size_60x60_run_006_seed_123,123
17.57711850512414,70.64866451423539,60,60,size_60x60_run_006_seed_123,123
17.57749723258484,70.6529713866471,60,60,size_60x60_run_006_seed_123,123
17.57818205724631,70.65727699530517,60,60,size_60x60_run_006_seed_123,123
17.57819947420547,70.66158134076574,60,60,size_60x60_run_006_seed_123,123
17.578522670923505,70.66158134076574,60,60,size_60x60_run_006_seed_123,123
17.578590985115653,70.66588442358463,60,60,size_60x60_run_006_seed_123,123
17.579082274158356,70.67018624431735,60,60,size_60x60_run_006_seed_123,123
17.57957117868072,70.67448680351906,60,60,size_60x60_run_006_seed_123,123
17.579681423285102,70.67878610174462,60,60,size_60x60_run_006_seed_123,123
17.580235861588054,70.68308413954853,60,60,size_60x60_run_006_seed_123,123
17.580334485807832,70.68738091748497,60,60,size_60x60_run_006_seed_123,123
17.58050889062362,70.69167643610785,60,60,size_60x60_run_006_seed_123,123
17.581096352757037,70.6959706959707,60,60,size_60x60_run_006_seed_123,123
17.58184818873096,70.70026369762672,60,60,size_60x60_run_006_seed_123,123
17.58231622018345,70.70455544162883,60,60,size_60x60_run_006_seed_123,123
17.58244657520534,70.70884592852958,60,60,size_60x60_run_006_seed_123,123
17.582848621984894,70.71313515888124,60,60,size_60x60_run_006_seed_123,123
17.582916530229433,70.71742313323573,60,60,size_60x60_run_006_seed_123,123
17.583609294606052,70.72170985214463,60,60,size_60x60_run_006_seed_123,123
17.58432728538528,70.72170985214463,60,60,size_60x60_run_006_seed_123,123
17.584334225324415,70.72599531615926,60,60,size_60x60_run_006_seed_123,123
17.584748662411357,70.73027952583053,60,60,size_60x60_run_006_seed_123,123
17.5848594087998,70.7345624817091,60,60,size_60x60_run_006_seed_123,123
17.585012470741404,70.73884418434528,60,60,size_60x60_run_006_seed_123,123
17.585200482569437,70.74312463428906,60,60,size_60x60_run_006_seed_123,123
17.58560716531156,70.7474038320901,60,60,size_60x60_run_006_seed_123,123
17.58627809139011,70.75168177829775,60,60,size_60x60_run_006_seed_123,123
17.58692110521036,70.75595847346104,60,60,size_60x60_run_006_seed_123,123
17.587283627022494,70.76023391812866,60,60,size_60x60_run_006_seed_123,123
17.58808947350437,70.764508112849,60,60,size_60x60_run_006_seed_123,123
17.58846085193678,70.76878105817013,60,60,size_60x60_run_006_seed_123,123
17.590417753918935,70.77305275463978,60,60,size_60x60_run_006_seed_123,123
17.59098140275885,70.77732320280538,60,60,size_60x60_run_006_seed_123,123
17.59099963794842,70.78159240321402,60,60,size_60x60_run_006_seed_123,123
17.59103396018472,70.7858603564125,60,60,size_60x60_run_006_seed_123,123
17.591259614852998,70.79012706294728,60,60,size_60x60_run_006_seed_123,123
17.591307499145728,70.7943925233645,60,60,size_60x60_run_006_seed_123,123
17.59167047273372,70.79865673820996,60,60,size_60x60_run_006_seed_123,123
17.592932972778463,70.8029197080292,60,60,size_60x60_run_006_seed_123,123
17.593108775022202,70.80718143336739,60,60,size_60x60_run_006_seed_123,123
17.595602882403846,70.81144191476942,60,60,size_60x60_run_006_seed_123,123
17.596492498718195,70.81570115277981,60,60,size_60x60_run_006_seed_123,123
17.5967063046407,70.81570115277981,60,60,size_60x60_run_006_seed_123,123
17.59716361158705,70.81995914794281,60,60,size_60x60_run_006_seed_123,123
17.597455515685873,70.82421590080233,60,60,size_60x60_run_006_seed_123,123
17.598141150231207,70.82847141190199,60,60,size_60x60_run_006_seed_123,123
17.598194826019014,70.83272568178504,60,60,size_60x60_run_006_seed_123,123
17.59843242876399,70.83697871099446,60,60,size_60x60_run_006_seed_123,123
17.5986578255835,70.8412305000729,60,60,size_60x60_run_006_seed_123,123
17.59884338858728,70.8454810495627,60,60,size_60x60_run_006_seed_123,123
17.59961414106777,70.84973036000582,60,60,size_60x60_run_006_seed_123,123
17.599848481657613,70.85397843194404,60,60,size_60x60_run_006_seed_123,123
17.600060939069827,70.85397843194404,60,60,size_60x60_run_006_seed_123,123
17.60034302030694,70.85822526591869,60,60,size_60x60_run_006_seed_123,123
17.60099069277648,70.86247086247086,60,60,size_60x60_run_006_seed_123,123
17.601596417340815,70.8667152221413,60,60,size_60x60_run_006_seed_123,123
17.601901136772412,70.87095834547044,60,60,size_60x60_run_006_seed_123,123
17.602421463881974,70.87520023299841,60,60,size_60x60_run_006_seed_123,123
17.603012795156854,70.879440885265,60,60,size_60x60_run_006_seed_123,123
17.603224189315434,70.88368030280972,60,60,size_60x60_run_006_seed_123,123
17.60377948993878,70.88791848617177,60,60,size_60x60_run_006_seed_123,123
17.604146752154204,70.89215543588998,60,60,size_60x60_run_006_seed_123,123
17.6041617159778,70.89639115250291,60,60,size_60x60_run_006_seed_123,123
17.604776373787843,70.90062563654882,60,60,size_60x60_run_006_seed_123,123
17.604940995797428,70.90485888856561,60,60,size_60x60_run_006_seed_123,123
17.60518431304734,70.9090909090909,60,60,size_60x60_run_006_seed_123,123
17.60522465903375,70.91332169866202,60,60,size_60x60_run_006_seed_123,123
17.60575556842676,70.9175512578159,60,60,size_60x60_run_006_seed_123,123
17.60576520708639,70.92177958708928,60,60,size_60x60_run_006_seed_123,123
17.60578441901922,70.92600668701846,60,60,size_60x60_run_006_seed_123,123
17.605879330895913,70.93023255813954,60,60,size_60x60_run_006_seed_123,123
17.605912879265436,70.93445720098823,60,60,size_60x60_run_006_seed_123,123
17.605993746172917,70.93868061609997,60,60,size_60x60_run_006_seed_123,123
17.60619897570809,70.94290280400988,60,60,size_60x60_run_006_seed_123,123
17.606293327766394,70.94712376525277,60,60,size_60x60_run_006_seed_123,123
17.606533090173784,70.95134350036311,60,60,size_60x60_run_006_seed_123,123
17.60693122698226,70.95556200987511,60,60,size_60x60_run_006_seed_123,123
17.607710272626225,70.95977929432263,60,60,size_60x60_run_006_seed_123,123
17.608237025288034,70.96399535423926,60,60,size_60x60_run_006_seed_123,123
17.608794821043062,70.96821019015822,60,60,size_60x60_run_006_seed_123,123
17.60953444227314,70.97242380261248,60,60,size_60x60_run_006_seed_123,123
17.609686613930613,70.97663619213466,60,60,size_60x60_run_006_seed_123,123
17.609730145961333,70.9808473592571,60,60,size_60x60_run_006_seed_123,123
17.609986745220905,70.98505730451183,60,60,size_60x60_run_006_seed_123,123
17.61082290459427,70.98926602843052,60,60,size_60x60_run_006_seed_123,123
17.610922857147436,70.9934735315446,60,60,size_60x60_run_006_seed_123,123
17.610973836740126,70.99767981438515,60,60,size_60x60_run_006_seed_123,123
17.611278756788046,71.00188487748296,60,60,size_60x60_run_006_seed_123,123
17.611732360322407,71.00608872136851,60,60,size_60x60_run_006_seed_123,123
17.611774325315558,71.01029134657196,60,60,size_60x60_run_006_seed_123,123
17.612064743845423,71.01449275362319,60,60,size_60x60_run_006_seed_123,123
17.612973654838353,71.01869294305173,60,60,size_60x60_run_006_seed_123,123
17.61349737867471,71.02289191538685,60,60,size_60x60_run_006_seed_123,123
17.614213584877998,71.02708967115747,60,60,size_60x60_run_006_seed_123,123
17.61442586155439,71.03128621089225,60,60,size_60x60_run_006_seed_123,123
17.61482980088615,71.03548153511949,60,60,size_60x60_run_006_seed_123,123
17.614831277547616,71.03967564436722,60,60,size_60x60_run_006_seed_123,123
17.615310400756474,71.04386853916317,60,60,size_60x60_run_006_seed_123,123
17.61584180298789,71.04806022003474,60,60,size_60x60_run_006_seed_123,123
17.616147448552887,71.05225068750904,60,60,size_60x60_run_006_seed_123,123
17.616272178970533,71.05643994211289,60,60,size_60x60_run_006_seed_123,123
17.616558833071434,71.06062798437274,60,60,size_60x60_run_006_seed_123,123
17.61676453369114,71.06481481481481,60,60,size_60x60_run_006_seed_123,123
17.61710861628277,71.06900043396499,60,60,size_60x60_run_006_seed_123,123
17.61785948909483,71.07318484234885,60,60,size_60x60_run_006_seed_123,123
17.617992239291453,71.07736804049168,60,60,size_60x60_run_006_seed_123,123
17.61882539683984,71.08155002891846,60,60,size_60x60_run_006_seed_123,123
17.619205009775193,71.08573080815383,60,60,size_60x60_run_006_seed_123,123
17.61930735271286,71.08991037872218,60,60,size_60x60_run_006_seed_123,123
17.61933718678523,71.09408874114756,60,60,size_60x60_run_006_seed_123,123
17.619385889030408,71.09826589595376,60,60,size_60x60_run_006_seed_123,123
17.61990080506044,71.10244184366421,60,60,size_60x60_run_006_seed_123,123
17.620018714525823,71.10661658480208,60,60,size_60x60_run_006_seed_123,123
17.62114154388937,71.11079011989023,60,60,size_60x60_run_006_seed_123,123
17.62136713987888,71.11496244945118,60,60,size_60x60_run_006_seed_123,123
17.621880897481862,71.11913357400722,60,60,size_60x60_run_006_seed_123,123
17.622742446601254,71.12330349408028,60,60,size_60x60_run_006_seed_123,123
17.623174459181456,71.127472210192,60,60,size_60x60_run_006_seed_123,123
17.62317589769457,71.13163972286374,60,60,size_60x60_run_006_seed_123,123
17.624115061498163,71.13580603261654,60,60,size_60x60_run_006_seed_123,123
17.62425699987365,71.13997113997114,60,60,size_60x60_run_006_seed_123,123
17.625050270664307,71.14413504544798,60,60,size_60x60_run_006_seed_123,123
17.625299172984942,71.14829774956722,60,60,size_60x60_run_006_seed_123,123
17.626167870816406,71.1524592528487,60,60,size_60x60_run_006_seed_123,123
17.627253151620078,71.15661955581194,60,60,size_60x60_run_006_seed_123,123
17.627387374367153,71.16077865897621,60,60,size_60x60_run_006_seed_123,123
17.6274481713071,71.16493656286043,60,60,size_60x60_run_006_seed_123,123
17.627778527160146,71.16909326798327,60,60,size_60x60_run_006_seed_123,123
17.627904266799533,71.17324877486307,60,60,size_60x60_run_006_seed_123,123
17.628661706704406,71.17740308401787,60,60,size_60x60_run_006_seed_123,123
17.62930509370493,71.18155619596543,60,60,size_60x60_run_006_seed_123,123
17.629324977012928,71.18570811122316,60,60,size_60x60_run_006_seed_123,123
17.629922337592447,71.18985883030827,60,60,size_60x60_run_006_seed_123,123
17.63060075281159,71.19400835373759,60,60,size_60x60_run_006_seed_123,123
17.632824155658184,71.19815668202764,60,60,size_60x60_run_006_seed_123,123
17.63363144185933,71.20230381569475,60,60,size_60x60_run_006_seed_123,123
17.635172921705948,71.20644975525482,60,60,size_60x60_run_006_seed_123,123
17.635174351592333,71.21059450122354,60,60,size_60x60_run_006_seed_123,123
17.635539739445118,71.21473805411628,60,60,size_60x60_run_006_seed_123,123
17.63581662599185,71.21888041444812,60,60,size_60x60_run_006_seed_123,123
17.636397257825614,71.22302158273382,60,60,size_60x60_run_006_seed_123,123
17.636457089191513,71.22716155948784,60,60,size_60x60_run_006_seed_123,123
17.63686870694702,71.2313003452244,60,60,size_60x60_run_006_seed_123,123
17.637290120196692,71.23543794045736,60,60,size_60x60_run_006_seed_123,123
17.638054833106306,71.23957434570032,60,60,size_60x60_run_006_seed_123,123
17.638071196820697,71.24370956146657,60,60,size_60x60_run_006_seed_123,123
17.638369312379215,71.24784358826912,60,60,size_60x60_run_006_seed_123,123
17.63877330675176,71.25197642662067,60,60,size_60x60_run_006_seed_123,123
17.639996272491583,71.25610807703363,60,60,size_60x60_run_006_seed_123,123
17.64035059547226,71.26023854002011,60,60,size_60x60_run_006_seed_123,123
17.64060549472426,71.26436781609196,60,60,size_60x60_run_006_seed_123,123
17.640813701354887,71.26849590576066,60,60,size_60x60_run_006_seed_123,123
17.641590174248496,71.2726228095375,60,60,size_60x60_run_006_seed_123,123
17.641759707461073,71.27674852793336,60,60,size_60x60_run_006_seed_123,123
17.64267389029641,71.28087306145893,60,60,size_60x60_run_006_seed_123,123
17.642759747651247,71.28499641062454,60,60,size_60x60_run_006_seed_123,123
17.642778106723725,71.28911857594028,60,60,size_60x60_run_006_seed_123,123
17.64329750241005,71.29323955791588,60,60,size_60x60_run_006_seed_123,123
17.64412374636493,71.29735935706086,60,60,size_60x60_run_006_seed_123,123
17.64416796243698,71.30147797388435,60,60,size_60x60_run_006_seed_123,123
17.644257918442058,71.30559540889526,60,60,size_60x60_run_006_seed_123,123
17.64428279797346,71.30971166260221,60,60,size_60x60_run_006_seed_123,123
17.644932832092426,71.31382673551349,60,60,size_60x60_run_006_seed_123,123
17.645100411855392,71.3179406281371,60,60,size_60x60_run_006_seed_123,123
17.645131410534844,71.32205334098079,60,60,size_60x60_run_006_seed_123,123
17.645872382765532,71.32616487455196,60,60,size_60x60_run_006_seed_123,123
17.64588751705351,71.3302752293578,60,60,size_60x60_run_006_seed_123,123
17.64595014698751,71.33438440590511,60,60,size_60x60_run_006_seed_123,123
17.646033623394914,71.33849240470049,60,60,size_60x60_run_006_seed_123,123
17.646524417001277,71.34259922625019,60,60,size_60x60_run_006_seed_123,123
17.64701850031065,71.34670487106017,60,60,size_60x60_run_006_seed_123,123
17.64724372959466,71.35080933963616,60,60,size_60x60_run_006_seed_123,123
17.648052836373093,71.35491263248352,60,60,size_60x60_run_006_seed_123,123
17.648925895064675,71.3590147501074,60,60,size_60x60_run_006_seed_123,123
17.649068622345904,71.3631156930126,60,60,size_60x60_run_006_seed_123,123
17.649309386869827,71.36721546170365,60,60,size_60x60_run_006_seed_123,123
17.649402609667366,71.3713140566848,60,60,size_60x60_run_006_seed_123,123
17.650377533867665,71.37541147846,60,60,size_60x60_run_006_seed_123,123
17.650431415883848,71.37950772753291,60,60,size_60x60_run_006_seed_123,123
17.650502809893563,71.38360280440692,60,60,size_60x60_run_006_seed_123,123
17.650525013508364,71.38769670958513,60,60,size_60x60_run_006_seed_123,123
17.65162341884829,71.3917894435703,60,60,size_60x60_run_006_seed_123,123
17.65195683026014,71.395881006865,60,60,size_60x60_run_006_seed_123,123
17.652666006499615,71.39997139997139,60,60,size_60x60_run_006_seed_123,123
17.652716207856376,71.40406062339147,60,60,size_60x60_run_006_seed_123,123
17.652918921867435,71.40814867762688,60,60,size_60x60_run_006_seed_123,123
17.653372720690225,71.41223556317897,60,60,size_60x60_run_006_seed_123,123
17.653876569062124,71.41632128054881,60,60,size_60x60_run_006_seed_123,123
17.653945236394577,71.42040583023721,60,60,size_60x60_run_006_seed_123,123
17.654012650310815,71.42448921274467,60,60,size_60x60_run_006_seed_123,123
17.654537271875906,71.42857142857143,60,60,size_60x60_run_006_seed_123,123
17.65510996557073,71.43265247821739,60,60,size_60x60_run_006_seed_123,123
17.65538096128968,71.43673236218223,60,60,size_60x60_run_006_seed_123,123
17.65608087155406,71.4408110809653,60,60,size_60x60_run_006_seed_123,123
17.65620451056084,71.44488863506567,60,60,size_60x60_run_006_seed_123,123
17.656308883336386,71.44896502498216,60,60,size_60x60_run_006_seed_123,123
17.65654596151123,71.44896502498216,60,60,size_60x60_run_006_seed_123,123
17.657003490940365,71.45304025121325,60,60,size_60x60_run_006_seed_123,123
17.657555739679,71.45711431425717,60,60,size_60x60_run_006_seed_123,123
17.658092379502943,71.46118721461188,60,60,size_60x60_run_006_seed_123,123
17.658343160979214,71.465258952775,60,60,size_60x60_run_006_seed_123,123
17.658395642387788,71.46932952924394,60,60,size_60x60_run_006_seed_123,123
17.65879487132279,71.47339894451576,60,60,size_60x60_run_006_seed_123,123
17.658860310732216,71.47746719908727,60,60,size_60x60_run_006_seed_123,123
17.65901498144003,71.48153429345501,60,60,size_60x60_run_006_seed_123,123
17.659348259280463,71.4856002281152,60,60,size_60x60_run_006_seed_123,123
17.6595103707849,71.4896650035638,60,60,size_60x60_run_006_seed_123,123
17.6597626945897,71.49372862029647,60,60,size_60x60_run_006_seed_123,123
17.65997976066523,71.4977910788086,60,60,size_60x60_run_006_seed_123,123
17.660230650169844,71.50185237959532,60,60,size_60x60_run_006_seed_123,123
17.66034863773484,71.50591252315145,60,60,size_60x60_run_006_seed_123,123
17.660371715262812,71.50997150997152,60,60,size_60x60_run_006_seed_123,123
17.661058679385206,71.51402934054978,60,60,size_60x60_run_006_seed_123,123
17.661227233548708,71.51808601538023,60,60,size_60x60_run_006_seed_123,123
17.66144474220355,71.52214153495657,60,60,size_60x60_run_006_seed_123,123
17.661546645733015,71.5261958997722,60,60,size_60x60_run_006_seed_123,123
17.661722348335264,71.53024911032028,60,60,size_60x60_run_006_seed_123,123
17.66184849965028,71.53430116709364,60,60,size_60x60_run_006_seed_123,123
17.66201747380295,71.53835207058489,60,60,size_60x60_run_006_seed_123,123
17.662045828346997,71.54240182128629,60,60,size_60x60_run_006_seed_123,123
17.6629961308478,71.54645041968986,60,60,size_60x60_run_006_seed_123,123
17.663409328136606,71.55049786628734,60,60,size_60x60_run_006_seed_123,123
17.663452737051557,71.55454416157019,60,60,size_60x60_run_006_seed_123,123
17.663605722926953,71.55858930602957,60,60,size_60x60_run_006_seed_123,123
17.664148044577047,71.5626333001564,60,60,size_60x60_run_006_seed_123,123
17.664492943182424,71.56667614444129,60,60,size_60x60_run_006_seed_123,123
17.665067378502027,71.57071783937455,60,60,size_60x60_run_006_seed_123,123
17.66537491990106,71.57475838544627,60,60,size_60x60_run_006_seed_123,123
17.66565920588964,71.57879778314623,60,60,size_60x60_run_006_seed_123,123
17.66571293874622,71.58283603296391,60,60,size_60x60_run_006_seed_123,123
17.666274577496186,71.58687313538856,60,60,size_60x60_run_006_seed_123,123
17.666359084796337,71.5909090909091,60,60,size_60x60_run_006_seed_123,123
17.666702452131457,71.5949439000142,60,60,size_60x60_run_006_seed_123,123
17.66678190468382,71.59897756319228,60,60,size_60x60_run_006_seed_123,123
17.66680683969872,71.60301008093141,60,60,size_60x60_run_006_seed_123,123
17.666904444369827,71.60704145371948,60,60,size_60x60_run_006_seed_123,123
17.667200286986112,71.611071682044,60,60,size_60x60_run_006_seed_123,123
17.668342869523446,71.61510076639229,60,60,size_60x60_run_006_seed_123,123
17.669269200889076,71.6191287072513,60,60,size_60x60_run_006_seed_123,123
17.669326824731648,71.62315550510783,60,60,size_60x60_run_006_seed_123,123
17.669652860616235,71.62718116044829,60,60,size_60x60_run_006_seed_123,123
17.670674113867175,71.63120567375887,60,60,size_60x60_run_006_seed_123,123
17.67142399757483,71.63522904552546,60,60,size_60x60_run_006_seed_123,123
17.6716949366869,71.6392512762337,60,60,size_60x60_run_006_seed_123,123
17.672386319402467,71.64327236636893,60,60,size_60x60_run_006_seed_123,123
17.67256085221027,71.64729231641623,60,60,size_60x60_run_006_seed_123,123
17.673288868621974,71.65131112686038,60,60,size_60x60_run_006_seed_123,123
17.673650791634635,71.65532879818595,60,60,size_60x60_run_006_seed_123,123
17.673952497459524,71.65934533087714,60,60,size_60x60_run_006_seed_123,123
17.67411178396462,71.66336072541797,60,60,size_60x60_run_006_seed_123,123
17.67442923411328,71.6673749822921,60,60,size_60x60_run_006_seed_123,123
17.67448285669463,71.671388101983,60,60,size_60x60_run_006_seed_123,123
17.67456730596747,71.6754000849738,60,60,size_60x60_run_006_seed_123,123
17.675082437296105,71.67941093174738,60,60,size_60x60_run_006_seed_123,123
17.67516554439643,71.68342064278636,60,60,size_60x60_run_006_seed_123,123
17.67529424648154,71.68742921857304,60,60,size_60x60_run_006_seed_123,123
17.675500306973596,71.69143665958953,60,60,size_60x60_run_006_seed_123,123
17.67556505809061,71.69544296631759,60,60,size_60x60_run_006_seed_123,123
17.675580520298745,71.69944813923873,60,60,size_60x60_run_006_seed_123,123
17.675918176243723,71.70345217883418,60,60,size_60x60_run_006_seed_123,123
17.676496384970015,71.70745508558495,60,60,size_60x60_run_006_seed_123,123
17.676827411945126,71.71145685997172,60,60,size_60x60_run_006_seed_123,123
17.677597581640235,71.7154575024749,60,60,size_60x60_run_006_seed_123,123
17.677785810227014,71.71945701357465,60,60,size_60x60_run_006_seed_123,123
17.677974540852894,71.72345539375088,60,60,size_60x60_run_006_seed_123,123
17.67879389644652,71.72345539375088,60,60,size_60x60_run_006_seed_123,123
17.67881573869842,71.72745264348318,60,60,size_60x60_run_006_seed_123,123
17.681665973278783,71.73144876325088,60,60,size_60x60_run_006_seed_123,123
17.682088496726518,71.73544375353306,60,60,size_60x60_run_006_seed_123,123
17.682170027667613,71.73943761480854,60,60,size_60x60_run_006_seed_123,123
17.68227958749401,71.7434303475558,60,60,size_60x60_run_006_seed_123,123
17.683160241365734,71.74742195225315,60,60,size_60x60_run_006_seed_123,123
17.683195839753036,71.75141242937853,60,60,size_60x60_run_006_seed_123,123
17.683401383538,71.7554017794097,60,60,size_60x60_run_006_seed_123,123
17.683483527578645,71.75939000282406,60,60,size_60x60_run_006_seed_123,123
17.68382123555007,71.76337710009882,60,60,size_60x60_run_006_seed_123,123
17.68387419379877,71.7673630717109,60,60,size_60x60_run_006_seed_123,123
17.68408995347525,71.77134791813691,60,60,size_60x60_run_006_seed_123,123
17.684430321866582,71.77533163985323,60,60,size_60x60_run_006_seed_123,123
17.684520003829387,71.77931423733597,60,60,size_60x60_run_006_seed_123,123
17.685167091886612,71.78329571106094,60,60,size_60x60_run_006_seed_123,123
17.685482705450227,71.78727606150373,60,60,size_60x60_run_006_seed_123,123
17.685967032303004,71.79125528913963,60,60,size_60x60_run_006_seed_123,123
17.68638194387987,71.79523339444366,60,60,size_60x60_run_006_seed_123,123
17.686630281869586,71.79921037789057,60,60,size_60x60_run_006_seed_123,123
17.687503503457727,71.80318623995488,60,60,size_60x60_run_006_seed_123,123
17.687938790160295,71.80318623995488,60,60,size_60x60_run_006_seed_123,123
17.68854453242406,71.8071609811108,60,60,size_60x60_run_006_seed_123,123
17.688737546295147,71.81113460183226,60,60,size_60x60_run_006_seed_123,123
17.6892875836076,71.81510710259302,60,60,size_60x60_run_006_seed_123,123
17.689567423287638,71.81907848386643,60,60,size_60x60_run_006_seed_123,123
17.68973490351134,71.82304874612568,60,60,size_60x60_run_006_seed_123,123
17.68987217553456,71.82701788984363,60,60,size_60x60_run_006_seed_123,123
17.689963220150972,71.82701788984363,60,60,size_60x60_run_006_seed_123,123
17.690060090218964,71.83098591549296,60,60,size_60x60_run_006_seed_123,123
17.690064381624797,71.83495282354599,60,60,size_60x60_run_006_seed_123,123
17.690068483906597,71.8389186144748,60,60,size_60x60_run_006_seed_123,123
17.690594119304727,71.84288328875124,60,60,size_60x60_run_006_seed_123,123
17.690900916783512,71.84684684684684,60,60,size_60x60_run_006_seed_123,123
17.69159666649058,71.85080928923293,60,60,size_60x60_run_006_seed_123,123
17.691864002957246,71.85477061638052,60,60,size_60x60_run_006_seed_123,123
17.69259417495554,71.85873082876037,60,60,size_60x60_run_006_seed_123,123
17.693519204060824,71.86268992684299,60,60,size_60x60_run_006_seed_123,123
17.693752332692608,71.86268992684299,60,60,size_60x60_run_006_seed_123,123
17.694157769915215,71.8666479110986,60,60,size_60x60_run_006_seed_123,123
17.69481239009395,71.87060478199719,60,60,size_60x60_run_006_seed_123,123
17.695166774606605,71.87456054000843,60,60,size_60x60_run_006_seed_123,123
17.695247615278127,71.8785151856018,60,60,size_60x60_run_006_seed_123,123
17.695276278165686,71.88246871924645,60,60,size_60x60_run_006_seed_123,123
17.695311809333077,71.8864211414113,60,60,size_60x60_run_006_seed_123,123
17.695370682319055,71.890372452565,60,60,size_60x60_run_006_seed_123,123
17.695598739193247,71.89432265317595,60,60,size_60x60_run_006_seed_123,123
17.696357335343095,71.89827174371224,60,60,size_60x60_run_006_seed_123,123
17.696743577085567,71.90221972464175,60,60,size_60x60_run_006_seed_123,123
17.69749543946771,71.90616659643209,60,60,size_60x60_run_006_seed_123,123
17.698013017413384,71.91011235955057,60,60,size_60x60_run_006_seed_123,123
17.69830653520769,71.91405701446426,60,60,size_60x60_run_006_seed_123,123
17.69838353302303,71.91800056164,60,60,size_60x60_run_006_seed_123,123
17.698596725629102,71.92194300154429,60,60,size_60x60_run_006_seed_123,123
17.69908545138859,71.92588433464347,60,60,size_60x60_run_006_seed_123,123
17.700138302881317,71.9298245614035,60,60,size_60x60_run_006_seed_123,123
17.700614139613876,71.9337636822902,60,60,size_60x60_run_006_seed_123,123
17.700635572550127,71.93770169776906,60,60,size_60x60_run_006_seed_123,123
17.700960740082678,71.94163860830527,60,60,size_60x60_run_006_seed_123,123
17.701315569463517,71.94557441436386,60,60,size_60x60_run_006_seed_123,123
17.70148681990962,71.94950911640954,60,60,size_60x60_run_006_seed_123,123
17.702377485763357,71.95344271490674,60,60,size_60x60_run_006_seed_123,123
17.70273345438895,71.95737521031968,60,60,size_60x60_run_006_seed_123,123
17.702764670910607,71.96130660311229,60,60,size_60x60_run_006_seed_123,123
17.70309607925377,71.96523689374825,60,60,size_60x60_run_006_seed_123,123
17.70376001364559,71.96916608269096,60,60,size_60x60_run_006_seed_123,123
17.703877684131303,71.97309417040358,60,60,size_60x60_run_006_seed_123,123
17.70413783592117,71.97702115734903,60,60,size_60x60_run_006_seed_123,123
17.70420520994425,71.98094704398991,60,60,size_60x60_run_006_seed_123,123
17.704325627149785,71.98487183078862,60,60,size_60x60_run_006_seed_123,123
17.70466612679188,71.98879551820728,60,60,size_60x60_run_006_seed_123,123
17.7048775427458,71.99271810670774,60,60,size_60x60_run_006_seed_123,123
17.705365075735664,71.9966395967516,60,60,size_60x60_run_006_seed_123,123
17.705370437409705,72.00055998880023,60,60,size_60x60_run_006_seed_123,123
17.705408194471065,72.00447928331467,60,60,size_60x60_run_006_seed_123,123
17.70541622067316,72.00839748075578,60,60,size_60x60_run_006_seed_123,123
17.705668536950316,72.00839748075578,60,60,size_60x60_run_006_seed_123,123
17.70605739062667,72.0123145815841,60,60,size_60x60_run_006_seed_123,123
17.706470230026405,72.01623058625997,60,60,size_60x60_run_006_seed_123,123
17.706691260727993,72.02014549524343,60,60,size_60x60_run_006_seed_123,123
17.70686348247148,72.02405930899427,60,60,size_60x60_run_006_seed_123,123
17.70691934789998,72.02797202797203,60,60,size_60x60_run_006_seed_123,123
17.70694001668529,72.031883652636,60,60,size_60x60_run_006_seed_123,123
17.707140899134547,72.03579418344519,60,60,size_60x60_run_006_seed_123,123
17.70724704125915,72.03970362085839,60,60,size_60x60_run_006_seed_123,123
17.707875666105963,72.04361196533408,60,60,size_60x60_run_006_seed_123,123
17.708228599626818,72.04751921733053,60,60,size_60x60_run_006_seed_123,123
17.708793288217645,72.05142537730576,60,60,size_60x60_run_006_seed_123,123
17.70933074202109,72.05533044571749,60,60,size_60x60_run_006_seed_123,123
17.70951090937192,72.05923442302318,60,60,size_60x60_run_006_seed_123,123
17.709832998652995,72.06313730968013,60,60,size_60x60_run_006_seed_123,123
17.711019332354105,72.06703910614524,60,60,size_60x60_run_006_seed_123,123
17.711114663876796,72.0709398128753,60,60,size_60x60_run_006_seed_123,123
17.71115486491362,72.07483943032672,60,60,size_60x60_run_006_seed_123,123
17.71141195284299,72.07873795895574,60,60,size_60x60_run_006_seed_123,123
17.71156174238751,72.0826353992183,60,60,size_60x60_run_006_seed_123,123
17.71156992272823,72.08653175157013,60,60,size_60x60_run_006_seed_123,123
17.711615817710683,72.09042701646665,60,60,size_60x60_run_006_seed_123,123
17.711822115359578,72.09432119436305,60,60,size_60x60_run_006_seed_123,123
17.712512706901233,72.09821428571429,60,60,size_60x60_run_006_seed_123,123
17.712687385048458,72.10210629097503,60,60,size_60x60_run_006_seed_123,123
17.712906640587942,72.10599721059972,60,60,size_60x60_run_006_seed_123,123
17.7130211452534,72.10988704504253,60,60,size_60x60_run_006_seed_123,123
17.713205029918576,72.11377579475739,60,60,size_60x60_run_006_seed_123,123
17.713248241866815,72.11377579475739,60,60,size_60x60_run_006_seed_123,123
17.713319197857466,72.11766346019797,60,60,size_60x60_run_006_seed_123,123
17.713379216379916,72.12155004181767,60,60,size_60x60_run_006_seed_123,123
17.713918892492597,72.12543554006969,60,60,size_60x60_run_006_seed_123,123
17.713984622571502,72.12931995540691,60,60,size_60x60_run_006_seed_123,123
17.714207770598723,72.133203288282,60,60,size_60x60_run_006_seed_123,123
17.714954925611934,72.13708553914739,60,60,size_60x60_run_006_seed_123,123
17.71576082148064,72.14096670845521,60,60,size_60x60_run_006_seed_123,123
17.7160062375682,72.14484679665738,60,60,size_60x60_run_006_seed_123,123
17.71612252884044,72.14872580420554,60,60,size_60x60_run_006_seed_123,123
17.71644454457628,72.1526037315511,60,60,size_60x60_run_006_seed_123,123
17.71648751495905,72.1564805791452,60,60,size_60x60_run_006_seed_123,123
17.717122448966062,72.16035634743875,60,60,size_60x60_run_006_seed_123,123
17.71716101606825,72.1642310368824,60,60,size_60x60_run_006_seed_123,123
17.71730408499114,72.16810464792653,60,60,size_60x60_run_006_seed_123,123
17.717467190928268,72.17197718102129,60,60,size_60x60_run_006_seed_123,123
17.717556819043068,72.17584863661658,60,60,size_60x60_run_006_seed_123,123
17.717584779346723,72.17971901516206,60,60,size_60x60_run_006_seed_123,123
17.71770083372276,72.1835883171071,60,60,size_60x60_run_006_seed_123,123
17.7179887813068,72.18745654290085,60,60,size_60x60_run_006_seed_123,123
17.719068910845497,72.19132369299221,60,60,size_60x60_run_006_seed_123,123
17.719071976873792,72.19518976782983,60,60,size_60x60_run_006_seed_123,123
17.720070790154224,72.19905476786211,60,60,size_60x60_run_006_seed_123,123
17.7203774048341,72.19905476786211,60,60,size_60x60_run_006_seed_123,123
17.720472651299655,72.20291869353717,60,60,size_60x60_run_006_seed_123,123
17.7208206981267,72.20678154530295,60,60,size_60x60_run_006_seed_123,123
17.72092735299835,72.20678154530295,60,60,size_60x60_run_006_seed_123,123
17.72100677595818,72.21064332360706,60,60,size_60x60_run_006_seed_123,123
17.72149315165656,72.21450402889693,60,60,size_60x60_run_006_seed_123,123
17.722140649648637,72.21836366161966,60,60,size_60x60_run_006_seed_123,123
17.722604815911396,72.22222222222221,60,60,size_60x60_run_006_seed_123,123
17.723314727250575,72.22607971115123,60,60,size_60x60_run_006_seed_123,123
17.72377873271233,72.2299361288531,60,60,size_60x60_run_006_seed_123,123
17.723862922355437,72.23379147577398,60,60,size_60x60_run_006_seed_123,123
17.723881887816866,72.2376457523598,60,60,size_60x60_run_006_seed_123,123
17.72408276033457,72.2376457523598,60,60,size_60x60_run_006_seed_123,123
17.72450483863314,72.24149895905622,60,60,size_60x60_run_006_seed_123,123
17.725260002698477,72.24535109630862,60,60,size_60x60_run_006_seed_123,123
17.72585457877797,72.24920216456223,60,60,size_60x60_run_006_seed_123,123
17.726914668583355,72.25305216426193,60,60,size_60x60_run_006_seed_123,123
17.72717395420199,72.25690109585241,60,60,size_60x60_run_006_seed_123,123
17.72751470122626,72.26074895977808,60,60,size_60x60_run_006_seed_123,123
17.72789862476197,72.26459575648315,60,60,size_60x60_run_006_seed_123,123
17.727917542780897,72.26844148641153,60,60,size_60x60_run_006_seed_123,123
17.72855737077896,72.27228615000693,60,60,size_60x60_run_006_seed_123,123
17.728651643634493,72.27612974771279,60,60,size_60x60_run_006_seed_123,123
17.728892363116202,72.27997227997228,60,60,size_60x60_run_006_seed_123,123
17.73080763968681,72.28381374722838,60,60,size_60x60_run_006_seed_123,123
17.73102921109225,72.28765414992378,60,60,size_60x60_run_006_seed_123,123
17.731297713064006,72.29149348850098,60,60,size_60x60_run_006_seed_123,123
17.731420242515853,72.29533176340213,60,60,size_60x60_run_006_seed_123,123
17.73229757065531,72.29916897506925,60,60,size_60x60_run_006_seed_123,123
17.73234967943623,72.30300512394405,60,60,size_60x60_run_006_seed_123,123
17.732442135700037,72.30684021046801,60,60,size_60x60_run_006_seed_123,123
17.732761315019008,72.31067423508237,60,60,size_60x60_run_006_seed_123,123
17.733295306481438,72.31450719822813,60,60,size_60x60_run_006_seed_123,123
17.73381891708402,72.31833910034602,60,60,size_60x60_run_006_seed_123,123
17.733857602284097,72.32216994187655,60,60,size_60x60_run_006_seed_123,123
17.73396721450814,72.32599972326,60,60,size_60x60_run_006_seed_123,123
17.734188266298922,72.32982844493637,60,60,size_60x60_run_006_seed_123,123
17.734893358915702,72.3336561073454,60,60,size_60x60_run_006_seed_123,123
17.735249343898527,72.3374827109267,60,60,size_60x60_run_006_seed_123,123
17.7361423046034,72.34130825611949,60,60,size_60x60_run_006_seed_123,123
17.73655016775113,72.34513274336283,60,60,size_60x60_run_006_seed_123,123
17.737497779950736,72.34895617309553,60,60,size_60x60_run_006_seed_123,123
17.738235396258784,72.35277854575615,60,60,size_60x60_run_006_seed_123,123
17.73850918728869,72.356599861783,60,60,size_60x60_run_006_seed_123,123
17.738891717679458,72.36042012161415,60,60,size_60x60_run_006_seed_123,123
17.7390122131004,72.36423932568744,60,60,size_60x60_run_006_seed_123,123
17.73964496742949,72.36805747444045,60,60,size_60x60_run_006_seed_123,123
17.739781014677153,72.37187456831053,60,60,size_60x60_run_006_seed_123,123
17.73986541326486,72.37569060773481,60,60,size_60x60_run_006_seed_123,123
17.740157807026133,72.37950559315011,60,60,size_60x60_run_006_seed_123,123
17.741026652175442,72.3833195249931,60,60,size_60x60_run_006_seed_123,123
17.74190645500822,72.38713240370012,60,60,size_60x60_run_006_seed_123,123
17.742186951196803,72.39094422970734,60,60,size_60x60_run_006_seed_123,123
17.742224876778717,72.39475500345065,60,60,size_60x60_run_006_seed_123,123
17.742332545912813,72.39856472536572,60,60,size_60x60_run_006_seed_123,123
17.742332636265026,72.40237339588795,60,60,size_60x60_run_006_seed_123,123
17.74279029842211,72.40618101545255,60,60,size_60x60_run_006_seed_123,123
17.74299968107159,72.40998758449442,60,60,size_60x60_run_006_seed_123,123
17.74314758599953,72.41379310344827,60,60,size_60x60_run_006_seed_123,123
17.743172750801186,72.41759757274858,60,60,size_60x60_run_006_seed_123,123
17.743864940633877,72.42140099282956,60,60,size_60x60_run_006_seed_123,123
17.74407760747243,72.4252033641252,60,60,size_60x60_run_006_seed_123,123
17.744141978790505,72.4290046870692,60,60,size_60x60_run_006_seed_123,123
17.744210188180773,72.4328049620951,60,60,size_60x60_run_006_seed_123,123
17.744421136373436,72.43660418963617,60,60,size_60x60_run_006_seed_123,123
17.744736554317598,72.4404023701254,60,60,size_60x60_run_006_seed_123,123
17.745607214234376,72.44419950399559,60,60,size_60x60_run_006_seed_123,123
17.746043432217206,72.44799559167929,60,60,size_60x60_run_006_seed_123,123
17.746207407519183,72.45179063360881,60,60,size_60x60_run_006_seed_123,123
17.747460700580167,72.45558463021622,60,60,size_60x60_run_006_seed_123,123
17.74769521462025,72.45937758193335,60,60,size_60x60_run_006_seed_123,123
17.747849639604645,72.4631694891918,60,60,size_60x60_run_006_seed_123,123
17.74793887857718,72.4669603524229,60,60,size_60x60_run_006_seed_123,123
17.748994877038555,72.4707501720578,60,60,size_60x60_run_006_seed_123,123
17.749011495822444,72.4745389485274,60,60,size_60x60_run_006_seed_123,123
17.749185976938037,72.47832668226228,60,60,size_60x60_run_006_seed_123,123
17.74933943481226,72.4821133736929,60,60,size_60x60_run_006_seed_123,123
17.749349097964288,72.48589902324942,60,60,size_60x60_run_006_seed_123,123
17.749487694403708,72.48968363136176,60,60,size_60x60_run_006_seed_123,123
17.749545095278187,72.49346719845964,60,60,size_60x60_run_006_seed_123,123
17.749735932571124,72.4972497249725,60,60,size_60x60_run_006_seed_123,123
17.74994078946004,72.50103121132958,60,60,size_60x60_run_006_seed_123,123
17.750239993750405,72.50481165795986,60,60,size_60x60_run_006_seed_123,123
17.750400970213054,72.5085910652921,60,60,size_60x60_run_006_seed_123,123
17.7505162340172,72.51236943375481,60,60,size_60x60_run_006_seed_123,123
17.75068078413074,72.51614676377628,60,60,size_60x60_run_006_seed_123,123
17.750892700112356,72.51992305578455,60,60,size_60x60_run_006_seed_123,123
17.751033816764792,72.52369831020744,60,60,size_60x60_run_006_seed_123,123
17.751424949201986,72.52747252747253,60,60,size_60x60_run_006_seed_123,123
17.752311486715005,72.53124570800715,60,60,size_60x60_run_006_seed_123,123
17.752730811639076,72.5350178522384,60,60,size_60x60_run_006_seed_123,123
17.753135550015756,72.53878896059317,60,60,size_60x60_run_006_seed_123,123
17.753194773577295,72.54255903349808,60,60,size_60x60_run_006_seed_123,123
17.754429739516947,72.54632807137955,60,60,size_60x60_run_006_seed_123,123
17.754732758865188,72.55009607466374,60,60,size_60x60_run_006_seed_123,123
17.75492131262971,72.55009607466374,60,60,size_60x60_run_006_seed_123,123
17.755113429268626,72.55386304377659,60,60,size_60x60_run_006_seed_123,123
17.756114060664583,72.5576289791438,60,60,size_60x60_run_006_seed_123,123
17.756548277567727,72.5576289791438,60,60,size_60x60_run_006_seed_123,123
17.75662973649792,72.56139388119084,60,60,size_60x60_run_006_seed_123,123
17.75746473121081,72.56515775034293,60,60,size_60x60_run_006_seed_123,123
17.757901803306932,72.5689205870251,60,60,size_60x60_run_006_seed_123,123
17.75822873757838,72.57268239166208,60,60,size_60x60_run_006_seed_123,123
17.758824663637554,72.57644316467847,60,60,size_60x60_run_006_seed_123,123
17.759669752314753,72.5802029064985,60,60,size_60x60_run_006_seed_123,123
17.759851271851826,72.58396161754627,60,60,size_60x60_run_006_seed_123,123
17.760217368148588,72.58771929824562,60,60,size_60x60_run_006_seed_123,123
17.761926157773004,72.59147594902015,60,60,size_60x60_run_006_seed_123,123
17.762165297806725,72.59523157029322,60,60,size_60x60_run_006_seed_123,123
17.76246686440523,72.59898616248802,60,60,size_60x60_run_006_seed_123,123
17.76247528894816,72.6027397260274,60,60,size_60x60_run_006_seed_123,123
17.762949754500408,72.60649226133407,60,60,size_60x60_run_006_seed_123,123
17.76319056887513,72.61024376883046,60,60,size_60x60_run_006_seed_123,123
17.76507385449833,72.6139942489388,60,60,size_60x60_run_006_seed_123,123
17.76577735390062,72.61774370208104,60,60,size_60x60_run_006_seed_123,123
17.765821156968297,72.621492128679,60,60,size_60x60_run_006_seed_123,123
17.766945899540794,72.62523952915411,60,60,size_60x60_run_006_seed_123,123
17.76732936426179,72.62898590392774,60,60,size_60x60_run_006_seed_123,123
17.767396532342378,72.63273125342091,60,60,size_60x60_run_006_seed_123,123
17.76760474061225,72.63647557805444,60,60,size_60x60_run_006_seed_123,123
17.768369514661636,72.64021887824897,60,60,size_60x60_run_006_seed_123,123
17.769961777786634,72.64396115442484,60,60,size_60x60_run_006_seed_123,123
17.769998908566855,72.64770240700219,60,60,size_60x60_run_006_seed_123,123
17.770936406186195,72.65144263640093,60,60,size_60x60_run_006_seed_123,123
17.771231985575376,72.65518184304074,60,60,size_60x60_run_006_seed_123,123
17.77151719785661,72.65892002734108,60,60,size_60x60_run_006_seed_123,123
17.771699854588622,72.66265718972116,60,60,size_60x60_run_006_seed_123,123
17.77219560440254,72.66639333059997,60,60,size_60x60_run_006_seed_123,123
17.772298528213124,72.67012845039629,60,60,size_60x60_run_006_seed_123,123
17.77235336814192,72.67386254952862,60,60,size_60x60_run_006_seed_123,123
17.77270239111955,72.6775956284153,60,60,size_60x60_run_006_seed_123,123
17.773466947539486,72.68132768747438,60,60,size_60x60_run_006_seed_123,123
17.774226186143995,72.68505872712375,60,60,size_60x60_run_006_seed_123,123
17.774347621268227,72.68878874778096,60,60,size_60x60_run_006_seed_123,123
17.77568757468415,72.69251774986346,60,60,size_60x60_run_006_seed_123,123
17.77596043511403,72.6962457337884,60,60,size_60x60_run_006_seed_123,123
17.776144056529194,72.6999726999727,60,60,size_60x60_run_006_seed_123,123
17.77663863646471,72.70369864883308,60,60,size_60x60_run_006_seed_123,123
17.776987277749075,72.70742358078603,60,60,size_60x60_run_006_seed_123,123
17.777141602211085,72.71114749624779,60,60,size_60x60_run_006_seed_123,123
17.77715401114377,72.71487039563438,60,60,size_60x60_run_006_seed_123,123
17.777599636131452,72.71859227936162,60,60,size_60x60_run_006_seed_123,123
17.77772862372521,72.72231314784506,60,60,size_60x60_run_006_seed_123,123
17.778074463799577,72.72603300150007,60,60,size_60x60_run_006_seed_123,123
17.7784428924914,72.72975184074176,60,60,size_60x60_run_006_seed_123,123
17.778453811287946,72.73346966598501,60,60,size_60x60_run_006_seed_123,123
17.778505565532495,72.73718647764449,60,60,size_60x60_run_006_seed_123,123
17.7797292770685,72.73718647764449,60,60,size_60x60_run_006_seed_123,123
17.780491275659486,72.74090227613466,60,60,size_60x60_run_006_seed_123,123
17.780692001773723,72.74461706186972,60,60,size_60x60_run_006_seed_123,123
17.78167952917743,72.74833083526366,60,60,size_60x60_run_006_seed_123,123
17.781684529722725,72.75204359673025,60,60,size_60x60_run_006_seed_123,123
17.782597580704348,72.75575534668302,60,60,size_60x60_run_006_seed_123,123
17.782739294471597,72.75946608553528,60,60,size_60x60_run_006_seed_123,123
17.78412857498126,72.76317581370012,60,60,size_60x60_run_006_seed_123,123
17.786083884523354,72.76688453159042,60,60,size_60x60_run_006_seed_123,123
17.786267515938334,72.7705922396188,60,60,size_60x60_run_006_seed_123,123
17.786701722967013,72.77429893819766,60,60,size_60x60_run_006_seed_123,123
17.787319004365592,72.77800462773921,60,60,size_60x60_run_006_seed_123,123
17.787815218380135,72.78170930865542,60,60,size_60x60_run_006_seed_123,123
17.787955577700135,72.78541298135801,60,60,size_60x60_run_006_seed_123,123
17.788076084642025,72.78911564625851,60,60,size_60x60_run_006_seed_123,123
17.788895405052784,72.7928173037682,60,60,size_60x60_run_006_seed_123,123
17.78926297099852,72.79651795429814,60,60,size_60x60_run_006_seed_123,123
17.78946690634812,72.80021759825921,60,60,size_60x60_run_006_seed_123,123
17.79023738063477,72.80391623606201,60,60,size_60x60_run_006_seed_123,123
17.790381830372567,72.80761386811693,60,60,size_60x60_run_006_seed_123,123
17.79068819881508,72.81131049483415,60,60,size_60x60_run_006_seed_123,123
17.79173199489185,72.81500611662362,60,60,size_60x60_run_006_seed_123,123
17.791899746431508,72.81870073389508,60,60,size_60x60_run_006_seed_123,123
17.792234293542865,72.82239434705802,60,60,size_60x60_run_006_seed_123,123
17.793275737830697,72.82608695652173,60,60,size_60x60_run_006_seed_123,123
17.79426610848118,72.8297785626953,60,60,size_60x60_run_006_seed_123,123
17.794605693934567,72.83346916598751,60,60,size_60x60_run_006_seed_123,123
17.795010652724432,72.83715876680701,60,60,size_60x60_run_006_seed_123,123
17.795776743706128,72.84084736556218,60,60,size_60x60_run_006_seed_123,123
17.796420145090185,72.84453496266123,60,60,size_60x60_run_006_seed_123,123
17.796676619114336,72.84822155851208,60,60,size_60x60_run_006_seed_123,123
17.797266535580555,72.84822155851208,60,60,size_60x60_run_006_seed_123,123
17.797343893193055,72.85190715352246,60,60,size_60x60_run_006_seed_123,123
17.797476615414723,72.8555917480999,60,60,size_60x60_run_006_seed_123,123
17.797497636359957,72.85927534265166,60,60,size_60x60_run_006_seed_123,123
17.79788622595443,72.86295793758481,60,60,size_60x60_run_006_seed_123,123
17.799224367601866,72.8666395333062,60,60,size_60x60_run_006_seed_123,123
17.800041447927168,72.87032013022247,60,60,size_60x60_run_006_seed_123,123
17.800689982083338,72.87399972874,60,60,size_60x60_run_006_seed_123,123
17.80084677561538,72.87767832926498,60,60,size_60x60_run_006_seed_123,123
17.80103296677841,72.88135593220339,60,60,size_60x60_run_006_seed_123,123
17.80107489297419,72.88503253796095,60,60,size_60x60_run_006_seed_123,123
17.801242638717213,72.8887081469432,60,60,size_60x60_run_006_seed_123,123
17.802069846741272,72.89238275955543,60,60,size_60x60_run_006_seed_123,123
17.802465691209033,72.89605637620274,60,60,size_60x60_run_006_seed_123,123
17.8025657842128,72.89972899728997,60,60,size_60x60_run_006_seed_123,123
17.80294649556868,72.90340062322178,60,60,size_60x60_run_006_seed_123,123
17.803176483646393,72.9070712544026,60,60,size_60x60_run_006_seed_123,123
17.80405252403418,72.91074089123663,60,60,size_60x60_run_006_seed_123,123
17.804732505451632,72.91440953412784,60,60,size_60x60_run_006_seed_123,123
17.80528494588659,72.91807718348002,60,60,size_60x60_run_006_seed_123,123
17.805610613932448,72.92174383969673,60,60,size_60x60_run_006_seed_123,123
17.806209453277813,72.92540950318126,60,60,size_60x60_run_006_seed_123,123
17.806978142374025,72.92907417433676,60,60,size_60x60_run_006_seed_123,123
17.807216641255714,72.93273785356611,60,60,size_60x60_run_006_seed_123,123
17.807548551700318,72.93640054127198,60,60,size_60x60_run_006_seed_123,123
17.807804802625995,72.94006223785685,60,60,size_60x60_run_006_seed_123,123
17.80784227714374,72.94372294372295,60,60,size_60x60_run_006_seed_123,123
17.807874517311067,72.9473826592723,60,60,size_60x60_run_006_seed_123,123
17.80790813525394,72.95104138490667,60,60,size_60x60_run_006_seed_123,123
17.809131530036836,72.95469912102772,60,60,size_60x60_run_006_seed_123,123
17.80976734989018,72.95835586803678,60,60,size_60x60_run_006_seed_123,123
17.810214829224233,72.962011626335,60,60,size_60x60_run_006_seed_123,123
17.811882769455945,72.96566639632333,60,60,size_60x60_run_006_seed_123,123
17.811979050036083,72.96932017840248,60,60,size_60x60_run_006_seed_123,123
17.81232155655619,72.97297297297297,60,60,size_60x60_run_006_seed_123,123
17.813068354047687,72.97662478043507,60,60,size_60x60_run_006_seed_123,123
17.8132354430437,72.98027560118886,60,60,size_60x60_run_006_seed_123,123
17.81345147251531,72.9839254356342,60,60,size_60x60_run_006_seed_123,123
17.813667577220556,72.98757428417072,60,60,size_60x60_run_006_seed_123,123
17.81459369925547,72.99122214719785,60,60,size_60x60_run_006_seed_123,123
17.81600807903802,72.99486902511477,60,60,size_60x60_run_006_seed_123,123
17.816426852019354,72.99851491832051,60,60,size_60x60_run_006_seed_123,123
17.81670012707794,73.00215982721382,60,60,size_60x60_run_006_seed_123,123
17.81673697109256,73.00580375219327,60,60,size_60x60_run_006_seed_123,123
17.81701150967675,73.00944669365722,60,60,size_60x60_run_006_seed_123,123
17.817129136112033,73.01308865200377,60,60,size_60x60_run_006_seed_123,123
17.81733513215409,73.01672962763087,60,60,size_60x60_run_006_seed_123,123
17.817694352654108,73.0203696209362,60,60,size_60x60_run_006_seed_123,123
17.818181910554884,73.02400863231723,60,60,size_60x60_run_006_seed_123,123
17.818298948703074,73.02764666217128,60,60,size_60x60_run_006_seed_123,123
17.819578676911224,73.03128371089535,60,60,size_60x60_run_006_seed_123,123
17.82020186218399,73.03491977888635,60,60,size_60x60_run_006_seed_123,123
17.82112115538341,73.03855486654085,60,60,size_60x60_run_006_seed_123,123
17.821466000627037,73.0421889742553,60,60,size_60x60_run_006_seed_123,123
17.821865326485504,73.04582210242587,60,60,size_60x60_run_006_seed_123,123
17.822551216109215,73.04945425144858,60,60,size_60x60_run_006_seed_123,123
17.8225966610537,73.04945425144858,60,60,size_60x60_run_006_seed_123,123
17.822994561327445,73.05308542171922,60,60,size_60x60_run_006_seed_123,123
17.823021387625644,73.0567156136333,60,60,size_60x60_run_006_seed_123,123
17.82350994446787,73.0603448275862,60,60,size_60x60_run_006_seed_123,123
17.823846846373502,73.06397306397307,60,60,size_60x60_run_006_seed_123,123
17.824034127192643,73.0676003231888,60,60,size_60x60_run_006_seed_123,123
17.824317400278858,73.07122660562811,60,60,size_60x60_run_006_seed_123,123
17.82507266024128,73.07485191168551,60,60,size_60x60_run_006_seed_123,123
17.82520982310117,73.07485191168551,60,60,size_60x60_run_006_seed_123,123
17.825275216081792,73.07847624175528,60,60,size_60x60_run_006_seed_123,123
17.82545427667384,73.0820995962315,60,60,size_60x60_run_006_seed_123,123
17.825632100346148,73.08572197550801,60,60,size_60x60_run_006_seed_123,123
17.82609843301755,73.08934337997847,60,60,size_60x60_run_006_seed_123,123
17.82761856572702,73.09296381003632,60,60,size_60x60_run_006_seed_123,123
17.827929958357497,73.09658326607479,60,60,size_60x60_run_006_seed_123,123
17.82843296913073,73.10020174848688,60,60,size_60x60_run_006_seed_123,123
17.829755062758665,73.10381925766542,60,60,size_60x60_run_006_seed_123,123
17.829835543262174,73.10743579400297,60,60,size_60x60_run_006_seed_123,123
17.829889155369145,73.11105135789191,60,60,size_60x60_run_006_seed_123,123
17.83136611262682,73.11105135789191,60,60,size_60x60_run_006_seed_123,123
17.83158505346399,73.11466594972443,60,60,size_60x60_run_006_seed_123,123
17.83210461579273,73.11827956989248,60,60,size_60x60_run_006_seed_123,123
17.832573276118143,73.12189221878779,60,60,size_60x60_run_006_seed_123,123
17.83280599869722,73.12550389680193,60,60,size_60x60_run_006_seed_123,123
17.832896697670684,73.12911460432622,60,60,size_60x60_run_006_seed_123,123
17.8330506395597,73.12911460432622,60,60,size_60x60_run_006_seed_123,123
17.83370672400175,73.13272434175174,60,60,size_60x60_run_006_seed_123,123
17.83464854633803,73.13633310946945,60,60,size_60x60_run_006_seed_123,123
17.83504259935171,73.13994090787,60,60,size_60x60_run_006_seed_123,123
17.835427925396395,73.1435477373439,60,60,size_60x60_run_006_seed_123,123
17.835708393320587,73.14715359828142,60,60,size_60x60_run_006_seed_123,123
17.837721733783564,73.15075849107264,60,60,size_60x60_run_006_seed_123,123
17.837853937586246,73.15436241610739,60,60,size_60x60_run_006_seed_123,123
17.838947996455047,73.15796537377534,60,60,size_60x60_run_006_seed_123,123
17.840759591426593,73.16156736446592,60,60,size_60x60_run_006_seed_123,123
17.84106746097097,73.16516838856836,60,60,size_60x60_run_006_seed_123,123
17.841399495923138,73.16876844647169,60,60,size_60x60_run_006_seed_123,123
17.841808170976986,73.17236753856471,60,60,size_60x60_run_006_seed_123,123
17.84230943955229,73.17596566523605,60,60,size_60x60_run_006_seed_123,123
17.842399432362384,73.17956282687408,60,60,size_60x60_run_006_seed_123,123
17.842848542073245,73.18315902386698,60,60,size_60x60_run_006_seed_123,123
17.843109605592396,73.18675425660275,60,60,size_60x60_run_006_seed_123,123
17.84333270217235,73.19034852546918,60,60,size_60x60_run_006_seed_123,123
17.843610176189614,73.19394183085377,60,60,size_60x60_run_006_seed_123,123
17.84384685989018,73.19753417314394,60,60,size_60x60_run_006_seed_123,123
17.8439321091896,73.2011255527268,60,60,size_60x60_run_006_seed_123,123
17.845007049052818,73.2011255527268,60,60,size_60x60_run_006_seed_123,123
17.845615820718066,73.20471596998928,60,60,size_60x60_run_006_seed_123,123
17.84590168172686,73.20471596998928,60,60,size_60x60_run_006_seed_123,123
17.845957932098393,73.20830542531816,60,60,size_60x60_run_006_seed_123,123
17.84653270613953,73.21189391909992,60,60,size_60x60_run_006_seed_123,123
17.846551255823204,73.2154814517209,60,60,size_60x60_run_006_seed_123,123
17.84681119049765,73.21906802356722,60,60,size_60x60_run_006_seed_123,123
17.84683025158255,73.22265363502477,60,60,size_60x60_run_006_seed_123,123
17.846874504282813,73.22623828647924,60,60,size_60x60_run_006_seed_123,123
17.846949096588308,73.22982197831615,60,60,size_60x60_run_006_seed_123,123
17.84697973561435,73.23340471092077,60,60,size_60x60_run_006_seed_123,123
17.847040992040633,73.23698648467818,60,60,size_60x60_run_006_seed_123,123
17.847138018213634,73.24056729997324,60,60,size_60x60_run_006_seed_123,123
17.847501869405324,73.24414715719062,60,60,size_60x60_run_006_seed_123,123
17.847667590097245,73.24772605671482,60,60,size_60x60_run_006_seed_123,123
17.847733799326615,73.25130399893006,60,60,size_60x60_run_006_seed_123,123
17.847864966950002,73.25488098422038,60,60,size_60x60_run_006_seed_123,123
17.848263166963793,73.25845701296964,60,60,size_60x60_run_006_seed_123,123
17.848693047425133,73.2620320855615,60,60,size_60x60_run_006_seed_123,123
17.848849194850217,73.26560620237936,60,60,size_60x60_run_006_seed_123,123
17.849216859674424,73.26917936380647,60,60,size_60x60_run_006_seed_123,123
17.849250992338845,73.27275157022585,60,60,size_60x60_run_006_seed_123,123
17.849554196322288,73.27632282202032,60,60,size_60x60_run_006_seed_123,123
17.849920489206024,73.27989311957248,60,60,size_60x60_run_006_seed_123,123
17.85051883106382,73.28346246326475,60,60,size_60x60_run_006_seed_123,123
17.850665885409807,73.28703085347937,60,60,size_60x60_run_006_seed_123,123
17.85123539208816,73.29059829059828,60,60,size_60x60_run_006_seed_123,123
17.85178553977347,73.29416477500334,60,60,size_60x60_run_006_seed_123,123
17.852098952828868,73.29773030707611,60,60,size_60x60_run_006_seed_123,123
17.852439410487605,73.29773030707611,60,60,size_60x60_run_006_seed_123,123
17.852558046290536,73.29773030707611,60,60,size_60x60_run_006_seed_123,123
17.854040996167026,73.30129488719798,60,60,size_60x60_run_006_seed_123,123
17.85404522781468,73.30485851575014,60,60,size_60x60_run_006_seed_123,123
17.854262637316236,73.30842119311357,60,60,size_60x60_run_006_seed_123,123
17.85438963028915,73.31198291966908,60,60,size_60x60_run_006_seed_123,123
17.855083048694986,73.3155436957972,60,60,size_60x60_run_006_seed_123,123
17.855775807964324,73.31910352187833,60,60,size_60x60_run_006_seed_123,123
17.855814650087225,73.32266239829265,60,60,size_60x60_run_006_seed_123,123
17.855954311731992,73.32622032542011,60,60,size_60x60_run_006_seed_123,123
17.85612235669076,73.32977730364048,60,60,size_60x60_run_006_seed_123,123
17.85939747033829,73.33333333333333,60,60,size_60x60_run_006_seed_123,123
17.860471811958586,73.33688841487802,60,60,size_60x60_run_006_seed_123,123
17.860584754846215,73.3404425486537,60,60,size_60x60_run_006_seed_123,123
17.860814501881023,73.34399573503931,60,60,size_60x60_run_006_seed_123,123
17.861134442497953,73.34754797441366,60,60,size_60x60_run_006_seed_123,123
17.861241342306382,73.35109926715523,60,60,size_60x60_run_006_seed_123,123
17.86161850108735,73.35109926715523,60,60,size_60x60_run_006_seed_123,123
17.86280968262172,73.35464961364242,60,60,size_60x60_run_006_seed_123,123
17.862926266683573,73.35819901425337,60,60,size_60x60_run_006_seed_123,123
17.862982074368905,73.36174746936601,60,60,size_60x60_run_006_seed_123,123
17.863988106716633,73.36529497935811,60,60,size_60x60_run_006_seed_123,123
17.864676272055867,73.36884154460719,60,60,size_60x60_run_006_seed_123,123
17.865869836404894,73.37238716549062,60,60,size_60x60_run_006_seed_123,123
17.866148279538706,73.37593184238551,60,60,size_60x60_run_006_seed_123,123
17.866416540136832,73.37593184238551,60,60,size_60x60_run_006_seed_123,123
17.866507219559832,73.37947557566883,60,60,size_60x60_run_006_seed_123,123
17.867198445911303,73.38301836571732,60,60,size_60x60_run_006_seed_123,123
17.867812958296692,73.38656021290751,60,60,size_60x60_run_006_seed_123,123
17.867843281002926,73.39010111761576,60,60,size_60x60_run_006_seed_123,123
17.86855910512907,73.39364108021817,60,60,size_60x60_run_006_seed_123,123
17.869200137720057,73.39718010109073,60,60,size_60x60_run_006_seed_123,123
17.870136876453277,73.40071818060913,60,60,size_60x60_run_006_seed_123,123
17.870351050693607,73.40425531914893,60,60,size_60x60_run_006_seed_123,123
17.87051001824857,73.4077915170855,60,60,size_60x60_run_006_seed_123,123
17.870804356179278,73.41132677479393,60,60,size_60x60_run_006_seed_123,123
17.871068058354037,73.4148610926492,60,60,size_60x60_run_006_seed_123,123
17.87120479887608,73.41839447102605,60,60,size_60x60_run_006_seed_123,123
17.871739074193627,73.421926910299,60,60,size_60x60_run_006_seed_123,123
17.871800512205937,73.42545841084241,60,60,size_60x60_run_006_seed_123,123
17.872010426478965,73.42898897303043,60,60,size_60x60_run_006_seed_123,123
17.87218721828547,73.43251859723698,60,60,size_60x60_run_006_seed_123,123
17.873794362632,73.43604728383583,60,60,size_60x60_run_006_seed_123,123
17.873999292560057,73.43957503320053,60,60,size_60x60_run_006_seed_123,123
17.874947662553673,73.44310184570442,60,60,size_60x60_run_006_seed_123,123
17.875038951573504,73.44662772172066,60,60,size_60x60_run_006_seed_123,123
17.875991655148002,73.4501526616222,60,60,size_60x60_run_006_seed_123,123
17.876454959473076,73.45367666578179,60,60,size_60x60_run_006_seed_123,123
17.87662251185936,73.457199734572,60,60,size_60x60_run_006_seed_123,123
17.8770028481716,73.46072186836517,60,60,size_60x60_run_006_seed_123,123
17.878189647365133,73.4642430675335,60,60,size_60x60_run_006_seed_123,123
17.878439620025357,73.46776333244892,60,60,size_60x60_run_006_seed_123,123
17.87844445805232,73.47128266348322,60,60,size_60x60_run_006_seed_123,123
17.87858689655125,73.47128266348322,60,60,size_60x60_run_006_seed_123,123
17.87859321169282,73.47480106100795,60,60,size_60x60_run_006_seed_123,123
17.878629071950225,73.47831852539451,60,60,size_60x60_run_006_seed_123,123
17.879437275579285,73.48183505701405,60,60,size_60x60_run_006_seed_123,123
17.880144606630175,73.48535065623757,60,60,size_60x60_run_006_seed_123,123
17.88071004635094,73.48886532343585,60,60,size_60x60_run_006_seed_123,123
17.880964221412533,73.49237905897945,60,60,size_60x60_run_006_seed_123,123
17.881344349941784,73.49589186323881,60,60,size_60x60_run_006_seed_123,123
17.881402896648282,73.49940373658407,60,60,size_60x60_run_006_seed_123,123
17.88142746573904,73.50291467938527,60,60,size_60x60_run_006_seed_123,123
17.881621785057384,73.50642469201219,60,60,size_60x60_run_006_seed_123,123
17.881770603789793,73.50993377483444,60,60,size_60x60_run_006_seed_123,123
17.88181603398338,73.51344192822143,60,60,size_60x60_run_006_seed_123,123
17.882051585467668,73.51694915254238,60,60,size_60x60_run_006_seed_123,123
17.882126005835914,73.52045544816629,60,60,size_60x60_run_006_seed_123,123
17.882660926872376,73.523960815462,60,60,size_60x60_run_006_seed_123,123
17.883092288185047,73.52746525479816,60,60,size_60x60_run_006_seed_123,123
17.883249540139847,73.53096876654315,60,60,size_60x60_run_006_seed_123,123
17.883582742891782,73.53447135106524,60,60,size_60x60_run_006_seed_123,123
17.88400349055168,73.53797300873246,60,60,size_60x60_run_006_seed_123,123
17.884489825762742,73.54147373991269,60,60,size_60x60_run_006_seed_123,123
17.884682232227775,73.54497354497354,60,60,size_60x60_run_006_seed_123,123
17.885086865977268,73.54847242428251,60,60,size_60x60_run_006_seed_123,123
17.885519295901116,73.55197037820682,60,60,size_60x60_run_006_seed_123,123
17.885561156743,73.55197037820682,60,60,size_60x60_run_006_seed_123,123
17.886276390927737,73.55546740711358,60,60,size_60x60_run_006_seed_123,123
17.886591762746157,73.55896351136964,60,60,size_60x60_run_006_seed_123,123
17.88667400260369,73.55896351136964,60,60,size_60x60_run_006_seed_123,123
17.886938459770633,73.55896351136964,60,60,size_60x60_run_006_seed_123,123
17.88706928840084,73.5624586913417,60,60,size_60x60_run_006_seed_123,123
17.887268608302325,73.5624586913417,60,60,size_60x60_run_006_seed_123,123
17.887310292770653,73.56595294739626,60,60,size_60x60_run_006_seed_123,123
17.887438649908145,73.56944627989957,60,60,size_60x60_run_006_seed_123,123
17.887502290710877,73.57293868921776,60,60,size_60x60_run_006_seed_123,123
17.88811222322644,73.57643017571674,60,60,size_60x60_run_006_seed_123,123
17.888473448757995,73.57992073976222,60,60,size_60x60_run_006_seed_123,123
17.88855659897865,73.58341038171972,60,60,size_60x60_run_006_seed_123,123
17.888754509128148,73.58689910195457,60,60,size_60x60_run_006_seed_123,123
17.88877140119646,73.5903869008319,60,60,size_60x60_run_006_seed_123,123
17.88881264755869,73.59387377871667,60,60,size_60x60_run_006_seed_123,123
17.889639176960706,73.5973597359736,60,60,size_60x60_run_006_seed_123,123
17.889979362675803,73.60084477296726,60,60,size_60x60_run_006_seed_123,123
17.89016825919488,73.60084477296726,60,60,size_60x60_run_006_seed_123,123
17.89043050481367,73.60432889006204,60,60,size_60x60_run_006_seed_123,123
17.89052015779574,73.60781208762207,60,60,size_60x60_run_006_seed_123,123
17.890613659003296,73.61129436601135,60,60,size_60x60_run_006_seed_123,123
17.891008936678265,73.61477572559367,60,60,size_60x60_run_006_seed_123,123
17.891686665361235,73.61825616673262,60,60,size_60x60_run_006_seed_123,123
17.89248472316226,73.6217356897916,60,60,size_60x60_run_006_seed_123,123
17.892635635878555,73.62521429513386,60,60,size_60x60_run_006_seed_123,123
17.89293378230186,73.62869198312237,60,60,size_60x60_run_006_seed_123,123
17.89319755326224,73.63216875411997,60,60,size_60x60_run_006_seed_123,123
17.893305077809345,73.63564460848933,60,60,size_60x60_run_006_seed_123,123
17.893592019443656,73.63911954659285,60,60,size_60x60_run_006_seed_123,123
17.893673733066443,73.64259356879283,60,60,size_60x60_run_006_seed_123,123
17.893800090826407,73.64606667545132,60,60,size_60x60_run_006_seed_123,123
17.894195472762295,73.64953886693017,60,60,size_60x60_run_006_seed_123,123
17.89494810962055,73.65301014359109,60,60,size_60x60_run_006_seed_123,123
17.8950013353048,73.65648050579557,60,60,size_60x60_run_006_seed_123,123
17.895126070129784,73.65994995390491,60,60,size_60x60_run_006_seed_123,123
17.895984783758628,73.66341848828021,60,60,size_60x60_run_006_seed_123,123
17.89638295216435,73.66688610928243,60,60,size_60x60_run_006_seed_123,123
17.896708928873377,73.67035281727225,60,60,size_60x60_run_006_seed_123,123
17.896847467064486,73.67381861261025,60,60,size_60x60_run_006_seed_123,123
17.896893838604974,73.67728349565675,60,60,size_60x60_run_006_seed_123,123
17.897306778670675,73.68074746677195,60,60,size_60x60_run_006_seed_123,123
17.897366598719714,73.68421052631578,60,60,size_60x60_run_006_seed_123,123
17.89739697713382,73.68767267464807,60,60,size_60x60_run_006_seed_123,123
17.89788377384615,73.6911339121284,60,60,size_60x60_run_006_seed_123,123
17.898366635495197,73.69459423911614,60,60,size_60x60_run_006_seed_123,123
17.898759003300793,73.69805365597054,60,60,size_60x60_run_006_seed_123,123
17.899465899879456,73.70151216305062,60,60,size_60x60_run_006_seed_123,123
17.90161494173253,73.70496976071522,60,60,size_60x60_run_006_seed_123,123
17.901935635084715,73.708426449323,60,60,size_60x60_run_006_seed_123,123
17.90246143450134,73.71188222923239,60,60,size_60x60_run_006_seed_123,123
17.90293788149883,73.71533710080168,60,60,size_60x60_run_006_seed_123,123
17.903253451261236,73.71879106438897,60,60,size_60x60_run_006_seed_123,123
17.903328917009762,73.72224412035212,60,60,size_60x60_run_006_seed_123,123
17.903491516410824,73.72569626904887,60,60,size_60x60_run_006_seed_123,123
17.90408845640413,73.72914751083673,60,60,size_60x60_run_006_seed_123,123
17.904663931449058,73.73259784607302,60,60,size_60x60_run_006_seed_123,123
17.90476567994899,73.7360472751149,60,60,size_60x60_run_006_seed_123,123
17.904877863025344,73.73949579831933,60,60,size_60x60_run_006_seed_123,123
17.905122047502598,73.74294341604306,60,60,size_60x60_run_006_seed_123,123
17.905314898354156,73.74639012864269,60,60,size_60x60_run_006_seed_123,123
17.905799205398136,73.74983593647461,60,60,size_60x60_run_006_seed_123,123
17.906481432264695,73.75328083989501,60,60,size_60x60_run_006_seed_123,123
17.90664317900046,73.75672483925993,60,60,size_60x60_run_006_seed_123,123
17.90685219836767,73.76016793492522,60,60,size_60x60_run_006_seed_123,123
17.908269716821692,73.7636101272465,60,60,size_60x60_run_006_seed_123,123
17.90836153293109,73.76705141657922,60,60,size_60x60_run_006_seed_123,123
17.908564853390253,73.77049180327869,60,60,size_60x60_run_006_seed_123,123
17.909885300160475,73.77393128769998,60,60,size_60x60_run_006_seed_123,123
17.910079739221885,73.77736987019799,60,60,size_60x60_run_006_seed_123,123
17.910294947804122,73.78080755112742,60,60,size_60x60_run_006_seed_123,123
17.91033812830118,73.78424433084284,60,60,size_60x60_run_006_seed_123,123
17.910583234658663,73.78424433084284,60,60,size_60x60_run_006_seed_123,123
17.91058891765845,73.78768020969856,60,60,size_60x60_run_006_seed_123,123
17.91092280168795,73.79111518804875,60,60,size_60x60_run_006_seed_123,123
17.911184638241593,73.79454926624737,60,60,size_60x60_run_006_seed_123,123
17.91126730540977,73.79798244464824,60,60,size_60x60_run_006_seed_123,123
17.91156165366884,73.80141472360494,60,60,size_60x60_run_006_seed_123,123
17.911774134824437,73.80484610347085,60,60,size_60x60_run_006_seed_123,123
17.911876525221466,73.80827658459927,60,60,size_60x60_run_006_seed_123,123
17.9119074299853,73.81170616734319,60,60,size_60x60_run_006_seed_123,123
17.912616447564254,73.81513485205551,60,60,size_60x60_run_006_seed_123,123
17.91366822114624,73.81856263908888,60,60,size_60x60_run_006_seed_123,123
17.91368399351816,73.82198952879581,60,60,size_60x60_run_006_seed_123,123
17.91375366078936,73.8254155215286,60,60,size_60x60_run_006_seed_123,123
17.913783803750658,73.82884061763936,60,60,size_60x60_run_006_seed_123,123
17.914046199564375,73.83226481748004,60,60,size_60x60_run_006_seed_123,123
17.91503061114083,73.83568812140241,60,60,size_60x60_run_006_seed_123,123
17.915719633354776,73.83568812140241,60,60,size_60x60_run_006_seed_123,123
17.91644261861035,73.83911052975802,60,60,size_60x60_run_006_seed_123,123
17.916546913745147,73.84253204289824,60,60,size_60x60_run_006_seed_123,123
17.916604672240688,73.84595266117432,60,60,size_60x60_run_006_seed_123,123
17.91681821530078,73.84937238493724,60,60,size_60x60_run_006_seed_123,123
17.917908925591057,73.85279121453785,60,60,size_60x60_run_006_seed_123,123
17.917971124703122,73.8562091503268,60,60,size_60x60_run_006_seed_123,123
17.918335991500097,73.85962619265456,60,60,size_60x60_run_006_seed_123,123
17.919389236276086,73.8630423418714,60,60,size_60x60_run_006_seed_123,123
17.920106745856927,73.86645759832746,60,60,size_60x60_run_006_seed_123,123
17.920697204676692,73.86987196237261,60,60,size_60x60_run_006_seed_123,123
17.921302184365125,73.87328543435663,60,60,size_60x60_run_006_seed_123,123
17.921459460025446,73.87669801462906,60,60,size_60x60_run_006_seed_123,123
17.92180886260403,73.88010970353925,60,60,size_60x60_run_006_seed_123,123
17.92221446586523,73.88352050143641,60,60,size_60x60_run_006_seed_123,123
17.922277169571792,73.88693040866954,60,60,size_60x60_run_006_seed_123,123
17.922554501740727,73.89033942558747,60,60,size_60x60_run_006_seed_123,123
17.92331072130118,73.89374755253884,60,60,size_60x60_run_006_seed_123,123
17.923469101696536,73.8971547898721,60,60,size_60x60_run_006_seed_123,123
17.924188224127473,73.90056113793554,60,60,size_60x60_run_006_seed_123,123
17.924927283903063,73.90396659707724,60,60,size_60x60_run_006_seed_123,123
17.925206860799367,73.90737116764514,60,60,size_60x60_run_006_seed_123,123
17.925612473747655,73.91077484998696,60,60,size_60x60_run_006_seed_123,123
17.92584573422714,73.91417764445023,60,60,size_60x60_run_006_seed_123,123
17.925881047277876,73.91757955138237,60,60,size_60x60_run_006_seed_123,123
17.926798783344825,73.92098057113053,60,60,size_60x60_run_006_seed_123,123
17.926821079372253,73.92438070404172,60,60,size_60x60_run_006_seed_123,123
17.92701654498756,73.92777995046278,60,60,size_60x60_run_006_seed_123,123
17.927208233306573,73.93117831074035,60,60,size_60x60_run_006_seed_123,123
17.927950749691462,73.9345757852209,60,60,size_60x60_run_006_seed_123,123
17.928383437597937,73.93797237425072,60,60,size_60x60_run_006_seed_123,123
17.92848285905148,73.9413680781759,60,60,size_60x60_run_006_seed_123,123
17.928557226870094,73.94476289734236,60,60,size_60x60_run_006_seed_123,123
17.928566999953286,73.94815683209586,60,60,size_60x60_run_006_seed_123,123
17.928988782267957,73.95154988278198,60,60,size_60x60_run_006_seed_123,123
17.92993694143856,73.95494204974607,60,60,size_60x60_run_006_seed_123,123
17.930402256036007,73.95833333333334,60,60,size_60x60_run_006_seed_123,123
17.93134485869069,73.96172373388882,60,60,size_60x60_run_006_seed_123,123
17.931383100591923,73.96511325175736,60,60,size_60x60_run_006_seed_123,123
17.932105331455283,73.96850188728361,60,60,size_60x60_run_006_seed_123,123
17.93262027674771,73.97188964081207,60,60,size_60x60_run_006_seed_123,123
17.9331076952573,73.97527651268705,60,60,size_60x60_run_006_seed_123,123
17.933768963184505,73.97866250325266,60,60,size_60x60_run_006_seed_123,123
17.93474582688718,73.98204761285287,60,60,size_60x60_run_006_seed_123,123
17.936936202240876,73.98543184183143,60,60,size_60x60_run_006_seed_123,123
17.93708178037552,73.98881519053194,60,60,size_60x60_run_006_seed_123,123
17.93715521225228,73.99219765929779,60,60,size_60x60_run_006_seed_123,123
17.937674087694,73.99557924847224,60,60,size_60x60_run_006_seed_123,123
17.93819491836903,73.99895995839833,60,60,size_60x60_run_006_seed_123,123
17.938209627993768,73.99895995839833,60,60,size_60x60_run_006_seed_123,123
17.938624561901086,74.00233978941895,60,60,size_60x60_run_006_seed_123,123
17.938886686667594,74.00571874187679,60,60,size_60x60_run_006_seed_123,123
17.939082231029687,74.00909681611436,60,60,size_60x60_run_006_seed_123,123
17.93934367833828,74.01247401247402,60,60,size_60x60_run_006_seed_123,123
17.939641734998364,74.01585033129791,60,60,size_60x60_run_006_seed_123,123
17.939708527474792,74.01922577292804,60,60,size_60x60_run_006_seed_123,123
17.939897642021744,74.0226003377062,60,60,size_60x60_run_006_seed_123,123
17.93991089643982,74.02597402597402,60,60,size_60x60_run_006_seed_123,123
17.94033964858135,74.02934683807297,60,60,size_60x60_run_006_seed_123,123
17.940405981770535,74.03271877434433,60,60,size_60x60_run_006_seed_123,123
17.940436429663727,74.03608983512918,60,60,size_60x60_run_006_seed_123,123
17.940571220978704,74.03946002076843,60,60,size_60x60_run_006_seed_123,123
17.94094432483441,74.04282933160286,60,60,size_60x60_run_006_seed_123,123
17.94097174584704,74.04619776797301,60,60,size_60x60_run_006_seed_123,123
17.941122091518505,74.04956533021928,60,60,size_60x60_run_006_seed_123,123
17.941489236381887,74.0529320186819,60,60,size_60x60_run_006_seed_123,123
17.942424506275334,74.05629783370087,60,60,size_60x60_run_006_seed_123,123
17.942432787889306,74.05966277561609,60,60,size_60x60_run_006_seed_123,123
17.9433307057823,74.06302684476721,60,60,size_60x60_run_006_seed_123,123
17.94333699490379,74.06639004149378,60,60,size_60x60_run_006_seed_123,123
17.943931574398185,74.0697523661351,60,60,size_60x60_run_006_seed_123,123
17.943972906566383,74.07311381903034,60,60,size_60x60_run_006_seed_123,123
17.944326864683564,74.07647440051846,60,60,size_60x60_run_006_seed_123,123
17.94472473990244,74.07983411093831,60,60,size_60x60_run_006_seed_123,123
17.945035092044527,74.08319295062849,60,60,size_60x60_run_006_seed_123,123
17.94572305312545,74.08655091992745,60,60,size_60x60_run_006_seed_123,123
17.94590630011786,74.08990801917346,60,60,size_60x60_run_006_seed_123,123
17.94652681672047,74.09326424870466,60,60,size_60x60_run_006_seed_123,123
17.946579024669447,74.09661960885896,60,60,size_60x60_run_006_seed_123,123
17.94665646528866,74.09997409997409,60,60,size_60x60_run_006_seed_123,123
17.946759800601495,74.10332772238768,60,60,size_60x60_run_006_seed_123,123
17.947078498390454,74.10668047643708,60,60,size_60x60_run_006_seed_123,123
17.94744923060599,74.11003236245955,60,60,size_60x60_run_006_seed_123,123
17.947642665660855,74.11338338079213,60,60,size_60x60_run_006_seed_123,123
17.9479589611497,74.1167335317717,60,60,size_60x60_run_006_seed_123,123
17.948159481653605,74.12008281573499,60,60,size_60x60_run_006_seed_123,123
17.948200405992612,74.1234312330185,60,60,size_60x60_run_006_seed_123,123
17.948772346217847,74.1267787839586,60,60,size_60x60_run_006_seed_123,123
17.949255972781593,74.13012546889148,60,60,size_60x60_run_006_seed_123,123
17.94940757634606,74.13347128815313,60,60,size_60x60_run_006_seed_123,123
17.949623046714493,74.13681624207939,60,60,size_60x60_run_006_seed_123,123
17.949646892597407,74.14016033100594,60,60,size_60x60_run_006_seed_123,123
17.950140458028713,74.14350355526827,60,60,size_60x60_run_006_seed_123,123
17.95073961088636,74.14684591520165,60,60,size_60x60_run_006_seed_123,123
17.950875063976184,74.15018741114126,60,60,size_60x60_run_006_seed_123,123
17.951208950180792,74.15352804342207,60,60,size_60x60_run_006_seed_123,123
17.951932413014607,74.15686781237886,60,60,size_60x60_run_006_seed_123,123
17.953140361141227,74.16020671834626,60,60,size_60x60_run_006_seed_123,123
17.953332567899785,74.1635447616587,60,60,size_60x60_run_006_seed_123,123
17.95433837954568,74.16688194265048,60,60,size_60x60_run_006_seed_123,123
17.954853611546522,74.17021826165569,60,60,size_60x60_run_006_seed_123,123
17.954944002824565,74.17355371900827,60,60,size_60x60_run_006_seed_123,123
17.954988155031458,74.17688831504196,60,60,size_60x60_run_006_seed_123,123
17.955099899345946,74.18022205009038,60,60,size_60x60_run_006_seed_123,123
17.955100469233606,74.1835549244869,60,60,size_60x60_run_006_seed_123,123
17.95617537166883,74.18688693856478,60,60,size_60x60_run_006_seed_123,123
17.956727715106556,74.19021809265712,60,60,size_60x60_run_006_seed_123,123
17.956780029676978,74.19354838709677,60,60,size_60x60_run_006_seed_123,123
17.957387594065708,74.19687782221649,60,60,size_60x60_run_006_seed_123,123
17.957730743621244,74.20020639834881,60,60,size_60x60_run_006_seed_123,123
17.958040671747867,74.20353411582613,60,60,size_60x60_run_006_seed_123,123
17.958056568256424,74.20686097498066,60,60,size_60x60_run_006_seed_123,123
17.958747070339193,74.21018697614443,60,60,size_60x60_run_006_seed_123,123
17.959026207999223,74.21351211964931,60,60,size_60x60_run_006_seed_123,123
17.95911895825085,74.216836405827,60,60,size_60x60_run_006_seed_123,123
17.959174840453585,74.22015983500903,60,60,size_60x60_run_006_seed_123,123
17.959632322647636,74.22348240752675,60,60,size_60x60_run_006_seed_123,123
17.960178372650052,74.22680412371135,60,60,size_60x60_run_006_seed_123,123
17.9605979644895,74.23012498389383,60,60,size_60x60_run_006_seed_123,123
17.961817092107275,74.23344498840505,60,60,size_60x60_run_006_seed_123,123
17.96260820903944,74.23676413757569,60,60,size_60x60_run_006_seed_123,123
17.962711898957725,74.24008243173623,60,60,size_60x60_run_006_seed_123,123
17.963637623676007,74.243399871217,60,60,size_60x60_run_006_seed_123,123
17.96385175947668,74.24671645634818,60,60,size_60x60_run_006_seed_123,123
17.96429022658177,74.25003218745977,60,60,size_60x60_run_006_seed_123,123
17.965150265592037,74.25334706488157,60,60,size_60x60_run_006_seed_123,123
17.96623454675434,74.25666108894323,60,60,size_60x60_run_006_seed_123,123
17.966300382631733,74.25997425997426,60,60,size_60x60_run_006_seed_123,123
17.966381301463265,74.26328657830396,60,60,size_60x60_run_006_seed_123,123
17.96814026796201,74.26659804426146,60,60,size_60x60_run_006_seed_123,123
17.968169718652963,74.26990865817574,60,60,size_60x60_run_006_seed_123,123
17.969408066165247,74.27321842037561,60,60,size_60x60_run_006_seed_123,123
17.970011785498297,74.27652733118971,60,60,size_60x60_run_006_seed_123,123
17.970472047275784,74.2798353909465,60,60,size_60x60_run_006_seed_123,123
17.970749809624085,74.28314259997428,60,60,size_60x60_run_006_seed_123,123
17.97092956683763,74.28644895860118,60,60,size_60x60_run_006_seed_123,123
17.970976219501466,74.28975446715516,60,60,size_60x60_run_006_seed_123,123
17.97247439607075,74.293059125964,60,60,size_60x60_run_006_seed_123,123
17.972729618207815,74.29636293535535,60,60,size_60x60_run_006_seed_123,123
17.972782962234067,74.29966589565664,60,60,size_60x60_run_006_seed_123,123
17.97289025750644,74.30296800719518,60,60,size_60x60_run_006_seed_123,123
17.973496197219806,74.30626927029805,60,60,size_60x60_run_006_seed_123,123
17.97422224735957,74.30956968529223,60,60,size_60x60_run_006_seed_123,123
17.97432750023277,74.3128692525045,60,60,size_60x60_run_006_seed_123,123
17.974661936905594,74.31616797226145,60,60,size_60x60_run_006_seed_123,123
17.97492998153676,74.31946584488958,60,60,size_60x60_run_006_seed_123,123
17.975402390304147,74.32276287071511,60,60,size_60x60_run_006_seed_123,123
17.975993068152416,74.32605905006419,60,60,size_60x60_run_006_seed_123,123
17.976721186562216,74.32935438326274,60,60,size_60x60_run_006_seed_123,123
17.976839626084182,74.33264887063655,60,60,size_60x60_run_006_seed_123,123
17.97731256501112,74.33594251251124,60,60,size_60x60_run_006_seed_123,123
17.977496317824944,74.33923530921221,60,60,size_60x60_run_006_seed_123,123
17.978188602849713,74.34252726106479,60,60,size_60x60_run_006_seed_123,123
17.97950501224322,74.34581836839405,60,60,size_60x60_run_006_seed_123,123
17.980389941726983,74.34910863152494,60,60,size_60x60_run_006_seed_123,123
17.980504284499947,74.35239805078226,60,60,size_60x60_run_006_seed_123,123
17.98093779838454,74.35568662649058,60,60,size_60x60_run_006_seed_123,123
17.980984732524036,74.35897435897436,60,60,size_60x60_run_006_seed_123,123
17.981098689750006,74.36226124855789,60,60,size_60x60_run_006_seed_123,123
17.98128090715328,74.36554729556524,60,60,size_60x60_run_006_seed_123,123
17.98183219850079,74.3688325003204,60,60,size_60x60_run_006_seed_123,123
17.98205158740618,74.37211686314711,60,60,size_60x60_run_006_seed_123,123
17.983188352978733,74.375400384369,60,60,size_60x60_run_006_seed_123,123
17.983331775961304,74.3786830643095,60,60,size_60x60_run_006_seed_123,123
17.983677981924306,74.38196490329192,60,60,size_60x60_run_006_seed_123,123
17.98382428087084,74.38524590163934,60,60,size_60x60_run_006_seed_123,123
17.984107875397196,74.38852605967473,60,60,size_60x60_run_006_seed_123,123
17.984714951617185,74.39180537772087,60,60,size_60x60_run_006_seed_123,123
17.984838217113936,74.39508385610037,60,60,size_60x60_run_006_seed_123,123
17.98497810186641,74.39836149513569,60,60,size_60x60_run_006_seed_123,123
17.985008073874205,74.40163829514911,60,60,size_60x60_run_006_seed_123,123
17.98522709017999,74.40491425646276,60,60,size_60x60_run_006_seed_123,123
17.985258511002915,74.40818937939859,60,60,size_60x60_run_006_seed_123,123
17.986431453542984,74.4114636642784,60,60,size_60x60_run_006_seed_123,123
17.98768093193143,74.41473711142382,60,60,size_60x60_run_006_seed_123,123
17.9883696236727,74.41800972115631,60,60,size_60x60_run_006_seed_123,123
17.989328988414556,74.42128149379717,60,60,size_60x60_run_006_seed_123,123
17.989432115186574,74.42455242966753,60,60,size_60x60_run_006_seed_123,123
17.989520356898556,74.42782252908835,60,60,size_60x60_run_006_seed_123,123
17.990524644107715,74.43109179238047,60,60,size_60x60_run_006_seed_123,123
17.990684469532596,74.4343602198645,60,60,size_60x60_run_006_seed_123,123
17.991043904568116,74.43762781186093,60,60,size_60x60_run_006_seed_123,123
17.991236359823837,74.43762781186093,60,60,size_60x60_run_006_seed_123,123
17.99125606594664,74.4408945686901,60,60,size_60x60_run_006_seed_123,123
17.99159750481139,74.44416049067212,60,60,size_60x60_run_006_seed_123,123
17.991906195460516,74.447425578127,60,60,size_60x60_run_006_seed_123,123
17.992342447009566,74.45068983137455,60,60,size_60x60_run_006_seed_123,123
17.992725194896373,74.45395325073446,60,60,size_60x60_run_006_seed_123,123
17.9935155308754,74.45721583652617,60,60,size_60x60_run_006_seed_123,123
17.99380058837265,74.46047758906909,60,60,size_60x60_run_006_seed_123,123
17.994600987763338,74.46373850868233,60,60,size_60x60_run_006_seed_123,123
17.994772767819278,74.46699859568491,60,60,size_60x60_run_006_seed_123,123
17.9950282203448,74.47025785039571,60,60,size_60x60_run_006_seed_123,123
17.995864093053015,74.47351627313338,60,60,size_60x60_run_006_seed_123,123
17.996164444289754,74.47677386421644,60,60,size_60x60_run_006_seed_123,123
17.996549370642406,74.48003062396326,60,60,size_60x60_run_006_seed_123,123
17.997344998722905,74.48328655269202,60,60,size_60x60_run_006_seed_123,123
17.99739157916121,74.48654165072075,60,60,size_60x60_run_006_seed_123,123
17.99795212468374,74.48979591836735,60,60,size_60x60_run_006_seed_123,123
17.998153173527232,74.4930493559495,60,60,size_60x60_run_006_seed_123,123
17.99819797982092,74.49630196378475,60,60,size_60x60_run_006_seed_123,123
17.999081188841483,74.49955374219049,60,60,size_60x60_run_006_seed_123,123
17.999590050698473,74.50280469148393,60,60,size_60x60_run_006_seed_123,123
18.000837602972666,74.50605481198215,60,60,size_60x60_run_006_seed_123,123
18.00132947262431,74.50930410400204,60,60,size_60x60_run_006_seed_123,123
18.001411115761133,74.51255256786033,60,60,size_60x60_run_006_seed_123,123
18.00179258502366,74.5158002038736,60,60,size_60x60_run_006_seed_123,123
18.002659808955254,74.51904701235826,60,60,size_60x60_run_006_seed_123,123
18.00295157597245,74.52229299363057,60,60,size_60x60_run_006_seed_123,123
18.003032717618435,74.52553814800662,60,60,size_60x60_run_006_seed_123,123
18.00307609517839,74.52878247580234,60,60,size_60x60_run_006_seed_123,123
18.003388436740934,74.5320259773335,60,60,size_60x60_run_006_seed_123,123
18.00340191861931,74.5352686529157,60,60,size_60x60_run_006_seed_123,123
18.004060749411853,74.53851050286443,60,60,size_60x60_run_006_seed_123,123
18.004114290338755,74.54175152749491,60,60,size_60x60_run_006_seed_123,123
18.004725053830995,74.54499172712231,60,60,size_60x60_run_006_seed_123,123
18.00481864514661,74.54823110206159,60,60,size_60x60_run_006_seed_123,123
18.005192100640805,74.55146965262756,60,60,size_60x60_run_006_seed_123,123
18.005533607908312,74.55470737913485,60,60,size_60x60_run_006_seed_123,123
18.006710297615108,74.55794428189797,60,60,size_60x60_run_006_seed_123,123
18.007376875294838,74.56118036123124,60,60,size_60x60_run_006_seed_123,123
18.00761807779194,74.56441561744882,60,60,size_60x60_run_006_seed_123,123
18.009009279351393,74.5676500508647,60,60,size_60x60_run_006_seed_123,123
18.00960326455779,74.57088366179275,60,60,size_60x60_run_006_seed_123,123
18.010603478485113,74.57088366179275,60,60,size_60x60_run_006_seed_123,123
18.01069007718997,74.57411645054665,60,60,size_60x60_run_006_seed_123,123
18.010856751969968,74.57734841743994,60,60,size_60x60_run_006_seed_123,123
18.01099614961133,74.58057956278597,60,60,size_60x60_run_006_seed_123,123
18.011178010810955,74.58380988689795,60,60,size_60x60_run_006_seed_123,123
18.01150952479196,74.58703939008895,60,60,size_60x60_run_006_seed_123,123
18.011752607970877,74.59026807267183,60,60,size_60x60_run_006_seed_123,123
18.01186330577995,74.59349593495935,60,60,size_60x60_run_006_seed_123,123
18.012204556527433,74.59672297726406,60,60,size_60x60_run_006_seed_123,123
18.012267546058904,74.59994919989839,60,60,size_60x60_run_006_seed_123,123
18.01253471143643,74.60317460317461,60,60,size_60x60_run_006_seed_123,123
18.012953076322617,74.60639918740478,60,60,size_60x60_run_006_seed_123,123
18.01330239886822,74.60962295290085,60,60,size_60x60_run_006_seed_123,123
18.013426378930923,74.61284589997462,60,60,size_60x60_run_006_seed_123,123
18.013548452677835,74.61606802893769,60,60,size_60x60_run_006_seed_123,123
18.013612971975586,74.61928934010153,60,60,size_60x60_run_006_seed_123,123
18.013686719233526,74.62250983377744,60,60,size_60x60_run_006_seed_123,123
18.013791127442712,74.62572951027659,60,60,size_60x60_run_006_seed_123,123
18.0139124610516,74.62894836990993,60,60,size_60x60_run_006_seed_123,123
18.01610588778889,74.63216641298833,60,60,size_60x60_run_006_seed_123,123
18.01625236759942,74.63538363982245,60,60,size_60x60_run_006_seed_123,123
18.01638691048244,74.6386000507228,60,60,size_60x60_run_006_seed_123,123
18.016713685003456,74.64181564599974,60,60,size_60x60_run_006_seed_123,123
18.016718785150204,74.64503042596348,60,60,size_60x60_run_006_seed_123,123
18.016810231679184,74.64824439092406,60,60,size_60x60_run_006_seed_123,123
18.01701358322667,74.65145754119138,60,60,size_60x60_run_006_seed_123,123
18.01754486168926,74.65466987707515,60,60,size_60x60_run_006_seed_123,123
18.017788823470667,74.65788139888495,60,60,size_60x60_run_006_seed_123,123
18.0186379292981,74.6610921069302,60,60,size_60x60_run_006_seed_123,123
18.02019324593123,74.66430200152014,60,60,size_60x60_run_006_seed_123,123
18.020417962771248,74.6675110829639,60,60,size_60x60_run_006_seed_123,123
18.022025496822334,74.67071935157041,60,60,size_60x60_run_006_seed_123,123
18.022327258257473,74.67392680764847,60,60,size_60x60_run_006_seed_123,123
18.02274535572994,74.6771334515067,60,60,size_60x60_run_006_seed_123,123
18.023118427507598,74.6803392834536,60,60,size_60x60_run_006_seed_123,123
18.023249173199126,74.68354430379746,60,60,size_60x60_run_006_seed_123,123
18.023421377067073,74.68674851284648,60,60,size_60x60_run_006_seed_123,123
18.023788065337268,74.68995191090862,60,60,size_60x60_run_006_seed_123,123
18.023811343725196,74.69315449829179,60,60,size_60x60_run_006_seed_123,123
18.024699388387305,74.69635627530364,60,60,size_60x60_run_006_seed_123,123
18.024709958876596,74.69955724225173,60,60,size_60x60_run_006_seed_123,123
18.026757777434565,74.70275739944347,60,60,size_60x60_run_006_seed_123,123
18.026892203251155,74.70595674718604,60,60,size_60x60_run_006_seed_123,123
18.02809405855988,74.70915528578655,60,60,size_60x60_run_006_seed_123,123
18.028519219102765,74.7123530155519,60,60,size_60x60_run_006_seed_123,123
18.0290816416803,74.71554993678888,60,60,size_60x60_run_006_seed_123,123
18.03003015946769,74.71874604980407,60,60,size_60x60_run_006_seed_123,123
18.031156048715136,74.72194135490395,60,60,size_60x60_run_006_seed_123,123
18.031359899928436,74.7251358523948,60,60,size_60x60_run_006_seed_123,123
18.031562150164188,74.72832954258276,60,60,size_60x60_run_006_seed_123,123
18.031900942888644,74.73152242577385,60,60,size_60x60_run_006_seed_123,123
18.032308606319344,74.73471450227387,60,60,size_60x60_run_006_seed_123,123
18.03230892530744,74.73790577238853,60,60,size_60x60_run_006_seed_123,123
18.032463276437714,74.74109623642335,60,60,size_60x60_run_006_seed_123,123
18.03289960496183,74.74428589468367,60,60,size_60x60_run_006_seed_123,123
18.034089004460277,74.74428589468367,60,60,size_60x60_run_006_seed_123,123
18.034585604351655,74.74747474747475,60,60,size_60x60_run_006_seed_123,123
18.03506931794036,74.75066279510163,60,60,size_60x60_run_006_seed_123,123
18.035233037185368,74.75385003786923,60,60,size_60x60_run_006_seed_123,123
18.03569335305498,74.75703647608229,60,60,size_60x60_run_006_seed_123,123
18.0357417330309,74.76022211004543,60,60,size_60x60_run_006_seed_123,123
18.035877460774344,74.76340694006309,60,60,size_60x60_run_006_seed_123,123
18.036318906366194,74.76659096643957,60,60,size_60x60_run_006_seed_123,123
18.036988934453827,74.769774189479,60,60,size_60x60_run_006_seed_123,123
18.037191892931006,74.77295660948536,60,60,size_60x60_run_006_seed_123,123
18.037395606705754,74.77613822676251,60,60,size_60x60_run_006_seed_123,123
18.03829369042935,74.77613822676251,60,60,size_60x60_run_006_seed_123,123
18.038827416252026,74.77931904161412,60,60,size_60x60_run_006_seed_123,123
18.038911316524743,74.7824990543437,60,60,size_60x60_run_006_seed_123,123
18.038989014980846,74.78567826525466,60,60,size_60x60_run_006_seed_123,123
18.039318389808553,74.78885667465019,60,60,size_60x60_run_006_seed_123,123
18.039656789727523,74.79203428283337,60,60,size_60x60_run_006_seed_123,123
18.039729078563294,74.79521109010712,60,60,size_60x60_run_006_seed_123,123
18.039945725363904,74.79838709677419,60,60,size_60x60_run_006_seed_123,123
18.04061349868759,74.8015623031372,60,60,size_60x60_run_006_seed_123,123
18.040663485199488,74.80473670949861,60,60,size_60x60_run_006_seed_123,123
18.040854651438707,74.80791031616073,60,60,size_60x60_run_006_seed_123,123
18.040985609473104,74.81108312342569,60,60,size_60x60_run_006_seed_123,123
18.04108303926586,74.81425513159552,60,60,size_60x60_run_006_seed_123,123
18.041117379780786,74.81742634097205,60,60,size_60x60_run_006_seed_123,123
18.041242452768095,74.82059675185698,60,60,size_60x60_run_006_seed_123,123
18.041517451041074,74.82376636455186,60,60,size_60x60_run_006_seed_123,123
18.04165416689217,74.82693517935809,60,60,size_60x60_run_006_seed_123,123
18.041775952925978,74.83010319657689,60,60,size_60x60_run_006_seed_123,123
18.04212511890975,74.83327041650938,60,60,size_60x60_run_006_seed_123,123
18.042287460052876,74.83643683945647,60,60,size_60x60_run_006_seed_123,123
18.044737047351987,74.83960246571895,60,60,size_60x60_run_006_seed_123,123
18.044749380002155,74.84276729559748,60,60,size_60x60_run_006_seed_123,123
18.045011282668852,74.84593132939253,60,60,size_60x60_run_006_seed_123,123
18.045095165653603,74.84909456740442,60,60,size_60x60_run_006_seed_123,123
18.04617824108107,74.85225700993335,60,60,size_60x60_run_006_seed_123,123
18.046873639344174,74.85541865727936,60,60,size_60x60_run_006_seed_123,123
18.04697600250608,74.8585795097423,60,60,size_60x60_run_006_seed_123,123
18.04804966737041,74.86173956762192,60,60,size_60x60_run_006_seed_123,123
18.049881002086966,74.8648988312178,60,60,size_60x60_run_006_seed_123,123
18.05155670954577,74.86805730082935,60,60,size_60x60_run_006_seed_123,123
18.052135423168664,74.86805730082935,60,60,size_60x60_run_006_seed_123,123
18.052660535694656,74.87121497675588,60,60,size_60x60_run_006_seed_123,123
18.053646533300004,74.87121497675588,60,60,size_60x60_run_006_seed_123,123
18.054383508843216,74.87437185929649,60,60,size_60x60_run_006_seed_123,123
18.054398120919515,74.87752794875016,60,60,size_60x60_run_006_seed_123,123
18.054561395937323,74.88068324541572,60,60,size_60x60_run_006_seed_123,123
18.054927284689803,74.88068324541572,60,60,size_60x60_run_006_seed_123,123
18.055307883226046,74.88383774959186,60,60,size_60x60_run_006_seed_123,123
18.055676249664245,74.8869914615771,60,60,size_60x60_run_006_seed_123,123
18.055861400525473,74.89014438166981,60,60,size_60x60_run_006_seed_123,123
18.05721650398876,74.89329651016821,60,60,size_60x60_run_006_seed_123,123
18.05745616791192,74.89644784737041,60,60,size_60x60_run_006_seed_123,123
18.05779797053534,74.8995983935743,60,60,size_60x60_run_006_seed_123,123
18.05811323213115,74.90274814907768,60,60,size_60x60_run_006_seed_123,123
18.059059110432834,74.90274814907768,60,60,size_60x60_run_006_seed_123,123
18.05973902128544,74.90589711417816,60,60,size_60x60_run_006_seed_123,123
18.060176431588864,74.90904528917325,60,60,size_60x60_run_006_seed_123,123
18.060277104102802,74.91219267436026,60,60,size_60x60_run_006_seed_123,123
18.061315890617884,74.91533927003637,60,60,size_60x60_run_006_seed_123,123
18.06261033260405,74.91848507649863,60,60,size_60x60_run_006_seed_123,123
18.06291472532258,74.92163009404389,60,60,size_60x60_run_006_seed_123,123
18.06313885015069,74.92477432296891,60,60,size_60x60_run_006_seed_123,123
18.06331279361715,74.92791776357026,60,60,size_60x60_run_006_seed_123,123
18.06380098477193,74.9310604161444,60,60,size_60x60_run_006_seed_123,123
18.064700273447478,74.93420228098759,60,60,size_60x60_run_006_seed_123,123
18.064890493972193,74.93734335839599,60,60,size_60x60_run_006_seed_123,123
18.064905962835233,74.94048364866558,60,60,size_60x60_run_006_seed_123,123
18.065281807694003,74.94362315209221,60,60,size_60x60_run_006_seed_123,123
18.065590746272782,74.94676186897156,60,60,size_60x60_run_006_seed_123,123
18.06581848717365,74.9498997995992,60,60,size_60x60_run_006_seed_123,123
18.066389814280143,74.95303694427051,60,60,size_60x60_run_006_seed_123,123
18.066692558330168,74.95617330328074,60,60,size_60x60_run_006_seed_123,123
18.06684296658126,74.95930887692501,60,60,size_60x60_run_006_seed_123,123
18.067181055820797,74.96244366549824,60,60,size_60x60_run_006_seed_123,123
18.067418794456316,74.96557766929529,60,60,size_60x60_run_006_seed_123,123
18.067506447777433,74.96871088861077,60,60,size_60x60_run_006_seed_123,123
18.067616541025096,74.96871088861077,60,60,size_60x60_run_006_seed_123,123
18.06821784807056,74.97184332373921,60,60,size_60x60_run_006_seed_123,123
18.06831963312789,74.97497497497497,60,60,size_60x60_run_006_seed_123,123
18.068438710850117,74.97810584261228,60,60,size_60x60_run_006_seed_123,123
18.068861783449545,74.98123592694522,60,60,size_60x60_run_006_seed_123,123
18.069302470358828,74.98436522826766,60,60,size_60x60_run_006_seed_123,123
18.06954765884007,74.98749374687344,60,60,size_60x60_run_006_seed_123,123
18.07107171554845,74.99062148305615,60,60,size_60x60_run_006_seed_123,123
18.071386400200804,74.99374843710928,60,60,size_60x60_run_006_seed_123,123
18.07141494813964,74.99687460932617,60,60,size_60x60_run_006_seed_123,123
18.071756745600037,75.0,60,60,size_60x60_run_006_seed_123,123
18.07188356822097,75.00312460942382,60,60,size_60x60_run_006_seed_123,123
18.071957329653188,75.00624843789053,60,60,size_60x60_run_006_seed_123,123
18.072380977994502,75.00937148569287,60,60,size_60x60_run_006_seed_123,123
18.073504209254075,75.01249375312344,60,60,size_60x60_run_006_seed_123,123
18.073681899883145,75.0156152404747,60,60,size_60x60_run_006_seed_123,123
18.07397587705557,75.0156152404747,60,60,size_60x60_run_006_seed_123,123
18.074419733144058,75.01873594803897,60,60,size_60x60_run_006_seed_123,123
18.074480633929287,75.0218558761084,60,60,size_60x60_run_006_seed_123,123
18.075229306321475,75.02497502497502,60,60,size_60x60_run_006_seed_123,123
18.07548713846288,75.0280933949307,60,60,size_60x60_run_006_seed_123,123
18.075972562136283,75.03121098626715,60,60,size_60x60_run_006_seed_123,123
18.07613535897548,75.03432779927599,60,60,size_60x60_run_006_seed_123,123
18.076336013902456,75.03744383424863,60,60,size_60x60_run_006_seed_123,123
18.076544305263138,75.04055909147635,60,60,size_60x60_run_006_seed_123,123
18.076641116722904,75.04367357125031,60,60,size_60x60_run_006_seed_123,123
18.077899664601,75.04678727386151,60,60,size_60x60_run_006_seed_123,123
18.07832318541884,75.0499001996008,60,60,size_60x60_run_006_seed_123,123
18.07834424865462,75.05301234875888,60,60,size_60x60_run_006_seed_123,123
18.079399410475087,75.05612372162635,60,60,size_60x60_run_006_seed_123,123
18.079746986263817,75.05923431849357,60,60,size_60x60_run_006_seed_123,123
18.08007416543093,75.06234413965088,60,60,size_60x60_run_006_seed_123,123
18.080362412485286,75.06545318538835,60,60,size_60x60_run_006_seed_123,123
18.080495442598814,75.068561455996,60,60,size_60x60_run_006_seed_123,123
18.080810742344212,75.07166895176368,60,60,size_60x60_run_006_seed_123,123
18.081353618197575,75.07477567298105,60,60,size_60x60_run_006_seed_123,123
18.081626522507246,75.0778816199377,60,60,size_60x60_run_006_seed_123,123
18.08179716953596,75.080986792923,60,60,size_60x60_run_006_seed_123,123
18.08191545143865,75.08409119222623,60,60,size_60x60_run_006_seed_123,123
18.082670196797224,75.08719481813652,60,60,size_60x60_run_006_seed_123,123
18.082860523901562,75.09029767094283,60,60,size_60x60_run_006_seed_123,123
18.083675286737368,75.093399750934,60,60,size_60x60_run_006_seed_123,123
18.08370138178257,75.0965010583987,60,60,size_60x60_run_006_seed_123,123
18.084476414679614,75.0996015936255,60,60,size_60x60_run_006_seed_123,123
18.085019174614338,75.10270135690278,60,60,size_60x60_run_006_seed_123,123
18.08616067286458,75.1058003485188,60,60,size_60x60_run_006_seed_123,123
18.086177609810697,75.10889856876167,60,60,size_60x60_run_006_seed_123,123
18.086484315681354,75.11199601791935,60,60,size_60x60_run_006_seed_123,123
18.086684972501484,75.1150926962797,60,60,size_60x60_run_006_seed_123,123
18.087104769087812,75.11818860413038,60,60,size_60x60_run_006_seed_123,123
18.087333590183757,75.12128374175893,60,60,size_60x60_run_006_seed_123,123
18.088124603973416,75.12437810945273,60,60,size_60x60_run_006_seed_123,123
18.088231169847255,75.12747170749907,60,60,size_60x60_run_006_seed_123,123
18.088296242624384,75.13056453618503,60,60,size_60x60_run_006_seed_123,123
18.088517055658944,75.13365659579759,60,60,size_60x60_run_006_seed_123,123
18.0895291499019,75.13674788662357,60,60,size_60x60_run_006_seed_123,123
18.09076463987553,75.13983840894966,60,60,size_60x60_run_006_seed_123,123
18.090851818201983,75.1429281630624,60,60,size_60x60_run_006_seed_123,123
18.09112733473925,75.14601714924817,60,60,size_60x60_run_006_seed_123,123
18.09127813653952,75.14910536779324,60,60,size_60x60_run_006_seed_123,123
18.091509231500908,75.15219281898372,60,60,size_60x60_run_006_seed_123,123
18.091804627380437,75.15527950310559,60,60,size_60x60_run_006_seed_123,123
18.092064302038228,75.15836542044467,60,60,size_60x60_run_006_seed_123,123
18.092141970458826,75.16145057128664,60,60,size_60x60_run_006_seed_123,123
18.09247636378304,75.16453495591705,60,60,size_60x60_run_006_seed_123,123
18.0932908299386,75.16761857462132,60,60,size_60x60_run_006_seed_123,123
18.093876022047116,75.17070142768468,60,60,size_60x60_run_006_seed_123,123
18.09402596563861,75.17378351539226,60,60,size_60x60_run_006_seed_123,123
18.094448382549622,75.17686483802905,60,60,size_60x60_run_006_seed_123,123
18.09468898656256,75.17994539587987,60,60,size_60x60_run_006_seed_123,123
18.095326434066664,75.18302518922944,60,60,size_60x60_run_006_seed_123,123
18.09549946094403,75.18610421836229,60,60,size_60x60_run_006_seed_123,123
18.09592158192331,75.18918248356283,60,60,size_60x60_run_006_seed_123,123
18.096166593834013,75.19225998511536,60,60,size_60x60_run_006_seed_123,123
18.096349182358804,75.19533672330398,60,60,size_60x60_run_006_seed_123,123
18.09667490575589,75.1984126984127,60,60,size_60x60_run_006_seed_123,123
18.0975064669724,75.20148791072536,60,60,size_60x60_run_006_seed_123,123
18.097527103395404,75.20456236052566,60,60,size_60x60_run_006_seed_123,123
18.09764969006763,75.20763604809719,60,60,size_60x60_run_006_seed_123,123
18.09770284705458,75.21070897372336,60,60,size_60x60_run_006_seed_123,123
18.09846988979148,75.21378113768745,60,60,size_60x60_run_006_seed_123,123
18.09888886707139,75.21685254027261,60,60,size_60x60_run_006_seed_123,123
18.099304931228232,75.21992318176186,60,60,size_60x60_run_006_seed_123,123
18.09938429701078,75.22299306243806,60,60,size_60x60_run_006_seed_123,123
18.10024742422913,75.22606218258392,60,60,size_60x60_run_006_seed_123,123
18.10084588136914,75.22913054248204,60,60,size_60x60_run_006_seed_123,123
18.100870770284022,75.23219814241486,60,60,size_60x60_run_006_seed_123,123
18.10122886047297,75.23526498266469,60,60,size_60x60_run_006_seed_123,123
18.101484433351676,75.23833106351368,60,60,size_60x60_run_006_seed_123,123
18.102023945737084,75.24139638524387,60,60,size_60x60_run_006_seed_123,123
18.102061206679288,75.24446094813715,60,60,size_60x60_run_006_seed_123,123
18.10234512643666,75.24752475247524,60,60,size_60x60_run_006_seed_123,123
18.102371889919723,75.25058779853978,60,60,size_60x60_run_006_seed_123,123
18.10262354562475,75.25365008661223,60,60,size_60x60_run_006_seed_123,123
18.1035433336489,75.25671161697389,60,60,size_60x60_run_006_seed_123,123
18.1039527287909,75.25977238990599,60,60,size_60x60_run_006_seed_123,123
18.1062408222144,75.26283240568955,60,60,size_60x60_run_006_seed_123,123
18.106271040819536,75.26283240568955,60,60,size_60x60_run_006_seed_123,123
18.107319169190646,75.26589166460549,60,60,size_60x60_run_006_seed_123,123
18.109109785286623,75.26895016693459,60,60,size_60x60_run_006_seed_123,123
18.10924888699623,75.27200791295748,60,60,size_60x60_run_006_seed_123,123
18.109969054305644,75.27506490295463,60,60,size_60x60_run_006_seed_123,123
18.110229475616652,75.27812113720643,60,60,size_60x60_run_006_seed_123,123
18.11042031357182,75.28117661599309,60,60,size_60x60_run_006_seed_123,123
18.112205097004978,75.28423133959467,60,60,size_60x60_run_006_seed_123,123
18.112330285916816,75.28728530829112,60,60,size_60x60_run_006_seed_123,123
18.112605509346096,75.29033852236225,60,60,size_60x60_run_006_seed_123,123
18.112924594166085,75.2933909820877,60,60,size_60x60_run_006_seed_123,123
18.11397939501929,75.29644268774703,60,60,size_60x60_run_006_seed_123,123
18.11398161159721,75.29949363961961,60,60,size_60x60_run_006_seed_123,123
18.11398672659944,75.30254383798469,60,60,size_60x60_run_006_seed_123,123
18.114209703573888,75.30559328312137,60,60,size_60x60_run_006_seed_123,123
18.114825693550845,75.30864197530865,60,60,size_60x60_run_006_seed_123,123
18.114863386169485,75.31168991482534,60,60,size_60x60_run_006_seed_123,123
18.115608502526335,75.31473710195013,60,60,size_60x60_run_006_seed_123,123
18.115653129477277,75.31778353696163,60,60,size_60x60_run_006_seed_123,123
18.116266136137167,75.32082922013821,60,60,size_60x60_run_006_seed_123,123
18.116337161125134,75.32387415175818,60,60,size_60x60_run_006_seed_123,123
18.116895209649172,75.32691833209968,60,60,size_60x60_run_006_seed_123,123
18.117166689304938,75.32996176144073,60,60,size_60x60_run_006_seed_123,123
18.117257060980982,75.3330044400592,60,60,size_60x60_run_006_seed_123,123
18.117550152595264,75.33604636823283,60,60,size_60x60_run_006_seed_123,123
18.117661936666885,75.33908754623921,60,60,size_60x60_run_006_seed_123,123
18.117843947431542,75.3421279743558,60,60,size_60x60_run_006_seed_123,123
18.117915597131773,75.34516765285996,60,60,size_60x60_run_006_seed_123,123
18.118475341827214,75.34820658202884,60,60,size_60x60_run_006_seed_123,123
18.118924306454428,75.35124476213952,60,60,size_60x60_run_006_seed_123,123
18.118928318434925,75.35428219346888,60,60,size_60x60_run_006_seed_123,123
18.119076376975375,75.35731887629375,60,60,size_60x60_run_006_seed_123,123
18.12095322000693,75.36035481089073,60,60,size_60x60_run_006_seed_123,123
18.12181762138576,75.36338999753633,60,60,size_60x60_run_006_seed_123,123
18.12188167395425,75.36642443650696,60,60,size_60x60_run_006_seed_123,123
18.121938718505067,75.36945812807882,60,60,size_60x60_run_006_seed_123,123
18.121943925336936,75.37249107252802,60,60,size_60x60_run_006_seed_123,123
18.12226093826831,75.3755232701305,60,60,size_60x60_run_006_seed_123,123
18.122440245146706,75.37855472116213,60,60,size_60x60_run_006_seed_123,123
18.122646537558886,75.38158542589856,60,60,size_60x60_run_006_seed_123,123
18.12290945489715,75.38461538461539,60,60,size_60x60_run_006_seed_123,123
18.123205713310856,75.387644597588,60,60,size_60x60_run_006_seed_123,123
18.12362217994087,75.39067306509168,60,60,size_60x60_run_006_seed_123,123
18.12391336190948,75.39370078740157,60,60,size_60x60_run_006_seed_123,123
18.124976439291007,75.39672776479271,60,60,size_60x60_run_006_seed_123,123
18.125070080108493,75.39672776479271,60,60,size_60x60_run_006_seed_123,123
18.12512960330542,75.39975399753997,60,60,size_60x60_run_006_seed_123,123
18.12583236879285,75.40277948591809,60,60,size_60x60_run_006_seed_123,123
18.126598779055,75.40580423020167,60,60,size_60x60_run_006_seed_123,123
18.12661670830947,75.4088282306652,60,60,size_60x60_run_006_seed_123,123
18.12662251208006,75.41185148758298,60,60,size_60x60_run_006_seed_123,123
18.126727189011472,75.41487400122926,60,60,size_60x60_run_006_seed_123,123
18.128510978980454,75.41789577187808,60,60,size_60x60_run_006_seed_123,123
18.128652354254502,75.42091679980338,60,60,size_60x60_run_006_seed_123,123
18.128709823082726,75.42393708527894,60,60,size_60x60_run_006_seed_123,123
18.129787251747242,75.42695662857845,60,60,size_60x60_run_006_seed_123,123
18.129891223588647,75.42997542997543,60,60,size_60x60_run_006_seed_123,123
18.131439612443565,75.43299348974327,60,60,size_60x60_run_006_seed_123,123
18.131521280307574,75.43601080815525,60,60,size_60x60_run_006_seed_123,123
18.13211039061403,75.43902738548447,60,60,size_60x60_run_006_seed_123,123
18.132177166328404,75.44204322200393,60,60,size_60x60_run_006_seed_123,123
18.132477993293996,75.4450583179865,60,60,size_60x60_run_006_seed_123,123
18.133535021739053,75.44807267370489,60,60,size_60x60_run_006_seed_123,123
18.133823253770014,75.45108628943169,60,60,size_60x60_run_006_seed_123,123
18.134107510677396,75.45409916543937,60,60,size_60x60_run_006_seed_123,123
18.134156847720064,75.45711130200024,60,60,size_60x60_run_006_seed_123,123
18.13422450624546,75.4601226993865,60,60,size_60x60_run_006_seed_123,123
18.13526073719063,75.4631333578702,60,60,size_60x60_run_006_seed_123,123
18.13592845774426,75.46614327772326,60,60,size_60x60_run_006_seed_123,123
18.136057852715766,75.46915245921747,60,60,size_60x60_run_006_seed_123,123
18.136068609304772,75.47216090262448,60,60,size_60x60_run_006_seed_123,123
18.136425271728008,75.47516860821581,60,60,size_60x60_run_006_seed_123,123
18.13772506107069,75.47817557626287,60,60,size_60x60_run_006_seed_123,123
18.137974819823626,75.4811818070369,60,60,size_60x60_run_006_seed_123,123
18.138165746422487,75.48418730080903,60,60,size_60x60_run_006_seed_123,123
18.13893779509267,75.48719205785022,60,60,size_60x60_run_006_seed_123,123
18.139379476828058,75.49019607843137,60,60,size_60x60_run_006_seed_123,123
18.139619431180183,75.49319936282318,60,60,size_60x60_run_006_seed_123,123
18.140499012220594,75.49620191129624,60,60,size_60x60_run_006_seed_123,123
18.1405513564037,75.49920372412103,60,60,size_60x60_run_006_seed_123,123
18.141388934635238,75.50220480156786,60,60,size_60x60_run_006_seed_123,123
18.14153930970147,75.50520514390692,60,60,size_60x60_run_006_seed_123,123
18.141602689298264,75.50820475140829,60,60,size_60x60_run_006_seed_123,123
18.14213807488665,75.51120362434186,60,60,size_60x60_run_006_seed_123,123
18.142369856881114,75.51420176297748,60,60,size_60x60_run_006_seed_123,123
18.14291618033414,75.51719916758476,60,60,size_60x60_run_006_seed_123,123
18.143262674744783,75.5201958384333,60,60,size_60x60_run_006_seed_123,123
18.144350362550473,75.52319177579244,60,60,size_60x60_run_006_seed_123,123
18.146477844874042,75.52618697993148,60,60,size_60x60_run_006_seed_123,123
18.147220364690888,75.52918145111954,60,60,size_60x60_run_006_seed_123,123
18.147569427636526,75.53217518962563,60,60,size_60x60_run_006_seed_123,123
18.147879671260146,75.53516819571865,60,60,size_60x60_run_006_seed_123,123
18.14825326142061,75.53816046966732,60,60,size_60x60_run_006_seed_123,123
18.148691039922813,75.54115201174024,60,60,size_60x60_run_006_seed_123,123
18.149578323443553,75.54414282220591,60,60,size_60x60_run_006_seed_123,123
18.149600349259405,75.54713290133267,60,60,size_60x60_run_006_seed_123,123
18.150420739228036,75.55012224938875,60,60,size_60x60_run_006_seed_123,123
18.15066613359347,75.55311086664221,60,60,size_60x60_run_006_seed_123,123
18.15126659653158,75.55609875336103,60,60,size_60x60_run_006_seed_123,123
18.1513125881089,75.55908590981304,60,60,size_60x60_run_006_seed_123,123
18.152150324355976,75.56207233626589,60,60,size_60x60_run_006_seed_123,123
18.152260789700538,75.56505803298718,60,60,size_60x60_run_006_seed_123,123
18.15228318209857,75.56804300024432,60,60,size_60x60_run_006_seed_123,123
18.154069511721147,75.57102723830464,60,60,size_60x60_run_006_seed_123,123
18.15480502373771,75.57401074743527,60,60,size_60x60_run_006_seed_123,123
18.154994436458566,75.57699352790328,60,60,size_60x60_run_006_seed_123,123
18.15510010944492,75.57997557997558,60,60,size_60x60_run_006_seed_123,123
18.15598439300531,75.58295690391894,60,60,size_60x60_run_006_seed_123,123
18.158485820163403,75.5859375,60,60,size_60x60_run_006_seed_123,123
18.158763205977305,75.5889173684853,60,60,size_60x60_run_006_seed_123,123
18.158873033303877,75.5918965096412,60,60,size_60x60_run_006_seed_123,123
18.158874597392565,75.59487492373398,60,60,size_60x60_run_006_seed_123,123
18.159101011033403,75.59785261102977,60,60,size_60x60_run_006_seed_123,123
18.15940647851871,75.60082957179456,60,60,size_60x60_run_006_seed_123,123
18.159490751001965,75.60380580629422,60,60,size_60x60_run_006_seed_123,123
18.159507185861134,75.60678131479449,60,60,size_60x60_run_006_seed_123,123
18.159671374422935,75.60975609756098,60,60,size_60x60_run_006_seed_123,123
18.159984384250848,75.61273015485916,60,60,size_60x60_run_006_seed_123,123
18.160797617787207,75.6157034869544,60,60,size_60x60_run_006_seed_123,123
18.16200018400408,75.61867609411192,60,60,size_60x60_run_006_seed_123,123
18.162176389635654,75.62164797659679,60,60,size_60x60_run_006_seed_123,123
18.162865901212534,75.62461913467398,60,60,size_60x60_run_006_seed_123,123
18.16286977692026,75.62758956860833,60,60,size_60x60_run_006_seed_123,123
18.16305053029637,75.63055927866455,60,60,size_60x60_run_006_seed_123,123
18.163360983088936,75.6335282651072,60,60,size_60x60_run_006_seed_123,123
18.163541466690457,75.63649652820075,60,60,size_60x60_run_006_seed_123,123
18.163546624779876,75.63649652820075,60,60,size_60x60_run_006_seed_123,123
18.16396414276299,75.6394640682095,60,60,size_60x60_run_006_seed_123,123
18.164547703601674,75.64243088539764,60,60,size_60x60_run_006_seed_123,123
18.165036792004656,75.64539698002922,60,60,size_60x60_run_006_seed_123,123
18.165892777307256,75.6483623523682,60,60,size_60x60_run_006_seed_123,123
18.166468662970743,75.65132700267836,60,60,size_60x60_run_006_seed_123,123
18.16717450189217,75.65429093122337,60,60,size_60x60_run_006_seed_123,123
18.167871790420055,75.6572541382668,60,60,size_60x60_run_006_seed_123,123
18.167966741823786,75.66021662407204,60,60,size_60x60_run_006_seed_123,123
18.168125177555137,75.66317838890241,60,60,size_60x60_run_006_seed_123,123
18.168731264548555,75.66613943302104,60,60,size_60x60_run_006_seed_123,123
18.16884961108995,75.669099756691,60,60,size_60x60_run_006_seed_123,123
18.169007403920588,75.67205936017515,60,60,size_60x60_run_006_seed_123,123
18.169176554787235,75.67501824373632,60,60,size_60x60_run_006_seed_123,123
18.169215441134266,75.67797640763712,60,60,size_60x60_run_006_seed_123,123
18.17036631231666,75.68093385214007,60,60,size_60x60_run_006_seed_123,123
18.170732144635764,75.6838905775076,60,60,size_60x60_run_006_seed_123,123
18.170877981627548,75.68684658400194,60,60,size_60x60_run_006_seed_123,123
18.171138639522685,75.68980187188525,60,60,size_60x60_run_006_seed_123,123
18.171574809581266,75.69275644141953,60,60,size_60x60_run_006_seed_123,123
18.171677066331306,75.69571029286669,60,60,size_60x60_run_006_seed_123,123
18.172586816476176,75.69866342648845,60,60,size_60x60_run_006_seed_123,123
18.17333099244123,75.70161584254646,60,60,size_60x60_run_006_seed_123,123
18.173637847207853,75.70456754130224,60,60,size_60x60_run_006_seed_123,123
18.174000220470088,75.70751852301713,60,60,size_60x60_run_006_seed_123,123
18.1740214432721,75.7104687879524,60,60,size_60x60_run_006_seed_123,123
18.174026327705647,75.71341833636916,60,60,size_60x60_run_006_seed_123,123
18.17513370962909,75.71636716852841,60,60,size_60x60_run_006_seed_123,123
18.175770836106246,75.71931528469102,60,60,size_60x60_run_006_seed_123,123
18.176402723361615,75.72226268511774,60,60,size_60x60_run_006_seed_123,123
18.176460631784217,75.72520937006918,60,60,size_60x60_run_006_seed_123,123
18.17665944505922,75.72815533980582,60,60,size_60x60_run_006_seed_123,123
18.177210239056645,75.73110059458803,60,60,size_60x60_run_006_seed_123,123
18.178179221601876,75.73404513467605,60,60,size_60x60_run_006_seed_123,123
18.178589901548154,75.73698896032998,60,60,size_60x60_run_006_seed_123,123
18.178595100541802,75.7399320718098,60,60,size_60x60_run_006_seed_123,123
18.178786660273555,75.74287446937538,60,60,size_60x60_run_006_seed_123,123
18.17888324730958,75.74581615328644,60,60,size_60x60_run_006_seed_123,123
18.179221448233918,75.74875712380259,60,60,size_60x60_run_006_seed_123,123
18.179277533541207,75.75169738118332,60,60,size_60x60_run_006_seed_123,123
18.179675126283946,75.75463692568796,60,60,size_60x60_run_006_seed_123,123
18.179969993804644,75.75757575757575,60,60,size_60x60_run_006_seed_123,123
18.180270053616226,75.76051387710581,60,60,size_60x60_run_006_seed_123,123
18.180914408147018,75.76345128453708,60,60,size_60x60_run_006_seed_123,123
18.18134597162182,75.76638798012844,60,60,size_60x60_run_006_seed_123,123
18.18167395311284,75.76932396413861,60,60,size_60x60_run_006_seed_123,123
18.18169386009094,75.77225923682617,60,60,size_60x60_run_006_seed_123,123
18.182656453473793,75.7751937984496,60,60,size_60x60_run_006_seed_123,123
18.182988205318356,75.77812764926729,60,60,size_60x60_run_006_seed_123,123
18.18301758884827,75.7810607895374,60,60,size_60x60_run_006_seed_123,123
18.183169237118705,75.7839932195181,60,60,size_60x60_run_006_seed_123,123
18.183401845002216,75.78692493946731,60,60,size_60x60_run_006_seed_123,123
18.184432451152862,75.7898559496429,60,60,size_60x60_run_006_seed_123,123
18.184661299219194,75.79278625030258,60,60,size_60x60_run_006_seed_123,123
18.18474204809274,75.79571584170398,60,60,size_60x60_run_006_seed_123,123
18.185113418096552,75.79864472410455,60,60,size_60x60_run_006_seed_123,123
18.185435088032673,75.80157289776164,60,60,size_60x60_run_006_seed_123,123
18.185477441863608,75.80450036293249,60,60,size_60x60_run_006_seed_123,123
18.185831324705706,75.80742711987419,60,60,size_60x60_run_006_seed_123,123
18.1863647849396,75.81035316884373,60,60,size_60x60_run_006_seed_123,123
18.18677776584129,75.81327851009796,60,60,size_60x60_run_006_seed_123,123
18.187143530016286,75.81620314389359,60,60,size_60x60_run_006_seed_123,123
18.188336269327447,75.81912707048724,60,60,size_60x60_run_006_seed_123,123
18.188788099164363,75.8220502901354,60,60,size_60x60_run_006_seed_123,123
18.18959460098051,75.8249728030944,60,60,size_60x60_run_006_seed_123,123
18.189698721988773,75.8278946096205,60,60,size_60x60_run_006_seed_123,123
18.190611556321922,75.83081570996978,60,60,size_60x60_run_006_seed_123,123
18.19163698100347,75.83373610439827,60,60,size_60x60_run_006_seed_123,123
18.191761724864897,75.83665579316178,60,60,size_60x60_run_006_seed_123,123
18.192587291603587,75.83957477651607,60,60,size_60x60_run_006_seed_123,123
18.192751544717172,75.84249305471675,60,60,size_60x60_run_006_seed_123,123
18.193050981157352,75.84541062801932,60,60,size_60x60_run_006_seed_123,123
18.193294588224813,75.84832749667915,60,60,size_60x60_run_006_seed_123,123
18.193799582690723,75.85124366095147,60,60,size_60x60_run_006_seed_123,123
18.193838876626565,75.85415912109139,60,60,size_60x60_run_006_seed_123,123
18.19412936361098,75.85707387735393,60,60,size_60x60_run_006_seed_123,123
18.19423519119958,75.85998792999396,60,60,size_60x60_run_006_seed_123,123
18.19436638764142,75.86290127926624,60,60,size_60x60_run_006_seed_123,123
18.194376837642015,75.86581392542536,60,60,size_60x60_run_006_seed_123,123
18.19466552206102,75.86872586872587,60,60,size_60x60_run_006_seed_123,123
18.194860452465328,75.87163710942212,60,60,size_60x60_run_006_seed_123,123
18.195203527176897,75.8745476477684,60,60,size_60x60_run_006_seed_123,123
18.195526202992426,75.87745748401882,60,60,size_60x60_run_006_seed_123,123
18.19652753405351,75.8803666184274,60,60,size_60x60_run_006_seed_123,123
18.197085928842988,75.88327505124805,60,60,size_60x60_run_006_seed_123,123
18.19741214199779,75.88618278273451,60,60,size_60x60_run_006_seed_123,123
18.198193922462867,75.88908981314044,60,60,size_60x60_run_006_seed_123,123
18.1990050817695,75.89199614271939,60,60,size_60x60_run_006_seed_123,123
18.19921478951976,75.89490177172472,60,60,size_60x60_run_006_seed_123,123
18.19932212182115,75.89780670040975,60,60,size_60x60_run_006_seed_123,123
18.200455334199418,75.9007109290276,60,60,size_60x60_run_006_seed_123,123
18.20080214351871,75.90361445783132,60,60,size_60x60_run_006_seed_123,123
18.200879193378896,75.90651728707385,60,60,size_60x60_run_006_seed_123,123
18.200961197675948,75.90941941700795,60,60,size_60x60_run_006_seed_123,123
18.20101235622923,75.9123208478863,60,60,size_60x60_run_006_seed_123,123
18.201543050460586,75.91522157996147,60,60,size_60x60_run_006_seed_123,123
18.20157078833401,75.91812161348585,60,60,size_60x60_run_006_seed_123,123
18.201736102227713,75.92102094871177,60,60,size_60x60_run_006_seed_123,123
18.201845831686747,75.92391958589143,60,60,size_60x60_run_006_seed_123,123
18.202023917065876,75.92681752527685,60,60,size_60x60_run_006_seed_123,123
18.202279155260495,75.92971476711999,60,60,size_60x60_run_006_seed_123,123
18.202827944677658,75.93261131167269,60,60,size_60x60_run_006_seed_123,123
18.20313633592124,75.93550715918663,60,60,size_60x60_run_006_seed_123,123
18.203441173375797,75.93840230991337,60,60,size_60x60_run_006_seed_123,123
18.203639472096743,75.94129676410442,60,60,size_60x60_run_006_seed_123,123
18.203810642036412,75.94419052201107,60,60,size_60x60_run_006_seed_123,123
18.204300109988882,75.94708358388455,60,60,size_60x60_run_006_seed_123,123
18.20462802448906,75.94997594997595,60,60,size_60x60_run_006_seed_123,123
18.204679374137157,75.95286762053625,60,60,size_60x60_run_006_seed_123,123
18.204714240368087,75.9557585958163,60,60,size_60x60_run_006_seed_123,123
18.204963106324502,75.95864887606683,60,60,size_60x60_run_006_seed_123,123
18.206352596794176,75.96153846153845,60,60,size_60x60_run_006_seed_123,123
18.20635798207862,75.96442735248168,60,60,size_60x60_run_006_seed_123,123
18.20656773295665,75.96731554914685,60,60,size_60x60_run_006_seed_123,123
18.206588607996412,75.96731554914685,60,60,size_60x60_run_006_seed_123,123
18.206596386667574,75.97020305178421,60,60,size_60x60_run_006_seed_123,123
18.206944158396567,75.97308986064391,60,60,size_60x60_run_006_seed_123,123
18.2074931155216,75.97597597597597,60,60,size_60x60_run_006_seed_123,123
18.20805636260897,75.97886139803026,60,60,size_60x60_run_006_seed_123,123
18.208119606133984,75.98174612705655,60,60,size_60x60_run_006_seed_123,123
18.208126782249508,75.98463016330452,60,60,size_60x60_run_006_seed_123,123
18.208195738613163,75.98751350702365,60,60,size_60x60_run_006_seed_123,123
18.208818355151852,75.99039615846338,60,60,size_60x60_run_006_seed_123,123
18.208932928849364,75.993278117873,60,60,size_60x60_run_006_seed_123,123
18.210276902659984,75.99615938550168,60,60,size_60x60_run_006_seed_123,123
18.210462320481305,75.99903996159847,60,60,size_60x60_run_006_seed_123,123
18.21080803402427,76.00191984641229,60,60,size_60x60_run_006_seed_123,123
18.211177814779067,76.00479904019195,60,60,size_60x60_run_006_seed_123,123
18.2112612734709,76.00767754318618,60,60,size_60x60_run_006_seed_123,123
18.21129044275458,76.01055535564352,60,60,size_60x60_run_006_seed_123,123
18.21134209013444,76.01055535564352,60,60,size_60x60_run_006_seed_123,123
18.21273197334764,76.01343247781243,60,60,size_60x60_run_006_seed_123,123
18.21274651060023,76.01630890994124,60,60,size_60x60_run_006_seed_123,123
18.212841407191164,76.01918465227818,60,60,size_60x60_run_006_seed_123,123
18.212841603474494,76.02205970507133,60,60,size_60x60_run_006_seed_123,123
18.212873684494227,76.02493406856868,60,60,size_60x60_run_006_seed_123,123
18.21320674773562,76.02780774301809,60,60,size_60x60_run_006_seed_123,123
18.213449867853658,76.0306807286673,60,60,size_60x60_run_006_seed_123,123
18.213468525498985,76.03355302576394,60,60,size_60x60_run_006_seed_123,123
18.213603115068146,76.03642463455547,60,60,size_60x60_run_006_seed_123,123
18.21376684668514,76.03929555528933,60,60,size_60x60_run_006_seed_123,123
18.214615788429512,76.04216578821274,60,60,size_60x60_run_006_seed_123,123
18.214655912005885,76.04503533357288,60,60,size_60x60_run_006_seed_123,123
18.214776025312663,76.04790419161677,60,60,size_60x60_run_006_seed_123,123
18.21486751615414,76.0507723625913,60,60,size_60x60_run_006_seed_123,123
18.215005948070516,76.0536398467433,60,60,size_60x60_run_006_seed_123,123
18.21565655433411,76.05650664431941,60,60,size_60x60_run_006_seed_123,123
18.216079600028642,76.0593727555662,60,60,size_60x60_run_006_seed_123,123
18.21611194255282,76.0622381807301,60,60,size_60x60_run_006_seed_123,123
18.216196263154004,76.06510292005744,60,60,size_60x60_run_006_seed_123,123
18.21623403990163,76.06796697379443,60,60,size_60x60_run_006_seed_123,123
18.216796793075403,76.07083034218712,60,60,size_60x60_run_006_seed_123,123
18.21726843663197,76.07369302548152,60,60,size_60x60_run_006_seed_123,123
18.217274340506318,76.07655502392345,60,60,size_60x60_run_006_seed_123,123
18.21920385737892,76.07941633775864,60,60,size_60x60_run_006_seed_123,123
18.219465221615334,76.08227696723272,60,60,size_60x60_run_006_seed_123,123
18.21972757148168,76.08513691259118,60,60,size_60x60_run_006_seed_123,123
18.21977820561547,76.0879961740794,60,60,size_60x60_run_006_seed_123,123
18.219993434341035,76.09085475194262,60,60,size_60x60_run_006_seed_123,123
18.220106517032512,76.09371264642601,60,60,size_60x60_run_006_seed_123,123
18.221582273771315,76.09656985777458,60,60,size_60x60_run_006_seed_123,123
18.222083215690105,76.09942638623328,60,60,size_60x60_run_006_seed_123,123
18.222301556090326,76.10228223204683,60,60,size_60x60_run_006_seed_123,123
18.222817296291765,76.10513739545998,60,60,size_60x60_run_006_seed_123,123
18.222863503149913,76.10799187671724,60,60,size_60x60_run_006_seed_123,123
18.22301145822167,76.11084567606306,60,60,size_60x60_run_006_seed_123,123
18.223283296983727,76.11369879374179,60,60,size_60x60_run_006_seed_123,123
18.223385158819863,76.11655122999761,60,60,size_60x60_run_006_seed_123,123
18.224355863479655,76.11940298507463,60,60,size_60x60_run_006_seed_123,123
18.224468022968093,76.12225405921681,60,60,size_60x60_run_006_seed_123,123
18.22472880694627,76.12510445266803,60,60,size_60x60_run_006_seed_123,123
18.22522760669853,76.127954165672,60,60,size_60x60_run_006_seed_123,123
18.22544157833299,76.13080319847238,60,60,size_60x60_run_006_seed_123,123
18.225738811353573,76.13365155131265,60,60,size_60x60_run_006_seed_123,123
18.2260937453561,76.13649922443622,60,60,size_60x60_run_006_seed_123,123
18.22618226071154,76.13934621808637,60,60,size_60x60_run_006_seed_123,123
18.22636609296512,76.14219253250626,60,60,size_60x60_run_006_seed_123,123
18.227310978365608,76.14503816793892,60,60,size_60x60_run_006_seed_123,123
18.227836997065697,76.14788312462731,60,60,size_60x60_run_006_seed_123,123
18.228449069910784,76.15072740281421,60,60,size_60x60_run_006_seed_123,123
18.22853605021038,76.15357100274234,60,60,size_60x60_run_006_seed_123,123
18.228660574640504,76.15641392465426,60,60,size_60x60_run_006_seed_123,123
18.228964603131317,76.15925616879247,60,60,size_60x60_run_006_seed_123,123
18.229086936954005,76.16209773539929,60,60,size_60x60_run_006_seed_123,123
18.229567148020987,76.16493862471697,60,60,size_60x60_run_006_seed_123,123
18.230160931499682,76.16777883698761,60,60,size_60x60_run_006_seed_123,123
18.23055544105496,76.17061837245323,60,60,size_60x60_run_006_seed_123,123
18.2308933257225,76.17345723135574,60,60,size_60x60_run_006_seed_123,123
18.231278472396912,76.17629541393687,60,60,size_60x60_run_006_seed_123,123
18.231362731365095,76.1791329204383,60,60,size_60x60_run_006_seed_123,123
18.231403723215248,76.18196975110159,60,60,size_60x60_run_006_seed_123,123
18.23154810016817,76.18480590616814,60,60,size_60x60_run_006_seed_123,123
18.231781309442063,76.18764138587927,60,60,size_60x60_run_006_seed_123,123
18.231998610213772,76.19047619047619,60,60,size_60x60_run_006_seed_123,123
18.233675887971092,76.19331032019998,60,60,size_60x60_run_006_seed_123,123
18.23382484433758,76.19331032019998,60,60,size_60x60_run_006_seed_123,123
18.234149089096537,76.1961437752916,60,60,size_60x60_run_006_seed_123,123
18.234489825973107,76.1989765559919,60,60,size_60x60_run_006_seed_123,123
18.234872461844983,76.1989765559919,60,60,size_60x60_run_006_seed_123,123
18.235662830214512,76.20180866254165,60,60,size_60x60_run_006_seed_123,123
18.235821561125622,76.20464009518145,60,60,size_60x60_run_006_seed_123,123
18.236801053097963,76.2074708541518,60,60,size_60x60_run_006_seed_123,123
18.236818888605573,76.21030093969311,60,60,size_60x60_run_006_seed_123,123
18.23684771497556,76.21313035204567,60,60,size_60x60_run_006_seed_123,123
18.237847046439786,76.21595909144963,60,60,size_60x60_run_006_seed_123,123
18.238760957598707,76.21878715814506,60,60,size_60x60_run_006_seed_123,123
18.239166701776618,76.21878715814506,60,60,size_60x60_run_006_seed_123,123
18.23941631241161,76.2216145523719,60,60,size_60x60_run_006_seed_123,123
18.239698487623706,76.22444127436995,60,60,size_60x60_run_006_seed_123,123
18.239720965350458,76.22726732437893,60,60,size_60x60_run_006_seed_123,123
18.239887966111617,76.23009270263846,60,60,size_60x60_run_006_seed_123,123
18.240071754700626,76.232917409388,60,60,size_60x60_run_006_seed_123,123
18.240081105263275,76.23574144486692,60,60,size_60x60_run_006_seed_123,123
18.240238838398128,76.23574144486692,60,60,size_60x60_run_006_seed_123,123
18.24043029792124,76.23856480931448,60,60,size_60x60_run_006_seed_123,123
18.240728125036505,76.24138750296983,60,60,size_60x60_run_006_seed_123,123
18.240837862059163,76.24420952607198,60,60,size_60x60_run_006_seed_123,123
18.240912426444602,76.24703087885986,60,60,size_60x60_run_006_seed_123,123
18.241443163296708,76.24985156157226,60,60,size_60x60_run_006_seed_123,123
18.24170242482385,76.25267157444787,60,60,size_60x60_run_006_seed_123,123
18.241974217619862,76.25549091772528,60,60,size_60x60_run_006_seed_123,123
18.24219763072405,76.25830959164293,60,60,size_60x60_run_006_seed_123,123
18.242312095007392,76.26112759643917,60,60,size_60x60_run_006_seed_123,123
18.243196842825288,76.26394493235225,60,60,size_60x60_run_006_seed_123,123
18.243314107867935,76.26676159962027,60,60,size_60x60_run_006_seed_123,123
18.24343869244398,76.26957759848125,60,60,size_60x60_run_006_seed_123,123
18.243695200953223,76.2723929291731,60,60,size_60x60_run_006_seed_123,123
18.24402639716774,76.27520759193357,60,60,size_60x60_run_006_seed_123,123
18.244596679206488,76.27802158700035,60,60,size_60x60_run_006_seed_123,123
18.244904367616847,76.280834914611,60,60,size_60x60_run_006_seed_123,123
18.24495260827706,76.28364757500296,60,60,size_60x60_run_006_seed_123,123
18.2457403686924,76.28645956841356,60,60,size_60x60_run_006_seed_123,123
18.24594299894818,76.28927089508002,60,60,size_60x60_run_006_seed_123,123
18.246016099255776,76.29208155523945,60,60,size_60x60_run_006_seed_123,123
18.246494852596555,76.29489154912883,60,60,size_60x60_run_006_seed_123,123
18.246739409186887,76.29770087698506,60,60,size_60x60_run_006_seed_123,123
18.247152927684205,76.30050953904491,60,60,size_60x60_run_006_seed_123,123
18.248106819366658,76.30331753554502,60,60,size_60x60_run_006_seed_123,123
18.24822556476461,76.30612486672194,60,60,size_60x60_run_006_seed_123,123
18.248266083654734,76.30893153281212,60,60,size_60x60_run_006_seed_123,123
18.248897263781465,76.31173753405189,60,60,size_60x60_run_006_seed_123,123
18.249232588607224,76.3145428706774,60,60,size_60x60_run_006_seed_123,123
18.249238678090997,76.31734754292481,60,60,size_60x60_run_006_seed_123,123
18.24955351040368,76.32015155103007,60,60,size_60x60_run_006_seed_123,123
18.24995238668965,76.32295489522907,60,60,size_60x60_run_006_seed_123,123
18.25044052370177,76.32575757575758,60,60,size_60x60_run_006_seed_123,123
18.250444086021744,76.32855959285122,60,60,size_60x60_run_006_seed_123,123
18.251085243010635,76.33136094674556,60,60,size_60x60_run_006_seed_123,123
18.251195597549106,76.33416163767602,60,60,size_60x60_run_006_seed_123,123
18.251313937037104,76.3369616658779,60,60,size_60x60_run_006_seed_123,123
18.251331900405315,76.33976103158642,60,60,size_60x60_run_006_seed_123,123
18.251664306192794,76.34255973503666,60,60,size_60x60_run_006_seed_123,123
18.251826229903276,76.34535777646363,60,60,size_60x60_run_006_seed_123,123
18.251832880996737,76.34815515610217,60,60,size_60x60_run_006_seed_123,123
18.2524059103487,76.35095187418706,60,60,size_60x60_run_006_seed_123,123
18.25247155645409,76.35374793095295,60,60,size_60x60_run_006_seed_123,123
18.252769253247497,76.35654332663435,60,60,size_60x60_run_006_seed_123,123
18.253325049480395,76.35933806146572,60,60,size_60x60_run_006_seed_123,123
18.253412485424324,76.36213213568136,60,60,size_60x60_run_006_seed_123,123
18.253518269715286,76.36492554951548,60,60,size_60x60_run_006_seed_123,123
18.253702257053373,76.36771830320217,60,60,size_60x60_run_006_seed_123,123
18.25407405161825,76.37051039697542,60,60,size_60x60_run_006_seed_123,123
18.254962843195532,76.37330183106911,60,60,size_60x60_run_006_seed_123,123
18.255041135365396,76.37609260571698,60,60,size_60x60_run_006_seed_123,123
18.255779659835095,76.3788827211527,60,60,size_60x60_run_006_seed_123,123
18.255867719119166,76.38167217760983,60,60,size_60x60_run_006_seed_123,123
18.25625753147275,76.38446097532177,60,60,size_60x60_run_006_seed_123,123
18.25633527159713,76.38724911452184,60,60,size_60x60_run_006_seed_123,123
18.25745230748437,76.39003659544328,60,60,size_60x60_run_006_seed_123,123
18.257630252953497,76.39282341831917,60,60,size_60x60_run_006_seed_123,123
18.25790126794041,76.39560958338251,60,60,size_60x60_run_006_seed_123,123
18.258376791175955,76.39560958338251,60,60,size_60x60_run_006_seed_123,123
18.259517289563792,76.39839509086617,60,60,size_60x60_run_006_seed_123,123
18.25982667547567,76.40117994100295,60,60,size_60x60_run_006_seed_123,123
18.2605697953684,76.40396413402549,60,60,size_60x60_run_006_seed_123,123
18.260733188567134,76.40674767016633,60,60,size_60x60_run_006_seed_123,123
18.26129531997996,76.40953054965793,60,60,size_60x60_run_006_seed_123,123
18.261693054632754,76.41231277273263,60,60,size_60x60_run_006_seed_123,123
18.262518301250946,76.41509433962264,60,60,size_60x60_run_006_seed_123,123
18.26266795527766,76.41787525056007,60,60,size_60x60_run_006_seed_123,123
18.26267391432024,76.42065550577694,60,60,size_60x60_run_006_seed_123,123
18.26268898813485,76.42343510550513,60,60,size_60x60_run_006_seed_123,123
18.263215647461383,76.42621404997642,60,60,size_60x60_run_006_seed_123,123
18.263297439455926,76.4289923394225,60,60,size_60x60_run_006_seed_123,123
18.26341927625735,76.43176997407495,60,60,size_60x60_run_006_seed_123,123
18.264094470687123,76.4345469541652,60,60,size_60x60_run_006_seed_123,123
18.264452320907857,76.4373232799246,60,60,size_60x60_run_006_seed_123,123
18.264576856582586,76.4400989515844,60,60,size_60x60_run_006_seed_123,123
18.264685925763693,76.44287396937574,60,60,size_60x60_run_006_seed_123,123
18.265392281576563,76.44564833352962,60,60,size_60x60_run_006_seed_123,123
18.265597652524363,76.44842204427697,60,60,size_60x60_run_006_seed_123,123
18.26572203606693,76.45119510184858,60,60,size_60x60_run_006_seed_123,123
18.26607639162298,76.45396750647517,60,60,size_60x60_run_006_seed_123,123
18.26611217842318,76.45673925838729,60,60,size_60x60_run_006_seed_123,123
18.267242134990425,76.45951035781545,60,60,size_60x60_run_006_seed_123,123
18.267342255200045,76.46228080499,60,60,size_60x60_run_006_seed_123,123
18.267430066724476,76.46505060014121,60,60,size_60x60_run_006_seed_123,123
18.267563005597484,76.46781974349923,60,60,size_60x60_run_006_seed_123,123
18.26785717081232,76.47058823529412,60,60,size_60x60_run_006_seed_123,123
18.26798053146572,76.47335607575579,60,60,size_60x60_run_006_seed_123,123
18.268173167726776,76.4761232651141,60,60,size_60x60_run_006_seed_123,123
18.268852095657483,76.47888980359873,60,60,size_60x60_run_006_seed_123,123
18.26931235846636,76.48165569143931,60,60,size_60x60_run_006_seed_123,123
18.269357280696298,76.48442092886538,60,60,size_60x60_run_006_seed_123,123
18.269397455718615,76.48718551610628,60,60,size_60x60_run_006_seed_123,123
18.26966305558705,76.48994945339133,60,60,size_60x60_run_006_seed_123,123
18.27068867216088,76.4927127409497,60,60,size_60x60_run_006_seed_123,123
18.271147213519313,76.49547537901046,60,60,size_60x60_run_006_seed_123,123
18.271151034865454,76.49547537901046,60,60,size_60x60_run_006_seed_123,123
18.271350100639907,76.49823736780259,60,60,size_60x60_run_006_seed_123,123
18.27160952028548,76.50099870755493,60,60,size_60x60_run_006_seed_123,123
18.272406182700283,76.50375939849624,60,60,size_60x60_run_006_seed_123,123
18.272874946316254,76.50651944085516,60,60,size_60x60_run_006_seed_123,123
18.272962815563865,76.50927883486023,60,60,size_60x60_run_006_seed_123,123
18.27340420900749,76.51203758073987,60,60,size_60x60_run_006_seed_123,123
18.273727514582728,76.51479567872241,60,60,size_60x60_run_006_seed_123,123
18.273957969010638,76.51755312903605,60,60,size_60x60_run_006_seed_123,123
18.27463529217368,76.5203099319089,60,60,size_60x60_run_006_seed_123,123
18.276283248899578,76.52306608756896,60,60,size_60x60_run_006_seed_123,123
18.276644442713607,76.52582159624414,60,60,size_60x60_run_006_seed_123,123
18.277106912239482,76.52857645816219,60,60,size_60x60_run_006_seed_123,123
18.277339285404807,76.53133067355081,60,60,size_60x60_run_006_seed_123,123
18.277449035802864,76.53408424263756,60,60,size_60x60_run_006_seed_123,123
18.27755627944344,76.53683716564993,60,60,size_60x60_run_006_seed_123,123
18.277614809937557,76.53958944281524,60,60,size_60x60_run_006_seed_123,123
18.27787381622623,76.54234107436078,60,60,size_60x60_run_006_seed_123,123
18.27797959831654,76.54509206051367,60,60,size_60x60_run_006_seed_123,123
18.278424917655737,76.54784240150094,60,60,size_60x60_run_006_seed_123,123
18.278447054978045,76.55059209754954,60,60,size_60x60_run_006_seed_123,123
18.278466920312752,76.55334114888629,60,60,size_60x60_run_006_seed_123,123
18.278507093167875,76.5560895557379,60,60,size_60x60_run_006_seed_123,123
18.278620789801227,76.55883731833099,60,60,size_60x60_run_006_seed_123,123
18.279532383798777,76.56158443689206,60,60,size_60x60_run_006_seed_123,123
18.279820876052735,76.56433091164753,60,60,size_60x60_run_006_seed_123,123
18.27990481680227,76.56707674282367,60,60,size_60x60_run_006_seed_123,123
18.28007285247874,76.56982193064667,60,60,size_60x60_run_006_seed_123,123
18.280810963911854,76.57256647534263,60,60,size_60x60_run_006_seed_123,123
18.28105387112532,76.57531037713751,60,60,size_60x60_run_006_seed_123,123
18.28131495351714,76.57805363625717,60,60,size_60x60_run_006_seed_123,123
18.281436016755205,76.5807962529274,60,60,size_60x60_run_006_seed_123,123
18.282441990314403,76.58353822737385,60,60,size_60x60_run_006_seed_123,123
18.282774437867392,76.58627955982206,60,60,size_60x60_run_006_seed_123,123
18.283262743589457,76.58902025049748,60,60,size_60x60_run_006_seed_123,123
18.283263078667115,76.59176029962546,60,60,size_60x60_run_006_seed_123,123
18.283515695045757,76.59449970743125,60,60,size_60x60_run_006_seed_123,123
18.28410918186703,76.59723847413996,60,60,size_60x60_run_006_seed_123,123
18.285143024224375,76.5999765999766,60,60,size_60x60_run_006_seed_123,123
18.28520006225951,76.60271408516613,60,60,size_60x60_run_006_seed_123,123
18.28563700411952,76.60545092993333,60,60,size_60x60_run_006_seed_123,123
18.285643724046825,76.60818713450293,60,60,size_60x60_run_006_seed_123,123
18.285733058614586,76.61092269909952,60,60,size_60x60_run_006_seed_123,123
18.285825792496166,76.61365762394762,60,60,size_60x60_run_006_seed_123,123
18.287018008809145,76.6163919092716,60,60,size_60x60_run_006_seed_123,123
18.28719013111019,76.61912555529577,60,60,size_60x60_run_006_seed_123,123
18.288417590615275,76.6218585622443,60,60,size_60x60_run_006_seed_123,123
18.28848673278199,76.62459093034128,60,60,size_60x60_run_006_seed_123,123
18.288572043635835,76.62732265981069,60,60,size_60x60_run_006_seed_123,123
18.28860653395914,76.63005375087637,60,60,size_60x60_run_006_seed_123,123
18.289100245193485,76.63278420376211,60,60,size_60x60_run_006_seed_123,123
18.289164667988693,76.63551401869158,60,60,size_60x60_run_006_seed_123,123
18.28946590489137,76.63824319588834,60,60,size_60x60_run_006_seed_123,123
18.290005061204578,76.6409717355758,60,60,size_60x60_run_006_seed_123,123
18.29000675867622,76.64369963797735,60,60,size_60x60_run_006_seed_123,123
18.290526842380796,76.64642690331621,60,60,size_60x60_run_006_seed_123,123
18.290623934143774,76.64915353181553,60,60,size_60x60_run_006_seed_123,123
18.290848088989463,76.65187952369834,60,60,size_60x60_run_006_seed_123,123
18.291265249059602,76.65460487918759,60,60,size_60x60_run_006_seed_123,123
18.291292452338144,76.65732959850608,60,60,size_60x60_run_006_seed_123,123
18.29130387667685,76.66005368187653,60,60,size_60x60_run_006_seed_123,123
18.29142400942503,76.66277712952159,60,60,size_60x60_run_006_seed_123,123
18.29157840906793,76.66549994166375,60,60,size_60x60_run_006_seed_123,123
18.29201863753811,76.66822211852543,60,60,size_60x60_run_006_seed_123,123
18.29222137361043,76.67094366032894,60,60,size_60x60_run_006_seed_123,123
18.29309284281846,76.67366456729647,60,60,size_60x60_run_006_seed_123,123
18.293100728725058,76.67638483965014,60,60,size_60x60_run_006_seed_123,123
18.29324513100229,76.67910447761194,60,60,size_60x60_run_006_seed_123,123
18.293247764514174,76.68182348140375,60,60,size_60x60_run_006_seed_123,123
18.293496687785993,76.68454185124737,60,60,size_60x60_run_006_seed_123,123
18.293537301870934,76.6872595873645,60,60,size_60x60_run_006_seed_123,123
18.293807686199813,76.68997668997669,60,60,size_60x60_run_006_seed_123,123
18.294634115165834,76.69269315930545,60,60,size_60x60_run_006_seed_123,123
18.29470795268219,76.69540899557212,60,60,size_60x60_run_006_seed_123,123
18.294809739023425,76.69812419899802,60,60,size_60x60_run_006_seed_123,123
18.29486407760613,76.70083876980429,60,60,size_60x60_run_006_seed_123,123
18.294954955680545,76.703552708212,60,60,size_60x60_run_006_seed_123,123
18.295041506803464,76.703552708212,60,60,size_60x60_run_006_seed_123,123
18.29584686566246,76.70626601444212,60,60,size_60x60_run_006_seed_123,123
18.295882522814694,76.7089786887155,60,60,size_60x60_run_006_seed_123,123
18.296036367148048,76.71169073125292,60,60,size_60x60_run_006_seed_123,123
18.296224927367255,76.714402142275,60,60,size_60x60_run_006_seed_123,123
18.296815923982543,76.71711292200233,60,60,size_60x60_run_006_seed_123,123
18.297220846460682,76.71982307065534,60,60,size_60x60_run_006_seed_123,123
18.297433827658324,76.72253258845437,60,60,size_60x60_run_006_seed_123,123
18.29796276917055,76.72524147561968,60,60,size_60x60_run_006_seed_123,123
18.29810338477716,76.72794973237143,60,60,size_60x60_run_006_seed_123,123
18.29877428175817,76.72794973237143,60,60,size_60x60_run_006_seed_123,123
18.299050237758557,76.7306573589296,60,60,size_60x60_run_006_seed_123,123
18.299353007633773,76.73336435551418,60,60,size_60x60_run_006_seed_123,123
18.29984320133555,76.736070722345,60,60,size_60x60_run_006_seed_123,123
18.299861835286414,76.73877645964178,60,60,size_60x60_run_006_seed_123,123
18.300285232522135,76.74148156762413,60,60,size_60x60_run_006_seed_123,123
18.300331642560288,76.74418604651163,60,60,size_60x60_run_006_seed_123,123
18.30282665940694,76.74688989652367,60,60,size_60x60_run_006_seed_123,123
18.30289124209178,76.74959311787957,60,60,size_60x60_run_006_seed_123,123
18.30307970755908,76.75229571079856,60,60,size_60x60_run_006_seed_123,123
18.30316484856755,76.75499767549977,60,60,size_60x60_run_006_seed_123,123
18.303402171991777,76.75769901220221,60,60,size_60x60_run_006_seed_123,123
18.304573552486332,76.7603997211248,60,60,size_60x60_run_006_seed_123,123
18.30470326789781,76.7603997211248,60,60,size_60x60_run_006_seed_123,123
18.30557409443005,76.76309980248635,60,60,size_60x60_run_006_seed_123,123
18.3058779792196,76.76579925650557,60,60,size_60x60_run_006_seed_123,123
18.306468052382314,76.7684980834011,60,60,size_60x60_run_006_seed_123,123
18.307010442172444,76.7711962833914,60,60,size_60x60_run_006_seed_123,123
18.30716371809108,76.77389385669493,60,60,size_60x60_run_006_seed_123,123
18.30718965840714,76.77659080352996,60,60,size_60x60_run_006_seed_123,123
18.30818552552641,76.77928712411472,60,60,size_60x60_run_006_seed_123,123
18.308404741496908,76.78198281866729,60,60,size_60x60_run_006_seed_123,123
18.308485943174208,76.78467788740568,60,60,size_60x60_run_006_seed_123,123
18.30856965062908,76.78737233054783,60,60,size_60x60_run_006_seed_123,123
18.31174113315349,76.79006614831148,60,60,size_60x60_run_006_seed_123,123
18.311881322440886,76.79275934091436,60,60,size_60x60_run_006_seed_123,123
18.311890708043652,76.79545190857408,60,60,size_60x60_run_006_seed_123,123
18.312072025277654,76.79814385150812,60,60,size_60x60_run_006_seed_123,123
18.312443329562054,76.80083516993388,60,60,size_60x60_run_006_seed_123,123
18.31270232640558,76.80352586406866,60,60,size_60x60_run_006_seed_123,123
18.31314122333363,76.80352586406866,60,60,size_60x60_run_006_seed_123,123
18.313427593942926,76.80621593412965,60,60,size_60x60_run_006_seed_123,123
18.31399454284616,76.80890538033395,60,60,size_60x60_run_006_seed_123,123
18.31461675242866,76.81159420289855,60,60,size_60x60_run_006_seed_123,123
18.31522421215296,76.81428240204035,60,60,size_60x60_run_006_seed_123,123
18.31538321870521,76.81696997797613,60,60,size_60x60_run_006_seed_123,123
18.31546807660238,76.81965693092258,60,60,size_60x60_run_006_seed_123,123
18.31548073669584,76.82234326109631,60,60,size_60x60_run_006_seed_123,123
18.31558724119034,76.8250289687138,60,60,size_60x60_run_006_seed_123,123
18.31560115553782,76.82771405399143,60,60,size_60x60_run_006_seed_123,123
18.31561000317787,76.83039851714551,60,60,size_60x60_run_006_seed_123,123
18.316358204355666,76.83308235839222,60,60,size_60x60_run_006_seed_123,123
18.31658241649214,76.83576557794764,60,60,size_60x60_run_006_seed_123,123
18.31667389926539,76.8384481760278,60,60,size_60x60_run_006_seed_123,123
18.31684849780696,76.84113015284854,60,60,size_60x60_run_006_seed_123,123
18.317212583007098,76.84381150862568,60,60,size_60x60_run_006_seed_123,123
18.317553365594307,76.8464922435749,60,60,size_60x60_run_006_seed_123,123
18.318205398597215,76.8491723579118,60,60,size_60x60_run_006_seed_123,123
18.318366804412115,76.85185185185185,60,60,size_60x60_run_006_seed_123,123
18.318625396804915,76.85453072561046,60,60,size_60x60_run_006_seed_123,123
18.31892141930398,76.85720897940291,60,60,size_60x60_run_006_seed_123,123
18.31914812831303,76.8598866134444,60,60,size_60x60_run_006_seed_123,123
18.319332905806196,76.86256362795002,60,60,size_60x60_run_006_seed_123,123
18.319434130854212,76.86524002313476,60,60,size_60x60_run_006_seed_123,123
18.32008932833227,76.8679157992135,60,60,size_60x60_run_006_seed_123,123
18.320187597735075,76.87059095640106,60,60,size_60x60_run_006_seed_123,123
18.320553775730186,76.87326549491212,60,60,size_60x60_run_006_seed_123,123
18.32057804644111,76.87593941496127,60,60,size_60x60_run_006_seed_123,123
18.32108887137756,76.878612716763,60,60,size_60x60_run_006_seed_123,123
18.321631230931807,76.88128540053172,60,60,size_60x60_run_006_seed_123,123
18.321742480572457,76.88395746648173,60,60,size_60x60_run_006_seed_123,123
18.321995587063064,76.88662891482723,60,60,size_60x60_run_006_seed_123,123
18.32256636171789,76.8892997457823,60,60,size_60x60_run_006_seed_123,123
18.323186106266448,76.89196995956095,60,60,size_60x60_run_006_seed_123,123
18.32323111334902,76.89196995956095,60,60,size_60x60_run_006_seed_123,123
18.323449428971806,76.89463955637707,60,60,size_60x60_run_006_seed_123,123
18.323586750944738,76.8973085364445,60,60,size_60x60_run_006_seed_123,123
18.32366989051916,76.89997689997689,60,60,size_60x60_run_006_seed_123,123
18.323767493269887,76.9026446471879,60,60,size_60x60_run_006_seed_123,123
18.324266212385027,76.905311778291,60,60,size_60x60_run_006_seed_123,123
18.324413767278855,76.9079782934996,60,60,size_60x60_run_006_seed_123,123
18.324843462641184,76.91064419302701,60,60,size_60x60_run_006_seed_123,123
18.32497128497978,76.91330947708646,60,60,size_60x60_run_006_seed_123,123
18.325041740677573,76.91597414589104,60,60,size_60x60_run_006_seed_123,123
18.32511430622168,76.91863819965377,60,60,size_60x60_run_006_seed_123,123
18.325123198777554,76.92130163858758,60,60,size_60x60_run_006_seed_123,123
18.32583678379515,76.92396446290527,60,60,size_60x60_run_006_seed_123,123
18.325940544716474,76.92662667281957,60,60,size_60x60_run_006_seed_123,123
18.32624050640434,76.92928826854309,60,60,size_60x60_run_006_seed_123,123
18.326284294111016,76.93194925028835,60,60,size_60x60_run_006_seed_123,123
18.326443712745505,76.93460961826779,60,60,size_60x60_run_006_seed_123,123
18.326800494054467,76.93726937269373,60,60,size_60x60_run_006_seed_123,123
18.32756082586011,76.93992851377838,60,60,size_60x60_run_006_seed_123,123
18.327769038489024,76.94258704173392,60,60,size_60x60_run_006_seed_123,123
18.328407918091163,76.94524495677233,60,60,size_60x60_run_006_seed_123,123
18.328436158284454,76.94790225910559,60,60,size_60x60_run_006_seed_123,123
18.32904064218039,76.95055894894548,60,60,size_60x60_run_006_seed_123,123
18.329365862171354,76.95321502650381,60,60,size_60x60_run_006_seed_123,123
18.32977797716428,76.95587049199216,60,60,size_60x60_run_006_seed_123,123
18.329862182529975,76.95852534562212,60,60,size_60x60_run_006_seed_123,123
18.329872559577154,76.96117958760512,60,60,size_60x60_run_006_seed_123,123
18.329972208980653,76.9638332181525,60,60,size_60x60_run_006_seed_123,123
18.331746255806777,76.96648623747552,60,60,size_60x60_run_006_seed_123,123
18.331794539493917,76.96913864578535,60,60,size_60x60_run_006_seed_123,123
18.331937482270018,76.97179044329303,60,60,size_60x60_run_006_seed_123,123
18.331939307544705,76.97444163020954,60,60,size_60x60_run_006_seed_123,123
18.331993778712445,76.97709220674571,60,60,size_60x60_run_006_seed_123,123
18.332068899560475,76.97974217311234,60,60,size_60x60_run_006_seed_123,123
18.33278630654018,76.98239152952007,60,60,size_60x60_run_006_seed_123,123
18.333521892431424,76.98504027617952,60,60,size_60x60_run_006_seed_123,123
18.33355967021158,76.98768841330111,60,60,size_60x60_run_006_seed_123,123
18.333932724553833,76.99033594109525,60,60,size_60x60_run_006_seed_123,123
18.334320644847054,76.99298285977223,60,60,size_60x60_run_006_seed_123,123
18.334499267869496,76.99562916954221,60,60,size_60x60_run_006_seed_123,123
18.33451299291519,76.99827487061529,60,60,size_60x60_run_006_seed_123,123
18.335052141298984,77.00091996320147,60,60,size_60x60_run_006_seed_123,123
18.33512020414636,77.00356444751063,60,60,size_60x60_run_006_seed_123,123
18.335220663404126,77.00620832375259,60,60,size_60x60_run_006_seed_123,123
18.335806161928904,77.00885159213703,60,60,size_60x60_run_006_seed_123,123
18.335853939054136,77.01149425287356,60,60,size_60x60_run_006_seed_123,123
18.336409616752672,77.01413630617171,60,60,size_60x60_run_006_seed_123,123
18.336756066338776,77.01677775224086,60,60,size_60x60_run_006_seed_123,123
18.33846950173704,77.01941859129036,60,60,size_60x60_run_006_seed_123,123
18.338922672196972,77.02205882352942,60,60,size_60x60_run_006_seed_123,123
18.33990570531386,77.02469844916715,60,60,size_60x60_run_006_seed_123,123
18.340075789146336,77.0273374684126,60,60,size_60x60_run_006_seed_123,123
18.340418943202945,77.02997588147468,60,60,size_60x60_run_006_seed_123,123
18.340542261759783,77.03261368856225,60,60,size_60x60_run_006_seed_123,123
18.34107601637198,77.03525088988403,60,60,size_60x60_run_006_seed_123,123
18.341959350945224,77.03788748564868,60,60,size_60x60_run_006_seed_123,123
18.34311378342836,77.04052347606475,60,60,size_60x60_run_006_seed_123,123
18.343850413888415,77.04315886134067,60,60,size_60x60_run_006_seed_123,123
18.345392995459083,77.04579364168484,60,60,size_60x60_run_006_seed_123,123
18.345500442980068,77.04842781730548,60,60,size_60x60_run_006_seed_123,123
18.345847272203752,77.05106138841079,60,60,size_60x60_run_006_seed_123,123
18.347248187121917,77.05369435520882,60,60,size_60x60_run_006_seed_123,123
18.347259513364744,77.05632671790754,60,60,size_60x60_run_006_seed_123,123
18.347295954242327,77.05895847671485,60,60,size_60x60_run_006_seed_123,123
18.347543895402698,77.06158963183852,60,60,size_60x60_run_006_seed_123,123
18.347923777763057,77.06422018348624,60,60,size_60x60_run_006_seed_123,123
18.348216083794533,77.06685013186562,60,60,size_60x60_run_006_seed_123,123
18.348512954703086,77.06947947718413,60,60,size_60x60_run_006_seed_123,123
18.348883132890872,77.07210821964921,60,60,size_60x60_run_006_seed_123,123
18.34945550862385,77.07473635946813,60,60,size_60x60_run_006_seed_123,123
18.350074205127356,77.07736389684814,60,60,size_60x60_run_006_seed_123,123
18.350766374891727,77.07999083199634,60,60,size_60x60_run_006_seed_123,123
18.350847374880306,77.08261716511974,60,60,size_60x60_run_006_seed_123,123
18.351282250936645,77.0852428964253,60,60,size_60x60_run_006_seed_123,123
18.351685442998978,77.08786802611984,60,60,size_60x60_run_006_seed_123,123
18.35190982351782,77.09049255441009,60,60,size_60x60_run_006_seed_123,123
18.352607001567492,77.09311648150269,60,60,size_60x60_run_006_seed_123,123
18.353326020933714,77.09573980760422,60,60,size_60x60_run_006_seed_123,123
18.35375621296026,77.0983625329211,60,60,size_60x60_run_006_seed_123,123
18.354400907392773,77.10098465765972,60,60,size_60x60_run_006_seed_123,123
18.354735499273502,77.10360618202633,60,60,size_60x60_run_006_seed_123,123
18.354965272415587,77.10622710622711,60,60,size_60x60_run_006_seed_123,123
18.355470810828457,77.10884743046812,60,60,size_60x60_run_006_seed_123,123
18.355875370250526,77.11146715495538,60,60,size_60x60_run_006_seed_123,123
18.356560819333794,77.11408627989472,60,60,size_60x60_run_006_seed_123,123
18.356646025568832,77.11670480549199,60,60,size_60x60_run_006_seed_123,123
18.356658949227704,77.11932273195286,60,60,size_60x60_run_006_seed_123,123
18.356710272011128,77.12194005948295,60,60,size_60x60_run_006_seed_123,123
18.35675454908336,77.12455678828776,60,60,size_60x60_run_006_seed_123,123
18.357189620882355,77.12717291857274,60,60,size_60x60_run_006_seed_123,123
18.357301752033734,77.12978845054317,60,60,size_60x60_run_006_seed_123,123
18.358095805777133,77.1324033844043,60,60,size_60x60_run_006_seed_123,123
18.358357523706857,77.13501772036126,60,60,size_60x60_run_006_seed_123,123
18.358439255831087,77.13763145861911,60,60,size_60x60_run_006_seed_123,123
18.358642213042717,77.1402445993828,60,60,size_60x60_run_006_seed_123,123
18.359445645201387,77.14285714285715,60,60,size_60x60_run_006_seed_123,123
18.359462407381702,77.14546908924694,60,60,size_60x60_run_006_seed_123,123
18.36102472461425,77.14808043875686,60,60,size_60x60_run_006_seed_123,123
18.361032385622572,77.15069119159146,60,60,size_60x60_run_006_seed_123,123
18.361086837631387,77.15330134795522,60,60,size_60x60_run_006_seed_123,123
18.36156523790723,77.15591090805253,60,60,size_60x60_run_006_seed_123,123
18.362070675548825,77.15851987208772,60,60,size_60x60_run_006_seed_123,123
18.362529270360056,77.16112824026493,60,60,size_60x60_run_006_seed_123,123
18.36342258301517,77.1637360127883,60,60,size_60x60_run_006_seed_123,123
18.363983692947148,77.1637360127883,60,60,size_60x60_run_006_seed_123,123
18.364095273435304,77.16634318986185,60,60,size_60x60_run_006_seed_123,123
18.364271625133195,77.1689497716895,60,60,size_60x60_run_006_seed_123,123
18.365417933453454,77.17155575847507,60,60,size_60x60_run_006_seed_123,123
18.365933305809055,77.17416115042228,60,60,size_60x60_run_006_seed_123,123
18.36602578526856,77.1767659477348,60,60,size_60x60_run_006_seed_123,123
18.366664569267993,77.17937015061615,60,60,size_60x60_run_006_seed_123,123
18.36672056471988,77.18197375926982,60,60,size_60x60_run_006_seed_123,123
18.366881549527058,77.18457677389917,60,60,size_60x60_run_006_seed_123,123
18.367028318768977,77.18717919470743,60,60,size_60x60_run_006_seed_123,123
18.367146053862758,77.1897810218978,60,60,size_60x60_run_006_seed_123,123
18.367171935660508,77.1923822556734,60,60,size_60x60_run_006_seed_123,123
18.367196837182956,77.19498289623718,60,60,size_60x60_run_006_seed_123,123
18.367344973885036,77.19758294379204,60,60,size_60x60_run_006_seed_123,123
18.36856874128265,77.2001823985408,60,60,size_60x60_run_006_seed_123,123
18.36893935408113,77.2027812606862,60,60,size_60x60_run_006_seed_123,123
18.369064156277823,77.20537953043082,60,60,size_60x60_run_006_seed_123,123
18.36935703268524,77.20797720797721,60,60,size_60x60_run_006_seed_123,123
18.370391021155214,77.2105742935278,60,60,size_60x60_run_006_seed_123,123
18.370438108923338,77.21317078728495,60,60,size_60x60_run_006_seed_123,123
18.370818385839467,77.2157666894509,60,60,size_60x60_run_006_seed_123,123
18.370878462213977,77.21836200022781,60,60,size_60x60_run_006_seed_123,123
18.371292665530945,77.22095671981776,60,60,size_60x60_run_006_seed_123,123
18.371662894816257,77.22355084842273,60,60,size_60x60_run_006_seed_123,123
18.371843831344115,77.22614438624458,60,60,size_60x60_run_006_seed_123,123
18.37193853871867,77.22873733348514,60,60,size_60x60_run_006_seed_123,123
18.372710050648987,77.23132969034609,60,60,size_60x60_run_006_seed_123,123
18.37333975867553,77.23392145702903,60,60,size_60x60_run_006_seed_123,123
18.373417282355163,77.23651263373549,60,60,size_60x60_run_006_seed_123,123
18.374379076703388,77.23910322066689,60,60,size_60x60_run_006_seed_123,123
18.37440164338583,77.24169321802458,60,60,size_60x60_run_006_seed_123,123
18.374514478393234,77.24428262600979,60,60,size_60x60_run_006_seed_123,123
18.37497288511026,77.24687144482367,60,60,size_60x60_run_006_seed_123,123
18.37616904129582,77.24945967466728,60,60,size_60x60_run_006_seed_123,123
18.376379797537815,77.24945967466728,60,60,size_60x60_run_006_seed_123,123
18.376858499412325,77.25204731574158,60,60,size_60x60_run_006_seed_123,123
18.376927536304628,77.25463436824747,60,60,size_60x60_run_006_seed_123,123
18.37717141607037,77.25722083238573,60,60,size_60x60_run_006_seed_123,123
18.377245928124317,77.25980670835703,60,60,size_60x60_run_006_seed_123,123
18.377623947414865,77.26239199636198,60,60,size_60x60_run_006_seed_123,123
18.377749103893112,77.26497669660112,60,60,size_60x60_run_006_seed_123,123
18.377904116964924,77.26497669660112,60,60,size_60x60_run_006_seed_123,123
18.378388262761305,77.26756080927484,60,60,size_60x60_run_006_seed_123,123
18.37869511361851,77.27014433458348,60,60,size_60x60_run_006_seed_123,123
18.37894726630717,77.27272727272727,60,60,size_60x60_run_006_seed_123,123
18.37903163069604,77.27530962390638,60,60,size_60x60_run_006_seed_123,123
18.37958654144066,77.27789138832084,60,60,size_60x60_run_006_seed_123,123
18.379913236016243,77.28047256617062,60,60,size_60x60_run_006_seed_123,123
18.379980439290673,77.28305315765562,60,60,size_60x60_run_006_seed_123,123
18.38025025502223,77.28563316297559,60,60,size_60x60_run_006_seed_123,123
18.380273734021717,77.28821258233023,60,60,size_60x60_run_006_seed_123,123
18.38049426650241,77.29079141591916,60,60,size_60x60_run_006_seed_123,123
18.381306863964532,77.29336966394187,60,60,size_60x60_run_006_seed_123,123
18.381750004390415,77.2959473265978,60,60,size_60x60_run_006_seed_123,123
18.382123628561043,77.29852440408627,60,60,size_60x60_run_006_seed_123,123
18.382486216431527,77.30110089660651,60,60,size_60x60_run_006_seed_123,123
18.382756575527743,77.30367680435769,60,60,size_60x60_run_006_seed_123,123
18.38276160953017,77.30625212753887,60,60,size_60x60_run_006_seed_123,123
18.382770226361238,77.308826866349,60,60,size_60x60_run_006_seed_123,123
18.3834837618101,77.31140102098696,60,60,size_60x60_run_006_seed_123,123
18.38375564097705,77.31397459165154,60,60,size_60x60_run_006_seed_123,123
18.383982811223564,77.31654757854145,60,60,size_60x60_run_006_seed_123,123
18.38434466628613,77.3191199818553,60,60,size_60x60_run_006_seed_123,123
18.384420463697865,77.32169180179159,60,60,size_60x60_run_006_seed_123,123
18.384574174627655,77.32426303854876,60,60,size_60x60_run_006_seed_123,123
18.385053759385425,77.32683369232514,60,60,size_60x60_run_006_seed_123,123
18.385119971730713,77.32940376331896,60,60,size_60x60_run_006_seed_123,123
18.38513613772643,77.33197325172844,60,60,size_60x60_run_006_seed_123,123
18.38556007485818,77.33454215775159,60,60,size_60x60_run_006_seed_123,123
18.385743832644764,77.33711048158641,60,60,size_60x60_run_006_seed_123,123
18.38614847729386,77.33967822343078,60,60,size_60x60_run_006_seed_123,123
18.386152034869276,77.3422453834825,60,60,size_60x60_run_006_seed_123,123
18.38641487350732,77.34481196193929,60,60,size_60x60_run_006_seed_123,123
18.386435254135716,77.34737795899875,60,60,size_60x60_run_006_seed_123,123
18.386716322865432,77.34994337485843,60,60,size_60x60_run_006_seed_123,123
18.386974617868052,77.35250820971578,60,60,size_60x60_run_006_seed_123,123
18.38720414457073,77.35507246376811,60,60,size_60x60_run_006_seed_123,123
18.387776450201336,77.35763613721272,60,60,size_60x60_run_006_seed_123,123
18.387962015951782,77.36019923024678,60,60,size_60x60_run_006_seed_123,123
18.388870605801397,77.36276174306734,60,60,size_60x60_run_006_seed_123,123
18.38930384076568,77.36532367587144,60,60,size_60x60_run_006_seed_123,123
18.389570808024462,77.36788502885594,60,60,size_60x60_run_006_seed_123,123
18.38979824079455,77.37044580221769,60,60,size_60x60_run_006_seed_123,123
18.39022197542054,77.37300599615341,60,60,size_60x60_run_006_seed_123,123
18.39024499071592,77.37556561085974,60,60,size_60x60_run_006_seed_123,123
18.39263315993918,77.3781246465332,60,60,size_60x60_run_006_seed_123,123
18.39292475861354,77.38068310337027,60,60,size_60x60_run_006_seed_123,123
18.39313472852644,77.38324098156734,60,60,size_60x60_run_006_seed_123,123
18.39348929510254,77.38579828132067,60,60,size_60x60_run_006_seed_123,123
18.39365302022119,77.38835500282646,60,60,size_60x60_run_006_seed_123,123
18.394098880251537,77.3909111462808,60,60,size_60x60_run_006_seed_123,123
18.395516785735087,77.3909111462808,60,60,size_60x60_run_006_seed_123,123
18.395660426224826,77.39346671187974,60,60,size_60x60_run_006_seed_123,123
18.396532770600178,77.39602169981917,60,60,size_60x60_run_006_seed_123,123
18.397231794388965,77.39857611029495,60,60,size_60x60_run_006_seed_123,123
18.39729295112895,77.40112994350282,60,60,size_60x60_run_006_seed_123,123
18.397357992546294,77.40368319963846,60,60,size_60x60_run_006_seed_123,123
18.39774155050162,77.40623587889742,60,60,size_60x60_run_006_seed_123,123
18.39806352981076,77.4087879814752,60,60,size_60x60_run_006_seed_123,123
18.39842758663798,77.4113395075672,60,60,size_60x60_run_006_seed_123,123
18.399195653848654,77.41389045736872,60,60,size_60x60_run_006_seed_123,123
18.399319815204365,77.41644083107498,60,60,size_60x60_run_006_seed_123,123
18.399553878896686,77.41899062888112,60,60,size_60x60_run_006_seed_123,123
18.40019828076583,77.42153985098217,60,60,size_60x60_run_006_seed_123,123
18.40023151521302,77.42408849757308,60,60,size_60x60_run_006_seed_123,123
18.40068517299276,77.42663656884876,60,60,size_60x60_run_006_seed_123,123
18.400849257957997,77.42918406500395,60,60,size_60x60_run_006_seed_123,123
18.400870405392695,77.43173098623336,60,60,size_60x60_run_006_seed_123,123
18.400898365267253,77.43427733273158,60,60,size_60x60_run_006_seed_123,123
18.401668537600322,77.43682310469315,60,60,size_60x60_run_006_seed_123,123
18.401861039318415,77.43936830231246,60,60,size_60x60_run_006_seed_123,123
18.40286657661295,77.4419129257839,60,60,size_60x60_run_006_seed_123,123
18.402974996525423,77.44445697530168,60,60,size_60x60_run_006_seed_123,123
18.40344106870563,77.44700045105999,60,60,size_60x60_run_006_seed_123,123
18.403828467297938,77.4495433532529,60,60,size_60x60_run_006_seed_123,123
18.404120461218522,77.45208568207441,60,60,size_60x60_run_006_seed_123,123
18.40428199454129,77.4546274377184,60,60,size_60x60_run_006_seed_123,123
18.40429174846154,77.45716862037872,60,60,size_60x60_run_006_seed_123,123
18.404492209166943,77.45970923024908,60,60,size_60x60_run_006_seed_123,123
18.40460458089818,77.46224926752309,60,60,size_60x60_run_006_seed_123,123
18.404937034063718,77.46478873239437,60,60,size_60x60_run_006_seed_123,123
18.40536286681141,77.46732762505634,60,60,size_60x60_run_006_seed_123,123
18.40539720829226,77.46986594570238,60,60,size_60x60_run_006_seed_123,123
18.40540760645346,77.4724036945258,60,60,size_60x60_run_006_seed_123,123
18.405541388551114,77.4749408717198,60,60,size_60x60_run_006_seed_123,123
18.405592205364183,77.47747747747748,60,60,size_60x60_run_006_seed_123,123
18.40570654134919,77.4800135119919,60,60,size_60x60_run_006_seed_123,123
18.406155622720703,77.48254897545598,60,60,size_60x60_run_006_seed_123,123
18.40659838284725,77.48508386806259,60,60,size_60x60_run_006_seed_123,123
18.40670707626195,77.4876181900045,60,60,size_60x60_run_006_seed_123,123
18.40760873873761,77.4901519414744,60,60,size_60x60_run_006_seed_123,123
18.408415246040825,77.49268512266487,60,60,size_60x60_run_006_seed_123,123
18.408698106557182,77.49521773376843,60,60,size_60x60_run_006_seed_123,123
18.40872684050357,77.49774977497749,60,60,size_60x60_run_006_seed_123,123
18.40924548314614,77.50028124648442,60,60,size_60x60_run_006_seed_123,123
18.409264129160526,77.50281214848144,60,60,size_60x60_run_006_seed_123,123
18.409266746510077,77.50534248116072,60,60,size_60x60_run_006_seed_123,123
18.409316192853783,77.50787224471435,60,60,size_60x60_run_006_seed_123,123
18.409474802144608,77.5104014393343,60,60,size_60x60_run_006_seed_123,123
18.4095147308731,77.5129300652125,60,60,size_60x60_run_006_seed_123,123
18.409626126472087,77.51545812254075,60,60,size_60x60_run_006_seed_123,123
18.410865561199923,77.51798561151078,60,60,size_60x60_run_006_seed_123,123
18.411369043833734,77.52051253231427,60,60,size_60x60_run_006_seed_123,123
18.41137251882969,77.52303888514273,60,60,size_60x60_run_006_seed_123,123
18.41155463512202,77.52556467018766,60,60,size_60x60_run_006_seed_123,123
18.41163314974573,77.52808988764045,60,60,size_60x60_run_006_seed_123,123
18.411652792479334,77.5306145376924,60,60,size_60x60_run_006_seed_123,123
18.411725804354198,77.53313862053471,60,60,size_60x60_run_006_seed_123,123
18.411879598847335,77.53566213635852,60,60,size_60x60_run_006_seed_123,123
18.41240465643734,77.5381850853549,60,60,size_60x60_run_006_seed_123,123
18.41250014756118,77.54070746771477,60,60,size_60x60_run_006_seed_123,123
18.41339052734696,77.54322928362902,60,60,size_60x60_run_006_seed_123,123
18.41390087443675,77.54575053328843,60,60,size_60x60_run_006_seed_123,123
18.413908509629525,77.5482712168837,60,60,size_60x60_run_006_seed_123,123
18.414111561150186,77.55079133460545,60,60,size_60x60_run_006_seed_123,123
18.41445621823774,77.55331088664423,60,60,size_60x60_run_006_seed_123,123
18.41484533833937,77.55582987319045,60,60,size_60x60_run_006_seed_123,123
18.415072329761788,77.55582987319045,60,60,size_60x60_run_006_seed_123,123
18.415828019627494,77.55834829443447,60,60,size_60x60_run_006_seed_123,123
18.41680305279929,77.56086615056658,60,60,size_60x60_run_006_seed_123,123
18.4175137495546,77.56338344177698,60,60,size_60x60_run_006_seed_123,123
18.417773195539628,77.56590016825575,60,60,size_60x60_run_006_seed_123,123
18.417972933054997,77.56841633019292,60,60,size_60x60_run_006_seed_123,123
18.418005622781358,77.56841633019292,60,60,size_60x60_run_006_seed_123,123
18.418176962549698,77.5709319277784,60,60,size_60x60_run_006_seed_123,123
18.418480424401498,77.57344696120207,60,60,size_60x60_run_006_seed_123,123
18.418580818471888,77.57596143065366,60,60,size_60x60_run_006_seed_123,123
18.418719140310102,77.57847533632287,60,60,size_60x60_run_006_seed_123,123
18.419296919237766,77.5809886783993,60,60,size_60x60_run_006_seed_123,123
18.419595109956145,77.5835014570724,60,60,size_60x60_run_006_seed_123,123
18.419758632100642,77.58601367253166,60,60,size_60x60_run_006_seed_123,123
18.419785288234163,77.58852532496638,60,60,size_60x60_run_006_seed_123,123
18.419878940427402,77.59103641456583,60,60,size_60x60_run_006_seed_123,123
18.4203884947691,77.59103641456583,60,60,size_60x60_run_006_seed_123,123
18.420607703388896,77.59354694151915,60,60,size_60x60_run_006_seed_123,123
18.420630463920524,77.59605690601545,60,60,size_60x60_run_006_seed_123,123
18.421036891784695,77.59856630824373,60,60,size_60x60_run_006_seed_123,123
18.421111213009482,77.60107514839288,60,60,size_60x60_run_006_seed_123,123
18.421289923023163,77.60358342665174,60,60,size_60x60_run_006_seed_123,123
18.42189535975152,77.60609114320904,60,60,size_60x60_run_006_seed_123,123
18.422416470237856,77.60859829825347,60,60,size_60x60_run_006_seed_123,123
18.423075152345252,77.61110489197358,60,60,size_60x60_run_006_seed_123,123
18.423423483797137,77.61361092455788,60,60,size_60x60_run_006_seed_123,123
18.42359299946704,77.61611639619474,60,60,size_60x60_run_006_seed_123,123
18.423641995980752,77.61862130707252,60,60,size_60x60_run_006_seed_123,123
18.42377092553353,77.62112565737944,60,60,size_60x60_run_006_seed_123,123
18.424377137625026,77.62362944730364,60,60,size_60x60_run_006_seed_123,123
18.424422021197472,77.62613267703323,60,60,size_60x60_run_006_seed_123,123
18.424524957201175,77.62863534675614,60,60,size_60x60_run_006_seed_123,123
18.424861345028226,77.62863534675614,60,60,size_60x60_run_006_seed_123,123
18.42535407750176,77.63113745666033,60,60,size_60x60_run_006_seed_123,123
18.425444813149713,77.63363900693358,60,60,size_60x60_run_006_seed_123,123
18.425470383768396,77.6361399977636,60,60,size_60x60_run_006_seed_123,123
18.425585804726815,77.6386404293381,60,60,size_60x60_run_006_seed_123,123
18.42638239932671,77.6411403018446,60,60,size_60x60_run_006_seed_123,123
18.426439916686277,77.6436396154706,60,60,size_60x60_run_006_seed_123,123
18.426466320241783,77.64613837040348,60,60,size_60x60_run_006_seed_123,123
18.42664107455348,77.64863656683058,60,60,size_60x60_run_006_seed_123,123
18.42713002818421,77.6511342049391,60,60,size_60x60_run_006_seed_123,123
18.427331556116336,77.6536312849162,60,60,size_60x60_run_006_seed_123,123
18.427948470237308,77.65612780694894,60,60,size_60x60_run_006_seed_123,123
18.427963394465067,77.65862377122431,60,60,size_60x60_run_006_seed_123,123
18.42852131025561,77.66111917792918,60,60,size_60x60_run_006_seed_123,123
18.428627934968027,77.66361402725039,60,60,size_60x60_run_006_seed_123,123
18.428961076317815,77.66610831937464,60,60,size_60x60_run_006_seed_123,123
18.42963378050953,77.66860205448862,60,60,size_60x60_run_006_seed_123,123
18.430465536761613,77.67109523277882,60,60,size_60x60_run_006_seed_123,123
18.43098091510336,77.67358785443179,60,60,size_60x60_run_006_seed_123,123
18.431102216218306,77.67607991963389,60,60,size_60x60_run_006_seed_123,123
18.431102970684815,77.67857142857143,60,60,size_60x60_run_006_seed_123,123
18.43112544168852,77.68106238143065,60,60,size_60x60_run_006_seed_123,123
18.43122172609089,77.68355277839768,60,60,size_60x60_run_006_seed_123,123
18.43145102328584,77.68604261965861,60,60,size_60x60_run_006_seed_123,123
18.431851561205992,77.68853190539937,60,60,size_60x60_run_006_seed_123,123
18.4320363742868,77.69102063580591,60,60,size_60x60_run_006_seed_123,123
18.432141809395546,77.69350881106402,60,60,size_60x60_run_006_seed_123,123
18.43231265984498,77.69599643135943,60,60,size_60x60_run_006_seed_123,123
18.433244491946397,77.69848349687778,60,60,size_60x60_run_006_seed_123,123
18.433625096209745,77.70097000780466,60,60,size_60x60_run_006_seed_123,123
18.433857486364662,77.70345596432553,60,60,size_60x60_run_006_seed_123,123
18.43386883361084,77.70345596432553,60,60,size_60x60_run_006_seed_123,123
18.43404546778374,77.7059413666258,60,60,size_60x60_run_006_seed_123,123
18.43455149697848,77.70842621489076,60,60,size_60x60_run_006_seed_123,123
18.434573167282615,77.71091050930569,60,60,size_60x60_run_006_seed_123,123
18.434642104481256,77.71339425005571,60,60,size_60x60_run_006_seed_123,123
18.43598461962365,77.71587743732591,60,60,size_60x60_run_006_seed_123,123
18.437114606551095,77.71836007130125,60,60,size_60x60_run_006_seed_123,123
18.437836785731008,77.72084215216665,60,60,size_60x60_run_006_seed_123,123
18.438681442380897,77.72332368010693,60,60,size_60x60_run_006_seed_123,123
18.43875199437072,77.72580465530683,60,60,size_60x60_run_006_seed_123,123
18.43886384146776,77.728285077951,60,60,size_60x60_run_006_seed_123,123
18.439905976489126,77.73076494822404,60,60,size_60x60_run_006_seed_123,123
18.44009835408573,77.7332442663104,60,60,size_60x60_run_006_seed_123,123
18.440423041795995,77.73572303239452,60,60,size_60x60_run_006_seed_123,123
18.44061414047826,77.73820124666074,60,60,size_60x60_run_006_seed_123,123
18.441083304624613,77.73820124666074,60,60,size_60x60_run_006_seed_123,123
18.441411259394712,77.74067890929327,60,60,size_60x60_run_006_seed_123,123
18.44158673082168,77.7431560204763,60,60,size_60x60_run_006_seed_123,123
18.44189410860253,77.7456325803939,60,60,size_60x60_run_006_seed_123,123
18.4430340949168,77.74810858923009,60,60,size_60x60_run_006_seed_123,123
18.44306952236207,77.75058404716876,60,60,size_60x60_run_006_seed_123,123
18.443514027762575,77.75305895439377,60,60,size_60x60_run_006_seed_123,123
18.44449956081126,77.75553331108887,60,60,size_60x60_run_006_seed_123,123
18.444676290056435,77.75800711743773,60,60,size_60x60_run_006_seed_123,123
18.444748348039194,77.76048037362393,60,60,size_60x60_run_006_seed_123,123
18.444771275817335,77.762953079831,60,60,size_60x60_run_006_seed_123,123
18.445183593188272,77.76542523624236,60,60,size_60x60_run_006_seed_123,123
18.445388379514938,77.76789684304136,60,60,size_60x60_run_006_seed_123,123
18.445915047273232,77.77036790041126,60,60,size_60x60_run_006_seed_123,123
18.445931518777563,77.77283840853522,60,60,size_60x60_run_006_seed_123,123
18.445939724663315,77.7753083675964,60,60,size_60x60_run_006_seed_123,123
18.446443778308346,77.77777777777779,60,60,size_60x60_run_006_seed_123,123
18.446723019895526,77.7802466392623,60,60,size_60x60_run_006_seed_123,123
18.44693836103058,77.78271495223284,60,60,size_60x60_run_006_seed_123,123
18.447307738528085,77.78518271687216,60,60,size_60x60_run_006_seed_123,123
18.44731341520438,77.78764993336294,60,60,size_60x60_run_006_seed_123,123
18.44772285056852,77.79011660188783,60,60,size_60x60_run_006_seed_123,123
18.448704737201634,77.79258272262936,60,60,size_60x60_run_006_seed_123,123
18.449570250309495,77.79504829576996,60,60,size_60x60_run_006_seed_123,123
18.450173772933493,77.797513321492,60,60,size_60x60_run_006_seed_123,123
18.45037148705602,77.79997779997781,60,60,size_60x60_run_006_seed_123,123
18.450468460010068,77.80244173140954,60,60,size_60x60_run_006_seed_123,123
18.45053117221489,77.80490511596938,60,60,size_60x60_run_006_seed_123,123
18.450639046065714,77.80736795383932,60,60,size_60x60_run_006_seed_123,123
18.450758926311494,77.80983024520137,60,60,size_60x60_run_006_seed_123,123
18.451182592690063,77.8122919902374,60,60,size_60x60_run_006_seed_123,123
18.45169014430597,77.81475318912922,60,60,size_60x60_run_006_seed_123,123
18.451825099249454,77.81721384205856,60,60,size_60x60_run_006_seed_123,123
18.452063273794653,77.81967394920706,60,60,size_60x60_run_006_seed_123,123
18.4521328236722,77.82213351075626,60,60,size_60x60_run_006_seed_123,123
18.452266902041348,77.82459252688768,60,60,size_60x60_run_006_seed_123,123
18.45248452170439,77.8270509977827,60,60,size_60x60_run_006_seed_123,123
18.45307912580853,77.82950892362265,60,60,size_60x60_run_006_seed_123,123
18.453260805466556,77.83196630458879,60,60,size_60x60_run_006_seed_123,123
18.45357545909707,77.83442314086224,60,60,size_60x60_run_006_seed_123,123
18.453586851886424,77.83687943262412,60,60,size_60x60_run_006_seed_123,123
18.45376370013817,77.8393351800554,60,60,size_60x60_run_006_seed_123,123
18.455467823556894,77.84179038333703,60,60,size_60x60_run_006_seed_123,123
18.456168151659643,77.84424504264983,60,60,size_60x60_run_006_seed_123,123
18.45625100463582,77.84669915817457,60,60,size_60x60_run_006_seed_123,123
18.456847364656312,77.84669915817457,60,60,size_60x60_run_006_seed_123,123
18.45695050823474,77.84915273009193,60,60,size_60x60_run_006_seed_123,123
18.45703307744302,77.8516057585825,60,60,size_60x60_run_006_seed_123,123
18.457706287230778,77.8516057585825,60,60,size_60x60_run_006_seed_123,123
18.458165105263433,77.85405824382681,60,60,size_60x60_run_006_seed_123,123
18.459615138854158,77.85651018600531,60,60,size_60x60_run_006_seed_123,123
18.46007002420467,77.85896158529835,60,60,size_60x60_run_006_seed_123,123
18.460563739900618,77.86141244188622,60,60,size_60x60_run_006_seed_123,123
18.4611153945626,77.86386275594909,60,60,size_60x60_run_006_seed_123,123
18.461311285048545,77.86631252766712,60,60,size_60x60_run_006_seed_123,123
18.4618935541167,77.86876175722031,60,60,size_60x60_run_006_seed_123,123
18.461931567993876,77.87121044478867,60,60,size_60x60_run_006_seed_123,123
18.462268566261095,77.87365859055205,60,60,size_60x60_run_006_seed_123,123
18.462407151379832,77.87610619469027,60,60,size_60x60_run_006_seed_123,123
18.46278003299472,77.87855325738303,60,60,size_60x60_run_006_seed_123,123
18.462892195902874,77.88099977881001,60,60,size_60x60_run_006_seed_123,123
18.462953949101507,77.88344575915073,60,60,size_60x60_run_006_seed_123,123
18.46337157634611,77.8858911985847,60,60,size_60x60_run_006_seed_123,123
18.463418718964103,77.88833609729132,60,60,size_60x60_run_006_seed_123,123
18.46402155716687,77.89078045544993,60,60,size_60x60_run_006_seed_123,123
18.46431039708069,77.89322427323975,60,60,size_60x60_run_006_seed_123,123
18.464388149524293,77.89566755083996,60,60,size_60x60_run_006_seed_123,123
18.464508722970674,77.89811028842965,60,60,size_60x60_run_006_seed_123,123
18.464662300637265,77.90055248618785,60,60,size_60x60_run_006_seed_123,123
18.46477236324639,77.90299414429344,60,60,size_60x60_run_006_seed_123,123
18.464956898001212,77.90543526292531,60,60,size_60x60_run_006_seed_123,123
18.4654276545983,77.90787584226223,60,60,size_60x60_run_006_seed_123,123
18.46570543987908,77.91031588248288,60,60,size_60x60_run_006_seed_123,123
18.465786853062045,77.91275538376587,60,60,size_60x60_run_006_seed_123,123
18.466066627494833,77.91519434628975,60,60,size_60x60_run_006_seed_123,123
18.46650176339079,77.91763277023297,60,60,size_60x60_run_006_seed_123,123
18.466674898520903,77.9200706557739,60,60,size_60x60_run_006_seed_123,123
18.466747755742038,77.92250800309085,60,60,size_60x60_run_006_seed_123,123
18.466982979468828,77.92494481236203,60,60,size_60x60_run_006_seed_123,123
18.46701702830701,77.9273810837656,60,60,size_60x60_run_006_seed_123,123
18.467128875127294,77.92981681747958,60,60,size_60x60_run_006_seed_123,123
18.46714104281667,77.932252013682,60,60,size_60x60_run_006_seed_123,123
18.467154240340175,77.93468667255074,60,60,size_60x60_run_006_seed_123,123
18.46735958655617,77.93712079426365,60,60,size_60x60_run_006_seed_123,123
18.468010668876857,77.93955437899845,60,60,size_60x60_run_006_seed_123,123
18.469015255725463,77.94198742693284,60,60,size_60x60_run_006_seed_123,123
18.46915243275888,77.94441993824438,60,60,size_60x60_run_006_seed_123,123
18.46940296181074,77.94685191311059,60,60,size_60x60_run_006_seed_123,123
18.46974432168962,77.94928335170893,60,60,size_60x60_run_006_seed_123,123
18.469889591237962,77.95171425421672,60,60,size_60x60_run_006_seed_123,123
18.46997213025927,77.95414462081128,60,60,size_60x60_run_006_seed_123,123
18.470013974336684,77.9565744516698,60,60,size_60x60_run_006_seed_123,123
18.470321016904673,77.95900374696936,60,60,size_60x60_run_006_seed_123,123
18.47057671548948,77.96143250688705,60,60,size_60x60_run_006_seed_123,123
18.471598593459383,77.96386073159982,60,60,size_60x60_run_006_seed_123,123
18.472191885655175,77.96628842128457,60,60,size_60x60_run_006_seed_123,123
18.472550858550406,77.96871557611809,60,60,size_60x60_run_006_seed_123,123
18.473067876320847,77.97114219627713,60,60,size_60x60_run_006_seed_123,123
18.47418085980362,77.97356828193833,60,60,size_60x60_run_006_seed_123,123
18.47439924878687,77.97599383327828,60,60,size_60x60_run_006_seed_123,123
18.474463539465606,77.97841885047346,60,60,size_60x60_run_006_seed_123,123
18.47491782754085,77.98084333370032,60,60,size_60x60_run_006_seed_123,123
18.47527166875734,77.98326728313518,60,60,size_60x60_run_006_seed_123,123
18.47531060770738,77.98569069895433,60,60,size_60x60_run_006_seed_123,123
18.475662291945405,77.98811358133392,60,60,size_60x60_run_006_seed_123,123
18.476387681039405,77.9905359304501,60,60,size_60x60_run_006_seed_123,123
18.476569889104923,77.99295774647888,60,60,size_60x60_run_006_seed_123,123
18.477500412928244,77.99537902959621,60,60,size_60x60_run_006_seed_123,123
18.47772283519366,77.997799779978,60,60,size_60x60_run_006_seed_123,123
18.478240150830697,78.00021999780003,60,60,size_60x60_run_006_seed_123,123
18.478461445994,78.002639683238,60,60,size_60x60_run_006_seed_123,123
18.4789994458191,78.00505883646761,60,60,size_60x60_run_006_seed_123,123
18.479125462049115,78.0074774576644,60,60,size_60x60_run_006_seed_123,123
18.47914904908443,78.00989554700385,60,60,size_60x60_run_006_seed_123,123
18.47952725638403,78.01231310466139,60,60,size_60x60_run_006_seed_123,123
18.479968688941643,78.01473013081235,60,60,size_60x60_run_006_seed_123,123
18.48031667060442,78.01714662563201,60,60,size_60x60_run_006_seed_123,123
18.48057643635005,78.01956258929553,60,60,size_60x60_run_006_seed_123,123
18.481153986400507,78.02197802197803,60,60,size_60x60_run_006_seed_123,123
18.48121737538937,78.02439292385452,60,60,size_60x60_run_006_seed_123,123
18.482494437965215,78.02680729509997,60,60,size_60x60_run_006_seed_123,123
18.48257394953797,78.02922113588927,60,60,size_60x60_run_006_seed_123,123
18.482928927501774,78.03163444639719,60,60,size_60x60_run_006_seed_123,123
18.483279021650226,78.03404722679846,60,60,size_60x60_run_006_seed_123,123
18.483297676609126,78.03645947726774,60,60,size_60x60_run_006_seed_123,123
18.483528065913013,78.03887119797957,60,60,size_60x60_run_006_seed_123,123
18.483950551151064,78.04128238910847,60,60,size_60x60_run_006_seed_123,123
18.485256249816466,78.04369305082885,60,60,size_60x60_run_006_seed_123,123
18.4855733196095,78.04610318331504,60,60,size_60x60_run_006_seed_123,123
18.48572442346538,78.0485127867413,60,60,size_60x60_run_006_seed_123,123
18.4859368412883,78.05092186128184,60,60,size_60x60_run_006_seed_123,123
18.486040943790325,78.05333040711072,60,60,size_60x60_run_006_seed_123,123
18.48622153189503,78.05573842440202,60,60,size_60x60_run_006_seed_123,123
18.486444475865202,78.05814591332968,60,60,size_60x60_run_006_seed_123,123
18.4868788593089,78.06055287406757,60,60,size_60x60_run_006_seed_123,123
18.486887846794453,78.06295930678951,60,60,size_60x60_run_006_seed_123,123
18.48707832270871,78.06536521166922,60,60,size_60x60_run_006_seed_123,123
18.48732382992495,78.06777058888036,60,60,size_60x60_run_006_seed_123,123
18.487760849651877,78.0701754385965,60,60,size_60x60_run_006_seed_123,123
18.488221784455174,78.07257976099112,60,60,size_60x60_run_006_seed_123,123
18.4890733005303,78.07498355623767,60,60,size_60x60_run_006_seed_123,123
18.489300095093192,78.07738682450947,60,60,size_60x60_run_006_seed_123,123
18.49001570341084,78.07978956597982,60,60,size_60x60_run_006_seed_123,123
18.490203597317343,78.08219178082192,60,60,size_60x60_run_006_seed_123,123
18.49041121227489,78.08459346920885,60,60,size_60x60_run_006_seed_123,123
18.490708496405556,78.08699463131369,60,60,size_60x60_run_006_seed_123,123
18.490897744399444,78.08939526730938,60,60,size_60x60_run_006_seed_123,123
18.491000636539376,78.09179537736883,60,60,size_60x60_run_006_seed_123,123
18.491240000837365,78.09419496166484,60,60,size_60x60_run_006_seed_123,123
18.491755647777318,78.09659402037016,60,60,size_60x60_run_006_seed_123,123
18.492721891725985,78.09899255365747,60,60,size_60x60_run_006_seed_123,123
18.493048582383196,78.10139056169933,60,60,size_60x60_run_006_seed_123,123
18.493763215215623,78.10378804466828,60,60,size_60x60_run_006_seed_123,123
18.494181306476754,78.10618500273672,60,60,size_60x60_run_006_seed_123,123
18.49484442584184,78.10858143607706,60,60,size_60x60_run_006_seed_123,123
18.495179775412147,78.11097734486155,60,60,size_60x60_run_006_seed_123,123
18.495257965423182,78.11337272926242,60,60,size_60x60_run_006_seed_123,123
18.4959642150344,78.11337272926242,60,60,size_60x60_run_006_seed_123,123
18.496169125069017,78.1157675894518,60,60,size_60x60_run_006_seed_123,123
18.49619338716327,78.11816192560175,60,60,size_60x60_run_006_seed_123,123
18.49664693257789,78.12055573788426,60,60,size_60x60_run_006_seed_123,123
18.49682197934615,78.12294902647123,60,60,size_60x60_run_006_seed_123,123
18.497226811038384,78.12534179153451,60,60,size_60x60_run_006_seed_123,123
18.498016250945685,78.12773403324584,60,60,size_60x60_run_006_seed_123,123
18.49882873885366,78.13012575177693,60,60,size_60x60_run_006_seed_123,123
18.498990518436734,78.13251694729937,60,60,size_60x60_run_006_seed_123,123
18.499006138573037,78.13490761998469,60,60,size_60x60_run_006_seed_123,123
18.49913697664638,78.13729777000438,60,60,size_60x60_run_006_seed_123,123
18.500180640898932,78.13968739752978,60,60,size_60x60_run_006_seed_123,123
18.500243267944764,78.14207650273224,60,60,size_60x60_run_006_seed_123,123
18.500691354810186,78.14446508578298,60,60,size_60x60_run_006_seed_123,123
18.500773925587737,78.14685314685315,60,60,size_60x60_run_006_seed_123,123
18.501039028684886,78.14924068611384,60,60,size_60x60_run_006_seed_123,123
18.501094374079774,78.15162770373607,60,60,size_60x60_run_006_seed_123,123
18.501155288873676,78.15401419989078,60,60,size_60x60_run_006_seed_123,123
18.50131290919671,78.1564001747488,60,60,size_60x60_run_006_seed_123,123
18.50132396615243,78.15878562848094,60,60,size_60x60_run_006_seed_123,123
18.50134606550451,78.16117056125792,60,60,size_60x60_run_006_seed_123,123
18.502064244060552,78.16355497325036,60,60,size_60x60_run_006_seed_123,123
18.502538232280518,78.16593886462883,60,60,size_60x60_run_006_seed_123,123
18.502670595100327,78.1683222355638,60,60,size_60x60_run_006_seed_123,123
18.504135433165125,78.1683222355638,60,60,size_60x60_run_006_seed_123,123
18.504458679345156,78.1683222355638,60,60,size_60x60_run_006_seed_123,123
18.504460009019724,78.17070508622571,60,60,size_60x60_run_006_seed_123,123
18.50453151266269,78.1730874167849,60,60,size_60x60_run_006_seed_123,123
18.504914129645822,78.17546922741161,60,60,size_60x60_run_006_seed_123,123
18.504959296579226,78.17785051827605,60,60,size_60x60_run_006_seed_123,123
18.50499640851414,78.18023128954833,60,60,size_60x60_run_006_seed_123,123
18.50623160778305,78.1826115413985,60,60,size_60x60_run_006_seed_123,123
18.50681549409198,78.1849912739965,60,60,size_60x60_run_006_seed_123,123
18.507427600753083,78.18737048751227,60,60,size_60x60_run_006_seed_123,123
18.50815371618626,78.18974918211559,60,60,size_60x60_run_006_seed_123,123
18.508481813113676,78.19212735797623,60,60,size_60x60_run_006_seed_123,123
18.50893702553804,78.19450501526384,60,60,size_60x60_run_006_seed_123,123
18.50898354361544,78.19688215414804,60,60,size_60x60_run_006_seed_123,123
18.509063907915277,78.19925877479834,60,60,size_60x60_run_006_seed_123,123
18.509151972409924,78.2016348773842,60,60,size_60x60_run_006_seed_123,123
18.509443090005377,78.20401046207498,60,60,size_60x60_run_006_seed_123,123
18.50944569506123,78.20638552903999,60,60,size_60x60_run_006_seed_123,123
18.509476425771858,78.20876007844846,60,60,size_60x60_run_006_seed_123,123
18.509485271101937,78.21113411046954,60,60,size_60x60_run_006_seed_123,123
18.50951122192848,78.21350762527233,60,60,size_60x60_run_006_seed_123,123
18.509756647481666,78.21588062302581,60,60,size_60x60_run_006_seed_123,123
18.509839036806884,78.21825310389895,60,60,size_60x60_run_006_seed_123,123
18.5098910964121,78.22062506806054,60,60,size_60x60_run_006_seed_123,123
18.51029568320645,78.22299651567944,60,60,size_60x60_run_006_seed_123,123
18.510427744665286,78.22536744692434,60,60,size_60x60_run_006_seed_123,123
18.510476271039387,78.22773786196386,60,60,size_60x60_run_006_seed_123,123
18.511414372876544,78.23010776096659,60,60,size_60x60_run_006_seed_123,123
18.511453535860188,78.232477144101,60,60,size_60x60_run_006_seed_123,123
18.51187021355485,78.23484601153552,60,60,size_60x60_run_006_seed_123,123
18.512921645179166,78.23721436343853,60,60,size_60x60_run_006_seed_123,123
18.5130541959645,78.23958219997824,60,60,size_60x60_run_006_seed_123,123
18.513412406205404,78.24194952132288,60,60,size_60x60_run_006_seed_123,123
18.513979489645067,78.24431632764059,60,60,size_60x60_run_006_seed_123,123
18.514274555604125,78.24668261909942,60,60,size_60x60_run_006_seed_123,123
18.51464499409479,78.24904839586732,60,60,size_60x60_run_006_seed_123,123
18.514735683190658,78.25141365811223,60,60,size_60x60_run_006_seed_123,123
18.514944376510904,78.25377840600196,60,60,size_60x60_run_006_seed_123,123
18.515439570861027,78.25614263970428,60,60,size_60x60_run_006_seed_123,123
18.51601408483525,78.2585063593869,60,60,size_60x60_run_006_seed_123,123
18.516358382928797,78.2585063593869,60,60,size_60x60_run_006_seed_123,123
18.517045089525393,78.26086956521739,60,60,size_60x60_run_006_seed_123,123
18.517689912765093,78.26323225736334,60,60,size_60x60_run_006_seed_123,123
18.518051452752946,78.26559443599218,60,60,size_60x60_run_006_seed_123,123
18.51845050312738,78.26795610127132,60,60,size_60x60_run_006_seed_123,123
18.518633532264793,78.2703172533681,60,60,size_60x60_run_006_seed_123,123
18.51877218485343,78.27267789244976,60,60,size_60x60_run_006_seed_123,123
18.5190162129884,78.27503801868346,60,60,size_60x60_run_006_seed_123,123
18.519300458324174,78.27739763223634,60,60,size_60x60_run_006_seed_123,123
18.519389304138045,78.2797567332754,60,60,size_60x60_run_006_seed_123,123
18.51954575198805,78.28211532196764,60,60,size_60x60_run_006_seed_123,123
18.5200590102484,78.28447339847992,60,60,size_60x60_run_006_seed_123,123
18.520115071384296,78.28683096297905,60,60,size_60x60_run_006_seed_123,123
18.52027689281415,78.28918801563178,60,60,size_60x60_run_006_seed_123,123
18.520351716726157,78.29154455660479,60,60,size_60x60_run_006_seed_123,123
18.520532022968364,78.29390058606468,60,60,size_60x60_run_006_seed_123,123
18.520774130569677,78.29625610417797,60,60,size_60x60_run_006_seed_123,123
18.52132558689737,78.29861111111111,60,60,size_60x60_run_006_seed_123,123
18.521359480338322,78.30096560703049,60,60,size_60x60_run_006_seed_123,123
18.521911625140557,78.30331959210241,60,60,size_60x60_run_006_seed_123,123
18.522325438231448,78.30567306649311,60,60,size_60x60_run_006_seed_123,123
18.522884965041023,78.30802603036877,60,60,size_60x60_run_006_seed_123,123
18.523683901787507,78.31037848389546,60,60,size_60x60_run_006_seed_123,123
18.523691892522965,78.3127304272392,60,60,size_60x60_run_006_seed_123,123
18.524378794784894,78.31508186056597,60,60,size_60x60_run_006_seed_123,123
18.52444944769075,78.31743278404163,60,60,size_60x60_run_006_seed_123,123
18.524617997457817,78.31978319783198,60,60,size_60x60_run_006_seed_123,123
18.524619607006883,78.32213310210275,60,60,size_60x60_run_006_seed_123,123
18.52479624959654,78.32448249701962,60,60,size_60x60_run_006_seed_123,123
18.52531980950056,78.32683138274817,60,60,size_60x60_run_006_seed_123,123
18.52591847705716,78.3291797594539,60,60,size_60x60_run_006_seed_123,123
18.526674119319445,78.33152762730228,60,60,size_60x60_run_006_seed_123,123
18.52693321529329,78.33387498645867,60,60,size_60x60_run_006_seed_123,123
18.527629478161984,78.33622183708839,60,60,size_60x60_run_006_seed_123,123
18.52784115842682,78.33856817935666,60,60,size_60x60_run_006_seed_123,123
18.527901554047833,78.34091401342863,60,60,size_60x60_run_006_seed_123,123
18.528000732002972,78.34325933946941,60,60,size_60x60_run_006_seed_123,123
18.528025119725143,78.345604157644,60,60,size_60x60_run_006_seed_123,123
18.528103592957653,78.34794846811735,60,60,size_60x60_run_006_seed_123,123
18.52810595570763,78.35029227105434,60,60,size_60x60_run_006_seed_123,123
18.52871209536602,78.35263556661977,60,60,size_60x60_run_006_seed_123,123
18.52881648721191,78.35497835497836,60,60,size_60x60_run_006_seed_123,123
18.52965948023148,78.35732063629477,60,60,size_60x60_run_006_seed_123,123
18.529821542840292,78.3596624107336,60,60,size_60x60_run_006_seed_123,123
18.529972543807798,78.36200367845937,60,60,size_60x60_run_006_seed_123,123
18.530551432643065,78.36434443963653,60,60,size_60x60_run_006_seed_123,123
18.530924677394662,78.36668469442942,60,60,size_60x60_run_006_seed_123,123
18.530950239768135,78.36902444300237,60,60,size_60x60_run_006_seed_123,123
18.53126914417803,78.37136368551963,60,60,size_60x60_run_006_seed_123,123
18.531313851143608,78.37370242214533,60,60,size_60x60_run_006_seed_123,123
18.53232417985742,78.37604065304357,60,60,size_60x60_run_006_seed_123,123
18.53317504008883,78.37837837837837,60,60,size_60x60_run_006_seed_123,123
18.5334051808397,78.3807155983137,60,60,size_60x60_run_006_seed_123,123
18.534058366017902,78.38305231301341,60,60,size_60x60_run_006_seed_123,123
18.53446382611642,78.3853885226413,60,60,size_60x60_run_006_seed_123,123
18.53476972584123,78.38772422736115,60,60,size_60x60_run_006_seed_123,123
18.53489621117452,78.39005942733658,60,60,size_60x60_run_006_seed_123,123
18.536158908740312,78.3923941227312,60,60,size_60x60_run_006_seed_123,123
18.536200741181183,78.39472831370854,60,60,size_60x60_run_006_seed_123,123
18.5364234390001,78.39706200043206,60,60,size_60x60_run_006_seed_123,123
18.53696627837542,78.39939518306512,60,60,size_60x60_run_006_seed_123,123
18.53727885607395,78.40172786177105,60,60,size_60x60_run_006_seed_123,123
18.537925672316177,78.40406003671309,60,60,size_60x60_run_006_seed_123,123
18.53806311612156,78.40639170805441,60,60,size_60x60_run_006_seed_123,123
18.538244187633705,78.40872287595812,60,60,size_60x60_run_006_seed_123,123
18.53854400442159,78.41105354058722,60,60,size_60x60_run_006_seed_123,123
18.538731388748406,78.4133837021047,60,60,size_60x60_run_006_seed_123,123
18.539117876969524,78.41571336067344,60,60,size_60x60_run_006_seed_123,123
18.53989449566782,78.41804251645624,60,60,size_60x60_run_006_seed_123,123
18.54001263348691,78.42037116961589,60,60,size_60x60_run_006_seed_123,123
18.541121814960746,78.42269932031502,60,60,size_60x60_run_006_seed_123,123
18.54126125343654,78.4250269687163,60,60,size_60x60_run_006_seed_123,123
18.5413374092303,78.42735411498221,60,60,size_60x60_run_006_seed_123,123
18.5414498045393,78.42968075927523,60,60,size_60x60_run_006_seed_123,123
18.5415433386783,78.43200690175779,60,60,size_60x60_run_006_seed_123,123
18.542633020177714,78.43433254259219,60,60,size_60x60_run_006_seed_123,123
18.542995497600884,78.4366576819407,60,60,size_60x60_run_006_seed_123,123
18.54381740134056,78.4389823199655,60,60,size_60x60_run_006_seed_123,123
18.544149949469688,78.44130645682871,60,60,size_60x60_run_006_seed_123,123
18.54416128377689,78.4436300926924,60,60,size_60x60_run_006_seed_123,123
18.544591111125666,78.4459532277185,60,60,size_60x60_run_006_seed_123,123
18.545055424306984,78.44827586206897,60,60,size_60x60_run_006_seed_123,123
18.545440137084288,78.45059799590561,60,60,size_60x60_run_006_seed_123,123
18.545643420185577,78.45059799590561,60,60,size_60x60_run_006_seed_123,123
18.545957858807288,78.45291962939022,60,60,size_60x60_run_006_seed_123,123
18.5468999265249,78.45524076268447,60,60,size_60x60_run_006_seed_123,123
18.546919873647287,78.45756139595002,60,60,size_60x60_run_006_seed_123,123
18.547010167576243,78.45988152934841,60,60,size_60x60_run_006_seed_123,123
18.547489618817156,78.46220116304113,60,60,size_60x60_run_006_seed_123,123
18.54804591480404,78.46452029718962,60,60,size_60x60_run_006_seed_123,123
18.54875610382002,78.46683893195521,60,60,size_60x60_run_006_seed_123,123
18.549076917754498,78.4691570674992,60,60,size_60x60_run_006_seed_123,123
18.549936881723436,78.47147470398278,60,60,size_60x60_run_006_seed_123,123
18.550141955898834,78.4737918415671,60,60,size_60x60_run_006_seed_123,123
18.550884481709787,78.4737918415671,60,60,size_60x60_run_006_seed_123,123
18.551308819981752,78.47610848041326,60,60,size_60x60_run_006_seed_123,123
18.551407637813895,78.47842462068223,60,60,size_60x60_run_006_seed_123,123
18.551651931702672,78.48074026253497,60,60,size_60x60_run_006_seed_123,123
18.55306125179688,78.48305540613232,60,60,size_60x60_run_006_seed_123,123
18.553078991870155,78.48537005163512,60,60,size_60x60_run_006_seed_123,123
18.553090248233286,78.48537005163512,60,60,size_60x60_run_006_seed_123,123
18.553224465285133,78.48768419920404,60,60,size_60x60_run_006_seed_123,123
18.553636201501142,78.48999784899978,60,60,size_60x60_run_006_seed_123,123
18.553979301594758,78.49231100118293,60,60,size_60x60_run_006_seed_123,123
18.554348852063484,78.49462365591397,60,60,size_60x60_run_006_seed_123,123
18.554811802798092,78.49462365591397,60,60,size_60x60_run_006_seed_123,123
18.555445562736942,78.4969358133534,60,60,size_60x60_run_006_seed_123,123
18.555505690489234,78.49924747366158,60,60,size_60x60_run_006_seed_123,123
18.555831455453095,78.50155863699881,60,60,size_60x60_run_006_seed_123,123
18.55673594615169,78.50386930352536,60,60,size_60x60_run_006_seed_123,123
18.556826357863024,78.50617947340139,60,60,size_60x60_run_006_seed_123,123
18.55687619594718,78.50848914678701,60,60,size_60x60_run_006_seed_123,123
18.557053776940005,78.51079832384227,60,60,size_60x60_run_006_seed_123,123
18.557193714632525,78.51310700472712,60,60,size_60x60_run_006_seed_123,123
18.557400027805198,78.51541518960146,60,60,size_60x60_run_006_seed_123,123
18.55760935159675,78.51772287862514,60,60,size_60x60_run_006_seed_123,123
18.55765160606254,78.5200300719579,60,60,size_60x60_run_006_seed_123,123
18.558516753879154,78.52233676975945,60,60,size_60x60_run_006_seed_123,123
18.558638915918454,78.52464297218941,60,60,size_60x60_run_006_seed_123,123
18.558675010261375,78.52694867940735,60,60,size_60x60_run_006_seed_123,123
18.558746932164215,78.52925389157274,60,60,size_60x60_run_006_seed_123,123
18.5587728190035,78.531558608845,60,60,size_60x60_run_006_seed_123,123
18.558777337733076,78.53386283138349,60,60,size_60x60_run_006_seed_123,123
18.560353173845353,78.53616655934749,60,60,size_60x60_run_006_seed_123,123
18.5606698201774,78.53846979289624,60,60,size_60x60_run_006_seed_123,123
18.560956552046445,78.54077253218884,60,60,size_60x60_run_006_seed_123,123
18.56104181068372,78.5430747773844,60,60,size_60x60_run_006_seed_123,123
18.56117739674261,78.54537652864192,60,60,size_60x60_run_006_seed_123,123
18.56145961620035,78.54767778612035,60,60,size_60x60_run_006_seed_123,123
18.561528996956618,78.54997854997855,60,60,size_60x60_run_006_seed_123,123
18.562129557690852,78.55227882037534,60,60,size_60x60_run_006_seed_123,123
18.562224502194525,78.55457859746944,60,60,size_60x60_run_006_seed_123,123
18.563024675432917,78.55687788141954,60,60,size_60x60_run_006_seed_123,123
18.563077522409042,78.55917667238423,60,60,size_60x60_run_006_seed_123,123
18.56308283298274,78.56147497052203,60,60,size_60x60_run_006_seed_123,123
18.563145402888583,78.56377277599142,60,60,size_60x60_run_006_seed_123,123
18.563216514180223,78.56607008895081,60,60,size_60x60_run_006_seed_123,123
18.563305951537654,78.5683669095585,60,60,size_60x60_run_006_seed_123,123
18.563549642425738,78.57066323797278,60,60,size_60x60_run_006_seed_123,123
18.56356421640128,78.57295907435183,60,60,size_60x60_run_006_seed_123,123
18.563689866903765,78.57525441885377,60,60,size_60x60_run_006_seed_123,123
18.56410190010624,78.57754927163667,60,60,size_60x60_run_006_seed_123,123
18.56419982969858,78.57984363285851,60,60,size_60x60_run_006_seed_123,123
18.564285660537788,78.58213750267723,60,60,size_60x60_run_006_seed_123,123
18.564823454188208,78.58443088125067,60,60,size_60x60_run_006_seed_123,123
18.564999650855835,78.58672376873662,60,60,size_60x60_run_006_seed_123,123
18.565279420626847,78.58901616529279,60,60,size_60x60_run_006_seed_123,123
18.565537584804215,78.59130807107687,60,60,size_60x60_run_006_seed_123,123
18.565580523342106,78.59359948624639,60,60,size_60x60_run_006_seed_123,123
18.56560216893622,78.5958904109589,60,60,size_60x60_run_006_seed_123,123
18.56574335653291,78.59818084537186,60,60,size_60x60_run_006_seed_123,123
18.566561276618902,78.60047078964263,60,60,size_60x60_run_006_seed_123,123
18.56807056329653,78.60276024392854,60,60,size_60x60_run_006_seed_123,123
18.56816517544814,78.60504920838682,60,60,size_60x60_run_006_seed_123,123
18.56934399702731,78.60733768317468,60,60,size_60x60_run_006_seed_123,123
18.57049229998578,78.6096256684492,60,60,size_60x60_run_006_seed_123,123
18.57053287869777,78.61191316436744,60,60,size_60x60_run_006_seed_123,123
18.570876676016475,78.6142001710864,60,60,size_60x60_run_006_seed_123,123
18.57118700197671,78.61648668876296,60,60,size_60x60_run_006_seed_123,123
18.571625886401335,78.61877271755398,60,60,size_60x60_run_006_seed_123,123
18.57191245791108,78.62105825761626,60,60,size_60x60_run_006_seed_123,123
18.572590392352925,78.62334330910645,60,60,size_60x60_run_006_seed_123,123
18.572891193664983,78.62562787218125,60,60,size_60x60_run_006_seed_123,123
18.572985087159616,78.62791194699722,60,60,size_60x60_run_006_seed_123,123
18.573213544301623,78.63019553371086,60,60,size_60x60_run_006_seed_123,123
18.573223839715098,78.63247863247864,60,60,size_60x60_run_006_seed_123,123
18.574051638288843,78.6347612434569,60,60,size_60x60_run_006_seed_123,123
18.574858331894475,78.63704336680196,60,60,size_60x60_run_006_seed_123,123
18.575281645410683,78.63932500267008,60,60,size_60x60_run_006_seed_123,123
18.576037713342966,78.64160615121743,60,60,size_60x60_run_006_seed_123,123
18.576039093814394,78.6438868126001,60,60,size_60x60_run_006_seed_123,123
18.576798339664975,78.64616698697417,60,60,size_60x60_run_006_seed_123,123
18.576822783185204,78.64844667449556,60,60,size_60x60_run_006_seed_123,123
18.577487611877324,78.65072587532023,60,60,size_60x60_run_006_seed_123,123
18.57755056338273,78.65300458960401,60,60,size_60x60_run_006_seed_123,123
18.57763801684572,78.65528281750267,60,60,size_60x60_run_006_seed_123,123
18.577954635076075,78.65756055917191,60,60,size_60x60_run_006_seed_123,123
18.577997014730432,78.6598378147674,60,60,size_60x60_run_006_seed_123,123
18.578103195439162,78.66211458444468,60,60,size_60x60_run_006_seed_123,123
18.578526091764846,78.66439086835929,60,60,size_60x60_run_006_seed_123,123
18.578851611627304,78.66666666666666,60,60,size_60x60_run_006_seed_123,123
18.579485291687895,78.66894197952219,60,60,size_60x60_run_006_seed_123,123
18.57957387236237,78.67121680708115,60,60,size_60x60_run_006_seed_123,123
18.579736902544777,78.67349114949883,60,60,size_60x60_run_006_seed_123,123
18.579739248276223,78.67576500693038,60,60,size_60x60_run_006_seed_123,123
18.580130349599806,78.67803837953092,60,60,size_60x60_run_006_seed_123,123
18.5803129271513,78.6803112674555,60,60,size_60x60_run_006_seed_123,123
18.58122943827268,78.6825836708591,60,60,size_60x60_run_006_seed_123,123
18.581741383208453,78.68485558989661,60,60,size_60x60_run_006_seed_123,123
18.58216927467947,78.68712702472294,60,60,size_60x60_run_006_seed_123,123
18.58279217354935,78.68939797549281,60,60,size_60x60_run_006_seed_123,123
18.583837184693014,78.69166844236096,60,60,size_60x60_run_006_seed_123,123
18.583871994515345,78.69393842548205,60,60,size_60x60_run_006_seed_123,123
18.584171902278072,78.69620792501065,60,60,size_60x60_run_006_seed_123,123
18.584200531677155,78.69847694110129,60,60,size_60x60_run_006_seed_123,123
18.585077784946478,78.70074547390841,60,60,size_60x60_run_006_seed_123,123
18.585323510198403,78.7030135235864,60,60,size_60x60_run_006_seed_123,123
18.585480118613763,78.7052810902896,60,60,size_60x60_run_006_seed_123,123
18.58550519630601,78.70754817417226,60,60,size_60x60_run_006_seed_123,123
18.586256308453482,78.70981477538854,60,60,size_60x60_run_006_seed_123,123
18.586338081591013,78.71208089409261,60,60,size_60x60_run_006_seed_123,123
18.586632493513356,78.71434653043849,60,60,size_60x60_run_006_seed_123,123
18.58678789393771,78.71661168458019,60,60,size_60x60_run_006_seed_123,123
18.58703356108403,78.71887635667163,60,60,size_60x60_run_006_seed_123,123
18.587332151128656,78.72114054686669,60,60,size_60x60_run_006_seed_123,123
18.587439976524102,78.72340425531915,60,60,size_60x60_run_006_seed_123,123
18.587789172782596,78.72566748218274,60,60,size_60x60_run_006_seed_123,123
18.589148273669842,78.72793022761114,60,60,size_60x60_run_006_seed_123,123
18.58973868346955,78.73019249175795,60,60,size_60x60_run_006_seed_123,123
18.590054296729253,78.73245427477669,60,60,size_60x60_run_006_seed_123,123
18.590146144804205,78.73471557682083,60,60,size_60x60_run_006_seed_123,123
18.59063560276897,78.7369763980438,60,60,size_60x60_run_006_seed_123,123
18.590758569768976,78.73923673859892,60,60,size_60x60_run_006_seed_123,123
18.59121595368469,78.74149659863946,60,60,size_60x60_run_006_seed_123,123
18.591261940053254,78.74375597831863,60,60,size_60x60_run_006_seed_123,123
18.591448830634494,78.74601487778958,60,60,size_60x60_run_006_seed_123,123
18.592094001206757,78.7482732972054,60,60,size_60x60_run_006_seed_123,123
18.593518082338797,78.75053123671908,60,60,size_60x60_run_006_seed_123,123
18.59379313026839,78.75278869648359,60,60,size_60x60_run_006_seed_123,123
18.594376885024705,78.75504567665179,60,60,size_60x60_run_006_seed_123,123
18.594587424172918,78.75730217737653,60,60,size_60x60_run_006_seed_123,123
18.595646706766384,78.75955819881054,60,60,size_60x60_run_006_seed_123,123
18.595984662363374,78.76181374110651,60,60,size_60x60_run_006_seed_123,123
18.596026252197472,78.76406880441708,60,60,size_60x60_run_006_seed_123,123
18.596967371093093,78.76632338889479,60,60,size_60x60_run_006_seed_123,123
18.597307701300693,78.76857749469215,60,60,size_60x60_run_006_seed_123,123
18.59755820050291,78.77083112196158,60,60,size_60x60_run_006_seed_123,123
18.597620106887153,78.77308427085545,60,60,size_60x60_run_006_seed_123,123
18.59796316941075,78.77533694152605,60,60,size_60x60_run_006_seed_123,123
18.598038927840033,78.77758913412563,60,60,size_60x60_run_006_seed_123,123
18.598343495586906,78.77984084880637,60,60,size_60x60_run_006_seed_123,123
18.59835992595648,78.78209208572035,60,60,size_60x60_run_006_seed_123,123
18.598825106189402,78.78434284501962,60,60,size_60x60_run_006_seed_123,123
18.59938175254964,78.78659312685618,60,60,size_60x60_run_006_seed_123,123
18.59948492001205,78.78884293138191,60,60,size_60x60_run_006_seed_123,123
18.600010681033577,78.79109225874868,60,60,size_60x60_run_006_seed_123,123
18.600103690582635,78.79334110910825,60,60,size_60x60_run_006_seed_123,123
18.6001765325539,78.79558948261239,60,60,size_60x60_run_006_seed_123,123
18.600300537755356,78.7978373794127,60,60,size_60x60_run_006_seed_123,123
18.60100669767574,78.8000847996608,60,60,size_60x60_run_006_seed_123,123
18.601128037892686,78.80233174350822,60,60,size_60x60_run_006_seed_123,123
18.60121299271629,78.8045782111064,60,60,size_60x60_run_006_seed_123,123
18.60132981507354,78.80682420260676,60,60,size_60x60_run_006_seed_123,123
18.601360057475087,78.80906971816063,60,60,size_60x60_run_006_seed_123,123
18.60211834337135,78.81131475791928,60,60,size_60x60_run_006_seed_123,123
18.60263739140343,78.8135593220339,60,60,size_60x60_run_006_seed_123,123
18.602820633023587,78.81580341065565,60,60,size_60x60_run_006_seed_123,123
18.604109118493113,78.8180470239356,60,60,size_60x60_run_006_seed_123,123
18.605145507586837,78.82029016202478,60,60,size_60x60_run_006_seed_123,123
18.605525912077283,78.82253282507412,60,60,size_60x60_run_006_seed_123,123
18.606502518008273,78.82477501323451,60,60,size_60x60_run_006_seed_123,123
18.606623311277858,78.82701672665678,60,60,size_60x60_run_006_seed_123,123
18.606624633723285,78.82925796549169,60,60,size_60x60_run_006_seed_123,123
18.606824189946554,78.83149872988993,60,60,size_60x60_run_006_seed_123,123
18.606846606104753,78.83373902000211,60,60,size_60x60_run_006_seed_123,123
18.60717637306757,78.83597883597884,60,60,size_60x60_run_006_seed_123,123
18.607349118740437,78.83821817797059,60,60,size_60x60_run_006_seed_123,123
18.607725509447114,78.8404570461278,60,60,size_60x60_run_006_seed_123,123
18.607740022261027,78.84269544060086,60,60,size_60x60_run_006_seed_123,123
18.607752059829565,78.84493336154009,60,60,size_60x60_run_006_seed_123,123
18.6080271666832,78.84717080909572,60,60,size_60x60_run_006_seed_123,123
18.60868590424041,78.84940778341793,60,60,size_60x60_run_006_seed_123,123
18.608794214205098,78.85164428465686,60,60,size_60x60_run_006_seed_123,123
18.609147314255917,78.85388031296257,60,60,size_60x60_run_006_seed_123,123
18.609327572322403,78.85611586848505,60,60,size_60x60_run_006_seed_123,123
18.61047964295438,78.8583509513742,60,60,size_60x60_run_006_seed_123,123
18.610657939590325,78.86058556177994,60,60,size_60x60_run_006_seed_123,123
18.61073045845635,78.86281969985204,60,60,size_60x60_run_006_seed_123,123
18.611176761700737,78.86505336574025,60,60,size_60x60_run_006_seed_123,123
18.61130072097582,78.86728655959425,60,60,size_60x60_run_006_seed_123,123
18.61145525219581,78.86951928156365,60,60,size_60x60_run_006_seed_123,123
18.612966276422842,78.87175153179801,60,60,size_60x60_run_006_seed_123,123
18.613134044692504,78.87398331044682,60,60,size_60x60_run_006_seed_123,123
18.614331803223543,78.87621461765949,60,60,size_60x60_run_006_seed_123,123
18.614765229729745,78.87844545358539,60,60,size_60x60_run_006_seed_123,123
18.614814347923275,78.88067581837382,60,60,size_60x60_run_006_seed_123,123
18.61516714358058,78.882905712174,60,60,size_60x60_run_006_seed_123,123
18.61576514270813,78.88513513513513,60,60,size_60x60_run_006_seed_123,123
18.616473633894508,78.88736408740631,60,60,size_60x60_run_006_seed_123,123
18.616495214562107,78.88959256913658,60,60,size_60x60_run_006_seed_123,123
18.6170497149751,78.89182058047494,60,60,size_60x60_run_006_seed_123,123
18.617755135674265,78.89404812157028,60,60,size_60x60_run_006_seed_123,123
18.61788523270872,78.89627519257148,60,60,size_60x60_run_006_seed_123,123
18.61815133309978,78.89850179362735,60,60,size_60x60_run_006_seed_123,123
18.61840606294382,78.9007279248866,60,60,size_60x60_run_006_seed_123,123
18.618728528524002,78.90295358649789,60,60,size_60x60_run_006_seed_123,123
18.618988424459495,78.90517877860985,60,60,size_60x60_run_006_seed_123,123
18.619290578274335,78.90740350137102,60,60,size_60x60_run_006_seed_123,123
18.61937175971169,78.90962775492987,60,60,size_60x60_run_006_seed_123,123
18.619484202934547,78.91185153943483,60,60,size_60x60_run_006_seed_123,123
18.61966344404144,78.91407485503427,60,60,size_60x60_run_006_seed_123,123
18.619803780798584,78.91629770187645,60,60,size_60x60_run_006_seed_123,123
18.620313357631062,78.91852008010962,60,60,size_60x60_run_006_seed_123,123
18.62045173126105,78.92074198988196,60,60,size_60x60_run_006_seed_123,123
18.620762656196522,78.92296343134156,60,60,size_60x60_run_006_seed_123,123
18.620906908519768,78.92518440463647,60,60,size_60x60_run_006_seed_123,123
18.62098647906223,78.92740490991466,60,60,size_60x60_run_006_seed_123,123
18.621137518836477,78.92962494732406,60,60,size_60x60_run_006_seed_123,123
18.621737366892706,78.93184451701254,60,60,size_60x60_run_006_seed_123,123
18.622181063634535,78.93406361912787,60,60,size_60x60_run_006_seed_123,123
18.622505080657238,78.93628225381781,60,60,size_60x60_run_006_seed_123,123
18.622566814873522,78.93850042122999,60,60,size_60x60_run_006_seed_123,123
18.622859899340373,78.93850042122999,60,60,size_60x60_run_006_seed_123,123
18.62289694566461,78.94071812151205,60,60,size_60x60_run_006_seed_123,123
18.623270800927667,78.94293535481154,60,60,size_60x60_run_006_seed_123,123
18.623479748950288,78.94515212127592,60,60,size_60x60_run_006_seed_123,123
18.623619229612313,78.94736842105263,60,60,size_60x60_run_006_seed_123,123
18.624010381093104,78.94958425428902,60,60,size_60x60_run_006_seed_123,123
18.624445248793755,78.9517996211324,60,60,size_60x60_run_006_seed_123,123
18.624963402007403,78.95401452172997,60,60,size_60x60_run_006_seed_123,123
18.625183962774475,78.95622895622895,60,60,size_60x60_run_006_seed_123,123
18.625948202062048,78.95844292477643,60,60,size_60x60_run_006_seed_123,123
18.626144730618048,78.96065642751947,60,60,size_60x60_run_006_seed_123,123
18.62645295474283,78.96286946460502,60,60,size_60x60_run_006_seed_123,123
18.626476056744657,78.96508203618005,60,60,size_60x60_run_006_seed_123,123
18.626564465092667,78.96729414239142,60,60,size_60x60_run_006_seed_123,123
18.626809731991056,78.96950578338591,60,60,size_60x60_run_006_seed_123,123
18.62720451701695,78.97171695931027,60,60,size_60x60_run_006_seed_123,123
18.62755544569428,78.97392767031118,60,60,size_60x60_run_006_seed_123,123
18.628084336706106,78.97613791653527,60,60,size_60x60_run_006_seed_123,123
18.62930247571803,78.97834769812907,60,60,size_60x60_run_006_seed_123,123
18.629761782638848,78.9805570152391,60,60,size_60x60_run_006_seed_123,123
18.62978782319472,78.98276586801177,60,60,size_60x60_run_006_seed_123,123
18.63009366277459,78.98497425659346,60,60,size_60x60_run_006_seed_123,123
18.63096390938748,78.98718218113049,60,60,size_60x60_run_006_seed_123,123
18.632000614092416,78.98718218113049,60,60,size_60x60_run_006_seed_123,123
18.632200367459998,78.9893896417691,60,60,size_60x60_run_006_seed_123,123
18.632233227556178,78.99159663865547,60,60,size_60x60_run_006_seed_123,123
18.632243788907967,78.99380317193572,60,60,size_60x60_run_006_seed_123,123
18.632852153625382,78.99600924175594,60,60,size_60x60_run_006_seed_123,123
18.633268742898096,78.99821484826211,60,60,size_60x60_run_006_seed_123,123
18.63334651426376,79.00041999160017,60,60,size_60x60_run_006_seed_123,123
18.633431809423268,79.00262467191601,60,60,size_60x60_run_006_seed_123,123
18.633466059957563,79.00482888935545,60,60,size_60x60_run_006_seed_123,123
18.633980001288844,79.00703264406424,60,60,size_60x60_run_006_seed_123,123
18.63420160525802,79.00923593618808,60,60,size_60x60_run_006_seed_123,123
18.63435002408899,79.00923593618808,60,60,size_60x60_run_006_seed_123,123
18.634560529235536,79.0114387658726,60,60,size_60x60_run_006_seed_123,123
18.634712321903038,79.01364113326338,60,60,size_60x60_run_006_seed_123,123
18.634799403660384,79.01584303850593,60,60,size_60x60_run_006_seed_123,123
18.635048119730758,79.0180444817457,60,60,size_60x60_run_006_seed_123,123
18.63547362254727,79.02024546312808,60,60,size_60x60_run_006_seed_123,123
18.63555584872493,79.0224459827984,60,60,size_60x60_run_006_seed_123,123
18.636739782195757,79.02464604090194,60,60,size_60x60_run_006_seed_123,123
18.636839409205997,79.0268456375839,60,60,size_60x60_run_006_seed_123,123
18.636906785877173,79.02904477298941,60,60,size_60x60_run_006_seed_123,123
18.638165886112713,79.03124344726358,60,60,size_60x60_run_006_seed_123,123
18.638461079442802,79.03344166055142,60,60,size_60x60_run_006_seed_123,123
18.638718541913384,79.03563941299791,60,60,size_60x60_run_006_seed_123,123
18.638721591729954,79.03783670474793,60,60,size_60x60_run_006_seed_123,123
18.638998668967254,79.04003353594634,60,60,size_60x60_run_006_seed_123,123
18.639266553159747,79.04222990673793,60,60,size_60x60_run_006_seed_123,123
18.639409998745347,79.0444258172674,60,60,size_60x60_run_006_seed_123,123
18.63949198144473,79.04662126767941,60,60,size_60x60_run_006_seed_123,123
18.64034286434523,79.04881625811858,60,60,size_60x60_run_006_seed_123,123
18.64117679892557,79.05101078872944,60,60,size_60x60_run_006_seed_123,123
18.641259301104714,79.05320485965646,60,60,size_60x60_run_006_seed_123,123
18.64150628322174,79.05539847104409,60,60,size_60x60_run_006_seed_123,123
18.641996600840415,79.05759162303664,60,60,size_60x60_run_006_seed_123,123
18.6426393868837,79.05978431577844,60,60,size_60x60_run_006_seed_123,123
18.642640947167095,79.06197654941374,60,60,size_60x60_run_006_seed_123,123
18.642851926963115,79.06416832408667,60,60,size_60x60_run_006_seed_123,123
18.643887518575546,79.06635963994138,60,60,size_60x60_run_006_seed_123,123
18.644072173177857,79.06855049712192,60,60,size_60x60_run_006_seed_123,123
18.644571112431073,79.07074089577229,60,60,size_60x60_run_006_seed_123,123
18.64495444173482,79.07293083603642,60,60,size_60x60_run_006_seed_123,123
18.645775006112267,79.07512031805817,60,60,size_60x60_run_006_seed_123,123
18.646125828281395,79.07730934198139,60,60,size_60x60_run_006_seed_123,123
18.646191988924315,79.07949790794979,60,60,size_60x60_run_006_seed_123,123
18.646479695719893,79.0816860161071,60,60,size_60x60_run_006_seed_123,123
18.646796354111423,79.08387366659694,60,60,size_60x60_run_006_seed_123,123
18.646938781167314,79.0860608595629,60,60,size_60x60_run_006_seed_123,123
18.647136017779513,79.08824759514847,60,60,size_60x60_run_006_seed_123,123
18.647294461842055,79.09043387349712,60,60,size_60x60_run_006_seed_123,123
18.647625454611344,79.09261969475226,60,60,size_60x60_run_006_seed_123,123
18.64824951554205,79.09480505905717,60,60,size_60x60_run_006_seed_123,123
18.648731077106934,79.09698996655518,60,60,size_60x60_run_006_seed_123,123
18.64938473114427,79.09917441738948,60,60,size_60x60_run_006_seed_123,123
18.649851498702223,79.10135841170323,60,60,size_60x60_run_006_seed_123,123
18.649876329547965,79.10354194963953,60,60,size_60x60_run_006_seed_123,123
18.651276519622687,79.10572503134141,60,60,size_60x60_run_006_seed_123,123
18.65231540284259,79.10790765695185,60,60,size_60x60_run_006_seed_123,123
18.652554218892213,79.11008982661374,60,60,size_60x60_run_006_seed_123,123
18.652845155873134,79.11227154046998,60,60,size_60x60_run_006_seed_123,123
18.653156686597015,79.11445279866332,60,60,size_60x60_run_006_seed_123,123
18.65332882262104,79.11663360133655,60,60,size_60x60_run_006_seed_123,123
18.654331077411637,79.11881394863228,60,60,size_60x60_run_006_seed_123,123
18.655251450538188,79.12099384069319,60,60,size_60x60_run_006_seed_123,123
18.65566955427309,79.12317327766179,60,60,size_60x60_run_006_seed_123,123
18.655733495281503,79.12535225968061,60,60,size_60x60_run_006_seed_123,123
18.656503240672368,79.12753078689208,60,60,size_60x60_run_006_seed_123,123
18.656827310723898,79.12970885943858,60,60,size_60x60_run_006_seed_123,123
18.65691028136486,79.13188647746243,60,60,size_60x60_run_006_seed_123,123
18.65735545577471,79.13188647746243,60,60,size_60x60_run_006_seed_123,123
18.65748704456022,79.13406364110588,60,60,size_60x60_run_006_seed_123,123
18.657802627454245,79.13624035051117,60,60,size_60x60_run_006_seed_123,123
18.658331361883945,79.13841660582038,60,60,size_60x60_run_006_seed_123,123
18.658692857145425,79.14059240717563,60,60,size_60x60_run_006_seed_123,123
18.659208096051536,79.14276775471895,60,60,size_60x60_run_006_seed_123,123
18.659336585434737,79.14494264859229,60,60,size_60x60_run_006_seed_123,123
18.65947269562092,79.14711708893755,60,60,size_60x60_run_006_seed_123,123
18.659645736819254,79.14929107589657,60,60,size_60x60_run_006_seed_123,123
18.66009452086572,79.15146460961118,60,60,size_60x60_run_006_seed_123,123
18.661424705555664,79.15363769022305,60,60,size_60x60_run_006_seed_123,123
18.661582741164597,79.1558103178739,60,60,size_60x60_run_006_seed_123,123
18.662112840722667,79.15798249270529,60,60,size_60x60_run_006_seed_123,123
18.662700939045305,79.1601542148588,60,60,size_60x60_run_006_seed_123,123
18.66326265927943,79.16232548447594,60,60,size_60x60_run_006_seed_123,123
18.66375645087694,79.1644963016981,60,60,size_60x60_run_006_seed_123,123
18.663801739063658,79.16666666666666,60,60,size_60x60_run_006_seed_123,123
18.664100380995894,79.16883657952296,60,60,size_60x60_run_006_seed_123,123
18.6644804918547,79.17100604040824,60,60,size_60x60_run_006_seed_123,123
18.664688798115918,79.17317504946371,60,60,size_60x60_run_006_seed_123,123
18.664977710592897,79.17534360683048,60,60,size_60x60_run_006_seed_123,123
18.665147758149974,79.17751171264966,60,60,size_60x60_run_006_seed_123,123
18.665378108525573,79.17967936706225,60,60,size_60x60_run_006_seed_123,123
18.666117390873605,79.18184657020923,60,60,size_60x60_run_006_seed_123,123
18.666199396210878,79.18401332223148,60,60,size_60x60_run_006_seed_123,123
18.666701183179754,79.18617962326985,60,60,size_60x60_run_006_seed_123,123
18.66723284041055,79.18834547346513,60,60,size_60x60_run_006_seed_123,123
18.667284958913392,79.19051087295806,60,60,size_60x60_run_006_seed_123,123
18.667472998022497,79.1926758218893,60,60,size_60x60_run_006_seed_123,123
18.667597254871634,79.19484032039946,60,60,size_60x60_run_006_seed_123,123
18.667807530010066,79.19700436862908,60,60,size_60x60_run_006_seed_123,123
18.668039109541077,79.19916796671866,60,60,size_60x60_run_006_seed_123,123
18.668130916696196,79.20133111480865,60,60,size_60x60_run_006_seed_123,123
18.668356748760544,79.2034938130394,60,60,size_60x60_run_006_seed_123,123
18.668829345037604,79.20565606155125,60,60,size_60x60_run_006_seed_123,123
18.668965428935223,79.20781786048445,60,60,size_60x60_run_006_seed_123,123
18.66902304378078,79.20997920997921,60,60,size_60x60_run_006_seed_123,123
18.670010820242943,79.21214011017565,60,60,size_60x60_run_006_seed_123,123
18.670118343616625,79.21430056121388,60,60,size_60x60_run_006_seed_123,123
18.67020161592524,79.21646056323391,60,60,size_60x60_run_006_seed_123,123
18.670384896839817,79.21862011637573,60,60,size_60x60_run_006_seed_123,123
18.670546469319362,79.22077922077922,60,60,size_60x60_run_006_seed_123,123
18.670890919176955,79.22293787658425,60,60,size_60x60_run_006_seed_123,123
18.670949246512706,79.22509608393061,60,60,size_60x60_run_006_seed_123,123
18.671237217715454,79.22725384295804,60,60,size_60x60_run_006_seed_123,123
18.672347097874663,79.22941115380621,60,60,size_60x60_run_006_seed_123,123
18.672557745068445,79.23156801661474,60,60,size_60x60_run_006_seed_123,123
18.672624643178185,79.23372443152321,60,60,size_60x60_run_006_seed_123,123
18.67422911574243,79.2358803986711,60,60,size_60x60_run_006_seed_123,123
18.67432246108175,79.23803591819785,60,60,size_60x60_run_006_seed_123,123
18.67441285021179,79.2401909902429,60,60,size_60x60_run_006_seed_123,123
18.67467758981679,79.2423456149455,60,60,size_60x60_run_006_seed_123,123
18.67498777204792,79.244499792445,60,60,size_60x60_run_006_seed_123,123
18.675157702628365,79.24665352288056,60,60,size_60x60_run_006_seed_123,123
18.67519659241389,79.24880680639137,60,60,size_60x60_run_006_seed_123,123
18.67521885353101,79.2509596431165,60,60,size_60x60_run_006_seed_123,123
18.67532798375889,79.25311203319502,60,60,size_60x60_run_006_seed_123,123
18.67548928524595,79.2552639767659,60,60,size_60x60_run_006_seed_123,123
18.676576778185453,79.25741547396805,60,60,size_60x60_run_006_seed_123,123
18.677069436103793,79.25956652494037,60,60,size_60x60_run_006_seed_123,123
18.677436566909165,79.26171712982165,60,60,size_60x60_run_006_seed_123,123
18.67759606480937,79.26386728875065,60,60,size_60x60_run_006_seed_123,123
18.678017190089033,79.26601700186606,60,60,size_60x60_run_006_seed_123,123
18.67939400761537,79.26816626930652,60,60,size_60x60_run_006_seed_123,123
18.679464496198655,79.27031509121062,60,60,size_60x60_run_006_seed_123,123
18.680215622367083,79.27246346771686,60,60,size_60x60_run_006_seed_123,123
18.680305244097475,79.27461139896373,60,60,size_60x60_run_006_seed_123,123
18.680398359428757,79.27675888508962,60,60,size_60x60_run_006_seed_123,123
18.680482199236888,79.2789059262329,60,60,size_60x60_run_006_seed_123,123
18.680856615160355,79.28105252253187,60,60,size_60x60_run_006_seed_123,123
18.680920639989303,79.2831986741247,60,60,size_60x60_run_006_seed_123,123
18.680959273308734,79.28534438114966,60,60,size_60x60_run_006_seed_123,123
18.681460064396695,79.28748964374482,60,60,size_60x60_run_006_seed_123,123
18.68149384585938,79.28963446204826,60,60,size_60x60_run_006_seed_123,123
18.681663273806418,79.29177883619796,60,60,size_60x60_run_006_seed_123,123
18.68210405329683,79.29392276633192,60,60,size_60x60_run_006_seed_123,123
18.68210484913468,79.29606625258799,60,60,size_60x60_run_006_seed_123,123
18.682272717804928,79.29820929510403,60,60,size_60x60_run_006_seed_123,123
18.682482283472943,79.30035189401781,60,60,size_60x60_run_006_seed_123,123
18.683121880541233,79.30249404946704,60,60,size_60x60_run_006_seed_123,123
18.683595090842864,79.30463576158941,60,60,size_60x60_run_006_seed_123,123
18.684296077123065,79.3067770305225,60,60,size_60x60_run_006_seed_123,123
18.68465199200284,79.3089178564039,60,60,size_60x60_run_006_seed_123,123
18.684738905230876,79.31105823937105,60,60,size_60x60_run_006_seed_123,123
18.685150004241518,79.31319817956144,60,60,size_60x60_run_006_seed_123,123
18.685190480863568,79.31533767711242,60,60,size_60x60_run_006_seed_123,123
18.68545280056754,79.31747673216132,60,60,size_60x60_run_006_seed_123,123
18.686505380276124,79.31961534484542,60,60,size_60x60_run_006_seed_123,123
18.686612464152844,79.3217535153019,60,60,size_60x60_run_006_seed_123,123
18.68673025141592,79.32389124366794,60,60,size_60x60_run_006_seed_123,123
18.686823197263,79.32602853008063,60,60,size_60x60_run_006_seed_123,123
18.686905306172722,79.32816537467701,60,60,size_60x60_run_006_seed_123,123
18.687006428982663,79.33030177759404,60,60,size_60x60_run_006_seed_123,123
18.68705667485124,79.3324377389687,60,60,size_60x60_run_006_seed_123,123
18.68712567128266,79.33457325893781,60,60,size_60x60_run_006_seed_123,123
18.6874089520013,79.33670833763819,60,60,size_60x60_run_006_seed_123,123
18.68762222762258,79.33884297520662,60,60,size_60x60_run_006_seed_123,123
18.687723586757013,79.34097717177977,60,60,size_60x60_run_006_seed_123,123
18.687861112724846,79.34311092749432,60,60,size_60x60_run_006_seed_123,123
18.688012245201055,79.34524424248683,60,60,size_60x60_run_006_seed_123,123
18.688039965624643,79.34737711689385,60,60,size_60x60_run_006_seed_123,123
18.688220465332947,79.34950955085183,60,60,size_60x60_run_006_seed_123,123
18.68901129346216,79.35164154449721,60,60,size_60x60_run_006_seed_123,123
18.689253020878432,79.35377309796635,60,60,size_60x60_run_006_seed_123,123
18.689928729485324,79.35590421139554,60,60,size_60x60_run_006_seed_123,123
18.6899651077407,79.35803488492105,60,60,size_60x60_run_006_seed_123,123
18.690262925562067,79.36016511867905,60,60,size_60x60_run_006_seed_123,123
18.690353786645794,79.3622949128057,60,60,size_60x60_run_006_seed_123,123
18.69076237271276,79.36442426743706,60,60,size_60x60_run_006_seed_123,123
18.69080915867094,79.36655318270918,60,60,size_60x60_run_006_seed_123,123
18.690927514659155,79.368681658758,60,60,size_60x60_run_006_seed_123,123
18.69101377623954,79.37080969571944,60,60,size_60x60_run_006_seed_123,123
18.691386643713145,79.37293729372938,60,60,size_60x60_run_006_seed_123,123
18.69202504722899,79.37506445292358,60,60,size_60x60_run_006_seed_123,123
18.69293501027684,79.37719117343782,60,60,size_60x60_run_006_seed_123,123
18.693323136728903,79.37931745540777,60,60,size_60x60_run_006_seed_123,123
18.693609661248686,79.38144329896907,60,60,size_60x60_run_006_seed_123,123
18.69365918040148,79.38356870425729,60,60,size_60x60_run_006_seed_123,123
18.693727021363667,79.38569367140795,60,60,size_60x60_run_006_seed_123,123
18.693732359970788,79.38781820055652,60,60,size_60x60_run_006_seed_123,123
18.694052733029526,79.38994229183842,60,60,size_60x60_run_006_seed_123,123
18.69425021566656,79.39206594538898,60,60,size_60x60_run_006_seed_123,123
18.69476376741506,79.3941891613435,60,60,size_60x60_run_006_seed_123,123
18.694764374237515,79.39631193983723,60,60,size_60x60_run_006_seed_123,123
18.695300108203114,79.39843428100536,60,60,size_60x60_run_006_seed_123,123
18.695818557060758,79.400556184983,60,60,size_60x60_run_006_seed_123,123
18.696172504171358,79.40267765190525,60,60,size_60x60_run_006_seed_123,123
18.696430353700308,79.40479868190712,60,60,size_60x60_run_006_seed_123,123
18.697056864212296,79.40691927512356,60,60,size_60x60_run_006_seed_123,123
18.697225277378326,79.4090394316895,60,60,size_60x60_run_006_seed_123,123
18.69725973568296,79.41115915173975,60,60,size_60x60_run_006_seed_123,123
18.697336764659173,79.41327843540917,60,60,size_60x60_run_006_seed_123,123
18.69750533091283,79.41539728283244,60,60,size_60x60_run_006_seed_123,123
18.697600957893027,79.41751569414429,60,60,size_60x60_run_006_seed_123,123
18.69777758864347,79.41963366947931,60,60,size_60x60_run_006_seed_123,123
18.698205332388603,79.42175120897211,60,60,size_60x60_run_006_seed_123,123
18.698618051262176,79.42386831275721,60,60,size_60x60_run_006_seed_123,123
18.698800410581228,79.42598498096903,60,60,size_60x60_run_006_seed_123,123
18.698870974165896,79.42810121374202,60,60,size_60x60_run_006_seed_123,123
18.69963357536436,79.42810121374202,60,60,size_60x60_run_006_seed_123,123
18.69969484966604,79.43021701121053,60,60,size_60x60_run_006_seed_123,123
18.700741048085863,79.43233237350884,60,60,size_60x60_run_006_seed_123,123
18.70157772499669,79.43444730077121,60,60,size_60x60_run_006_seed_123,123
18.70243676010434,79.43656179313182,60,60,size_60x60_run_006_seed_123,123
18.70244047271701,79.43867585072478,60,60,size_60x60_run_006_seed_123,123
18.70326348707041,79.44078947368422,60,60,size_60x60_run_006_seed_123,123
18.703576490533,79.4429026621441,60,60,size_60x60_run_006_seed_123,123
18.70392074654189,79.44501541623843,60,60,size_60x60_run_006_seed_123,123
18.70422069410966,79.44712773610112,60,60,size_60x60_run_006_seed_123,123
18.70482679029494,79.44923962186601,60,60,size_60x60_run_006_seed_123,123
18.704875562972777,79.45135107366691,60,60,size_60x60_run_006_seed_123,123
18.705217556566218,79.45346209163756,60,60,size_60x60_run_006_seed_123,123
18.70526784548202,79.45557267591165,60,60,size_60x60_run_006_seed_123,123
18.705321618961545,79.45768282662284,60,60,size_60x60_run_006_seed_123,123
18.705889611066418,79.4597925439047,60,60,size_60x60_run_006_seed_123,123
18.70661967334116,79.46190182789074,60,60,size_60x60_run_006_seed_123,123
18.70678151439355,79.46401067871444,60,60,size_60x60_run_006_seed_123,123
18.70743526058297,79.46611909650923,60,60,size_60x60_run_006_seed_123,123
18.707537445832084,79.46822708140849,60,60,size_60x60_run_006_seed_123,123
18.708710127355257,79.47033463354546,60,60,size_60x60_run_006_seed_123,123
18.709181311926177,79.47244175305347,60,60,size_60x60_run_006_seed_123,123
18.709551046992587,79.47454844006569,60,60,size_60x60_run_006_seed_123,123
18.709837515996345,79.47665469471524,60,60,size_60x60_run_006_seed_123,123
18.70997703801909,79.47665469471524,60,60,size_60x60_run_006_seed_123,123
18.711060359393038,79.47876051713524,60,60,size_60x60_run_006_seed_123,123
18.71241530083168,79.4808659074587,60,60,size_60x60_run_006_seed_123,123
18.712721883843532,79.48297086581863,60,60,size_60x60_run_006_seed_123,123
18.713518753765502,79.48507539234794,60,60,size_60x60_run_006_seed_123,123
18.713793672032683,79.48717948717949,60,60,size_60x60_run_006_seed_123,123
18.713897520580364,79.48928315044611,60,60,size_60x60_run_006_seed_123,123
18.714220924611464,79.49138638228057,60,60,size_60x60_run_006_seed_123,123
18.71423254480349,79.49348918281555,60,60,size_60x60_run_006_seed_123,123
18.714467835484136,79.49348918281555,60,60,size_60x60_run_006_seed_123,123
18.714685446186962,79.49559155218373,60,60,size_60x60_run_006_seed_123,123
18.715250767450808,79.49769349051769,60,60,size_60x60_run_006_seed_123,123
18.715396881076412,79.49979499794998,60,60,size_60x60_run_006_seed_123,123
18.715735289045387,79.49979499794998,60,60,size_60x60_run_006_seed_123,123
18.715786437891634,79.5018960746131,60,60,size_60x60_run_006_seed_123,123
18.715805983469064,79.50399672063948,60,60,size_60x60_run_006_seed_123,123
18.715911942883043,79.5060969361615,60,60,size_60x60_run_006_seed_123,123
18.71743930292158,79.50819672131148,60,60,size_60x60_run_006_seed_123,123
18.718051805428193,79.51029607622169,60,60,size_60x60_run_006_seed_123,123
18.718121073592798,79.51239500102439,60,60,size_60x60_run_006_seed_123,123
18.71821898704748,79.5144934958517,60,60,size_60x60_run_006_seed_123,123
18.71885974632945,79.51659156083572,60,60,size_60x60_run_006_seed_123,123
18.720175852600356,79.51868919610855,60,60,size_60x60_run_006_seed_123,123
18.720355817766645,79.52078640180217,60,60,size_60x60_run_006_seed_123,123
18.720896705550174,79.52288317804853,60,60,size_60x60_run_006_seed_123,123
18.72099620676952,79.52497952497953,60,60,size_60x60_run_006_seed_123,123
18.721612095907755,79.527075442727,60,60,size_60x60_run_006_seed_123,123
18.721986257161735,79.52917093142273,60,60,size_60x60_run_006_seed_123,123
18.72266650276226,79.53126599119844,60,60,size_60x60_run_006_seed_123,123
18.722758506268743,79.53336062218584,60,60,size_60x60_run_006_seed_123,123
18.723011763839104,79.53545482451652,60,60,size_60x60_run_006_seed_123,123
18.723140950207434,79.53754859832209,60,60,size_60x60_run_006_seed_123,123
18.723374243811303,79.53964194373401,60,60,size_60x60_run_006_seed_123,123
18.723431715185576,79.54173486088379,60,60,size_60x60_run_006_seed_123,123
18.723449917688676,79.54382734990283,60,60,size_60x60_run_006_seed_123,123
18.723458420683635,79.54591941092248,60,60,size_60x60_run_006_seed_123,123
18.723884739782942,79.54801104407404,60,60,size_60x60_run_006_seed_123,123
18.723991742924937,79.55010224948876,60,60,size_60x60_run_006_seed_123,123
18.72418435861015,79.55219302729782,60,60,size_60x60_run_006_seed_123,123
18.724442584539506,79.55428337763239,60,60,size_60x60_run_006_seed_123,123
18.72484094517735,79.55637330062353,60,60,size_60x60_run_006_seed_123,123
18.725218887947005,79.55846279640228,60,60,size_60x60_run_006_seed_123,123
18.725285531888332,79.56055186509964,60,60,size_60x60_run_006_seed_123,123
18.726259545797305,79.56264050684652,60,60,size_60x60_run_006_seed_123,123
18.726277639525687,79.56472872177378,60,60,size_60x60_run_006_seed_123,123
18.726941774707164,79.56681651001226,60,60,size_60x60_run_006_seed_123,123
18.727558420752196,79.56890387169273,60,60,size_60x60_run_006_seed_123,123
18.72787836644094,79.57099080694586,60,60,size_60x60_run_006_seed_123,123
18.728243899485722,79.57307731590237,60,60,size_60x60_run_006_seed_123,123
18.72936052058179,79.57516339869281,60,60,size_60x60_run_006_seed_123,123
18.729394631895378,79.57724905544778,60,60,size_60x60_run_006_seed_123,123
18.72948825286054,79.57933428629774,60,60,size_60x60_run_006_seed_123,123
18.729703502850935,79.58141909137315,60,60,size_60x60_run_006_seed_123,123
18.729804231351686,79.5835034708044,60,60,size_60x60_run_006_seed_123,123
18.729884930305275,79.58558742472185,60,60,size_60x60_run_006_seed_123,123
18.73022753499888,79.58767095325577,60,60,size_60x60_run_006_seed_123,123
18.730587058524566,79.58975405653638,60,60,size_60x60_run_006_seed_123,123
18.730638275036792,79.59183673469387,60,60,size_60x60_run_006_seed_123,123
18.73082630673777,79.59391898785839,60,60,size_60x60_run_006_seed_123,123
18.731022287282542,79.59600081615996,60,60,size_60x60_run_006_seed_123,123
18.73123884230638,79.59808221972865,60,60,size_60x60_run_006_seed_123,123
18.73168056346585,79.6001631986944,60,60,size_60x60_run_006_seed_123,123
18.732000888816334,79.60224375318715,60,60,size_60x60_run_006_seed_123,123
18.732732931429187,79.60432388333673,60,60,size_60x60_run_006_seed_123,123
18.732783762961862,79.60640358927297,60,60,size_60x60_run_006_seed_123,123
18.733055954484517,79.6084828711256,60,60,size_60x60_run_006_seed_123,123
18.733059072407055,79.61056172902437,60,60,size_60x60_run_006_seed_123,123
18.734183843613057,79.61264016309887,60,60,size_60x60_run_006_seed_123,123
18.734312145950454,79.61471817347875,60,60,size_60x60_run_006_seed_123,123
18.734544995584123,79.61679576029351,60,60,size_60x60_run_006_seed_123,123
18.734868397863167,79.61887292367268,60,60,size_60x60_run_006_seed_123,123
18.735160138695502,79.62094966374566,60,60,size_60x60_run_006_seed_123,123
18.73526312798113,79.62302598064187,60,60,size_60x60_run_006_seed_123,123
18.73572110496514,79.62510187449062,60,60,size_60x60_run_006_seed_123,123
18.73595063094379,79.6271773454212,60,60,size_60x60_run_006_seed_123,123
18.735988615293326,79.62925239356284,60,60,size_60x60_run_006_seed_123,123
18.73631080975304,79.6313270190447,60,60,size_60x60_run_006_seed_123,123
18.73658369460972,79.63340122199592,60,60,size_60x60_run_006_seed_123,123
18.73722874245434,79.63547500254556,60,60,size_60x60_run_006_seed_123,123
18.73723424018429,79.63754836082263,60,60,size_60x60_run_006_seed_123,123
18.7372986509925,79.63962129695612,60,60,size_60x60_run_006_seed_123,123
18.737783115439317,79.64169381107492,60,60,size_60x60_run_006_seed_123,123
18.73839464305859,79.64169381107492,60,60,size_60x60_run_006_seed_123,123
18.73881092671451,79.64376590330788,60,60,size_60x60_run_006_seed_123,123
18.738932413987037,79.64583757378384,60,60,size_60x60_run_006_seed_123,123
18.73902092043094,79.64790882263154,60,60,size_60x60_run_006_seed_123,123
18.73911982915211,79.64997964997966,60,60,size_60x60_run_006_seed_123,123
18.74021345826638,79.65205005595686,60,60,size_60x60_run_006_seed_123,123
18.74085233202812,79.65412004069175,60,60,size_60x60_run_006_seed_123,123
18.741116431247516,79.65618960431289,60,60,size_60x60_run_006_seed_123,123
18.741136966681726,79.65825874694875,60,60,size_60x60_run_006_seed_123,123
18.741164420986088,79.66032746872776,60,60,size_60x60_run_006_seed_123,123
18.741526694797553,79.66239576977831,60,60,size_60x60_run_006_seed_123,123
18.74155544213764,79.66446365022878,60,60,size_60x60_run_006_seed_123,123
18.74182862054024,79.6665311102074,60,60,size_60x60_run_006_seed_123,123
18.74201993909675,79.66859814984242,60,60,size_60x60_run_006_seed_123,123
18.74206116356946,79.67066476926205,60,60,size_60x60_run_006_seed_123,123
18.74221376814199,79.67273096859438,60,60,size_60x60_run_006_seed_123,123
18.742304154726313,79.67479674796748,60,60,size_60x60_run_006_seed_123,123
18.742469379511707,79.6768621075094,60,60,size_60x60_run_006_seed_123,123
18.742577813970314,79.6768621075094,60,60,size_60x60_run_006_seed_123,123
18.74263460605372,79.6789270473481,60,60,size_60x60_run_006_seed_123,123
18.74273097064989,79.6809915676115,60,60,size_60x60_run_006_seed_123,123
18.742963608100094,79.68305566842747,60,60,size_60x60_run_006_seed_123,123
18.74361484592173,79.68511934992381,60,60,size_60x60_run_006_seed_123,123
18.744474499321285,79.68718261222831,60,60,size_60x60_run_006_seed_123,123
18.744719498186505,79.68924545546867,60,60,size_60x60_run_006_seed_123,123
18.7456639714437,79.69130787977254,60,60,size_60x60_run_006_seed_123,123
18.74640362987543,79.69336988526754,60,60,size_60x60_run_006_seed_123,123
18.74665020320961,79.69543147208121,60,60,size_60x60_run_006_seed_123,123
18.746940754055338,79.69749264034108,60,60,size_60x60_run_006_seed_123,123
18.748585062324054,79.69955339017459,60,60,size_60x60_run_006_seed_123,123
18.74862558745968,79.70161372170912,60,60,size_60x60_run_006_seed_123,123
18.74863997757672,79.70367363507205,60,60,size_60x60_run_006_seed_123,123
18.748673318490223,79.70573313039067,60,60,size_60x60_run_006_seed_123,123
18.748712428618937,79.70779220779221,60,60,size_60x60_run_006_seed_123,123
18.748942221095508,79.70985086740387,60,60,size_60x60_run_006_seed_123,123
18.749003959234795,79.7119091093528,60,60,size_60x60_run_006_seed_123,123
18.74934622731812,79.7139669337661,60,60,size_60x60_run_006_seed_123,123
18.749851824162747,79.71602434077079,60,60,size_60x60_run_006_seed_123,123
18.750058594210607,79.71808133049386,60,60,size_60x60_run_006_seed_123,123
18.750084145609737,79.72013790306227,60,60,size_60x60_run_006_seed_123,123
18.750706688437692,79.72219405860285,60,60,size_60x60_run_006_seed_123,123
18.751168918022014,79.72424979724249,60,60,size_60x60_run_006_seed_123,123
18.75123925113343,79.72630511910795,60,60,size_60x60_run_006_seed_123,123
18.751239397236958,79.72836002432598,60,60,size_60x60_run_006_seed_123,123
18.751532817587844,79.7304145130232,60,60,size_60x60_run_006_seed_123,123
18.752101721846003,79.73246858532632,60,60,size_60x60_run_006_seed_123,123
18.752505341356915,79.73452224136184,60,60,size_60x60_run_006_seed_123,123
18.752873745038595,79.73657548125634,60,60,size_60x60_run_006_seed_123,123
18.75318935049609,79.73862830513626,60,60,size_60x60_run_006_seed_123,123
18.75333139078282,79.74068071312804,60,60,size_60x60_run_006_seed_123,123
18.75377892279957,79.74273270535804,60,60,size_60x60_run_006_seed_123,123
18.753899287720888,79.7447842819526,60,60,size_60x60_run_006_seed_123,123
18.75417743748902,79.7447842819526,60,60,size_60x60_run_006_seed_123,123
18.754435805804558,79.74683544303798,60,60,size_60x60_run_006_seed_123,123
18.754892645563334,79.74888618874037,60,60,size_60x60_run_006_seed_123,123
18.755396827670275,79.75093651918598,60,60,size_60x60_run_006_seed_123,123
18.75551919556128,79.75298643450091,60,60,size_60x60_run_006_seed_123,123
18.75566148881,79.75503593481122,60,60,size_60x60_run_006_seed_123,123
18.755732450444576,79.75708502024291,60,60,size_60x60_run_006_seed_123,123
18.756233575514404,79.75913369092197,60,60,size_60x60_run_006_seed_123,123
18.756250381329156,79.7611819469743,60,60,size_60x60_run_006_seed_123,123
18.756695102107383,79.76322978852575,60,60,size_60x60_run_006_seed_123,123
18.75737843018835,79.76527721570214,60,60,size_60x60_run_006_seed_123,123
18.757413479768104,79.76732422862923,60,60,size_60x60_run_006_seed_123,123
18.75777032944095,79.76937082743272,60,60,size_60x60_run_006_seed_123,123
18.757805431312967,79.77141701223829,60,60,size_60x60_run_006_seed_123,123
18.757830172399384,79.77346278317152,60,60,size_60x60_run_006_seed_123,123
18.75797772209401,79.77550814035797,60,60,size_60x60_run_006_seed_123,123
18.75817325186166,79.77755308392315,60,60,size_60x60_run_006_seed_123,123
18.75853111680908,79.77959761399251,60,60,size_60x60_run_006_seed_123,123
18.759289548441757,79.78164173069146,60,60,size_60x60_run_006_seed_123,123
18.759521402557034,79.78368543414535,60,60,size_60x60_run_006_seed_123,123
18.75961230056205,79.78572872447948,60,60,size_60x60_run_006_seed_123,123
18.76006353032455,79.7877716018191,60,60,size_60x60_run_006_seed_123,123
18.760292850353284,79.78981406628941,60,60,size_60x60_run_006_seed_123,123
18.76045119168117,79.79185611801556,60,60,size_60x60_run_006_seed_123,123
18.761375323085534,79.79389775712265,60,60,size_60x60_run_006_seed_123,123
18.761418976812767,79.79593898373572,60,60,size_60x60_run_006_seed_123,123
18.76184410147518,79.7979797979798,60,60,size_60x60_run_006_seed_123,123
18.761854807972103,79.8000201999798,60,60,size_60x60_run_006_seed_123,123
18.762068446237457,79.80206018986064,60,60,size_60x60_run_006_seed_123,123
18.762389855185447,79.80409976774715,60,60,size_60x60_run_006_seed_123,123
18.76262451675073,79.80613893376413,60,60,size_60x60_run_006_seed_123,123
18.762649939678532,79.80817768803634,60,60,size_60x60_run_006_seed_123,123
18.762736251498808,79.81021603068848,60,60,size_60x60_run_006_seed_123,123
18.763002560308013,79.81225396184516,60,60,size_60x60_run_006_seed_123,123
18.763338843643936,79.814291481631,60,60,size_60x60_run_006_seed_123,123
18.763446961460122,79.81632859017054,60,60,size_60x60_run_006_seed_123,123
18.763977800657337,79.81632859017054,60,60,size_60x60_run_006_seed_123,123
18.764136475263765,79.8183652875883,60,60,size_60x60_run_006_seed_123,123
18.76424267638811,79.82040157400868,60,60,size_60x60_run_006_seed_123,123
18.764623464114223,79.82243744955609,60,60,size_60x60_run_006_seed_123,123
18.765275602077686,79.82447291435489,60,60,size_60x60_run_006_seed_123,123
18.765784253060556,79.82650796852934,60,60,size_60x60_run_006_seed_123,123
18.765869340927985,79.82854261220373,60,60,size_60x60_run_006_seed_123,123
18.765969110629328,79.83057684550222,60,60,size_60x60_run_006_seed_123,123
18.76646523165492,79.83261066854895,60,60,size_60x60_run_006_seed_123,123
18.766498655736303,79.83464408146804,60,60,size_60x60_run_006_seed_123,123
18.766524114149487,79.83667708438351,60,60,size_60x60_run_006_seed_123,123
18.766604703148246,79.83870967741935,60,60,size_60x60_run_006_seed_123,123
18.766775629864114,79.84074186069952,60,60,size_60x60_run_006_seed_123,123
18.766792293150775,79.84277363434792,60,60,size_60x60_run_006_seed_123,123
18.767031812886334,79.84480499848836,60,60,size_60x60_run_006_seed_123,123
18.767236282792172,79.84683595324465,60,60,size_60x60_run_006_seed_123,123
18.767800790369083,79.84886649874056,60,60,size_60x60_run_006_seed_123,123
18.767804270332874,79.85089663509973,60,60,size_60x60_run_006_seed_123,123
18.767812165267795,79.85292636244586,60,60,size_60x60_run_006_seed_123,123
18.76845855754775,79.85495568090249,60,60,size_60x60_run_006_seed_123,123
18.768942731224016,79.85698459059321,60,60,size_60x60_run_006_seed_123,123
18.769289317684528,79.8590130916415,60,60,size_60x60_run_006_seed_123,123
18.770115050270373,79.86104118417077,60,60,size_60x60_run_006_seed_123,123
18.770232940519843,79.86306886830447,60,60,size_60x60_run_006_seed_123,123
18.770258614980463,79.86509614416592,60,60,size_60x60_run_006_seed_123,123
18.77044132653899,79.86712301187839,60,60,size_60x60_run_006_seed_123,123
18.770559673576514,79.86914947156517,60,60,size_60x60_run_006_seed_123,123
18.770694578513226,79.87117552334944,60,60,size_60x60_run_006_seed_123,123
18.77124142092924,79.87320116735434,60,60,size_60x60_run_006_seed_123,123
18.77139982429511,79.87522640370295,60,60,size_60x60_run_006_seed_123,123
18.771537279855664,79.87725123251836,60,60,size_60x60_run_006_seed_123,123
18.771771205718874,79.87927565392354,60,60,size_60x60_run_006_seed_123,123
18.77211049589716,79.88129966804145,60,60,size_60x60_run_006_seed_123,123
18.77212076148828,79.88332327499496,60,60,size_60x60_run_006_seed_123,123
18.772144850936016,79.88534647490697,60,60,size_60x60_run_006_seed_123,123
18.772195491330248,79.88736926790024,60,60,size_60x60_run_006_seed_123,123
18.772724561998533,79.88939165409754,60,60,size_60x60_run_006_seed_123,123
18.773145019880836,79.89141363362155,60,60,size_60x60_run_006_seed_123,123
18.77332299273734,79.89343520659496,60,60,size_60x60_run_006_seed_123,123
18.773431602996794,79.89343520659496,60,60,size_60x60_run_006_seed_123,123
18.773770257244035,79.89545637314033,60,60,size_60x60_run_006_seed_123,123
18.774066550381256,79.89747713338024,60,60,size_60x60_run_006_seed_123,123
18.77432875034967,79.89949748743719,60,60,size_60x60_run_006_seed_123,123
18.774527176117026,79.90151743543362,60,60,size_60x60_run_006_seed_123,123
18.775018117999775,79.90353697749197,60,60,size_60x60_run_006_seed_123,123
18.775295418240074,79.90555611373455,60,60,size_60x60_run_006_seed_123,123
18.77534193933459,79.9075748442837,60,60,size_60x60_run_006_seed_123,123
18.775786587829778,79.90959316926167,60,60,size_60x60_run_006_seed_123,123
18.77582096163319,79.91161108879068,60,60,size_60x60_run_006_seed_123,123
18.77591026475974,79.91362860299287,60,60,size_60x60_run_006_seed_123,123
18.77598291190757,79.91564571199035,60,60,size_60x60_run_006_seed_123,123
18.775984429950515,79.91766241590521,60,60,size_60x60_run_006_seed_123,123
18.776084180853154,79.91967871485943,60,60,size_60x60_run_006_seed_123,123
18.777009158613495,79.921694608975,60,60,size_60x60_run_006_seed_123,123
18.777348899033594,79.92371009837382,60,60,size_60x60_run_006_seed_123,123
18.777446525443867,79.92572518317775,60,60,size_60x60_run_006_seed_123,123
18.777535504969375,79.92773986350863,60,60,size_60x60_run_006_seed_123,123
18.77825368459719,79.92975413948821,60,60,size_60x60_run_006_seed_123,123
18.778368847524384,79.93176801123822,60,60,size_60x60_run_006_seed_123,123
18.778760945545905,79.9337814788803,60,60,size_60x60_run_006_seed_123,123
18.779026846255775,79.93579454253612,60,60,size_60x60_run_006_seed_123,123
18.779335161318905,79.93780720232722,60,60,size_60x60_run_006_seed_123,123
18.77934793408774,79.93981945837513,60,60,size_60x60_run_006_seed_123,123
18.77956854390701,79.94183131080132,60,60,size_60x60_run_006_seed_123,123
18.77961125458505,79.94384275972723,60,60,size_60x60_run_006_seed_123,123
18.779747458105003,79.94585380527424,60,60,size_60x60_run_006_seed_123,123
18.780189240110644,79.94786444756366,60,60,size_60x60_run_006_seed_123,123
18.780296428775472,79.9498746867168,60,60,size_60x60_run_006_seed_123,123
18.78096574765717,79.95188452285485,60,60,size_60x60_run_006_seed_123,123
18.781039412570156,79.95389395609904,60,60,size_60x60_run_006_seed_123,123
18.78108446438724,79.95590298657046,60,60,size_60x60_run_006_seed_123,123
18.781347754372888,79.95791161439023,60,60,size_60x60_run_006_seed_123,123
18.781384654947956,79.95991983967936,60,60,size_60x60_run_006_seed_123,123
18.782073099053658,79.96192766255886,60,60,size_60x60_run_006_seed_123,123
18.782870123102647,79.96393508314968,60,60,size_60x60_run_006_seed_123,123
18.782975545979657,79.96594210157268,60,60,size_60x60_run_006_seed_123,123
18.783513023199546,79.96794871794873,60,60,size_60x60_run_006_seed_123,123
18.78385479797152,79.96995493239861,60,60,size_60x60_run_006_seed_123,123
18.78392679496533,79.97196074504306,60,60,size_60x60_run_006_seed_123,123
18.78438757537938,79.9739661560028,60,60,size_60x60_run_006_seed_123,123
18.784798298157664,79.97597116539848,60,60,size_60x60_run_006_seed_123,123
18.785283472448235,79.97797577335068,60,60,size_60x60_run_006_seed_123,123
18.785744561875823,79.97997997997997,60,60,size_60x60_run_006_seed_123,123
18.785930576566976,79.98198378540687,60,60,size_60x60_run_006_seed_123,123
18.786234156424648,79.9839871897518,60,60,size_60x60_run_006_seed_123,123
18.78673364940129,79.9859901931352,60,60,size_60x60_run_006_seed_123,123
18.786769130805776,79.98799279567741,60,60,size_60x60_run_006_seed_123,123
18.787028654447944,79.98999499749874,60,60,size_60x60_run_006_seed_123,123
18.787974158721923,79.99199679871948,60,60,size_60x60_run_006_seed_123,123
18.788113370559188,79.99399819945984,60,60,size_60x60_run_006_seed_123,123
18.789102139226358,79.99599919983997,60,60,size_60x60_run_006_seed_123,123
18.789668249723224,79.99799979998001,60,60,size_60x60_run_006_seed_123,123
18.78970414840809,80.0,60,60,size_60x60_run_006_seed_123,123
18.7901436239465,80.00199980002,60,60,size_60x60_run_006_seed_123,123
18.79049665823135,80.00399920015997,60,60,size_60x60_run_006_seed_123,123
18.79050204047381,80.00599820053984,60,60,size_60x60_run_006_seed_123,123
18.7905129100722,80.00799680127949,60,60,size_60x60_run_006_seed_123,123
18.790630882642148,80.00999500249874,60,60,size_60x60_run_006_seed_123,123
18.790672074642302,80.01199280431742,60,60,size_60x60_run_006_seed_123,123
18.79080011194337,80.0139902068552,60,60,size_60x60_run_006_seed_123,123
18.790950016840924,80.0139902068552,60,60,size_60x60_run_006_seed_123,123
18.792028706985924,80.01598721023181,60,60,size_60x60_run_006_seed_123,123
18.79230130957307,80.01798381456689,60,60,size_60x60_run_006_seed_123,123
18.793542121615584,80.01998001998003,60,60,size_60x60_run_006_seed_123,123
18.79358342697176,80.02197582659075,60,60,size_60x60_run_006_seed_123,123
18.79424647150315,80.02397123451857,60,60,size_60x60_run_006_seed_123,123
18.79443963293759,80.02596624388295,60,60,size_60x60_run_006_seed_123,123
18.79454249647657,80.02796085480327,60,60,size_60x60_run_006_seed_123,123
18.79454315137357,80.0299550673989,60,60,size_60x60_run_006_seed_123,123
18.794830272805235,80.03194888178913,60,60,size_60x60_run_006_seed_123,123
18.794966367433844,80.03394229809324,60,60,size_60x60_run_006_seed_123,123
18.795211491345466,80.03593531643043,60,60,size_60x60_run_006_seed_123,123
18.796314093625824,80.03792793691986,60,60,size_60x60_run_006_seed_123,123
18.796347881172277,80.03992015968065,60,60,size_60x60_run_006_seed_123,123
18.7970581616432,80.04191198483184,60,60,size_60x60_run_006_seed_123,123
18.797191925682167,80.04390341249251,60,60,size_60x60_run_006_seed_123,123
18.797323306694256,80.0458944427816,60,60,size_60x60_run_006_seed_123,123
18.79735182499538,80.04788507581804,60,60,size_60x60_run_006_seed_123,123
18.797470842111995,80.0498753117207,60,60,size_60x60_run_006_seed_123,123
18.79791843344552,80.05186515060842,60,60,size_60x60_run_006_seed_123,123
18.79815455418794,80.05385459259998,60,60,size_60x60_run_006_seed_123,123
18.798450767174657,80.05584363781412,60,60,size_60x60_run_006_seed_123,123
18.798475014398196,80.05783228636952,60,60,size_60x60_run_006_seed_123,123
18.798687593296346,80.05982053838484,60,60,size_60x60_run_006_seed_123,123
18.79901833735888,80.06180839397867,60,60,size_60x60_run_006_seed_123,123
18.799120681649114,80.06379585326954,60,60,size_60x60_run_006_seed_123,123
18.799244861629195,80.06379585326954,60,60,size_60x60_run_006_seed_123,123
18.79930488100879,80.06578291637597,60,60,size_60x60_run_006_seed_123,123
18.799657031085328,80.06776958341638,60,60,size_60x60_run_006_seed_123,123
18.79989290629596,80.06975585450921,60,60,size_60x60_run_006_seed_123,123
18.79995316849558,80.07174172977281,60,60,size_60x60_run_006_seed_123,123
18.800144369576472,80.0737272093255,60,60,size_60x60_run_006_seed_123,123
18.80039398109851,80.07571229328552,60,60,size_60x60_run_006_seed_123,123
18.800423486628716,80.0776969817711,60,60,size_60x60_run_006_seed_123,123
18.800589296689765,80.0796812749004,60,60,size_60x60_run_006_seed_123,123
18.800649606328587,80.08166517279155,60,60,size_60x60_run_006_seed_123,123
18.800825438350092,80.08364867556264,60,60,size_60x60_run_006_seed_123,123
18.800869209829585,80.08563178333168,60,60,size_60x60_run_006_seed_123,123
18.800996407010103,80.08761449621664,60,60,size_60x60_run_006_seed_123,123
18.801020321128526,80.0895968143355,60,60,size_60x60_run_006_seed_123,123
18.80150985095137,80.09157873780609,60,60,size_60x60_run_006_seed_123,123
18.8019714541626,80.0935602667463,60,60,size_60x60_run_006_seed_123,123
18.802221075962063,80.09554140127389,60,60,size_60x60_run_006_seed_123,123
18.802255376803384,80.09752214150662,60,60,size_60x60_run_006_seed_123,123
18.802725937006187,80.09950248756219,60,60,size_60x60_run_006_seed_123,123
18.8030377369525,80.10148243955825,60,60,size_60x60_run_006_seed_123,123
18.804348122212172,80.10346199761241,60,60,size_60x60_run_006_seed_123,123
18.80475860536735,80.10544116184224,60,60,size_60x60_run_006_seed_123,123
18.805392158060187,80.10741993236523,60,60,size_60x60_run_006_seed_123,123
18.805751954633834,80.10939830929885,60,60,size_60x60_run_006_seed_123,123
18.80603445852051,80.11137629276054,60,60,size_60x60_run_006_seed_123,123
18.806183949557923,80.11335388286766,60,60,size_60x60_run_006_seed_123,123
18.8067026889826,80.11533107973752,60,60,size_60x60_run_006_seed_123,123
18.807289860251558,80.11730788348743,60,60,size_60x60_run_006_seed_123,123
18.807415586773526,80.11928429423459,60,60,size_60x60_run_006_seed_123,123
18.80743424662572,80.12126031209621,60,60,size_60x60_run_006_seed_123,123
18.808398850906975,80.12323593718943,60,60,size_60x60_run_006_seed_123,123
18.809455409756296,80.12521116963133,60,60,size_60x60_run_006_seed_123,123
18.80975742753413,80.12718600953896,60,60,size_60x60_run_006_seed_123,123
18.809902599378834,80.12916045702931,60,60,size_60x60_run_006_seed_123,123
18.81036649030439,80.13113451221935,60,60,size_60x60_run_006_seed_123,123
18.811850499995973,80.13310817522598,60,60,size_60x60_run_006_seed_123,123
18.8119997080785,80.13508144616607,60,60,size_60x60_run_006_seed_123,123
18.81228791545032,80.13705432515643,60,60,size_60x60_run_006_seed_123,123
18.81250085208194,80.1390268123138,60,60,size_60x60_run_006_seed_123,123
18.81260764243136,80.14099890775493,60,60,size_60x60_run_006_seed_123,123
18.813107922668472,80.14297061159651,60,60,size_60x60_run_006_seed_123,123
18.81315944748071,80.14494192395513,60,60,size_60x60_run_006_seed_123,123
18.81333610636293,80.1469128449474,60,60,size_60x60_run_006_seed_123,123
18.813853619360984,80.14888337468983,60,60,size_60x60_run_006_seed_123,123
18.81448671360914,80.15085351329893,60,60,size_60x60_run_006_seed_123,123
18.815236893804112,80.15282326089114,60,60,size_60x60_run_006_seed_123,123
18.816106378116316,80.15282326089114,60,60,size_60x60_run_006_seed_123,123
18.81667537017237,80.15479261758284,60,60,size_60x60_run_006_seed_123,123
18.81670839470743,80.15676158349042,60,60,size_60x60_run_006_seed_123,123
18.816845067084305,80.15873015873017,60,60,size_60x60_run_006_seed_123,123
18.817164348078524,80.16069834341832,60,60,size_60x60_run_006_seed_123,123
18.81720153064303,80.1626661376711,60,60,size_60x60_run_006_seed_123,123
18.817461494204057,80.16463354160467,60,60,size_60x60_run_006_seed_123,123
18.817862864827408,80.1666005553352,60,60,size_60x60_run_006_seed_123,123
18.81817679156465,80.16856717897868,60,60,size_60x60_run_006_seed_123,123
18.818255867305457,80.1705334126512,60,60,size_60x60_run_006_seed_123,123
18.818261581764798,80.17249925646873,60,60,size_60x60_run_006_seed_123,123
18.818760266143492,80.17446471054718,60,60,size_60x60_run_006_seed_123,123
18.81879182224889,80.17642977500248,60,60,size_60x60_run_006_seed_123,123
18.818954012808902,80.17839444995045,60,60,size_60x60_run_006_seed_123,123
18.81905431463472,80.18035873550689,60,60,size_60x60_run_006_seed_123,123
18.820395527931954,80.18232263178756,60,60,size_60x60_run_006_seed_123,123
18.820577921327093,80.18428613890816,60,60,size_60x60_run_006_seed_123,123
18.820806840268805,80.18624925698434,60,60,size_60x60_run_006_seed_123,123
18.820857762377123,80.18821198613175,60,60,size_60x60_run_006_seed_123,123
18.821226420742494,80.19017432646592,60,60,size_60x60_run_006_seed_123,123
18.82123142047963,80.19213627810241,60,60,size_60x60_run_006_seed_123,123
18.82146654849569,80.19409784115666,60,60,size_60x60_run_006_seed_123,123
18.821969546761594,80.19605901574414,60,60,size_60x60_run_006_seed_123,123
18.82280243233424,80.19801980198021,60,60,size_60x60_run_006_seed_123,123
18.823645109692546,80.1999801999802,60,60,size_60x60_run_006_seed_123,123
18.823735882591016,80.20194020985943,60,60,size_60x60_run_006_seed_123,123
18.82398377105855,80.20389983173315,60,60,size_60x60_run_006_seed_123,123
18.824014923696925,80.20585906571654,60,60,size_60x60_run_006_seed_123,123
18.824073358218147,80.20781791192479,60,60,size_60x60_run_006_seed_123,123
18.824078357474537,80.20977637047298,60,60,size_60x60_run_006_seed_123,123
18.824802732195394,80.2117344414762,60,60,size_60x60_run_006_seed_123,123
18.82538292171816,80.21369212504946,60,60,size_60x60_run_006_seed_123,123
18.82554843713208,80.21564942130775,60,60,size_60x60_run_006_seed_123,123
18.825651516895945,80.21760633036598,60,60,size_60x60_run_006_seed_123,123
18.825917003986454,80.21956285233904,60,60,size_60x60_run_006_seed_123,123
18.826133860322727,80.22151898734177,60,60,size_60x60_run_006_seed_123,123
18.826224760634926,80.22347473548898,60,60,size_60x60_run_006_seed_123,123
18.82638562417171,80.2254300968954,60,60,size_60x60_run_006_seed_123,123
18.826492680080957,80.22738507167573,60,60,size_60x60_run_006_seed_123,123
18.82694761419019,80.22933965994464,60,60,size_60x60_run_006_seed_123,123
18.827239802663197,80.23129386181674,60,60,size_60x60_run_006_seed_123,123
18.827299820181477,80.23324767740661,60,60,size_60x60_run_006_seed_123,123
18.82775174476763,80.23520110682874,60,60,size_60x60_run_006_seed_123,123
18.82800591794859,80.23715415019763,60,60,size_60x60_run_006_seed_123,123
18.828456319229947,80.2391068076277,60,60,size_60x60_run_006_seed_123,123
18.82874144207772,80.24105907923335,60,60,size_60x60_run_006_seed_123,123
18.828847654932414,80.24301096512892,60,60,size_60x60_run_006_seed_123,123
18.82922139018046,80.24496246542869,60,60,size_60x60_run_006_seed_123,123
18.829413195651618,80.24691358024691,60,60,size_60x60_run_006_seed_123,123
18.829896113511843,80.24886430969781,60,60,size_60x60_run_006_seed_123,123
18.83001679718696,80.25081465389553,60,60,size_60x60_run_006_seed_123,123
18.83021591791378,80.25276461295418,60,60,size_60x60_run_006_seed_123,123
18.830588846791745,80.25471418698785,60,60,size_60x60_run_006_seed_123,123
18.831068024584216,80.25666337611057,60,60,size_60x60_run_006_seed_123,123
18.8311246585393,80.25861218043629,60,60,size_60x60_run_006_seed_123,123
18.83112754937159,80.26056060007896,60,60,size_60x60_run_006_seed_123,123
18.83142981666219,80.26250863515247,60,60,size_60x60_run_006_seed_123,123
18.831566396565616,80.26445628577066,60,60,size_60x60_run_006_seed_123,123
18.83161883016506,80.26640355204736,60,60,size_60x60_run_006_seed_123,123
18.831664777887102,80.26835043409629,60,60,size_60x60_run_006_seed_123,123
18.832008424027375,80.27029693203117,60,60,size_60x60_run_006_seed_123,123
18.832517373710292,80.27224304596568,60,60,size_60x60_run_006_seed_123,123
18.83252077067431,80.27418877601342,60,60,size_60x60_run_006_seed_123,123
18.832537684267884,80.27613412228797,60,60,size_60x60_run_006_seed_123,123
18.83332203637096,80.27807908490287,60,60,size_60x60_run_006_seed_123,123
18.83379573307249,80.2800236639716,60,60,size_60x60_run_006_seed_123,123
18.83385920498942,80.2819678596076,60,60,size_60x60_run_006_seed_123,123
18.83387753153306,80.28391167192429,60,60,size_60x60_run_006_seed_123,123
18.834802312953403,80.285855101035,60,60,size_60x60_run_006_seed_123,123
18.834929654005013,80.28779814705302,60,60,size_60x60_run_006_seed_123,123
18.835000647184298,80.28974081009164,60,60,size_60x60_run_006_seed_123,123
18.83505597608342,80.29168309026409,60,60,size_60x60_run_006_seed_123,123
18.83564851275277,80.29362498768351,60,60,size_60x60_run_006_seed_123,123
18.835743419718373,80.29556650246306,60,60,size_60x60_run_006_seed_123,123
18.83584094617402,80.29556650246306,60,60,size_60x60_run_006_seed_123,123
18.836445663856686,80.2975076347158,60,60,size_60x60_run_006_seed_123,123
18.836461312678836,80.29944838455478,60,60,size_60x60_run_006_seed_123,123
18.83662777559646,80.30138875209298,60,60,size_60x60_run_006_seed_123,123
18.837825860110843,80.30332873744337,60,60,size_60x60_run_006_seed_123,123
18.838773665591745,80.30526834071885,60,60,size_60x60_run_006_seed_123,123
18.839301212784253,80.3072075620323,60,60,size_60x60_run_006_seed_123,123
18.839435112703423,80.3091464014965,60,60,size_60x60_run_006_seed_123,123
18.83945078473998,80.31108485922425,60,60,size_60x60_run_006_seed_123,123
18.839946135885935,80.31302293532828,60,60,size_60x60_run_006_seed_123,123
18.84031616361505,80.31496062992126,60,60,size_60x60_run_006_seed_123,123
18.84052662580194,80.31689794311583,60,60,size_60x60_run_006_seed_123,123
18.84111137823975,80.3188348750246,60,60,size_60x60_run_006_seed_123,123
18.84128067161674,80.32077142576011,60,60,size_60x60_run_006_seed_123,123
18.842070717300523,80.32270759543488,60,60,size_60x60_run_006_seed_123,123
18.84240230816315,80.32464338416135,60,60,size_60x60_run_006_seed_123,123
18.842499957267144,80.32657879205193,60,60,size_60x60_run_006_seed_123,123
18.842938751102782,80.32851381921904,60,60,size_60x60_run_006_seed_123,123
18.843041722850682,80.33044846577498,60,60,size_60x60_run_006_seed_123,123
18.843133621679623,80.33238273183204,60,60,size_60x60_run_006_seed_123,123
18.84315153322914,80.33431661750245,60,60,size_60x60_run_006_seed_123,123
18.843614847088173,80.33625012289843,60,60,size_60x60_run_006_seed_123,123
18.8441093138569,80.33818324813213,60,60,size_60x60_run_006_seed_123,123
18.844182983578484,80.34011599331564,60,60,size_60x60_run_006_seed_123,123
18.844273577960216,80.34204835856103,60,60,size_60x60_run_006_seed_123,123
18.84455732848925,80.34398034398035,60,60,size_60x60_run_006_seed_123,123
18.845162467841114,80.34591194968553,60,60,size_60x60_run_006_seed_123,123
18.8453514879063,80.34784317578854,60,60,size_60x60_run_006_seed_123,123
18.845949257706206,80.34977402240125,60,60,size_60x60_run_006_seed_123,123
18.846218343359556,80.35170448963552,60,60,size_60x60_run_006_seed_123,123
18.846467227191585,80.35363457760315,60,60,size_60x60_run_006_seed_123,123
18.846781943016797,80.35556428641587,60,60,size_60x60_run_006_seed_123,123
18.847236610252992,80.35749361618542,60,60,size_60x60_run_006_seed_123,123
18.847241042469975,80.35942256702347,60,60,size_60x60_run_006_seed_123,123
18.847549009297513,80.36135113904163,60,60,size_60x60_run_006_seed_123,123
18.847726942411313,80.36135113904163,60,60,size_60x60_run_006_seed_123,123
18.848519774046473,80.3632793323515,60,60,size_60x60_run_006_seed_123,123
18.8486371994201,80.3652071470646,60,60,size_60x60_run_006_seed_123,123
18.848673700049968,80.36713458329243,60,60,size_60x60_run_006_seed_123,123
18.84867484912285,80.36906164114644,60,60,size_60x60_run_006_seed_123,123
18.84906761339044,80.37098832073805,60,60,size_60x60_run_006_seed_123,123
18.84966744697417,80.37098832073805,60,60,size_60x60_run_006_seed_123,123
18.849995035056327,80.3729146221786,60,60,size_60x60_run_006_seed_123,123
18.850142617258975,80.37484054557943,60,60,size_60x60_run_006_seed_123,123
18.850790459988403,80.3767660910518,60,60,size_60x60_run_006_seed_123,123
18.851446269517933,80.37869125870697,60,60,size_60x60_run_006_seed_123,123
18.85179762036465,80.38061604865607,60,60,size_60x60_run_006_seed_123,123
18.85188706672679,80.3825404610103,60,60,size_60x60_run_006_seed_123,123
18.851951214522014,80.38446449588074,60,60,size_60x60_run_006_seed_123,123
18.852148521264596,80.38638815337845,60,60,size_60x60_run_006_seed_123,123
18.85232226385429,80.38831143361443,60,60,size_60x60_run_006_seed_123,123
18.852355744797727,80.39023433669968,60,60,size_60x60_run_006_seed_123,123
18.852713570633675,80.3921568627451,60,60,size_60x60_run_006_seed_123,123
18.852719148199718,80.39407901186159,60,60,size_60x60_run_006_seed_123,123
18.852884721127293,80.39600078415997,60,60,size_60x60_run_006_seed_123,123
18.853046524307903,80.39792217975106,60,60,size_60x60_run_006_seed_123,123
18.853048022206103,80.39984319874559,60,60,size_60x60_run_006_seed_123,123
18.853394891843703,80.4017638412543,60,60,size_60x60_run_006_seed_123,123
18.854308486535505,80.4036841073878,60,60,size_60x60_run_006_seed_123,123
18.85444132905945,80.40560399725678,60,60,size_60x60_run_006_seed_123,123
18.854464049186795,80.40752351097179,60,60,size_60x60_run_006_seed_123,123
18.85449020117651,80.40944264864336,60,60,size_60x60_run_006_seed_123,123
18.854511735708105,80.41136141038197,60,60,size_60x60_run_006_seed_123,123
18.855143123089906,80.41327979629811,60,60,size_60x60_run_006_seed_123,123
18.855164743901213,80.41519780650216,60,60,size_60x60_run_006_seed_123,123
18.85520355134548,80.41711544110447,60,60,size_60x60_run_006_seed_123,123
18.855275508902487,80.41903270021538,60,60,size_60x60_run_006_seed_123,123
18.8554269701179,80.42094958394517,60,60,size_60x60_run_006_seed_123,123
18.856877726759993,80.42286609240408,60,60,size_60x60_run_006_seed_123,123
18.857771435566804,80.42478222570226,60,60,size_60x60_run_006_seed_123,123
18.858207548126416,80.4266979839499,60,60,size_60x60_run_006_seed_123,123
18.859955936239196,80.42861336725707,60,60,size_60x60_run_006_seed_123,123
18.860037858685853,80.43052837573386,60,60,size_60x60_run_006_seed_123,123
18.860459519752325,80.43244300949026,60,60,size_60x60_run_006_seed_123,123
18.860583762013814,80.43435726863628,60,60,size_60x60_run_006_seed_123,123
18.860848050587236,80.43627115328181,60,60,size_60x60_run_006_seed_123,123
18.86152886604628,80.43818466353677,60,60,size_60x60_run_006_seed_123,123
18.861641787234763,80.440097799511,60,60,size_60x60_run_006_seed_123,123
18.861786839708884,80.440097799511,60,60,size_60x60_run_006_seed_123,123
18.862106588762867,80.44201056131429,60,60,size_60x60_run_006_seed_123,123
18.862359122976496,80.44392294905643,60,60,size_60x60_run_006_seed_123,123
18.86276716139708,80.44583496284709,60,60,size_60x60_run_006_seed_123,123
18.86306901763201,80.44774660279597,60,60,size_60x60_run_006_seed_123,123
18.86336083529908,80.4496578690127,60,60,size_60x60_run_006_seed_123,123
18.863841148760248,80.45156876160688,60,60,size_60x60_run_006_seed_123,123
18.86396179127643,80.45347928068803,60,60,size_60x60_run_006_seed_123,123
18.86403467030194,80.45538942636567,60,60,size_60x60_run_006_seed_123,123
18.864083760402508,80.45729919874927,60,60,size_60x60_run_006_seed_123,123
18.864173923473633,80.45920859794822,60,60,size_60x60_run_006_seed_123,123
18.86426890600367,80.4611176240719,60,60,size_60x60_run_006_seed_123,123
18.865105871115823,80.46302627722966,60,60,size_60x60_run_006_seed_123,123
18.86516039314775,80.46493455753077,60,60,size_60x60_run_006_seed_123,123
18.865287172832883,80.46684246508448,60,60,size_60x60_run_006_seed_123,123
18.86553599991376,80.46875,60,60,size_60x60_run_006_seed_123,123
18.865725692088745,80.47065716238649,60,60,size_60x60_run_006_seed_123,123
18.866555597514818,80.47256395235306,60,60,size_60x60_run_006_seed_123,123
18.86694915072944,80.47447037000879,60,60,size_60x60_run_006_seed_123,123
18.867711163064662,80.47637641546271,60,60,size_60x60_run_006_seed_123,123
18.86795693344416,80.47828208882382,60,60,size_60x60_run_006_seed_123,123
18.868022674140544,80.48018739020105,60,60,size_60x60_run_006_seed_123,123
18.868043486039245,80.48209231970333,60,60,size_60x60_run_006_seed_123,123
18.86938868308448,80.4839968774395,60,60,size_60x60_run_006_seed_123,123
18.869460440311578,80.4859010635184,60,60,size_60x60_run_006_seed_123,123
18.869559994973965,80.48780487804879,60,60,size_60x60_run_006_seed_123,123
18.871176845549627,80.4897083211394,60,60,size_60x60_run_006_seed_123,123
18.871302158741265,80.49161139289895,60,60,size_60x60_run_006_seed_123,123
18.871751408785414,80.49351409343608,60,60,size_60x60_run_006_seed_123,123
18.87225383958577,80.49541642285936,60,60,size_60x60_run_006_seed_123,123
18.872845975555716,80.49731838127742,60,60,size_60x60_run_006_seed_123,123
18.87302024927346,80.49921996879876,60,60,size_60x60_run_006_seed_123,123
18.87339249023647,80.50112118553183,60,60,size_60x60_run_006_seed_123,123
18.873716480073234,80.5030220315851,60,60,size_60x60_run_006_seed_123,123
18.873740316183966,80.50492250706696,60,60,size_60x60_run_006_seed_123,123
18.873842584225066,80.50682261208577,60,60,size_60x60_run_006_seed_123,123
18.874243056585748,80.50872234674983,60,60,size_60x60_run_006_seed_123,123
18.874821576792773,80.51062171116742,60,60,size_60x60_run_006_seed_123,123
18.875387599879254,80.51252070544676,60,60,size_60x60_run_006_seed_123,123
18.87597852728029,80.51441932969603,60,60,size_60x60_run_006_seed_123,123
18.876447547275276,80.51631758402338,60,60,size_60x60_run_006_seed_123,123
18.876987602303284,80.51821546853691,60,60,size_60x60_run_006_seed_123,123
18.877547783885763,80.52011298334469,60,60,size_60x60_run_006_seed_123,123
18.877548332600085,80.52201012855474,60,60,size_60x60_run_006_seed_123,123
18.877569412391072,80.523906904275,60,60,size_60x60_run_006_seed_123,123
18.877883845947945,80.52580331061344,60,60,size_60x60_run_006_seed_123,123
18.878638111726403,80.52769934767792,60,60,size_60x60_run_006_seed_123,123
18.879017304451335,80.52959501557633,60,60,size_60x60_run_006_seed_123,123
18.879305311195612,80.53149031441643,60,60,size_60x60_run_006_seed_123,123
18.879429453893515,80.533385244306,60,60,size_60x60_run_006_seed_123,123
18.87955358716288,80.5352798053528,60,60,size_60x60_run_006_seed_123,123
18.87985608414929,80.53717399766445,60,60,size_60x60_run_006_seed_123,123
18.880246611766772,80.53906782134864,60,60,size_60x60_run_006_seed_123,123
18.880543583737733,80.54096127651295,60,60,size_60x60_run_006_seed_123,123
18.880612237762328,80.54285436326491,60,60,size_60x60_run_006_seed_123,123
18.88081449354052,80.54474708171206,60,60,size_60x60_run_006_seed_123,123
18.88098417159107,80.54663943196188,60,60,size_60x60_run_006_seed_123,123
18.880998793972537,80.54853141412177,60,60,size_60x60_run_006_seed_123,123
18.88119460933603,80.55042302829914,60,60,size_60x60_run_006_seed_123,123
18.881324892397732,80.55231427460131,60,60,size_60x60_run_006_seed_123,123
18.881475442464183,80.55420515313564,60,60,size_60x60_run_006_seed_123,123
18.882320431941842,80.55609566400933,60,60,size_60x60_run_006_seed_123,123
18.883143758042667,80.55798580732963,60,60,size_60x60_run_006_seed_123,123
18.883177035549917,80.55987558320373,60,60,size_60x60_run_006_seed_123,123
18.8833369360281,80.56176499173876,60,60,size_60x60_run_006_seed_123,123
18.883864913612282,80.56365403304179,60,60,size_60x60_run_006_seed_123,123
18.883870079498223,80.5655427072199,60,60,size_60x60_run_006_seed_123,123
18.88435637268613,80.56743101438009,60,60,size_60x60_run_006_seed_123,123
18.88444132756081,80.56931895462935,60,60,size_60x60_run_006_seed_123,123
18.88517612524555,80.56931895462935,60,60,size_60x60_run_006_seed_123,123
18.885269842364554,80.5712065280746,60,60,size_60x60_run_006_seed_123,123
18.88538398822576,80.57309373482273,60,60,size_60x60_run_006_seed_123,123
18.885993914769998,80.57498057498057,60,60,size_60x60_run_006_seed_123,123
18.8863909048132,80.57686704865495,60,60,size_60x60_run_006_seed_123,123
18.886784044349675,80.57875315595261,60,60,size_60x60_run_006_seed_123,123
18.887982314955313,80.58063889698029,60,60,size_60x60_run_006_seed_123,123
18.888706809148733,80.58252427184466,60,60,size_60x60_run_006_seed_123,123
18.889294748144014,80.58440928065237,60,60,size_60x60_run_006_seed_123,123
18.889425110458625,80.58629392351,60,60,size_60x60_run_006_seed_123,123
18.890499132003846,80.58817820052411,60,60,size_60x60_run_006_seed_123,123
18.890769600066374,80.59006211180125,60,60,size_60x60_run_006_seed_123,123
18.890777155017147,80.59194565744784,60,60,size_60x60_run_006_seed_123,123
18.89100146999577,80.59382883757034,60,60,size_60x60_run_006_seed_123,123
18.89105767555849,80.59571165227514,60,60,size_60x60_run_006_seed_123,123
18.89128181098252,80.5975941016686,60,60,size_60x60_run_006_seed_123,123
18.891497559008517,80.59947618585703,60,60,size_60x60_run_006_seed_123,123
18.891600656648592,80.60135790494665,60,60,size_60x60_run_006_seed_123,123
18.892789252557897,80.60135790494665,60,60,size_60x60_run_006_seed_123,123
18.893039268231433,80.60323925904373,60,60,size_60x60_run_006_seed_123,123
18.893135844008903,80.60512024825445,60,60,size_60x60_run_006_seed_123,123
18.89357720925523,80.60700087268496,60,60,size_60x60_run_006_seed_123,123
18.893997095546425,80.60888113244134,60,60,size_60x60_run_006_seed_123,123
18.89428918491362,80.61076102762966,60,60,size_60x60_run_006_seed_123,123
18.89456091921679,80.61264055835595,60,60,size_60x60_run_006_seed_123,123
18.894623597873995,80.61451972472618,60,60,size_60x60_run_006_seed_123,123
18.89469887085204,80.61639852684628,60,60,size_60x60_run_006_seed_123,123
18.895048580887625,80.61827696482217,60,60,size_60x60_run_006_seed_123,123
18.896647052638567,80.62015503875969,60,60,size_60x60_run_006_seed_123,123
18.89764753597927,80.62203274876465,60,60,size_60x60_run_006_seed_123,123
18.89772001600277,80.62391009494284,60,60,size_60x60_run_006_seed_123,123
18.89791670780042,80.62578707739998,60,60,size_60x60_run_006_seed_123,123
18.89810943070876,80.62766369624177,60,60,size_60x60_run_006_seed_123,123
18.898319825906867,80.62953995157385,60,60,size_60x60_run_006_seed_123,123
18.89858154295776,80.63141584350184,60,60,size_60x60_run_006_seed_123,123
18.899240399375767,80.63329137213131,60,60,size_60x60_run_006_seed_123,123
18.899527002748243,80.63516653756778,60,60,size_60x60_run_006_seed_123,123
18.89976682544366,80.63704133991673,60,60,size_60x60_run_006_seed_123,123
18.90001528065228,80.63891577928364,60,60,size_60x60_run_006_seed_123,123
18.900464178584674,80.64078985577389,60,60,size_60x60_run_006_seed_123,123
18.900466997960333,80.64266356949284,60,60,size_60x60_run_006_seed_123,123
18.900812918930487,80.64453692054583,60,60,size_60x60_run_006_seed_123,123
18.90082557674599,80.64640990903813,60,60,size_60x60_run_006_seed_123,123
18.900837917386628,80.64828253507498,60,60,size_60x60_run_006_seed_123,123
18.901199162817292,80.6501547987616,60,60,size_60x60_run_006_seed_123,123
18.90232328358714,80.65202670020315,60,60,size_60x60_run_006_seed_123,123
18.902382587199018,80.65389823950474,60,60,size_60x60_run_006_seed_123,123
18.902758539604534,80.65576941677145,60,60,size_60x60_run_006_seed_123,123
18.902855309700954,80.65764023210832,60,60,size_60x60_run_006_seed_123,123
18.9051280826358,80.65951068562035,60,60,size_60x60_run_006_seed_123,123
18.905469741394324,80.66138077741249,60,60,size_60x60_run_006_seed_123,123
18.90548054434816,80.66325050758968,60,60,size_60x60_run_006_seed_123,123
18.90771802261163,80.66511987625677,60,60,size_60x60_run_006_seed_123,123
18.907809247540975,80.66698888351861,60,60,size_60x60_run_006_seed_123,123
18.908576566969213,80.66885752948,60,60,size_60x60_run_006_seed_123,123
18.9086052288334,80.67072581424567,60,60,size_60x60_run_006_seed_123,123
18.908624676773027,80.67259373792038,60,60,size_60x60_run_006_seed_123,123
18.90905030719955,80.67446130060875,60,60,size_60x60_run_006_seed_123,123
18.909063844418988,80.67632850241546,60,60,size_60x60_run_006_seed_123,123
18.90930562214945,80.67819534344508,60,60,size_60x60_run_006_seed_123,123
18.909561421902335,80.68006182380216,60,60,size_60x60_run_006_seed_123,123
18.909847155206645,80.68192794359122,60,60,size_60x60_run_006_seed_123,123
18.910292093492178,80.68379370291674,60,60,size_60x60_run_006_seed_123,123
18.910724167420224,80.68565910188315,60,60,size_60x60_run_006_seed_123,123
18.910813269198005,80.68752414059482,60,60,size_60x60_run_006_seed_123,123
18.911264765190815,80.68938881915612,60,60,size_60x60_run_006_seed_123,123
18.911363410304006,80.69125313767137,60,60,size_60x60_run_006_seed_123,123
18.912030077368474,80.69311709624482,60,60,size_60x60_run_006_seed_123,123
18.91221985066813,80.6949806949807,60,60,size_60x60_run_006_seed_123,123
18.91234332949875,80.6968439339832,60,60,size_60x60_run_006_seed_123,123
18.9126971858246,80.6987068133565,60,60,size_60x60_run_006_seed_123,123
18.912736623924772,80.70056933320467,60,60,size_60x60_run_006_seed_123,123
18.913102888914622,80.70243149363179,60,60,size_60x60_run_006_seed_123,123
18.91363485647948,80.70429329474193,60,60,size_60x60_run_006_seed_123,123
18.91384561636871,80.70615473663901,60,60,size_60x60_run_006_seed_123,123
18.91390165418492,80.70801581942703,60,60,size_60x60_run_006_seed_123,123
18.91446191301757,80.70987654320987,60,60,size_60x60_run_006_seed_123,123
18.915067356090105,80.71173690809142,60,60,size_60x60_run_006_seed_123,123
18.91529374033135,80.71359691417551,60,60,size_60x60_run_006_seed_123,123
18.91543327971094,80.7154565615659,60,60,size_60x60_run_006_seed_123,123
18.915540618074495,80.71731585036636,60,60,size_60x60_run_006_seed_123,123
18.915734640486523,80.71917478068062,60,60,size_60x60_run_006_seed_123,123
18.915897509815434,80.72103335261231,60,60,size_60x60_run_006_seed_123,123
18.916111393969928,80.72289156626506,60,60,size_60x60_run_006_seed_123,123
18.916153240717446,80.72474942174249,60,60,size_60x60_run_006_seed_123,123
18.916356568404158,80.72660691914811,60,60,size_60x60_run_006_seed_123,123
18.916514778314312,80.72846405858547,60,60,size_60x60_run_006_seed_123,123
18.917318498263505,80.73032084015802,60,60,size_60x60_run_006_seed_123,123
18.91747462766493,80.73217726396918,60,60,size_60x60_run_006_seed_123,123
18.91763970260706,80.73403333012233,60,60,size_60x60_run_006_seed_123,123
18.91804407105928,80.73588903872087,60,60,size_60x60_run_006_seed_123,123
18.918078206453163,80.73774438986806,60,60,size_60x60_run_006_seed_123,123
18.918567150580827,80.73959938366718,60,60,size_60x60_run_006_seed_123,123
18.91927198295417,80.74145402022147,60,60,size_60x60_run_006_seed_123,123
18.919477765867416,80.74330829963412,60,60,size_60x60_run_006_seed_123,123
18.919573306014822,80.74330829963412,60,60,size_60x60_run_006_seed_123,123
18.919745140631232,80.74516222200828,60,60,size_60x60_run_006_seed_123,123
18.920589932128422,80.74701578744705,60,60,size_60x60_run_006_seed_123,123
18.92116238883129,80.74886899605352,60,60,size_60x60_run_006_seed_123,123
18.921356934944686,80.7507218479307,60,60,size_60x60_run_006_seed_123,123
18.922110259419444,80.7525743431816,60,60,size_60x60_run_006_seed_123,123
18.922655979773232,80.75442648190916,60,60,size_60x60_run_006_seed_123,123
18.92280647278478,80.75627826421629,60,60,size_60x60_run_006_seed_123,123
18.922920326661625,80.75812969020589,60,60,size_60x60_run_006_seed_123,123
18.92331964432863,80.75998075998076,60,60,size_60x60_run_006_seed_123,123
18.92408202429048,80.76183147364371,60,60,size_60x60_run_006_seed_123,123
18.924455618631065,80.76368183129749,60,60,size_60x60_run_006_seed_123,123
18.924480820391732,80.76553183304482,60,60,size_60x60_run_006_seed_123,123
18.92520130862511,80.76738147898837,60,60,size_60x60_run_006_seed_123,123
18.925640576110084,80.76923076923077,60,60,size_60x60_run_006_seed_123,123
18.926438446119143,80.77107970387462,60,60,size_60x60_run_006_seed_123,123
18.92670361951311,80.7729282830225,60,60,size_60x60_run_006_seed_123,123
18.926775966366932,80.77477650677689,60,60,size_60x60_run_006_seed_123,123
18.92726750278816,80.77662437524029,60,60,size_60x60_run_006_seed_123,123
18.927345118649193,80.77847188851514,60,60,size_60x60_run_006_seed_123,123
18.927789446801476,80.78031904670382,60,60,size_60x60_run_006_seed_123,123
18.92811030648866,80.78216584990872,60,60,size_60x60_run_006_seed_123,123
18.928880811387113,80.78401229823213,60,60,size_60x60_run_006_seed_123,123
18.929313067886405,80.78585839177634,60,60,size_60x60_run_006_seed_123,123
18.929463002898732,80.78770413064362,60,60,size_60x60_run_006_seed_123,123
18.92970550524628,80.78954951493613,60,60,size_60x60_run_006_seed_123,123
18.92982813307344,80.79139454475605,60,60,size_60x60_run_006_seed_123,123
18.930060270296302,80.79323922020552,60,60,size_60x60_run_006_seed_123,123
18.930356091689397,80.79508354138659,60,60,size_60x60_run_006_seed_123,123
18.930601970389752,80.79508354138659,60,60,size_60x60_run_006_seed_123,123
18.93135474817222,80.79692750840134,60,60,size_60x60_run_006_seed_123,123
18.931533838576858,80.79877112135176,60,60,size_60x60_run_006_seed_123,123
18.931722562798882,80.80061438033982,60,60,size_60x60_run_006_seed_123,123
18.932245551042477,80.80245728546745,60,60,size_60x60_run_006_seed_123,123
18.932362709740676,80.80429983683655,60,60,size_60x60_run_006_seed_123,123
18.932729360776094,80.80429983683655,60,60,size_60x60_run_006_seed_123,123
18.932934364931295,80.80614203454894,60,60,size_60x60_run_006_seed_123,123
18.933093519130576,80.80798387870645,60,60,size_60x60_run_006_seed_123,123
18.93376301822953,80.80982536941086,60,60,size_60x60_run_006_seed_123,123
18.93476860123628,80.81166650676388,60,60,size_60x60_run_006_seed_123,123
18.934846929988314,80.81350729086722,60,60,size_60x60_run_006_seed_123,123
18.93507623336073,80.81534772182253,60,60,size_60x60_run_006_seed_123,123
18.9354718533985,80.81718779973144,60,60,size_60x60_run_006_seed_123,123
18.936019224966227,80.8190275246955,60,60,size_60x60_run_006_seed_123,123
18.936187587122227,80.82086689681627,60,60,size_60x60_run_006_seed_123,123
18.93642141981117,80.82270591619522,60,60,size_60x60_run_006_seed_123,123
18.93655565337821,80.82454458293384,60,60,size_60x60_run_006_seed_123,123
18.936726368041775,80.82638289713354,60,60,size_60x60_run_006_seed_123,123
18.936791976319427,80.8282208588957,60,60,size_60x60_run_006_seed_123,123
18.93742851524023,80.83005846832168,60,60,size_60x60_run_006_seed_123,123
18.937508367121445,80.83189572551275,60,60,size_60x60_run_006_seed_123,123
18.938499094235294,80.8337326305702,60,60,size_60x60_run_006_seed_123,123
18.93868197123153,80.83556918359524,60,60,size_60x60_run_006_seed_123,123
18.93869218243322,80.83740538468909,60,60,size_60x60_run_006_seed_123,123
18.938792933795167,80.83924123395286,60,60,size_60x60_run_006_seed_123,123
18.938804595246502,80.84107673148769,60,60,size_60x60_run_006_seed_123,123
18.938965110127516,80.84291187739464,60,60,size_60x60_run_006_seed_123,123
18.939789749979397,80.84474667177474,60,60,size_60x60_run_006_seed_123,123
18.940091643895663,80.84658111472898,60,60,size_60x60_run_006_seed_123,123
18.940717034080063,80.84841520635833,60,60,size_60x60_run_006_seed_123,123
18.940734001314116,80.85024894676368,60,60,size_60x60_run_006_seed_123,123
18.940997038811876,80.85208233604595,60,60,size_60x60_run_006_seed_123,123
18.94119479621212,80.85391537430596,60,60,size_60x60_run_006_seed_123,123
18.941339673474673,80.85574806164449,60,60,size_60x60_run_006_seed_123,123
18.941638433360367,80.85758039816233,60,60,size_60x60_run_006_seed_123,123
18.941708287560107,80.85758039816233,60,60,size_60x60_run_006_seed_123,123
18.941903238518186,80.85941238396018,60,60,size_60x60_run_006_seed_123,123
18.94226389572845,80.86124401913875,60,60,size_60x60_run_006_seed_123,123
18.943037332312596,80.86307530379868,60,60,size_60x60_run_006_seed_123,123
18.943213316403995,80.86490623804056,60,60,size_60x60_run_006_seed_123,123
18.94321804450033,80.86673682196499,60,60,size_60x60_run_006_seed_123,123
18.94327846465813,80.86856705567247,60,60,size_60x60_run_006_seed_123,123
18.94336332811013,80.87039693926351,60,60,size_60x60_run_006_seed_123,123
18.943412694265756,80.87222647283856,60,60,size_60x60_run_006_seed_123,123
18.94346802525308,80.87405565649804,60,60,size_60x60_run_006_seed_123,123
18.94381049500952,80.87588449034232,60,60,size_60x60_run_006_seed_123,123
18.945037484158007,80.87771297447175,60,60,size_60x60_run_006_seed_123,123
18.945112935172844,80.87954110898661,60,60,size_60x60_run_006_seed_123,123
18.945137023731032,80.88136889398719,60,60,size_60x60_run_006_seed_123,123
18.945336445906193,80.88319632957369,60,60,size_60x60_run_006_seed_123,123
18.94536906398326,80.88502341584632,60,60,size_60x60_run_006_seed_123,123
18.94549335069915,80.8868501529052,60,60,size_60x60_run_006_seed_123,123
18.94560973901578,80.88867654085045,60,60,size_60x60_run_006_seed_123,123
18.945642989154074,80.89050257978215,60,60,size_60x60_run_006_seed_123,123
18.946511635484242,80.89232826980033,60,60,size_60x60_run_006_seed_123,123
18.946866712997533,80.89415361100497,60,60,size_60x60_run_006_seed_123,123
18.94850139754446,80.89597860349603,60,60,size_60x60_run_006_seed_123,123
18.948757630492203,80.89780324737345,60,60,size_60x60_run_006_seed_123,123
18.948877014197976,80.89962754273708,60,60,size_60x60_run_006_seed_123,123
18.949011603920145,80.90145148968678,60,60,size_60x60_run_006_seed_123,123
18.94919198570883,80.90145148968678,60,60,size_60x60_run_006_seed_123,123
18.94946648421886,80.90327508832236,60,60,size_60x60_run_006_seed_123,123
18.95003861643476,80.90509833874356,60,60,size_60x60_run_006_seed_123,123
18.950857598929787,80.90692124105013,60,60,size_60x60_run_006_seed_123,123
18.951173465425118,80.90874379534173,60,60,size_60x60_run_006_seed_123,123
18.952063604341234,80.91056600171805,60,60,size_60x60_run_006_seed_123,123
18.952681695795423,80.91238786027868,60,60,size_60x60_run_006_seed_123,123
18.952975933085707,80.9142093711232,60,60,size_60x60_run_006_seed_123,123
18.953049392452797,80.91603053435115,60,60,size_60x60_run_006_seed_123,123
18.953185992480698,80.91785135006202,60,60,size_60x60_run_006_seed_123,123
18.954014116887922,80.91967181835528,60,60,size_60x60_run_006_seed_123,123
18.954034140576226,80.92149193933035,60,60,size_60x60_run_006_seed_123,123
18.95481056486999,80.9233117130866,60,60,size_60x60_run_006_seed_123,123
18.95504483988639,80.92513113972342,60,60,size_60x60_run_006_seed_123,123
18.95554043089886,80.92695021934007,60,60,size_60x60_run_006_seed_123,123
18.95567224512518,80.92695021934007,60,60,size_60x60_run_006_seed_123,123
18.956452098850033,80.92876895203585,60,60,size_60x60_run_006_seed_123,123
18.956624210353354,80.93058733790998,60,60,size_60x60_run_006_seed_123,123
18.95675581044122,80.93240537706168,60,60,size_60x60_run_006_seed_123,123
18.957159045884172,80.93422306959009,60,60,size_60x60_run_006_seed_123,123
18.957371388317526,80.93604041559432,60,60,size_60x60_run_006_seed_123,123
18.957762318132954,80.93785741517347,60,60,size_60x60_run_006_seed_123,123
18.95789665541867,80.93967406842657,60,60,size_60x60_run_006_seed_123,123
18.957955444496086,80.93967406842657,60,60,size_60x60_run_006_seed_123,123
18.95805869858271,80.94149037545264,60,60,size_60x60_run_006_seed_123,123
18.95823507522973,80.94330633635064,60,60,size_60x60_run_006_seed_123,123
18.958887990045326,80.9451219512195,60,60,size_60x60_run_006_seed_123,123
18.959011307395766,80.94693722015815,60,60,size_60x60_run_006_seed_123,123
18.959609608958885,80.94875214326538,60,60,size_60x60_run_006_seed_123,123
18.959992006011518,80.95056672064005,60,60,size_60x60_run_006_seed_123,123
18.960126918917485,80.95238095238095,60,60,size_60x60_run_006_seed_123,123
18.96021644518708,80.9541948385868,60,60,size_60x60_run_006_seed_123,123
18.96046266272015,80.95600837935632,60,60,size_60x60_run_006_seed_123,123
18.960670248372626,80.95782157478816,60,60,size_60x60_run_006_seed_123,123
18.960949500263542,80.95963442498096,60,60,size_60x60_run_006_seed_123,123
18.96106102668887,80.96144693003332,60,60,size_60x60_run_006_seed_123,123
18.96133513354986,80.96325909004378,60,60,size_60x60_run_006_seed_123,123
18.96153614301362,80.96507090511088,60,60,size_60x60_run_006_seed_123,123
18.961760321886196,80.96688237533309,60,60,size_60x60_run_006_seed_123,123
18.961801984143435,80.96869350080883,60,60,size_60x60_run_006_seed_123,123
18.96192168721735,80.97050428163654,60,60,size_60x60_run_006_seed_123,123
18.962286024508913,80.97231471791456,60,60,size_60x60_run_006_seed_123,123
18.96260337339135,80.97412480974124,60,60,size_60x60_run_006_seed_123,123
18.962619978820236,80.97593455721488,60,60,size_60x60_run_006_seed_123,123
18.962857753756936,80.97774396043371,60,60,size_60x60_run_006_seed_123,123
18.96286420911367,80.97955301949595,60,60,size_60x60_run_006_seed_123,123
18.96313419756063,80.98136173449981,60,60,size_60x60_run_006_seed_123,123
18.96336791066336,80.9831701055434,60,60,size_60x60_run_006_seed_123,123
18.964156587612745,80.98497813272485,60,60,size_60x60_run_006_seed_123,123
18.9643784901794,80.98678581614222,60,60,size_60x60_run_006_seed_123,123
18.964931720652253,80.98859315589354,60,60,size_60x60_run_006_seed_123,123
18.965119808043948,80.9904001520768,60,60,size_60x60_run_006_seed_123,123
18.9651867943157,80.99220680478997,60,60,size_60x60_run_006_seed_123,123
18.965977007477722,80.99401311413095,60,60,size_60x60_run_006_seed_123,123
18.966310553087357,80.99581908019763,60,60,size_60x60_run_006_seed_123,123
18.96656046322576,80.9976247030879,60,60,size_60x60_run_006_seed_123,123
18.966654035685906,80.99942998289949,60,60,size_60x60_run_006_seed_123,123
18.96712421199336,81.00123491973021,60,60,size_60x60_run_006_seed_123,123
18.96721070381006,81.0030395136778,60,60,size_60x60_run_006_seed_123,123
18.967636718533594,81.00484376483996,60,60,size_60x60_run_006_seed_123,123
18.967837945234145,81.00664767331433,60,60,size_60x60_run_006_seed_123,123
18.968241720433333,81.00845123919855,60,60,size_60x60_run_006_seed_123,123
18.968693467206773,81.0102544625902,60,60,size_60x60_run_006_seed_123,123
18.969397459891614,81.01205734358682,60,60,size_60x60_run_006_seed_123,123
18.969506929788086,81.01385988228593,60,60,size_60x60_run_006_seed_123,123
18.969515670129937,81.015662078785,60,60,size_60x60_run_006_seed_123,123
18.9698802607522,81.01746393318147,60,60,size_60x60_run_006_seed_123,123
18.970252981336014,81.01926544557274,60,60,size_60x60_run_006_seed_123,123
18.970385379112088,81.02106661605617,60,60,size_60x60_run_006_seed_123,123
18.970392666031618,81.0228674447291,60,60,size_60x60_run_006_seed_123,123
18.970530723442888,81.02466793168881,60,60,size_60x60_run_006_seed_123,123
18.971116046731563,81.02646807703255,60,60,size_60x60_run_006_seed_123,123
18.9714588225515,81.02826788085751,60,60,size_60x60_run_006_seed_123,123
18.972434695716053,81.03006734326094,60,60,size_60x60_run_006_seed_123,123
18.972445213514117,81.03186646433991,60,60,size_60x60_run_006_seed_123,123
18.972465697785506,81.03366524419155,60,60,size_60x60_run_006_seed_123,123
18.97275474147869,81.03546368291296,60,60,size_60x60_run_006_seed_123,123
18.97278962320906,81.03726178060113,60,60,size_60x60_run_006_seed_123,123
18.973107490202157,81.03905953735305,60,60,size_60x60_run_006_seed_123,123
18.97349653748066,81.04085695326572,60,60,size_60x60_run_006_seed_123,123
18.973839441750428,81.04265402843602,60,60,size_60x60_run_006_seed_123,123
18.974356119775653,81.04445076296085,60,60,size_60x60_run_006_seed_123,123
18.9743565424925,81.04624715693708,60,60,size_60x60_run_006_seed_123,123
18.97455596341434,81.04804321046149,60,60,size_60x60_run_006_seed_123,123
18.97485979023976,81.04983892363084,60,60,size_60x60_run_006_seed_123,123
18.97588258157221,81.05163429654192,60,60,size_60x60_run_006_seed_123,123
18.97596686065736,81.05342932929139,60,60,size_60x60_run_006_seed_123,123
18.97641574908557,81.05522402197593,60,60,size_60x60_run_006_seed_123,123
18.976436967965597,81.05701837469218,60,60,size_60x60_run_006_seed_123,123
18.976691992751192,81.05881238753669,60,60,size_60x60_run_006_seed_123,123
18.97722186270444,81.06060606060606,60,60,size_60x60_run_006_seed_123,123
18.97751303136552,81.06239939399677,60,60,size_60x60_run_006_seed_123,123
18.978258611601216,81.06419238780535,60,60,size_60x60_run_006_seed_123,123
18.978640835440054,81.06598504212819,60,60,size_60x60_run_006_seed_123,123
18.978804136624806,81.06777735706171,60,60,size_60x60_run_006_seed_123,123
18.979050136526,81.06956933270232,60,60,size_60x60_run_006_seed_123,123
18.9797564794759,81.07136096914633,60,60,size_60x60_run_006_seed_123,123
18.97982821723138,81.07315226649001,60,60,size_60x60_run_006_seed_123,123
18.980282274820883,81.07494322482968,60,60,size_60x60_run_006_seed_123,123
18.980392340845405,81.07673384426151,60,60,size_60x60_run_006_seed_123,123
18.98142661732252,81.07852412488174,60,60,size_60x60_run_006_seed_123,123
18.981970539976626,81.0803140667865,60,60,size_60x60_run_006_seed_123,123
18.982790286511484,81.08210367007189,60,60,size_60x60_run_006_seed_123,123
18.983191756481865,81.08389293483401,60,60,size_60x60_run_006_seed_123,123
18.983277070580638,81.08568186116891,60,60,size_60x60_run_006_seed_123,123
18.98363308490237,81.08747044917257,60,60,size_60x60_run_006_seed_123,123
18.9841232250172,81.08747044917257,60,60,size_60x60_run_006_seed_123,123
18.984275716841424,81.08925869894101,60,60,size_60x60_run_006_seed_123,123
18.984466913846422,81.0910466105701,60,60,size_60x60_run_006_seed_123,123
18.984491535988187,81.0910466105701,60,60,size_60x60_run_006_seed_123,123
18.985004374013823,81.09283418415579,60,60,size_60x60_run_006_seed_123,123
18.985527916593078,81.09462141979394,60,60,size_60x60_run_006_seed_123,123
18.98632355996011,81.09640831758034,60,60,size_60x60_run_006_seed_123,123
18.986397797890668,81.09819487761081,60,60,size_60x60_run_006_seed_123,123
18.98642270113979,81.0999810999811,60,60,size_60x60_run_006_seed_123,123
18.987236217731812,81.10176698478693,60,60,size_60x60_run_006_seed_123,123
18.98743555748127,81.10355253212396,60,60,size_60x60_run_006_seed_123,123
18.98749713570193,81.10533774208785,60,60,size_60x60_run_006_seed_123,123
18.98765347372586,81.10712261477423,60,60,size_60x60_run_006_seed_123,123
18.987858990024975,81.10890715027864,60,60,size_60x60_run_006_seed_123,123
18.98830320974529,81.11069134869663,60,60,size_60x60_run_006_seed_123,123
18.988323572335762,81.11247521012372,60,60,size_60x60_run_006_seed_123,123
18.98965217799701,81.11425873465534,60,60,size_60x60_run_006_seed_123,123
18.98997833493961,81.11604192238693,60,60,size_60x60_run_006_seed_123,123
18.99028918256611,81.1178247734139,60,60,size_60x60_run_006_seed_123,123
18.990326599403595,81.11960728783158,60,60,size_60x60_run_006_seed_123,123
18.99037022521729,81.12138946573533,60,60,size_60x60_run_006_seed_123,123
18.990768499184657,81.12317130722039,60,60,size_60x60_run_006_seed_123,123
18.991069326797668,81.12317130722039,60,60,size_60x60_run_006_seed_123,123
18.992014873723388,81.12495281238203,60,60,size_60x60_run_006_seed_123,123
18.992758022417334,81.12673398131547,60,60,size_60x60_run_006_seed_123,123
18.993198125553796,81.12851481411587,60,60,size_60x60_run_006_seed_123,123
18.993877329047937,81.13029531087838,60,60,size_60x60_run_006_seed_123,123
18.994537358289875,81.13207547169812,60,60,size_60x60_run_006_seed_123,123
18.99499881184235,81.13385529667012,60,60,size_60x60_run_006_seed_123,123
18.995029753732936,81.13563478588945,60,60,size_60x60_run_006_seed_123,123
18.995093288451777,81.1374139394511,60,60,size_60x60_run_006_seed_123,123
18.995203898781785,81.13919275745002,60,60,size_60x60_run_006_seed_123,123
18.99552653292779,81.14097123998114,60,60,size_60x60_run_006_seed_123,123
18.99573907540228,81.14274938713936,60,60,size_60x60_run_006_seed_123,123
18.99594816148643,81.1445271990195,60,60,size_60x60_run_006_seed_123,123
18.996284465156403,81.14630467571644,60,60,size_60x60_run_006_seed_123,123
18.99642742567528,81.14808181732491,60,60,size_60x60_run_006_seed_123,123
18.99673407042688,81.14985862393968,60,60,size_60x60_run_006_seed_123,123
18.997003239301065,81.15163509565545,60,60,size_60x60_run_006_seed_123,123
18.99711672192493,81.15341123256691,60,60,size_60x60_run_006_seed_123,123
18.99732016512378,81.15518703476869,60,60,size_60x60_run_006_seed_123,123
18.998014609033174,81.15696250235538,60,60,size_60x60_run_006_seed_123,123
18.998141674692032,81.15873763542157,60,60,size_60x60_run_006_seed_123,123
18.998437353872053,81.15873763542157,60,60,size_60x60_run_006_seed_123,123
18.9984525201317,81.16051243406179,60,60,size_60x60_run_006_seed_123,123
18.99845938801272,81.16228689837054,60,60,size_60x60_run_006_seed_123,123
18.99860489045387,81.16406102844226,60,60,size_60x60_run_006_seed_123,123
18.998691240118774,81.1658348243714,60,60,size_60x60_run_006_seed_123,123
18.999022689864532,81.16760828625236,60,60,size_60x60_run_006_seed_123,123
18.999267703411185,81.16938141417945,60,60,size_60x60_run_006_seed_123,123
18.999622659516127,81.17115420824703,60,60,size_60x60_run_006_seed_123,123
18.9998722986472,81.17292666854937,60,60,size_60x60_run_006_seed_123,123
19.000208733350767,81.17469879518072,60,60,size_60x60_run_006_seed_123,123
