time,conversion,size_x,size_y,run_id,rng_seed
0.05642724752241638,0.0,40,40,size_40x40_run_004_seed_123,123
0.308039570956103,0.0,40,40,size_40x40_run_004_seed_123,123
0.49061061399602224,0.0,40,40,size_40x40_run_004_seed_123,123
0.6867115660903705,0.0,40,40,size_40x40_run_004_seed_123,123
0.7276525830215875,0.0,40,40,size_40x40_run_004_seed_123,123
0.757794433596433,0.0,40,40,size_40x40_run_004_seed_123,123
0.9910320555830867,0.0,40,40,size_40x40_run_004_seed_123,123
1.5279500143559772,0.0,40,40,size_40x40_run_004_seed_123,123
1.539103628780739,0.0,40,40,size_40x40_run_004_seed_123,123
1.7356849219377783,0.0,40,40,size_40x40_run_004_seed_123,123
1.8982287717367017,0.0,40,40,size_40x40_run_004_seed_123,123
1.978170328709644,0.0,40,40,size_40x40_run_004_seed_123,123
2.154460424307627,0.0,40,40,size_40x40_run_004_seed_123,123
2.66609229683072,0.0,40,40,size_40x40_run_004_seed_123,123
2.756282379679553,0.0,40,40,size_40x40_run_004_seed_123,123
2.869194254889055,0.0,40,40,size_40x40_run_004_seed_123,123
2.8899602247820524,0.0,40,40,size_40x40_run_004_seed_123,123
2.9687461606018912,0.0,40,40,size_40x40_run_004_seed_123,123
3.061188928051405,0.0,40,40,size_40x40_run_004_seed_123,123
3.1133405812800556,0.0,40,40,size_40x40_run_004_seed_123,123
3.185733626734843,0.0,40,40,size_40x40_run_004_seed_123,123
3.474563503879927,0.0,40,40,size_40x40_run_004_seed_123,123
3.5651324581893986,0.0,40,40,size_40x40_run_004_seed_123,123
3.5947106532295074,0.0,40,40,size_40x40_run_004_seed_123,123
3.6128299552893863,0.0,40,40,size_40x40_run_004_seed_123,123
3.7263378396077242,0.0,40,40,size_40x40_run_004_seed_123,123
3.769905887120477,0.0,40,40,size_40x40_run_004_seed_123,123
3.9617649091650016,0.0,40,40,size_40x40_run_004_seed_123,123
4.312562984324177,0.0,40,40,size_40x40_run_004_seed_123,123
4.48895900238034,0.0,40,40,size_40x40_run_004_seed_123,123
4.495764681631067,0.0,40,40,size_40x40_run_004_seed_123,123
4.524081598710273,0.0,40,40,size_40x40_run_004_seed_123,123
4.660751077336815,0.0,40,40,size_40x40_run_004_seed_123,123
4.716523304357983,0.0,40,40,size_40x40_run_004_seed_123,123
4.72017349339612,0.0,40,40,size_40x40_run_004_seed_123,123
4.891995089978879,0.0,40,40,size_40x40_run_004_seed_123,123
4.950647393349735,0.0,40,40,size_40x40_run_004_seed_123,123
4.987732653288333,0.0,40,40,size_40x40_run_004_seed_123,123
4.99179788010941,0.0,40,40,size_40x40_run_004_seed_123,123
5.40769374918764,0.0,40,40,size_40x40_run_004_seed_123,123
5.615749030115415,0.0,40,40,size_40x40_run_004_seed_123,123
5.635984527966092,0.0,40,40,size_40x40_run_004_seed_123,123
5.727744499118498,0.0,40,40,size_40x40_run_004_seed_123,123
5.760514148024295,0.0,40,40,size_40x40_run_004_seed_123,123
5.819935911575995,0.0,40,40,size_40x40_run_004_seed_123,123
5.824231843723386,0.0,40,40,size_40x40_run_004_seed_123,123
5.981414061944284,0.0,40,40,size_40x40_run_004_seed_123,123
6.1615879681710695,0.0,40,40,size_40x40_run_004_seed_123,123
6.3046434225387955,0.0,40,40,size_40x40_run_004_seed_123,123
6.37126881511565,0.0,40,40,size_40x40_run_004_seed_123,123
6.388527714952018,0.0,40,40,size_40x40_run_004_seed_123,123
6.430045797002227,0.0,40,40,size_40x40_run_004_seed_123,123
6.599977886602197,0.0,40,40,size_40x40_run_004_seed_123,123
6.678553608232098,0.04997501249375312,40,40,size_40x40_run_004_seed_123,123
6.684159994613162,0.04997501249375312,40,40,size_40x40_run_004_seed_123,123
6.735173776305887,0.04997501249375312,40,40,size_40x40_run_004_seed_123,123
6.863250835684596,0.04997501249375312,40,40,size_40x40_run_004_seed_123,123
6.955851745032526,0.04997501249375312,40,40,size_40x40_run_004_seed_123,123
7.062179876477338,0.04997501249375312,40,40,size_40x40_run_004_seed_123,123
7.06253679413059,0.04997501249375312,40,40,size_40x40_run_004_seed_123,123
7.122490002188042,0.04997501249375312,40,40,size_40x40_run_004_seed_123,123
7.19044977661323,0.04997501249375312,40,40,size_40x40_run_004_seed_123,123
7.1955872119245905,0.04997501249375312,40,40,size_40x40_run_004_seed_123,123
7.214270833444278,0.0999000999000999,40,40,size_40x40_run_004_seed_123,123
7.320326314989695,0.0999000999000999,40,40,size_40x40_run_004_seed_123,123
7.37216716635651,0.14977533699450823,40,40,size_40x40_run_004_seed_123,123
7.41086248579378,0.14977533699450823,40,40,size_40x40_run_004_seed_123,123
7.537985132857573,0.14977533699450823,40,40,size_40x40_run_004_seed_123,123
7.552494599093152,0.14977533699450823,40,40,size_40x40_run_004_seed_123,123
7.667890105185245,0.14977533699450823,40,40,size_40x40_run_004_seed_123,123
7.808221053366632,0.14977533699450823,40,40,size_40x40_run_004_seed_123,123
7.842800811732726,0.19960079840319359,40,40,size_40x40_run_004_seed_123,123
7.874023762620494,0.19960079840319359,40,40,size_40x40_run_004_seed_123,123
7.958786509997681,0.24937655860349126,40,40,size_40x40_run_004_seed_123,123
8.03756634240613,0.24937655860349126,40,40,size_40x40_run_004_seed_123,123
8.132449267171735,0.24937655860349126,40,40,size_40x40_run_004_seed_123,123
8.138270349548739,0.24937655860349126,40,40,size_40x40_run_004_seed_123,123
8.2566975358556,0.24937655860349126,40,40,size_40x40_run_004_seed_123,123
8.258073629527168,0.24937655860349126,40,40,size_40x40_run_004_seed_123,123
8.270176015587568,0.24937655860349126,40,40,size_40x40_run_004_seed_123,123
8.488401149472512,0.24937655860349126,40,40,size_40x40_run_004_seed_123,123
8.552849858917483,0.24937655860349126,40,40,size_40x40_run_004_seed_123,123
8.567719007897473,0.24937655860349126,40,40,size_40x40_run_004_seed_123,123
8.585403461615435,0.29910269192422734,40,40,size_40x40_run_004_seed_123,123
8.614982699828781,0.29910269192422734,40,40,size_40x40_run_004_seed_123,123
8.6435550982594,0.29910269192422734,40,40,size_40x40_run_004_seed_123,123
8.664831840141513,0.29910269192422734,40,40,size_40x40_run_004_seed_123,123
8.697720642282135,0.3487792725460887,40,40,size_40x40_run_004_seed_123,123
8.708927468941644,0.3487792725460887,40,40,size_40x40_run_004_seed_123,123
8.741821624460423,0.398406374501992,40,40,size_40x40_run_004_seed_123,123
8.742481408163007,0.44798407167745147,40,40,size_40x40_run_004_seed_123,123
8.761312950756821,0.44798407167745147,40,40,size_40x40_run_004_seed_123,123
8.772074129887113,0.4975124378109453,40,40,size_40x40_run_004_seed_123,123
8.777532092615713,0.5469915464942815,40,40,size_40x40_run_004_seed_123,123
8.78875264490903,0.5469915464942815,40,40,size_40x40_run_004_seed_123,123
8.808269881279653,0.5964214711729622,40,40,size_40x40_run_004_seed_123,123
8.810048578727308,0.6458022851465475,40,40,size_40x40_run_004_seed_123,123
8.84576060235676,0.6951340615690168,40,40,size_40x40_run_004_seed_123,123
8.916488197567888,0.6951340615690168,40,40,size_40x40_run_004_seed_123,123
8.960271839193814,0.6951340615690168,40,40,size_40x40_run_004_seed_123,123
8.982436347794316,0.7444168734491315,40,40,size_40x40_run_004_seed_123,123
9.074785801629716,0.7936507936507936,40,40,size_40x40_run_004_seed_123,123
9.076926682973147,0.842835894893406,40,40,size_40x40_run_004_seed_123,123
9.107354127198919,0.842835894893406,40,40,size_40x40_run_004_seed_123,123
9.181317757746392,0.842835894893406,40,40,size_40x40_run_004_seed_123,123
9.189912606691575,0.8919722497522299,40,40,size_40x40_run_004_seed_123,123
9.242689168921428,0.9410599306587419,40,40,size_40x40_run_004_seed_123,123
9.263610595226261,0.9900990099009901,40,40,size_40x40_run_004_seed_123,123
9.272209597690665,1.0390895596239487,40,40,size_40x40_run_004_seed_123,123
9.285667783987517,1.0880316518298714,40,40,size_40x40_run_004_seed_123,123
9.31641400680034,1.0880316518298714,40,40,size_40x40_run_004_seed_123,123
9.32298808451673,1.0880316518298714,40,40,size_40x40_run_004_seed_123,123
9.324317868790805,1.0880316518298714,40,40,size_40x40_run_004_seed_123,123
9.342403258691919,1.1369253583786456,40,40,size_40x40_run_004_seed_123,123
9.371155420278297,1.1369253583786456,40,40,size_40x40_run_004_seed_123,123
9.386770444703389,1.185770750988142,40,40,size_40x40_run_004_seed_123,123
9.393519196585451,1.2345679012345678,40,40,size_40x40_run_004_seed_123,123
9.395104995623297,1.2833168805528135,40,40,size_40x40_run_004_seed_123,123
9.396601536885422,1.2833168805528135,40,40,size_40x40_run_004_seed_123,123
9.430091632175879,1.2833168805528135,40,40,size_40x40_run_004_seed_123,123
9.443392874648389,1.2833168805528135,40,40,size_40x40_run_004_seed_123,123
9.508399171634968,1.2833168805528135,40,40,size_40x40_run_004_seed_123,123
9.539494011313238,1.2833168805528135,40,40,size_40x40_run_004_seed_123,123
9.549824113244604,1.2833168805528135,40,40,size_40x40_run_004_seed_123,123
9.641189537479375,1.2833168805528135,40,40,size_40x40_run_004_seed_123,123
9.6447811482481,1.332017760236803,40,40,size_40x40_run_004_seed_123,123
9.64878611570015,1.3806706114398422,40,40,size_40x40_run_004_seed_123,123
9.651999421121728,1.3806706114398422,40,40,size_40x40_run_004_seed_123,123
9.665276650358031,1.3806706114398422,40,40,size_40x40_run_004_seed_123,123
9.691945946730518,1.429275505174963,40,40,size_40x40_run_004_seed_123,123
9.692280060562823,1.477832512315271,40,40,size_40x40_run_004_seed_123,123
9.702466571307966,1.477832512315271,40,40,size_40x40_run_004_seed_123,123
9.747836297618921,1.477832512315271,40,40,size_40x40_run_004_seed_123,123
9.75811490299758,1.5263417035942886,40,40,size_40x40_run_004_seed_123,123
9.817436380225189,1.574803149606299,40,40,size_40x40_run_004_seed_123,123
9.820143853807565,1.574803149606299,40,40,size_40x40_run_004_seed_123,123
9.838710997397024,1.6232169208066896,40,40,size_40x40_run_004_seed_123,123
9.84994785688488,1.6232169208066896,40,40,size_40x40_run_004_seed_123,123
9.850257530049946,1.671583087512291,40,40,size_40x40_run_004_seed_123,123
9.85191413810299,1.71990171990172,40,40,size_40x40_run_004_seed_123,123
9.852204344738444,1.768172888015717,40,40,size_40x40_run_004_seed_123,123
9.877446660158535,1.768172888015717,40,40,size_40x40_run_004_seed_123,123
9.880503836915254,1.768172888015717,40,40,size_40x40_run_004_seed_123,123
9.883819527966754,1.768172888015717,40,40,size_40x40_run_004_seed_123,123
9.926217498357065,1.8163966617574867,40,40,size_40x40_run_004_seed_123,123
9.976279209709336,1.8645731108930326,40,40,size_40x40_run_004_seed_123,123
10.019286039165447,1.9127023050514957,40,40,size_40x40_run_004_seed_123,123
10.019647448074192,1.9607843137254901,40,40,size_40x40_run_004_seed_123,123
10.046304771393611,2.0088192062714354,40,40,size_40x40_run_004_seed_123,123
10.04724251379728,2.056807051909892,40,40,size_40x40_run_004_seed_123,123
10.071557580655453,2.1047479197258934,40,40,size_40x40_run_004_seed_123,123
10.078780278883327,2.152641878669276,40,40,size_40x40_run_004_seed_123,123
10.119527551717875,2.2004889975550124,40,40,size_40x40_run_004_seed_123,123
10.129834581619578,2.2004889975550124,40,40,size_40x40_run_004_seed_123,123
10.135292756828326,2.248289345063539,40,40,size_40x40_run_004_seed_123,123
10.135964392902894,2.2960429897410846,40,40,size_40x40_run_004_seed_123,123
10.146117641693507,2.34375,40,40,size_40x40_run_004_seed_123,123
10.162408201765754,2.34375,40,40,size_40x40_run_004_seed_123,123
10.198471304571207,2.34375,40,40,size_40x40_run_004_seed_123,123
10.20314535510141,2.3914104441190824,40,40,size_40x40_run_004_seed_123,123
10.209771134991009,2.4390243902439024,40,40,size_40x40_run_004_seed_123,123
10.222986235759798,2.4865919063871282,40,40,size_40x40_run_004_seed_123,123
10.23101514064407,2.53411306042885,40,40,size_40x40_run_004_seed_123,123
10.241515313834242,2.581587920116902,40,40,size_40x40_run_004_seed_123,123
10.304610092215531,2.6290165530671863,40,40,size_40x40_run_004_seed_123,123
10.311249246080472,2.67639902676399,40,40,size_40x40_run_004_seed_123,123
10.315823131970715,2.7237354085603114,40,40,size_40x40_run_004_seed_123,123
10.316225837163541,2.7710257656781723,40,40,size_40x40_run_004_seed_123,123
10.321089925732903,2.7710257656781723,40,40,size_40x40_run_004_seed_123,123
10.341607647524123,2.7710257656781723,40,40,size_40x40_run_004_seed_123,123
10.375053620636175,2.7710257656781723,40,40,size_40x40_run_004_seed_123,123
10.375808580327643,2.818270165208941,40,40,size_40x40_run_004_seed_123,123
10.43336677590845,2.8654686741136475,40,40,size_40x40_run_004_seed_123,123
10.461113474928753,2.912621359223301,40,40,size_40x40_run_004_seed_123,123
10.496520499807184,2.912621359223301,40,40,size_40x40_run_004_seed_123,123
10.512630152745093,2.912621359223301,40,40,size_40x40_run_004_seed_123,123
10.581172585157033,2.959728287239204,40,40,size_40x40_run_004_seed_123,123
10.581308767856237,3.0067895247332688,40,40,size_40x40_run_004_seed_123,123
10.582938116756479,3.0067895247332688,40,40,size_40x40_run_004_seed_123,123
10.587252673640213,3.0538051381483275,40,40,size_40x40_run_004_seed_123,123
10.639819368869562,3.10077519379845,40,40,size_40x40_run_004_seed_123,123
10.651605971546832,3.14769975786925,40,40,size_40x40_run_004_seed_123,123
10.652735145378031,3.1945788964181996,40,40,size_40x40_run_004_seed_123,123
10.68020045436326,3.1945788964181996,40,40,size_40x40_run_004_seed_123,123
10.694916968041266,3.24141267537494,40,40,size_40x40_run_004_seed_123,123
10.705951568139836,3.2882011605415857,40,40,size_40x40_run_004_seed_123,123
10.755177254149311,3.2882011605415857,40,40,size_40x40_run_004_seed_123,123
10.794116635896332,3.3349444175930403,40,40,size_40x40_run_004_seed_123,123
10.858161534648133,3.3816425120772946,40,40,size_40x40_run_004_seed_123,123
10.862889484990253,3.4282955094157415,40,40,size_40x40_run_004_seed_123,123
10.870698008103316,3.474903474903475,40,40,size_40x40_run_004_seed_123,123
10.879797459939955,3.474903474903475,40,40,size_40x40_run_004_seed_123,123
10.907260762743801,3.5214664737095993,40,40,size_40x40_run_004_seed_123,123
10.911750385282938,3.567984570877531,40,40,size_40x40_run_004_seed_123,123
10.916239698085128,3.567984570877531,40,40,size_40x40_run_004_seed_123,123
10.948761725021296,3.614457831325301,40,40,size_40x40_run_004_seed_123,123
10.95888206054473,3.6608863198458574,40,40,size_40x40_run_004_seed_123,123
10.969447039235067,3.7072701011073663,40,40,size_40x40_run_004_seed_123,123
10.97479602069248,3.753609239653513,40,40,size_40x40_run_004_seed_123,123
11.014143149050494,3.7999037999037997,40,40,size_40x40_run_004_seed_123,123
11.040755962866154,3.8461538461538463,40,40,size_40x40_run_004_seed_123,123
11.073396207917023,3.8923594425756844,40,40,size_40x40_run_004_seed_123,123
11.09429684960901,3.9385206532180597,40,40,size_40x40_run_004_seed_123,123
11.123036099274513,3.9385206532180597,40,40,size_40x40_run_004_seed_123,123
11.133084358916701,3.9385206532180597,40,40,size_40x40_run_004_seed_123,123
11.134487508036015,3.9846375420067215,40,40,size_40x40_run_004_seed_123,123
11.143766645302522,4.030710172744722,40,40,size_40x40_run_004_seed_123,123
11.164220131073506,4.07673860911271,40,40,size_40x40_run_004_seed_123,123
11.169281740566786,4.1227229146692235,40,40,size_40x40_run_004_seed_123,123
11.190964894821777,4.168663152850982,40,40,size_40x40_run_004_seed_123,123
11.208993580593281,4.21455938697318,40,40,size_40x40_run_004_seed_123,123
11.274600232139237,4.21455938697318,40,40,size_40x40_run_004_seed_123,123
11.307054094148137,4.260411680229775,40,40,size_40x40_run_004_seed_123,123
11.32093362948983,4.30622009569378,40,40,size_40x40_run_004_seed_123,123
11.323582790040785,4.351984696317551,40,40,size_40x40_run_004_seed_123,123
11.344570356976378,4.397705544933078,40,40,size_40x40_run_004_seed_123,123
11.35699082370719,4.4433827042522696,40,40,size_40x40_run_004_seed_123,123
11.371444950444674,4.48901623686724,40,40,size_40x40_run_004_seed_123,123
11.375775055972388,4.534606205250596,40,40,size_40x40_run_004_seed_123,123
11.414536989764965,4.534606205250596,40,40,size_40x40_run_004_seed_123,123
11.42243985517348,4.580152671755725,40,40,size_40x40_run_004_seed_123,123
11.440202798287721,4.625655698617072,40,40,size_40x40_run_004_seed_123,123
11.443162496709254,4.671115347950429,40,40,size_40x40_run_004_seed_123,123
11.455431912665544,4.671115347950429,40,40,size_40x40_run_004_seed_123,123
11.488103030108785,4.7165316817532155,40,40,size_40x40_run_004_seed_123,123
11.500935430483718,4.761904761904762,40,40,size_40x40_run_004_seed_123,123
11.518085707688739,4.761904761904762,40,40,size_40x40_run_004_seed_123,123
11.526680987504808,4.8072346501665875,40,40,size_40x40_run_004_seed_123,123
11.550485872758584,4.8072346501665875,40,40,size_40x40_run_004_seed_123,123
11.555276726390106,4.8525214081826835,40,40,size_40x40_run_004_seed_123,123
11.56265928468552,4.897765097479791,40,40,size_40x40_run_004_seed_123,123
11.567097175809467,4.897765097479791,40,40,size_40x40_run_004_seed_123,123
11.579261015018417,4.942965779467681,40,40,size_40x40_run_004_seed_123,123
11.587663455356738,4.98812351543943,40,40,size_40x40_run_004_seed_123,123
11.620120792422018,5.0332383665717,40,40,size_40x40_run_004_seed_123,123
11.648885071270048,5.078310393925012,40,40,size_40x40_run_004_seed_123,123
11.649306106310583,5.1233396584440225,40,40,size_40x40_run_004_seed_123,123
11.670323329831808,5.1683262209578,40,40,size_40x40_run_004_seed_123,123
11.675465733932828,5.1683262209578,40,40,size_40x40_run_004_seed_123,123
11.685316312500584,5.1683262209578,40,40,size_40x40_run_004_seed_123,123
11.741880322158057,5.1683262209578,40,40,size_40x40_run_004_seed_123,123
11.752470084818999,5.213270142180095,40,40,size_40x40_run_004_seed_123,123
11.772587478175472,5.258171482709616,40,40,size_40x40_run_004_seed_123,123
11.797646383980213,5.303030303030303,40,40,size_40x40_run_004_seed_123,123
11.806771102800983,5.347846663511595,40,40,size_40x40_run_004_seed_123,123
11.84814232083097,5.392620624408704,40,40,size_40x40_run_004_seed_123,123
11.854829110159427,5.4373522458628845,40,40,size_40x40_run_004_seed_123,123
11.857059379578281,5.4373522458628845,40,40,size_40x40_run_004_seed_123,123
11.875814478100258,5.482041587901701,40,40,size_40x40_run_004_seed_123,123
11.878294145132468,5.526688710439301,40,40,size_40x40_run_004_seed_123,123
11.894640454212215,5.526688710439301,40,40,size_40x40_run_004_seed_123,123
11.90652783826069,5.571293673276676,40,40,size_40x40_run_004_seed_123,123
11.908813598959929,5.615856536101934,40,40,size_40x40_run_004_seed_123,123
11.910212589966086,5.615856536101934,40,40,size_40x40_run_004_seed_123,123
11.93395484338678,5.660377358490567,40,40,size_40x40_run_004_seed_123,123
11.977948663087076,5.660377358490567,40,40,size_40x40_run_004_seed_123,123
11.991537956491992,5.704856199905705,40,40,size_40x40_run_004_seed_123,123
11.997220373271798,5.749293119698398,40,40,size_40x40_run_004_seed_123,123
12.039102367271735,5.7936881771078665,40,40,size_40x40_run_004_seed_123,123
12.039698650475069,5.83804143126177,40,40,size_40x40_run_004_seed_123,123
12.047673960149796,5.88235294117647,40,40,size_40x40_run_004_seed_123,123
12.052655810062761,5.88235294117647,40,40,size_40x40_run_004_seed_123,123
12.05763875342718,5.9266227657572905,40,40,size_40x40_run_004_seed_123,123
12.064216925900572,5.970850963798777,40,40,size_40x40_run_004_seed_123,123
12.081796445910541,6.015037593984962,40,40,size_40x40_run_004_seed_123,123
12.081885143059178,6.059182714889619,40,40,size_40x40_run_004_seed_123,123
12.08203878238137,6.103286384976526,40,40,size_40x40_run_004_seed_123,123
12.08515195964745,6.147348662599718,40,40,size_40x40_run_004_seed_123,123
12.103201822961482,6.147348662599718,40,40,size_40x40_run_004_seed_123,123
12.105604374649394,6.191369606003752,40,40,size_40x40_run_004_seed_123,123
12.107323372722396,6.235349273323957,40,40,size_40x40_run_004_seed_123,123
12.107524719237759,6.279287722586692,40,40,size_40x40_run_004_seed_123,123
12.128556725427453,6.323185011709602,40,40,size_40x40_run_004_seed_123,123
12.168650706374283,6.323185011709602,40,40,size_40x40_run_004_seed_123,123
12.170084570949545,6.367041198501873,40,40,size_40x40_run_004_seed_123,123
12.195030391933635,6.410856340664482,40,40,size_40x40_run_004_seed_123,123
12.205732760359819,6.454630495790459,40,40,size_40x40_run_004_seed_123,123
12.209894744280703,6.4983637213651235,40,40,size_40x40_run_004_seed_123,123
12.237744095032648,6.5420560747663545,40,40,size_40x40_run_004_seed_123,123
12.242597371819622,6.585707613264829,40,40,size_40x40_run_004_seed_123,123
12.253120336295767,6.629318394024277,40,40,size_40x40_run_004_seed_123,123
12.276332062060325,6.672888474101726,40,40,size_40x40_run_004_seed_123,123
12.307272198853786,6.7164179104477615,40,40,size_40x40_run_004_seed_123,123
12.359944903623376,6.75990675990676,40,40,size_40x40_run_004_seed_123,123
12.367583307118876,6.803355079217148,40,40,size_40x40_run_004_seed_123,123
12.373830883972612,6.846762925011644,40,40,size_40x40_run_004_seed_123,123
12.380540093087738,6.890130353817504,40,40,size_40x40_run_004_seed_123,123
12.415647839762544,6.890130353817504,40,40,size_40x40_run_004_seed_123,123
12.421318737392523,6.93345742205677,40,40,size_40x40_run_004_seed_123,123
12.42710602180273,6.976744186046512,40,40,size_40x40_run_004_seed_123,123
12.438368326204829,7.0199907019990695,40,40,size_40x40_run_004_seed_123,123
12.438791272556328,7.063197026022305,40,40,size_40x40_run_004_seed_123,123
12.456790034112274,7.106363214119833,40,40,size_40x40_run_004_seed_123,123
12.466975795774294,7.149489322191272,40,40,size_40x40_run_004_seed_123,123
12.486173841324549,7.192575406032482,40,40,size_40x40_run_004_seed_123,123
12.486444245550713,7.235621521335807,40,40,size_40x40_run_004_seed_123,123
12.500859177103475,7.2786277236903105,40,40,size_40x40_run_004_seed_123,123
12.50412718431969,7.32159406858202,40,40,size_40x40_run_004_seed_123,123
12.508277048675907,7.3645206113941635,40,40,size_40x40_run_004_seed_123,123
12.513338042561546,7.4074074074074066,40,40,size_40x40_run_004_seed_123,123
12.533856001708623,7.450254511800093,40,40,size_40x40_run_004_seed_123,123
12.570606462296018,7.493061979648474,40,40,size_40x40_run_004_seed_123,123
12.598154579465112,7.535829865926953,40,40,size_40x40_run_004_seed_123,123
12.607044600210108,7.578558225508318,40,40,size_40x40_run_004_seed_123,123
12.610540843693537,7.578558225508318,40,40,size_40x40_run_004_seed_123,123
12.61083147260492,7.621247113163972,40,40,size_40x40_run_004_seed_123,123
12.613124596224855,7.663896583564174,40,40,size_40x40_run_004_seed_123,123
12.620159698226159,7.706506691278264,40,40,size_40x40_run_004_seed_123,123
12.64391412044746,7.706506691278264,40,40,size_40x40_run_004_seed_123,123
12.653845259184395,7.7490774907749085,40,40,size_40x40_run_004_seed_123,123
12.677400322935569,7.791609036422314,40,40,size_40x40_run_004_seed_123,123
12.68628073375905,7.834101382488479,40,40,size_40x40_run_004_seed_123,123
12.691149812163802,7.876554583141409,40,40,size_40x40_run_004_seed_123,123
12.702800447059946,7.918968692449356,40,40,size_40x40_run_004_seed_123,123
12.75156393413098,7.9613437643810405,40,40,size_40x40_run_004_seed_123,123
12.77224387414266,8.003679852805888,40,40,size_40x40_run_004_seed_123,123
12.782015606487462,8.045977011494253,40,40,size_40x40_run_004_seed_123,123
12.824645339414465,8.088235294117647,40,40,size_40x40_run_004_seed_123,123
12.831666929944095,8.130454754248968,40,40,size_40x40_run_004_seed_123,123
12.848169199223594,8.130454754248968,40,40,size_40x40_run_004_seed_123,123
12.852186320497234,8.172635445362717,40,40,size_40x40_run_004_seed_123,123
12.874632091556922,8.214777420835246,40,40,size_40x40_run_004_seed_123,123
12.895187083142046,8.256880733944955,40,40,size_40x40_run_004_seed_123,123
12.91243797910178,8.256880733944955,40,40,size_40x40_run_004_seed_123,123
12.914172366416457,8.298945437872536,40,40,size_40x40_run_004_seed_123,123
12.984756005972573,8.340971585701192,40,40,size_40x40_run_004_seed_123,123
12.985036617623308,8.382959230416857,40,40,size_40x40_run_004_seed_123,123
12.995123294883438,8.382959230416857,40,40,size_40x40_run_004_seed_123,123
13.00187262759468,8.424908424908425,40,40,size_40x40_run_004_seed_123,123
13.020354168075285,8.424908424908425,40,40,size_40x40_run_004_seed_123,123
13.026086643021154,8.424908424908425,40,40,size_40x40_run_004_seed_123,123
13.038435634974899,8.466819221967963,40,40,size_40x40_run_004_seed_123,123
13.066384159532625,8.508691674290942,40,40,size_40x40_run_004_seed_123,123
13.077245431848388,8.550525834476453,40,40,size_40x40_run_004_seed_123,123
13.094950677210575,8.550525834476453,40,40,size_40x40_run_004_seed_123,123
13.102732621161886,8.550525834476453,40,40,size_40x40_run_004_seed_123,123
13.103440924456754,8.550525834476453,40,40,size_40x40_run_004_seed_123,123
13.11526416176955,8.550525834476453,40,40,size_40x40_run_004_seed_123,123
13.127649755189777,8.592321755027422,40,40,size_40x40_run_004_seed_123,123
13.128005796413289,8.634079488350844,40,40,size_40x40_run_004_seed_123,123
13.132179697751061,8.67579908675799,40,40,size_40x40_run_004_seed_123,123
13.139437039939986,8.717480602464628,40,40,size_40x40_run_004_seed_123,123
13.14829633368533,8.75912408759124,40,40,size_40x40_run_004_seed_123,123
13.165593933772156,8.800729594163247,40,40,size_40x40_run_004_seed_123,123
13.180888913842809,8.842297174111211,40,40,size_40x40_run_004_seed_123,123
13.195364366168317,8.88382687927107,40,40,size_40x40_run_004_seed_123,123
13.196290407598985,8.925318761384334,40,40,size_40x40_run_004_seed_123,123
13.20808852183528,8.925318761384334,40,40,size_40x40_run_004_seed_123,123
13.22632770909849,8.966772872098316,40,40,size_40x40_run_004_seed_123,123
13.230154970400152,9.008189262966333,40,40,size_40x40_run_004_seed_123,123
13.26133874853171,9.049567985447931,40,40,size_40x40_run_004_seed_123,123
13.29105054445737,9.090909090909092,40,40,size_40x40_run_004_seed_123,123
13.301345803172664,9.132212630622444,40,40,size_40x40_run_004_seed_123,123
13.306973205923992,9.173478655767484,40,40,size_40x40_run_004_seed_123,123
13.307851773139506,9.214707217430776,40,40,size_40x40_run_004_seed_123,123
13.313286023704805,9.25589836660617,40,40,size_40x40_run_004_seed_123,123
13.315642133113206,9.297052154195011,40,40,size_40x40_run_004_seed_123,123
13.328625633085013,9.297052154195011,40,40,size_40x40_run_004_seed_123,123
13.334437245005573,9.338168631006347,40,40,size_40x40_run_004_seed_123,123
13.33587613739049,9.379247847757137,40,40,size_40x40_run_004_seed_123,123
13.344402100232188,9.420289855072465,40,40,size_40x40_run_004_seed_123,123
13.355439532532165,9.46129470348574,40,40,size_40x40_run_004_seed_123,123
13.359939779494978,9.502262443438914,40,40,size_40x40_run_004_seed_123,123
13.360679592031703,9.502262443438914,40,40,size_40x40_run_004_seed_123,123
13.373046271739982,9.543193125282677,40,40,size_40x40_run_004_seed_123,123
13.37432785274065,9.584086799276673,40,40,size_40x40_run_004_seed_123,123
13.393814416087011,9.624943515589697,40,40,size_40x40_run_004_seed_123,123
13.409074915992685,9.624943515589697,40,40,size_40x40_run_004_seed_123,123
13.416402698470357,9.66576332429991,40,40,size_40x40_run_004_seed_123,123
13.421835495368352,9.66576332429991,40,40,size_40x40_run_004_seed_123,123
13.443959359230837,9.706546275395034,40,40,size_40x40_run_004_seed_123,123
13.445719325807522,9.747292418772563,40,40,size_40x40_run_004_seed_123,123
13.4933339176213,9.788001804239963,40,40,size_40x40_run_004_seed_123,123
13.515522842072876,9.828674481514877,40,40,size_40x40_run_004_seed_123,123
13.527658007686066,9.869310500225327,40,40,size_40x40_run_004_seed_123,123
13.542355603518322,9.90990990990991,40,40,size_40x40_run_004_seed_123,123
13.553044149502368,9.95047276001801,40,40,size_40x40_run_004_seed_123,123
13.562538402053944,9.99099909990999,40,40,size_40x40_run_004_seed_123,123
13.568731670168372,9.99099909990999,40,40,size_40x40_run_004_seed_123,123
13.58374300551682,10.0314889788574,40,40,size_40x40_run_004_seed_123,123
13.585243357171668,10.071942446043165,40,40,size_40x40_run_004_seed_123,123
13.59037216838204,10.112359550561797,40,40,size_40x40_run_004_seed_123,123
13.632043863086999,10.152740341419586,40,40,size_40x40_run_004_seed_123,123
13.635100986406593,10.1930848675348,40,40,size_40x40_run_004_seed_123,123
13.637643502073793,10.23339317773788,40,40,size_40x40_run_004_seed_123,123
13.640801220990108,10.23339317773788,40,40,size_40x40_run_004_seed_123,123
13.654977275092739,10.23339317773788,40,40,size_40x40_run_004_seed_123,123
13.659932069291704,10.273665320771647,40,40,size_40x40_run_004_seed_123,123
13.67040218024096,10.31390134529148,40,40,size_40x40_run_004_seed_123,123
13.67737528873261,10.31390134529148,40,40,size_40x40_run_004_seed_123,123
13.682885426762544,10.354101299865532,40,40,size_40x40_run_004_seed_123,123
13.683576182280953,10.39426523297491,40,40,size_40x40_run_004_seed_123,123
13.695891936921873,10.434393193013882,40,40,size_40x40_run_004_seed_123,123
13.697814003979257,10.474485228290064,40,40,size_40x40_run_004_seed_123,123
13.721456792261383,10.51454138702461,40,40,size_40x40_run_004_seed_123,123
13.731088827730417,10.51454138702461,40,40,size_40x40_run_004_seed_123,123
13.748108017022973,10.554561717352415,40,40,size_40x40_run_004_seed_123,123
13.750780384007484,10.594546267322306,40,40,size_40x40_run_004_seed_123,123
13.759847580925422,10.594546267322306,40,40,size_40x40_run_004_seed_123,123
13.765915124392416,10.63449508489723,40,40,size_40x40_run_004_seed_123,123
13.774677866104849,10.674408217954444,40,40,size_40x40_run_004_seed_123,123
13.776488615831278,10.714285714285714,40,40,size_40x40_run_004_seed_123,123
13.780592535442908,10.754127621597501,40,40,size_40x40_run_004_seed_123,123
13.81421756938226,10.793933987511151,40,40,size_40x40_run_004_seed_123,123
13.817443373696728,10.833704859563085,40,40,size_40x40_run_004_seed_123,123
13.819545891298288,10.87344028520499,40,40,size_40x40_run_004_seed_123,123
13.831857181857572,10.913140311804009,40,40,size_40x40_run_004_seed_123,123
13.84061105860776,10.95280498664292,40,40,size_40x40_run_004_seed_123,123
13.843835599312696,10.992434356920338,40,40,size_40x40_run_004_seed_123,123
13.854170912696112,11.032028469750891,40,40,size_40x40_run_004_seed_123,123
13.86659617965993,11.071587372165407,40,40,size_40x40_run_004_seed_123,123
13.87349583439026,11.11111111111111,40,40,size_40x40_run_004_seed_123,123
13.886552575335633,11.150599733451799,40,40,size_40x40_run_004_seed_123,123
13.897824543238587,11.190053285968029,40,40,size_40x40_run_004_seed_123,123
13.905541264019762,11.190053285968029,40,40,size_40x40_run_004_seed_123,123
13.94260938687741,11.229471815357302,40,40,size_40x40_run_004_seed_123,123
13.962859951801878,11.229471815357302,40,40,size_40x40_run_004_seed_123,123
13.964259817192422,11.26885536823425,40,40,size_40x40_run_004_seed_123,123
13.969684635946189,11.26885536823425,40,40,size_40x40_run_004_seed_123,123
13.995608427723278,11.30820399113082,40,40,size_40x40_run_004_seed_123,123
13.997571997142785,11.30820399113082,40,40,size_40x40_run_004_seed_123,123
14.005667969470432,11.347517730496454,40,40,size_40x40_run_004_seed_123,123
14.008413211485339,11.386796632698273,40,40,size_40x40_run_004_seed_123,123
14.01923587097169,11.426040744021257,40,40,size_40x40_run_004_seed_123,123
14.022056297773778,11.465250110668437,40,40,size_40x40_run_004_seed_123,123
14.03220613062809,11.504424778761061,40,40,size_40x40_run_004_seed_123,123
14.03891357511293,11.543564794338788,40,40,size_40x40_run_004_seed_123,123
14.041170758834417,11.582670203359859,40,40,size_40x40_run_004_seed_123,123
14.044124248082039,11.621741051701282,40,40,size_40x40_run_004_seed_123,123
14.045151987459146,11.66077738515901,40,40,size_40x40_run_004_seed_123,123
14.047867873789015,11.699779249448124,40,40,size_40x40_run_004_seed_123,123
14.052214002318047,11.738746690203,40,40,size_40x40_run_004_seed_123,123
14.070146283519627,11.777679752977503,40,40,size_40x40_run_004_seed_123,123
14.071392381900768,11.816578483245149,40,40,size_40x40_run_004_seed_123,123
14.072288189171521,11.855442926399295,40,40,size_40x40_run_004_seed_123,123
14.081626784537809,11.894273127753303,40,40,size_40x40_run_004_seed_123,123
14.088974570622337,11.933069132540732,40,40,size_40x40_run_004_seed_123,123
14.102208892913577,11.971830985915492,40,40,size_40x40_run_004_seed_123,123
14.116135836959426,11.971830985915492,40,40,size_40x40_run_004_seed_123,123
14.127974336701886,11.971830985915492,40,40,size_40x40_run_004_seed_123,123
14.13661948854344,11.971830985915492,40,40,size_40x40_run_004_seed_123,123
14.139489022948261,12.010558732952045,40,40,size_40x40_run_004_seed_123,123
14.140117415662152,12.049252418645558,40,40,size_40x40_run_004_seed_123,123
14.167344906265741,12.049252418645558,40,40,size_40x40_run_004_seed_123,123
14.176048461033536,12.087912087912088,40,40,size_40x40_run_004_seed_123,123
14.200207683112401,12.126537785588752,40,40,size_40x40_run_004_seed_123,123
14.21802133081825,12.165129556433904,40,40,size_40x40_run_004_seed_123,123
14.2234439278805,12.165129556433904,40,40,size_40x40_run_004_seed_123,123
14.233380140411189,12.203687445127304,40,40,size_40x40_run_004_seed_123,123
14.235949352630172,12.242211496270293,40,40,size_40x40_run_004_seed_123,123
14.238558832660376,12.242211496270293,40,40,size_40x40_run_004_seed_123,123
14.248677518094084,12.280701754385964,40,40,size_40x40_run_004_seed_123,123
14.25093329357156,12.319158263919332,40,40,size_40x40_run_004_seed_123,123
14.265734483975951,12.357581069237511,40,40,size_40x40_run_004_seed_123,123
14.273627820141607,12.395970214629873,40,40,size_40x40_run_004_seed_123,123
14.28138648351236,12.43432574430823,40,40,size_40x40_run_004_seed_123,123
14.290663319015298,12.472647702407002,40,40,size_40x40_run_004_seed_123,123
14.294954767154833,12.510936132983378,40,40,size_40x40_run_004_seed_123,123
14.295601878958678,12.549191080017492,40,40,size_40x40_run_004_seed_123,123
14.304457515638912,12.587412587412588,40,40,size_40x40_run_004_seed_123,123
14.318144813253976,12.587412587412588,40,40,size_40x40_run_004_seed_123,123
14.31849136258719,12.625600698995196,40,40,size_40x40_run_004_seed_123,123
14.32390012475191,12.663755458515283,40,40,size_40x40_run_004_seed_123,123
14.325854833498138,12.701876909646442,40,40,size_40x40_run_004_seed_123,123
14.329724028022737,12.739965095986038,40,40,size_40x40_run_004_seed_123,123
14.334509911012375,12.778020061055386,40,40,size_40x40_run_004_seed_123,123
14.349643242208925,12.778020061055386,40,40,size_40x40_run_004_seed_123,123
14.350308684160199,12.816041848299914,40,40,size_40x40_run_004_seed_123,123
14.358260382087678,12.816041848299914,40,40,size_40x40_run_004_seed_123,123
14.374203366958966,12.854030501089325,40,40,size_40x40_run_004_seed_123,123
14.385344015630023,12.89198606271777,40,40,size_40x40_run_004_seed_123,123
14.387502110907453,12.929908576404006,40,40,size_40x40_run_004_seed_123,123
14.402240594045045,12.967798085291557,40,40,size_40x40_run_004_seed_123,123
14.403565819369362,13.00565463244889,40,40,size_40x40_run_004_seed_123,123
14.4059659065803,13.00565463244889,40,40,size_40x40_run_004_seed_123,123
14.411409712393073,13.043478260869565,40,40,size_40x40_run_004_seed_123,123
14.413063873329293,13.081269013472404,40,40,size_40x40_run_004_seed_123,123
14.418116669189791,13.119026933101651,40,40,size_40x40_run_004_seed_123,123
14.428620481358548,13.156752062527138,40,40,size_40x40_run_004_seed_123,123
14.428888623459146,13.194444444444445,40,40,size_40x40_run_004_seed_123,123
14.435808260323451,13.232104121475055,40,40,size_40x40_run_004_seed_123,123
14.435913413723734,13.269731136166522,40,40,size_40x40_run_004_seed_123,123
14.43663461780659,13.307325530992632,40,40,size_40x40_run_004_seed_123,123
14.439740680283505,13.344887348353554,40,40,size_40x40_run_004_seed_123,123
14.440965975514791,13.382416630576008,40,40,size_40x40_run_004_seed_123,123
14.44527778032732,13.41991341991342,40,40,size_40x40_run_004_seed_123,123
14.449570584879075,13.457377758546086,40,40,size_40x40_run_004_seed_123,123
14.459537481665652,13.457377758546086,40,40,size_40x40_run_004_seed_123,123
14.461839027932188,13.494809688581316,40,40,size_40x40_run_004_seed_123,123
14.462150840154258,13.53220925205361,40,40,size_40x40_run_004_seed_123,123
14.467419448830526,13.569576490924806,40,40,size_40x40_run_004_seed_123,123
14.468852374778958,13.606911447084233,40,40,size_40x40_run_004_seed_123,123
14.470955476544276,13.644214162348877,40,40,size_40x40_run_004_seed_123,123
14.478351934514768,13.68148467846353,40,40,size_40x40_run_004_seed_123,123
14.484156102340744,13.718723037100949,40,40,size_40x40_run_004_seed_123,123
14.520433215025779,13.75592927986201,40,40,size_40x40_run_004_seed_123,123
14.524927129769354,13.793103448275861,40,40,size_40x40_run_004_seed_123,123
14.531330825814798,13.830245583800085,40,40,size_40x40_run_004_seed_123,123
14.539402931553017,13.867355727820843,40,40,size_40x40_run_004_seed_123,123
14.544544444196552,13.904433921653034,40,40,size_40x40_run_004_seed_123,123
14.546262922343411,13.941480206540447,40,40,size_40x40_run_004_seed_123,123
14.552064703935022,13.978494623655912,40,40,size_40x40_run_004_seed_123,123
14.553310713057828,14.015477214101463,40,40,size_40x40_run_004_seed_123,123
14.554535785045282,14.052428018908467,40,40,size_40x40_run_004_seed_123,123
14.561138681805014,14.0893470790378,40,40,size_40x40_run_004_seed_123,123
14.563929603493778,14.126234435379992,40,40,size_40x40_run_004_seed_123,123
14.568068897896934,14.163090128755366,40,40,size_40x40_run_004_seed_123,123
14.579865397590593,14.199914199914199,40,40,size_40x40_run_004_seed_123,123
14.580574096991871,14.236706689536879,40,40,size_40x40_run_004_seed_123,123
14.595607912698336,14.236706689536879,40,40,size_40x40_run_004_seed_123,123
14.597056023129795,14.273467638234033,40,40,size_40x40_run_004_seed_123,123
14.597455490350299,14.3101970865467,40,40,size_40x40_run_004_seed_123,123
14.601162998051162,14.346895074946467,40,40,size_40x40_run_004_seed_123,123
14.602773108288964,14.383561643835616,40,40,size_40x40_run_004_seed_123,123
14.602818984928202,14.420196833547283,40,40,size_40x40_run_004_seed_123,123
14.6064862499498,14.456800684345595,40,40,size_40x40_run_004_seed_123,123
14.609413375328803,14.493373236425821,40,40,size_40x40_run_004_seed_123,123
14.609922615995362,14.529914529914532,40,40,size_40x40_run_004_seed_123,123
14.610730512890257,14.566424604869713,40,40,size_40x40_run_004_seed_123,123
14.611234453462249,14.566424604869713,40,40,size_40x40_run_004_seed_123,123
14.614663179235539,14.602903501280956,40,40,size_40x40_run_004_seed_123,123
14.624082306499167,14.639351259069569,40,40,size_40x40_run_004_seed_123,123
14.629590922664677,14.675767918088736,40,40,size_40x40_run_004_seed_123,123
14.636064723672053,14.712153518123666,40,40,size_40x40_run_004_seed_123,123
14.636379978314539,14.712153518123666,40,40,size_40x40_run_004_seed_123,123
14.638277041735591,14.74850809889173,40,40,size_40x40_run_004_seed_123,123
14.642510355195542,14.784831700042607,40,40,size_40x40_run_004_seed_123,123
14.652120203283213,14.821124361158432,40,40,size_40x40_run_004_seed_123,123
14.654385768521834,14.857386121753938,40,40,size_40x40_run_004_seed_123,123
14.655180445879399,14.893617021276595,40,40,size_40x40_run_004_seed_123,123
14.660712468509374,14.929817099106762,40,40,size_40x40_run_004_seed_123,123
14.662486534457349,14.965986394557824,40,40,size_40x40_run_004_seed_123,123
14.67046859337961,15.002124946876327,40,40,size_40x40_run_004_seed_123,123
14.68225859793285,15.03823279524214,40,40,size_40x40_run_004_seed_123,123
14.683145163602127,15.074309978768577,40,40,size_40x40_run_004_seed_123,123
14.68874130915926,15.074309978768577,40,40,size_40x40_run_004_seed_123,123
14.692189105329403,15.110356536502549,40,40,size_40x40_run_004_seed_123,123
14.697707244619535,15.146372507424694,40,40,size_40x40_run_004_seed_123,123
14.709877133348385,15.182357930449534,40,40,size_40x40_run_004_seed_123,123
14.713048535473813,15.218312844425604,40,40,size_40x40_run_004_seed_123,123
14.722721278925118,15.254237288135593,40,40,size_40x40_run_004_seed_123,123
14.724454748925684,15.290131300296483,40,40,size_40x40_run_004_seed_123,123
14.725872756985757,15.325994919559696,40,40,size_40x40_run_004_seed_123,123
14.727026457614922,15.361828184511214,40,40,size_40x40_run_004_seed_123,123
14.728785217560729,15.397631133671744,40,40,size_40x40_run_004_seed_123,123
14.730059205592372,15.433403805496829,40,40,size_40x40_run_004_seed_123,123
14.733671782023809,15.469146238377007,40,40,size_40x40_run_004_seed_123,123
14.73408095145118,15.504858470637938,40,40,size_40x40_run_004_seed_123,123
14.734866072163443,15.54054054054054,40,40,size_40x40_run_004_seed_123,123
14.738570492920138,15.576192486281132,40,40,size_40x40_run_004_seed_123,123
14.742599812215403,15.611814345991561,40,40,size_40x40_run_004_seed_123,123
14.75046695117619,15.647406157739349,40,40,size_40x40_run_004_seed_123,123
14.75900052087303,15.682967959527824,40,40,size_40x40_run_004_seed_123,123
14.763807346338718,15.682967959527824,40,40,size_40x40_run_004_seed_123,123
14.76730328867467,15.718499789296251,40,40,size_40x40_run_004_seed_123,123
14.768037119564736,15.754001684919967,40,40,size_40x40_run_004_seed_123,123
14.772910570815757,15.789473684210526,40,40,size_40x40_run_004_seed_123,123
14.773361385949546,15.824915824915825,40,40,size_40x40_run_004_seed_123,123
14.77948528032792,15.860328144720235,40,40,size_40x40_run_004_seed_123,123
14.781714930107778,15.895710681244744,40,40,size_40x40_run_004_seed_123,123
14.785442704107364,15.931063472047077,40,40,size_40x40_run_004_seed_123,123
14.80063800408111,15.966386554621847,40,40,size_40x40_run_004_seed_123,123
14.809216099124226,16.001679966400673,40,40,size_40x40_run_004_seed_123,123
14.810955069170642,16.036943744752307,40,40,size_40x40_run_004_seed_123,123
14.818309250391374,16.072177926982796,40,40,size_40x40_run_004_seed_123,123
14.818404106058011,16.10738255033557,40,40,size_40x40_run_004_seed_123,123
14.819227577234102,16.142557651991616,40,40,size_40x40_run_004_seed_123,123
14.822039144067407,16.177703269069575,40,40,size_40x40_run_004_seed_123,123
14.832241374341299,16.21281943862589,40,40,size_40x40_run_004_seed_123,123
14.837523780339573,16.24790619765494,40,40,size_40x40_run_004_seed_123,123
14.837628270989233,16.282963583089156,40,40,size_40x40_run_004_seed_123,123
14.839355085781417,16.282963583089156,40,40,size_40x40_run_004_seed_123,123
14.84126925718768,16.317991631799163,40,40,size_40x40_run_004_seed_123,123
14.843659385219164,16.352990380593894,40,40,size_40x40_run_004_seed_123,123
14.848623679766497,16.387959866220736,40,40,size_40x40_run_004_seed_123,123
14.851971697898728,16.42290012536565,40,40,size_40x40_run_004_seed_123,123
14.859186041530435,16.4578111946533,40,40,size_40x40_run_004_seed_123,123
14.863701689566474,16.49269311064718,40,40,size_40x40_run_004_seed_123,123
14.870778277008132,16.52754590984975,40,40,size_40x40_run_004_seed_123,123
14.88181192581125,16.562369628702545,40,40,size_40x40_run_004_seed_123,123
14.886759933622141,16.59716430358632,40,40,size_40x40_run_004_seed_123,123
14.887046734338474,16.59716430358632,40,40,size_40x40_run_004_seed_123,123
14.887836536214072,16.631929970821176,40,40,size_40x40_run_004_seed_123,123
14.897126537019876,16.666666666666664,40,40,size_40x40_run_004_seed_123,123
14.910022276825075,16.701374427321948,40,40,size_40x40_run_004_seed_123,123
14.917082413796352,16.736053288925895,40,40,size_40x40_run_004_seed_123,123
14.925680439466365,16.77070328755722,40,40,size_40x40_run_004_seed_123,123
14.927950423544711,16.80532445923461,40,40,size_40x40_run_004_seed_123,123
14.934478348503951,16.839916839916842,40,40,size_40x40_run_004_seed_123,123
14.935497334731838,16.87448046550291,40,40,size_40x40_run_004_seed_123,123
14.937551790417542,16.909015371832155,40,40,size_40x40_run_004_seed_123,123
14.945397446878381,16.943521594684384,40,40,size_40x40_run_004_seed_123,123
14.94978486202099,16.97799916977999,40,40,size_40x40_run_004_seed_123,123
14.949801580220841,17.012448132780083,40,40,size_40x40_run_004_seed_123,123
14.952076795991893,17.046868519286605,40,40,size_40x40_run_004_seed_123,123
14.95889411820601,17.081260364842453,40,40,size_40x40_run_004_seed_123,123
14.960655159917529,17.11562370493162,40,40,size_40x40_run_004_seed_123,123
14.96647903344325,17.149958574979287,40,40,size_40x40_run_004_seed_123,123
14.9691613149337,17.184265010351968,40,40,size_40x40_run_004_seed_123,123
14.972426323096956,17.218543046357617,40,40,size_40x40_run_004_seed_123,123
14.976175111850658,17.25279271824576,40,40,size_40x40_run_004_seed_123,123
14.987578409242122,17.28701406120761,40,40,size_40x40_run_004_seed_123,123
14.989698215108042,17.32120711037619,40,40,size_40x40_run_004_seed_123,123
15.00435860270659,17.355371900826448,40,40,size_40x40_run_004_seed_123,123
15.007033509977575,17.355371900826448,40,40,size_40x40_run_004_seed_123,123
15.01545030793428,17.389508467575382,40,40,size_40x40_run_004_seed_123,123
15.02262388118625,17.423616845582163,40,40,size_40x40_run_004_seed_123,123
15.025350714909928,17.457697069748246,40,40,size_40x40_run_004_seed_123,123
15.029402070785322,17.491749174917494,40,40,size_40x40_run_004_seed_123,123
15.030583993433856,17.491749174917494,40,40,size_40x40_run_004_seed_123,123
15.03360939638898,17.525773195876287,40,40,size_40x40_run_004_seed_123,123
15.034396669188736,17.55976916735367,40,40,size_40x40_run_004_seed_123,123
15.036088901844336,17.593737124021423,40,40,size_40x40_run_004_seed_123,123
15.04195333677308,17.593737124021423,40,40,size_40x40_run_004_seed_123,123
15.042507794404788,17.627677100494235,40,40,size_40x40_run_004_seed_123,123
15.052449212177091,17.661589131329766,40,40,size_40x40_run_004_seed_123,123
15.053606380388672,17.695473251028808,40,40,size_40x40_run_004_seed_123,123
15.055485673677412,17.695473251028808,40,40,size_40x40_run_004_seed_123,123
15.058484140475322,17.729329494035376,40,40,size_40x40_run_004_seed_123,123
15.06241603120476,17.763157894736842,40,40,size_40x40_run_004_seed_123,123
15.06270295552462,17.763157894736842,40,40,size_40x40_run_004_seed_123,123
15.071517876202384,17.79695848746404,40,40,size_40x40_run_004_seed_123,123
15.075222798193092,17.830731306491373,40,40,size_40x40_run_004_seed_123,123
15.084386259302653,17.864476386036962,40,40,size_40x40_run_004_seed_123,123
15.087362434588197,17.898193760262725,40,40,size_40x40_run_004_seed_123,123
15.08817526914222,17.931883463274517,40,40,size_40x40_run_004_seed_123,123
15.098004247204862,17.96554552912223,40,40,size_40x40_run_004_seed_123,123
15.113745989320378,17.99917999179992,40,40,size_40x40_run_004_seed_123,123
15.115506621004851,18.0327868852459,40,40,size_40x40_run_004_seed_123,123
15.118785999710303,18.066366243342895,40,40,size_40x40_run_004_seed_123,123
15.12342788988198,18.0999180999181,40,40,size_40x40_run_004_seed_123,123
15.124884209272176,18.13344248874335,40,40,size_40x40_run_004_seed_123,123
15.135666826003812,18.16693944353519,40,40,size_40x40_run_004_seed_123,123
15.13957216406992,18.200408997955012,40,40,size_40x40_run_004_seed_123,123
15.142909497723046,18.233851185609158,40,40,size_40x40_run_004_seed_123,123
15.144964662179357,18.26726604004904,40,40,size_40x40_run_004_seed_123,123
15.148396903196018,18.30065359477124,40,40,size_40x40_run_004_seed_123,123
15.151051552771497,18.33401388321764,40,40,size_40x40_run_004_seed_123,123
15.153392916694907,18.367346938775512,40,40,size_40x40_run_004_seed_123,123
15.154210472533762,18.400652794777642,40,40,size_40x40_run_004_seed_123,123
15.156270171166335,18.43393148450245,40,40,size_40x40_run_004_seed_123,123
15.180688359864577,18.467183041174074,40,40,size_40x40_run_004_seed_123,123
15.18212531144307,18.50040749796251,40,40,size_40x40_run_004_seed_123,123
15.18291124810526,18.533604887983707,40,40,size_40x40_run_004_seed_123,123
15.188599607298768,18.566775244299674,40,40,size_40x40_run_004_seed_123,123
15.18925007570975,18.5999185999186,40,40,size_40x40_run_004_seed_123,123
15.203702417353922,18.633034987794954,40,40,size_40x40_run_004_seed_123,123
15.207256703077151,18.666124440829606,40,40,size_40x40_run_004_seed_123,123
15.208869052654112,18.69918699186992,40,40,size_40x40_run_004_seed_123,123
15.213311385356242,18.732222673709874,40,40,size_40x40_run_004_seed_123,123
15.219861131080147,18.765231519090168,40,40,size_40x40_run_004_seed_123,123
15.220447862419558,18.798213560698336,40,40,size_40x40_run_004_seed_123,123
15.221210419764788,18.83116883116883,40,40,size_40x40_run_004_seed_123,123
15.232813579703478,18.864097363083165,40,40,size_40x40_run_004_seed_123,123
15.237120634633152,18.896999188969993,40,40,size_40x40_run_004_seed_123,123
15.2379919994698,18.92987434130523,40,40,size_40x40_run_004_seed_123,123
15.238392350128102,18.92987434130523,40,40,size_40x40_run_004_seed_123,123
15.250348654117602,18.962722852512158,40,40,size_40x40_run_004_seed_123,123
15.262513257325383,18.995544754961525,40,40,size_40x40_run_004_seed_123,123
15.265288244514334,18.995544754961525,40,40,size_40x40_run_004_seed_123,123
15.266862497735175,19.02834008097166,40,40,size_40x40_run_004_seed_123,123
15.269422335060504,19.061108862808577,40,40,size_40x40_run_004_seed_123,123
15.271476661631086,19.093851132686083,40,40,size_40x40_run_004_seed_123,123
15.27354585042032,19.12656692276587,40,40,size_40x40_run_004_seed_123,123
15.273600744530281,19.15925626515764,40,40,size_40x40_run_004_seed_123,123
15.275714032102345,19.19191919191919,40,40,size_40x40_run_004_seed_123,123
15.281215789310245,19.22455573505654,40,40,size_40x40_run_004_seed_123,123
15.283225499775167,19.25716592652402,40,40,size_40x40_run_004_seed_123,123
15.28776724572863,19.289749798224374,40,40,size_40x40_run_004_seed_123,123
15.290517321041342,19.289749798224374,40,40,size_40x40_run_004_seed_123,123
15.293197183681528,19.322307382008873,40,40,size_40x40_run_004_seed_123,123
15.303902856635663,19.35483870967742,40,40,size_40x40_run_004_seed_123,123
15.305393122185885,19.38734381297864,40,40,size_40x40_run_004_seed_123,123
15.306384830390286,19.419822723609993,40,40,size_40x40_run_004_seed_123,123
15.307687056395398,19.45227547321788,40,40,size_40x40_run_004_seed_123,123
15.31109442845908,19.484702093397747,40,40,size_40x40_run_004_seed_123,123
15.311900413083732,19.517102615694164,40,40,size_40x40_run_004_seed_123,123
15.31245535443466,19.549477071600965,40,40,size_40x40_run_004_seed_123,123
15.312465757082613,19.581825492561318,40,40,size_40x40_run_004_seed_123,123
15.316297017489076,19.614147909967848,40,40,size_40x40_run_004_seed_123,123
15.320667394873931,19.646444355162714,40,40,size_40x40_run_004_seed_123,123
15.321367479589606,19.67871485943775,40,40,size_40x40_run_004_seed_123,123
15.334811550427519,19.710959454034523,40,40,size_40x40_run_004_seed_123,123
15.345385725649846,19.743178170144464,40,40,size_40x40_run_004_seed_123,123
15.349450927706656,19.775371038908947,40,40,size_40x40_run_004_seed_123,123
15.362853679784498,19.807538091419406,40,40,size_40x40_run_004_seed_123,123
15.363465945750773,19.839679358717436,40,40,size_40x40_run_004_seed_123,123
15.366275478909266,19.871794871794872,40,40,size_40x40_run_004_seed_123,123
15.37297168137485,19.903884661593914,40,40,size_40x40_run_004_seed_123,123
15.378642797860392,19.935948759007204,40,40,size_40x40_run_004_seed_123,123
15.381413040483359,19.96798719487795,40,40,size_40x40_run_004_seed_123,123
15.387049583147048,20.0,40,40,size_40x40_run_004_seed_123,123
15.389452507303538,20.03198720511795,40,40,size_40x40_run_004_seed_123,123
15.393315980477706,20.06394884092726,40,40,size_40x40_run_004_seed_123,123
15.406351903651341,20.09588493807431,40,40,size_40x40_run_004_seed_123,123
15.409552744093338,20.12779552715655,40,40,size_40x40_run_004_seed_123,123
15.41832201450939,20.159680638722556,40,40,size_40x40_run_004_seed_123,123
15.427116690345422,20.191540303272145,40,40,size_40x40_run_004_seed_123,123
15.43395739759141,20.22337455125648,40,40,size_40x40_run_004_seed_123,123
15.435715005698746,20.25518341307815,40,40,size_40x40_run_004_seed_123,123
15.437510700615322,20.28696691909127,40,40,size_40x40_run_004_seed_123,123
15.437614927509735,20.28696691909127,40,40,size_40x40_run_004_seed_123,123
15.443348344093787,20.318725099601593,40,40,size_40x40_run_004_seed_123,123
15.44717708125369,20.350457984866587,40,40,size_40x40_run_004_seed_123,123
15.449962401664566,20.382165605095544,40,40,size_40x40_run_004_seed_123,123
15.482064982817796,20.413847990449664,40,40,size_40x40_run_004_seed_123,123
15.483825544691483,20.445505171042164,40,40,size_40x40_run_004_seed_123,123
15.487128161301332,20.47713717693837,40,40,size_40x40_run_004_seed_123,123
15.49805542679681,20.5087440381558,40,40,size_40x40_run_004_seed_123,123
15.499172372163374,20.540325784664283,40,40,size_40x40_run_004_seed_123,123
15.500006635475977,20.57188244638602,40,40,size_40x40_run_004_seed_123,123
15.505495323521805,20.603414053195714,40,40,size_40x40_run_004_seed_123,123
15.507354673950802,20.634920634920633,40,40,size_40x40_run_004_seed_123,123
15.509568692711682,20.66640222134074,40,40,size_40x40_run_004_seed_123,123
15.51630786995416,20.697858842188737,40,40,size_40x40_run_004_seed_123,123
15.519474628392743,20.72929052715022,40,40,size_40x40_run_004_seed_123,123
15.519512346427655,20.760697305863708,40,40,size_40x40_run_004_seed_123,123
15.528346995104478,20.792079207920793,40,40,size_40x40_run_004_seed_123,123
15.5310566842815,20.823436262866192,40,40,size_40x40_run_004_seed_123,123
15.534314967206315,20.854768500197864,40,40,size_40x40_run_004_seed_123,123
15.537380391739758,20.88607594936709,40,40,size_40x40_run_004_seed_123,123
15.539008819783616,20.91735863977857,40,40,size_40x40_run_004_seed_123,123
15.539077690646545,20.948616600790515,40,40,size_40x40_run_004_seed_123,123
15.54029845435989,20.979849861714737,40,40,size_40x40_run_004_seed_123,123
15.54703741159524,21.011058451816748,40,40,size_40x40_run_004_seed_123,123
15.548321541948425,21.042242400315832,40,40,size_40x40_run_004_seed_123,123
15.548495654354925,21.07340173638516,40,40,size_40x40_run_004_seed_123,123
15.549727987285944,21.07340173638516,40,40,size_40x40_run_004_seed_123,123
15.568521992764586,21.104536489151872,40,40,size_40x40_run_004_seed_123,123
15.572258690916847,21.13564668769716,40,40,size_40x40_run_004_seed_123,123
15.57363359930656,21.166732361056365,40,40,size_40x40_run_004_seed_123,123
15.58598266770068,21.166732361056365,40,40,size_40x40_run_004_seed_123,123
15.587198194290114,21.19779353821907,40,40,size_40x40_run_004_seed_123,123
15.595373483225801,21.228830248129185,40,40,size_40x40_run_004_seed_123,123
15.599204853085645,21.25984251968504,40,40,size_40x40_run_004_seed_123,123
15.603971384604517,21.29083038173947,40,40,size_40x40_run_004_seed_123,123
15.609133027610158,21.321793863099924,40,40,size_40x40_run_004_seed_123,123
15.618419259315012,21.35273299252851,40,40,size_40x40_run_004_seed_123,123
15.626655212409629,21.38364779874214,40,40,size_40x40_run_004_seed_123,123
15.629584141230199,21.414538310412574,40,40,size_40x40_run_004_seed_123,123
15.641024313060047,21.445404556166537,40,40,size_40x40_run_004_seed_123,123
15.64103527789357,21.47624656458579,40,40,size_40x40_run_004_seed_123,123
15.642340753582447,21.50706436420722,40,40,size_40x40_run_004_seed_123,123
15.649928219782325,21.53785798352295,40,40,size_40x40_run_004_seed_123,123
15.650128876865656,21.568627450980394,40,40,size_40x40_run_004_seed_123,123
15.662105337721249,21.59937279498236,40,40,size_40x40_run_004_seed_123,123
15.66782461138149,21.630094043887148,40,40,size_40x40_run_004_seed_123,123
15.672529588571324,21.660791226008616,40,40,size_40x40_run_004_seed_123,123
15.681344587483542,21.69146436961629,40,40,size_40x40_run_004_seed_123,123
15.683467337425908,21.722113502935418,40,40,size_40x40_run_004_seed_123,123
15.68393706150832,21.752738654147105,40,40,size_40x40_run_004_seed_123,123
15.687749645480585,21.783339851388344,40,40,size_40x40_run_004_seed_123,123
15.688972212559099,21.813917122752148,40,40,size_40x40_run_004_seed_123,123
15.691492377466789,21.844470496287613,40,40,size_40x40_run_004_seed_123,123
15.700259602611853,21.875,40,40,size_40x40_run_004_seed_123,123
15.701776913968331,21.90550566185084,40,40,size_40x40_run_004_seed_123,123
15.702392871986174,21.935987509758,40,40,size_40x40_run_004_seed_123,123
15.703328383636658,21.966445571595784,40,40,size_40x40_run_004_seed_123,123
15.705595402565656,21.996879875195006,40,40,size_40x40_run_004_seed_123,123
15.708283490419205,22.027290448343077,40,40,size_40x40_run_004_seed_123,123
15.71115414542059,22.0576773187841,40,40,size_40x40_run_004_seed_123,123
15.721746607105649,22.08804051421893,40,40,size_40x40_run_004_seed_123,123
15.732323771457509,22.118380062305295,40,40,size_40x40_run_004_seed_123,123
15.733662851085818,22.148695990657842,40,40,size_40x40_run_004_seed_123,123
15.7389410933315,22.17898832684825,40,40,size_40x40_run_004_seed_123,123
15.741590739970988,22.17898832684825,40,40,size_40x40_run_004_seed_123,123
15.74985541450048,22.20925709840529,40,40,size_40x40_run_004_seed_123,123
15.752528944060682,22.23950233281493,40,40,size_40x40_run_004_seed_123,123
15.759102257381315,22.269724057520403,40,40,size_40x40_run_004_seed_123,123
15.760108781158573,22.2999222999223,40,40,size_40x40_run_004_seed_123,123
15.77608996712862,22.330097087378643,40,40,size_40x40_run_004_seed_123,123
15.777364776808199,22.36024844720497,40,40,size_40x40_run_004_seed_123,123
15.778809778924412,22.390376406674427,40,40,size_40x40_run_004_seed_123,123
15.780909653091062,22.420480993017843,40,40,size_40x40_run_004_seed_123,123
15.782545754609325,22.450562233423806,40,40,size_40x40_run_004_seed_123,123
15.78945223249811,22.48062015503876,40,40,size_40x40_run_004_seed_123,123
15.789484999485373,22.510654784967066,40,40,size_40x40_run_004_seed_123,123
15.792519735877825,22.540666150271107,40,40,size_40x40_run_004_seed_123,123
15.794895873841295,22.57065427797135,40,40,size_40x40_run_004_seed_123,123
15.798476123840766,22.60061919504644,40,40,size_40x40_run_004_seed_123,123
15.805702984890134,22.63056092843327,40,40,size_40x40_run_004_seed_123,123
15.809162545977117,22.66047950502707,40,40,size_40x40_run_004_seed_123,123
15.81134715052645,22.690374951681484,40,40,size_40x40_run_004_seed_123,123
15.814017235150306,22.720247295208658,40,40,size_40x40_run_004_seed_123,123
15.817113263064645,22.750096562379298,40,40,size_40x40_run_004_seed_123,123
15.820536315683693,22.779922779922778,40,40,size_40x40_run_004_seed_123,123
15.833818276129167,22.809725974527208,40,40,size_40x40_run_004_seed_123,123
15.834996309773441,22.809725974527208,40,40,size_40x40_run_004_seed_123,123
15.837915471167934,22.809725974527208,40,40,size_40x40_run_004_seed_123,123
15.838956725835429,22.839506172839506,40,40,size_40x40_run_004_seed_123,123
15.853085025195382,22.869263401465485,40,40,size_40x40_run_004_seed_123,123
15.853500212299759,22.89899768696993,40,40,size_40x40_run_004_seed_123,123
15.8536272672859,22.928709055876688,40,40,size_40x40_run_004_seed_123,123
15.855314264092623,22.95839753466872,40,40,size_40x40_run_004_seed_123,123
15.855449273473052,22.988063149788218,40,40,size_40x40_run_004_seed_123,123
15.860178751392667,23.017705927636644,40,40,size_40x40_run_004_seed_123,123
15.86049331640203,23.047325894574836,40,40,size_40x40_run_004_seed_123,123
15.866156402497753,23.076923076923077,40,40,size_40x40_run_004_seed_123,123
15.867464280545983,23.076923076923077,40,40,size_40x40_run_004_seed_123,123
15.872831843484713,23.10649750096117,40,40,size_40x40_run_004_seed_123,123
15.87398678977135,23.136049192928517,40,40,size_40x40_run_004_seed_123,123
15.874706415186775,23.1655781790242,40,40,size_40x40_run_004_seed_123,123
15.877877584724835,23.195084485407065,40,40,size_40x40_run_004_seed_123,123
15.884910707934864,23.224568138195778,40,40,size_40x40_run_004_seed_123,123
15.902247143638073,23.224568138195778,40,40,size_40x40_run_004_seed_123,123
15.908512763192604,23.254029163468918,40,40,size_40x40_run_004_seed_123,123
15.908618581152778,23.254029163468918,40,40,size_40x40_run_004_seed_123,123
15.909261966386872,23.283467587265054,40,40,size_40x40_run_004_seed_123,123
15.909471797767573,23.31288343558282,40,40,size_40x40_run_004_seed_123,123
15.930403707857682,23.34227673438099,40,40,size_40x40_run_004_seed_123,123
15.932414651325699,23.371647509578544,40,40,size_40x40_run_004_seed_123,123
15.935822148456035,23.400995787054768,40,40,size_40x40_run_004_seed_123,123
15.938543079193183,23.400995787054768,40,40,size_40x40_run_004_seed_123,123
15.938893181134658,23.43032159264931,40,40,size_40x40_run_004_seed_123,123
15.939239423191268,23.459624952162265,40,40,size_40x40_run_004_seed_123,123
15.940912377094039,23.488905891354246,40,40,size_40x40_run_004_seed_123,123
15.946922674354088,23.518164435946463,40,40,size_40x40_run_004_seed_123,123
15.958604541332194,23.547400611620795,40,40,size_40x40_run_004_seed_123,123
15.96205254857402,23.57661444401987,40,40,size_40x40_run_004_seed_123,123
15.969822494937663,23.605805958747137,40,40,size_40x40_run_004_seed_123,123
15.976187956600013,23.634975181366936,40,40,size_40x40_run_004_seed_123,123
15.982197784774197,23.66412213740458,40,40,size_40x40_run_004_seed_123,123
15.99435833804132,23.66412213740458,40,40,size_40x40_run_004_seed_123,123
15.994923677104524,23.693246852346434,40,40,size_40x40_run_004_seed_123,123
15.995988795028639,23.72234935163997,40,40,size_40x40_run_004_seed_123,123
15.99642969500915,23.751429660693862,40,40,size_40x40_run_004_seed_123,123
16.005263439989,23.78048780487805,40,40,size_40x40_run_004_seed_123,123
16.0093724997971,23.809523809523807,40,40,size_40x40_run_004_seed_123,123
16.031881104184112,23.83853769992384,40,40,size_40x40_run_004_seed_123,123
16.03228200738081,23.867529501332317,40,40,size_40x40_run_004_seed_123,123
16.0330143930415,23.896499238964992,40,40,size_40x40_run_004_seed_123,123
16.036549600257878,23.92544693799924,40,40,size_40x40_run_004_seed_123,123
16.038595642830607,23.954372623574145,40,40,size_40x40_run_004_seed_123,123
16.039913229881137,23.983276320790576,40,40,size_40x40_run_004_seed_123,123
16.04698023662537,23.983276320790576,40,40,size_40x40_run_004_seed_123,123
16.05153418568245,23.983276320790576,40,40,size_40x40_run_004_seed_123,123
16.051623041192098,24.012158054711247,40,40,size_40x40_run_004_seed_123,123
16.055325352911932,24.041017850360806,40,40,size_40x40_run_004_seed_123,123
16.057047843659063,24.06985573272589,40,40,size_40x40_run_004_seed_123,123
16.057070819551786,24.09867172675522,40,40,size_40x40_run_004_seed_123,123
16.058334241436487,24.12746585735964,40,40,size_40x40_run_004_seed_123,123
16.05871099711962,24.15623814941221,40,40,size_40x40_run_004_seed_123,123
16.061911986701062,24.184988627748293,40,40,size_40x40_run_004_seed_123,123
16.063139935597476,24.213717317165592,40,40,size_40x40_run_004_seed_123,123
16.06954977717058,24.242424242424242,40,40,size_40x40_run_004_seed_123,123
16.073964403104494,24.271109428246877,40,40,size_40x40_run_004_seed_123,123
16.075276267106275,24.299772899318697,40,40,size_40x40_run_004_seed_123,123
16.075837044418467,24.32841468028755,40,40,size_40x40_run_004_seed_123,123
16.08419129430336,24.357034795763994,40,40,size_40x40_run_004_seed_123,123
16.086595164913962,24.38563327032136,40,40,size_40x40_run_004_seed_123,123
16.094141765719936,24.414210128495842,40,40,size_40x40_run_004_seed_123,123
16.096777730316287,24.44276539478655,40,40,size_40x40_run_004_seed_123,123
16.09935808833148,24.47129909365559,40,40,size_40x40_run_004_seed_123,123
16.100829734335598,24.499811249528126,40,40,size_40x40_run_004_seed_123,123
16.10510601506314,24.528301886792452,40,40,size_40x40_run_004_seed_123,123
16.10519439593399,24.556771029800075,40,40,size_40x40_run_004_seed_123,123
16.108040341593465,24.58521870286576,40,40,size_40x40_run_004_seed_123,123
16.117876968584774,24.613644930267622,40,40,size_40x40_run_004_seed_123,123
16.129941860832428,24.642049736247174,40,40,size_40x40_run_004_seed_123,123
16.14016002252184,24.670433145009415,40,40,size_40x40_run_004_seed_123,123
16.142224509569548,24.69879518072289,40,40,size_40x40_run_004_seed_123,123
16.142879222860984,24.72713586751976,40,40,size_40x40_run_004_seed_123,123
16.14512188655174,24.755455229495862,40,40,size_40x40_run_004_seed_123,123
16.16401454246986,24.783753290710795,40,40,size_40x40_run_004_seed_123,123
16.16419299418294,24.81203007518797,40,40,size_40x40_run_004_seed_123,123
16.177014615162772,24.840285606914694,40,40,size_40x40_run_004_seed_123,123
16.178664950808823,24.868519909842224,40,40,size_40x40_run_004_seed_123,123
16.194527288168928,24.896733007885842,40,40,size_40x40_run_004_seed_123,123
16.198369734385246,24.924924924924923,40,40,size_40x40_run_004_seed_123,123
16.20518807770245,24.953095684803,40,40,size_40x40_run_004_seed_123,123
16.20721909571026,24.981245311327832,40,40,size_40x40_run_004_seed_123,123
16.2089844312416,25.009373828271464,40,40,size_40x40_run_004_seed_123,123
16.209066181776407,25.037481259370313,40,40,size_40x40_run_004_seed_123,123
16.213580551637413,25.065567628325212,40,40,size_40x40_run_004_seed_123,123
16.21554560423654,25.0936329588015,40,40,size_40x40_run_004_seed_123,123
16.216337939386406,25.121677274429054,40,40,size_40x40_run_004_seed_123,123
16.218059838993494,25.149700598802394,40,40,size_40x40_run_004_seed_123,123
16.221863884280342,25.177702955480736,40,40,size_40x40_run_004_seed_123,123
16.23519536750093,25.205684367988034,40,40,size_40x40_run_004_seed_123,123
16.240370291664988,25.233644859813083,40,40,size_40x40_run_004_seed_123,123
16.248122795512845,25.26158445440957,40,40,size_40x40_run_004_seed_123,123
16.251263892835635,25.289503175196117,40,40,size_40x40_run_004_seed_123,123
16.270870244190274,25.317401045556387,40,40,size_40x40_run_004_seed_123,123
16.28552575414869,25.34527808883912,40,40,size_40x40_run_004_seed_123,123
16.287901038004858,25.37313432835821,40,40,size_40x40_run_004_seed_123,123
16.289087983453584,25.400969787392764,40,40,size_40x40_run_004_seed_123,123
16.290990049904778,25.428784489187173,40,40,size_40x40_run_004_seed_123,123
16.294729123986446,25.456578456951174,40,40,size_40x40_run_004_seed_123,123
16.298440405669037,25.48435171385991,40,40,size_40x40_run_004_seed_123,123
16.300038338784887,25.512104283054004,40,40,size_40x40_run_004_seed_123,123
16.303041118949206,25.539836187639615,40,40,size_40x40_run_004_seed_123,123
16.31248848760579,25.5675474506885,40,40,size_40x40_run_004_seed_123,123
16.31610130088627,25.595238095238095,40,40,size_40x40_run_004_seed_123,123
16.319795727703966,25.622908144291557,40,40,size_40x40_run_004_seed_123,123
16.324291893067137,25.650557620817843,40,40,size_40x40_run_004_seed_123,123
16.324612837284384,25.678186547751764,40,40,size_40x40_run_004_seed_123,123
16.325335861259823,25.705794947994054,40,40,size_40x40_run_004_seed_123,123
16.343434641816284,25.733382844411434,40,40,size_40x40_run_004_seed_123,123
16.34513925386981,25.760950259836672,40,40,size_40x40_run_004_seed_123,123
16.34950331391076,25.788497217068645,40,40,size_40x40_run_004_seed_123,123
16.349691958296184,25.816023738872403,40,40,size_40x40_run_004_seed_123,123
16.350821813292523,25.843529847979234,40,40,size_40x40_run_004_seed_123,123
16.352163442229408,25.87101556708673,40,40,size_40x40_run_004_seed_123,123
16.358815937932167,25.898480918858834,40,40,size_40x40_run_004_seed_123,123
16.36022178490694,25.925925925925924,40,40,size_40x40_run_004_seed_123,123
16.360605501169555,25.953350610884858,40,40,size_40x40_run_004_seed_123,123
16.36096876344261,25.980754996299037,40,40,size_40x40_run_004_seed_123,123
16.364181575368022,26.008139104698486,40,40,size_40x40_run_004_seed_123,123
16.364576298575145,26.035502958579883,40,40,size_40x40_run_004_seed_123,123
16.368368864261527,26.062846580406656,40,40,size_40x40_run_004_seed_123,123
16.371871828897767,26.09016999260902,40,40,size_40x40_run_004_seed_123,123
16.373985029435676,26.117473217584042,40,40,size_40x40_run_004_seed_123,123
16.37624440902609,26.14475627769572,40,40,size_40x40_run_004_seed_123,123
16.378043475719913,26.17201919527501,40,40,size_40x40_run_004_seed_123,123
16.379294742526596,26.17201919527501,40,40,size_40x40_run_004_seed_123,123
16.382976031749898,26.199261992619927,40,40,size_40x40_run_004_seed_123,123
16.383195195377752,26.226484691995573,40,40,size_40x40_run_004_seed_123,123
16.389636701081955,26.253687315634217,40,40,size_40x40_run_004_seed_123,123
16.390075526707825,26.28086988573535,40,40,size_40x40_run_004_seed_123,123
16.40129045567865,26.308032424465733,40,40,size_40x40_run_004_seed_123,123
16.402299759027173,26.335174953959484,40,40,size_40x40_run_004_seed_123,123
16.410498794113344,26.335174953959484,40,40,size_40x40_run_004_seed_123,123
16.411963923444546,26.362297496318117,40,40,size_40x40_run_004_seed_123,123
16.41437291402819,26.389400073610602,40,40,size_40x40_run_004_seed_123,123
16.416215407729187,26.389400073610602,40,40,size_40x40_run_004_seed_123,123
16.41863174361755,26.416482707873435,40,40,size_40x40_run_004_seed_123,123
16.419009289071326,26.443545421110702,40,40,size_40x40_run_004_seed_123,123
16.429726419855985,26.443545421110702,40,40,size_40x40_run_004_seed_123,123
16.43330543285786,26.47058823529412,40,40,size_40x40_run_004_seed_123,123
16.43528905797409,26.4976111723631,40,40,size_40x40_run_004_seed_123,123
16.43741554600724,26.524614254224833,40,40,size_40x40_run_004_seed_123,123
16.445650914930983,26.551597502754316,40,40,size_40x40_run_004_seed_123,123
16.45406997956298,26.57856093979442,40,40,size_40x40_run_004_seed_123,123
16.455951271256605,26.605504587155966,40,40,size_40x40_run_004_seed_123,123
16.458978564064402,26.605504587155966,40,40,size_40x40_run_004_seed_123,123
16.460089464259248,26.632428466617753,40,40,size_40x40_run_004_seed_123,123
16.462268533005638,26.632428466617753,40,40,size_40x40_run_004_seed_123,123
16.47224840741452,26.65933259992666,40,40,size_40x40_run_004_seed_123,123
16.48360055506896,26.68621700879765,40,40,size_40x40_run_004_seed_123,123
16.485673679544824,26.68621700879765,40,40,size_40x40_run_004_seed_123,123
16.487300365167165,26.71308171491389,40,40,size_40x40_run_004_seed_123,123
16.487961804415967,26.73992673992674,40,40,size_40x40_run_004_seed_123,123
16.489042533917644,26.766752105455875,40,40,size_40x40_run_004_seed_123,123
16.493969263368776,26.79355783308931,40,40,size_40x40_run_004_seed_123,123
16.49578810754445,26.820343944383463,40,40,size_40x40_run_004_seed_123,123
16.506855517775417,26.847110460863206,40,40,size_40x40_run_004_seed_123,123
16.508879472569376,26.847110460863206,40,40,size_40x40_run_004_seed_123,123
16.511836304627987,26.87385740402194,40,40,size_40x40_run_004_seed_123,123
16.514222735050964,26.900584795321635,40,40,size_40x40_run_004_seed_123,123
16.51705517247693,26.927292656192915,40,40,size_40x40_run_004_seed_123,123
16.519792016094062,26.95398100803506,40,40,size_40x40_run_004_seed_123,123
16.520457512680572,26.98064987221614,40,40,size_40x40_run_004_seed_123,123
16.52368819480476,27.00729927007299,40,40,size_40x40_run_004_seed_123,123
16.524104783851847,27.033929222911347,40,40,size_40x40_run_004_seed_123,123
16.52421783685606,27.060539752005834,40,40,size_40x40_run_004_seed_123,123
16.525740879066525,27.087130878600075,40,40,size_40x40_run_004_seed_123,123
16.525946143279434,27.113702623906704,40,40,size_40x40_run_004_seed_123,123
16.52875178851561,27.140255009107467,40,40,size_40x40_run_004_seed_123,123
16.531561361147567,27.16678805535324,40,40,size_40x40_run_004_seed_123,123
16.53424972985081,27.193301783764106,40,40,size_40x40_run_004_seed_123,123
16.535240641211626,27.219796215429405,40,40,size_40x40_run_004_seed_123,123
16.536268240840396,27.246271371407783,40,40,size_40x40_run_004_seed_123,123
16.536319563349462,27.246271371407783,40,40,size_40x40_run_004_seed_123,123
16.540581967396886,27.27272727272727,40,40,size_40x40_run_004_seed_123,123
16.54205623117303,27.299163940385313,40,40,size_40x40_run_004_seed_123,123
16.548030949377075,27.325581395348834,40,40,size_40x40_run_004_seed_123,123
16.551507400790086,27.351979658554303,40,40,size_40x40_run_004_seed_123,123
16.553667821415495,27.378358750907772,40,40,size_40x40_run_004_seed_123,123
16.55450522128504,27.404718693284934,40,40,size_40x40_run_004_seed_123,123
16.554889872971323,27.431059506531202,40,40,size_40x40_run_004_seed_123,123
16.555621987165356,27.431059506531202,40,40,size_40x40_run_004_seed_123,123
16.56365252400521,27.457381211461733,40,40,size_40x40_run_004_seed_123,123
16.564587784587196,27.483683828861494,40,40,size_40x40_run_004_seed_123,123
16.565357265846632,27.509967379485325,40,40,size_40x40_run_004_seed_123,123
16.570183808237132,27.509967379485325,40,40,size_40x40_run_004_seed_123,123
16.576693610642046,27.536231884057973,40,40,size_40x40_run_004_seed_123,123
16.579145034030205,27.562477363274173,40,40,size_40x40_run_004_seed_123,123
16.585188058054463,27.588703837798693,40,40,size_40x40_run_004_seed_123,123
16.58851152644784,27.614911328266377,40,40,size_40x40_run_004_seed_123,123
16.593066194745955,27.641099855282196,40,40,size_40x40_run_004_seed_123,123
16.59622677605237,27.66726943942134,40,40,size_40x40_run_004_seed_123,123
16.598068150728825,27.69342010122921,40,40,size_40x40_run_004_seed_123,123
16.59935643275252,27.719551861221543,40,40,size_40x40_run_004_seed_123,123
16.60176065274868,27.74566473988439,40,40,size_40x40_run_004_seed_123,123
16.60293508721135,27.771758757674252,40,40,size_40x40_run_004_seed_123,123
16.60826958631518,27.79783393501805,40,40,size_40x40_run_004_seed_123,123
16.611134552635537,27.823890292313248,40,40,size_40x40_run_004_seed_123,123
16.611519764023065,27.84992784992785,40,40,size_40x40_run_004_seed_123,123
16.614595793227306,27.875946628200506,40,40,size_40x40_run_004_seed_123,123
16.61672320224872,27.901946647440518,40,40,size_40x40_run_004_seed_123,123
16.61861237335393,27.927927927927925,40,40,size_40x40_run_004_seed_123,123
16.61966914476577,27.953890489913547,40,40,size_40x40_run_004_seed_123,123
16.620859571872504,27.979834353619015,40,40,size_40x40_run_004_seed_123,123
16.629850818066227,28.005759539236863,40,40,size_40x40_run_004_seed_123,123
16.630109628629747,28.005759539236863,40,40,size_40x40_run_004_seed_123,123
16.632484545453078,28.031666066930548,40,40,size_40x40_run_004_seed_123,123
16.635380332180237,28.05755395683453,40,40,size_40x40_run_004_seed_123,123
16.64043770126074,28.0834232290543,40,40,size_40x40_run_004_seed_123,123
16.640813638041266,28.109273903666427,40,40,size_40x40_run_004_seed_123,123
16.644855135892143,28.13510600071865,40,40,size_40x40_run_004_seed_123,123
16.64500982429071,28.160919540229884,40,40,size_40x40_run_004_seed_123,123
16.647556687857097,28.186714542190305,40,40,size_40x40_run_004_seed_123,123
16.649431135250136,28.212491026561377,40,40,size_40x40_run_004_seed_123,123
16.651116818589134,28.238249013275922,40,40,size_40x40_run_004_seed_123,123
16.652271156048947,28.263988522238165,40,40,size_40x40_run_004_seed_123,123
16.6541192423037,28.289709573323773,40,40,size_40x40_run_004_seed_123,123
16.65679951694542,28.31541218637993,40,40,size_40x40_run_004_seed_123,123
16.666173947872466,28.341096381225366,40,40,size_40x40_run_004_seed_123,123
16.67355159712972,28.36676217765043,40,40,size_40x40_run_004_seed_123,123
16.675367815435717,28.392409595417114,40,40,size_40x40_run_004_seed_123,123
16.679461087894055,28.418038654259124,40,40,size_40x40_run_004_seed_123,123
16.680633838064487,28.44364937388193,40,40,size_40x40_run_004_seed_123,123
16.686614701403414,28.469241773962807,40,40,size_40x40_run_004_seed_123,123
16.687467603431074,28.469241773962807,40,40,size_40x40_run_004_seed_123,123
16.693692531871577,28.494815874150873,40,40,size_40x40_run_004_seed_123,123
16.694131590676104,28.520371694067194,40,40,size_40x40_run_004_seed_123,123
16.6944939872448,28.545909253304753,40,40,size_40x40_run_004_seed_123,123
16.698210500236417,28.57142857142857,40,40,size_40x40_run_004_seed_123,123
16.702840846142006,28.596929667975722,40,40,size_40x40_run_004_seed_123,123
16.70348859167875,28.62241256245539,40,40,size_40x40_run_004_seed_123,123
16.710522207652122,28.64787727434891,40,40,size_40x40_run_004_seed_123,123
16.711817036776313,28.673323823109843,40,40,size_40x40_run_004_seed_123,123
16.714142598667976,28.698752228163993,40,40,size_40x40_run_004_seed_123,123
16.714948378063074,28.72416250890948,40,40,size_40x40_run_004_seed_123,123
16.715900600000275,28.749554684716777,40,40,size_40x40_run_004_seed_123,123
16.71812061182136,28.774928774928775,40,40,size_40x40_run_004_seed_123,123
16.71934459157752,28.800284798860805,40,40,size_40x40_run_004_seed_123,123
16.721575425758733,28.825622775800714,40,40,size_40x40_run_004_seed_123,123
16.721908079778036,28.850942725008892,40,40,size_40x40_run_004_seed_123,123
16.724310600426556,28.87624466571835,40,40,size_40x40_run_004_seed_123,123
16.72643274067973,28.87624466571835,40,40,size_40x40_run_004_seed_123,123
16.727856766469376,28.90152861713473,40,40,size_40x40_run_004_seed_123,123
16.733867192117707,28.926794598436388,40,40,size_40x40_run_004_seed_123,123
16.73709401568317,28.95204262877442,40,40,size_40x40_run_004_seed_123,123
16.738508385891144,28.97727272727273,40,40,size_40x40_run_004_seed_123,123
16.739933087654663,29.00248491302804,40,40,size_40x40_run_004_seed_123,123
16.74260585279836,29.027679205110008,40,40,size_40x40_run_004_seed_123,123
16.744324601098832,29.05285562256119,40,40,size_40x40_run_004_seed_123,123
16.74444182622813,29.078014184397162,40,40,size_40x40_run_004_seed_123,123
16.748024996696294,29.10315490960652,40,40,size_40x40_run_004_seed_123,123
16.74976127127981,29.128277817150956,40,40,size_40x40_run_004_seed_123,123
16.751874685398022,29.15338292596529,40,40,size_40x40_run_004_seed_123,123
16.752813564978865,29.178470254957507,40,40,size_40x40_run_004_seed_123,123
16.753044111322318,29.20353982300885,40,40,size_40x40_run_004_seed_123,123
16.75771233429134,29.22859164897382,40,40,size_40x40_run_004_seed_123,123
16.75980894307082,29.25362575168023,40,40,size_40x40_run_004_seed_123,123
16.761711975812535,29.27864214992928,40,40,size_40x40_run_004_seed_123,123
16.762553602171067,29.303640862495584,40,40,size_40x40_run_004_seed_123,123
16.763739851429083,29.328621908127207,40,40,size_40x40_run_004_seed_123,123
16.766067271943314,29.353585305545742,40,40,size_40x40_run_004_seed_123,123
16.77043938355844,29.37853107344633,40,40,size_40x40_run_004_seed_123,123
16.7710915681078,29.40345923049771,40,40,size_40x40_run_004_seed_123,123
16.771537782923904,29.428369795342274,40,40,size_40x40_run_004_seed_123,123
16.772159750427587,29.453262786596117,40,40,size_40x40_run_004_seed_123,123
16.77862145186279,29.478138222849083,40,40,size_40x40_run_004_seed_123,123
16.779450375481623,29.502996122664786,40,40,size_40x40_run_004_seed_123,123
16.78661842801552,29.52783650458069,40,40,size_40x40_run_004_seed_123,123
16.7888505201695,29.552659387108136,40,40,size_40x40_run_004_seed_123,123
16.789796332571353,29.577464788732392,40,40,size_40x40_run_004_seed_123,123
16.790174378953747,29.60225272791271,40,40,size_40x40_run_004_seed_123,123
16.791317552538235,29.62702322308234,40,40,size_40x40_run_004_seed_123,123
16.79464450864873,29.62702322308234,40,40,size_40x40_run_004_seed_123,123
16.80333383641648,29.651776292648613,40,40,size_40x40_run_004_seed_123,123
16.80896424589945,29.676511954992968,40,40,size_40x40_run_004_seed_123,123
16.80940393507655,29.676511954992968,40,40,size_40x40_run_004_seed_123,123
16.809966623358218,29.701230228471005,40,40,size_40x40_run_004_seed_123,123
16.8106313365848,29.72593113141251,40,40,size_40x40_run_004_seed_123,123
16.8127476388897,29.75061468212153,40,40,size_40x40_run_004_seed_123,123
16.81492131050988,29.775280898876407,40,40,size_40x40_run_004_seed_123,123
16.817584209974942,29.799929799929796,40,40,size_40x40_run_004_seed_123,123
16.818425792810036,29.82456140350877,40,40,size_40x40_run_004_seed_123,123
16.828074403742015,29.849175727814803,40,40,size_40x40_run_004_seed_123,123
16.828950417183723,29.849175727814803,40,40,size_40x40_run_004_seed_123,123
16.829504320027873,29.873772791023846,40,40,size_40x40_run_004_seed_123,123
16.837610930182457,29.873772791023846,40,40,size_40x40_run_004_seed_123,123
16.83822163280329,29.898352611286366,40,40,size_40x40_run_004_seed_123,123
16.840772783789,29.922915206727403,40,40,size_40x40_run_004_seed_123,123
16.842614179436517,29.947460595446586,40,40,size_40x40_run_004_seed_123,123
16.84310172138126,29.971988795518207,40,40,size_40x40_run_004_seed_123,123
16.84541725995065,29.99649982499125,40,40,size_40x40_run_004_seed_123,123
16.84940599972896,30.02099370188943,40,40,size_40x40_run_004_seed_123,123
16.85425419747734,30.045470444211265,40,40,size_40x40_run_004_seed_123,123
16.855362627308036,30.069930069930066,40,40,size_40x40_run_004_seed_123,123
16.861640440855457,30.094372596994056,40,40,size_40x40_run_004_seed_123,123
16.871923663617604,30.118798043326343,40,40,size_40x40_run_004_seed_123,123
16.875266976091403,30.14320642682501,40,40,size_40x40_run_004_seed_123,123
16.87631857607322,30.16759776536313,40,40,size_40x40_run_004_seed_123,123
16.87734114654625,30.19197207678883,40,40,size_40x40_run_004_seed_123,123
16.878617468425666,30.216329378925334,40,40,size_40x40_run_004_seed_123,123
16.879558395236696,30.240669689570982,40,40,size_40x40_run_004_seed_123,123
16.88237717675753,30.264993026499305,40,40,size_40x40_run_004_seed_123,123
16.884839406652397,30.289299407459048,40,40,size_40x40_run_004_seed_123,123
16.885469502678326,30.313588850174217,40,40,size_40x40_run_004_seed_123,123
16.88630956038203,30.337861372344133,40,40,size_40x40_run_004_seed_123,123
16.887168457370716,30.362116991643457,40,40,size_40x40_run_004_seed_123,123
16.88717837131286,30.386355725722243,40,40,size_40x40_run_004_seed_123,123
16.888602326734237,30.410577592205986,40,40,size_40x40_run_004_seed_123,123
16.888806466063027,30.434782608695656,40,40,size_40x40_run_004_seed_123,123
16.892326312526304,30.45897079276773,40,40,size_40x40_run_004_seed_123,123
16.89901433997312,30.483142161974282,40,40,size_40x40_run_004_seed_123,123
16.89978397481502,30.483142161974282,40,40,size_40x40_run_004_seed_123,123
16.906366925508546,30.50729673384295,40,40,size_40x40_run_004_seed_123,123
16.906495866230394,30.53143452587704,40,40,size_40x40_run_004_seed_123,123
16.907666037786374,30.555555555555557,40,40,size_40x40_run_004_seed_123,123
16.912360988033594,30.579659840333218,40,40,size_40x40_run_004_seed_123,123
16.916522425148276,30.60374739764053,40,40,size_40x40_run_004_seed_123,123
16.917873693609724,30.6278182448838,40,40,size_40x40_run_004_seed_123,123
16.918087563628927,30.651872399445214,40,40,size_40x40_run_004_seed_123,123
16.926499151132163,30.675909878682845,40,40,size_40x40_run_004_seed_123,123
16.927023798985257,30.6999306999307,40,40,size_40x40_run_004_seed_123,123
16.92870954583709,30.72393488049879,40,40,size_40x40_run_004_seed_123,123
16.93255926959756,30.72393488049879,40,40,size_40x40_run_004_seed_123,123
16.93545101820953,30.747922437673132,40,40,size_40x40_run_004_seed_123,123
16.937682982855037,30.77189338871582,40,40,size_40x40_run_004_seed_123,123
16.95174996391015,30.79584775086505,40,40,size_40x40_run_004_seed_123,123
16.952314351277725,30.819785541335175,40,40,size_40x40_run_004_seed_123,123
16.952872154819836,30.843706777316736,40,40,size_40x40_run_004_seed_123,123
16.95737669308454,30.867611475976496,40,40,size_40x40_run_004_seed_123,123
16.959428214850202,30.891499654457498,40,40,size_40x40_run_004_seed_123,123
16.962982503573627,30.915371329879104,40,40,size_40x40_run_004_seed_123,123
16.96385032356043,30.939226519337016,40,40,size_40x40_run_004_seed_123,123
16.965344505938692,30.963065239903347,40,40,size_40x40_run_004_seed_123,123
16.970884936637283,30.986887508626637,40,40,size_40x40_run_004_seed_123,123
16.970896487170883,31.01069334253191,40,40,size_40x40_run_004_seed_123,123
16.975548788938223,31.03448275862069,40,40,size_40x40_run_004_seed_123,123
16.975910665275975,31.05825577387108,40,40,size_40x40_run_004_seed_123,123
16.977284506448047,31.08201240523777,40,40,size_40x40_run_004_seed_123,123
16.98026462795473,31.10575266965208,40,40,size_40x40_run_004_seed_123,123
16.98594031595286,31.129476584022036,40,40,size_40x40_run_004_seed_123,123
16.9878831246778,31.153184165232357,40,40,size_40x40_run_004_seed_123,123
16.991160094837102,31.17687543014453,40,40,size_40x40_run_004_seed_123,123
16.99221963975616,31.20055039559684,40,40,size_40x40_run_004_seed_123,123
16.99560613006393,31.224209078404403,40,40,size_40x40_run_004_seed_123,123
16.995955755133245,31.24785149535923,40,40,size_40x40_run_004_seed_123,123
17.000219576658978,31.27147766323024,40,40,size_40x40_run_004_seed_123,123
17.001218828494242,31.29508759876331,40,40,size_40x40_run_004_seed_123,123
17.005508980854085,31.318681318681318,40,40,size_40x40_run_004_seed_123,123
17.00721404236243,31.342258839684174,40,40,size_40x40_run_004_seed_123,123
17.0141237794637,31.365820178448867,40,40,size_40x40_run_004_seed_123,123
17.015458909332477,31.3893653516295,40,40,size_40x40_run_004_seed_123,123
17.01682498801181,31.412894375857338,40,40,size_40x40_run_004_seed_123,123
17.01750840149187,31.43640726774083,40,40,size_40x40_run_004_seed_123,123
17.01831397241634,31.45990404386566,40,40,size_40x40_run_004_seed_123,123
17.025547466832354,31.483384720794795,40,40,size_40x40_run_004_seed_123,123
17.02643743955044,31.506849315068493,40,40,size_40x40_run_004_seed_123,123
17.027326667005234,31.53029784320438,40,40,size_40x40_run_004_seed_123,123
17.028347166998557,31.53029784320438,40,40,size_40x40_run_004_seed_123,123
17.029270823150323,31.553730321697465,40,40,size_40x40_run_004_seed_123,123
17.03184659383945,31.577146767020185,40,40,size_40x40_run_004_seed_123,123
17.034207834816836,31.600547195622436,40,40,size_40x40_run_004_seed_123,123
17.03425677616011,31.62393162393162,40,40,size_40x40_run_004_seed_123,123
17.0347930071297,31.647300068352703,40,40,size_40x40_run_004_seed_123,123
17.034822894281472,31.67065254526819,40,40,size_40x40_run_004_seed_123,123
17.03558809561785,31.693989071038253,40,40,size_40x40_run_004_seed_123,123
17.03754580046889,31.71730966200068,40,40,size_40x40_run_004_seed_123,123
17.040113312817375,31.74061433447099,40,40,size_40x40_run_004_seed_123,123
17.04514514137408,31.763903104742408,40,40,size_40x40_run_004_seed_123,123
17.04562986451146,31.78717598908595,40,40,size_40x40_run_004_seed_123,123
17.046201105475664,31.810433003750425,40,40,size_40x40_run_004_seed_123,123
17.04743826802214,31.83367416496251,40,40,size_40x40_run_004_seed_123,123
17.051303762229725,31.85689948892675,40,40,size_40x40_run_004_seed_123,123
17.05221973129848,31.88010899182561,40,40,size_40x40_run_004_seed_123,123
17.055492096364013,31.903302689819547,40,40,size_40x40_run_004_seed_123,123
17.05615285546563,31.903302689819547,40,40,size_40x40_run_004_seed_123,123
17.058304160012998,31.926480599046968,40,40,size_40x40_run_004_seed_123,123
17.059078140819473,31.949642735624362,40,40,size_40x40_run_004_seed_123,123
17.06166851367298,31.97278911564626,40,40,size_40x40_run_004_seed_123,123
17.075668993810808,31.99591975518531,40,40,size_40x40_run_004_seed_123,123
17.076039156698418,32.01903467029232,40,40,size_40x40_run_004_seed_123,123
17.076681507627082,32.04213387699627,40,40,size_40x40_run_004_seed_123,123
17.077561575811693,32.065217391304344,40,40,size_40x40_run_004_seed_123,123
17.07812251392913,32.088285229202036,40,40,size_40x40_run_004_seed_123,123
17.08024171363822,32.11133740665309,40,40,size_40x40_run_004_seed_123,123
17.081662063414196,32.13437393959959,40,40,size_40x40_run_004_seed_123,123
17.085478286202637,32.15739484396201,40,40,size_40x40_run_004_seed_123,123
17.086472969464744,32.180400135639196,40,40,size_40x40_run_004_seed_123,123
17.095063830167913,32.20338983050847,40,40,size_40x40_run_004_seed_123,123
17.096189802611832,32.20338983050847,40,40,size_40x40_run_004_seed_123,123
17.097081545803068,32.226363944425614,40,40,size_40x40_run_004_seed_123,123
17.098769069930267,32.24932249322493,40,40,size_40x40_run_004_seed_123,123
17.101710876918315,32.27226549271927,40,40,size_40x40_run_004_seed_123,123
17.10197089082165,32.29519295870007,40,40,size_40x40_run_004_seed_123,123
17.11590839904273,32.31810490693739,40,40,size_40x40_run_004_seed_123,123
17.11723754834387,32.34100135317997,40,40,size_40x40_run_004_seed_123,123
17.11744015753165,32.34100135317997,40,40,size_40x40_run_004_seed_123,123
17.118717123478007,32.36388231315522,40,40,size_40x40_run_004_seed_123,123
17.12693301384442,32.3867478025693,40,40,size_40x40_run_004_seed_123,123
17.12769312443457,32.40959783710713,40,40,size_40x40_run_004_seed_123,123
17.129722769332957,32.432432432432435,40,40,size_40x40_run_004_seed_123,123
17.130263546729037,32.45525160418777,40,40,size_40x40_run_004_seed_123,123
17.130912400034617,32.4780553679946,40,40,size_40x40_run_004_seed_123,123
17.132358761657294,32.50084373945326,40,40,size_40x40_run_004_seed_123,123
17.13742427891691,32.523616734143054,40,40,size_40x40_run_004_seed_123,123
17.13968079146731,32.54637436762226,40,40,size_40x40_run_004_seed_123,123
17.13990310012428,32.56911665542819,40,40,size_40x40_run_004_seed_123,123
17.146713807560577,32.59184361307718,40,40,size_40x40_run_004_seed_123,123
17.149003590768693,32.61455525606469,40,40,size_40x40_run_004_seed_123,123
17.149094371114373,32.63725159986527,40,40,size_40x40_run_004_seed_123,123
17.163634260159856,32.659932659932664,40,40,size_40x40_run_004_seed_123,123
17.16648485023811,32.68259845169976,40,40,size_40x40_run_004_seed_123,123
17.174422182544454,32.70524899057873,40,40,size_40x40_run_004_seed_123,123
17.177636307961606,32.72788429196098,40,40,size_40x40_run_004_seed_123,123
17.179171811719193,32.75050437121722,40,40,size_40x40_run_004_seed_123,123
17.179655557634426,32.773109243697476,40,40,size_40x40_run_004_seed_123,123
17.186531709773593,32.795698924731184,40,40,size_40x40_run_004_seed_123,123
17.18705578030144,32.81827342962714,40,40,size_40x40_run_004_seed_123,123
17.187882115389822,32.840832773673604,40,40,size_40x40_run_004_seed_123,123
17.191577769726884,32.863376972138305,40,40,size_40x40_run_004_seed_123,123
17.192647973838202,32.88590604026846,40,40,size_40x40_run_004_seed_123,123
17.19282322555464,32.90841999329084,40,40,size_40x40_run_004_seed_123,123
17.1928878335219,32.93091884641181,40,40,size_40x40_run_004_seed_123,123
17.19920585807162,32.95340261481729,40,40,size_40x40_run_004_seed_123,123
17.20239618325624,32.975871313672926,40,40,size_40x40_run_004_seed_123,123
17.204471392297073,32.99832495812395,40,40,size_40x40_run_004_seed_123,123
17.206012373277527,33.02076356329538,40,40,size_40x40_run_004_seed_123,123
17.212029999847516,33.04318714429193,40,40,size_40x40_run_004_seed_123,123
17.213516833412474,33.04318714429193,40,40,size_40x40_run_004_seed_123,123
17.22707804768719,33.065595716198125,40,40,size_40x40_run_004_seed_123,123
17.22983493278081,33.087989294078284,40,40,size_40x40_run_004_seed_123,123
17.23085679000744,33.11036789297659,40,40,size_40x40_run_004_seed_123,123
17.239683086389093,33.13273152791709,40,40,size_40x40_run_004_seed_123,123
17.2407574975749,33.155080213903744,40,40,size_40x40_run_004_seed_123,123
17.241595824511517,33.17741396592048,40,40,size_40x40_run_004_seed_123,123
17.243159346022964,33.199732798931194,40,40,size_40x40_run_004_seed_123,123
17.244228620104256,33.2220367278798,40,40,size_40x40_run_004_seed_123,123
17.248447967475514,33.244325767690256,40,40,size_40x40_run_004_seed_123,123
17.25308099749031,33.2665999332666,40,40,size_40x40_run_004_seed_123,123
17.25431776990781,33.28885923949299,40,40,size_40x40_run_004_seed_123,123
17.256578007530326,33.31110370123375,40,40,size_40x40_run_004_seed_123,123
17.25790482247167,33.33333333333333,40,40,size_40x40_run_004_seed_123,123
17.258133633732054,33.35554815061646,40,40,size_40x40_run_004_seed_123,123
17.259966688676815,33.37774816788808,40,40,size_40x40_run_004_seed_123,123
17.26128593029728,33.3999333999334,40,40,size_40x40_run_004_seed_123,123
17.26373281672058,33.422103861517975,40,40,size_40x40_run_004_seed_123,123
17.26438005573724,33.44425956738768,40,40,size_40x40_run_004_seed_123,123
17.267117581989744,33.4664005322688,40,40,size_40x40_run_004_seed_123,123
17.269718031865438,33.4664005322688,40,40,size_40x40_run_004_seed_123,123
17.274059680376833,33.48852677086798,40,40,size_40x40_run_004_seed_123,123
17.274371277759233,33.51063829787234,40,40,size_40x40_run_004_seed_123,123
17.275575192335193,33.532735127949486,40,40,size_40x40_run_004_seed_123,123
17.277717337082397,33.5548172757475,40,40,size_40x40_run_004_seed_123,123
17.279169187117137,33.57688475589505,40,40,size_40x40_run_004_seed_123,123
17.279287977267582,33.59893758300132,40,40,size_40x40_run_004_seed_123,123
17.28129420705408,33.620975771656155,40,40,size_40x40_run_004_seed_123,123
17.283284966284988,33.64299933642999,40,40,size_40x40_run_004_seed_123,123
17.283894977936544,33.66500829187397,40,40,size_40x40_run_004_seed_123,123
17.29074836954227,33.66500829187397,40,40,size_40x40_run_004_seed_123,123
17.291885269673866,33.687002652519894,40,40,size_40x40_run_004_seed_123,123
17.29836934195207,33.687002652519894,40,40,size_40x40_run_004_seed_123,123
17.29971267517113,33.70898243288035,40,40,size_40x40_run_004_seed_123,123
17.302317392140694,33.73094764744864,40,40,size_40x40_run_004_seed_123,123
17.309666534885487,33.75289831069891,40,40,size_40x40_run_004_seed_123,123
17.31024355283387,33.77483443708609,40,40,size_40x40_run_004_seed_123,123
17.31056596331049,33.79675604104601,40,40,size_40x40_run_004_seed_123,123
17.314520062762334,33.81866313699537,40,40,size_40x40_run_004_seed_123,123
17.31592753094954,33.84055573933179,40,40,size_40x40_run_004_seed_123,123
17.31607320970919,33.86243386243386,40,40,size_40x40_run_004_seed_123,123
17.31773374059653,33.88429752066116,40,40,size_40x40_run_004_seed_123,123
17.31825504817815,33.906146728354265,40,40,size_40x40_run_004_seed_123,123
17.319859846221217,33.92798149983482,40,40,size_40x40_run_004_seed_123,123
17.32246785572696,33.949801849405546,40,40,size_40x40_run_004_seed_123,123
17.328714327084626,33.97160779135028,40,40,size_40x40_run_004_seed_123,123
17.332282099088047,33.993399339933994,40,40,size_40x40_run_004_seed_123,123
17.333620412886606,34.01517650940284,40,40,size_40x40_run_004_seed_123,123
17.334511318093487,34.03693931398417,40,40,size_40x40_run_004_seed_123,123
17.336108399081002,34.05868776788658,40,40,size_40x40_run_004_seed_123,123
17.337098037076803,34.080421885299934,40,40,size_40x40_run_004_seed_123,123
17.33961644242761,34.102141680395384,40,40,size_40x40_run_004_seed_123,123
17.34350284087102,34.12384716732543,40,40,size_40x40_run_004_seed_123,123
17.343758020925957,34.1455383602239,40,40,size_40x40_run_004_seed_123,123
17.34484341814376,34.16721527320606,40,40,size_40x40_run_004_seed_123,123
17.345999306453255,34.18887792036854,40,40,size_40x40_run_004_seed_123,123
17.34604575895371,34.21052631578947,40,40,size_40x40_run_004_seed_123,123
17.347685357088476,34.232160473528445,40,40,size_40x40_run_004_seed_123,123
17.35159765351326,34.25378040762656,40,40,size_40x40_run_004_seed_123,123
17.35275849367785,34.27538613210647,40,40,size_40x40_run_004_seed_123,123
17.352921544300848,34.2969776609724,40,40,size_40x40_run_004_seed_123,123
17.353322546609448,34.2969776609724,40,40,size_40x40_run_004_seed_123,123
17.355594059719795,34.2969776609724,40,40,size_40x40_run_004_seed_123,123
17.36008825932896,34.31855500821018,40,40,size_40x40_run_004_seed_123,123
17.361090330860687,34.34011818778726,40,40,size_40x40_run_004_seed_123,123
17.363955715758237,34.36166721365277,40,40,size_40x40_run_004_seed_123,123
17.365283160714704,34.38320209973753,40,40,size_40x40_run_004_seed_123,123
17.367247363813593,34.404722859954084,40,40,size_40x40_run_004_seed_123,123
17.37283620162964,34.42622950819672,40,40,size_40x40_run_004_seed_123,123
17.373263789464705,34.447722058341526,40,40,size_40x40_run_004_seed_123,123
17.374822420256855,34.469200524246396,40,40,size_40x40_run_004_seed_123,123
17.37738885133583,34.469200524246396,40,40,size_40x40_run_004_seed_123,123
17.378062819258325,34.49066491975106,40,40,size_40x40_run_004_seed_123,123
17.379106956183346,34.51211525867714,40,40,size_40x40_run_004_seed_123,123
17.381786076140973,34.53355155482815,40,40,size_40x40_run_004_seed_123,123
17.383681242554918,34.55497382198953,40,40,size_40x40_run_004_seed_123,123
17.386496554895448,34.57638207392869,40,40,size_40x40_run_004_seed_123,123
17.397093937057793,34.59777632439503,40,40,size_40x40_run_004_seed_123,123
17.398694595172678,34.619156587119974,40,40,size_40x40_run_004_seed_123,123
17.39940287530837,34.64052287581699,40,40,size_40x40_run_004_seed_123,123
17.400294324723255,34.66187520418164,40,40,size_40x40_run_004_seed_123,123
17.40095916904936,34.68321358589158,40,40,size_40x40_run_004_seed_123,123
17.401389806633695,34.7045380346066,40,40,size_40x40_run_004_seed_123,123
17.40251106947462,34.72584856396867,40,40,size_40x40_run_004_seed_123,123
17.4050422309755,34.74714518760196,40,40,size_40x40_run_004_seed_123,123
17.412081489339553,34.768427919112845,40,40,size_40x40_run_004_seed_123,123
17.412437761233374,34.78969677208999,40,40,size_40x40_run_004_seed_123,123
17.41492551030802,34.8109517601043,40,40,size_40x40_run_004_seed_123,123
17.41495494741457,34.832192896709024,40,40,size_40x40_run_004_seed_123,123
17.419047016700393,34.85342019543974,40,40,size_40x40_run_004_seed_123,123
17.42206349056555,34.87463366981439,40,40,size_40x40_run_004_seed_123,123
17.426692889843174,34.89583333333333,40,40,size_40x40_run_004_seed_123,123
17.42782035605161,34.91701919947934,40,40,size_40x40_run_004_seed_123,123
17.42813091682733,34.938191281717636,40,40,size_40x40_run_004_seed_123,123
17.432495360723664,34.959349593495936,40,40,size_40x40_run_004_seed_123,123
17.435656179316826,34.980494148244475,40,40,size_40x40_run_004_seed_123,123
17.438572940848644,35.00162495937602,40,40,size_40x40_run_004_seed_123,123
17.441331868370394,35.0227420402859,40,40,size_40x40_run_004_seed_123,123
17.44143164221872,35.04384540435206,40,40,size_40x40_run_004_seed_123,123
17.441947868863792,35.04384540435206,40,40,size_40x40_run_004_seed_123,123
17.44442873151235,35.064935064935064,40,40,size_40x40_run_004_seed_123,123
17.444732185498403,35.064935064935064,40,40,size_40x40_run_004_seed_123,123
17.451883782143415,35.08601103537812,40,40,size_40x40_run_004_seed_123,123
17.453170377256775,35.107073329007136,40,40,size_40x40_run_004_seed_123,123
17.454083235818075,35.128121959130716,40,40,size_40x40_run_004_seed_123,123
17.45500663556795,35.1491569390402,40,40,size_40x40_run_004_seed_123,123
17.46603861029429,35.17017828200972,40,40,size_40x40_run_004_seed_123,123
17.468214047645727,35.191186001296174,40,40,size_40x40_run_004_seed_123,123
17.470252823235963,35.21218011013929,40,40,size_40x40_run_004_seed_123,123
17.47377292689777,35.233160621761655,40,40,size_40x40_run_004_seed_123,123
17.4757634488656,35.25412754936873,40,40,size_40x40_run_004_seed_123,123
17.477480121025597,35.275080906148865,40,40,size_40x40_run_004_seed_123,123
17.479416980786635,35.29602070527337,40,40,size_40x40_run_004_seed_123,123
17.479739549368105,35.316946959896505,40,40,size_40x40_run_004_seed_123,123
17.482818620362803,35.337859683155514,40,40,size_40x40_run_004_seed_123,123
17.485474120698655,35.358758888170655,40,40,size_40x40_run_004_seed_123,123
17.490040043077588,35.37964458804523,40,40,size_40x40_run_004_seed_123,123
17.49088105800423,35.400516795865634,40,40,size_40x40_run_004_seed_123,123
17.495060776670602,35.400516795865634,40,40,size_40x40_run_004_seed_123,123
17.495817332241316,35.421375524701325,40,40,size_40x40_run_004_seed_123,123
17.497331826842466,35.4422207876049,40,40,size_40x40_run_004_seed_123,123
17.500436269812717,35.46305259761213,40,40,size_40x40_run_004_seed_123,123
17.50234631089136,35.483870967741936,40,40,size_40x40_run_004_seed_123,123
17.506003362065666,35.504675910996454,40,40,size_40x40_run_004_seed_123,123
17.50604020432995,35.525467440361055,40,40,size_40x40_run_004_seed_123,123
17.506067525208646,35.54624556880439,40,40,size_40x40_run_004_seed_123,123
17.506332401320748,35.54624556880439,40,40,size_40x40_run_004_seed_123,123
17.5065802214556,35.56701030927835,40,40,size_40x40_run_004_seed_123,123
17.50865285745592,35.5877616747182,40,40,size_40x40_run_004_seed_123,123
17.512371362986208,35.6084996780425,40,40,size_40x40_run_004_seed_123,123
17.513287710738574,35.6292243321532,40,40,size_40x40_run_004_seed_123,123
17.513867710899646,35.64993564993565,40,40,size_40x40_run_004_seed_123,123
17.514699945382088,35.6706336442586,40,40,size_40x40_run_004_seed_123,123
17.514867261053382,35.69131832797427,40,40,size_40x40_run_004_seed_123,123
17.52730770160207,35.71198971391835,40,40,size_40x40_run_004_seed_123,123
17.528689063507816,35.732647814910024,40,40,size_40x40_run_004_seed_123,123
17.53047130691116,35.75329264375201,40,40,size_40x40_run_004_seed_123,123
17.532535591446663,35.77392421323057,40,40,size_40x40_run_004_seed_123,123
17.538490893051996,35.79454253611557,40,40,size_40x40_run_004_seed_123,123
17.539349887904155,35.815147625160456,40,40,size_40x40_run_004_seed_123,123
17.540082161888527,35.835739493102345,40,40,size_40x40_run_004_seed_123,123
17.54153494592156,35.85631815266196,40,40,size_40x40_run_004_seed_123,123
17.542510098573242,35.876883616543765,40,40,size_40x40_run_004_seed_123,123
17.54308394838794,35.8974358974359,40,40,size_40x40_run_004_seed_123,123
17.546229546606764,35.91797500801025,40,40,size_40x40_run_004_seed_123,123
17.54641737522233,35.93850096092249,40,40,size_40x40_run_004_seed_123,123
17.549733265178492,35.959013768812035,40,40,size_40x40_run_004_seed_123,123
17.553700307748038,35.97951344430218,40,40,size_40x40_run_004_seed_123,123
17.558608984829057,36.0,40,40,size_40x40_run_004_seed_123,123
17.55895327508567,36.02047344849648,40,40,size_40x40_run_004_seed_123,123
17.559030937147938,36.04093380236649,40,40,size_40x40_run_004_seed_123,123
17.565426475492792,36.0613810741688,40,40,size_40x40_run_004_seed_123,123
17.565696446342557,36.08181527644615,40,40,size_40x40_run_004_seed_123,123
17.567631574080085,36.102236421725244,40,40,size_40x40_run_004_seed_123,123
17.568765503877827,36.122644522516765,40,40,size_40x40_run_004_seed_123,123
17.57000604759706,36.14303959131545,40,40,size_40x40_run_004_seed_123,123
17.570318787574543,36.16342164060006,40,40,size_40x40_run_004_seed_123,123
17.570512836529804,36.18379068283344,40,40,size_40x40_run_004_seed_123,123
17.57444376209133,36.20414673046252,40,40,size_40x40_run_004_seed_123,123
17.575010931865922,36.224489795918366,40,40,size_40x40_run_004_seed_123,123
17.57552597227638,36.244819891616196,40,40,size_40x40_run_004_seed_123,123
17.578337904852507,36.26513702995538,40,40,size_40x40_run_004_seed_123,123
17.580470415498507,36.28544122331953,40,40,size_40x40_run_004_seed_123,123
17.58158003981722,36.30573248407643,40,40,size_40x40_run_004_seed_123,123
17.591242231440777,36.32601082457816,40,40,size_40x40_run_004_seed_123,123
17.591302098657238,36.346276257161044,40,40,size_40x40_run_004_seed_123,123
17.598248616010295,36.36652879414572,40,40,size_40x40_run_004_seed_123,123
17.600686225948486,36.38676844783715,40,40,size_40x40_run_004_seed_123,123
17.603260224736083,36.40699523052464,40,40,size_40x40_run_004_seed_123,123
17.60697433718328,36.42720915448188,40,40,size_40x40_run_004_seed_123,123
17.606986807118734,36.447410231966956,40,40,size_40x40_run_004_seed_123,123
17.61046257028537,36.447410231966956,40,40,size_40x40_run_004_seed_123,123
17.61753877007073,36.46759847522236,40,40,size_40x40_run_004_seed_123,123
17.618401688566337,36.487773896475076,40,40,size_40x40_run_004_seed_123,123
17.619562104207176,36.507936507936506,40,40,size_40x40_run_004_seed_123,123
17.624544837004766,36.5280863218026,40,40,size_40x40_run_004_seed_123,123
17.625859241915176,36.5280863218026,40,40,size_40x40_run_004_seed_123,123
17.630178376384446,36.54822335025381,40,40,size_40x40_run_004_seed_123,123
17.635369935356096,36.56834760545512,40,40,size_40x40_run_004_seed_123,123
17.636685709688667,36.56834760545512,40,40,size_40x40_run_004_seed_123,123
17.637148631937187,36.58845909955612,40,40,size_40x40_run_004_seed_123,123
17.639464262645493,36.608557844690964,40,40,size_40x40_run_004_seed_123,123
17.643598885759065,36.628643852978456,40,40,size_40x40_run_004_seed_123,123
17.644695483499667,36.648717136522016,40,40,size_40x40_run_004_seed_123,123
17.645028429587914,36.66877770740975,40,40,size_40x40_run_004_seed_123,123
17.645773379751336,36.68882557771447,40,40,size_40x40_run_004_seed_123,123
17.64650874438791,36.708860759493675,40,40,size_40x40_run_004_seed_123,123
17.648065819653283,36.72888326478962,40,40,size_40x40_run_004_seed_123,123
17.651120332564656,36.74889310562935,40,40,size_40x40_run_004_seed_123,123
17.65260975121918,36.76889029402466,40,40,size_40x40_run_004_seed_123,123
17.652948502582053,36.78887484197219,40,40,size_40x40_run_004_seed_123,123
17.65439355078735,36.808846761453395,40,40,size_40x40_run_004_seed_123,123
17.655684117848633,36.828806064434616,40,40,size_40x40_run_004_seed_123,123
17.656833292802126,36.848752762867065,40,40,size_40x40_run_004_seed_123,123
17.658147338555455,36.868686868686865,40,40,size_40x40_run_004_seed_123,123
17.658398916323257,36.88860839381508,40,40,size_40x40_run_004_seed_123,123
17.65964721499991,36.90851735015773,40,40,size_40x40_run_004_seed_123,123
17.661114853930297,36.9284137496058,40,40,size_40x40_run_004_seed_123,123
17.661318802090783,36.948297604035304,40,40,size_40x40_run_004_seed_123,123
17.66151028824865,36.96816892530728,40,40,size_40x40_run_004_seed_123,123
17.66497789125821,36.988027725267806,40,40,size_40x40_run_004_seed_123,123
17.665560931946807,37.00787401574803,40,40,size_40x40_run_004_seed_123,123
17.666712542939184,37.02770780856423,40,40,size_40x40_run_004_seed_123,123
17.670177967675947,37.04752911551778,40,40,size_40x40_run_004_seed_123,123
17.67166175993268,37.06733794839522,40,40,size_40x40_run_004_seed_123,123
17.684698987623335,37.08713431896823,40,40,size_40x40_run_004_seed_123,123
17.685337113036663,37.10691823899371,40,40,size_40x40_run_004_seed_123,123
17.691868963188938,37.12668972021377,40,40,size_40x40_run_004_seed_123,123
17.692111920655353,37.14644877435575,40,40,size_40x40_run_004_seed_123,123
17.69231032481854,37.166195413132264,40,40,size_40x40_run_004_seed_123,123
17.692478345870253,37.185929648241206,40,40,size_40x40_run_004_seed_123,123
17.694071211333505,37.20565149136578,40,40,size_40x40_run_004_seed_123,123
17.6960963252713,37.22536095417451,40,40,size_40x40_run_004_seed_123,123
17.69812777995989,37.245058048321305,40,40,size_40x40_run_004_seed_123,123
17.69921910060197,37.26474278544542,40,40,size_40x40_run_004_seed_123,123
17.70021460791218,37.284415177171525,40,40,size_40x40_run_004_seed_123,123
17.70038294633785,37.30407523510972,40,40,size_40x40_run_004_seed_123,123
17.70052165709192,37.323722970855535,40,40,size_40x40_run_004_seed_123,123
17.701377583438898,37.34335839598997,40,40,size_40x40_run_004_seed_123,123
17.702968035968848,37.362981522079544,40,40,size_40x40_run_004_seed_123,123
17.70565449568821,37.38259236067627,40,40,size_40x40_run_004_seed_123,123
17.70787174091438,37.40219092331768,40,40,size_40x40_run_004_seed_123,123
17.71207461387328,37.42177722152691,40,40,size_40x40_run_004_seed_123,123
17.712891557167286,37.44135126681264,40,40,size_40x40_run_004_seed_123,123
17.716064676131353,37.460913070669164,40,40,size_40x40_run_004_seed_123,123
17.716750559812727,37.48046264457643,40,40,size_40x40_run_004_seed_123,123
17.71703166010401,37.5,40,40,size_40x40_run_004_seed_123,123
17.718802722712052,37.519525148391125,40,40,size_40x40_run_004_seed_123,123
17.720323732437066,37.539038101186755,40,40,size_40x40_run_004_seed_123,123
17.726198618900938,37.55853886980955,40,40,size_40x40_run_004_seed_123,123
17.72718769870832,37.578027465667915,40,40,size_40x40_run_004_seed_123,123
17.730715802817052,37.597503900156006,40,40,size_40x40_run_004_seed_123,123
17.733181595649935,37.61696818465378,40,40,size_40x40_run_004_seed_123,123
17.735043183816714,37.636420330526974,40,40,size_40x40_run_004_seed_123,123
17.73541323344812,37.65586034912718,40,40,size_40x40_run_004_seed_123,123
17.73584081114643,37.675288251791834,40,40,size_40x40_run_004_seed_123,123
17.73790502783615,37.69470404984423,40,40,size_40x40_run_004_seed_123,123
17.738096560060402,37.714107754593584,40,40,size_40x40_run_004_seed_123,123
17.74081713762357,37.733499377334994,40,40,size_40x40_run_004_seed_123,123
17.743325820554677,37.752878929349514,40,40,size_40x40_run_004_seed_123,123
17.752673683520367,37.77224642190417,40,40,size_40x40_run_004_seed_123,123
17.756612389032775,37.77224642190417,40,40,size_40x40_run_004_seed_123,123
17.758733882595674,37.791601866251945,40,40,size_40x40_run_004_seed_123,123
17.760475525691593,37.81094527363184,40,40,size_40x40_run_004_seed_123,123
17.76135266535803,37.83027665526888,40,40,size_40x40_run_004_seed_123,123
17.762202020377043,37.84959602237414,40,40,size_40x40_run_004_seed_123,123
17.76353283339107,37.868903386144765,40,40,size_40x40_run_004_seed_123,123
17.76485184868352,37.88819875776397,40,40,size_40x40_run_004_seed_123,123
17.76536793543773,37.907482148401115,40,40,size_40x40_run_004_seed_123,123
17.767959195748617,37.92675356921167,40,40,size_40x40_run_004_seed_123,123
17.76803991664046,37.94601303133726,40,40,size_40x40_run_004_seed_123,123
17.768741905330064,37.94601303133726,40,40,size_40x40_run_004_seed_123,123
17.77303226682691,37.96526054590571,40,40,size_40x40_run_004_seed_123,123
17.774355105522947,37.98449612403101,40,40,size_40x40_run_004_seed_123,123
17.775571835875855,38.00371977681339,40,40,size_40x40_run_004_seed_123,123
17.77688229579045,38.02293151533932,40,40,size_40x40_run_004_seed_123,123
17.783757362821834,38.04213135068154,40,40,size_40x40_run_004_seed_123,123
17.78581487320631,38.06131929389904,40,40,size_40x40_run_004_seed_123,123
17.786377712818574,38.080495356037154,40,40,size_40x40_run_004_seed_123,123
17.789688063300556,38.09965954812751,40,40,size_40x40_run_004_seed_123,123
17.79108781045371,38.11881188118812,40,40,size_40x40_run_004_seed_123,123
17.794960315531867,38.137952366223324,40,40,size_40x40_run_004_seed_123,123
17.79904321140348,38.15708101422387,40,40,size_40x40_run_004_seed_123,123
17.801120294551406,38.17619783616693,40,40,size_40x40_run_004_seed_123,123
17.8021890842886,38.19530284301607,40,40,size_40x40_run_004_seed_123,123
17.807110548261893,38.21439604572135,40,40,size_40x40_run_004_seed_123,123
17.813561845364173,38.23347745521927,40,40,size_40x40_run_004_seed_123,123
17.818677608893978,38.25254708243285,40,40,size_40x40_run_004_seed_123,123
17.822134821013893,38.2716049382716,40,40,size_40x40_run_004_seed_123,123
17.830433747347413,38.2906510336316,40,40,size_40x40_run_004_seed_123,123
17.831541071493774,38.30968537939544,40,40,size_40x40_run_004_seed_123,123
17.8331729946013,38.32870798643231,40,40,size_40x40_run_004_seed_123,123
17.833445618558827,38.34771886559803,40,40,size_40x40_run_004_seed_123,123
17.833959667734927,38.366718027734976,40,40,size_40x40_run_004_seed_123,123
17.837008097025258,38.366718027734976,40,40,size_40x40_run_004_seed_123,123
17.837925826699365,38.38570548367221,40,40,size_40x40_run_004_seed_123,123
17.839084137407067,38.40468124422544,40,40,size_40x40_run_004_seed_123,123
17.841199509382097,38.42364532019704,40,40,size_40x40_run_004_seed_123,123
17.842028843937214,38.442597722376114,40,40,size_40x40_run_004_seed_123,123
17.84365635999978,38.46153846153847,40,40,size_40x40_run_004_seed_123,123
17.846595035815227,38.48046754844663,40,40,size_40x40_run_004_seed_123,123
17.847486010553386,38.49938499384994,40,40,size_40x40_run_004_seed_123,123
17.85272233078869,38.51829080848447,40,40,size_40x40_run_004_seed_123,123
17.8530657090851,38.53718500307314,40,40,size_40x40_run_004_seed_123,123
17.854390994396528,38.556067588325654,40,40,size_40x40_run_004_seed_123,123
17.86173672033272,38.57493857493858,40,40,size_40x40_run_004_seed_123,123
17.862710706273,38.593797973595336,40,40,size_40x40_run_004_seed_123,123
17.86278246502332,38.61264579496624,40,40,size_40x40_run_004_seed_123,123
17.86383940535194,38.631482049708495,40,40,size_40x40_run_004_seed_123,123
17.863995238345176,38.65030674846626,40,40,size_40x40_run_004_seed_123,123
17.864830287478558,38.669119901870594,40,40,size_40x40_run_004_seed_123,123
17.86543823905717,38.68792152053955,40,40,size_40x40_run_004_seed_123,123
17.87048582168033,38.70671161507815,40,40,size_40x40_run_004_seed_123,123
17.8737181421388,38.72549019607843,40,40,size_40x40_run_004_seed_123,123
17.876070164046833,38.74425727411945,40,40,size_40x40_run_004_seed_123,123
17.87640686653505,38.7630128597673,40,40,size_40x40_run_004_seed_123,123
17.8776827502881,38.78175696357515,40,40,size_40x40_run_004_seed_123,123
17.881696634523145,38.80048959608323,40,40,size_40x40_run_004_seed_123,123
17.88190659566996,38.81921076781891,40,40,size_40x40_run_004_seed_123,123
17.884308677416985,38.837920489296636,40,40,size_40x40_run_004_seed_123,123
17.88696224458471,38.856618771018034,40,40,size_40x40_run_004_seed_123,123
17.8878269433051,38.87530562347188,40,40,size_40x40_run_004_seed_123,123
17.89293861777373,38.89398105713413,40,40,size_40x40_run_004_seed_123,123
17.90071268083241,38.912645082467925,40,40,size_40x40_run_004_seed_123,123
17.9007315406182,38.93129770992366,40,40,size_40x40_run_004_seed_123,123
17.90142157247829,38.949938949938954,40,40,size_40x40_run_004_seed_123,123
17.90168041035743,38.949938949938954,40,40,size_40x40_run_004_seed_123,123
17.901844854700183,38.96856881293866,40,40,size_40x40_run_004_seed_123,123
17.903426976879498,38.987187309334956,40,40,size_40x40_run_004_seed_123,123
17.906828190828087,38.987187309334956,40,40,size_40x40_run_004_seed_123,123
17.907180038607745,39.00579444952729,40,40,size_40x40_run_004_seed_123,123
17.90960210611029,39.02439024390244,40,40,size_40x40_run_004_seed_123,123
17.91113423722263,39.042974702834506,40,40,size_40x40_run_004_seed_123,123
17.91189510109692,39.061547836684944,40,40,size_40x40_run_004_seed_123,123
17.912089429029756,39.080109655802616,40,40,size_40x40_run_004_seed_123,123
17.913781699566158,39.09866017052375,40,40,size_40x40_run_004_seed_123,123
17.91636646026811,39.117199391171994,40,40,size_40x40_run_004_seed_123,123
17.91695524883373,39.13572732805843,40,40,size_40x40_run_004_seed_123,123
17.91883949310259,39.13572732805843,40,40,size_40x40_run_004_seed_123,123
17.919557347451498,39.15424399148159,40,40,size_40x40_run_004_seed_123,123
17.92205567293248,39.17274939172749,40,40,size_40x40_run_004_seed_123,123
17.927474603985953,39.17274939172749,40,40,size_40x40_run_004_seed_123,123
17.93119249891904,39.191243539069625,40,40,size_40x40_run_004_seed_123,123
17.93175412169793,39.209726443769,40,40,size_40x40_run_004_seed_123,123
17.93193651858096,39.22819811607414,40,40,size_40x40_run_004_seed_123,123
17.9360755776353,39.24665856622114,40,40,size_40x40_run_004_seed_123,123
17.942406154232415,39.26510780443365,40,40,size_40x40_run_004_seed_123,123
17.944163885125818,39.28354584092289,40,40,size_40x40_run_004_seed_123,123
17.944632449647035,39.30197268588771,40,40,size_40x40_run_004_seed_123,123
17.95004388502441,39.32038834951456,40,40,size_40x40_run_004_seed_123,123
17.95215243035892,39.33879284197756,40,40,size_40x40_run_004_seed_123,123
17.95245899241319,39.35718617343845,40,40,size_40x40_run_004_seed_123,123
17.95305092841008,39.37556835404668,40,40,size_40x40_run_004_seed_123,123
17.95354077217777,39.39393939393939,40,40,size_40x40_run_004_seed_123,123
17.95355605276668,39.41229930324145,40,40,size_40x40_run_004_seed_123,123
17.954526211465307,39.43064809206541,40,40,size_40x40_run_004_seed_123,123
17.95580701770375,39.448985770511655,40,40,size_40x40_run_004_seed_123,123
17.959278703184413,39.46731234866828,40,40,size_40x40_run_004_seed_123,123
17.96583207353833,39.4856278366112,40,40,size_40x40_run_004_seed_123,123
17.966431666010987,39.50393224440412,40,40,size_40x40_run_004_seed_123,123
17.966452989230802,39.52222558209858,40,40,size_40x40_run_004_seed_123,123
17.968433350956957,39.54050785973398,40,40,size_40x40_run_004_seed_123,123
17.96870074706592,39.55877908733756,40,40,size_40x40_run_004_seed_123,123
17.97323789605022,39.577039274924466,40,40,size_40x40_run_004_seed_123,123
17.973779318774806,39.59528843249773,40,40,size_40x40_run_004_seed_123,123
17.974790386562418,39.61352657004831,40,40,size_40x40_run_004_seed_123,123
17.975210981796117,39.631753697555084,40,40,size_40x40_run_004_seed_123,123
17.975454316772563,39.64996982498491,40,40,size_40x40_run_004_seed_123,123
17.975604218589947,39.64996982498491,40,40,size_40x40_run_004_seed_123,123
17.976486471529007,39.66817496229261,40,40,size_40x40_run_004_seed_123,123
17.978045252034764,39.68636911942099,40,40,size_40x40_run_004_seed_123,123
17.978640686083278,39.70455230630087,40,40,size_40x40_run_004_seed_123,123
17.98067785480562,39.72272453285112,40,40,size_40x40_run_004_seed_123,123
17.982710020600578,39.74088580897861,40,40,size_40x40_run_004_seed_123,123
17.98595744580693,39.75903614457831,40,40,size_40x40_run_004_seed_123,123
17.986962127270075,39.777175549533276,40,40,size_40x40_run_004_seed_123,123
17.98730071006879,39.777175549533276,40,40,size_40x40_run_004_seed_123,123
17.987824496095527,39.79530403371463,40,40,size_40x40_run_004_seed_123,123
17.98799676935187,39.81342160698164,40,40,size_40x40_run_004_seed_123,123
17.98832829367065,39.83152827918171,40,40,size_40x40_run_004_seed_123,123
17.988930291243722,39.849624060150376,40,40,size_40x40_run_004_seed_123,123
17.989912145536323,39.849624060150376,40,40,size_40x40_run_004_seed_123,123
17.990190575316106,39.867708959711365,40,40,size_40x40_run_004_seed_123,123
17.99084216470356,39.885782987676585,40,40,size_40x40_run_004_seed_123,123
17.99129277476098,39.90384615384615,40,40,size_40x40_run_004_seed_123,123
18.00075528460945,39.92189846800841,40,40,size_40x40_run_004_seed_123,123
18.001889827783533,39.93993993993994,40,40,size_40x40_run_004_seed_123,123
18.00201367083234,39.95797057940558,40,40,size_40x40_run_004_seed_123,123
18.002482587735898,39.95797057940558,40,40,size_40x40_run_004_seed_123,123
18.007247688451013,39.97599039615846,40,40,size_40x40_run_004_seed_123,123
18.007529560797646,39.993999399939995,40,40,size_40x40_run_004_seed_123,123
18.009050022343047,40.0119976004799,40,40,size_40x40_run_004_seed_123,123
18.009546603348802,40.02998500749625,40,40,size_40x40_run_004_seed_123,123
18.010348344185427,40.04796163069545,40,40,size_40x40_run_004_seed_123,123
18.011052461982203,40.06592747977225,40,40,size_40x40_run_004_seed_123,123
18.011327506806012,40.083882564409826,40,40,size_40x40_run_004_seed_123,123
18.01165787589209,40.101826894279725,40,40,size_40x40_run_004_seed_123,123
18.01264922253697,40.119760479041915,40,40,size_40x40_run_004_seed_123,123
18.015333333608627,40.119760479041915,40,40,size_40x40_run_004_seed_123,123
18.015784547265945,40.13768332834481,40,40,size_40x40_run_004_seed_123,123
18.016372622017666,40.155595451825256,40,40,size_40x40_run_004_seed_123,123
18.01903772597189,40.17349685910859,40,40,size_40x40_run_004_seed_123,123
18.020398944512223,40.19138755980861,40,40,size_40x40_run_004_seed_123,123
18.02107308498998,40.20926756352765,40,40,size_40x40_run_004_seed_123,123
18.022800475482683,40.227136879856545,40,40,size_40x40_run_004_seed_123,123
18.02507033727304,40.244995518374665,40,40,size_40x40_run_004_seed_123,123
18.027819634125212,40.244995518374665,40,40,size_40x40_run_004_seed_123,123
18.031333956450244,40.26284348864994,40,40,size_40x40_run_004_seed_123,123
18.031427178278207,40.280680800238876,40,40,size_40x40_run_004_seed_123,123
18.03345951857509,40.298507462686565,40,40,size_40x40_run_004_seed_123,123
18.033934321864788,40.31632348552671,40,40,size_40x40_run_004_seed_123,123
18.033972172778846,40.334128878281625,40,40,size_40x40_run_004_seed_123,123
18.03430948088056,40.334128878281625,40,40,size_40x40_run_004_seed_123,123
18.036290295033226,40.351923650462275,40,40,size_40x40_run_004_seed_123,123
18.037164239420594,40.369707811568276,40,40,size_40x40_run_004_seed_123,123
18.03792189826448,40.38748137108793,40,40,size_40x40_run_004_seed_123,123
18.037952858042306,40.405244338498214,40,40,size_40x40_run_004_seed_123,123
18.0408808215458,40.42299672326482,40,40,size_40x40_run_004_seed_123,123
18.041471258557188,40.44073853484217,40,40,size_40x40_run_004_seed_123,123
18.045444974675924,40.45846978267342,40,40,size_40x40_run_004_seed_123,123
18.047202459155706,40.476190476190474,40,40,size_40x40_run_004_seed_123,123
18.047447256661805,40.493900624814046,40,40,size_40x40_run_004_seed_123,123
18.049787359331194,40.5116002379536,40,40,size_40x40_run_004_seed_123,123
18.05061016473308,40.52928932500743,40,40,size_40x40_run_004_seed_123,123
18.05671635792163,40.54696789536266,40,40,size_40x40_run_004_seed_123,123
18.0574435453828,40.56463595839524,40,40,size_40x40_run_004_seed_123,123
18.05768533033838,40.58229352346999,40,40,size_40x40_run_004_seed_123,123
18.05987849719752,40.599940599940595,40,40,size_40x40_run_004_seed_123,123
18.062338199458658,40.61757719714964,40,40,size_40x40_run_004_seed_123,123
18.062852427867238,40.635203324428616,40,40,size_40x40_run_004_seed_123,123
18.06285399977137,40.652818991097924,40,40,size_40x40_run_004_seed_123,123
18.068029796556367,40.652818991097924,40,40,size_40x40_run_004_seed_123,123
18.06944218260669,40.670424206466926,40,40,size_40x40_run_004_seed_123,123
18.07101425768784,40.68801897983393,40,40,size_40x40_run_004_seed_123,123
18.071443920340876,40.70560332048622,40,40,size_40x40_run_004_seed_123,123
18.07609791003574,40.72317723770006,40,40,size_40x40_run_004_seed_123,123
18.07834019277024,40.74074074074074,40,40,size_40x40_run_004_seed_123,123
18.081758948861925,40.758293838862556,40,40,size_40x40_run_004_seed_123,123
18.082550431482375,40.77583654130885,40,40,size_40x40_run_004_seed_123,123
18.083011990198386,40.79336885731202,40,40,size_40x40_run_004_seed_123,123
18.0831288420853,40.81089079609352,40,40,size_40x40_run_004_seed_123,123
18.08724386094074,40.828402366863905,40,40,size_40x40_run_004_seed_123,123
18.08769142309605,40.845903578822835,40,40,size_40x40_run_004_seed_123,123
18.092507713934406,40.86339444115908,40,40,size_40x40_run_004_seed_123,123
18.093303608708528,40.880874963050545,40,40,size_40x40_run_004_seed_123,123
18.094054361330254,40.8983451536643,40,40,size_40x40_run_004_seed_123,123
18.09522687249268,40.91580502215657,40,40,size_40x40_run_004_seed_123,123
18.0973402874187,40.93325457767277,40,40,size_40x40_run_004_seed_123,123
18.098036761432333,40.95069382934751,40,40,size_40x40_run_004_seed_123,123
18.099354147900748,40.968122786304605,40,40,size_40x40_run_004_seed_123,123
18.10100383157799,40.968122786304605,40,40,size_40x40_run_004_seed_123,123
18.10132042047612,40.98554145765713,40,40,size_40x40_run_004_seed_123,123
18.101426342638288,41.00294985250738,40,40,size_40x40_run_004_seed_123,123
18.102144542313777,41.02034797994692,40,40,size_40x40_run_004_seed_123,123
18.10277965436718,41.0377358490566,40,40,size_40x40_run_004_seed_123,123
18.102890897864597,41.0377358490566,40,40,size_40x40_run_004_seed_123,123
18.106981430906966,41.055113468906576,40,40,size_40x40_run_004_seed_123,123
18.111998895166227,41.072480848556275,40,40,size_40x40_run_004_seed_123,123
18.114202245912534,41.08983799705449,40,40,size_40x40_run_004_seed_123,123
18.115687004566592,41.10718492343934,40,40,size_40x40_run_004_seed_123,123
18.116217851159835,41.1245216367383,40,40,size_40x40_run_004_seed_123,123
18.117147216989746,41.14184814596822,40,40,size_40x40_run_004_seed_123,123
18.11983603713565,41.15916446013534,40,40,size_40x40_run_004_seed_123,123
18.119842912620104,41.17647058823529,40,40,size_40x40_run_004_seed_123,123
18.124251895388653,41.19376653925316,40,40,size_40x40_run_004_seed_123,123
18.126941856672357,41.21105232216343,40,40,size_40x40_run_004_seed_123,123
18.12749630014563,41.22832794593006,40,40,size_40x40_run_004_seed_123,123
18.129784019347273,41.24559341950646,40,40,size_40x40_run_004_seed_123,123
18.133009998347934,41.262848751835534,40,40,size_40x40_run_004_seed_123,123
18.133870629531888,41.262848751835534,40,40,size_40x40_run_004_seed_123,123
18.13595396192865,41.28009395184968,40,40,size_40x40_run_004_seed_123,123
18.13726547497334,41.2973290284708,40,40,size_40x40_run_004_seed_123,123
18.138046631225514,41.31455399061033,40,40,size_40x40_run_004_seed_123,123
18.140610339923292,41.33176884716926,40,40,size_40x40_run_004_seed_123,123
18.14322982384362,41.348973607038126,40,40,size_40x40_run_004_seed_123,123
18.145085066070166,41.36616827909704,40,40,size_40x40_run_004_seed_123,123
18.148030534204324,41.38335287221571,40,40,size_40x40_run_004_seed_123,123
18.14869816063212,41.40052739525345,40,40,size_40x40_run_004_seed_123,123
18.150457439778677,41.41769185705917,40,40,size_40x40_run_004_seed_123,123
18.150509093039283,41.41769185705917,40,40,size_40x40_run_004_seed_123,123
18.158444034820622,41.434846266471446,40,40,size_40x40_run_004_seed_123,123
18.159297314781476,41.451990632318505,40,40,size_40x40_run_004_seed_123,123
18.160687179329983,41.4691249634182,40,40,size_40x40_run_004_seed_123,123
18.16334136052398,41.48624926857812,40,40,size_40x40_run_004_seed_123,123
18.163807737855176,41.503363556595495,40,40,size_40x40_run_004_seed_123,123
18.16936593686371,41.52046783625731,40,40,size_40x40_run_004_seed_123,123
18.17291444015673,41.53756211634025,40,40,size_40x40_run_004_seed_123,123
18.17438580505718,41.554646405610754,40,40,size_40x40_run_004_seed_123,123
18.174434498630717,41.571720712825005,40,40,size_40x40_run_004_seed_123,123
18.17449201056402,41.58878504672897,40,40,size_40x40_run_004_seed_123,123
18.17747323964669,41.605839416058394,40,40,size_40x40_run_004_seed_123,123
18.178673207135958,41.62288382953882,40,40,size_40x40_run_004_seed_123,123
18.179382579959892,41.639918295885614,40,40,size_40x40_run_004_seed_123,123
18.181923096117927,41.656942823803966,40,40,size_40x40_run_004_seed_123,123
18.184922150840457,41.673957421988916,40,40,size_40x40_run_004_seed_123,123
18.185824500762248,41.690962099125365,40,40,size_40x40_run_004_seed_123,123
18.18708701745415,41.70795686388808,40,40,size_40x40_run_004_seed_123,123
18.1904849015077,41.72494172494173,40,40,size_40x40_run_004_seed_123,123
18.19082942824446,41.74191669094087,40,40,size_40x40_run_004_seed_123,123
18.19224347877415,41.758881770529996,40,40,size_40x40_run_004_seed_123,123
18.1940625109476,41.77583697234352,40,40,size_40x40_run_004_seed_123,123
18.197099283093504,41.77583697234352,40,40,size_40x40_run_004_seed_123,123
18.1979910323281,41.79278230500582,40,40,size_40x40_run_004_seed_123,123
18.199504838491446,41.80971777713122,40,40,size_40x40_run_004_seed_123,123
18.201402884581714,41.82664339732403,40,40,size_40x40_run_004_seed_123,123
18.204364057479527,41.84355917417854,40,40,size_40x40_run_004_seed_123,123
18.204529267081405,41.86046511627907,40,40,size_40x40_run_004_seed_123,123
18.210420507342423,41.86046511627907,40,40,size_40x40_run_004_seed_123,123
18.213105923655498,41.877361232199945,40,40,size_40x40_run_004_seed_123,123
18.229603558747566,41.89424753050552,40,40,size_40x40_run_004_seed_123,123
18.23078313114458,41.91112401975022,40,40,size_40x40_run_004_seed_123,123
18.236056521520993,41.92799070847851,40,40,size_40x40_run_004_seed_123,123
18.23786370115166,41.944847605224965,40,40,size_40x40_run_004_seed_123,123
18.23970632752945,41.96169471851422,40,40,size_40x40_run_004_seed_123,123
18.240435083822927,41.97853205686104,40,40,size_40x40_run_004_seed_123,123
18.242117285542147,41.9953596287703,40,40,size_40x40_run_004_seed_123,123
18.243689047832223,42.01217744273703,40,40,size_40x40_run_004_seed_123,123
18.243772729939224,42.028985507246375,40,40,size_40x40_run_004_seed_123,123
18.245771862753934,42.045783830773686,40,40,size_40x40_run_004_seed_123,123
18.24982510885877,42.06257242178447,40,40,size_40x40_run_004_seed_123,123
18.251459660212284,42.079351288734436,40,40,size_40x40_run_004_seed_123,123
18.251698507405823,42.096120440069484,40,40,size_40x40_run_004_seed_123,123
18.252025273829602,42.11287988422576,40,40,size_40x40_run_004_seed_123,123
18.253202720797812,42.129629629629626,40,40,size_40x40_run_004_seed_123,123
18.254942469972637,42.14636968469772,40,40,size_40x40_run_004_seed_123,123
18.255252394184055,42.1631000578369,40,40,size_40x40_run_004_seed_123,123
18.261992217395374,42.17982075744435,40,40,size_40x40_run_004_seed_123,123
18.262586464892557,42.19653179190752,40,40,size_40x40_run_004_seed_123,123
18.26739747639703,42.21323316960416,40,40,size_40x40_run_004_seed_123,123
18.26890298491706,42.22992489890237,40,40,size_40x40_run_004_seed_123,123
18.269256836485802,42.24660698816056,40,40,size_40x40_run_004_seed_123,123
18.26977482456802,42.263279445727484,40,40,size_40x40_run_004_seed_123,123
18.273883984582724,42.279942279942276,40,40,size_40x40_run_004_seed_123,123
18.274126080681242,42.29659549913445,40,40,size_40x40_run_004_seed_123,123
18.276050783407168,42.313239111623886,40,40,size_40x40_run_004_seed_123,123
18.2768099351121,42.32987312572088,40,40,size_40x40_run_004_seed_123,123
18.277028874756986,42.346497549726145,40,40,size_40x40_run_004_seed_123,123
18.279790533715474,42.363112391930834,40,40,size_40x40_run_004_seed_123,123
18.28005326115749,42.37971766061654,40,40,size_40x40_run_004_seed_123,123
18.28806168657309,42.3963133640553,40,40,size_40x40_run_004_seed_123,123
18.290700811848986,42.41289951050965,40,40,size_40x40_run_004_seed_123,123
18.292570538789636,42.429476108232585,40,40,size_40x40_run_004_seed_123,123
18.295701044476914,42.44604316546763,40,40,size_40x40_run_004_seed_123,123
18.29643084979491,42.462600690448795,40,40,size_40x40_run_004_seed_123,123
18.29866957155642,42.47914869140063,40,40,size_40x40_run_004_seed_123,123
18.2996616645986,42.49568717653824,40,40,size_40x40_run_004_seed_123,123
18.30031021656718,42.51221615406726,40,40,size_40x40_run_004_seed_123,123
18.30070845782328,42.5287356321839,40,40,size_40x40_run_004_seed_123,123
18.30090107638722,42.545245619074976,40,40,size_40x40_run_004_seed_123,123
18.30231695021754,42.56174612291787,40,40,size_40x40_run_004_seed_123,123
18.305152870333206,42.57823715188056,40,40,size_40x40_run_004_seed_123,123
18.308502059558844,42.5947187141217,40,40,size_40x40_run_004_seed_123,123
18.310202567658294,42.61119081779053,40,40,size_40x40_run_004_seed_123,123
18.313710474932407,42.62765347102697,40,40,size_40x40_run_004_seed_123,123
18.314810220599185,42.64410668196157,40,40,size_40x40_run_004_seed_123,123
18.315565017473755,42.6605504587156,40,40,size_40x40_run_004_seed_123,123
18.318310123368676,42.67698480940098,40,40,size_40x40_run_004_seed_123,123
18.31884557018094,42.693409742120345,40,40,size_40x40_run_004_seed_123,123
18.32022750090396,42.70982526496706,40,40,size_40x40_run_004_seed_123,123
18.320251103831502,42.7262313860252,40,40,size_40x40_run_004_seed_123,123
18.322210177182257,42.7426281133696,40,40,size_40x40_run_004_seed_123,123
18.322639896153582,42.75901545506583,40,40,size_40x40_run_004_seed_123,123
18.322923365565693,42.77539341917024,40,40,size_40x40_run_004_seed_123,123
18.32487894847879,42.79176201372998,40,40,size_40x40_run_004_seed_123,123
18.325037691766866,42.80812124678295,40,40,size_40x40_run_004_seed_123,123
18.327690795831863,42.82447112635792,40,40,size_40x40_run_004_seed_123,123
18.328171779419737,42.84081166047442,40,40,size_40x40_run_004_seed_123,123
18.328795332535655,42.84081166047442,40,40,size_40x40_run_004_seed_123,123
18.329510842262625,42.857142857142854,40,40,size_40x40_run_004_seed_123,123
18.330474926664692,42.87346472436447,40,40,size_40x40_run_004_seed_123,123
18.33593279103036,42.889777270131354,40,40,size_40x40_run_004_seed_123,123
18.33886093735128,42.90608050242649,40,40,size_40x40_run_004_seed_123,123
18.33964394917705,42.922374429223744,40,40,size_40x40_run_004_seed_123,123
18.341765648841193,42.93865905848788,40,40,size_40x40_run_004_seed_123,123
18.342967701679264,42.95493439817456,40,40,size_40x40_run_004_seed_123,123
18.345187885742934,42.9712004562304,40,40,size_40x40_run_004_seed_123,123
18.345811188555487,42.98745724059293,40,40,size_40x40_run_004_seed_123,123
18.347872344251186,43.003704759190654,40,40,size_40x40_run_004_seed_123,123
18.350040704690752,43.01994301994302,40,40,size_40x40_run_004_seed_123,123
18.350585511239064,43.03617203076047,40,40,size_40x40_run_004_seed_123,123
18.35082060352821,43.052391799544424,40,40,size_40x40_run_004_seed_123,123
18.353129059212108,43.068602334187304,40,40,size_40x40_run_004_seed_123,123
18.353988128052233,43.08480364257257,40,40,size_40x40_run_004_seed_123,123
18.356574241588294,43.10099573257468,40,40,size_40x40_run_004_seed_123,123
18.357018877982387,43.117178612059156,40,40,size_40x40_run_004_seed_123,123
18.35762066177346,43.13335228888257,40,40,size_40x40_run_004_seed_123,123
18.359420533745087,43.14951677089255,40,40,size_40x40_run_004_seed_123,123
18.3642706742645,43.165672065927815,40,40,size_40x40_run_004_seed_123,123
18.364337455735285,43.18181818181818,40,40,size_40x40_run_004_seed_123,123
18.36987043860055,43.19795512638455,40,40,size_40x40_run_004_seed_123,123
18.371515190132676,43.21408290743896,40,40,size_40x40_run_004_seed_123,123
18.37280947129438,43.230201532784555,40,40,size_40x40_run_004_seed_123,123
18.37335596167616,43.24631101021566,40,40,size_40x40_run_004_seed_123,123
18.375577816147175,43.262411347517734,40,40,size_40x40_run_004_seed_123,123
18.376041390104874,43.27850255246739,40,40,size_40x40_run_004_seed_123,123
18.37698277525773,43.29458463283243,40,40,size_40x40_run_004_seed_123,123
18.37905806557853,43.31065759637188,40,40,size_40x40_run_004_seed_123,123
18.38377467512221,43.32672145083593,40,40,size_40x40_run_004_seed_123,123
18.38543876442507,43.342776203966004,40,40,size_40x40_run_004_seed_123,123
18.385484239083436,43.35882186349476,40,40,size_40x40_run_004_seed_123,123
18.387270194378676,43.37485843714609,40,40,size_40x40_run_004_seed_123,123
18.390910385645526,43.39088593263515,40,40,size_40x40_run_004_seed_123,123
18.394094933408287,43.40690435766837,40,40,size_40x40_run_004_seed_123,123
18.397288770150386,43.42291371994342,40,40,size_40x40_run_004_seed_123,123
18.398964326144515,43.43891402714932,40,40,size_40x40_run_004_seed_123,123
18.399504859663747,43.45490528696636,40,40,size_40x40_run_004_seed_123,123
18.40101304281809,43.470887507066145,40,40,size_40x40_run_004_seed_123,123
18.401424534457206,43.48686069511161,40,40,size_40x40_run_004_seed_123,123
18.401781338085552,43.50282485875706,40,40,size_40x40_run_004_seed_123,123
18.40323718062795,43.518780005648125,40,40,size_40x40_run_004_seed_123,123
18.40367789932518,43.5347261434218,40,40,size_40x40_run_004_seed_123,123
18.404702594689446,43.55066327970646,40,40,size_40x40_run_004_seed_123,123
18.40565912273715,43.566591422121896,40,40,size_40x40_run_004_seed_123,123
18.40657163592361,43.58251057827927,40,40,size_40x40_run_004_seed_123,123
18.407493314929187,43.59842075578116,40,40,size_40x40_run_004_seed_123,123
18.408539730892663,43.614321962221595,40,40,size_40x40_run_004_seed_123,123
18.410025818393795,43.63021420518602,40,40,size_40x40_run_004_seed_123,123
18.41108615455009,43.64609749225134,40,40,size_40x40_run_004_seed_123,123
18.41187730930599,43.66197183098591,40,40,size_40x40_run_004_seed_123,123
18.412764533880566,43.67783722894959,40,40,size_40x40_run_004_seed_123,123
18.416561525967914,43.69369369369369,40,40,size_40x40_run_004_seed_123,123
18.416926069583944,43.70954123276105,40,40,size_40x40_run_004_seed_123,123
18.42010098035336,43.725379853685986,40,40,size_40x40_run_004_seed_123,123
18.423310701699982,43.741209563994374,40,40,size_40x40_run_004_seed_123,123
18.42532668169654,43.7570303712036,40,40,size_40x40_run_004_seed_123,123
18.42543004345151,43.7728422828226,40,40,size_40x40_run_004_seed_123,123
18.426702107280192,43.78864530635188,40,40,size_40x40_run_004_seed_123,123
18.428133466483462,43.80443944928351,40,40,size_40x40_run_004_seed_123,123
18.42818026598403,43.82022471910113,40,40,size_40x40_run_004_seed_123,123
18.429031769490642,43.83600112327998,40,40,size_40x40_run_004_seed_123,123
18.42977092227678,43.85176866928692,40,40,size_40x40_run_004_seed_123,123
18.429988969587125,43.86752736458041,40,40,size_40x40_run_004_seed_123,123
18.432222474749324,43.88327721661055,40,40,size_40x40_run_004_seed_123,123
18.433408882922706,43.899018232819074,40,40,size_40x40_run_004_seed_123,123
18.43417178732759,43.91475042063937,40,40,size_40x40_run_004_seed_123,123
18.434602658942698,43.930473787496496,40,40,size_40x40_run_004_seed_123,123
18.434774175905204,43.946188340807176,40,40,size_40x40_run_004_seed_123,123
18.435653244422085,43.96189408797982,40,40,size_40x40_run_004_seed_123,123
18.436210702924182,43.977591036414566,40,40,size_40x40_run_004_seed_123,123
18.436273024810887,43.99327919350322,40,40,size_40x40_run_004_seed_123,123
18.43697465829853,44.00895856662934,40,40,size_40x40_run_004_seed_123,123
18.440743488277437,44.02462916316821,40,40,size_40x40_run_004_seed_123,123
18.444297633352242,44.040290990486845,40,40,size_40x40_run_004_seed_123,123
18.445167060051908,44.040290990486845,40,40,size_40x40_run_004_seed_123,123
18.447692836661513,44.05594405594406,40,40,size_40x40_run_004_seed_123,123
18.448480014650443,44.07158836689038,40,40,size_40x40_run_004_seed_123,123
18.45066836167335,44.08722393066816,40,40,size_40x40_run_004_seed_123,123
18.45160418777734,44.10285075461152,40,40,size_40x40_run_004_seed_123,123
18.456072512293087,44.11846884604638,40,40,size_40x40_run_004_seed_123,123
18.459354579285755,44.134078212290504,40,40,size_40x40_run_004_seed_123,123
18.462636565526708,44.149678860653445,40,40,size_40x40_run_004_seed_123,123
18.464252520758595,44.16527079843663,40,40,size_40x40_run_004_seed_123,123
18.466559046872963,44.1808540329333,40,40,size_40x40_run_004_seed_123,123
18.46711610891319,44.1808540329333,40,40,size_40x40_run_004_seed_123,123
18.467175705576818,44.19642857142857,40,40,size_40x40_run_004_seed_123,123
18.46765146241203,44.21199442119944,40,40,size_40x40_run_004_seed_123,123
18.468604628003252,44.22755158951478,40,40,size_40x40_run_004_seed_123,123
18.470300301425915,44.24310008363535,40,40,size_40x40_run_004_seed_123,123
18.474246771312494,44.25863991081383,40,40,size_40x40_run_004_seed_123,123
18.47645831098373,44.274171078294785,40,40,size_40x40_run_004_seed_123,123
18.47838882584434,44.274171078294785,40,40,size_40x40_run_004_seed_123,123
18.479272874572036,44.28969359331476,40,40,size_40x40_run_004_seed_123,123
18.48178112468196,44.3052074631022,40,40,size_40x40_run_004_seed_123,123
18.482792762871775,44.32071269487751,40,40,size_40x40_run_004_seed_123,123
18.483680391561727,44.336209295853045,40,40,size_40x40_run_004_seed_123,123
18.484982934400367,44.351697273233164,40,40,size_40x40_run_004_seed_123,123
18.486271508524936,44.36717663421418,40,40,size_40x40_run_004_seed_123,123
18.488272944592165,44.38264738598443,40,40,size_40x40_run_004_seed_123,123
18.48936101482201,44.39810953572422,40,40,size_40x40_run_004_seed_123,123
18.492967368764457,44.41356309060589,40,40,size_40x40_run_004_seed_123,123
18.497394531795983,44.41356309060589,40,40,size_40x40_run_004_seed_123,123
18.5041057994443,44.42900805779384,40,40,size_40x40_run_004_seed_123,123
18.504419755152693,44.44444444444444,40,40,size_40x40_run_004_seed_123,123
18.5054867796988,44.45987225770619,40,40,size_40x40_run_004_seed_123,123
18.506596714996903,44.4752915047196,40,40,size_40x40_run_004_seed_123,123
18.508795550736757,44.49070219261726,40,40,size_40x40_run_004_seed_123,123
18.51016856941072,44.50610432852386,40,40,size_40x40_run_004_seed_123,123
18.51157484926204,44.521497919556175,40,40,size_40x40_run_004_seed_123,123
18.51181709360112,44.53688297282307,40,40,size_40x40_run_004_seed_123,123
18.516550542692578,44.55225949542556,40,40,size_40x40_run_004_seed_123,123
18.51696924347669,44.567627494456765,40,40,size_40x40_run_004_seed_123,123
18.517812748474185,44.58298697700194,40,40,size_40x40_run_004_seed_123,123
18.518401480980938,44.59833795013851,40,40,size_40x40_run_004_seed_123,123
18.520516215247344,44.61368042093603,40,40,size_40x40_run_004_seed_123,123
18.521510187606925,44.629014396456256,40,40,size_40x40_run_004_seed_123,123
18.522599031270662,44.64433988375311,40,40,size_40x40_run_004_seed_123,123
18.52402026454694,44.659656889872714,40,40,size_40x40_run_004_seed_123,123
18.52450403148573,44.67496542185339,40,40,size_40x40_run_004_seed_123,123
18.526242701054446,44.690265486725664,40,40,size_40x40_run_004_seed_123,123
18.528929440342207,44.705557091512304,40,40,size_40x40_run_004_seed_123,123
18.529338367962467,44.7208402432283,40,40,size_40x40_run_004_seed_123,123
18.52997962932463,44.7361149488809,40,40,size_40x40_run_004_seed_123,123
18.533227189633468,44.751381215469614,40,40,size_40x40_run_004_seed_123,123
18.533328226652927,44.76663904998619,40,40,size_40x40_run_004_seed_123,123
18.53430735069256,44.78188845941469,40,40,size_40x40_run_004_seed_123,123
18.537140830845146,44.79712945073144,40,40,size_40x40_run_004_seed_123,123
18.537322908411863,44.81236203090508,40,40,size_40x40_run_004_seed_123,123
18.537406780229883,44.827586206896555,40,40,size_40x40_run_004_seed_123,123
18.538355681816228,44.84280198565913,40,40,size_40x40_run_004_seed_123,123
18.544497601990454,44.858009374138405,40,40,size_40x40_run_004_seed_123,123
18.545213463071725,44.87320837927233,40,40,size_40x40_run_004_seed_123,123
18.54796557656768,44.88839900799118,40,40,size_40x40_run_004_seed_123,123
18.55003779924241,44.90358126721763,40,40,size_40x40_run_004_seed_123,123
18.550246143101308,44.918755163866706,40,40,size_40x40_run_004_seed_123,123
18.55099751656979,44.93392070484582,40,40,size_40x40_run_004_seed_123,123
18.553883969156008,44.94907789705477,40,40,size_40x40_run_004_seed_123,123
18.55410654301126,44.9642267473858,40,40,size_40x40_run_004_seed_123,123
18.554801586806725,44.97936726272352,40,40,size_40x40_run_004_seed_123,123
18.56462365067661,44.994499449944996,40,40,size_40x40_run_004_seed_123,123
18.56549185357483,45.00962331591972,40,40,size_40x40_run_004_seed_123,123
18.565640695057052,45.024738867509626,40,40,size_40x40_run_004_seed_123,123
18.568785973594366,45.024738867509626,40,40,size_40x40_run_004_seed_123,123
18.571547512778263,45.03984611156911,40,40,size_40x40_run_004_seed_123,123
18.573410343278326,45.05494505494506,40,40,size_40x40_run_004_seed_123,123
18.57445276048828,45.070035704476794,40,40,size_40x40_run_004_seed_123,123
18.574461463100132,45.08511806699615,40,40,size_40x40_run_004_seed_123,123
18.57669594010071,45.100192149327476,40,40,size_40x40_run_004_seed_123,123
18.58025814252207,45.1152579582876,40,40,size_40x40_run_004_seed_123,123
18.580405803402144,45.13031550068587,40,40,size_40x40_run_004_seed_123,123
18.58122043560532,45.14536478332419,40,40,size_40x40_run_004_seed_123,123
18.58206308110797,45.160405812996984,40,40,size_40x40_run_004_seed_123,123
18.582281821084884,45.17543859649123,40,40,size_40x40_run_004_seed_123,123
18.583418557030136,45.19046314058646,40,40,size_40x40_run_004_seed_123,123
18.583652357198456,45.20547945205479,40,40,size_40x40_run_004_seed_123,123
18.585275283129256,45.220487537660915,40,40,size_40x40_run_004_seed_123,123
18.587448276127507,45.2354874041621,40,40,size_40x40_run_004_seed_123,123
18.590009240320633,45.250479058308244,40,40,size_40x40_run_004_seed_123,123
18.591104470778905,45.26546250684182,40,40,size_40x40_run_004_seed_123,123
18.59235134894387,45.280437756497946,40,40,size_40x40_run_004_seed_123,123
18.592351913808816,45.29540481400438,40,40,size_40x40_run_004_seed_123,123
18.594810074081778,45.31036368608149,40,40,size_40x40_run_004_seed_123,123
18.595018043670166,45.32531437944232,40,40,size_40x40_run_004_seed_123,123
18.596625607544336,45.32531437944232,40,40,size_40x40_run_004_seed_123,123
18.597290511355865,45.34025690079256,40,40,size_40x40_run_004_seed_123,123
18.59747479312518,45.3551912568306,40,40,size_40x40_run_004_seed_123,123
18.60128305395782,45.37011745424747,40,40,size_40x40_run_004_seed_123,123
18.602365334372116,45.385035499726925,40,40,size_40x40_run_004_seed_123,123
18.602413134226016,45.3999453999454,40,40,size_40x40_run_004_seed_123,123
18.602599283234017,45.414847161572055,40,40,size_40x40_run_004_seed_123,123
18.603612608184765,45.429740791268756,40,40,size_40x40_run_004_seed_123,123
18.611093710261922,45.44462629569013,40,40,size_40x40_run_004_seed_123,123
18.612778812628562,45.44462629569013,40,40,size_40x40_run_004_seed_123,123
18.615879284819872,45.459503681483504,40,40,size_40x40_run_004_seed_123,123
18.61626288252881,45.47437295528899,40,40,size_40x40_run_004_seed_123,123
18.617425209990614,45.489234123739436,40,40,size_40x40_run_004_seed_123,123
18.618159613791466,45.50408719346049,40,40,size_40x40_run_004_seed_123,123
18.618174204384633,45.51893217107055,40,40,size_40x40_run_004_seed_123,123
18.618569865059875,45.53376906318083,40,40,size_40x40_run_004_seed_123,123
18.620466286375578,45.54859787639532,40,40,size_40x40_run_004_seed_123,123
18.62315404223764,45.56341861731083,40,40,size_40x40_run_004_seed_123,123
18.625498955686908,45.57823129251701,40,40,size_40x40_run_004_seed_123,123
18.62754581152132,45.5930359085963,40,40,size_40x40_run_004_seed_123,123
18.62887807657593,45.5930359085963,40,40,size_40x40_run_004_seed_123,123
18.63001603354895,45.60783247212402,40,40,size_40x40_run_004_seed_123,123
18.630159226335422,45.6226209896683,40,40,size_40x40_run_004_seed_123,123
18.63077154750383,45.63740146779016,40,40,size_40x40_run_004_seed_123,123
18.631970871505462,45.65217391304348,40,40,size_40x40_run_004_seed_123,123
18.633807082870426,45.666938331975004,40,40,size_40x40_run_004_seed_123,123
18.634244134212526,45.68169473112439,40,40,size_40x40_run_004_seed_123,123
18.63457537968076,45.68169473112439,40,40,size_40x40_run_004_seed_123,123
18.635747788524295,45.69644311702417,40,40,size_40x40_run_004_seed_123,123
18.639419214413152,45.71118349619978,40,40,size_40x40_run_004_seed_123,123
18.640274446122213,45.725915875169605,40,40,size_40x40_run_004_seed_123,123
18.64078617997924,45.74064026044493,40,40,size_40x40_run_004_seed_123,123
18.642048514440916,45.75535665852997,40,40,size_40x40_run_004_seed_123,123
18.643065095603504,45.770065075921906,40,40,size_40x40_run_004_seed_123,123
18.645405034897905,45.770065075921906,40,40,size_40x40_run_004_seed_123,123
18.64708591592961,45.770065075921906,40,40,size_40x40_run_004_seed_123,123
18.647624209154223,45.78476551911087,40,40,size_40x40_run_004_seed_123,123
18.648742971478665,45.799457994579946,40,40,size_40x40_run_004_seed_123,123
18.65096793785757,45.8141425088052,40,40,size_40x40_run_004_seed_123,123
18.651085626006424,45.8141425088052,40,40,size_40x40_run_004_seed_123,123
18.65201558027075,45.82881906825569,40,40,size_40x40_run_004_seed_123,123
18.652558533006086,45.84348767939345,40,40,size_40x40_run_004_seed_123,123
18.653307843230756,45.858148348673524,40,40,size_40x40_run_004_seed_123,123
18.653650861961438,45.87280108254398,40,40,size_40x40_run_004_seed_123,123
18.657025137528006,45.887445887445885,40,40,size_40x40_run_004_seed_123,123
18.660446009924108,45.90208276981336,40,40,size_40x40_run_004_seed_123,123
18.660712338251507,45.91671173607355,40,40,size_40x40_run_004_seed_123,123
18.663128970159214,45.931332792646664,40,40,size_40x40_run_004_seed_123,123
18.664522469321266,45.94594594594595,40,40,size_40x40_run_004_seed_123,123
18.66521045628166,45.96055120237774,40,40,size_40x40_run_004_seed_123,123
18.666279780351587,45.97514856834144,40,40,size_40x40_run_004_seed_123,123
18.668167444043412,45.98973805022955,40,40,size_40x40_run_004_seed_123,123
18.669836101746018,46.00431965442765,40,40,size_40x40_run_004_seed_123,123
18.67057437890022,46.01889338731444,40,40,size_40x40_run_004_seed_123,123
18.677730512843546,46.03345925526174,40,40,size_40x40_run_004_seed_123,123
18.680028879224032,46.04801726463448,40,40,size_40x40_run_004_seed_123,123
18.68318738258642,46.062567421790725,40,40,size_40x40_run_004_seed_123,123
18.683808618970744,46.07710973308169,40,40,size_40x40_run_004_seed_123,123
18.683873957863945,46.091644204851754,40,40,size_40x40_run_004_seed_123,123
18.686200505913778,46.10617084343843,40,40,size_40x40_run_004_seed_123,123
18.687211639547556,46.12068965517241,40,40,size_40x40_run_004_seed_123,123
18.687282996437553,46.1352006463776,40,40,size_40x40_run_004_seed_123,123
18.68779357744791,46.14970382337103,40,40,size_40x40_run_004_seed_123,123
18.689537714714938,46.16419919246299,40,40,size_40x40_run_004_seed_123,123
18.690264099600842,46.178686759956946,40,40,size_40x40_run_004_seed_123,123
18.69036807659384,46.19316653214958,40,40,size_40x40_run_004_seed_123,123
18.690402956912727,46.20763851533082,40,40,size_40x40_run_004_seed_123,123
18.690897833705044,46.22210271578381,40,40,size_40x40_run_004_seed_123,123
18.69116849839438,46.22210271578381,40,40,size_40x40_run_004_seed_123,123
18.69330099673241,46.236559139784944,40,40,size_40x40_run_004_seed_123,123
18.693495935328983,46.25100779360387,40,40,size_40x40_run_004_seed_123,123
18.695179935118695,46.26544868350349,40,40,size_40x40_run_004_seed_123,123
18.69546341630946,46.27988181573999,40,40,size_40x40_run_004_seed_123,123
18.69586846240816,46.29430719656283,40,40,size_40x40_run_004_seed_123,123
18.69639119299406,46.308724832214764,40,40,size_40x40_run_004_seed_123,123
18.698106617041784,46.323134728931834,40,40,size_40x40_run_004_seed_123,123
18.70285917115847,46.33753689294339,40,40,size_40x40_run_004_seed_123,123
18.704097136105425,46.3519313304721,40,40,size_40x40_run_004_seed_123,123
18.70794353689696,46.36631804773398,40,40,size_40x40_run_004_seed_123,123
18.709244617748748,46.38069705093834,40,40,size_40x40_run_004_seed_123,123
18.709288630210075,46.39506834628786,40,40,size_40x40_run_004_seed_123,123
18.709480512736654,46.40943193997856,40,40,size_40x40_run_004_seed_123,123
18.712105139123018,46.423787838199836,40,40,size_40x40_run_004_seed_123,123
18.71218511369275,46.423787838199836,40,40,size_40x40_run_004_seed_123,123
18.712481172181654,46.43813604713444,40,40,size_40x40_run_004_seed_123,123
18.71304830470356,46.4524765729585,40,40,size_40x40_run_004_seed_123,123
18.714363447392735,46.466809421841546,40,40,size_40x40_run_004_seed_123,123
18.715003497355156,46.481134599946486,40,40,size_40x40_run_004_seed_123,123
18.715604829180247,46.49545211342964,40,40,size_40x40_run_004_seed_123,123
18.715841923643648,46.50976196844076,40,40,size_40x40_run_004_seed_123,123
18.716550396308076,46.524064171122994,40,40,size_40x40_run_004_seed_123,123
18.71709627593677,46.53835872761294,40,40,size_40x40_run_004_seed_123,123
18.718213523662065,46.552645644040616,40,40,size_40x40_run_004_seed_123,123
18.718796060652167,46.56692492652952,40,40,size_40x40_run_004_seed_123,123
18.718937207527773,46.58119658119658,40,40,size_40x40_run_004_seed_123,123
18.720045594430232,46.5954606141522,40,40,size_40x40_run_004_seed_123,123
18.7215861897206,46.60971703150027,40,40,size_40x40_run_004_seed_123,123
18.724494777264535,46.62396583933814,40,40,size_40x40_run_004_seed_123,123
18.725166979623225,46.638207043756665,40,40,size_40x40_run_004_seed_123,123
18.725655435784354,46.65244065084023,40,40,size_40x40_run_004_seed_123,123
18.726090936890873,46.666666666666664,40,40,size_40x40_run_004_seed_123,123
18.72624450223455,46.68088509730738,40,40,size_40x40_run_004_seed_123,123
18.727822982363683,46.695095948827294,40,40,size_40x40_run_004_seed_123,123
18.732529142758988,46.70929922728484,40,40,size_40x40_run_004_seed_123,123
18.732975184267847,46.72349493873202,40,40,size_40x40_run_004_seed_123,123
18.733255627621002,46.737683089214386,40,40,size_40x40_run_004_seed_123,123
18.735108790384153,46.75186368477103,40,40,size_40x40_run_004_seed_123,123
18.735753349405083,46.76603673143466,40,40,size_40x40_run_004_seed_123,123
18.736068240978714,46.780202235231506,40,40,size_40x40_run_004_seed_123,123
18.736166676896964,46.79436020218143,40,40,size_40x40_run_004_seed_123,123
18.73672715889109,46.808510638297875,40,40,size_40x40_run_004_seed_123,123
18.73808754602628,46.822653549587876,40,40,size_40x40_run_004_seed_123,123
18.739467618117022,46.836788942052095,40,40,size_40x40_run_004_seed_123,123
18.740710905677282,46.85091682168483,40,40,size_40x40_run_004_seed_123,123
18.741038676457123,46.86503719447396,40,40,size_40x40_run_004_seed_123,123
18.746445193528366,46.87915006640107,40,40,size_40x40_run_004_seed_123,123
18.746728121733113,46.89325544344132,40,40,size_40x40_run_004_seed_123,123
18.7479230989047,46.90735333156358,40,40,size_40x40_run_004_seed_123,123
18.749065087363036,46.92144373673036,40,40,size_40x40_run_004_seed_123,123
18.75131844261878,46.93552666489785,40,40,size_40x40_run_004_seed_123,123
18.752147459910024,46.94960212201592,40,40,size_40x40_run_004_seed_123,123
18.752723454205256,46.96367011402811,40,40,size_40x40_run_004_seed_123,123
18.75564554998573,46.977730646871684,40,40,size_40x40_run_004_seed_123,123
18.756172292030875,46.99178372647761,40,40,size_40x40_run_004_seed_123,123
18.756594004705434,47.005829358770534,40,40,size_40x40_run_004_seed_123,123
18.758164634074813,47.019867549668874,40,40,size_40x40_run_004_seed_123,123
18.75820671953777,47.03389830508475,40,40,size_40x40_run_004_seed_123,123
18.758638387994825,47.04792163092401,40,40,size_40x40_run_004_seed_123,123
18.760829996769957,47.06193753308629,40,40,size_40x40_run_004_seed_123,123
18.765550981710387,47.075946017464936,40,40,size_40x40_run_004_seed_123,123
18.770110588052088,47.08994708994709,40,40,size_40x40_run_004_seed_123,123
18.772655055325135,47.10394075641365,40,40,size_40x40_run_004_seed_123,123
18.77280983600147,47.117927022739295,40,40,size_40x40_run_004_seed_123,123
18.776143624508926,47.13190589479249,40,40,size_40x40_run_004_seed_123,123
18.777453894057018,47.14587737843552,40,40,size_40x40_run_004_seed_123,123
18.779399997979205,47.15984147952444,40,40,size_40x40_run_004_seed_123,123
18.7799290048648,47.173798203909136,40,40,size_40x40_run_004_seed_123,123
18.784048875976072,47.187747557433326,40,40,size_40x40_run_004_seed_123,123
18.786995663764518,47.20168954593453,40,40,size_40x40_run_004_seed_123,123
18.78759709642957,47.21562417524412,40,40,size_40x40_run_004_seed_123,123
18.78789832609244,47.229551451187334,40,40,size_40x40_run_004_seed_123,123
18.793133508555208,47.24347137958323,40,40,size_40x40_run_004_seed_123,123
18.79380633146805,47.257383966244724,40,40,size_40x40_run_004_seed_123,123
18.794141117149398,47.271289216978644,40,40,size_40x40_run_004_seed_123,123
18.79417911528261,47.28518713758566,40,40,size_40x40_run_004_seed_123,123
18.79502241003088,47.299077733860344,40,40,size_40x40_run_004_seed_123,123
18.798320309347893,47.31296101159115,40,40,size_40x40_run_004_seed_123,123
18.798440232612162,47.32683697656044,40,40,size_40x40_run_004_seed_123,123
18.79852488904595,47.3407056345445,40,40,size_40x40_run_004_seed_123,123
18.7999193385647,47.354566991313504,40,40,size_40x40_run_004_seed_123,123
18.79994478974835,47.368421052631575,40,40,size_40x40_run_004_seed_123,123
18.80012227430216,47.38226782425677,40,40,size_40x40_run_004_seed_123,123
18.80134546197748,47.39610731194108,40,40,size_40x40_run_004_seed_123,123
18.801386910215584,47.40993952143045,40,40,size_40x40_run_004_seed_123,123
18.801555489292884,47.423764458464774,40,40,size_40x40_run_004_seed_123,123
18.801958927275695,47.43758212877792,40,40,size_40x40_run_004_seed_123,123
18.804986851341848,47.45139253809774,40,40,size_40x40_run_004_seed_123,123
18.805248316991925,47.46519569214605,40,40,size_40x40_run_004_seed_123,123
18.807471698624212,47.47899159663865,40,40,size_40x40_run_004_seed_123,123
18.807600859146458,47.492780257285375,40,40,size_40x40_run_004_seed_123,123
18.809118617530217,47.506561679790025,40,40,size_40x40_run_004_seed_123,123
18.809785405138836,47.520335869850435,40,40,size_40x40_run_004_seed_123,123
18.811366705814745,47.53410283315845,40,40,size_40x40_run_004_seed_123,123
18.811460116573933,47.54786257539995,40,40,size_40x40_run_004_seed_123,123
18.81239596773617,47.56161510225485,40,40,size_40x40_run_004_seed_123,123
18.812407262249927,47.575360419397114,40,40,size_40x40_run_004_seed_123,123
18.814753892936253,47.58909853249476,40,40,size_40x40_run_004_seed_123,123
18.817331203035664,47.60282944720985,40,40,size_40x40_run_004_seed_123,123
18.818015809337155,47.61655316919853,40,40,size_40x40_run_004_seed_123,123
18.81887175483998,47.63026970411102,40,40,size_40x40_run_004_seed_123,123
18.819012001958995,47.64397905759162,40,40,size_40x40_run_004_seed_123,123
18.81917787305544,47.65768123527872,40,40,size_40x40_run_004_seed_123,123
18.822073732456545,47.67137624280481,40,40,size_40x40_run_004_seed_123,123
18.822865359181158,47.6850640857965,40,40,size_40x40_run_004_seed_123,123
18.823320764250052,47.69874476987448,40,40,size_40x40_run_004_seed_123,123
18.82526610613434,47.712418300653596,40,40,size_40x40_run_004_seed_123,123
18.82660503142724,47.72608468374281,40,40,size_40x40_run_004_seed_123,123
18.82753291771939,47.739743924745234,40,40,size_40x40_run_004_seed_123,123
18.828191887585934,47.7533960292581,40,40,size_40x40_run_004_seed_123,123
18.830119045251692,47.767041002872816,40,40,size_40x40_run_004_seed_123,123
18.83157878484932,47.767041002872816,40,40,size_40x40_run_004_seed_123,123
18.831981466261702,47.78067885117493,40,40,size_40x40_run_004_seed_123,123
18.83201370228577,47.794309579744194,40,40,size_40x40_run_004_seed_123,123
18.833560382359245,47.80793319415449,40,40,size_40x40_run_004_seed_123,123
18.835906246695448,47.82154969997391,40,40,size_40x40_run_004_seed_123,123
18.83861734974094,47.835159102764734,40,40,size_40x40_run_004_seed_123,123
18.839827555959694,47.84876140808344,40,40,size_40x40_run_004_seed_123,123
18.840660310178794,47.862356621480714,40,40,size_40x40_run_004_seed_123,123
18.841254733352475,47.87594474850143,40,40,size_40x40_run_004_seed_123,123
18.842095641352213,47.88952579468474,40,40,size_40x40_run_004_seed_123,123
18.845496358626484,47.90309976556395,40,40,size_40x40_run_004_seed_123,123
18.84595642234615,47.91666666666667,40,40,size_40x40_run_004_seed_123,123
18.846364835949966,47.91666666666667,40,40,size_40x40_run_004_seed_123,123
18.84668726893223,47.93022650351471,40,40,size_40x40_run_004_seed_123,123
18.84976382752606,47.94377928162415,40,40,size_40x40_run_004_seed_123,123
18.850590142218692,47.957325006505336,40,40,size_40x40_run_004_seed_123,123
18.85067942182658,47.97086368366285,40,40,size_40x40_run_004_seed_123,123
18.852606438898114,47.98439531859558,40,40,size_40x40_run_004_seed_123,123
18.852695349900515,47.997919916796675,40,40,size_40x40_run_004_seed_123,123
18.85287187136732,48.011437483753575,40,40,size_40x40_run_004_seed_123,123
18.853242001011168,48.024948024948024,40,40,size_40x40_run_004_seed_123,123
18.854053283085037,48.03845154585606,40,40,size_40x40_run_004_seed_123,123
18.85465818970434,48.05194805194805,40,40,size_40x40_run_004_seed_123,123
18.85499612973065,48.06543754868865,40,40,size_40x40_run_004_seed_123,123
18.859428274412842,48.07892004153687,40,40,size_40x40_run_004_seed_123,123
18.861538796523693,48.09239553594601,40,40,size_40x40_run_004_seed_123,123
18.862475514908162,48.10586403736378,40,40,size_40x40_run_004_seed_123,123
18.863207031027184,48.119325551232166,40,40,size_40x40_run_004_seed_123,123
18.864250861461272,48.13278008298755,40,40,size_40x40_run_004_seed_123,123
18.864434084882554,48.146227638060665,40,40,size_40x40_run_004_seed_123,123
18.865049107669755,48.15966822187662,40,40,size_40x40_run_004_seed_123,123
18.865360036592804,48.17310183985489,40,40,size_40x40_run_004_seed_123,123
18.865530278877447,48.18652849740933,40,40,size_40x40_run_004_seed_123,123
18.866382597678932,48.1999481999482,40,40,size_40x40_run_004_seed_123,123
18.86645623728358,48.213360952874154,40,40,size_40x40_run_004_seed_123,123
18.866535565629125,48.22676676158426,40,40,size_40x40_run_004_seed_123,123
18.86912700522705,48.24016563146998,40,40,size_40x40_run_004_seed_123,123
18.869907284249827,48.253557567917206,40,40,size_40x40_run_004_seed_123,123
18.87270919585364,48.26694257630626,40,40,size_40x40_run_004_seed_123,123
18.874364123824027,48.280320662011896,40,40,size_40x40_run_004_seed_123,123
18.875332288042834,48.293691830403304,40,40,size_40x40_run_004_seed_123,123
18.876982587483877,48.30705608684415,40,40,size_40x40_run_004_seed_123,123
18.878619337352035,48.320413436692505,40,40,size_40x40_run_004_seed_123,123
18.879375411830754,48.333763885300954,40,40,size_40x40_run_004_seed_123,123
18.88120223902085,48.34710743801653,40,40,size_40x40_run_004_seed_123,123
18.88158558796431,48.360444100180736,40,40,size_40x40_run_004_seed_123,123
18.882624205950545,48.37377387712959,40,40,size_40x40_run_004_seed_123,123
18.8839292343992,48.38709677419355,40,40,size_40x40_run_004_seed_123,123
18.886272128866107,48.40041279669763,40,40,size_40x40_run_004_seed_123,123
18.888974982911748,48.41372194996131,40,40,size_40x40_run_004_seed_123,123
18.890073182443114,48.4270242392986,40,40,size_40x40_run_004_seed_123,123
18.893044236841593,48.44031967001804,40,40,size_40x40_run_004_seed_123,123
18.895763929973786,48.45360824742268,40,40,size_40x40_run_004_seed_123,123
18.897417346937807,48.4668899768101,40,40,size_40x40_run_004_seed_123,123
18.897498172613492,48.48016486347244,40,40,size_40x40_run_004_seed_123,123
18.898016244785712,48.49343291269637,40,40,size_40x40_run_004_seed_123,123
18.898982510268908,48.506694129763126,40,40,size_40x40_run_004_seed_123,123
18.899442086186404,48.51994851994852,40,40,size_40x40_run_004_seed_123,123
18.900178630417958,48.5331960885229,40,40,size_40x40_run_004_seed_123,123
18.90107282356766,48.54643684075122,40,40,size_40x40_run_004_seed_123,123
18.90179222483953,48.559670781893004,40,40,size_40x40_run_004_seed_123,123
18.903208013902603,48.57289791720237,40,40,size_40x40_run_004_seed_123,123
18.90436530281211,48.58611825192802,40,40,size_40x40_run_004_seed_123,123
18.90474412547853,48.59933179131329,40,40,size_40x40_run_004_seed_123,123
18.90530776517061,48.6125385405961,40,40,size_40x40_run_004_seed_123,123
18.906441805488132,48.6125385405961,40,40,size_40x40_run_004_seed_123,123
18.906505056380396,48.62573850500899,40,40,size_40x40_run_004_seed_123,123
18.907115049249995,48.63893168977915,40,40,size_40x40_run_004_seed_123,123
18.907585785317334,48.65211810012837,40,40,size_40x40_run_004_seed_123,123
18.908080212094436,48.6652977412731,40,40,size_40x40_run_004_seed_123,123
18.908464700986947,48.67847061842443,40,40,size_40x40_run_004_seed_123,123
18.90946508302538,48.6916367367881,40,40,size_40x40_run_004_seed_123,123
18.91009815308682,48.704796101564504,40,40,size_40x40_run_004_seed_123,123
18.910510407125994,48.717948717948715,40,40,size_40x40_run_004_seed_123,123
18.912287827151502,48.73109459113048,40,40,size_40x40_run_004_seed_123,123
18.913364965529688,48.744233726294205,40,40,size_40x40_run_004_seed_123,123
18.916179242033063,48.75736612861901,40,40,size_40x40_run_004_seed_123,123
18.917679636119352,48.77049180327869,40,40,size_40x40_run_004_seed_123,123
18.919207290498647,48.78361075544174,40,40,size_40x40_run_004_seed_123,123
18.919223700396266,48.79672299027138,40,40,size_40x40_run_004_seed_123,123
18.920924317528073,48.79672299027138,40,40,size_40x40_run_004_seed_123,123
18.92135888718324,48.80982851292552,40,40,size_40x40_run_004_seed_123,123
18.921418621719408,48.82292732855681,40,40,size_40x40_run_004_seed_123,123
18.922131856012133,48.83601944231261,40,40,size_40x40_run_004_seed_123,123
18.923222210365257,48.84910485933504,40,40,size_40x40_run_004_seed_123,123
18.923877393802623,48.862183584760935,40,40,size_40x40_run_004_seed_123,123
18.925847000025076,48.875255623721884,40,40,size_40x40_run_004_seed_123,123
18.929648974507423,48.888320981344236,40,40,size_40x40_run_004_seed_123,123
18.93077209927785,48.90137966274911,40,40,size_40x40_run_004_seed_123,123
18.931030857027604,48.91443167305236,40,40,size_40x40_run_004_seed_123,123
18.932264256549864,48.92747701736466,40,40,size_40x40_run_004_seed_123,123
18.933349533093992,48.94051570079142,40,40,size_40x40_run_004_seed_123,123
18.936114911880683,48.95354772843287,40,40,size_40x40_run_004_seed_123,123
18.938584497170094,48.96657310538403,40,40,size_40x40_run_004_seed_123,123
18.939811832979192,48.97959183673469,40,40,size_40x40_run_004_seed_123,123
18.944161111217543,48.9926039275695,40,40,size_40x40_run_004_seed_123,123
18.944713874902124,49.005609382967876,40,40,size_40x40_run_004_seed_123,123
18.946967983072746,49.018608208004075,40,40,size_40x40_run_004_seed_123,123
18.948553116910844,49.03160040774719,40,40,size_40x40_run_004_seed_123,123
18.949291302182495,49.044585987261144,40,40,size_40x40_run_004_seed_123,123
18.949829015524276,49.05756495160469,40,40,size_40x40_run_004_seed_123,123
18.950158338526293,49.07053730583142,40,40,size_40x40_run_004_seed_123,123
18.951531529118537,49.08350305498982,40,40,size_40x40_run_004_seed_123,123
18.95339684295587,49.096462204123185,40,40,size_40x40_run_004_seed_123,123
18.954054436512912,49.10941475826972,40,40,size_40x40_run_004_seed_123,123
18.95432279340568,49.122360722462474,40,40,size_40x40_run_004_seed_123,123
18.956997927277563,49.1353001017294,40,40,size_40x40_run_004_seed_123,123
18.95744690096865,49.148232901093316,40,40,size_40x40_run_004_seed_123,123
18.962143485843892,49.161159125571935,40,40,size_40x40_run_004_seed_123,123
18.96521790666817,49.174078780177894,40,40,size_40x40_run_004_seed_123,123
18.96539935525253,49.1869918699187,40,40,size_40x40_run_004_seed_123,123
18.96704444359624,49.1998983997968,40,40,size_40x40_run_004_seed_123,123
18.972178752352477,49.212798374809545,40,40,size_40x40_run_004_seed_123,123
18.972566342569603,49.22569179994923,40,40,size_40x40_run_004_seed_123,123
18.97351549771246,49.23857868020304,40,40,size_40x40_run_004_seed_123,123
18.97389801838976,49.251459020553156,40,40,size_40x40_run_004_seed_123,123
18.97471301183207,49.26433282597666,40,40,size_40x40_run_004_seed_123,123
18.97660354646268,49.2772001014456,40,40,size_40x40_run_004_seed_123,123
18.978207137768273,49.290060851926974,40,40,size_40x40_run_004_seed_123,123
18.979581065819286,49.30291508238277,40,40,size_40x40_run_004_seed_123,123
18.980064777844625,49.30291508238277,40,40,size_40x40_run_004_seed_123,123
18.9806497298028,49.30291508238277,40,40,size_40x40_run_004_seed_123,123
18.98085383737362,49.31576279776989,40,40,size_40x40_run_004_seed_123,123
18.98291530727892,49.32860400304028,40,40,size_40x40_run_004_seed_123,123
18.984024407823508,49.34143870314083,40,40,size_40x40_run_004_seed_123,123
18.98408563495428,49.354266903013425,40,40,size_40x40_run_004_seed_123,123
18.98424799629619,49.36708860759494,40,40,size_40x40_run_004_seed_123,123
18.984477494182613,49.37990382181726,40,40,size_40x40_run_004_seed_123,123
18.984802260795504,49.392712550607285,40,40,size_40x40_run_004_seed_123,123
18.988319090766648,49.40551479888693,40,40,size_40x40_run_004_seed_123,123
18.98859442038997,49.418310571573095,40,40,size_40x40_run_004_seed_123,123
18.989646236672176,49.43109987357775,40,40,size_40x40_run_004_seed_123,123
18.990415442869903,49.44388270980789,40,40,size_40x40_run_004_seed_123,123
18.993318401337948,49.456659085165526,40,40,size_40x40_run_004_seed_123,123
18.993794112211713,49.46942900454775,40,40,size_40x40_run_004_seed_123,123
18.997171860377744,49.482192472846684,40,40,size_40x40_run_004_seed_123,123
19.002335885087106,49.494949494949495,40,40,size_40x40_run_004_seed_123,123
