time,conversion,size_x,size_y,run_id,rng_seed
0.10031510670651801,0.0,30,30,size_30x30_run_003_seed_123,123
0.5410162197047197,0.0,30,30,size_30x30_run_003_seed_123,123
0.8563083140555706,0.0,30,30,size_30x30_run_003_seed_123,123
1.190455792475126,0.0,30,30,size_30x30_run_003_seed_123,123
1.2593336438135219,0.0,30,30,size_30x30_run_003_seed_123,123
1.3096644298274582,0.0,30,30,size_30x30_run_003_seed_123,123
1.7011562771553705,0.0,30,30,size_30x30_run_003_seed_123,123
2.5921028830278656,0.0,30,30,size_30x30_run_003_seed_123,123
2.609138133098929,0.0,30,30,size_30x30_run_003_seed_123,123
2.879307951208359,0.0,30,30,size_30x30_run_003_seed_123,123
2.9195593154858552,0.0,30,30,size_30x30_run_003_seed_123,123
3.398669432314533,0.0,30,30,size_30x30_run_003_seed_123,123
3.4461764839821094,0.0,30,30,size_30x30_run_003_seed_123,123
4.026464632183372,0.0,30,30,size_30x30_run_003_seed_123,123
4.367483770985137,0.0,30,30,size_30x30_run_003_seed_123,123
4.456949752021455,0.0,30,30,size_30x30_run_003_seed_123,123
4.527873227463009,0.0,30,30,size_30x30_run_003_seed_123,123
4.567685411950223,0.0,30,30,size_30x30_run_003_seed_123,123
4.698731916634228,0.0,30,30,size_30x30_run_003_seed_123,123
4.706290783970799,0.0,30,30,size_30x30_run_003_seed_123,123
4.794160597225274,0.0,30,30,size_30x30_run_003_seed_123,123
4.888524701755986,0.0,30,30,size_30x30_run_003_seed_123,123
4.998082703580276,0.0,30,30,size_30x30_run_003_seed_123,123
5.324158476515512,0.0,30,30,size_30x30_run_003_seed_123,123
5.345902722914102,0.04997501249375312,30,30,size_30x30_run_003_seed_123,123
5.482118974326215,0.04997501249375312,30,30,size_30x30_run_003_seed_123,123
5.6671508423013055,0.04997501249375312,30,30,size_30x30_run_003_seed_123,123
5.899914614184878,0.0999000999000999,30,30,size_30x30_run_003_seed_123,123
5.97160459490109,0.0999000999000999,30,30,size_30x30_run_003_seed_123,123
6.193942523257211,0.0999000999000999,30,30,size_30x30_run_003_seed_123,123
6.354798978260608,0.0999000999000999,30,30,size_30x30_run_003_seed_123,123
6.390346297111461,0.0999000999000999,30,30,size_30x30_run_003_seed_123,123
6.505781616763749,0.0999000999000999,30,30,size_30x30_run_003_seed_123,123
6.575525778950086,0.0999000999000999,30,30,size_30x30_run_003_seed_123,123
6.644475762364723,0.0999000999000999,30,30,size_30x30_run_003_seed_123,123
6.842672707916642,0.0999000999000999,30,30,size_30x30_run_003_seed_123,123
6.97787610336426,0.0999000999000999,30,30,size_30x30_run_003_seed_123,123
7.019485791618077,0.0999000999000999,30,30,size_30x30_run_003_seed_123,123
7.051238571726629,0.0999000999000999,30,30,size_30x30_run_003_seed_123,123
7.505131186268693,0.0999000999000999,30,30,size_30x30_run_003_seed_123,123
7.720633393754559,0.14977533699450823,30,30,size_30x30_run_003_seed_123,123
7.7413627922915635,0.19960079840319359,30,30,size_30x30_run_003_seed_123,123
8.019836614771213,0.19960079840319359,30,30,size_30x30_run_003_seed_123,123
8.055046087879552,0.19960079840319359,30,30,size_30x30_run_003_seed_123,123
8.061077159252527,0.19960079840319359,30,30,size_30x30_run_003_seed_123,123
8.065766421526332,0.19960079840319359,30,30,size_30x30_run_003_seed_123,123
8.15903812669756,0.19960079840319359,30,30,size_30x30_run_003_seed_123,123
8.341047184129476,0.24937655860349126,30,30,size_30x30_run_003_seed_123,123
8.40636449797889,0.24937655860349126,30,30,size_30x30_run_003_seed_123,123
8.474398822584384,0.29910269192422734,30,30,size_30x30_run_003_seed_123,123
8.501324822148511,0.3487792725460887,30,30,size_30x30_run_003_seed_123,123
8.544857084640736,0.3487792725460887,30,30,size_30x30_run_003_seed_123,123
8.643008795680974,0.3487792725460887,30,30,size_30x30_run_003_seed_123,123
8.723192080048376,0.398406374501992,30,30,size_30x30_run_003_seed_123,123
8.779759314059396,0.44798407167745147,30,30,size_30x30_run_003_seed_123,123
8.832213482617403,0.44798407167745147,30,30,size_30x30_run_003_seed_123,123
9.002426856949803,0.44798407167745147,30,30,size_30x30_run_003_seed_123,123
9.100637984273078,0.44798407167745147,30,30,size_30x30_run_003_seed_123,123
9.17827761435432,0.44798407167745147,30,30,size_30x30_run_003_seed_123,123
9.178661446989274,0.44798407167745147,30,30,size_30x30_run_003_seed_123,123
9.248759145832544,0.44798407167745147,30,30,size_30x30_run_003_seed_123,123
9.321860036524434,0.44798407167745147,30,30,size_30x30_run_003_seed_123,123
9.373820258390497,0.4975124378109453,30,30,size_30x30_run_003_seed_123,123
9.394039993786322,0.5469915464942815,30,30,size_30x30_run_003_seed_123,123
9.397104937623052,0.5469915464942815,30,30,size_30x30_run_003_seed_123,123
9.453592047350106,0.5964214711729622,30,30,size_30x30_run_003_seed_123,123
9.49575545125546,0.6458022851465475,30,30,size_30x30_run_003_seed_123,123
9.635332335756555,0.6458022851465475,30,30,size_30x30_run_003_seed_123,123
9.65176877564347,0.6951340615690168,30,30,size_30x30_run_003_seed_123,123
9.79586748031198,0.6951340615690168,30,30,size_30x30_run_003_seed_123,123
9.838127241832103,0.6951340615690168,30,30,size_30x30_run_003_seed_123,123
9.871884681097029,0.7444168734491315,30,30,size_30x30_run_003_seed_123,123
9.881370343132184,0.7936507936507936,30,30,size_30x30_run_003_seed_123,123
9.89205522774228,0.7936507936507936,30,30,size_30x30_run_003_seed_123,123
9.894261694192455,0.7936507936507936,30,30,size_30x30_run_003_seed_123,123
9.93027352973782,0.7936507936507936,30,30,size_30x30_run_003_seed_123,123
9.943341493665487,0.842835894893406,30,30,size_30x30_run_003_seed_123,123
9.945957692651826,0.842835894893406,30,30,size_30x30_run_003_seed_123,123
9.961794755077028,0.842835894893406,30,30,size_30x30_run_003_seed_123,123
10.053272957869888,0.8919722497522299,30,30,size_30x30_run_003_seed_123,123
10.057970579283149,0.9410599306587419,30,30,size_30x30_run_003_seed_123,123
10.160990737490458,0.9410599306587419,30,30,size_30x30_run_003_seed_123,123
10.274367217493483,0.9900990099009901,30,30,size_30x30_run_003_seed_123,123
10.27905058801168,1.0390895596239487,30,30,size_30x30_run_003_seed_123,123
10.293907530462896,1.0390895596239487,30,30,size_30x30_run_003_seed_123,123
10.337373036651659,1.0390895596239487,30,30,size_30x30_run_003_seed_123,123
10.364394115828956,1.0390895596239487,30,30,size_30x30_run_003_seed_123,123
10.406353317746415,1.0880316518298714,30,30,size_30x30_run_003_seed_123,123
10.420650874119849,1.0880316518298714,30,30,size_30x30_run_003_seed_123,123
10.469041285835889,1.1369253583786456,30,30,size_30x30_run_003_seed_123,123
10.47001189002098,1.185770750988142,30,30,size_30x30_run_003_seed_123,123
10.494163078003682,1.2345679012345678,30,30,size_30x30_run_003_seed_123,123
10.597119307415603,1.2833168805528135,30,30,size_30x30_run_003_seed_123,123
10.892754050234988,1.332017760236803,30,30,size_30x30_run_003_seed_123,123
10.939489435439121,1.3806706114398422,30,30,size_30x30_run_003_seed_123,123
11.017267736338077,1.429275505174963,30,30,size_30x30_run_003_seed_123,123
11.045023695990519,1.477832512315271,30,30,size_30x30_run_003_seed_123,123
11.049586645780547,1.477832512315271,30,30,size_30x30_run_003_seed_123,123
11.057843316384218,1.477832512315271,30,30,size_30x30_run_003_seed_123,123
11.102589575827409,1.477832512315271,30,30,size_30x30_run_003_seed_123,123
11.13566053229773,1.477832512315271,30,30,size_30x30_run_003_seed_123,123
11.1817643560521,1.477832512315271,30,30,size_30x30_run_003_seed_123,123
11.209401809622898,1.477832512315271,30,30,size_30x30_run_003_seed_123,123
11.237423010147587,1.5263417035942886,30,30,size_30x30_run_003_seed_123,123
11.278085390084563,1.574803149606299,30,30,size_30x30_run_003_seed_123,123
11.309788139133993,1.6232169208066896,30,30,size_30x30_run_003_seed_123,123
11.319436218769221,1.6232169208066896,30,30,size_30x30_run_003_seed_123,123
11.329643804764336,1.6232169208066896,30,30,size_30x30_run_003_seed_123,123
11.3330036720353,1.6232169208066896,30,30,size_30x30_run_003_seed_123,123
11.343911096036454,1.671583087512291,30,30,size_30x30_run_003_seed_123,123
11.345224444239635,1.671583087512291,30,30,size_30x30_run_003_seed_123,123
11.401413877733258,1.71990171990172,30,30,size_30x30_run_003_seed_123,123
11.446972062691882,1.768172888015717,30,30,size_30x30_run_003_seed_123,123
11.474443463261832,1.8163966617574867,30,30,size_30x30_run_003_seed_123,123
11.48052983821025,1.8645731108930326,30,30,size_30x30_run_003_seed_123,123
11.505563646628616,1.8645731108930326,30,30,size_30x30_run_003_seed_123,123
11.512041509780271,1.9127023050514957,30,30,size_30x30_run_003_seed_123,123
11.517864474992603,1.9607843137254901,30,30,size_30x30_run_003_seed_123,123
11.534132017856658,1.9607843137254901,30,30,size_30x30_run_003_seed_123,123
11.53541569328745,1.9607843137254901,30,30,size_30x30_run_003_seed_123,123
11.55705711280743,2.0088192062714354,30,30,size_30x30_run_003_seed_123,123
11.568254307781254,2.056807051909892,30,30,size_30x30_run_003_seed_123,123
11.62341107165341,2.1047479197258934,30,30,size_30x30_run_003_seed_123,123
11.626319396960984,2.152641878669276,30,30,size_30x30_run_003_seed_123,123
11.635149065416307,2.2004889975550124,30,30,size_30x30_run_003_seed_123,123
11.64332373779071,2.2004889975550124,30,30,size_30x30_run_003_seed_123,123
11.645629490048469,2.248289345063539,30,30,size_30x30_run_003_seed_123,123
11.646062903815926,2.2960429897410846,30,30,size_30x30_run_003_seed_123,123
11.649822412153227,2.34375,30,30,size_30x30_run_003_seed_123,123
11.653557311257373,2.3914104441190824,30,30,size_30x30_run_003_seed_123,123
11.659450168279985,2.4390243902439024,30,30,size_30x30_run_003_seed_123,123
11.67143535825666,2.4865919063871282,30,30,size_30x30_run_003_seed_123,123
11.675624420180322,2.53411306042885,30,30,size_30x30_run_003_seed_123,123
11.69124765378743,2.53411306042885,30,30,size_30x30_run_003_seed_123,123
11.70992088054479,2.581587920116902,30,30,size_30x30_run_003_seed_123,123
11.718288991355584,2.581587920116902,30,30,size_30x30_run_003_seed_123,123
11.7340682365152,2.6290165530671863,30,30,size_30x30_run_003_seed_123,123
11.740471867347239,2.67639902676399,30,30,size_30x30_run_003_seed_123,123
11.754326942880471,2.7237354085603114,30,30,size_30x30_run_003_seed_123,123
11.766604097006882,2.7710257656781723,30,30,size_30x30_run_003_seed_123,123
11.776512000325996,2.818270165208941,30,30,size_30x30_run_003_seed_123,123
11.77691671922367,2.818270165208941,30,30,size_30x30_run_003_seed_123,123
11.788257553215866,2.8654686741136475,30,30,size_30x30_run_003_seed_123,123
11.788623820424426,2.8654686741136475,30,30,size_30x30_run_003_seed_123,123
11.793235756807455,2.912621359223301,30,30,size_30x30_run_003_seed_123,123
11.813828687677535,2.912621359223301,30,30,size_30x30_run_003_seed_123,123
11.814364290017975,2.912621359223301,30,30,size_30x30_run_003_seed_123,123
11.820959957144577,2.912621359223301,30,30,size_30x30_run_003_seed_123,123
11.822531875585428,2.959728287239204,30,30,size_30x30_run_003_seed_123,123
11.835839993160382,3.0067895247332688,30,30,size_30x30_run_003_seed_123,123
11.860852205885328,3.0538051381483275,30,30,size_30x30_run_003_seed_123,123
11.862017800683844,3.10077519379845,30,30,size_30x30_run_003_seed_123,123
11.87012344190902,3.14769975786925,30,30,size_30x30_run_003_seed_123,123
11.878397288222613,3.14769975786925,30,30,size_30x30_run_003_seed_123,123
11.885481269034353,3.1945788964181996,30,30,size_30x30_run_003_seed_123,123
11.906750926573398,3.24141267537494,30,30,size_30x30_run_003_seed_123,123
11.912660808952932,3.2882011605415857,30,30,size_30x30_run_003_seed_123,123
11.917100598491851,3.3349444175930403,30,30,size_30x30_run_003_seed_123,123
11.948586643549026,3.3816425120772946,30,30,size_30x30_run_003_seed_123,123
11.953424606982985,3.3816425120772946,30,30,size_30x30_run_003_seed_123,123
11.957338863394636,3.4282955094157415,30,30,size_30x30_run_003_seed_123,123
11.99287699896411,3.474903474903475,30,30,size_30x30_run_003_seed_123,123
12.003943908185697,3.5214664737095993,30,30,size_30x30_run_003_seed_123,123
12.00748111080615,3.567984570877531,30,30,size_30x30_run_003_seed_123,123
12.016274419729,3.614457831325301,30,30,size_30x30_run_003_seed_123,123
12.07729794806078,3.614457831325301,30,30,size_30x30_run_003_seed_123,123
12.082789044601077,3.6608863198458574,30,30,size_30x30_run_003_seed_123,123
12.085588467755699,3.7072701011073663,30,30,size_30x30_run_003_seed_123,123
12.085921536266547,3.753609239653513,30,30,size_30x30_run_003_seed_123,123
12.12635810116388,3.7999037999037997,30,30,size_30x30_run_003_seed_123,123
12.143497800707404,3.7999037999037997,30,30,size_30x30_run_003_seed_123,123
12.153611568783617,3.8461538461538463,30,30,size_30x30_run_003_seed_123,123
12.153998874441198,3.8923594425756844,30,30,size_30x30_run_003_seed_123,123
12.157439718450798,3.8923594425756844,30,30,size_30x30_run_003_seed_123,123
12.1710854073113,3.9385206532180597,30,30,size_30x30_run_003_seed_123,123
12.18849840640765,3.9385206532180597,30,30,size_30x30_run_003_seed_123,123
12.196402752410256,3.9846375420067215,30,30,size_30x30_run_003_seed_123,123
12.230117486368604,4.030710172744722,30,30,size_30x30_run_003_seed_123,123
12.232586886266379,4.07673860911271,30,30,size_30x30_run_003_seed_123,123
12.2333883323599,4.1227229146692235,30,30,size_30x30_run_003_seed_123,123
12.247106499982538,4.168663152850982,30,30,size_30x30_run_003_seed_123,123
12.247353377950837,4.168663152850982,30,30,size_30x30_run_003_seed_123,123
12.251174410429886,4.21455938697318,30,30,size_30x30_run_003_seed_123,123
12.268842020993986,4.260411680229775,30,30,size_30x30_run_003_seed_123,123
12.277291843463148,4.30622009569378,30,30,size_30x30_run_003_seed_123,123
12.289465538412777,4.351984696317551,30,30,size_30x30_run_003_seed_123,123
12.291004491678178,4.397705544933078,30,30,size_30x30_run_003_seed_123,123
12.295594492557656,4.4433827042522696,30,30,size_30x30_run_003_seed_123,123
12.316260307159052,4.48901623686724,30,30,size_30x30_run_003_seed_123,123
12.320503953262122,4.534606205250596,30,30,size_30x30_run_003_seed_123,123
12.325093467633646,4.580152671755725,30,30,size_30x30_run_003_seed_123,123
12.328262025731327,4.625655698617072,30,30,size_30x30_run_003_seed_123,123
12.331292591836288,4.671115347950429,30,30,size_30x30_run_003_seed_123,123
12.335613224496306,4.671115347950429,30,30,size_30x30_run_003_seed_123,123
12.348665664289447,4.7165316817532155,30,30,size_30x30_run_003_seed_123,123
12.358891000315502,4.761904761904762,30,30,size_30x30_run_003_seed_123,123
12.376712612500182,4.8072346501665875,30,30,size_30x30_run_003_seed_123,123
12.392130140145703,4.8525214081826835,30,30,size_30x30_run_003_seed_123,123
12.394934073653845,4.897765097479791,30,30,size_30x30_run_003_seed_123,123
12.41161428783239,4.942965779467681,30,30,size_30x30_run_003_seed_123,123
12.414150048277362,4.98812351543943,30,30,size_30x30_run_003_seed_123,123
12.42570171492121,5.0332383665717,30,30,size_30x30_run_003_seed_123,123
12.431513155329803,5.078310393925012,30,30,size_30x30_run_003_seed_123,123
12.435652906374553,5.1233396584440225,30,30,size_30x30_run_003_seed_123,123
12.450937735523619,5.1683262209578,30,30,size_30x30_run_003_seed_123,123
12.452289269357799,5.213270142180095,30,30,size_30x30_run_003_seed_123,123
12.454763613232384,5.258171482709616,30,30,size_30x30_run_003_seed_123,123
12.46188471152681,5.303030303030303,30,30,size_30x30_run_003_seed_123,123
12.467088933656603,5.347846663511595,30,30,size_30x30_run_003_seed_123,123
12.473129394515501,5.392620624408704,30,30,size_30x30_run_003_seed_123,123
12.4813434734241,5.4373522458628845,30,30,size_30x30_run_003_seed_123,123
12.484137222044701,5.482041587901701,30,30,size_30x30_run_003_seed_123,123
12.495321988574462,5.526688710439301,30,30,size_30x30_run_003_seed_123,123
12.504621679884194,5.571293673276676,30,30,size_30x30_run_003_seed_123,123
12.514965291709183,5.571293673276676,30,30,size_30x30_run_003_seed_123,123
12.531995600267573,5.615856536101934,30,30,size_30x30_run_003_seed_123,123
12.545421185284361,5.660377358490567,30,30,size_30x30_run_003_seed_123,123
12.551617741007322,5.704856199905705,30,30,size_30x30_run_003_seed_123,123
12.573663297032676,5.749293119698398,30,30,size_30x30_run_003_seed_123,123
12.58322966636329,5.7936881771078665,30,30,size_30x30_run_003_seed_123,123
12.587318246382901,5.83804143126177,30,30,size_30x30_run_003_seed_123,123
12.592848001909847,5.88235294117647,30,30,size_30x30_run_003_seed_123,123
12.594141249430297,5.9266227657572905,30,30,size_30x30_run_003_seed_123,123
12.61388834773267,5.970850963798777,30,30,size_30x30_run_003_seed_123,123
12.61605490363941,6.015037593984962,30,30,size_30x30_run_003_seed_123,123
12.625414759924494,6.059182714889619,30,30,size_30x30_run_003_seed_123,123
12.62697431859079,6.103286384976526,30,30,size_30x30_run_003_seed_123,123
12.633077023829411,6.147348662599718,30,30,size_30x30_run_003_seed_123,123
12.650402152993015,6.191369606003752,30,30,size_30x30_run_003_seed_123,123
12.658341565504982,6.235349273323957,30,30,size_30x30_run_003_seed_123,123
12.664241741634047,6.279287722586692,30,30,size_30x30_run_003_seed_123,123
12.668491008173504,6.323185011709602,30,30,size_30x30_run_003_seed_123,123
12.691205331996352,6.367041198501873,30,30,size_30x30_run_003_seed_123,123
12.693052550376446,6.410856340664482,30,30,size_30x30_run_003_seed_123,123
12.693309328886485,6.454630495790459,30,30,size_30x30_run_003_seed_123,123
12.699396575719458,6.4983637213651235,30,30,size_30x30_run_003_seed_123,123
12.701779365719844,6.5420560747663545,30,30,size_30x30_run_003_seed_123,123
12.708305515039797,6.585707613264829,30,30,size_30x30_run_003_seed_123,123
12.712827031301044,6.629318394024277,30,30,size_30x30_run_003_seed_123,123
12.730292954464838,6.672888474101726,30,30,size_30x30_run_003_seed_123,123
12.745771571309195,6.7164179104477615,30,30,size_30x30_run_003_seed_123,123
12.745998138437992,6.75990675990676,30,30,size_30x30_run_003_seed_123,123
12.750947475288712,6.803355079217148,30,30,size_30x30_run_003_seed_123,123
12.770328799569503,6.846762925011644,30,30,size_30x30_run_003_seed_123,123
12.784119762425641,6.890130353817504,30,30,size_30x30_run_003_seed_123,123
12.790313433105515,6.890130353817504,30,30,size_30x30_run_003_seed_123,123
12.796183022908169,6.93345742205677,30,30,size_30x30_run_003_seed_123,123
12.80195709053256,6.976744186046512,30,30,size_30x30_run_003_seed_123,123
12.812368942653194,6.976744186046512,30,30,size_30x30_run_003_seed_123,123
12.820375328860916,6.976744186046512,30,30,size_30x30_run_003_seed_123,123
12.82555621764782,7.0199907019990695,30,30,size_30x30_run_003_seed_123,123
12.831047626504112,7.063197026022305,30,30,size_30x30_run_003_seed_123,123
12.836105281451484,7.106363214119833,30,30,size_30x30_run_003_seed_123,123
12.863150463260661,7.149489322191272,30,30,size_30x30_run_003_seed_123,123
12.863318258631177,7.192575406032482,30,30,size_30x30_run_003_seed_123,123
12.87210424414033,7.235621521335807,30,30,size_30x30_run_003_seed_123,123
12.889025086614636,7.2786277236903105,30,30,size_30x30_run_003_seed_123,123
12.896097456154486,7.32159406858202,30,30,size_30x30_run_003_seed_123,123
12.897412471221381,7.3645206113941635,30,30,size_30x30_run_003_seed_123,123
12.898244797436984,7.4074074074074066,30,30,size_30x30_run_003_seed_123,123
12.912686964156615,7.450254511800093,30,30,size_30x30_run_003_seed_123,123
12.939447948781234,7.450254511800093,30,30,size_30x30_run_003_seed_123,123
12.947828934864871,7.493061979648474,30,30,size_30x30_run_003_seed_123,123
12.951333477340622,7.535829865926953,30,30,size_30x30_run_003_seed_123,123
12.977163548000624,7.578558225508318,30,30,size_30x30_run_003_seed_123,123
12.977531296424338,7.621247113163972,30,30,size_30x30_run_003_seed_123,123
12.981108555434593,7.663896583564174,30,30,size_30x30_run_003_seed_123,123
12.984181034153481,7.706506691278264,30,30,size_30x30_run_003_seed_123,123
12.985036300877576,7.7490774907749085,30,30,size_30x30_run_003_seed_123,123
12.993103307923334,7.791609036422314,30,30,size_30x30_run_003_seed_123,123
12.99400025469881,7.834101382488479,30,30,size_30x30_run_003_seed_123,123
13.001960220948316,7.876554583141409,30,30,size_30x30_run_003_seed_123,123
13.009197381127102,7.918968692449356,30,30,size_30x30_run_003_seed_123,123
13.012927980147923,7.9613437643810405,30,30,size_30x30_run_003_seed_123,123
13.014847983974867,8.003679852805888,30,30,size_30x30_run_003_seed_123,123
13.025979957414469,8.003679852805888,30,30,size_30x30_run_003_seed_123,123
13.026291672615574,8.045977011494253,30,30,size_30x30_run_003_seed_123,123
13.027420086140912,8.088235294117647,30,30,size_30x30_run_003_seed_123,123
13.0405138135156,8.130454754248968,30,30,size_30x30_run_003_seed_123,123
13.050851565636478,8.172635445362717,30,30,size_30x30_run_003_seed_123,123
13.055638232087212,8.172635445362717,30,30,size_30x30_run_003_seed_123,123
13.060947157649748,8.214777420835246,30,30,size_30x30_run_003_seed_123,123
13.06238696028325,8.256880733944955,30,30,size_30x30_run_003_seed_123,123
13.107370102109478,8.298945437872536,30,30,size_30x30_run_003_seed_123,123
13.109300091754752,8.340971585701192,30,30,size_30x30_run_003_seed_123,123
13.112037740325306,8.382959230416857,30,30,size_30x30_run_003_seed_123,123
13.116541801938242,8.424908424908425,30,30,size_30x30_run_003_seed_123,123
13.118642004674768,8.466819221967963,30,30,size_30x30_run_003_seed_123,123
13.119059272985004,8.508691674290942,30,30,size_30x30_run_003_seed_123,123
13.134305625548093,8.550525834476453,30,30,size_30x30_run_003_seed_123,123
13.154628295162931,8.592321755027422,30,30,size_30x30_run_003_seed_123,123
13.18922574972165,8.634079488350844,30,30,size_30x30_run_003_seed_123,123
13.194242946370137,8.67579908675799,30,30,size_30x30_run_003_seed_123,123
13.197512380896432,8.717480602464628,30,30,size_30x30_run_003_seed_123,123
13.201919247004806,8.75912408759124,30,30,size_30x30_run_003_seed_123,123
13.208183340048983,8.75912408759124,30,30,size_30x30_run_003_seed_123,123
13.2119093460425,8.800729594163247,30,30,size_30x30_run_003_seed_123,123
13.21898240633049,8.842297174111211,30,30,size_30x30_run_003_seed_123,123
13.22462362149021,8.88382687927107,30,30,size_30x30_run_003_seed_123,123
13.243869023889056,8.925318761384334,30,30,size_30x30_run_003_seed_123,123
13.245689250347429,8.966772872098316,30,30,size_30x30_run_003_seed_123,123
13.246322710953702,9.008189262966333,30,30,size_30x30_run_003_seed_123,123
13.254852479072122,9.049567985447931,30,30,size_30x30_run_003_seed_123,123
13.255359915291399,9.090909090909092,30,30,size_30x30_run_003_seed_123,123
13.256183843380528,9.132212630622444,30,30,size_30x30_run_003_seed_123,123
13.263748973851246,9.173478655767484,30,30,size_30x30_run_003_seed_123,123
13.26425013405427,9.214707217430776,30,30,size_30x30_run_003_seed_123,123
13.274693956014373,9.25589836660617,30,30,size_30x30_run_003_seed_123,123
13.278019230914655,9.297052154195011,30,30,size_30x30_run_003_seed_123,123
13.282738980039543,9.338168631006347,30,30,size_30x30_run_003_seed_123,123
13.306885498870926,9.379247847757137,30,30,size_30x30_run_003_seed_123,123
13.324985710932507,9.420289855072465,30,30,size_30x30_run_003_seed_123,123
13.330826809245274,9.46129470348574,30,30,size_30x30_run_003_seed_123,123
13.333123980702783,9.46129470348574,30,30,size_30x30_run_003_seed_123,123
13.341712819047034,9.502262443438914,30,30,size_30x30_run_003_seed_123,123
13.342411940058188,9.543193125282677,30,30,size_30x30_run_003_seed_123,123
13.345062085406509,9.584086799276673,30,30,size_30x30_run_003_seed_123,123
13.350350773040875,9.624943515589697,30,30,size_30x30_run_003_seed_123,123
13.361619083131995,9.66576332429991,30,30,size_30x30_run_003_seed_123,123
13.362296107080972,9.706546275395034,30,30,size_30x30_run_003_seed_123,123
13.373044852565608,9.747292418772563,30,30,size_30x30_run_003_seed_123,123
13.3733534189212,9.788001804239963,30,30,size_30x30_run_003_seed_123,123
13.381177120347212,9.828674481514877,30,30,size_30x30_run_003_seed_123,123
13.393649217152982,9.828674481514877,30,30,size_30x30_run_003_seed_123,123
13.396196855869809,9.869310500225327,30,30,size_30x30_run_003_seed_123,123
13.40010740708414,9.90990990990991,30,30,size_30x30_run_003_seed_123,123
13.40472740780417,9.95047276001801,30,30,size_30x30_run_003_seed_123,123
13.408371445291293,9.99099909990999,30,30,size_30x30_run_003_seed_123,123
13.412459568673441,10.0314889788574,30,30,size_30x30_run_003_seed_123,123
13.426993253439006,10.071942446043165,30,30,size_30x30_run_003_seed_123,123
13.431631598151382,10.112359550561797,30,30,size_30x30_run_003_seed_123,123
13.445033992056207,10.152740341419586,30,30,size_30x30_run_003_seed_123,123
13.457307399514637,10.1930848675348,30,30,size_30x30_run_003_seed_123,123
13.462702807952693,10.23339317773788,30,30,size_30x30_run_003_seed_123,123
13.463796708943924,10.273665320771647,30,30,size_30x30_run_003_seed_123,123
13.487297844159265,10.273665320771647,30,30,size_30x30_run_003_seed_123,123
13.48747321575351,10.31390134529148,30,30,size_30x30_run_003_seed_123,123
13.493777004876724,10.31390134529148,30,30,size_30x30_run_003_seed_123,123
13.49825234589043,10.354101299865532,30,30,size_30x30_run_003_seed_123,123
13.51050706789747,10.354101299865532,30,30,size_30x30_run_003_seed_123,123
13.514321458608157,10.354101299865532,30,30,size_30x30_run_003_seed_123,123
13.522556862765342,10.39426523297491,30,30,size_30x30_run_003_seed_123,123
13.525846049190855,10.39426523297491,30,30,size_30x30_run_003_seed_123,123
13.532829885880417,10.434393193013882,30,30,size_30x30_run_003_seed_123,123
13.536185844007408,10.474485228290064,30,30,size_30x30_run_003_seed_123,123
13.537383638323213,10.51454138702461,30,30,size_30x30_run_003_seed_123,123
13.541841263908244,10.554561717352415,30,30,size_30x30_run_003_seed_123,123
13.552465792252367,10.594546267322306,30,30,size_30x30_run_003_seed_123,123
13.556833171085188,10.63449508489723,30,30,size_30x30_run_003_seed_123,123
13.572396763985243,10.674408217954444,30,30,size_30x30_run_003_seed_123,123
13.577364939287728,10.714285714285714,30,30,size_30x30_run_003_seed_123,123
13.581916832238292,10.754127621597501,30,30,size_30x30_run_003_seed_123,123
13.591184276826935,10.793933987511151,30,30,size_30x30_run_003_seed_123,123
13.598646132652773,10.833704859563085,30,30,size_30x30_run_003_seed_123,123
13.616794247219982,10.87344028520499,30,30,size_30x30_run_003_seed_123,123
13.625739024091352,10.913140311804009,30,30,size_30x30_run_003_seed_123,123
13.625905761682292,10.95280498664292,30,30,size_30x30_run_003_seed_123,123
13.636822707163287,10.95280498664292,30,30,size_30x30_run_003_seed_123,123
13.648774828485283,10.992434356920338,30,30,size_30x30_run_003_seed_123,123
13.660808553363221,11.032028469750891,30,30,size_30x30_run_003_seed_123,123
13.665896153196302,11.071587372165407,30,30,size_30x30_run_003_seed_123,123
13.686470370746376,11.11111111111111,30,30,size_30x30_run_003_seed_123,123
13.687445935542884,11.150599733451799,30,30,size_30x30_run_003_seed_123,123
13.69423847016294,11.190053285968029,30,30,size_30x30_run_003_seed_123,123
13.70411125100209,11.229471815357302,30,30,size_30x30_run_003_seed_123,123
13.704690906005665,11.26885536823425,30,30,size_30x30_run_003_seed_123,123
13.705584693640727,11.30820399113082,30,30,size_30x30_run_003_seed_123,123
13.707139191217504,11.347517730496454,30,30,size_30x30_run_003_seed_123,123
13.715705355068927,11.386796632698273,30,30,size_30x30_run_003_seed_123,123
13.737395474281422,11.426040744021257,30,30,size_30x30_run_003_seed_123,123
13.7383459635206,11.465250110668437,30,30,size_30x30_run_003_seed_123,123
13.747530415046853,11.504424778761061,30,30,size_30x30_run_003_seed_123,123
13.754821412441254,11.543564794338788,30,30,size_30x30_run_003_seed_123,123
13.763006637416318,11.582670203359859,30,30,size_30x30_run_003_seed_123,123
13.774492247650905,11.621741051701282,30,30,size_30x30_run_003_seed_123,123
13.794221190984427,11.66077738515901,30,30,size_30x30_run_003_seed_123,123
13.802835886693469,11.699779249448124,30,30,size_30x30_run_003_seed_123,123
13.818298755664898,11.738746690203,30,30,size_30x30_run_003_seed_123,123
13.820199144011784,11.777679752977503,30,30,size_30x30_run_003_seed_123,123
13.822628963332871,11.816578483245149,30,30,size_30x30_run_003_seed_123,123
13.828559989311099,11.855442926399295,30,30,size_30x30_run_003_seed_123,123
13.832926121152422,11.894273127753303,30,30,size_30x30_run_003_seed_123,123
13.836589868559079,11.933069132540732,30,30,size_30x30_run_003_seed_123,123
13.841284056094096,11.971830985915492,30,30,size_30x30_run_003_seed_123,123
13.844865559499574,12.010558732952045,30,30,size_30x30_run_003_seed_123,123
13.850672765840063,12.049252418645558,30,30,size_30x30_run_003_seed_123,123
13.870562420628842,12.087912087912088,30,30,size_30x30_run_003_seed_123,123
13.87874159451205,12.126537785588752,30,30,size_30x30_run_003_seed_123,123
13.882486598844826,12.165129556433904,30,30,size_30x30_run_003_seed_123,123
13.918813680232063,12.203687445127304,30,30,size_30x30_run_003_seed_123,123
13.931865385732713,12.242211496270293,30,30,size_30x30_run_003_seed_123,123
13.941510294858015,12.280701754385964,30,30,size_30x30_run_003_seed_123,123
13.94679881333325,12.319158263919332,30,30,size_30x30_run_003_seed_123,123
13.948330690701342,12.357581069237511,30,30,size_30x30_run_003_seed_123,123
13.951078054371687,12.357581069237511,30,30,size_30x30_run_003_seed_123,123
13.951126852127018,12.395970214629873,30,30,size_30x30_run_003_seed_123,123
13.961491100587684,12.43432574430823,30,30,size_30x30_run_003_seed_123,123
13.975895067181888,12.472647702407002,30,30,size_30x30_run_003_seed_123,123
13.985475081279919,12.510936132983378,30,30,size_30x30_run_003_seed_123,123
13.985783824637608,12.549191080017492,30,30,size_30x30_run_003_seed_123,123
13.992907726359201,12.587412587412588,30,30,size_30x30_run_003_seed_123,123
13.9976522548393,12.625600698995196,30,30,size_30x30_run_003_seed_123,123
14.007132204295573,12.663755458515283,30,30,size_30x30_run_003_seed_123,123
14.012485344741872,12.701876909646442,30,30,size_30x30_run_003_seed_123,123
14.017362296817788,12.739965095986038,30,30,size_30x30_run_003_seed_123,123
14.023232452282702,12.778020061055386,30,30,size_30x30_run_003_seed_123,123
14.041056062070158,12.816041848299914,30,30,size_30x30_run_003_seed_123,123
14.05153852918629,12.854030501089325,30,30,size_30x30_run_003_seed_123,123
14.054218416749046,12.854030501089325,30,30,size_30x30_run_003_seed_123,123
14.056827523502232,12.89198606271777,30,30,size_30x30_run_003_seed_123,123
14.081571705927896,12.929908576404006,30,30,size_30x30_run_003_seed_123,123
14.087546869016995,12.967798085291557,30,30,size_30x30_run_003_seed_123,123
14.09617619505714,13.00565463244889,30,30,size_30x30_run_003_seed_123,123
14.100713283941001,13.043478260869565,30,30,size_30x30_run_003_seed_123,123
14.103647050341682,13.081269013472404,30,30,size_30x30_run_003_seed_123,123
14.136760131897185,13.119026933101651,30,30,size_30x30_run_003_seed_123,123
14.14684232347611,13.156752062527138,30,30,size_30x30_run_003_seed_123,123
14.148912829544235,13.194444444444445,30,30,size_30x30_run_003_seed_123,123
14.161036676588624,13.232104121475055,30,30,size_30x30_run_003_seed_123,123
14.164869570998416,13.269731136166522,30,30,size_30x30_run_003_seed_123,123
14.171541473752342,13.307325530992632,30,30,size_30x30_run_003_seed_123,123
14.201903323531052,13.344887348353554,30,30,size_30x30_run_003_seed_123,123
14.203527142633902,13.382416630576008,30,30,size_30x30_run_003_seed_123,123
14.210321747814147,13.41991341991342,30,30,size_30x30_run_003_seed_123,123
14.223179695513265,13.457377758546086,30,30,size_30x30_run_003_seed_123,123
14.23428004393625,13.494809688581316,30,30,size_30x30_run_003_seed_123,123
14.24187927506354,13.53220925205361,30,30,size_30x30_run_003_seed_123,123
14.2785123023255,13.569576490924806,30,30,size_30x30_run_003_seed_123,123
14.29852517159857,13.569576490924806,30,30,size_30x30_run_003_seed_123,123
14.29986350922684,13.606911447084233,30,30,size_30x30_run_003_seed_123,123
14.305049892941843,13.644214162348877,30,30,size_30x30_run_003_seed_123,123
14.310990982915797,13.644214162348877,30,30,size_30x30_run_003_seed_123,123
14.319967419316267,13.68148467846353,30,30,size_30x30_run_003_seed_123,123
14.322924350830665,13.718723037100949,30,30,size_30x30_run_003_seed_123,123
14.329152260508522,13.75592927986201,30,30,size_30x30_run_003_seed_123,123
14.329639199294538,13.793103448275861,30,30,size_30x30_run_003_seed_123,123
14.339477913822346,13.830245583800085,30,30,size_30x30_run_003_seed_123,123
14.341907418851092,13.867355727820843,30,30,size_30x30_run_003_seed_123,123
14.343923372271425,13.904433921653034,30,30,size_30x30_run_003_seed_123,123
14.346071774733756,13.941480206540447,30,30,size_30x30_run_003_seed_123,123
14.348804138191852,13.978494623655912,30,30,size_30x30_run_003_seed_123,123
14.350050587693472,14.015477214101463,30,30,size_30x30_run_003_seed_123,123
14.352563137407358,14.052428018908467,30,30,size_30x30_run_003_seed_123,123
14.356583874163547,14.0893470790378,30,30,size_30x30_run_003_seed_123,123
14.373173577313802,14.126234435379992,30,30,size_30x30_run_003_seed_123,123
14.374326381132054,14.163090128755366,30,30,size_30x30_run_003_seed_123,123
14.375155119904026,14.199914199914199,30,30,size_30x30_run_003_seed_123,123
14.38379454080232,14.236706689536879,30,30,size_30x30_run_003_seed_123,123
14.390592202995078,14.273467638234033,30,30,size_30x30_run_003_seed_123,123
14.40283568031614,14.3101970865467,30,30,size_30x30_run_003_seed_123,123
14.415719923258443,14.3101970865467,30,30,size_30x30_run_003_seed_123,123
14.430561788564084,14.346895074946467,30,30,size_30x30_run_003_seed_123,123
14.439230300876766,14.346895074946467,30,30,size_30x30_run_003_seed_123,123
14.451995783271764,14.383561643835616,30,30,size_30x30_run_003_seed_123,123
14.452645721747672,14.420196833547283,30,30,size_30x30_run_003_seed_123,123
14.480806763966232,14.456800684345595,30,30,size_30x30_run_003_seed_123,123
14.48279925202221,14.493373236425821,30,30,size_30x30_run_003_seed_123,123
14.497316981613077,14.493373236425821,30,30,size_30x30_run_003_seed_123,123
14.499522842615644,14.493373236425821,30,30,size_30x30_run_003_seed_123,123
14.505034349540225,14.493373236425821,30,30,size_30x30_run_003_seed_123,123
14.508264753966653,14.529914529914532,30,30,size_30x30_run_003_seed_123,123
14.510880708933911,14.566424604869713,30,30,size_30x30_run_003_seed_123,123
14.51093996794347,14.602903501280956,30,30,size_30x30_run_003_seed_123,123
14.521251482481315,14.639351259069569,30,30,size_30x30_run_003_seed_123,123
14.527842445973597,14.675767918088736,30,30,size_30x30_run_003_seed_123,123
14.536013715788394,14.712153518123666,30,30,size_30x30_run_003_seed_123,123
14.537148517162166,14.74850809889173,30,30,size_30x30_run_003_seed_123,123
14.537420966358818,14.784831700042607,30,30,size_30x30_run_003_seed_123,123
14.54738042397526,14.821124361158432,30,30,size_30x30_run_003_seed_123,123
14.556067175141392,14.857386121753938,30,30,size_30x30_run_003_seed_123,123
14.556286522137794,14.893617021276595,30,30,size_30x30_run_003_seed_123,123
14.558581007777363,14.929817099106762,30,30,size_30x30_run_003_seed_123,123
14.572529140592263,14.929817099106762,30,30,size_30x30_run_003_seed_123,123
14.580149066572128,14.965986394557824,30,30,size_30x30_run_003_seed_123,123
14.58341315628125,15.002124946876327,30,30,size_30x30_run_003_seed_123,123
14.587291261640297,15.03823279524214,30,30,size_30x30_run_003_seed_123,123
14.58781223110167,15.074309978768577,30,30,size_30x30_run_003_seed_123,123
14.590458894693933,15.110356536502549,30,30,size_30x30_run_003_seed_123,123
14.596226422627069,15.110356536502549,30,30,size_30x30_run_003_seed_123,123
14.59711171906474,15.146372507424694,30,30,size_30x30_run_003_seed_123,123
14.601973062619452,15.182357930449534,30,30,size_30x30_run_003_seed_123,123
14.63052947278675,15.218312844425604,30,30,size_30x30_run_003_seed_123,123
14.64394852046711,15.254237288135593,30,30,size_30x30_run_003_seed_123,123
14.644877037204315,15.290131300296483,30,30,size_30x30_run_003_seed_123,123
14.649075440064955,15.290131300296483,30,30,size_30x30_run_003_seed_123,123
14.650196742011351,15.325994919559696,30,30,size_30x30_run_003_seed_123,123
14.653247896687594,15.361828184511214,30,30,size_30x30_run_003_seed_123,123
14.669543055324814,15.397631133671744,30,30,size_30x30_run_003_seed_123,123
14.67695710209264,15.433403805496829,30,30,size_30x30_run_003_seed_123,123
14.676981595264209,15.469146238377007,30,30,size_30x30_run_003_seed_123,123
14.683863116410704,15.504858470637938,30,30,size_30x30_run_003_seed_123,123
14.684336197437197,15.54054054054054,30,30,size_30x30_run_003_seed_123,123
14.684701386450662,15.576192486281132,30,30,size_30x30_run_003_seed_123,123
14.686194749276048,15.611814345991561,30,30,size_30x30_run_003_seed_123,123
14.68633796015724,15.647406157739349,30,30,size_30x30_run_003_seed_123,123
14.687320184906493,15.682967959527824,30,30,size_30x30_run_003_seed_123,123
14.69090610857237,15.718499789296251,30,30,size_30x30_run_003_seed_123,123
14.694558135974997,15.754001684919967,30,30,size_30x30_run_003_seed_123,123
14.703401635551815,15.789473684210526,30,30,size_30x30_run_003_seed_123,123
14.70410586796721,15.824915824915825,30,30,size_30x30_run_003_seed_123,123
14.706752865166392,15.860328144720235,30,30,size_30x30_run_003_seed_123,123
14.71363447141236,15.895710681244744,30,30,size_30x30_run_003_seed_123,123
14.727516922615278,15.895710681244744,30,30,size_30x30_run_003_seed_123,123
14.739437207692148,15.931063472047077,30,30,size_30x30_run_003_seed_123,123
14.73969877258108,15.966386554621847,30,30,size_30x30_run_003_seed_123,123
14.742576086990518,16.001679966400673,30,30,size_30x30_run_003_seed_123,123
14.755280348290622,16.036943744752307,30,30,size_30x30_run_003_seed_123,123
14.76792983595214,16.072177926982796,30,30,size_30x30_run_003_seed_123,123
14.772452507372758,16.10738255033557,30,30,size_30x30_run_003_seed_123,123
14.78215635638399,16.142557651991616,30,30,size_30x30_run_003_seed_123,123
14.784325422088164,16.177703269069575,30,30,size_30x30_run_003_seed_123,123
14.785393094485592,16.21281943862589,30,30,size_30x30_run_003_seed_123,123
14.788655506535058,16.24790619765494,30,30,size_30x30_run_003_seed_123,123
14.794362110949553,16.282963583089156,30,30,size_30x30_run_003_seed_123,123
14.807071469119407,16.317991631799163,30,30,size_30x30_run_003_seed_123,123
14.807251037329937,16.317991631799163,30,30,size_30x30_run_003_seed_123,123
14.812076357744367,16.352990380593894,30,30,size_30x30_run_003_seed_123,123
14.82461953476012,16.387959866220736,30,30,size_30x30_run_003_seed_123,123
14.826254445770061,16.387959866220736,30,30,size_30x30_run_003_seed_123,123
14.827190446265202,16.42290012536565,30,30,size_30x30_run_003_seed_123,123
14.829244565405967,16.4578111946533,30,30,size_30x30_run_003_seed_123,123
14.836804941926927,16.49269311064718,30,30,size_30x30_run_003_seed_123,123
14.839269836130955,16.52754590984975,30,30,size_30x30_run_003_seed_123,123
14.859584447056575,16.52754590984975,30,30,size_30x30_run_003_seed_123,123
14.861537376213944,16.562369628702545,30,30,size_30x30_run_003_seed_123,123
14.862076099756974,16.59716430358632,30,30,size_30x30_run_003_seed_123,123
14.867076063663658,16.631929970821176,30,30,size_30x30_run_003_seed_123,123
14.868307204204923,16.666666666666664,30,30,size_30x30_run_003_seed_123,123
14.868369073675968,16.701374427321948,30,30,size_30x30_run_003_seed_123,123
14.869663570648505,16.736053288925895,30,30,size_30x30_run_003_seed_123,123
14.870665113314296,16.77070328755722,30,30,size_30x30_run_003_seed_123,123
14.880859861769041,16.80532445923461,30,30,size_30x30_run_003_seed_123,123
14.890584083149566,16.839916839916842,30,30,size_30x30_run_003_seed_123,123
14.894886418501557,16.87448046550291,30,30,size_30x30_run_003_seed_123,123
14.895566035342403,16.87448046550291,30,30,size_30x30_run_003_seed_123,123
14.898961516773703,16.909015371832155,30,30,size_30x30_run_003_seed_123,123
14.911335071302288,16.943521594684384,30,30,size_30x30_run_003_seed_123,123
14.918020196775982,16.97799916977999,30,30,size_30x30_run_003_seed_123,123
14.92652458657028,17.012448132780083,30,30,size_30x30_run_003_seed_123,123
14.963048821912647,17.046868519286605,30,30,size_30x30_run_003_seed_123,123
14.965540372693756,17.081260364842453,30,30,size_30x30_run_003_seed_123,123
14.971100289848216,17.11562370493162,30,30,size_30x30_run_003_seed_123,123
14.971244363855503,17.149958574979287,30,30,size_30x30_run_003_seed_123,123
14.988221064589803,17.184265010351968,30,30,size_30x30_run_003_seed_123,123
14.991238898020466,17.218543046357617,30,30,size_30x30_run_003_seed_123,123
14.993027648897941,17.25279271824576,30,30,size_30x30_run_003_seed_123,123
14.997842895188088,17.28701406120761,30,30,size_30x30_run_003_seed_123,123
15.0013082091921,17.32120711037619,30,30,size_30x30_run_003_seed_123,123
15.009664855442125,17.32120711037619,30,30,size_30x30_run_003_seed_123,123
15.011426940024045,17.355371900826448,30,30,size_30x30_run_003_seed_123,123
15.022267363737608,17.389508467575382,30,30,size_30x30_run_003_seed_123,123
15.03074164228405,17.423616845582163,30,30,size_30x30_run_003_seed_123,123
15.039119157669905,17.457697069748246,30,30,size_30x30_run_003_seed_123,123
15.039429727456998,17.457697069748246,30,30,size_30x30_run_003_seed_123,123
15.044215476712933,17.491749174917494,30,30,size_30x30_run_003_seed_123,123
15.044753958669633,17.525773195876287,30,30,size_30x30_run_003_seed_123,123
15.046984411499759,17.525773195876287,30,30,size_30x30_run_003_seed_123,123
15.05189082765253,17.55976916735367,30,30,size_30x30_run_003_seed_123,123
15.0641131026796,17.593737124021423,30,30,size_30x30_run_003_seed_123,123
15.06441427422396,17.627677100494235,30,30,size_30x30_run_003_seed_123,123
15.069214330343774,17.661589131329766,30,30,size_30x30_run_003_seed_123,123
15.081451256613287,17.695473251028808,30,30,size_30x30_run_003_seed_123,123
15.090140764160523,17.729329494035376,30,30,size_30x30_run_003_seed_123,123
15.091801631326742,17.763157894736842,30,30,size_30x30_run_003_seed_123,123
15.101067939428628,17.79695848746404,30,30,size_30x30_run_003_seed_123,123
15.105903627445535,17.830731306491373,30,30,size_30x30_run_003_seed_123,123
15.11116343250337,17.864476386036962,30,30,size_30x30_run_003_seed_123,123
15.12143306225082,17.898193760262725,30,30,size_30x30_run_003_seed_123,123
15.132572639376308,17.931883463274517,30,30,size_30x30_run_003_seed_123,123
15.134156800582227,17.96554552912223,30,30,size_30x30_run_003_seed_123,123
15.138725988525907,17.99917999179992,30,30,size_30x30_run_003_seed_123,123
15.150599999294702,18.0327868852459,30,30,size_30x30_run_003_seed_123,123
15.156969587966481,18.066366243342895,30,30,size_30x30_run_003_seed_123,123
15.16147801767881,18.0999180999181,30,30,size_30x30_run_003_seed_123,123
15.181371534006384,18.13344248874335,30,30,size_30x30_run_003_seed_123,123
15.187273019356404,18.16693944353519,30,30,size_30x30_run_003_seed_123,123
15.189558929083711,18.200408997955012,30,30,size_30x30_run_003_seed_123,123
15.195088366244306,18.200408997955012,30,30,size_30x30_run_003_seed_123,123
15.195202855026393,18.233851185609158,30,30,size_30x30_run_003_seed_123,123
15.196432088555467,18.26726604004904,30,30,size_30x30_run_003_seed_123,123
15.199571707137293,18.30065359477124,30,30,size_30x30_run_003_seed_123,123
15.200327920206194,18.30065359477124,30,30,size_30x30_run_003_seed_123,123
15.203764008908523,18.33401388321764,30,30,size_30x30_run_003_seed_123,123
15.211343341980315,18.367346938775512,30,30,size_30x30_run_003_seed_123,123
15.219089456179605,18.400652794777642,30,30,size_30x30_run_003_seed_123,123
15.220425522646181,18.43393148450245,30,30,size_30x30_run_003_seed_123,123
15.22592367109491,18.467183041174074,30,30,size_30x30_run_003_seed_123,123
15.234620697318238,18.50040749796251,30,30,size_30x30_run_003_seed_123,123
15.236785579937443,18.50040749796251,30,30,size_30x30_run_003_seed_123,123
15.246658483531792,18.533604887983707,30,30,size_30x30_run_003_seed_123,123
15.249648972662973,18.566775244299674,30,30,size_30x30_run_003_seed_123,123
15.255860216869234,18.5999185999186,30,30,size_30x30_run_003_seed_123,123
15.264515173205877,18.633034987794954,30,30,size_30x30_run_003_seed_123,123
15.264914611101718,18.666124440829606,30,30,size_30x30_run_003_seed_123,123
15.265159609472077,18.69918699186992,30,30,size_30x30_run_003_seed_123,123
15.2702504182794,18.732222673709874,30,30,size_30x30_run_003_seed_123,123
15.275512342268618,18.732222673709874,30,30,size_30x30_run_003_seed_123,123
15.278886890154983,18.765231519090168,30,30,size_30x30_run_003_seed_123,123
15.285038156567396,18.798213560698336,30,30,size_30x30_run_003_seed_123,123
15.286463112830559,18.83116883116883,30,30,size_30x30_run_003_seed_123,123
15.28894706518059,18.864097363083165,30,30,size_30x30_run_003_seed_123,123
15.29996187122721,18.864097363083165,30,30,size_30x30_run_003_seed_123,123
15.306280602868963,18.896999188969993,30,30,size_30x30_run_003_seed_123,123
15.315707053506546,18.92987434130523,30,30,size_30x30_run_003_seed_123,123
15.317792403130333,18.962722852512158,30,30,size_30x30_run_003_seed_123,123
15.31936274323205,18.995544754961525,30,30,size_30x30_run_003_seed_123,123
15.325804575182419,19.02834008097166,30,30,size_30x30_run_003_seed_123,123
15.327799615330456,19.061108862808577,30,30,size_30x30_run_003_seed_123,123
15.33138422162244,19.093851132686083,30,30,size_30x30_run_003_seed_123,123
15.333071177917002,19.12656692276587,30,30,size_30x30_run_003_seed_123,123
15.338442828833971,19.15925626515764,30,30,size_30x30_run_003_seed_123,123
15.33995797322804,19.19191919191919,30,30,size_30x30_run_003_seed_123,123
15.346612997895733,19.22455573505654,30,30,size_30x30_run_003_seed_123,123
15.355097306629613,19.25716592652402,30,30,size_30x30_run_003_seed_123,123
15.357288962107308,19.289749798224374,30,30,size_30x30_run_003_seed_123,123
15.364536901909386,19.322307382008873,30,30,size_30x30_run_003_seed_123,123
15.36787506072914,19.35483870967742,30,30,size_30x30_run_003_seed_123,123
15.371938435820658,19.38734381297864,30,30,size_30x30_run_003_seed_123,123
15.376603886589384,19.419822723609993,30,30,size_30x30_run_003_seed_123,123
15.390795543168721,19.45227547321788,30,30,size_30x30_run_003_seed_123,123
15.393433688595547,19.484702093397747,30,30,size_30x30_run_003_seed_123,123
15.403557760624025,19.484702093397747,30,30,size_30x30_run_003_seed_123,123
15.406805845352096,19.484702093397747,30,30,size_30x30_run_003_seed_123,123
15.428021099904987,19.517102615694164,30,30,size_30x30_run_003_seed_123,123
15.436737663226102,19.549477071600965,30,30,size_30x30_run_003_seed_123,123
15.438954022587145,19.581825492561318,30,30,size_30x30_run_003_seed_123,123
15.443876799393605,19.614147909967848,30,30,size_30x30_run_003_seed_123,123
15.458232026601651,19.646444355162714,30,30,size_30x30_run_003_seed_123,123
15.463907344159471,19.67871485943775,30,30,size_30x30_run_003_seed_123,123
15.46534858076717,19.67871485943775,30,30,size_30x30_run_003_seed_123,123
15.47375989781984,19.710959454034523,30,30,size_30x30_run_003_seed_123,123
15.478026703701735,19.743178170144464,30,30,size_30x30_run_003_seed_123,123
15.47843183081704,19.775371038908947,30,30,size_30x30_run_003_seed_123,123
15.483807238162635,19.807538091419406,30,30,size_30x30_run_003_seed_123,123
15.483947402383151,19.839679358717436,30,30,size_30x30_run_003_seed_123,123
15.486113391861322,19.871794871794872,30,30,size_30x30_run_003_seed_123,123
15.498946279539966,19.903884661593914,30,30,size_30x30_run_003_seed_123,123
15.507367589770293,19.935948759007204,30,30,size_30x30_run_003_seed_123,123
15.511874874835959,19.96798719487795,30,30,size_30x30_run_003_seed_123,123
15.526672975803583,20.0,30,30,size_30x30_run_003_seed_123,123
15.536977823551183,20.03198720511795,30,30,size_30x30_run_003_seed_123,123
15.54130896371984,20.06394884092726,30,30,size_30x30_run_003_seed_123,123
15.552021263356668,20.09588493807431,30,30,size_30x30_run_003_seed_123,123
15.555500481639942,20.12779552715655,30,30,size_30x30_run_003_seed_123,123
15.556450704180723,20.159680638722556,30,30,size_30x30_run_003_seed_123,123
15.567941008648864,20.191540303272145,30,30,size_30x30_run_003_seed_123,123
15.586343472121003,20.22337455125648,30,30,size_30x30_run_003_seed_123,123
15.588401691600374,20.25518341307815,30,30,size_30x30_run_003_seed_123,123
15.592235361749177,20.28696691909127,30,30,size_30x30_run_003_seed_123,123
15.59766183956206,20.318725099601593,30,30,size_30x30_run_003_seed_123,123
15.600929974549024,20.350457984866587,30,30,size_30x30_run_003_seed_123,123
15.613535104850481,20.382165605095544,30,30,size_30x30_run_003_seed_123,123
15.616233981860528,20.413847990449664,30,30,size_30x30_run_003_seed_123,123
15.630133423141174,20.445505171042164,30,30,size_30x30_run_003_seed_123,123
15.650198607446574,20.445505171042164,30,30,size_30x30_run_003_seed_123,123
15.650812718507362,20.47713717693837,30,30,size_30x30_run_003_seed_123,123
15.651944067560345,20.5087440381558,30,30,size_30x30_run_003_seed_123,123
15.657266463890993,20.540325784664283,30,30,size_30x30_run_003_seed_123,123
15.659389036576838,20.57188244638602,30,30,size_30x30_run_003_seed_123,123
15.661039887173576,20.603414053195714,30,30,size_30x30_run_003_seed_123,123
15.662673846336093,20.634920634920633,30,30,size_30x30_run_003_seed_123,123
15.66418660915886,20.66640222134074,30,30,size_30x30_run_003_seed_123,123
15.675038231507394,20.697858842188737,30,30,size_30x30_run_003_seed_123,123
15.680415835219533,20.697858842188737,30,30,size_30x30_run_003_seed_123,123
15.681126729473737,20.72929052715022,30,30,size_30x30_run_003_seed_123,123
15.689006173647126,20.760697305863708,30,30,size_30x30_run_003_seed_123,123
15.691992924388238,20.792079207920793,30,30,size_30x30_run_003_seed_123,123
15.697334014520377,20.823436262866192,30,30,size_30x30_run_003_seed_123,123
15.700857608388002,20.854768500197864,30,30,size_30x30_run_003_seed_123,123
15.706316299665788,20.88607594936709,30,30,size_30x30_run_003_seed_123,123
15.708624840409456,20.91735863977857,30,30,size_30x30_run_003_seed_123,123
15.715880496473305,20.948616600790515,30,30,size_30x30_run_003_seed_123,123
15.718534793458101,20.979849861714737,30,30,size_30x30_run_003_seed_123,123
15.731122426746317,21.011058451816748,30,30,size_30x30_run_003_seed_123,123
15.735794914955857,21.042242400315832,30,30,size_30x30_run_003_seed_123,123
15.736740210985726,21.07340173638516,30,30,size_30x30_run_003_seed_123,123
15.737174529507579,21.07340173638516,30,30,size_30x30_run_003_seed_123,123
15.746308115088992,21.104536489151872,30,30,size_30x30_run_003_seed_123,123
15.755600823317202,21.13564668769716,30,30,size_30x30_run_003_seed_123,123
15.75772067431797,21.13564668769716,30,30,size_30x30_run_003_seed_123,123
15.758925670352053,21.166732361056365,30,30,size_30x30_run_003_seed_123,123
15.760885071663152,21.19779353821907,30,30,size_30x30_run_003_seed_123,123
15.762457534934937,21.228830248129185,30,30,size_30x30_run_003_seed_123,123
15.764041374340051,21.25984251968504,30,30,size_30x30_run_003_seed_123,123
15.764083392475332,21.29083038173947,30,30,size_30x30_run_003_seed_123,123
15.765700986842935,21.321793863099924,30,30,size_30x30_run_003_seed_123,123
15.769912250652494,21.35273299252851,30,30,size_30x30_run_003_seed_123,123
15.771450562982318,21.38364779874214,30,30,size_30x30_run_003_seed_123,123
15.774926995991496,21.414538310412574,30,30,size_30x30_run_003_seed_123,123
15.77703201302521,21.414538310412574,30,30,size_30x30_run_003_seed_123,123
15.779084668664646,21.445404556166537,30,30,size_30x30_run_003_seed_123,123
15.787284738188266,21.47624656458579,30,30,size_30x30_run_003_seed_123,123
15.788426215344613,21.50706436420722,30,30,size_30x30_run_003_seed_123,123
15.789185819739224,21.53785798352295,30,30,size_30x30_run_003_seed_123,123
15.790183266963993,21.568627450980394,30,30,size_30x30_run_003_seed_123,123
15.792793162477777,21.59937279498236,30,30,size_30x30_run_003_seed_123,123
15.79341051086731,21.630094043887148,30,30,size_30x30_run_003_seed_123,123
15.793835571270204,21.660791226008616,30,30,size_30x30_run_003_seed_123,123
15.793843539236049,21.69146436961629,30,30,size_30x30_run_003_seed_123,123
15.79677811437492,21.722113502935418,30,30,size_30x30_run_003_seed_123,123
15.800125629150852,21.752738654147105,30,30,size_30x30_run_003_seed_123,123
15.80066186291827,21.783339851388344,30,30,size_30x30_run_003_seed_123,123
15.810959423475522,21.813917122752148,30,30,size_30x30_run_003_seed_123,123
15.819058771582782,21.844470496287613,30,30,size_30x30_run_003_seed_123,123
15.822172535625098,21.875,30,30,size_30x30_run_003_seed_123,123
15.83243844784911,21.90550566185084,30,30,size_30x30_run_003_seed_123,123
15.832907416358788,21.935987509758,30,30,size_30x30_run_003_seed_123,123
15.835059393850278,21.966445571595784,30,30,size_30x30_run_003_seed_123,123
15.840188387235116,21.996879875195006,30,30,size_30x30_run_003_seed_123,123
15.844532210333133,22.027290448343077,30,30,size_30x30_run_003_seed_123,123
15.846654093021213,22.0576773187841,30,30,size_30x30_run_003_seed_123,123
15.850971434108795,22.08804051421893,30,30,size_30x30_run_003_seed_123,123
15.852811967182019,22.118380062305295,30,30,size_30x30_run_003_seed_123,123
15.855771215868817,22.148695990657842,30,30,size_30x30_run_003_seed_123,123
15.865756153460907,22.17898832684825,30,30,size_30x30_run_003_seed_123,123
15.868207854934587,22.20925709840529,30,30,size_30x30_run_003_seed_123,123
15.874924726203785,22.23950233281493,30,30,size_30x30_run_003_seed_123,123
15.881661056895195,22.269724057520403,30,30,size_30x30_run_003_seed_123,123
15.886900734517345,22.2999222999223,30,30,size_30x30_run_003_seed_123,123
15.888246984186766,22.330097087378643,30,30,size_30x30_run_003_seed_123,123
15.889622406658777,22.36024844720497,30,30,size_30x30_run_003_seed_123,123
15.889702239826114,22.390376406674427,30,30,size_30x30_run_003_seed_123,123
15.893997309997737,22.420480993017843,30,30,size_30x30_run_003_seed_123,123
15.896865529065618,22.450562233423806,30,30,size_30x30_run_003_seed_123,123
15.898952094107559,22.48062015503876,30,30,size_30x30_run_003_seed_123,123
15.923001077243873,22.510654784967066,30,30,size_30x30_run_003_seed_123,123
15.924319965672458,22.540666150271107,30,30,size_30x30_run_003_seed_123,123
15.926794052437534,22.57065427797135,30,30,size_30x30_run_003_seed_123,123
15.934979986844878,22.60061919504644,30,30,size_30x30_run_003_seed_123,123
15.935816723310287,22.63056092843327,30,30,size_30x30_run_003_seed_123,123
15.936441694375395,22.66047950502707,30,30,size_30x30_run_003_seed_123,123
15.940553431236197,22.690374951681484,30,30,size_30x30_run_003_seed_123,123
15.941946325062958,22.720247295208658,30,30,size_30x30_run_003_seed_123,123
15.943604911317742,22.750096562379298,30,30,size_30x30_run_003_seed_123,123
15.948653426235698,22.779922779922778,30,30,size_30x30_run_003_seed_123,123
15.951025737668314,22.809725974527208,30,30,size_30x30_run_003_seed_123,123
15.951053993352216,22.839506172839506,30,30,size_30x30_run_003_seed_123,123
15.957672287252947,22.869263401465485,30,30,size_30x30_run_003_seed_123,123
15.959702194723995,22.89899768696993,30,30,size_30x30_run_003_seed_123,123
15.96214306982803,22.928709055876688,30,30,size_30x30_run_003_seed_123,123
15.964439469066413,22.95839753466872,30,30,size_30x30_run_003_seed_123,123
15.965659372175715,22.988063149788218,30,30,size_30x30_run_003_seed_123,123
15.965710965354882,23.017705927636644,30,30,size_30x30_run_003_seed_123,123
15.966625475182473,23.047325894574836,30,30,size_30x30_run_003_seed_123,123
15.971673825286649,23.076923076923077,30,30,size_30x30_run_003_seed_123,123
15.972635804918792,23.10649750096117,30,30,size_30x30_run_003_seed_123,123
15.97276623761851,23.136049192928517,30,30,size_30x30_run_003_seed_123,123
15.973689414285673,23.136049192928517,30,30,size_30x30_run_003_seed_123,123
15.985697949440569,23.1655781790242,30,30,size_30x30_run_003_seed_123,123
15.988085533671915,23.195084485407065,30,30,size_30x30_run_003_seed_123,123
15.988964039094903,23.224568138195778,30,30,size_30x30_run_003_seed_123,123
15.996854545570997,23.224568138195778,30,30,size_30x30_run_003_seed_123,123
15.997625726321592,23.254029163468918,30,30,size_30x30_run_003_seed_123,123
16.00281247049696,23.283467587265054,30,30,size_30x30_run_003_seed_123,123
16.005243251287773,23.31288343558282,30,30,size_30x30_run_003_seed_123,123
16.008267337627313,23.34227673438099,30,30,size_30x30_run_003_seed_123,123
16.01154209916852,23.371647509578544,30,30,size_30x30_run_003_seed_123,123
16.017433671758205,23.400995787054768,30,30,size_30x30_run_003_seed_123,123
16.022658903805432,23.43032159264931,30,30,size_30x30_run_003_seed_123,123
16.024517138373,23.459624952162265,30,30,size_30x30_run_003_seed_123,123
16.031775260388066,23.488905891354246,30,30,size_30x30_run_003_seed_123,123
16.03178221693564,23.518164435946463,30,30,size_30x30_run_003_seed_123,123
16.032610465145414,23.547400611620795,30,30,size_30x30_run_003_seed_123,123
16.03742427006749,23.57661444401987,30,30,size_30x30_run_003_seed_123,123
16.037551575287697,23.605805958747137,30,30,size_30x30_run_003_seed_123,123
16.045149941421652,23.634975181366936,30,30,size_30x30_run_003_seed_123,123
16.048778487100947,23.66412213740458,30,30,size_30x30_run_003_seed_123,123
16.051763520807594,23.693246852346434,30,30,size_30x30_run_003_seed_123,123
16.05735612366524,23.72234935163997,30,30,size_30x30_run_003_seed_123,123
16.058702884738267,23.751429660693862,30,30,size_30x30_run_003_seed_123,123
16.059000897281635,23.78048780487805,30,30,size_30x30_run_003_seed_123,123
16.061419759522078,23.809523809523807,30,30,size_30x30_run_003_seed_123,123
16.062195407052503,23.83853769992384,30,30,size_30x30_run_003_seed_123,123
16.063794304750033,23.867529501332317,30,30,size_30x30_run_003_seed_123,123
16.069356597937833,23.896499238964992,30,30,size_30x30_run_003_seed_123,123
16.070319243527774,23.92544693799924,30,30,size_30x30_run_003_seed_123,123
16.070710032977107,23.954372623574145,30,30,size_30x30_run_003_seed_123,123
16.071303560575007,23.983276320790576,30,30,size_30x30_run_003_seed_123,123
16.072741851908553,24.012158054711247,30,30,size_30x30_run_003_seed_123,123
16.074447286924606,24.041017850360806,30,30,size_30x30_run_003_seed_123,123
16.076268550151514,24.06985573272589,30,30,size_30x30_run_003_seed_123,123
16.08298884950484,24.09867172675522,30,30,size_30x30_run_003_seed_123,123
16.089699443592153,24.12746585735964,30,30,size_30x30_run_003_seed_123,123
16.090549011542244,24.15623814941221,30,30,size_30x30_run_003_seed_123,123
16.093897748503018,24.184988627748293,30,30,size_30x30_run_003_seed_123,123
16.095578794810038,24.213717317165592,30,30,size_30x30_run_003_seed_123,123
16.095701828547885,24.242424242424242,30,30,size_30x30_run_003_seed_123,123
16.09739802717562,24.271109428246877,30,30,size_30x30_run_003_seed_123,123
16.099686818453424,24.299772899318697,30,30,size_30x30_run_003_seed_123,123
16.10032539910545,24.32841468028755,30,30,size_30x30_run_003_seed_123,123
16.105492194790035,24.32841468028755,30,30,size_30x30_run_003_seed_123,123
16.106299789837983,24.357034795763994,30,30,size_30x30_run_003_seed_123,123
16.106510605879862,24.38563327032136,30,30,size_30x30_run_003_seed_123,123
16.107840881297022,24.414210128495842,30,30,size_30x30_run_003_seed_123,123
16.108832955240658,24.44276539478655,30,30,size_30x30_run_003_seed_123,123
16.113208225864266,24.47129909365559,30,30,size_30x30_run_003_seed_123,123
16.114165269690393,24.499811249528126,30,30,size_30x30_run_003_seed_123,123
16.116087782612624,24.528301886792452,30,30,size_30x30_run_003_seed_123,123
16.116177173339725,24.556771029800075,30,30,size_30x30_run_003_seed_123,123
16.118445270465365,24.58521870286576,30,30,size_30x30_run_003_seed_123,123
16.11959906155601,24.613644930267622,30,30,size_30x30_run_003_seed_123,123
16.121790701960595,24.642049736247174,30,30,size_30x30_run_003_seed_123,123
16.126066102243804,24.670433145009415,30,30,size_30x30_run_003_seed_123,123
16.127757607379333,24.69879518072289,30,30,size_30x30_run_003_seed_123,123
16.135045137708698,24.72713586751976,30,30,size_30x30_run_003_seed_123,123
16.13721364990961,24.755455229495862,30,30,size_30x30_run_003_seed_123,123
16.145039565972038,24.755455229495862,30,30,size_30x30_run_003_seed_123,123
16.1457853072645,24.783753290710795,30,30,size_30x30_run_003_seed_123,123
16.14768175984258,24.81203007518797,30,30,size_30x30_run_003_seed_123,123
16.148345755944483,24.840285606914694,30,30,size_30x30_run_003_seed_123,123
16.15735520962989,24.868519909842224,30,30,size_30x30_run_003_seed_123,123
16.15761996966168,24.896733007885842,30,30,size_30x30_run_003_seed_123,123
16.157700991162145,24.924924924924923,30,30,size_30x30_run_003_seed_123,123
16.158776769584613,24.953095684803,30,30,size_30x30_run_003_seed_123,123
16.158862863510645,24.981245311327832,30,30,size_30x30_run_003_seed_123,123
16.16187879707684,25.009373828271464,30,30,size_30x30_run_003_seed_123,123
16.162079391558223,25.037481259370313,30,30,size_30x30_run_003_seed_123,123
16.165690676299295,25.065567628325212,30,30,size_30x30_run_003_seed_123,123
16.166524695058488,25.065567628325212,30,30,size_30x30_run_003_seed_123,123
16.17000790664076,25.0936329588015,30,30,size_30x30_run_003_seed_123,123
16.17075739431858,25.121677274429054,30,30,size_30x30_run_003_seed_123,123
16.17122438606335,25.149700598802394,30,30,size_30x30_run_003_seed_123,123
16.17328227613197,25.177702955480736,30,30,size_30x30_run_003_seed_123,123
16.1778463318318,25.205684367988034,30,30,size_30x30_run_003_seed_123,123
16.18909659090207,25.205684367988034,30,30,size_30x30_run_003_seed_123,123
16.193236706982844,25.233644859813083,30,30,size_30x30_run_003_seed_123,123
16.193306628023333,25.233644859813083,30,30,size_30x30_run_003_seed_123,123
16.193728269734194,25.26158445440957,30,30,size_30x30_run_003_seed_123,123
16.193865782467878,25.289503175196117,30,30,size_30x30_run_003_seed_123,123
16.207583483643294,25.317401045556387,30,30,size_30x30_run_003_seed_123,123
16.208901352937406,25.34527808883912,30,30,size_30x30_run_003_seed_123,123
16.211134451932615,25.37313432835821,30,30,size_30x30_run_003_seed_123,123
16.2129176104982,25.37313432835821,30,30,size_30x30_run_003_seed_123,123
16.213127504179734,25.400969787392764,30,30,size_30x30_run_003_seed_123,123
16.21333508377686,25.428784489187173,30,30,size_30x30_run_003_seed_123,123
16.21433805580328,25.456578456951174,30,30,size_30x30_run_003_seed_123,123
16.21794135892616,25.48435171385991,30,30,size_30x30_run_003_seed_123,123
16.22494489068874,25.512104283054004,30,30,size_30x30_run_003_seed_123,123
16.227012045560556,25.539836187639615,30,30,size_30x30_run_003_seed_123,123
16.231670296356707,25.5675474506885,30,30,size_30x30_run_003_seed_123,123
16.23548652821582,25.595238095238095,30,30,size_30x30_run_003_seed_123,123
16.239089550111586,25.622908144291557,30,30,size_30x30_run_003_seed_123,123
16.246380064651465,25.622908144291557,30,30,size_30x30_run_003_seed_123,123
16.246715556905652,25.650557620817843,30,30,size_30x30_run_003_seed_123,123
16.24734763566439,25.678186547751764,30,30,size_30x30_run_003_seed_123,123
16.24760928135272,25.705794947994054,30,30,size_30x30_run_003_seed_123,123
16.2528515389802,25.733382844411434,30,30,size_30x30_run_003_seed_123,123
16.255290000829607,25.760950259836672,30,30,size_30x30_run_003_seed_123,123
16.268647405112944,25.788497217068645,30,30,size_30x30_run_003_seed_123,123
16.268885315290966,25.816023738872403,30,30,size_30x30_run_003_seed_123,123
16.269319938921686,25.843529847979234,30,30,size_30x30_run_003_seed_123,123
16.27141785628709,25.87101556708673,30,30,size_30x30_run_003_seed_123,123
16.272632050528323,25.898480918858834,30,30,size_30x30_run_003_seed_123,123
16.273413953422423,25.925925925925924,30,30,size_30x30_run_003_seed_123,123
16.27760776590998,25.953350610884858,30,30,size_30x30_run_003_seed_123,123
16.28031174128403,25.980754996299037,30,30,size_30x30_run_003_seed_123,123
16.28037348604767,26.008139104698486,30,30,size_30x30_run_003_seed_123,123
16.282946183711015,26.035502958579883,30,30,size_30x30_run_003_seed_123,123
16.284143124502503,26.062846580406656,30,30,size_30x30_run_003_seed_123,123
16.284159090209876,26.09016999260902,30,30,size_30x30_run_003_seed_123,123
16.285037028853772,26.117473217584042,30,30,size_30x30_run_003_seed_123,123
16.285298832434613,26.14475627769572,30,30,size_30x30_run_003_seed_123,123
16.28752316659115,26.17201919527501,30,30,size_30x30_run_003_seed_123,123
16.288376455426768,26.199261992619927,30,30,size_30x30_run_003_seed_123,123
16.292830587246407,26.226484691995573,30,30,size_30x30_run_003_seed_123,123
16.29589826460158,26.253687315634217,30,30,size_30x30_run_003_seed_123,123
16.29680986516561,26.28086988573535,30,30,size_30x30_run_003_seed_123,123
16.297199543450397,26.308032424465733,30,30,size_30x30_run_003_seed_123,123
16.303004824254476,26.335174953959484,30,30,size_30x30_run_003_seed_123,123
16.304675248781333,26.362297496318117,30,30,size_30x30_run_003_seed_123,123
16.309919302693846,26.389400073610602,30,30,size_30x30_run_003_seed_123,123
16.311751006902156,26.416482707873435,30,30,size_30x30_run_003_seed_123,123
16.313544070679235,26.443545421110702,30,30,size_30x30_run_003_seed_123,123
16.314566702084306,26.47058823529412,30,30,size_30x30_run_003_seed_123,123
16.317538244803583,26.4976111723631,30,30,size_30x30_run_003_seed_123,123
16.317599659745685,26.524614254224833,30,30,size_30x30_run_003_seed_123,123
16.319577277596967,26.551597502754316,30,30,size_30x30_run_003_seed_123,123
16.326412646736784,26.57856093979442,30,30,size_30x30_run_003_seed_123,123
16.334796414080788,26.605504587155966,30,30,size_30x30_run_003_seed_123,123
16.341896907688934,26.632428466617753,30,30,size_30x30_run_003_seed_123,123
16.34333149813014,26.65933259992666,30,30,size_30x30_run_003_seed_123,123
16.34378645154371,26.68621700879765,30,30,size_30x30_run_003_seed_123,123
16.34534485506926,26.71308171491389,30,30,size_30x30_run_003_seed_123,123
16.358473163924124,26.73992673992674,30,30,size_30x30_run_003_seed_123,123
16.358597168151753,26.766752105455875,30,30,size_30x30_run_003_seed_123,123
16.367506778371336,26.79355783308931,30,30,size_30x30_run_003_seed_123,123
16.368653579338307,26.820343944383463,30,30,size_30x30_run_003_seed_123,123
16.37967615154446,26.847110460863206,30,30,size_30x30_run_003_seed_123,123
16.382346227202675,26.87385740402194,30,30,size_30x30_run_003_seed_123,123
16.38708422260865,26.900584795321635,30,30,size_30x30_run_003_seed_123,123
16.388495555764344,26.927292656192915,30,30,size_30x30_run_003_seed_123,123
16.38972226894794,26.95398100803506,30,30,size_30x30_run_003_seed_123,123
16.38977907653892,26.98064987221614,30,30,size_30x30_run_003_seed_123,123
16.392916064905048,27.00729927007299,30,30,size_30x30_run_003_seed_123,123
16.39428155938868,27.033929222911347,30,30,size_30x30_run_003_seed_123,123
16.394832144791234,27.060539752005834,30,30,size_30x30_run_003_seed_123,123
16.396028674805695,27.087130878600075,30,30,size_30x30_run_003_seed_123,123
16.39867206605995,27.113702623906704,30,30,size_30x30_run_003_seed_123,123
16.40793597421409,27.140255009107467,30,30,size_30x30_run_003_seed_123,123
16.411531974851624,27.16678805535324,30,30,size_30x30_run_003_seed_123,123
16.41691910863283,27.193301783764106,30,30,size_30x30_run_003_seed_123,123
16.4191018242857,27.219796215429405,30,30,size_30x30_run_003_seed_123,123
16.432726072629404,27.246271371407783,30,30,size_30x30_run_003_seed_123,123
16.442910033105548,27.27272727272727,30,30,size_30x30_run_003_seed_123,123
16.444560592995956,27.299163940385313,30,30,size_30x30_run_003_seed_123,123
16.445385388964944,27.325581395348834,30,30,size_30x30_run_003_seed_123,123
16.446707115033632,27.351979658554303,30,30,size_30x30_run_003_seed_123,123
16.44930535847744,27.378358750907772,30,30,size_30x30_run_003_seed_123,123
16.45188428927402,27.404718693284934,30,30,size_30x30_run_003_seed_123,123
16.45299467627123,27.431059506531202,30,30,size_30x30_run_003_seed_123,123
16.455081276778397,27.457381211461733,30,30,size_30x30_run_003_seed_123,123
16.461646154375643,27.483683828861494,30,30,size_30x30_run_003_seed_123,123
16.46415666051023,27.509967379485325,30,30,size_30x30_run_003_seed_123,123
16.46672387903761,27.536231884057973,30,30,size_30x30_run_003_seed_123,123
16.469848217288728,27.562477363274173,30,30,size_30x30_run_003_seed_123,123
16.470071238066083,27.588703837798693,30,30,size_30x30_run_003_seed_123,123
16.47057365985898,27.614911328266377,30,30,size_30x30_run_003_seed_123,123
16.48315031303423,27.641099855282196,30,30,size_30x30_run_003_seed_123,123
16.48433483010866,27.66726943942134,30,30,size_30x30_run_003_seed_123,123
16.487367369754068,27.69342010122921,30,30,size_30x30_run_003_seed_123,123
16.487498456763028,27.719551861221543,30,30,size_30x30_run_003_seed_123,123
16.488283581174198,27.74566473988439,30,30,size_30x30_run_003_seed_123,123
16.48921586508009,27.771758757674252,30,30,size_30x30_run_003_seed_123,123
16.493838614714655,27.79783393501805,30,30,size_30x30_run_003_seed_123,123
16.49481552306293,27.823890292313248,30,30,size_30x30_run_003_seed_123,123
16.4950821634776,27.84992784992785,30,30,size_30x30_run_003_seed_123,123
16.49533459062901,27.875946628200506,30,30,size_30x30_run_003_seed_123,123
16.49756714000863,27.901946647440518,30,30,size_30x30_run_003_seed_123,123
16.497841429033834,27.927927927927925,30,30,size_30x30_run_003_seed_123,123
16.500476843233876,27.953890489913547,30,30,size_30x30_run_003_seed_123,123
16.50291101669533,27.979834353619015,30,30,size_30x30_run_003_seed_123,123
16.50437945763101,28.005759539236863,30,30,size_30x30_run_003_seed_123,123
16.505949476860273,28.031666066930548,30,30,size_30x30_run_003_seed_123,123
16.50719962947563,28.05755395683453,30,30,size_30x30_run_003_seed_123,123
16.508069121683032,28.0834232290543,30,30,size_30x30_run_003_seed_123,123
16.510640822177397,28.109273903666427,30,30,size_30x30_run_003_seed_123,123
16.510793927020813,28.13510600071865,30,30,size_30x30_run_003_seed_123,123
16.515293878640772,28.160919540229884,30,30,size_30x30_run_003_seed_123,123
16.51560043648248,28.186714542190305,30,30,size_30x30_run_003_seed_123,123
16.52343503915264,28.212491026561377,30,30,size_30x30_run_003_seed_123,123
16.524140125268648,28.238249013275922,30,30,size_30x30_run_003_seed_123,123
16.529867863923613,28.238249013275922,30,30,size_30x30_run_003_seed_123,123
16.530921460858867,28.263988522238165,30,30,size_30x30_run_003_seed_123,123
16.53265380287259,28.289709573323773,30,30,size_30x30_run_003_seed_123,123
16.533978768304145,28.31541218637993,30,30,size_30x30_run_003_seed_123,123
16.53574238466909,28.341096381225366,30,30,size_30x30_run_003_seed_123,123
16.536017944596,28.36676217765043,30,30,size_30x30_run_003_seed_123,123
16.543840080304903,28.392409595417114,30,30,size_30x30_run_003_seed_123,123
16.546454620948968,28.418038654259124,30,30,size_30x30_run_003_seed_123,123
16.547903698805417,28.44364937388193,30,30,size_30x30_run_003_seed_123,123
16.54945714088257,28.469241773962807,30,30,size_30x30_run_003_seed_123,123
16.555473242740458,28.494815874150873,30,30,size_30x30_run_003_seed_123,123
16.561623537990524,28.520371694067194,30,30,size_30x30_run_003_seed_123,123
16.562997859233207,28.545909253304753,30,30,size_30x30_run_003_seed_123,123
16.565209357230927,28.57142857142857,30,30,size_30x30_run_003_seed_123,123
16.56541021416566,28.596929667975722,30,30,size_30x30_run_003_seed_123,123
16.56700206750642,28.596929667975722,30,30,size_30x30_run_003_seed_123,123
16.568075652484072,28.62241256245539,30,30,size_30x30_run_003_seed_123,123
16.575618713038924,28.64787727434891,30,30,size_30x30_run_003_seed_123,123
16.57585157901649,28.673323823109843,30,30,size_30x30_run_003_seed_123,123
16.576935299943642,28.698752228163993,30,30,size_30x30_run_003_seed_123,123
16.579837758615508,28.72416250890948,30,30,size_30x30_run_003_seed_123,123
16.580557755867265,28.749554684716777,30,30,size_30x30_run_003_seed_123,123
16.582826631664677,28.774928774928775,30,30,size_30x30_run_003_seed_123,123
16.58403837133295,28.800284798860805,30,30,size_30x30_run_003_seed_123,123
16.585760692906046,28.800284798860805,30,30,size_30x30_run_003_seed_123,123
16.58690102960086,28.825622775800714,30,30,size_30x30_run_003_seed_123,123
16.588959917238082,28.850942725008892,30,30,size_30x30_run_003_seed_123,123
16.590304989448747,28.87624466571835,30,30,size_30x30_run_003_seed_123,123
16.59149627460941,28.90152861713473,30,30,size_30x30_run_003_seed_123,123
16.593038851446718,28.926794598436388,30,30,size_30x30_run_003_seed_123,123
16.593356468516973,28.95204262877442,30,30,size_30x30_run_003_seed_123,123
16.595177389296765,28.97727272727273,30,30,size_30x30_run_003_seed_123,123
16.59803806955312,29.00248491302804,30,30,size_30x30_run_003_seed_123,123
16.598101790017306,29.027679205110008,30,30,size_30x30_run_003_seed_123,123
16.599294384933,29.05285562256119,30,30,size_30x30_run_003_seed_123,123
16.599410078726528,29.078014184397162,30,30,size_30x30_run_003_seed_123,123
16.59980919968254,29.10315490960652,30,30,size_30x30_run_003_seed_123,123
16.601392769031428,29.128277817150956,30,30,size_30x30_run_003_seed_123,123
16.60461156680964,29.15338292596529,30,30,size_30x30_run_003_seed_123,123
16.60517007768087,29.178470254957507,30,30,size_30x30_run_003_seed_123,123
16.60529969175353,29.20353982300885,30,30,size_30x30_run_003_seed_123,123
16.605328618840637,29.20353982300885,30,30,size_30x30_run_003_seed_123,123
16.605382423226953,29.22859164897382,30,30,size_30x30_run_003_seed_123,123
16.606224685569412,29.25362575168023,30,30,size_30x30_run_003_seed_123,123
16.607341924176616,29.27864214992928,30,30,size_30x30_run_003_seed_123,123
16.609328057294682,29.303640862495584,30,30,size_30x30_run_003_seed_123,123
16.609826142536473,29.328621908127207,30,30,size_30x30_run_003_seed_123,123
16.610304557856114,29.353585305545742,30,30,size_30x30_run_003_seed_123,123
16.61099259618386,29.37853107344633,30,30,size_30x30_run_003_seed_123,123
16.61141086069391,29.37853107344633,30,30,size_30x30_run_003_seed_123,123
16.613245791620507,29.40345923049771,30,30,size_30x30_run_003_seed_123,123
16.613770454021175,29.428369795342274,30,30,size_30x30_run_003_seed_123,123
16.615419987070684,29.453262786596117,30,30,size_30x30_run_003_seed_123,123
16.618127580404888,29.453262786596117,30,30,size_30x30_run_003_seed_123,123
16.62057925928092,29.478138222849083,30,30,size_30x30_run_003_seed_123,123
16.62184604912099,29.502996122664786,30,30,size_30x30_run_003_seed_123,123
16.622335505776807,29.52783650458069,30,30,size_30x30_run_003_seed_123,123
16.624052930851096,29.552659387108136,30,30,size_30x30_run_003_seed_123,123
16.62770842616556,29.577464788732392,30,30,size_30x30_run_003_seed_123,123
16.62934167822109,29.60225272791271,30,30,size_30x30_run_003_seed_123,123
16.63207962459699,29.62702322308234,30,30,size_30x30_run_003_seed_123,123
16.632745353163767,29.651776292648613,30,30,size_30x30_run_003_seed_123,123
16.63449764814107,29.676511954992968,30,30,size_30x30_run_003_seed_123,123
16.635104545200274,29.701230228471005,30,30,size_30x30_run_003_seed_123,123
16.63696154446379,29.72593113141251,30,30,size_30x30_run_003_seed_123,123
16.638442035448865,29.75061468212153,30,30,size_30x30_run_003_seed_123,123
16.64115263914104,29.775280898876407,30,30,size_30x30_run_003_seed_123,123
16.642742198318174,29.799929799929796,30,30,size_30x30_run_003_seed_123,123
16.643768056021116,29.82456140350877,30,30,size_30x30_run_003_seed_123,123
16.644744298139795,29.849175727814803,30,30,size_30x30_run_003_seed_123,123
16.646542797972344,29.873772791023846,30,30,size_30x30_run_003_seed_123,123
16.647157959339996,29.898352611286366,30,30,size_30x30_run_003_seed_123,123
16.64731625754855,29.922915206727403,30,30,size_30x30_run_003_seed_123,123
16.647449999681367,29.947460595446586,30,30,size_30x30_run_003_seed_123,123
16.647644508859383,29.971988795518207,30,30,size_30x30_run_003_seed_123,123
16.649141582327914,29.99649982499125,30,30,size_30x30_run_003_seed_123,123
16.64950656859189,30.02099370188943,30,30,size_30x30_run_003_seed_123,123
16.64970092164099,30.045470444211265,30,30,size_30x30_run_003_seed_123,123
16.64970290967658,30.069930069930066,30,30,size_30x30_run_003_seed_123,123
16.649782881000164,30.094372596994056,30,30,size_30x30_run_003_seed_123,123
16.651318839234733,30.118798043326343,30,30,size_30x30_run_003_seed_123,123
16.65228789729207,30.14320642682501,30,30,size_30x30_run_003_seed_123,123
16.65373818438502,30.16759776536313,30,30,size_30x30_run_003_seed_123,123
16.654334957610274,30.19197207678883,30,30,size_30x30_run_003_seed_123,123
16.654726239699873,30.216329378925334,30,30,size_30x30_run_003_seed_123,123
16.656111897012572,30.240669689570982,30,30,size_30x30_run_003_seed_123,123
16.659515325159308,30.264993026499305,30,30,size_30x30_run_003_seed_123,123
16.663329446848447,30.289299407459048,30,30,size_30x30_run_003_seed_123,123
16.663547883430095,30.313588850174217,30,30,size_30x30_run_003_seed_123,123
16.66566403706095,30.337861372344133,30,30,size_30x30_run_003_seed_123,123
16.666448832789044,30.362116991643457,30,30,size_30x30_run_003_seed_123,123
16.66954083944121,30.386355725722243,30,30,size_30x30_run_003_seed_123,123
16.67147784217056,30.410577592205986,30,30,size_30x30_run_003_seed_123,123
16.675164738606604,30.434782608695656,30,30,size_30x30_run_003_seed_123,123
16.675424784060475,30.45897079276773,30,30,size_30x30_run_003_seed_123,123
16.675639424056797,30.483142161974282,30,30,size_30x30_run_003_seed_123,123
16.67784063787544,30.50729673384295,30,30,size_30x30_run_003_seed_123,123
16.68058309603864,30.53143452587704,30,30,size_30x30_run_003_seed_123,123
16.68096674233011,30.555555555555557,30,30,size_30x30_run_003_seed_123,123
16.685132607675005,30.579659840333218,30,30,size_30x30_run_003_seed_123,123
16.685899508199068,30.60374739764053,30,30,size_30x30_run_003_seed_123,123
16.6872768904344,30.6278182448838,30,30,size_30x30_run_003_seed_123,123
16.687754136913362,30.651872399445214,30,30,size_30x30_run_003_seed_123,123
16.68831811828281,30.675909878682845,30,30,size_30x30_run_003_seed_123,123
16.68963298539323,30.6999306999307,30,30,size_30x30_run_003_seed_123,123
16.690357923301182,30.72393488049879,30,30,size_30x30_run_003_seed_123,123
16.69167920027179,30.747922437673132,30,30,size_30x30_run_003_seed_123,123
16.69187622437093,30.77189338871582,30,30,size_30x30_run_003_seed_123,123
16.69329918768709,30.79584775086505,30,30,size_30x30_run_003_seed_123,123
16.694556087490998,30.819785541335175,30,30,size_30x30_run_003_seed_123,123
16.69816799032759,30.843706777316736,30,30,size_30x30_run_003_seed_123,123
16.701769685970415,30.867611475976496,30,30,size_30x30_run_003_seed_123,123
16.701931015822336,30.891499654457498,30,30,size_30x30_run_003_seed_123,123
16.702778564950044,30.915371329879104,30,30,size_30x30_run_003_seed_123,123
16.703455130768344,30.939226519337016,30,30,size_30x30_run_003_seed_123,123
16.705056762189407,30.963065239903347,30,30,size_30x30_run_003_seed_123,123
16.70697972107595,30.986887508626637,30,30,size_30x30_run_003_seed_123,123
16.70704996722192,31.01069334253191,30,30,size_30x30_run_003_seed_123,123
16.71136414821906,31.03448275862069,30,30,size_30x30_run_003_seed_123,123
16.712404595762727,31.05825577387108,30,30,size_30x30_run_003_seed_123,123
16.713419990394186,31.08201240523777,30,30,size_30x30_run_003_seed_123,123
16.71398260587158,31.10575266965208,30,30,size_30x30_run_003_seed_123,123
16.714667187355488,31.129476584022036,30,30,size_30x30_run_003_seed_123,123
16.717464579638666,31.153184165232357,30,30,size_30x30_run_003_seed_123,123
16.72061585167973,31.17687543014453,30,30,size_30x30_run_003_seed_123,123
16.721756227608996,31.20055039559684,30,30,size_30x30_run_003_seed_123,123
16.727742052613813,31.224209078404403,30,30,size_30x30_run_003_seed_123,123
16.728452902233105,31.24785149535923,30,30,size_30x30_run_003_seed_123,123
16.729953186383195,31.27147766323024,30,30,size_30x30_run_003_seed_123,123
16.732573136495798,31.29508759876331,30,30,size_30x30_run_003_seed_123,123
16.7337803329121,31.318681318681318,30,30,size_30x30_run_003_seed_123,123
16.734047723285588,31.342258839684174,30,30,size_30x30_run_003_seed_123,123
16.736810686266757,31.365820178448867,30,30,size_30x30_run_003_seed_123,123
16.740682805026076,31.3893653516295,30,30,size_30x30_run_003_seed_123,123
16.740881665983064,31.412894375857338,30,30,size_30x30_run_003_seed_123,123
16.74517705953577,31.43640726774083,30,30,size_30x30_run_003_seed_123,123
16.745506759740966,31.45990404386566,30,30,size_30x30_run_003_seed_123,123
16.74607352965145,31.483384720794795,30,30,size_30x30_run_003_seed_123,123
16.747943126620367,31.506849315068493,30,30,size_30x30_run_003_seed_123,123
16.74862816351445,31.53029784320438,30,30,size_30x30_run_003_seed_123,123
16.749290568437335,31.553730321697465,30,30,size_30x30_run_003_seed_123,123
16.754499234649447,31.577146767020185,30,30,size_30x30_run_003_seed_123,123
16.755336876447387,31.600547195622436,30,30,size_30x30_run_003_seed_123,123
16.755600440467735,31.600547195622436,30,30,size_30x30_run_003_seed_123,123
16.755884273993875,31.62393162393162,30,30,size_30x30_run_003_seed_123,123
16.756261569589235,31.647300068352703,30,30,size_30x30_run_003_seed_123,123
16.756506326507356,31.67065254526819,30,30,size_30x30_run_003_seed_123,123
16.757740116802566,31.693989071038253,30,30,size_30x30_run_003_seed_123,123
16.75886173245849,31.71730966200068,30,30,size_30x30_run_003_seed_123,123
16.759339420405887,31.74061433447099,30,30,size_30x30_run_003_seed_123,123
16.761594096147192,31.763903104742408,30,30,size_30x30_run_003_seed_123,123
16.76209132713315,31.763903104742408,30,30,size_30x30_run_003_seed_123,123
16.76634437731076,31.78717598908595,30,30,size_30x30_run_003_seed_123,123
16.770902108313983,31.810433003750425,30,30,size_30x30_run_003_seed_123,123
16.771157796533107,31.83367416496251,30,30,size_30x30_run_003_seed_123,123
16.772592647848132,31.85689948892675,30,30,size_30x30_run_003_seed_123,123
16.77706269908811,31.88010899182561,30,30,size_30x30_run_003_seed_123,123
16.77733690873092,31.903302689819547,30,30,size_30x30_run_003_seed_123,123
16.777339665648334,31.926480599046968,30,30,size_30x30_run_003_seed_123,123
16.77958306423519,31.949642735624362,30,30,size_30x30_run_003_seed_123,123
16.78211940269315,31.97278911564626,30,30,size_30x30_run_003_seed_123,123
16.78274282012673,31.99591975518531,30,30,size_30x30_run_003_seed_123,123
16.782881991791484,32.01903467029232,30,30,size_30x30_run_003_seed_123,123
16.788665614864215,32.04213387699627,30,30,size_30x30_run_003_seed_123,123
16.78919714559525,32.065217391304344,30,30,size_30x30_run_003_seed_123,123
16.78978860005061,32.088285229202036,30,30,size_30x30_run_003_seed_123,123
16.79473914467144,32.11133740665309,30,30,size_30x30_run_003_seed_123,123
16.79545699012133,32.13437393959959,30,30,size_30x30_run_003_seed_123,123
16.795741373430324,32.15739484396201,30,30,size_30x30_run_003_seed_123,123
16.79732674897046,32.180400135639196,30,30,size_30x30_run_003_seed_123,123
16.798333665684545,32.20338983050847,30,30,size_30x30_run_003_seed_123,123
16.798688052436432,32.226363944425614,30,30,size_30x30_run_003_seed_123,123
16.798759339546237,32.24932249322493,30,30,size_30x30_run_003_seed_123,123
16.799242411493207,32.27226549271927,30,30,size_30x30_run_003_seed_123,123
16.80042333794352,32.29519295870007,30,30,size_30x30_run_003_seed_123,123
16.801224217358477,32.31810490693739,30,30,size_30x30_run_003_seed_123,123
16.80302841367479,32.34100135317997,30,30,size_30x30_run_003_seed_123,123
16.805008091222227,32.36388231315522,30,30,size_30x30_run_003_seed_123,123
16.809212142100133,32.3867478025693,30,30,size_30x30_run_003_seed_123,123
16.809645010076654,32.3867478025693,30,30,size_30x30_run_003_seed_123,123
16.811072282330993,32.40959783710713,30,30,size_30x30_run_003_seed_123,123
16.811146064581013,32.432432432432435,30,30,size_30x30_run_003_seed_123,123
16.812660076302837,32.45525160418777,30,30,size_30x30_run_003_seed_123,123
16.81534661309289,32.4780553679946,30,30,size_30x30_run_003_seed_123,123
16.81565853451254,32.50084373945326,30,30,size_30x30_run_003_seed_123,123
16.81643175515254,32.523616734143054,30,30,size_30x30_run_003_seed_123,123
16.816922802936453,32.54637436762226,30,30,size_30x30_run_003_seed_123,123
16.821736067848807,32.56911665542819,30,30,size_30x30_run_003_seed_123,123
16.823139823929427,32.59184361307718,30,30,size_30x30_run_003_seed_123,123
16.824104439249652,32.61455525606469,30,30,size_30x30_run_003_seed_123,123
16.825490105932527,32.63725159986527,30,30,size_30x30_run_003_seed_123,123
16.827326525649315,32.659932659932664,30,30,size_30x30_run_003_seed_123,123
16.829097834324013,32.68259845169976,30,30,size_30x30_run_003_seed_123,123
16.838031142447136,32.70524899057873,30,30,size_30x30_run_003_seed_123,123
16.8407487103677,32.72788429196098,30,30,size_30x30_run_003_seed_123,123
16.84110294635439,32.75050437121722,30,30,size_30x30_run_003_seed_123,123
16.841979833298566,32.773109243697476,30,30,size_30x30_run_003_seed_123,123
16.843282662667722,32.795698924731184,30,30,size_30x30_run_003_seed_123,123
16.843928415416624,32.81827342962714,30,30,size_30x30_run_003_seed_123,123
16.84447952892898,32.840832773673604,30,30,size_30x30_run_003_seed_123,123
16.844652615389887,32.863376972138305,30,30,size_30x30_run_003_seed_123,123
16.84817109418583,32.88590604026846,30,30,size_30x30_run_003_seed_123,123
16.849071510325185,32.90841999329084,30,30,size_30x30_run_003_seed_123,123
16.852025978309932,32.93091884641181,30,30,size_30x30_run_003_seed_123,123
16.853006184786903,32.95340261481729,30,30,size_30x30_run_003_seed_123,123
16.853878649635917,32.975871313672926,30,30,size_30x30_run_003_seed_123,123
16.854523799317036,32.99832495812395,30,30,size_30x30_run_003_seed_123,123
16.858128173951464,33.02076356329538,30,30,size_30x30_run_003_seed_123,123
16.85824949348761,33.04318714429193,30,30,size_30x30_run_003_seed_123,123
16.860330550114373,33.065595716198125,30,30,size_30x30_run_003_seed_123,123
16.86068264800619,33.087989294078284,30,30,size_30x30_run_003_seed_123,123
16.86283325596228,33.11036789297659,30,30,size_30x30_run_003_seed_123,123
16.866931161956682,33.13273152791709,30,30,size_30x30_run_003_seed_123,123
16.86963892358102,33.155080213903744,30,30,size_30x30_run_003_seed_123,123
16.87108646062508,33.17741396592048,30,30,size_30x30_run_003_seed_123,123
16.873810943780025,33.199732798931194,30,30,size_30x30_run_003_seed_123,123
16.874433611920107,33.2220367278798,30,30,size_30x30_run_003_seed_123,123
16.87882167573661,33.244325767690256,30,30,size_30x30_run_003_seed_123,123
16.882285024402435,33.2665999332666,30,30,size_30x30_run_003_seed_123,123
16.883152559640813,33.28885923949299,30,30,size_30x30_run_003_seed_123,123
16.883537215391314,33.31110370123375,30,30,size_30x30_run_003_seed_123,123
16.884048797318886,33.33333333333333,30,30,size_30x30_run_003_seed_123,123
16.884809159863238,33.35554815061646,30,30,size_30x30_run_003_seed_123,123
16.885374341580672,33.37774816788808,30,30,size_30x30_run_003_seed_123,123
16.88592829290268,33.3999333999334,30,30,size_30x30_run_003_seed_123,123
16.88657636663252,33.422103861517975,30,30,size_30x30_run_003_seed_123,123
16.88717163865124,33.44425956738768,30,30,size_30x30_run_003_seed_123,123
16.88880337655467,33.4664005322688,30,30,size_30x30_run_003_seed_123,123
16.88925221539385,33.48852677086798,30,30,size_30x30_run_003_seed_123,123
16.88928321949107,33.51063829787234,30,30,size_30x30_run_003_seed_123,123
16.889965901301515,33.532735127949486,30,30,size_30x30_run_003_seed_123,123
16.889984834663316,33.5548172757475,30,30,size_30x30_run_003_seed_123,123
16.890218593948166,33.57688475589505,30,30,size_30x30_run_003_seed_123,123
16.89145879022133,33.59893758300132,30,30,size_30x30_run_003_seed_123,123
16.89171269280627,33.620975771656155,30,30,size_30x30_run_003_seed_123,123
16.89490033113689,33.64299933642999,30,30,size_30x30_run_003_seed_123,123
16.896922683312646,33.66500829187397,30,30,size_30x30_run_003_seed_123,123
16.897284561618513,33.687002652519894,30,30,size_30x30_run_003_seed_123,123
16.897400581920405,33.70898243288035,30,30,size_30x30_run_003_seed_123,123
16.89984935324956,33.73094764744864,30,30,size_30x30_run_003_seed_123,123
16.899878466764914,33.75289831069891,30,30,size_30x30_run_003_seed_123,123
16.901951493736547,33.77483443708609,30,30,size_30x30_run_003_seed_123,123
16.90278614573872,33.79675604104601,30,30,size_30x30_run_003_seed_123,123
16.904151609600987,33.81866313699537,30,30,size_30x30_run_003_seed_123,123
16.906413095654703,33.84055573933179,30,30,size_30x30_run_003_seed_123,123
16.908057242470452,33.86243386243386,30,30,size_30x30_run_003_seed_123,123
16.91229602843069,33.86243386243386,30,30,size_30x30_run_003_seed_123,123
16.912529197104455,33.88429752066116,30,30,size_30x30_run_003_seed_123,123
16.912850938215538,33.906146728354265,30,30,size_30x30_run_003_seed_123,123
16.91340530046604,33.92798149983482,30,30,size_30x30_run_003_seed_123,123
16.91392068068622,33.949801849405546,30,30,size_30x30_run_003_seed_123,123
16.915255582163784,33.97160779135028,30,30,size_30x30_run_003_seed_123,123
16.91668463253193,33.993399339933994,30,30,size_30x30_run_003_seed_123,123
16.91908850292562,34.01517650940284,30,30,size_30x30_run_003_seed_123,123
16.91953364640372,34.03693931398417,30,30,size_30x30_run_003_seed_123,123
16.924945100830133,34.05868776788658,30,30,size_30x30_run_003_seed_123,123
16.926369942683785,34.080421885299934,30,30,size_30x30_run_003_seed_123,123
16.926932020846653,34.102141680395384,30,30,size_30x30_run_003_seed_123,123
16.9292208889204,34.12384716732543,30,30,size_30x30_run_003_seed_123,123
16.93107515086891,34.1455383602239,30,30,size_30x30_run_003_seed_123,123
16.931225699052522,34.16721527320606,30,30,size_30x30_run_003_seed_123,123
16.94001070475016,34.18887792036854,30,30,size_30x30_run_003_seed_123,123
16.94438671585127,34.21052631578947,30,30,size_30x30_run_003_seed_123,123
16.944514423246368,34.21052631578947,30,30,size_30x30_run_003_seed_123,123
16.944775736058606,34.232160473528445,30,30,size_30x30_run_003_seed_123,123
16.949922604568872,34.25378040762656,30,30,size_30x30_run_003_seed_123,123
16.951771641836693,34.27538613210647,30,30,size_30x30_run_003_seed_123,123
16.95304311880981,34.2969776609724,30,30,size_30x30_run_003_seed_123,123
16.95339542751423,34.31855500821018,30,30,size_30x30_run_003_seed_123,123
16.953801903562148,34.34011818778726,30,30,size_30x30_run_003_seed_123,123
16.957024739781232,34.36166721365277,30,30,size_30x30_run_003_seed_123,123
16.960198047859723,34.38320209973753,30,30,size_30x30_run_003_seed_123,123
16.96027706603305,34.404722859954084,30,30,size_30x30_run_003_seed_123,123
16.960416331940344,34.42622950819672,30,30,size_30x30_run_003_seed_123,123
16.960963719700132,34.447722058341526,30,30,size_30x30_run_003_seed_123,123
16.962398161076976,34.469200524246396,30,30,size_30x30_run_003_seed_123,123
16.965491777025882,34.49066491975106,30,30,size_30x30_run_003_seed_123,123
16.974600332974596,34.51211525867714,30,30,size_30x30_run_003_seed_123,123
16.975209569380496,34.53355155482815,30,30,size_30x30_run_003_seed_123,123
16.98018193438065,34.55497382198953,30,30,size_30x30_run_003_seed_123,123
16.986849813322536,34.57638207392869,30,30,size_30x30_run_003_seed_123,123
16.987811734135118,34.59777632439503,30,30,size_30x30_run_003_seed_123,123
16.98907680663596,34.619156587119974,30,30,size_30x30_run_003_seed_123,123
16.99338439222176,34.64052287581699,30,30,size_30x30_run_003_seed_123,123
16.995980135910866,34.66187520418164,30,30,size_30x30_run_003_seed_123,123
16.996497795939863,34.68321358589158,30,30,size_30x30_run_003_seed_123,123
16.99730114417425,34.7045380346066,30,30,size_30x30_run_003_seed_123,123
16.99797157666476,34.72584856396867,30,30,size_30x30_run_003_seed_123,123
17.002245398681907,34.74714518760196,30,30,size_30x30_run_003_seed_123,123
17.00228587253165,34.768427919112845,30,30,size_30x30_run_003_seed_123,123
17.003397991240462,34.78969677208999,30,30,size_30x30_run_003_seed_123,123
17.00539657976805,34.8109517601043,30,30,size_30x30_run_003_seed_123,123
17.00719365355323,34.832192896709024,30,30,size_30x30_run_003_seed_123,123
17.00815900558807,34.85342019543974,30,30,size_30x30_run_003_seed_123,123
17.008391393691554,34.87463366981439,30,30,size_30x30_run_003_seed_123,123
17.009322824919842,34.87463366981439,30,30,size_30x30_run_003_seed_123,123
17.009566346629466,34.87463366981439,30,30,size_30x30_run_003_seed_123,123
17.011193494620226,34.89583333333333,30,30,size_30x30_run_003_seed_123,123
17.01247465214847,34.91701919947934,30,30,size_30x30_run_003_seed_123,123
17.017684042433363,34.938191281717636,30,30,size_30x30_run_003_seed_123,123
17.018657091315873,34.959349593495936,30,30,size_30x30_run_003_seed_123,123
17.01915188233697,34.980494148244475,30,30,size_30x30_run_003_seed_123,123
17.02249766674523,35.00162495937602,30,30,size_30x30_run_003_seed_123,123
17.023128765653553,35.0227420402859,30,30,size_30x30_run_003_seed_123,123
17.026640663474367,35.04384540435206,30,30,size_30x30_run_003_seed_123,123
17.029375135613652,35.064935064935064,30,30,size_30x30_run_003_seed_123,123
17.033260648494302,35.08601103537812,30,30,size_30x30_run_003_seed_123,123
17.03459466894899,35.107073329007136,30,30,size_30x30_run_003_seed_123,123
17.036193959312026,35.128121959130716,30,30,size_30x30_run_003_seed_123,123
17.036329006573684,35.1491569390402,30,30,size_30x30_run_003_seed_123,123
17.04595933179509,35.17017828200972,30,30,size_30x30_run_003_seed_123,123
17.046737964664857,35.191186001296174,30,30,size_30x30_run_003_seed_123,123
17.04798286135157,35.21218011013929,30,30,size_30x30_run_003_seed_123,123
17.048364869897352,35.233160621761655,30,30,size_30x30_run_003_seed_123,123
17.050085816607904,35.25412754936873,30,30,size_30x30_run_003_seed_123,123
17.051620634580587,35.275080906148865,30,30,size_30x30_run_003_seed_123,123
17.052444703252522,35.29602070527337,30,30,size_30x30_run_003_seed_123,123
17.052628662531138,35.316946959896505,30,30,size_30x30_run_003_seed_123,123
17.054790076215763,35.337859683155514,30,30,size_30x30_run_003_seed_123,123
17.056054744742017,35.358758888170655,30,30,size_30x30_run_003_seed_123,123
17.057320367745625,35.37964458804523,30,30,size_30x30_run_003_seed_123,123
17.057390498470774,35.400516795865634,30,30,size_30x30_run_003_seed_123,123
17.058219604423737,35.421375524701325,30,30,size_30x30_run_003_seed_123,123
17.05939489873845,35.4422207876049,30,30,size_30x30_run_003_seed_123,123
17.060165933242384,35.46305259761213,30,30,size_30x30_run_003_seed_123,123
17.064212003739335,35.46305259761213,30,30,size_30x30_run_003_seed_123,123
17.064534363729752,35.483870967741936,30,30,size_30x30_run_003_seed_123,123
17.06836210312056,35.504675910996454,30,30,size_30x30_run_003_seed_123,123
17.069256004268272,35.525467440361055,30,30,size_30x30_run_003_seed_123,123
17.070989274506456,35.54624556880439,30,30,size_30x30_run_003_seed_123,123
17.07587965244178,35.56701030927835,30,30,size_30x30_run_003_seed_123,123
17.076263620469216,35.5877616747182,30,30,size_30x30_run_003_seed_123,123
17.07647816373443,35.6084996780425,30,30,size_30x30_run_003_seed_123,123
17.079109360512728,35.6292243321532,30,30,size_30x30_run_003_seed_123,123
17.080045939322858,35.64993564993565,30,30,size_30x30_run_003_seed_123,123
17.080142879090744,35.6706336442586,30,30,size_30x30_run_003_seed_123,123
17.08124785471775,35.69131832797427,30,30,size_30x30_run_003_seed_123,123
17.081594751108685,35.71198971391835,30,30,size_30x30_run_003_seed_123,123
17.08266264014187,35.732647814910024,30,30,size_30x30_run_003_seed_123,123
17.08439810134937,35.75329264375201,30,30,size_30x30_run_003_seed_123,123
17.088554722980216,35.77392421323057,30,30,size_30x30_run_003_seed_123,123
17.09092884389332,35.79454253611557,30,30,size_30x30_run_003_seed_123,123
17.09181940494218,35.815147625160456,30,30,size_30x30_run_003_seed_123,123
17.09241224458586,35.835739493102345,30,30,size_30x30_run_003_seed_123,123
17.09347499841899,35.85631815266196,30,30,size_30x30_run_003_seed_123,123
17.09413353833129,35.876883616543765,30,30,size_30x30_run_003_seed_123,123
17.09580937378414,35.8974358974359,30,30,size_30x30_run_003_seed_123,123
17.098395519931458,35.91797500801025,30,30,size_30x30_run_003_seed_123,123
17.098565325710652,35.93850096092249,30,30,size_30x30_run_003_seed_123,123
17.099287587175606,35.959013768812035,30,30,size_30x30_run_003_seed_123,123
17.100056755891025,35.97951344430218,30,30,size_30x30_run_003_seed_123,123
17.100087667017828,36.0,30,30,size_30x30_run_003_seed_123,123
17.101178713255397,36.02047344849648,30,30,size_30x30_run_003_seed_123,123
17.10378209282994,36.04093380236649,30,30,size_30x30_run_003_seed_123,123
17.104554556683823,36.0613810741688,30,30,size_30x30_run_003_seed_123,123
17.104663056300275,36.08181527644615,30,30,size_30x30_run_003_seed_123,123
17.104929897333317,36.08181527644615,30,30,size_30x30_run_003_seed_123,123
17.1064330538242,36.08181527644615,30,30,size_30x30_run_003_seed_123,123
17.10924930191139,36.102236421725244,30,30,size_30x30_run_003_seed_123,123
17.10987724065018,36.122644522516765,30,30,size_30x30_run_003_seed_123,123
17.111672807255708,36.14303959131545,30,30,size_30x30_run_003_seed_123,123
17.112504638203287,36.16342164060006,30,30,size_30x30_run_003_seed_123,123
17.1137354876762,36.18379068283344,30,30,size_30x30_run_003_seed_123,123
17.117237680542075,36.20414673046252,30,30,size_30x30_run_003_seed_123,123
17.117505624453635,36.224489795918366,30,30,size_30x30_run_003_seed_123,123
17.11848232583959,36.244819891616196,30,30,size_30x30_run_003_seed_123,123
17.120090555835056,36.26513702995538,30,30,size_30x30_run_003_seed_123,123
17.120553871081945,36.28544122331953,30,30,size_30x30_run_003_seed_123,123
17.121271656811885,36.30573248407643,30,30,size_30x30_run_003_seed_123,123
17.123113401920495,36.32601082457816,30,30,size_30x30_run_003_seed_123,123
17.124416222819928,36.346276257161044,30,30,size_30x30_run_003_seed_123,123
17.126351592573577,36.36652879414572,30,30,size_30x30_run_003_seed_123,123
17.133636700023143,36.38676844783715,30,30,size_30x30_run_003_seed_123,123
17.134737062940918,36.40699523052464,30,30,size_30x30_run_003_seed_123,123
17.135223965915053,36.42720915448188,30,30,size_30x30_run_003_seed_123,123
17.135836787522674,36.447410231966956,30,30,size_30x30_run_003_seed_123,123
17.136293830807396,36.46759847522236,30,30,size_30x30_run_003_seed_123,123
17.136589870058,36.487773896475076,30,30,size_30x30_run_003_seed_123,123
17.137360675540922,36.507936507936506,30,30,size_30x30_run_003_seed_123,123
17.13910070748689,36.5280863218026,30,30,size_30x30_run_003_seed_123,123
17.14393980385633,36.54822335025381,30,30,size_30x30_run_003_seed_123,123
17.144184720854508,36.56834760545512,30,30,size_30x30_run_003_seed_123,123
17.145894909185806,36.58845909955612,30,30,size_30x30_run_003_seed_123,123
17.145915145549935,36.608557844690964,30,30,size_30x30_run_003_seed_123,123
17.148728214285363,36.628643852978456,30,30,size_30x30_run_003_seed_123,123
17.150801871334796,36.648717136522016,30,30,size_30x30_run_003_seed_123,123
17.153984324382897,36.66877770740975,30,30,size_30x30_run_003_seed_123,123
17.154759394333983,36.68882557771447,30,30,size_30x30_run_003_seed_123,123
17.15497288749542,36.708860759493675,30,30,size_30x30_run_003_seed_123,123
17.15797319853972,36.72888326478962,30,30,size_30x30_run_003_seed_123,123
17.16014608451543,36.74889310562935,30,30,size_30x30_run_003_seed_123,123
17.16215119491331,36.76889029402466,30,30,size_30x30_run_003_seed_123,123
17.16404780325805,36.78887484197219,30,30,size_30x30_run_003_seed_123,123
17.164116392197712,36.808846761453395,30,30,size_30x30_run_003_seed_123,123
17.164471269139966,36.808846761453395,30,30,size_30x30_run_003_seed_123,123
17.166179988710404,36.828806064434616,30,30,size_30x30_run_003_seed_123,123
17.166388995752772,36.848752762867065,30,30,size_30x30_run_003_seed_123,123
17.171317029374265,36.868686868686865,30,30,size_30x30_run_003_seed_123,123
17.172203598386837,36.88860839381508,30,30,size_30x30_run_003_seed_123,123
17.172832632420082,36.90851735015773,30,30,size_30x30_run_003_seed_123,123
17.173468930192364,36.9284137496058,30,30,size_30x30_run_003_seed_123,123
17.181070860930554,36.948297604035304,30,30,size_30x30_run_003_seed_123,123
17.182569914770063,36.96816892530728,30,30,size_30x30_run_003_seed_123,123
17.18397479750522,36.988027725267806,30,30,size_30x30_run_003_seed_123,123
17.18640043615035,37.00787401574803,30,30,size_30x30_run_003_seed_123,123
17.187772068202424,37.02770780856423,30,30,size_30x30_run_003_seed_123,123
17.18895499539218,37.04752911551778,30,30,size_30x30_run_003_seed_123,123
17.190289649805216,37.06733794839522,30,30,size_30x30_run_003_seed_123,123
17.190511925877768,37.08713431896823,30,30,size_30x30_run_003_seed_123,123
17.19263365702929,37.10691823899371,30,30,size_30x30_run_003_seed_123,123
17.194463513435704,37.12668972021377,30,30,size_30x30_run_003_seed_123,123
17.1976098065103,37.14644877435575,30,30,size_30x30_run_003_seed_123,123
17.1981893344172,37.166195413132264,30,30,size_30x30_run_003_seed_123,123
17.201069501621628,37.185929648241206,30,30,size_30x30_run_003_seed_123,123
17.201590964138806,37.20565149136578,30,30,size_30x30_run_003_seed_123,123
17.202634842734824,37.22536095417451,30,30,size_30x30_run_003_seed_123,123
17.204774607093672,37.245058048321305,30,30,size_30x30_run_003_seed_123,123
17.206091119544755,37.26474278544542,30,30,size_30x30_run_003_seed_123,123
17.2086117739218,37.284415177171525,30,30,size_30x30_run_003_seed_123,123
17.208637167773375,37.30407523510972,30,30,size_30x30_run_003_seed_123,123
17.208655998927,37.323722970855535,30,30,size_30x30_run_003_seed_123,123
17.2088385670945,37.34335839598997,30,30,size_30x30_run_003_seed_123,123
17.20900963664081,37.362981522079544,30,30,size_30x30_run_003_seed_123,123
17.210440371477826,37.38259236067627,30,30,size_30x30_run_003_seed_123,123
17.213007245450385,37.40219092331768,30,30,size_30x30_run_003_seed_123,123
17.213639797742214,37.42177722152691,30,30,size_30x30_run_003_seed_123,123
17.214040170232025,37.44135126681264,30,30,size_30x30_run_003_seed_123,123
17.21461465936876,37.460913070669164,30,30,size_30x30_run_003_seed_123,123
17.214730156908928,37.48046264457643,30,30,size_30x30_run_003_seed_123,123
17.223317758242715,37.5,30,30,size_30x30_run_003_seed_123,123
17.224271308504683,37.519525148391125,30,30,size_30x30_run_003_seed_123,123
17.22550158614379,37.539038101186755,30,30,size_30x30_run_003_seed_123,123
17.226926555987987,37.55853886980955,30,30,size_30x30_run_003_seed_123,123
17.231037484038236,37.578027465667915,30,30,size_30x30_run_003_seed_123,123
17.23163044578338,37.597503900156006,30,30,size_30x30_run_003_seed_123,123
17.232135932467738,37.61696818465378,30,30,size_30x30_run_003_seed_123,123
17.233138785224515,37.636420330526974,30,30,size_30x30_run_003_seed_123,123
17.233811930373953,37.65586034912718,30,30,size_30x30_run_003_seed_123,123
17.234208057296858,37.675288251791834,30,30,size_30x30_run_003_seed_123,123
17.236379454953862,37.69470404984423,30,30,size_30x30_run_003_seed_123,123
17.236509112522114,37.714107754593584,30,30,size_30x30_run_003_seed_123,123
17.23879806208936,37.733499377334994,30,30,size_30x30_run_003_seed_123,123
17.24153650048534,37.752878929349514,30,30,size_30x30_run_003_seed_123,123
17.24492494655227,37.77224642190417,30,30,size_30x30_run_003_seed_123,123
17.245162609153954,37.791601866251945,30,30,size_30x30_run_003_seed_123,123
17.245216219058435,37.81094527363184,30,30,size_30x30_run_003_seed_123,123
17.249631041299303,37.83027665526888,30,30,size_30x30_run_003_seed_123,123
17.2498174014222,37.84959602237414,30,30,size_30x30_run_003_seed_123,123
17.251153214689808,37.868903386144765,30,30,size_30x30_run_003_seed_123,123
17.251935963259314,37.88819875776397,30,30,size_30x30_run_003_seed_123,123
17.25279230712079,37.907482148401115,30,30,size_30x30_run_003_seed_123,123
17.253008190652984,37.92675356921167,30,30,size_30x30_run_003_seed_123,123
17.25314214210434,37.94601303133726,30,30,size_30x30_run_003_seed_123,123
17.25585564903065,37.96526054590571,30,30,size_30x30_run_003_seed_123,123
17.25624716474054,37.98449612403101,30,30,size_30x30_run_003_seed_123,123
17.256602695696095,38.00371977681339,30,30,size_30x30_run_003_seed_123,123
17.2585437648927,38.02293151533932,30,30,size_30x30_run_003_seed_123,123
17.26001583103025,38.04213135068154,30,30,size_30x30_run_003_seed_123,123
17.260781801595527,38.06131929389904,30,30,size_30x30_run_003_seed_123,123
17.26745158546283,38.080495356037154,30,30,size_30x30_run_003_seed_123,123
17.267492911634996,38.09965954812751,30,30,size_30x30_run_003_seed_123,123
17.27228807314498,38.11881188118812,30,30,size_30x30_run_003_seed_123,123
17.27397074847103,38.137952366223324,30,30,size_30x30_run_003_seed_123,123
17.275747572638554,38.15708101422387,30,30,size_30x30_run_003_seed_123,123
17.27831141407814,38.17619783616693,30,30,size_30x30_run_003_seed_123,123
17.278320022039722,38.19530284301607,30,30,size_30x30_run_003_seed_123,123
17.280719331637233,38.21439604572135,30,30,size_30x30_run_003_seed_123,123
17.285647457266773,38.23347745521927,30,30,size_30x30_run_003_seed_123,123
17.286248425425303,38.25254708243285,30,30,size_30x30_run_003_seed_123,123
17.28705658153084,38.2716049382716,30,30,size_30x30_run_003_seed_123,123
17.290526739800786,38.2906510336316,30,30,size_30x30_run_003_seed_123,123
17.291442139693817,38.30968537939544,30,30,size_30x30_run_003_seed_123,123
17.29445078961282,38.32870798643231,30,30,size_30x30_run_003_seed_123,123
17.298067158491975,38.34771886559803,30,30,size_30x30_run_003_seed_123,123
17.298983708871983,38.366718027734976,30,30,size_30x30_run_003_seed_123,123
17.29930673554298,38.38570548367221,30,30,size_30x30_run_003_seed_123,123
17.300922580280098,38.40468124422544,30,30,size_30x30_run_003_seed_123,123
17.303807716055015,38.42364532019704,30,30,size_30x30_run_003_seed_123,123
17.304572920835522,38.442597722376114,30,30,size_30x30_run_003_seed_123,123
17.30480525027497,38.46153846153847,30,30,size_30x30_run_003_seed_123,123
17.3053250757362,38.48046754844663,30,30,size_30x30_run_003_seed_123,123
17.305838212426607,38.49938499384994,30,30,size_30x30_run_003_seed_123,123
17.306924737952386,38.51829080848447,30,30,size_30x30_run_003_seed_123,123
17.30905617393421,38.53718500307314,30,30,size_30x30_run_003_seed_123,123
17.310095488746214,38.556067588325654,30,30,size_30x30_run_003_seed_123,123
17.310331869100356,38.57493857493858,30,30,size_30x30_run_003_seed_123,123
17.311340222258327,38.593797973595336,30,30,size_30x30_run_003_seed_123,123
17.312240778632187,38.61264579496624,30,30,size_30x30_run_003_seed_123,123
17.313042671738014,38.631482049708495,30,30,size_30x30_run_003_seed_123,123
17.31395961151914,38.65030674846626,30,30,size_30x30_run_003_seed_123,123
17.314135162227906,38.669119901870594,30,30,size_30x30_run_003_seed_123,123
17.315006223766254,38.68792152053955,30,30,size_30x30_run_003_seed_123,123
17.31603034070906,38.70671161507815,30,30,size_30x30_run_003_seed_123,123
17.316172655526607,38.72549019607843,30,30,size_30x30_run_003_seed_123,123
17.31630627437149,38.74425727411945,30,30,size_30x30_run_003_seed_123,123
17.31872596420084,38.7630128597673,30,30,size_30x30_run_003_seed_123,123
17.319132809396326,38.78175696357515,30,30,size_30x30_run_003_seed_123,123
17.31993640236759,38.80048959608323,30,30,size_30x30_run_003_seed_123,123
17.322354572200407,38.81921076781891,30,30,size_30x30_run_003_seed_123,123
17.323389960917794,38.837920489296636,30,30,size_30x30_run_003_seed_123,123
17.332487325050593,38.856618771018034,30,30,size_30x30_run_003_seed_123,123
17.33293260831059,38.87530562347188,30,30,size_30x30_run_003_seed_123,123
17.337490526658424,38.89398105713413,30,30,size_30x30_run_003_seed_123,123
17.337660062129707,38.912645082467925,30,30,size_30x30_run_003_seed_123,123
17.337798508351618,38.93129770992366,30,30,size_30x30_run_003_seed_123,123
17.337915753269456,38.949938949938954,30,30,size_30x30_run_003_seed_123,123
17.339027253158665,38.96856881293866,30,30,size_30x30_run_003_seed_123,123
17.340440375590802,38.987187309334956,30,30,size_30x30_run_003_seed_123,123
17.341857922592354,39.00579444952729,30,30,size_30x30_run_003_seed_123,123
17.342619445018915,39.02439024390244,30,30,size_30x30_run_003_seed_123,123
17.34331410900061,39.042974702834506,30,30,size_30x30_run_003_seed_123,123
17.34343157538167,39.061547836684944,30,30,size_30x30_run_003_seed_123,123
17.34352836760382,39.080109655802616,30,30,size_30x30_run_003_seed_123,123
17.3441256321323,39.09866017052375,30,30,size_30x30_run_003_seed_123,123
17.345235448279123,39.117199391171994,30,30,size_30x30_run_003_seed_123,123
17.34711005712044,39.13572732805843,30,30,size_30x30_run_003_seed_123,123
17.348657248568866,39.15424399148159,30,30,size_30x30_run_003_seed_123,123
17.35159000901597,39.17274939172749,30,30,size_30x30_run_003_seed_123,123
17.35216007121,39.191243539069625,30,30,size_30x30_run_003_seed_123,123
17.354374270373945,39.209726443769,30,30,size_30x30_run_003_seed_123,123
17.354852879304485,39.22819811607414,30,30,size_30x30_run_003_seed_123,123
17.355049030799904,39.24665856622114,30,30,size_30x30_run_003_seed_123,123
17.35628487647428,39.26510780443365,30,30,size_30x30_run_003_seed_123,123
17.357346235502927,39.28354584092289,30,30,size_30x30_run_003_seed_123,123
17.361445725261703,39.30197268588771,30,30,size_30x30_run_003_seed_123,123
17.362135904138505,39.32038834951456,30,30,size_30x30_run_003_seed_123,123
17.364597811572903,39.33879284197756,30,30,size_30x30_run_003_seed_123,123
17.36631843928679,39.35718617343845,30,30,size_30x30_run_003_seed_123,123
17.36761745360336,39.37556835404668,30,30,size_30x30_run_003_seed_123,123
17.367875673857235,39.39393939393939,30,30,size_30x30_run_003_seed_123,123
17.368174037137287,39.41229930324145,30,30,size_30x30_run_003_seed_123,123
17.369614445429676,39.43064809206541,30,30,size_30x30_run_003_seed_123,123
17.369748096419634,39.448985770511655,30,30,size_30x30_run_003_seed_123,123
17.37164651265742,39.46731234866828,30,30,size_30x30_run_003_seed_123,123
17.373397069037928,39.4856278366112,30,30,size_30x30_run_003_seed_123,123
17.379919998243448,39.50393224440412,30,30,size_30x30_run_003_seed_123,123
17.382668422916886,39.50393224440412,30,30,size_30x30_run_003_seed_123,123
17.384140684183,39.52222558209858,30,30,size_30x30_run_003_seed_123,123
17.385349339120424,39.54050785973398,30,30,size_30x30_run_003_seed_123,123
17.385958051198767,39.55877908733756,30,30,size_30x30_run_003_seed_123,123
17.38654748145561,39.577039274924466,30,30,size_30x30_run_003_seed_123,123
17.387471031018645,39.59528843249773,30,30,size_30x30_run_003_seed_123,123
17.38838639327024,39.61352657004831,30,30,size_30x30_run_003_seed_123,123
17.3887445440332,39.631753697555084,30,30,size_30x30_run_003_seed_123,123
17.39054281118463,39.64996982498491,30,30,size_30x30_run_003_seed_123,123
17.39059882938073,39.66817496229261,30,30,size_30x30_run_003_seed_123,123
17.391085991243965,39.66817496229261,30,30,size_30x30_run_003_seed_123,123
17.394091372410884,39.68636911942099,30,30,size_30x30_run_003_seed_123,123
17.394882384910577,39.70455230630087,30,30,size_30x30_run_003_seed_123,123
17.395734699684176,39.72272453285112,30,30,size_30x30_run_003_seed_123,123
17.396705195902,39.74088580897861,30,30,size_30x30_run_003_seed_123,123
17.40152115301718,39.75903614457831,30,30,size_30x30_run_003_seed_123,123
17.404346282804635,39.777175549533276,30,30,size_30x30_run_003_seed_123,123
17.404740549714763,39.79530403371463,30,30,size_30x30_run_003_seed_123,123
17.406336619999706,39.81342160698164,30,30,size_30x30_run_003_seed_123,123
17.40731713731407,39.83152827918171,30,30,size_30x30_run_003_seed_123,123
17.407581585751412,39.83152827918171,30,30,size_30x30_run_003_seed_123,123
17.410438196945684,39.849624060150376,30,30,size_30x30_run_003_seed_123,123
17.41195681747191,39.867708959711365,30,30,size_30x30_run_003_seed_123,123
17.412704599640154,39.885782987676585,30,30,size_30x30_run_003_seed_123,123
17.414251841209346,39.90384615384615,30,30,size_30x30_run_003_seed_123,123
17.418765511922352,39.92189846800841,30,30,size_30x30_run_003_seed_123,123
17.421353207269075,39.93993993993994,30,30,size_30x30_run_003_seed_123,123
17.423772056819313,39.95797057940558,30,30,size_30x30_run_003_seed_123,123
17.4256471226048,39.97599039615846,30,30,size_30x30_run_003_seed_123,123
17.426421865496035,39.993999399939995,30,30,size_30x30_run_003_seed_123,123
17.426678471528366,39.993999399939995,30,30,size_30x30_run_003_seed_123,123
17.426867956989177,40.0119976004799,30,30,size_30x30_run_003_seed_123,123
17.428145287976793,40.02998500749625,30,30,size_30x30_run_003_seed_123,123
17.43026407839445,40.02998500749625,30,30,size_30x30_run_003_seed_123,123
17.431407090242853,40.04796163069545,30,30,size_30x30_run_003_seed_123,123
17.432225106375412,40.06592747977225,30,30,size_30x30_run_003_seed_123,123
17.433304957133178,40.083882564409826,30,30,size_30x30_run_003_seed_123,123
17.433890645447086,40.101826894279725,30,30,size_30x30_run_003_seed_123,123
17.43504230673125,40.119760479041915,30,30,size_30x30_run_003_seed_123,123
17.437117643002786,40.13768332834481,30,30,size_30x30_run_003_seed_123,123
17.437161615588995,40.155595451825256,30,30,size_30x30_run_003_seed_123,123
17.44085958229106,40.17349685910859,30,30,size_30x30_run_003_seed_123,123
17.441398728394987,40.19138755980861,30,30,size_30x30_run_003_seed_123,123
17.442334664459278,40.20926756352765,30,30,size_30x30_run_003_seed_123,123
17.444012487965434,40.227136879856545,30,30,size_30x30_run_003_seed_123,123
17.44470033122436,40.244995518374665,30,30,size_30x30_run_003_seed_123,123
17.44488934036778,40.26284348864994,30,30,size_30x30_run_003_seed_123,123
17.44563576724117,40.280680800238876,30,30,size_30x30_run_003_seed_123,123
17.446236799692347,40.298507462686565,30,30,size_30x30_run_003_seed_123,123
17.446826523725843,40.31632348552671,30,30,size_30x30_run_003_seed_123,123
17.448609152771304,40.334128878281625,30,30,size_30x30_run_003_seed_123,123
17.452173830183607,40.351923650462275,30,30,size_30x30_run_003_seed_123,123
17.45219649446998,40.369707811568276,30,30,size_30x30_run_003_seed_123,123
17.45385752708594,40.38748137108793,30,30,size_30x30_run_003_seed_123,123
17.45499187606148,40.405244338498214,30,30,size_30x30_run_003_seed_123,123
17.455892924015476,40.42299672326482,30,30,size_30x30_run_003_seed_123,123
17.457784537480467,40.44073853484217,30,30,size_30x30_run_003_seed_123,123
17.457932815143934,40.45846978267342,30,30,size_30x30_run_003_seed_123,123
17.46053252596978,40.476190476190474,30,30,size_30x30_run_003_seed_123,123
17.46240651430261,40.493900624814046,30,30,size_30x30_run_003_seed_123,123
17.465525226376734,40.5116002379536,30,30,size_30x30_run_003_seed_123,123
17.469135166397084,40.52928932500743,30,30,size_30x30_run_003_seed_123,123
17.469180385544643,40.54696789536266,30,30,size_30x30_run_003_seed_123,123
17.469193704603967,40.56463595839524,30,30,size_30x30_run_003_seed_123,123
17.4692159679097,40.58229352346999,30,30,size_30x30_run_003_seed_123,123
17.46939876304355,40.58229352346999,30,30,size_30x30_run_003_seed_123,123
17.47131283532174,40.599940599940595,30,30,size_30x30_run_003_seed_123,123
17.472419649906858,40.61757719714964,30,30,size_30x30_run_003_seed_123,123
17.479912538988604,40.635203324428616,30,30,size_30x30_run_003_seed_123,123
17.480177471171988,40.652818991097924,30,30,size_30x30_run_003_seed_123,123
17.483264930138198,40.670424206466926,30,30,size_30x30_run_003_seed_123,123
17.484418584827218,40.68801897983393,30,30,size_30x30_run_003_seed_123,123
17.48471097798225,40.70560332048622,30,30,size_30x30_run_003_seed_123,123
17.48485730183738,40.72317723770006,30,30,size_30x30_run_003_seed_123,123
17.485890609729527,40.74074074074074,30,30,size_30x30_run_003_seed_123,123
17.487836866991582,40.758293838862556,30,30,size_30x30_run_003_seed_123,123
17.489336913023312,40.77583654130885,30,30,size_30x30_run_003_seed_123,123
17.49075569971756,40.79336885731202,30,30,size_30x30_run_003_seed_123,123
17.491387126380396,40.81089079609352,30,30,size_30x30_run_003_seed_123,123
17.49332025183361,40.828402366863905,30,30,size_30x30_run_003_seed_123,123
17.499909423548626,40.845903578822835,30,30,size_30x30_run_003_seed_123,123
17.502789368670317,40.86339444115908,30,30,size_30x30_run_003_seed_123,123
17.502845101440258,40.880874963050545,30,30,size_30x30_run_003_seed_123,123
17.502986389191243,40.8983451536643,30,30,size_30x30_run_003_seed_123,123
17.503875978982837,40.91580502215657,30,30,size_30x30_run_003_seed_123,123
17.508779752090057,40.93325457767277,30,30,size_30x30_run_003_seed_123,123
17.509100504792023,40.95069382934751,30,30,size_30x30_run_003_seed_123,123
17.509463462899063,40.968122786304605,30,30,size_30x30_run_003_seed_123,123
17.512429851766,40.98554145765713,30,30,size_30x30_run_003_seed_123,123
17.514063167112262,41.00294985250738,30,30,size_30x30_run_003_seed_123,123
17.51730347501438,41.02034797994692,30,30,size_30x30_run_003_seed_123,123
17.517761998780454,41.0377358490566,30,30,size_30x30_run_003_seed_123,123
17.5183612601268,41.055113468906576,30,30,size_30x30_run_003_seed_123,123
17.5183730967328,41.072480848556275,30,30,size_30x30_run_003_seed_123,123
17.518857469718075,41.08983799705449,30,30,size_30x30_run_003_seed_123,123
17.519849604177125,41.10718492343934,30,30,size_30x30_run_003_seed_123,123
17.52049381246083,41.1245216367383,30,30,size_30x30_run_003_seed_123,123
17.525570165429667,41.14184814596822,30,30,size_30x30_run_003_seed_123,123
17.52583159168941,41.15916446013534,30,30,size_30x30_run_003_seed_123,123
17.525848109020856,41.17647058823529,30,30,size_30x30_run_003_seed_123,123
17.525866851389623,41.19376653925316,30,30,size_30x30_run_003_seed_123,123
17.526073980997484,41.21105232216343,30,30,size_30x30_run_003_seed_123,123
17.527049831315423,41.22832794593006,30,30,size_30x30_run_003_seed_123,123
17.527469226635223,41.24559341950646,30,30,size_30x30_run_003_seed_123,123
17.5282767869232,41.262848751835534,30,30,size_30x30_run_003_seed_123,123
17.528602587198165,41.28009395184968,30,30,size_30x30_run_003_seed_123,123
17.530191701869988,41.2973290284708,30,30,size_30x30_run_003_seed_123,123
17.530307818386316,41.31455399061033,30,30,size_30x30_run_003_seed_123,123
17.532629779472618,41.33176884716926,30,30,size_30x30_run_003_seed_123,123
17.533927731287292,41.348973607038126,30,30,size_30x30_run_003_seed_123,123
17.53581138597015,41.36616827909704,30,30,size_30x30_run_003_seed_123,123
17.53750767793056,41.38335287221571,30,30,size_30x30_run_003_seed_123,123
17.53770878314341,41.40052739525345,30,30,size_30x30_run_003_seed_123,123
17.540412820962743,41.41769185705917,30,30,size_30x30_run_003_seed_123,123
17.540460837358214,41.434846266471446,30,30,size_30x30_run_003_seed_123,123
17.540742765542706,41.451990632318505,30,30,size_30x30_run_003_seed_123,123
17.541178907142754,41.4691249634182,30,30,size_30x30_run_003_seed_123,123
17.54132235414178,41.48624926857812,30,30,size_30x30_run_003_seed_123,123
17.541598404932497,41.503363556595495,30,30,size_30x30_run_003_seed_123,123
17.542099671043736,41.52046783625731,30,30,size_30x30_run_003_seed_123,123
17.542917232949417,41.52046783625731,30,30,size_30x30_run_003_seed_123,123
17.54314941523357,41.53756211634025,30,30,size_30x30_run_003_seed_123,123
17.54369277490016,41.554646405610754,30,30,size_30x30_run_003_seed_123,123
17.54406853812662,41.571720712825005,30,30,size_30x30_run_003_seed_123,123
17.551959314580824,41.58878504672897,30,30,size_30x30_run_003_seed_123,123
17.552905408873745,41.605839416058394,30,30,size_30x30_run_003_seed_123,123
17.553008681454614,41.62288382953882,30,30,size_30x30_run_003_seed_123,123
17.553399710739743,41.62288382953882,30,30,size_30x30_run_003_seed_123,123
17.553937607622125,41.639918295885614,30,30,size_30x30_run_003_seed_123,123
17.554175479115315,41.656942823803966,30,30,size_30x30_run_003_seed_123,123
17.555464254392035,41.673957421988916,30,30,size_30x30_run_003_seed_123,123
17.555883318080763,41.690962099125365,30,30,size_30x30_run_003_seed_123,123
17.557872734288875,41.70795686388808,30,30,size_30x30_run_003_seed_123,123
17.558466937848404,41.72494172494173,30,30,size_30x30_run_003_seed_123,123
17.559952966910874,41.74191669094087,30,30,size_30x30_run_003_seed_123,123
17.56023176470267,41.758881770529996,30,30,size_30x30_run_003_seed_123,123
17.560383603974618,41.77583697234352,30,30,size_30x30_run_003_seed_123,123
17.56264871978373,41.77583697234352,30,30,size_30x30_run_003_seed_123,123
17.56443762675042,41.79278230500582,30,30,size_30x30_run_003_seed_123,123
17.56493317698662,41.80971777713122,30,30,size_30x30_run_003_seed_123,123
17.56561317549476,41.82664339732403,30,30,size_30x30_run_003_seed_123,123
17.56676022723812,41.84355917417854,30,30,size_30x30_run_003_seed_123,123
17.567465972977356,41.86046511627907,30,30,size_30x30_run_003_seed_123,123
17.568921585149397,41.877361232199945,30,30,size_30x30_run_003_seed_123,123
17.569003743725556,41.89424753050552,30,30,size_30x30_run_003_seed_123,123
17.57132048101193,41.91112401975022,30,30,size_30x30_run_003_seed_123,123
17.571843305486787,41.92799070847851,30,30,size_30x30_run_003_seed_123,123
17.57192181584362,41.944847605224965,30,30,size_30x30_run_003_seed_123,123
17.572852083057732,41.96169471851422,30,30,size_30x30_run_003_seed_123,123
17.57325195695545,41.97853205686104,30,30,size_30x30_run_003_seed_123,123
17.57365076741819,41.9953596287703,30,30,size_30x30_run_003_seed_123,123
17.573934844441855,41.9953596287703,30,30,size_30x30_run_003_seed_123,123
17.574282345877275,42.01217744273703,30,30,size_30x30_run_003_seed_123,123
17.575061172740362,42.028985507246375,30,30,size_30x30_run_003_seed_123,123
17.57575446722157,42.045783830773686,30,30,size_30x30_run_003_seed_123,123
17.57578205742868,42.06257242178447,30,30,size_30x30_run_003_seed_123,123
17.577219670003124,42.079351288734436,30,30,size_30x30_run_003_seed_123,123
17.57774584559516,42.096120440069484,30,30,size_30x30_run_003_seed_123,123
17.578121177298385,42.11287988422576,30,30,size_30x30_run_003_seed_123,123
17.579687382361428,42.129629629629626,30,30,size_30x30_run_003_seed_123,123
17.580065722260013,42.14636968469772,30,30,size_30x30_run_003_seed_123,123
17.582151135070767,42.1631000578369,30,30,size_30x30_run_003_seed_123,123
17.583079802788653,42.17982075744435,30,30,size_30x30_run_003_seed_123,123
17.588521415956706,42.19653179190752,30,30,size_30x30_run_003_seed_123,123
17.589701790856946,42.21323316960416,30,30,size_30x30_run_003_seed_123,123
17.589917260652527,42.22992489890237,30,30,size_30x30_run_003_seed_123,123
17.592113976544173,42.24660698816056,30,30,size_30x30_run_003_seed_123,123
17.594305972080573,42.263279445727484,30,30,size_30x30_run_003_seed_123,123
17.59491957415812,42.279942279942276,30,30,size_30x30_run_003_seed_123,123
17.59492097498085,42.29659549913445,30,30,size_30x30_run_003_seed_123,123
17.595127683408577,42.29659549913445,30,30,size_30x30_run_003_seed_123,123
17.596387692441773,42.313239111623886,30,30,size_30x30_run_003_seed_123,123
17.597790162257063,42.32987312572088,30,30,size_30x30_run_003_seed_123,123
17.598173470222992,42.346497549726145,30,30,size_30x30_run_003_seed_123,123
17.60232535847946,42.363112391930834,30,30,size_30x30_run_003_seed_123,123
17.604325729765915,42.37971766061654,30,30,size_30x30_run_003_seed_123,123
17.60737564912531,42.3963133640553,30,30,size_30x30_run_003_seed_123,123
17.608081741663646,42.41289951050965,30,30,size_30x30_run_003_seed_123,123
17.608493504546317,42.429476108232585,30,30,size_30x30_run_003_seed_123,123
17.608597749722787,42.44604316546763,30,30,size_30x30_run_003_seed_123,123
17.612268814675918,42.462600690448795,30,30,size_30x30_run_003_seed_123,123
17.612668091034163,42.47914869140063,30,30,size_30x30_run_003_seed_123,123
17.61696477037438,42.49568717653824,30,30,size_30x30_run_003_seed_123,123
17.61767479905573,42.51221615406726,30,30,size_30x30_run_003_seed_123,123
17.618344555801666,42.5287356321839,30,30,size_30x30_run_003_seed_123,123
17.619390569146137,42.545245619074976,30,30,size_30x30_run_003_seed_123,123
17.621275975687123,42.56174612291787,30,30,size_30x30_run_003_seed_123,123
17.621897309739783,42.57823715188056,30,30,size_30x30_run_003_seed_123,123
17.623072568338547,42.5947187141217,30,30,size_30x30_run_003_seed_123,123
17.624544273850486,42.5947187141217,30,30,size_30x30_run_003_seed_123,123
17.62482684317,42.61119081779053,30,30,size_30x30_run_003_seed_123,123
17.62492138329273,42.62765347102697,30,30,size_30x30_run_003_seed_123,123
17.62556240764568,42.64410668196157,30,30,size_30x30_run_003_seed_123,123
17.626129272693074,42.6605504587156,30,30,size_30x30_run_003_seed_123,123
17.626228562338262,42.67698480940098,30,30,size_30x30_run_003_seed_123,123
17.62765235525902,42.693409742120345,30,30,size_30x30_run_003_seed_123,123
17.63213065967772,42.70982526496706,30,30,size_30x30_run_003_seed_123,123
17.632132624028824,42.7262313860252,30,30,size_30x30_run_003_seed_123,123
17.633457835509684,42.7426281133696,30,30,size_30x30_run_003_seed_123,123
17.633615973706057,42.75901545506583,30,30,size_30x30_run_003_seed_123,123
17.634445473008416,42.77539341917024,30,30,size_30x30_run_003_seed_123,123
17.637119261761818,42.79176201372998,30,30,size_30x30_run_003_seed_123,123
17.637125398429827,42.80812124678295,30,30,size_30x30_run_003_seed_123,123
17.637333245728655,42.82447112635792,30,30,size_30x30_run_003_seed_123,123
17.639734152816473,42.84081166047442,30,30,size_30x30_run_003_seed_123,123
17.64042326931976,42.857142857142854,30,30,size_30x30_run_003_seed_123,123
17.64246515790732,42.87346472436447,30,30,size_30x30_run_003_seed_123,123
17.64400155589606,42.889777270131354,30,30,size_30x30_run_003_seed_123,123
17.644769706546434,42.90608050242649,30,30,size_30x30_run_003_seed_123,123
17.64537884806129,42.922374429223744,30,30,size_30x30_run_003_seed_123,123
17.646534356268237,42.93865905848788,30,30,size_30x30_run_003_seed_123,123
17.646969289843785,42.95493439817456,30,30,size_30x30_run_003_seed_123,123
17.649228044686136,42.9712004562304,30,30,size_30x30_run_003_seed_123,123
17.64998436169134,42.98745724059293,30,30,size_30x30_run_003_seed_123,123
17.651618922344266,43.003704759190654,30,30,size_30x30_run_003_seed_123,123
17.653009506770502,43.01994301994302,30,30,size_30x30_run_003_seed_123,123
17.653597718850904,43.03617203076047,30,30,size_30x30_run_003_seed_123,123
17.65481018967086,43.052391799544424,30,30,size_30x30_run_003_seed_123,123
17.654855698761896,43.068602334187304,30,30,size_30x30_run_003_seed_123,123
17.655229965501825,43.068602334187304,30,30,size_30x30_run_003_seed_123,123
17.655851965244242,43.08480364257257,30,30,size_30x30_run_003_seed_123,123
17.657166794428417,43.10099573257468,30,30,size_30x30_run_003_seed_123,123
17.65910156390002,43.117178612059156,30,30,size_30x30_run_003_seed_123,123
17.66098514692882,43.13335228888257,30,30,size_30x30_run_003_seed_123,123
17.665036804661582,43.14951677089255,30,30,size_30x30_run_003_seed_123,123
17.66570175811819,43.165672065927815,30,30,size_30x30_run_003_seed_123,123
17.666774311829826,43.18181818181818,30,30,size_30x30_run_003_seed_123,123
17.668873174887324,43.19795512638455,30,30,size_30x30_run_003_seed_123,123
17.668915098299735,43.21408290743896,30,30,size_30x30_run_003_seed_123,123
17.671800803316557,43.230201532784555,30,30,size_30x30_run_003_seed_123,123
17.672675521467077,43.24631101021566,30,30,size_30x30_run_003_seed_123,123
17.677233255131274,43.262411347517734,30,30,size_30x30_run_003_seed_123,123
17.67908516829975,43.27850255246739,30,30,size_30x30_run_003_seed_123,123
17.685348478876584,43.29458463283243,30,30,size_30x30_run_003_seed_123,123
17.686006248242645,43.31065759637188,30,30,size_30x30_run_003_seed_123,123
17.689036798533227,43.32672145083593,30,30,size_30x30_run_003_seed_123,123
17.69151369135039,43.342776203966004,30,30,size_30x30_run_003_seed_123,123
17.692025521324044,43.35882186349476,30,30,size_30x30_run_003_seed_123,123
17.69305629563679,43.37485843714609,30,30,size_30x30_run_003_seed_123,123
17.699506082768153,43.39088593263515,30,30,size_30x30_run_003_seed_123,123
17.701719742503744,43.39088593263515,30,30,size_30x30_run_003_seed_123,123
17.705988214392303,43.40690435766837,30,30,size_30x30_run_003_seed_123,123
17.70709178821234,43.42291371994342,30,30,size_30x30_run_003_seed_123,123
17.707561524142243,43.43891402714932,30,30,size_30x30_run_003_seed_123,123
17.709720237038095,43.45490528696636,30,30,size_30x30_run_003_seed_123,123
17.711028375595596,43.470887507066145,30,30,size_30x30_run_003_seed_123,123
17.715323125265037,43.48686069511161,30,30,size_30x30_run_003_seed_123,123
17.716124517776187,43.50282485875706,30,30,size_30x30_run_003_seed_123,123
17.728451399390487,43.518780005648125,30,30,size_30x30_run_003_seed_123,123
17.728579990357893,43.5347261434218,30,30,size_30x30_run_003_seed_123,123
17.732520219276356,43.55066327970646,30,30,size_30x30_run_003_seed_123,123
17.734698398514603,43.566591422121896,30,30,size_30x30_run_003_seed_123,123
17.73607519204238,43.58251057827927,30,30,size_30x30_run_003_seed_123,123
17.73649454919038,43.59842075578116,30,30,size_30x30_run_003_seed_123,123
17.73775147488479,43.614321962221595,30,30,size_30x30_run_003_seed_123,123
17.738887284105118,43.63021420518602,30,30,size_30x30_run_003_seed_123,123
17.738949810607885,43.64609749225134,30,30,size_30x30_run_003_seed_123,123
17.73942906675815,43.66197183098591,30,30,size_30x30_run_003_seed_123,123
17.742457615068805,43.67783722894959,30,30,size_30x30_run_003_seed_123,123
17.744743879271805,43.69369369369369,30,30,size_30x30_run_003_seed_123,123
17.744922343703962,43.70954123276105,30,30,size_30x30_run_003_seed_123,123
17.744926864591843,43.725379853685986,30,30,size_30x30_run_003_seed_123,123
17.74580664216622,43.741209563994374,30,30,size_30x30_run_003_seed_123,123
17.747801316072486,43.7570303712036,30,30,size_30x30_run_003_seed_123,123
17.74803288860044,43.7728422828226,30,30,size_30x30_run_003_seed_123,123
17.74894131758551,43.7728422828226,30,30,size_30x30_run_003_seed_123,123
17.749383058930402,43.78864530635188,30,30,size_30x30_run_003_seed_123,123
17.749832187370576,43.80443944928351,30,30,size_30x30_run_003_seed_123,123
17.750951326048547,43.82022471910113,30,30,size_30x30_run_003_seed_123,123
17.75128811881284,43.83600112327998,30,30,size_30x30_run_003_seed_123,123
17.751673171763272,43.85176866928692,30,30,size_30x30_run_003_seed_123,123
17.752046664556755,43.86752736458041,30,30,size_30x30_run_003_seed_123,123
17.752226629733993,43.88327721661055,30,30,size_30x30_run_003_seed_123,123
17.752266573453102,43.899018232819074,30,30,size_30x30_run_003_seed_123,123
17.752830898413166,43.91475042063937,30,30,size_30x30_run_003_seed_123,123
17.755688027502725,43.930473787496496,30,30,size_30x30_run_003_seed_123,123
17.75774094139507,43.946188340807176,30,30,size_30x30_run_003_seed_123,123
17.758055129947344,43.96189408797982,30,30,size_30x30_run_003_seed_123,123
17.764008293621288,43.977591036414566,30,30,size_30x30_run_003_seed_123,123
17.764886685676004,43.99327919350322,30,30,size_30x30_run_003_seed_123,123
17.76627657069405,44.00895856662934,30,30,size_30x30_run_003_seed_123,123
17.76853474940048,44.02462916316821,30,30,size_30x30_run_003_seed_123,123
17.76907725935502,44.040290990486845,30,30,size_30x30_run_003_seed_123,123
17.769630474435438,44.05594405594406,30,30,size_30x30_run_003_seed_123,123
17.770367959265897,44.07158836689038,30,30,size_30x30_run_003_seed_123,123
17.772315716469876,44.08722393066816,30,30,size_30x30_run_003_seed_123,123
17.772611754112265,44.10285075461152,30,30,size_30x30_run_003_seed_123,123
17.773719175951886,44.11846884604638,30,30,size_30x30_run_003_seed_123,123
17.774771683556832,44.134078212290504,30,30,size_30x30_run_003_seed_123,123
17.777936541500647,44.149678860653445,30,30,size_30x30_run_003_seed_123,123
17.780426203400527,44.16527079843663,30,30,size_30x30_run_003_seed_123,123
17.78073941298765,44.1808540329333,30,30,size_30x30_run_003_seed_123,123
17.78334705994346,44.19642857142857,30,30,size_30x30_run_003_seed_123,123
17.78343424120526,44.21199442119944,30,30,size_30x30_run_003_seed_123,123
17.783995328947448,44.22755158951478,30,30,size_30x30_run_003_seed_123,123
17.784538223784644,44.24310008363535,30,30,size_30x30_run_003_seed_123,123
17.78493625490146,44.25863991081383,30,30,size_30x30_run_003_seed_123,123
17.785386082355906,44.274171078294785,30,30,size_30x30_run_003_seed_123,123
17.785403627888712,44.28969359331476,30,30,size_30x30_run_003_seed_123,123
17.786907684449545,44.3052074631022,30,30,size_30x30_run_003_seed_123,123
17.787227121447128,44.32071269487751,30,30,size_30x30_run_003_seed_123,123
17.79112364576886,44.336209295853045,30,30,size_30x30_run_003_seed_123,123
17.79257735290297,44.351697273233164,30,30,size_30x30_run_003_seed_123,123
17.79313089448361,44.36717663421418,30,30,size_30x30_run_003_seed_123,123
17.795103112731677,44.38264738598443,30,30,size_30x30_run_003_seed_123,123
17.79629149179361,44.39810953572422,30,30,size_30x30_run_003_seed_123,123
17.79675501783847,44.39810953572422,30,30,size_30x30_run_003_seed_123,123
17.797312912582907,44.41356309060589,30,30,size_30x30_run_003_seed_123,123
17.79806462510453,44.42900805779384,30,30,size_30x30_run_003_seed_123,123
17.80232021203882,44.44444444444444,30,30,size_30x30_run_003_seed_123,123
17.80460333605769,44.45987225770619,30,30,size_30x30_run_003_seed_123,123
17.805213863302757,44.4752915047196,30,30,size_30x30_run_003_seed_123,123
17.806868187552002,44.49070219261726,30,30,size_30x30_run_003_seed_123,123
17.80780544799112,44.50610432852386,30,30,size_30x30_run_003_seed_123,123
17.809536562152278,44.521497919556175,30,30,size_30x30_run_003_seed_123,123
17.81002256164356,44.53688297282307,30,30,size_30x30_run_003_seed_123,123
17.81162967876126,44.55225949542556,30,30,size_30x30_run_003_seed_123,123
17.813320385187293,44.567627494456765,30,30,size_30x30_run_003_seed_123,123
17.813745179845675,44.58298697700194,30,30,size_30x30_run_003_seed_123,123
17.813928485183993,44.59833795013851,30,30,size_30x30_run_003_seed_123,123
17.815728426184467,44.61368042093603,30,30,size_30x30_run_003_seed_123,123
17.81639825633904,44.629014396456256,30,30,size_30x30_run_003_seed_123,123
17.818414691749908,44.64433988375311,30,30,size_30x30_run_003_seed_123,123
17.818761382085622,44.659656889872714,30,30,size_30x30_run_003_seed_123,123
17.81923060284066,44.67496542185339,30,30,size_30x30_run_003_seed_123,123
17.82063399272591,44.690265486725664,30,30,size_30x30_run_003_seed_123,123
17.824415727346086,44.705557091512304,30,30,size_30x30_run_003_seed_123,123
17.824467797961162,44.7208402432283,30,30,size_30x30_run_003_seed_123,123
17.828781956029506,44.7361149488809,30,30,size_30x30_run_003_seed_123,123
17.830064395947634,44.751381215469614,30,30,size_30x30_run_003_seed_123,123
17.831073568333025,44.76663904998619,30,30,size_30x30_run_003_seed_123,123
17.831499675904155,44.78188845941469,30,30,size_30x30_run_003_seed_123,123
17.833232092509487,44.79712945073144,30,30,size_30x30_run_003_seed_123,123
17.833593548776133,44.81236203090508,30,30,size_30x30_run_003_seed_123,123
17.834327562318467,44.827586206896555,30,30,size_30x30_run_003_seed_123,123
17.835945700436667,44.84280198565913,30,30,size_30x30_run_003_seed_123,123
17.839623318750984,44.858009374138405,30,30,size_30x30_run_003_seed_123,123
17.84092083664815,44.87320837927233,30,30,size_30x30_run_003_seed_123,123
17.840956293989887,44.88839900799118,30,30,size_30x30_run_003_seed_123,123
17.842348832812846,44.90358126721763,30,30,size_30x30_run_003_seed_123,123
17.845187150029183,44.918755163866706,30,30,size_30x30_run_003_seed_123,123
17.847670194484458,44.93392070484582,30,30,size_30x30_run_003_seed_123,123
17.85016048171025,44.94907789705477,30,30,size_30x30_run_003_seed_123,123
17.851466940375868,44.9642267473858,30,30,size_30x30_run_003_seed_123,123
17.851888403282945,44.97936726272352,30,30,size_30x30_run_003_seed_123,123
17.853064358582696,44.994499449944996,30,30,size_30x30_run_003_seed_123,123
17.85338520540586,45.00962331591972,30,30,size_30x30_run_003_seed_123,123
17.85366341108434,45.024738867509626,30,30,size_30x30_run_003_seed_123,123
17.854798555545017,45.03984611156911,30,30,size_30x30_run_003_seed_123,123
17.85514219118782,45.05494505494506,30,30,size_30x30_run_003_seed_123,123
17.855941163077123,45.070035704476794,30,30,size_30x30_run_003_seed_123,123
17.85668698378452,45.08511806699615,30,30,size_30x30_run_003_seed_123,123
17.85739848537809,45.100192149327476,30,30,size_30x30_run_003_seed_123,123
17.85811713371212,45.1152579582876,30,30,size_30x30_run_003_seed_123,123
17.85893304151115,45.13031550068587,30,30,size_30x30_run_003_seed_123,123
17.86009176846538,45.14536478332419,30,30,size_30x30_run_003_seed_123,123
17.860918530068524,45.160405812996984,30,30,size_30x30_run_003_seed_123,123
17.861535406490624,45.17543859649123,30,30,size_30x30_run_003_seed_123,123
17.862227190136093,45.19046314058646,30,30,size_30x30_run_003_seed_123,123
17.865187767540355,45.20547945205479,30,30,size_30x30_run_003_seed_123,123
17.86547200821499,45.220487537660915,30,30,size_30x30_run_003_seed_123,123
17.867947538547487,45.2354874041621,30,30,size_30x30_run_003_seed_123,123
17.870450211261616,45.250479058308244,30,30,size_30x30_run_003_seed_123,123
17.872022104141017,45.26546250684182,30,30,size_30x30_run_003_seed_123,123
17.872102697007474,45.280437756497946,30,30,size_30x30_run_003_seed_123,123
17.873094546171586,45.29540481400438,30,30,size_30x30_run_003_seed_123,123
17.87421060056862,45.31036368608149,30,30,size_30x30_run_003_seed_123,123
17.87424709091169,45.32531437944232,30,30,size_30x30_run_003_seed_123,123
17.87491102225085,45.34025690079256,30,30,size_30x30_run_003_seed_123,123
17.875487351878775,45.3551912568306,30,30,size_30x30_run_003_seed_123,123
17.875657366965772,45.37011745424747,30,30,size_30x30_run_003_seed_123,123
17.87739886780733,45.385035499726925,30,30,size_30x30_run_003_seed_123,123
17.878323929843155,45.3999453999454,30,30,size_30x30_run_003_seed_123,123
17.878918779000266,45.414847161572055,30,30,size_30x30_run_003_seed_123,123
17.8792547367106,45.429740791268756,30,30,size_30x30_run_003_seed_123,123
17.879388471317352,45.44462629569013,30,30,size_30x30_run_003_seed_123,123
17.88007389555001,45.459503681483504,30,30,size_30x30_run_003_seed_123,123
17.880508555145592,45.47437295528899,30,30,size_30x30_run_003_seed_123,123
17.88055714854935,45.489234123739436,30,30,size_30x30_run_003_seed_123,123
17.88110422376094,45.50408719346049,30,30,size_30x30_run_003_seed_123,123
17.8840428427044,45.51893217107055,30,30,size_30x30_run_003_seed_123,123
17.886814068284508,45.53376906318083,30,30,size_30x30_run_003_seed_123,123
17.887491974633132,45.53376906318083,30,30,size_30x30_run_003_seed_123,123
17.88946001380972,45.54859787639532,30,30,size_30x30_run_003_seed_123,123
17.890073368575646,45.56341861731083,30,30,size_30x30_run_003_seed_123,123
17.89177848875796,45.57823129251701,30,30,size_30x30_run_003_seed_123,123
17.89250766743042,45.5930359085963,30,30,size_30x30_run_003_seed_123,123
17.895989304589964,45.60783247212402,30,30,size_30x30_run_003_seed_123,123
17.898546631472,45.6226209896683,30,30,size_30x30_run_003_seed_123,123
17.90110389543377,45.63740146779016,30,30,size_30x30_run_003_seed_123,123
17.90236301834744,45.65217391304348,30,30,size_30x30_run_003_seed_123,123
17.904160221527498,45.666938331975004,30,30,size_30x30_run_003_seed_123,123
17.904594274133252,45.666938331975004,30,30,size_30x30_run_003_seed_123,123
17.904643757902175,45.68169473112439,30,30,size_30x30_run_003_seed_123,123
17.905038784064107,45.69644311702417,30,30,size_30x30_run_003_seed_123,123
17.905830207996082,45.71118349619978,30,30,size_30x30_run_003_seed_123,123
17.907238144392302,45.725915875169605,30,30,size_30x30_run_003_seed_123,123
17.9105149419853,45.74064026044493,30,30,size_30x30_run_003_seed_123,123
17.91235120783296,45.75535665852997,30,30,size_30x30_run_003_seed_123,123
17.913954135672345,45.770065075921906,30,30,size_30x30_run_003_seed_123,123
17.91468817110813,45.78476551911087,30,30,size_30x30_run_003_seed_123,123
17.91777038952594,45.799457994579946,30,30,size_30x30_run_003_seed_123,123
17.91861036390321,45.8141425088052,30,30,size_30x30_run_003_seed_123,123
17.91964427654749,45.82881906825569,30,30,size_30x30_run_003_seed_123,123
17.92072579227195,45.84348767939345,30,30,size_30x30_run_003_seed_123,123
17.921052916720605,45.858148348673524,30,30,size_30x30_run_003_seed_123,123
17.922714731222204,45.87280108254398,30,30,size_30x30_run_003_seed_123,123
17.92372757129492,45.887445887445885,30,30,size_30x30_run_003_seed_123,123
17.92672196685798,45.90208276981336,30,30,size_30x30_run_003_seed_123,123
17.927225653790522,45.91671173607355,30,30,size_30x30_run_003_seed_123,123
17.93280328064542,45.931332792646664,30,30,size_30x30_run_003_seed_123,123
17.935158784362258,45.94594594594595,30,30,size_30x30_run_003_seed_123,123
17.93604557134127,45.96055120237774,30,30,size_30x30_run_003_seed_123,123
17.936141138953847,45.97514856834144,30,30,size_30x30_run_003_seed_123,123
17.937968556055175,45.98973805022955,30,30,size_30x30_run_003_seed_123,123
17.939384307236818,46.00431965442765,30,30,size_30x30_run_003_seed_123,123
17.940553043856372,46.01889338731444,30,30,size_30x30_run_003_seed_123,123
17.941211657609557,46.03345925526174,30,30,size_30x30_run_003_seed_123,123
17.945145551197516,46.04801726463448,30,30,size_30x30_run_003_seed_123,123
17.945522311653406,46.062567421790725,30,30,size_30x30_run_003_seed_123,123
17.946223335122117,46.07710973308169,30,30,size_30x30_run_003_seed_123,123
17.947113194957858,46.091644204851754,30,30,size_30x30_run_003_seed_123,123
17.94887071667408,46.10617084343843,30,30,size_30x30_run_003_seed_123,123
17.949500298971213,46.12068965517241,30,30,size_30x30_run_003_seed_123,123
17.950405219468784,46.1352006463776,30,30,size_30x30_run_003_seed_123,123
17.950492754221763,46.14970382337103,30,30,size_30x30_run_003_seed_123,123
17.950894805162168,46.16419919246299,30,30,size_30x30_run_003_seed_123,123
17.951424145316466,46.178686759956946,30,30,size_30x30_run_003_seed_123,123
17.95365705122766,46.19316653214958,30,30,size_30x30_run_003_seed_123,123
17.95390279007037,46.20763851533082,30,30,size_30x30_run_003_seed_123,123
17.954435732098915,46.22210271578381,30,30,size_30x30_run_003_seed_123,123
17.95738831370237,46.236559139784944,30,30,size_30x30_run_003_seed_123,123
17.957472283948025,46.25100779360387,30,30,size_30x30_run_003_seed_123,123
17.957972842612342,46.26544868350349,30,30,size_30x30_run_003_seed_123,123
17.96032770250172,46.27988181573999,30,30,size_30x30_run_003_seed_123,123
17.960442602950526,46.29430719656283,30,30,size_30x30_run_003_seed_123,123
17.960512307472694,46.308724832214764,30,30,size_30x30_run_003_seed_123,123
17.960751597498565,46.323134728931834,30,30,size_30x30_run_003_seed_123,123
17.965856048803378,46.33753689294339,30,30,size_30x30_run_003_seed_123,123
17.967466352582022,46.3519313304721,30,30,size_30x30_run_003_seed_123,123
17.969753589948663,46.36631804773398,30,30,size_30x30_run_003_seed_123,123
17.971114698301164,46.38069705093834,30,30,size_30x30_run_003_seed_123,123
17.97128784953925,46.39506834628786,30,30,size_30x30_run_003_seed_123,123
17.971650720608572,46.40943193997856,30,30,size_30x30_run_003_seed_123,123
17.974049605037553,46.423787838199836,30,30,size_30x30_run_003_seed_123,123
17.974270742680062,46.43813604713444,30,30,size_30x30_run_003_seed_123,123
17.974848382425943,46.4524765729585,30,30,size_30x30_run_003_seed_123,123
17.975066598985826,46.4524765729585,30,30,size_30x30_run_003_seed_123,123
17.975783872517574,46.466809421841546,30,30,size_30x30_run_003_seed_123,123
17.975946813808378,46.481134599946486,30,30,size_30x30_run_003_seed_123,123
17.978545313593862,46.49545211342964,30,30,size_30x30_run_003_seed_123,123
17.980192596282084,46.50976196844076,30,30,size_30x30_run_003_seed_123,123
17.981731882722055,46.524064171122994,30,30,size_30x30_run_003_seed_123,123
17.983019827165137,46.53835872761294,30,30,size_30x30_run_003_seed_123,123
17.98302701827158,46.552645644040616,30,30,size_30x30_run_003_seed_123,123
17.984443227607468,46.56692492652952,30,30,size_30x30_run_003_seed_123,123
17.987386732066653,46.58119658119658,30,30,size_30x30_run_003_seed_123,123
17.9880710804114,46.5954606141522,30,30,size_30x30_run_003_seed_123,123
17.988744223944252,46.60971703150027,30,30,size_30x30_run_003_seed_123,123
17.98970773432419,46.62396583933814,30,30,size_30x30_run_003_seed_123,123
17.989888482642584,46.638207043756665,30,30,size_30x30_run_003_seed_123,123
17.992278710680594,46.65244065084023,30,30,size_30x30_run_003_seed_123,123
17.992471903474435,46.666666666666664,30,30,size_30x30_run_003_seed_123,123
17.99377276789849,46.68088509730738,30,30,size_30x30_run_003_seed_123,123
17.995568346538768,46.695095948827294,30,30,size_30x30_run_003_seed_123,123
17.99583336155577,46.70929922728484,30,30,size_30x30_run_003_seed_123,123
17.996738367885122,46.72349493873202,30,30,size_30x30_run_003_seed_123,123
17.99680472752544,46.737683089214386,30,30,size_30x30_run_003_seed_123,123
17.996805194282324,46.75186368477103,30,30,size_30x30_run_003_seed_123,123
18.000023118464068,46.76603673143466,30,30,size_30x30_run_003_seed_123,123
18.0001949670393,46.780202235231506,30,30,size_30x30_run_003_seed_123,123
18.00078453679431,46.79436020218143,30,30,size_30x30_run_003_seed_123,123
18.001337796392665,46.808510638297875,30,30,size_30x30_run_003_seed_123,123
18.001952562787494,46.822653549587876,30,30,size_30x30_run_003_seed_123,123
18.00512137731699,46.836788942052095,30,30,size_30x30_run_003_seed_123,123
18.006319571456043,46.85091682168483,30,30,size_30x30_run_003_seed_123,123
18.006359345221075,46.86503719447396,30,30,size_30x30_run_003_seed_123,123
18.00947805254055,46.87915006640107,30,30,size_30x30_run_003_seed_123,123
18.0103212297724,46.89325544344132,30,30,size_30x30_run_003_seed_123,123
18.011361376740254,46.89325544344132,30,30,size_30x30_run_003_seed_123,123
18.012641917088768,46.90735333156358,30,30,size_30x30_run_003_seed_123,123
18.012773006188638,46.92144373673036,30,30,size_30x30_run_003_seed_123,123
18.013066308413407,46.93552666489785,30,30,size_30x30_run_003_seed_123,123
18.01431107374083,46.94960212201592,30,30,size_30x30_run_003_seed_123,123
18.014872605427932,46.96367011402811,30,30,size_30x30_run_003_seed_123,123
18.016168066008923,46.977730646871684,30,30,size_30x30_run_003_seed_123,123
18.016470591685167,46.99178372647761,30,30,size_30x30_run_003_seed_123,123
18.018063422746675,47.005829358770534,30,30,size_30x30_run_003_seed_123,123
18.020118504817308,47.019867549668874,30,30,size_30x30_run_003_seed_123,123
18.020537293242114,47.03389830508475,30,30,size_30x30_run_003_seed_123,123
18.022102337443428,47.04792163092401,30,30,size_30x30_run_003_seed_123,123
18.023529273869286,47.06193753308629,30,30,size_30x30_run_003_seed_123,123
18.02445414426155,47.075946017464936,30,30,size_30x30_run_003_seed_123,123
18.027471774149724,47.08994708994709,30,30,size_30x30_run_003_seed_123,123
18.027969435952976,47.10394075641365,30,30,size_30x30_run_003_seed_123,123
18.028310460119325,47.117927022739295,30,30,size_30x30_run_003_seed_123,123
18.02980283422982,47.13190589479249,30,30,size_30x30_run_003_seed_123,123
18.030063547520843,47.14587737843552,30,30,size_30x30_run_003_seed_123,123
18.03033276607076,47.14587737843552,30,30,size_30x30_run_003_seed_123,123
18.03042365509501,47.15984147952444,30,30,size_30x30_run_003_seed_123,123
18.033411707222907,47.173798203909136,30,30,size_30x30_run_003_seed_123,123
18.034193717904763,47.187747557433326,30,30,size_30x30_run_003_seed_123,123
18.034610201169496,47.20168954593453,30,30,size_30x30_run_003_seed_123,123
18.035229786260846,47.21562417524412,30,30,size_30x30_run_003_seed_123,123
18.036057148053786,47.229551451187334,30,30,size_30x30_run_003_seed_123,123
18.03629474689603,47.24347137958323,30,30,size_30x30_run_003_seed_123,123
18.037653314035353,47.24347137958323,30,30,size_30x30_run_003_seed_123,123
18.040843238116345,47.257383966244724,30,30,size_30x30_run_003_seed_123,123
18.04170565333575,47.271289216978644,30,30,size_30x30_run_003_seed_123,123
18.041865639412713,47.28518713758566,30,30,size_30x30_run_003_seed_123,123
18.041956361140194,47.28518713758566,30,30,size_30x30_run_003_seed_123,123
18.04322152832082,47.299077733860344,30,30,size_30x30_run_003_seed_123,123
18.04364213566876,47.31296101159115,30,30,size_30x30_run_003_seed_123,123
18.043794675736066,47.32683697656044,30,30,size_30x30_run_003_seed_123,123
18.044060400888952,47.3407056345445,30,30,size_30x30_run_003_seed_123,123
18.048886346228475,47.354566991313504,30,30,size_30x30_run_003_seed_123,123
18.05153638180713,47.368421052631575,30,30,size_30x30_run_003_seed_123,123
18.05250573571754,47.38226782425677,30,30,size_30x30_run_003_seed_123,123
18.054377819734245,47.39610731194108,30,30,size_30x30_run_003_seed_123,123
18.056124415835747,47.40993952143045,30,30,size_30x30_run_003_seed_123,123
18.056657376353296,47.423764458464774,30,30,size_30x30_run_003_seed_123,123
18.05890091414523,47.43758212877792,30,30,size_30x30_run_003_seed_123,123
18.06036322415409,47.45139253809774,30,30,size_30x30_run_003_seed_123,123
18.060678717300338,47.46519569214605,30,30,size_30x30_run_003_seed_123,123
18.061250635951197,47.47899159663865,30,30,size_30x30_run_003_seed_123,123
18.064077760482462,47.47899159663865,30,30,size_30x30_run_003_seed_123,123
18.06584914622176,47.492780257285375,30,30,size_30x30_run_003_seed_123,123
18.067068510779592,47.506561679790025,30,30,size_30x30_run_003_seed_123,123
18.067547307059098,47.520335869850435,30,30,size_30x30_run_003_seed_123,123
18.068283907803718,47.53410283315845,30,30,size_30x30_run_003_seed_123,123
18.070077013581912,47.54786257539995,30,30,size_30x30_run_003_seed_123,123
18.07032144815349,47.56161510225485,30,30,size_30x30_run_003_seed_123,123
18.070376443988103,47.575360419397114,30,30,size_30x30_run_003_seed_123,123
18.071042981584682,47.58909853249476,30,30,size_30x30_run_003_seed_123,123
18.072387214561818,47.60282944720985,30,30,size_30x30_run_003_seed_123,123
18.073319565598936,47.61655316919853,30,30,size_30x30_run_003_seed_123,123
18.07339970224041,47.63026970411102,30,30,size_30x30_run_003_seed_123,123
18.074332138032702,47.64397905759162,30,30,size_30x30_run_003_seed_123,123
18.074713547063073,47.65768123527872,30,30,size_30x30_run_003_seed_123,123
18.075413733723835,47.67137624280481,30,30,size_30x30_run_003_seed_123,123
18.07707026340943,47.6850640857965,30,30,size_30x30_run_003_seed_123,123
18.079732286603523,47.69874476987448,30,30,size_30x30_run_003_seed_123,123
18.081040421570123,47.712418300653596,30,30,size_30x30_run_003_seed_123,123
18.08154981469156,47.72608468374281,30,30,size_30x30_run_003_seed_123,123
18.081864455446283,47.739743924745234,30,30,size_30x30_run_003_seed_123,123
18.082270742921235,47.7533960292581,30,30,size_30x30_run_003_seed_123,123
18.08360328832479,47.767041002872816,30,30,size_30x30_run_003_seed_123,123
18.08427297245349,47.78067885117493,30,30,size_30x30_run_003_seed_123,123
18.085234626513323,47.794309579744194,30,30,size_30x30_run_003_seed_123,123
18.08567374033419,47.80793319415449,30,30,size_30x30_run_003_seed_123,123
18.08668442297619,47.82154969997391,30,30,size_30x30_run_003_seed_123,123
18.086959738421093,47.835159102764734,30,30,size_30x30_run_003_seed_123,123
18.087108793215535,47.84876140808344,30,30,size_30x30_run_003_seed_123,123
18.087247195901803,47.862356621480714,30,30,size_30x30_run_003_seed_123,123
18.087309320334207,47.862356621480714,30,30,size_30x30_run_003_seed_123,123
18.087608301972303,47.87594474850143,30,30,size_30x30_run_003_seed_123,123
18.08803001952656,47.88952579468474,30,30,size_30x30_run_003_seed_123,123
18.089059531806672,47.90309976556395,30,30,size_30x30_run_003_seed_123,123
18.089535470488247,47.91666666666667,30,30,size_30x30_run_003_seed_123,123
18.090171987803824,47.93022650351471,30,30,size_30x30_run_003_seed_123,123
18.090348290331665,47.94377928162415,30,30,size_30x30_run_003_seed_123,123
18.0905982061796,47.957325006505336,30,30,size_30x30_run_003_seed_123,123
18.091004120164495,47.97086368366285,30,30,size_30x30_run_003_seed_123,123
18.091064445164573,47.98439531859558,30,30,size_30x30_run_003_seed_123,123
18.091497617421922,47.997919916796675,30,30,size_30x30_run_003_seed_123,123
18.092489657836307,48.011437483753575,30,30,size_30x30_run_003_seed_123,123
18.093313850058795,48.024948024948024,30,30,size_30x30_run_003_seed_123,123
18.093465598795543,48.03845154585606,30,30,size_30x30_run_003_seed_123,123
18.095628413266574,48.05194805194805,30,30,size_30x30_run_003_seed_123,123
18.09567871726768,48.06543754868865,30,30,size_30x30_run_003_seed_123,123
18.09604193138374,48.07892004153687,30,30,size_30x30_run_003_seed_123,123
18.09772128937826,48.09239553594601,30,30,size_30x30_run_003_seed_123,123
18.097835479975085,48.10586403736378,30,30,size_30x30_run_003_seed_123,123
18.100296962921302,48.119325551232166,30,30,size_30x30_run_003_seed_123,123
18.103796445626294,48.13278008298755,30,30,size_30x30_run_003_seed_123,123
18.10466965761267,48.146227638060665,30,30,size_30x30_run_003_seed_123,123
18.104878194207615,48.15966822187662,30,30,size_30x30_run_003_seed_123,123
18.105660091218855,48.17310183985489,30,30,size_30x30_run_003_seed_123,123
18.106139382818935,48.18652849740933,30,30,size_30x30_run_003_seed_123,123
18.106279851053735,48.1999481999482,30,30,size_30x30_run_003_seed_123,123
18.106353047622598,48.213360952874154,30,30,size_30x30_run_003_seed_123,123
18.10643384807831,48.22676676158426,30,30,size_30x30_run_003_seed_123,123
18.10744542670118,48.24016563146998,30,30,size_30x30_run_003_seed_123,123
18.11137736650733,48.253557567917206,30,30,size_30x30_run_003_seed_123,123
18.112301870338268,48.26694257630626,30,30,size_30x30_run_003_seed_123,123
18.11273581397247,48.280320662011896,30,30,size_30x30_run_003_seed_123,123
18.116756079198435,48.293691830403304,30,30,size_30x30_run_003_seed_123,123
18.1172158751711,48.30705608684415,30,30,size_30x30_run_003_seed_123,123
18.118104455583488,48.320413436692505,30,30,size_30x30_run_003_seed_123,123
18.118530981676955,48.333763885300954,30,30,size_30x30_run_003_seed_123,123
18.120206567947566,48.34710743801653,30,30,size_30x30_run_003_seed_123,123
18.121087612377632,48.360444100180736,30,30,size_30x30_run_003_seed_123,123
18.12151591951233,48.37377387712959,30,30,size_30x30_run_003_seed_123,123
18.12236843585465,48.38709677419355,30,30,size_30x30_run_003_seed_123,123
18.122760119206287,48.40041279669763,30,30,size_30x30_run_003_seed_123,123
18.122977800175597,48.41372194996131,30,30,size_30x30_run_003_seed_123,123
18.124145714112313,48.4270242392986,30,30,size_30x30_run_003_seed_123,123
18.124489053817204,48.44031967001804,30,30,size_30x30_run_003_seed_123,123
18.124810040815703,48.45360824742268,30,30,size_30x30_run_003_seed_123,123
18.12547821873392,48.4668899768101,30,30,size_30x30_run_003_seed_123,123
18.128988724913444,48.48016486347244,30,30,size_30x30_run_003_seed_123,123
18.129437431743618,48.49343291269637,30,30,size_30x30_run_003_seed_123,123
18.131329487786658,48.506694129763126,30,30,size_30x30_run_003_seed_123,123
18.132951226007435,48.51994851994852,30,30,size_30x30_run_003_seed_123,123
18.135430218273736,48.5331960885229,30,30,size_30x30_run_003_seed_123,123
18.13714239091372,48.54643684075122,30,30,size_30x30_run_003_seed_123,123
18.138589506278635,48.559670781893004,30,30,size_30x30_run_003_seed_123,123
18.139171470299278,48.57289791720237,30,30,size_30x30_run_003_seed_123,123
18.142234990555636,48.58611825192802,30,30,size_30x30_run_003_seed_123,123
18.14258182219092,48.59933179131329,30,30,size_30x30_run_003_seed_123,123
18.143029045199228,48.6125385405961,30,30,size_30x30_run_003_seed_123,123
18.143543081600793,48.62573850500899,30,30,size_30x30_run_003_seed_123,123
18.14743594307322,48.63893168977915,30,30,size_30x30_run_003_seed_123,123
18.148132146014163,48.65211810012837,30,30,size_30x30_run_003_seed_123,123
18.148381091354597,48.6652977412731,30,30,size_30x30_run_003_seed_123,123
18.148708978103482,48.67847061842443,30,30,size_30x30_run_003_seed_123,123
18.149336048823326,48.6916367367881,30,30,size_30x30_run_003_seed_123,123
18.156518113160022,48.704796101564504,30,30,size_30x30_run_003_seed_123,123
18.15660728763645,48.717948717948715,30,30,size_30x30_run_003_seed_123,123
18.15686979552794,48.73109459113048,30,30,size_30x30_run_003_seed_123,123
18.15790670280775,48.744233726294205,30,30,size_30x30_run_003_seed_123,123
18.158407153678514,48.75736612861901,30,30,size_30x30_run_003_seed_123,123
18.15853913050767,48.77049180327869,30,30,size_30x30_run_003_seed_123,123
18.160416745017354,48.78361075544174,30,30,size_30x30_run_003_seed_123,123
18.160447565767225,48.79672299027138,30,30,size_30x30_run_003_seed_123,123
18.16089854462595,48.80982851292552,30,30,size_30x30_run_003_seed_123,123
18.16119853955277,48.82292732855681,30,30,size_30x30_run_003_seed_123,123
18.161653879961946,48.83601944231261,30,30,size_30x30_run_003_seed_123,123
18.161848304810132,48.84910485933504,30,30,size_30x30_run_003_seed_123,123
18.164181515610167,48.862183584760935,30,30,size_30x30_run_003_seed_123,123
18.164277558875973,48.875255623721884,30,30,size_30x30_run_003_seed_123,123
18.16472656960844,48.888320981344236,30,30,size_30x30_run_003_seed_123,123
18.165222390300524,48.90137966274911,30,30,size_30x30_run_003_seed_123,123
18.165481710034108,48.91443167305236,30,30,size_30x30_run_003_seed_123,123
18.165551169914092,48.92747701736466,30,30,size_30x30_run_003_seed_123,123
18.16609260391511,48.94051570079142,30,30,size_30x30_run_003_seed_123,123
18.166101002471947,48.95354772843287,30,30,size_30x30_run_003_seed_123,123
18.166463755946936,48.96657310538403,30,30,size_30x30_run_003_seed_123,123
18.168380233788888,48.97959183673469,30,30,size_30x30_run_003_seed_123,123
18.16852586080295,48.9926039275695,30,30,size_30x30_run_003_seed_123,123
18.169162338575052,49.005609382967876,30,30,size_30x30_run_003_seed_123,123
18.170766683223643,49.018608208004075,30,30,size_30x30_run_003_seed_123,123
18.170890024330724,49.03160040774719,30,30,size_30x30_run_003_seed_123,123
18.172408791998123,49.044585987261144,30,30,size_30x30_run_003_seed_123,123
18.172997442575003,49.05756495160469,30,30,size_30x30_run_003_seed_123,123
18.174082030202776,49.07053730583142,30,30,size_30x30_run_003_seed_123,123
18.175528578919252,49.08350305498982,30,30,size_30x30_run_003_seed_123,123
18.1766468058731,49.096462204123185,30,30,size_30x30_run_003_seed_123,123
18.177336778538468,49.10941475826972,30,30,size_30x30_run_003_seed_123,123
18.177808731389955,49.122360722462474,30,30,size_30x30_run_003_seed_123,123
18.179241758391722,49.1353001017294,30,30,size_30x30_run_003_seed_123,123
18.179375854545132,49.148232901093316,30,30,size_30x30_run_003_seed_123,123
18.17967774966947,49.161159125571935,30,30,size_30x30_run_003_seed_123,123
18.179707455098217,49.174078780177894,30,30,size_30x30_run_003_seed_123,123
18.180867019852723,49.1869918699187,30,30,size_30x30_run_003_seed_123,123
18.181064682371595,49.1998983997968,30,30,size_30x30_run_003_seed_123,123
18.183097229109155,49.212798374809545,30,30,size_30x30_run_003_seed_123,123
18.18331985944137,49.22569179994923,30,30,size_30x30_run_003_seed_123,123
18.183944185349613,49.23857868020304,30,30,size_30x30_run_003_seed_123,123
18.184513012156277,49.251459020553156,30,30,size_30x30_run_003_seed_123,123
18.185143451052465,49.26433282597666,30,30,size_30x30_run_003_seed_123,123
18.185311922866152,49.2772001014456,30,30,size_30x30_run_003_seed_123,123
18.185656838200163,49.290060851926974,30,30,size_30x30_run_003_seed_123,123
18.186445451101076,49.30291508238277,30,30,size_30x30_run_003_seed_123,123
18.186687556327012,49.31576279776989,30,30,size_30x30_run_003_seed_123,123
18.18753360552926,49.32860400304028,30,30,size_30x30_run_003_seed_123,123
18.188154060372156,49.34143870314083,30,30,size_30x30_run_003_seed_123,123
18.189140311758486,49.354266903013425,30,30,size_30x30_run_003_seed_123,123
18.1905872509029,49.36708860759494,30,30,size_30x30_run_003_seed_123,123
18.192132402317995,49.37990382181726,30,30,size_30x30_run_003_seed_123,123
18.192264946976746,49.392712550607285,30,30,size_30x30_run_003_seed_123,123
18.193028055357953,49.40551479888693,30,30,size_30x30_run_003_seed_123,123
18.193637222659678,49.418310571573095,30,30,size_30x30_run_003_seed_123,123
18.193837962246317,49.43109987357775,30,30,size_30x30_run_003_seed_123,123
18.194091711245093,49.44388270980789,30,30,size_30x30_run_003_seed_123,123
18.194651280514186,49.456659085165526,30,30,size_30x30_run_003_seed_123,123
18.19623600807185,49.46942900454775,30,30,size_30x30_run_003_seed_123,123
18.19656267886184,49.482192472846684,30,30,size_30x30_run_003_seed_123,123
18.197111952307843,49.494949494949495,30,30,size_30x30_run_003_seed_123,123
18.197269833011955,49.50770007573845,30,30,size_30x30_run_003_seed_123,123
18.19740740996669,49.520444220090866,30,30,size_30x30_run_003_seed_123,123
18.19753994839267,49.53318193287913,30,30,size_30x30_run_003_seed_123,123
18.197773415566648,49.54591321897074,30,30,size_30x30_run_003_seed_123,123
18.19778465314673,49.558638083228246,30,30,size_30x30_run_003_seed_123,123
18.19842463369263,49.571356530509334,30,30,size_30x30_run_003_seed_123,123
18.19910129945069,49.58406856566675,30,30,size_30x30_run_003_seed_123,123
18.199160864718753,49.596774193548384,30,30,size_30x30_run_003_seed_123,123
18.19971637105231,49.60947341899723,30,30,size_30x30_run_003_seed_123,123
18.200302259095704,49.622166246851386,30,30,size_30x30_run_003_seed_123,123
18.200426811892793,49.634852681944096,30,30,size_30x30_run_003_seed_123,123
18.201669447517,49.64753272910373,30,30,size_30x30_run_003_seed_123,123
18.202868773538075,49.660206393153786,30,30,size_30x30_run_003_seed_123,123
18.204107933738847,49.672873678912936,30,30,size_30x30_run_003_seed_123,123
18.204653953720594,49.685534591194966,30,30,size_30x30_run_003_seed_123,123
18.20522166730005,49.69818913480885,30,30,size_30x30_run_003_seed_123,123
18.20648111283033,49.71083731455872,30,30,size_30x30_run_003_seed_123,123
18.20676895801886,49.72347913524384,30,30,size_30x30_run_003_seed_123,123
18.20688994677504,49.73611460165871,30,30,size_30x30_run_003_seed_123,123
18.207869853375158,49.74874371859296,30,30,size_30x30_run_003_seed_123,123
18.207912941638256,49.76136649083145,30,30,size_30x30_run_003_seed_123,123
18.209942433425358,49.77398292315419,30,30,size_30x30_run_003_seed_123,123
18.212055335983198,49.786593020336426,30,30,size_30x30_run_003_seed_123,123
18.214286211346398,49.79919678714859,30,30,size_30x30_run_003_seed_123,123
18.214324092922443,49.81179422835634,30,30,size_30x30_run_003_seed_123,123
18.21556559397743,49.824385348720526,30,30,size_30x30_run_003_seed_123,123
18.21607093247521,49.83697015299724,30,30,size_30x30_run_003_seed_123,123
18.216459937283048,49.849548645937816,30,30,size_30x30_run_003_seed_123,123
18.217201202132074,49.862120832288795,30,30,size_30x30_run_003_seed_123,123
18.21754628386211,49.87468671679198,30,30,size_30x30_run_003_seed_123,123
18.217940214938036,49.887246304184416,30,30,size_30x30_run_003_seed_123,123
18.21861163767221,49.899799599198396,30,30,size_30x30_run_003_seed_123,123
18.22107946198374,49.91234660656148,30,30,size_30x30_run_003_seed_123,123
18.222142535396976,49.92488733099649,30,30,size_30x30_run_003_seed_123,123
18.22248932461243,49.93742177722152,30,30,size_30x30_run_003_seed_123,123
18.22277377115571,49.94994994994995,30,30,size_30x30_run_003_seed_123,123
18.223601849262874,49.96247185389041,30,30,size_30x30_run_003_seed_123,123
18.22445336601953,49.97498749374687,30,30,size_30x30_run_003_seed_123,123
18.22528765443146,49.98749687421856,30,30,size_30x30_run_003_seed_123,123
18.22574825931499,50.0,30,30,size_30x30_run_003_seed_123,123
18.22900590191583,50.01249687578105,30,30,size_30x30_run_003_seed_123,123
18.229379242981658,50.02498750624687,30,30,size_30x30_run_003_seed_123,123
18.229849833191487,50.037471896077946,30,30,size_30x30_run_003_seed_123,123
18.23060522046774,50.049950049950056,30,30,size_30x30_run_003_seed_123,123
18.23094245901236,50.06242197253433,30,30,size_30x30_run_003_seed_123,123
18.231253751542425,50.07488766849726,30,30,size_30x30_run_003_seed_123,123
18.23335173505082,50.087347142500626,30,30,size_30x30_run_003_seed_123,123
18.234165080947072,50.0998003992016,30,30,size_30x30_run_003_seed_123,123
18.23460436719714,50.11224744325268,30,30,size_30x30_run_003_seed_123,123
18.235737312970457,50.12468827930174,30,30,size_30x30_run_003_seed_123,123
18.235903895189832,50.13712291199203,30,30,size_30x30_run_003_seed_123,123
18.235916286283825,50.14955134596212,30,30,size_30x30_run_003_seed_123,123
18.236825800376142,50.161973585846,30,30,size_30x30_run_003_seed_123,123
18.237156063877375,50.17438963627304,30,30,size_30x30_run_003_seed_123,123
18.23762862567432,50.186799501867995,30,30,size_30x30_run_003_seed_123,123
18.238170668248884,50.199203187250994,30,30,size_30x30_run_003_seed_123,123
18.239956069801604,50.211600697037596,30,30,size_30x30_run_003_seed_123,123
18.240453994986673,50.22399203583873,30,30,size_30x30_run_003_seed_123,123
18.24089334619596,50.23637720826076,30,30,size_30x30_run_003_seed_123,123
18.243782764242543,50.24875621890548,30,30,size_30x30_run_003_seed_123,123
18.243917650132513,50.26112907237006,30,30,size_30x30_run_003_seed_123,123
18.244114300403393,50.27349577324715,30,30,size_30x30_run_003_seed_123,123
18.24483435210791,50.28585632612478,30,30,size_30x30_run_003_seed_123,123
18.245659138714633,50.29821073558648,30,30,size_30x30_run_003_seed_123,123
18.246071579959462,50.31055900621118,30,30,size_30x30_run_003_seed_123,123
18.247948411152286,50.32290114257327,30,30,size_30x30_run_003_seed_123,123
18.248267207012333,50.335237149242616,30,30,size_30x30_run_003_seed_123,123
18.251572564028756,50.34756703078451,30,30,size_30x30_run_003_seed_123,123
18.253610283307363,50.359890791759746,30,30,size_30x30_run_003_seed_123,123
18.255323356569004,50.37220843672456,30,30,size_30x30_run_003_seed_123,123
18.255973654065087,50.38451997023071,30,30,size_30x30_run_003_seed_123,123
18.256534658841822,50.39682539682539,30,30,size_30x30_run_003_seed_123,123
18.257533537775743,50.40912472105133,30,30,size_30x30_run_003_seed_123,123
18.257783816106016,50.4214179474467,30,30,size_30x30_run_003_seed_123,123
18.257836674367926,50.43370508054523,30,30,size_30x30_run_003_seed_123,123
18.259254272378946,50.44598612487612,30,30,size_30x30_run_003_seed_123,123
18.259718222562253,50.458261084964086,30,30,size_30x30_run_003_seed_123,123
18.25992216797338,50.47052996532937,30,30,size_30x30_run_003_seed_123,123
18.260319309468933,50.48279277048775,30,30,size_30x30_run_003_seed_123,123
18.26066051972468,50.495049504950494,30,30,size_30x30_run_003_seed_123,123
18.26084526131969,50.50730017322444,30,30,size_30x30_run_003_seed_123,123
18.26318175438499,50.51954477981197,30,30,size_30x30_run_003_seed_123,123
18.26505830307809,50.53178332921098,30,30,size_30x30_run_003_seed_123,123
18.266308534496158,50.54401582591493,30,30,size_30x30_run_003_seed_123,123
18.266399267382326,50.54401582591493,30,30,size_30x30_run_003_seed_123,123
18.26669243379307,50.55624227441285,30,30,size_30x30_run_003_seed_123,123
18.267752916760752,50.56846267918932,30,30,size_30x30_run_003_seed_123,123
18.268042248660905,50.58067704472449,30,30,size_30x30_run_003_seed_123,123
18.26930489853063,50.59288537549407,30,30,size_30x30_run_003_seed_123,123
18.27073486561328,50.60508767596937,30,30,size_30x30_run_003_seed_123,123
18.27152130769385,50.617283950617285,30,30,size_30x30_run_003_seed_123,123
18.2725605226625,50.62947420390027,30,30,size_30x30_run_003_seed_123,123
18.27280507596284,50.6416584402764,30,30,size_30x30_run_003_seed_123,123
18.273248293906693,50.65383666419936,30,30,size_30x30_run_003_seed_123,123
18.27430688496797,50.6660088801184,30,30,size_30x30_run_003_seed_123,123
18.275869125418506,50.67817509247842,30,30,size_30x30_run_003_seed_123,123
18.27831689047087,50.69033530571993,30,30,size_30x30_run_003_seed_123,123
18.278363290129732,50.702489524279024,30,30,size_30x30_run_003_seed_123,123
18.28345655242584,50.71463775258748,30,30,size_30x30_run_003_seed_123,123
18.283630472443086,50.72677999507268,30,30,size_30x30_run_003_seed_123,123
18.283755669118598,50.73891625615764,30,30,size_30x30_run_003_seed_123,123
18.286420822766708,50.75104654026102,30,30,size_30x30_run_003_seed_123,123
18.28756068144508,50.76317085179715,30,30,size_30x30_run_003_seed_123,123
18.288357777700703,50.77528919517598,30,30,size_30x30_run_003_seed_123,123
18.28890807997851,50.78740157480315,30,30,size_30x30_run_003_seed_123,123
18.291108024364473,50.79950799507995,30,30,size_30x30_run_003_seed_123,123
18.29252228724608,50.81160846040335,30,30,size_30x30_run_003_seed_123,123
18.295082040751637,50.82370297516597,30,30,size_30x30_run_003_seed_123,123
18.295149941391454,50.82370297516597,30,30,size_30x30_run_003_seed_123,123
18.297132943570077,50.835791543756145,30,30,size_30x30_run_003_seed_123,123
18.297732812620172,50.84787417055787,30,30,size_30x30_run_003_seed_123,123
18.298870196672752,50.859950859950864,30,30,size_30x30_run_003_seed_123,123
18.299395922251197,50.87202161631049,30,30,size_30x30_run_003_seed_123,123
18.301707960107986,50.884086444007856,30,30,size_30x30_run_003_seed_123,123
18.303578686917017,50.89614534740977,30,30,size_30x30_run_003_seed_123,123
18.303816656865784,50.90819833087874,30,30,size_30x30_run_003_seed_123,123
18.308568372985032,50.920245398773,30,30,size_30x30_run_003_seed_123,123
18.309940674187374,50.93228655544652,30,30,size_30x30_run_003_seed_123,123
18.310173023646048,50.94432180524896,30,30,size_30x30_run_003_seed_123,123
18.31019634363846,50.95635115252575,30,30,size_30x30_run_003_seed_123,123
18.310705233549836,50.96837460161804,30,30,size_30x30_run_003_seed_123,123
18.311221423489332,50.98039215686274,30,30,size_30x30_run_003_seed_123,123
18.313188456938608,50.9924038225925,30,30,size_30x30_run_003_seed_123,123
18.313332646440035,51.00440960313571,30,30,size_30x30_run_003_seed_123,123
18.313507523989383,51.01640950281655,30,30,size_30x30_run_003_seed_123,123
18.313653179139177,51.02840352595494,30,30,size_30x30_run_003_seed_123,123
18.313703575867542,51.040391676866584,30,30,size_30x30_run_003_seed_123,123
18.317436486407434,51.05237395986295,30,30,size_30x30_run_003_seed_123,123
18.317869990691893,51.06435037925129,30,30,size_30x30_run_003_seed_123,123
18.319588602578442,51.07632093933464,30,30,size_30x30_run_003_seed_123,123
18.32048906733404,51.08828564441183,30,30,size_30x30_run_003_seed_123,123
18.32409935274347,51.1002444987775,30,30,size_30x30_run_003_seed_123,123
18.324168241997537,51.11219750672207,30,30,size_30x30_run_003_seed_123,123
18.32456273514053,51.12414467253177,30,30,size_30x30_run_003_seed_123,123
18.32522237501244,51.13608600048863,30,30,size_30x30_run_003_seed_123,123
18.326133959827875,51.14802149487054,30,30,size_30x30_run_003_seed_123,123
18.326892374284082,51.159951159951156,30,30,size_30x30_run_003_seed_123,123
18.32963568604604,51.171875,30,30,size_30x30_run_003_seed_123,123
18.330403788809708,51.1837930192824,30,30,size_30x30_run_003_seed_123,123
18.332767814570303,51.19570522205954,30,30,size_30x30_run_003_seed_123,123
18.33761661875032,51.20761161258843,30,30,size_30x30_run_003_seed_123,123
18.338120616332052,51.21951219512195,30,30,size_30x30_run_003_seed_123,123
18.33893660460997,51.2314069739088,30,30,size_30x30_run_003_seed_123,123
18.340971346433616,51.24329595319357,30,30,size_30x30_run_003_seed_123,123
18.341151402093214,51.255179137216665,30,30,size_30x30_run_003_seed_123,123
18.34146481233343,51.267056530214425,30,30,size_30x30_run_003_seed_123,123
18.341919156039285,51.278928136419,30,30,size_30x30_run_003_seed_123,123
18.343598974935286,51.29079396005846,30,30,size_30x30_run_003_seed_123,123
18.34389769576191,51.30265400535671,30,30,size_30x30_run_003_seed_123,123
18.3467596142299,51.31450827653359,30,30,size_30x30_run_003_seed_123,123
18.347713823707956,51.32635677780482,30,30,size_30x30_run_003_seed_123,123
18.348816405597717,51.338199513382,30,30,size_30x30_run_003_seed_123,123
18.34969422390787,51.350036487472636,30,30,size_30x30_run_003_seed_123,123
18.35045258937919,51.36186770428015,30,30,size_30x30_run_003_seed_123,123
18.351166976626597,51.37369316800389,30,30,size_30x30_run_003_seed_123,123
18.351381321972916,51.38551288283909,30,30,size_30x30_run_003_seed_123,123
18.35164501230154,51.39732685297691,30,30,size_30x30_run_003_seed_123,123
18.35173954128365,51.40913508260447,30,30,size_30x30_run_003_seed_123,123
18.35221852540656,51.42093757590479,30,30,size_30x30_run_003_seed_123,123
18.353529110650914,51.43273433705683,30,30,size_30x30_run_003_seed_123,123
18.355367637496304,51.444525370235496,30,30,size_30x30_run_003_seed_123,123
18.35765799104582,51.45631067961165,30,30,size_30x30_run_003_seed_123,123
18.358045031141874,51.468090269352096,30,30,size_30x30_run_003_seed_123,123
18.360947747923174,51.4798641436196,30,30,size_30x30_run_003_seed_123,123
18.361175060145694,51.49163230657289,30,30,size_30x30_run_003_seed_123,123
18.36445407515137,51.50339476236664,30,30,size_30x30_run_003_seed_123,123
18.366659060118096,51.515151515151516,30,30,size_30x30_run_003_seed_123,123
18.367817686300167,51.52690256907416,30,30,size_30x30_run_003_seed_123,123
18.3679172655917,51.5386479282772,30,30,size_30x30_run_003_seed_123,123
18.368983589098278,51.55038759689923,30,30,size_30x30_run_003_seed_123,123
18.37293674286841,51.56212157907484,30,30,size_30x30_run_003_seed_123,123
18.376117355098515,51.57384987893463,30,30,size_30x30_run_003_seed_123,123
18.377345042755653,51.58557250060518,30,30,size_30x30_run_003_seed_123,123
18.378273113564575,51.597289448209104,30,30,size_30x30_run_003_seed_123,123
18.37932815400415,51.60900072586499,30,30,size_30x30_run_003_seed_123,123
18.379578043262896,51.62070633768747,30,30,size_30x30_run_003_seed_123,123
18.37965114680041,51.63240628778718,30,30,size_30x30_run_003_seed_123,123
18.379918182731586,51.64410058027079,30,30,size_30x30_run_003_seed_123,123
18.380234084590132,51.655789219241,30,30,size_30x30_run_003_seed_123,123
18.381382164169775,51.66747220879652,30,30,size_30x30_run_003_seed_123,123
18.38191999495757,51.67914955303213,30,30,size_30x30_run_003_seed_123,123
18.381995473949384,51.690821256038646,30,30,size_30x30_run_003_seed_123,123
18.38204159518851,51.70248732190292,30,30,size_30x30_run_003_seed_123,123
18.382363664186645,51.70248732190292,30,30,size_30x30_run_003_seed_123,123
18.384592912957338,51.714147754707874,30,30,size_30x30_run_003_seed_123,123
18.38519983362523,51.725802558532465,30,30,size_30x30_run_003_seed_123,123
18.385614371669263,51.737451737451735,30,30,size_30x30_run_003_seed_123,123
18.388506284905066,51.7490952955368,30,30,size_30x30_run_003_seed_123,123
18.388920857253375,51.7607332368548,30,30,size_30x30_run_003_seed_123,123
18.390313955144244,51.772365565469016,30,30,size_30x30_run_003_seed_123,123
18.390445548450845,51.783992285438764,30,30,size_30x30_run_003_seed_123,123
18.39085410430818,51.79561340081948,30,30,size_30x30_run_003_seed_123,123
18.39149901125719,51.80722891566265,30,30,size_30x30_run_003_seed_123,123
18.391855916913933,51.8188388340159,30,30,size_30x30_run_003_seed_123,123
18.392150223957408,51.83044315992292,30,30,size_30x30_run_003_seed_123,123
18.394179261272594,51.84204189742355,30,30,size_30x30_run_003_seed_123,123
18.394210562708626,51.853635050553684,30,30,size_30x30_run_003_seed_123,123
18.39537509335323,51.86522262334536,30,30,size_30x30_run_003_seed_123,123
18.39578462171458,51.87680461982676,30,30,size_30x30_run_003_seed_123,123
18.397388305259735,51.88838104402214,30,30,size_30x30_run_003_seed_123,123
18.397786805606206,51.8999518999519,30,30,size_30x30_run_003_seed_123,123
18.39801780375444,51.911517191632605,30,30,size_30x30_run_003_seed_123,123
18.39813391724601,51.92307692307693,30,30,size_30x30_run_003_seed_123,123
18.398512762736452,51.93463109829368,30,30,size_30x30_run_003_seed_123,123
18.398741045344035,51.94617972128784,30,30,size_30x30_run_003_seed_123,123
18.39954395685096,51.95772279606054,30,30,size_30x30_run_003_seed_123,123
18.400881876307118,51.96926032660903,30,30,size_30x30_run_003_seed_123,123
18.401602473869268,51.980792316926774,30,30,size_30x30_run_003_seed_123,123
18.40177023429265,51.99231877100337,30,30,size_30x30_run_003_seed_123,123
18.402444371001813,52.00383969282457,30,30,size_30x30_run_003_seed_123,123
18.402619060643996,52.01535508637236,30,30,size_30x30_run_003_seed_123,123
18.403748287210842,52.02686495562485,30,30,size_30x30_run_003_seed_123,123
18.404919107182568,52.038369304556355,30,30,size_30x30_run_003_seed_123,123
18.40572523855333,52.04986813713738,30,30,size_30x30_run_003_seed_123,123
18.409553572788543,52.06136145733461,30,30,size_30x30_run_003_seed_123,123
18.410330375338386,52.072849269110954,30,30,size_30x30_run_003_seed_123,123
18.41065018359791,52.08433157642549,30,30,size_30x30_run_003_seed_123,123
18.41065197534627,52.09580838323353,30,30,size_30x30_run_003_seed_123,123
18.411699489369582,52.10727969348659,30,30,size_30x30_run_003_seed_123,123
18.41306320206229,52.11874551113239,30,30,size_30x30_run_003_seed_123,123
18.413445166122038,52.13020584011488,30,30,size_30x30_run_003_seed_123,123
18.414228843058634,52.141660684374244,30,30,size_30x30_run_003_seed_123,123
18.416125184214135,52.15311004784689,30,30,size_30x30_run_003_seed_123,123
18.417150782100123,52.16455393446544,30,30,size_30x30_run_003_seed_123,123
18.418786648423456,52.17599234815877,30,30,size_30x30_run_003_seed_123,123
18.418942334541548,52.18742529285202,30,30,size_30x30_run_003_seed_123,123
18.41913690503865,52.198852772466545,30,30,size_30x30_run_003_seed_123,123
18.421577656992678,52.210274790919954,30,30,size_30x30_run_003_seed_123,123
18.421695387757477,52.22169135212613,30,30,size_30x30_run_003_seed_123,123
18.421716521299317,52.23310245999523,30,30,size_30x30_run_003_seed_123,123
18.423933994368493,52.24450811843362,30,30,size_30x30_run_003_seed_123,123
18.424706400826608,52.24450811843362,30,30,size_30x30_run_003_seed_123,123
18.42590811010842,52.25590833134399,30,30,size_30x30_run_003_seed_123,123
18.426954984299265,52.2673031026253,30,30,size_30x30_run_003_seed_123,123
18.429599153616987,52.27869243617275,30,30,size_30x30_run_003_seed_123,123
18.43008809048087,52.29007633587786,30,30,size_30x30_run_003_seed_123,123
18.431432147446092,52.30145480562843,30,30,size_30x30_run_003_seed_123,123
18.43202582461776,52.31282784930854,30,30,size_30x30_run_003_seed_123,123
18.432369493416896,52.32419547079857,30,30,size_30x30_run_003_seed_123,123
18.432380839411994,52.33555767397522,30,30,size_30x30_run_003_seed_123,123
18.433079684517097,52.34691446271146,30,30,size_30x30_run_003_seed_123,123
18.43354298511627,52.358265840876605,30,30,size_30x30_run_003_seed_123,123
18.433705093727347,52.36961181233627,30,30,size_30x30_run_003_seed_123,123
18.433817147917164,52.38095238095239,30,30,size_30x30_run_003_seed_123,123
18.437897814157907,52.39228755058319,30,30,size_30x30_run_003_seed_123,123
18.438093435753192,52.403617325083296,30,30,size_30x30_run_003_seed_123,123
18.438298257299692,52.414941708303594,30,30,size_30x30_run_003_seed_123,123
18.43843749967676,52.42626070409134,30,30,size_30x30_run_003_seed_123,123
18.43902926656911,52.437574316290124,30,30,size_30x30_run_003_seed_123,123
18.43943874015633,52.448882548739896,30,30,size_30x30_run_003_seed_123,123
18.44029580238707,52.46018540527692,30,30,size_30x30_run_003_seed_123,123
18.443319599765314,52.47148288973384,30,30,size_30x30_run_003_seed_123,123
18.443428028612367,52.48277500593965,30,30,size_30x30_run_003_seed_123,123
18.443793718746925,52.49406175771971,30,30,size_30x30_run_003_seed_123,123
18.44400283071854,52.50534314889575,30,30,size_30x30_run_003_seed_123,123
18.444235334017616,52.516619183285854,30,30,size_30x30_run_003_seed_123,123
18.447066272564093,52.52788986470449,30,30,size_30x30_run_003_seed_123,123
18.447650589087058,52.539155196962504,30,30,size_30x30_run_003_seed_123,123
18.448652652256293,52.55041518386714,30,30,size_30x30_run_003_seed_123,123
18.451202314405727,52.56166982922201,30,30,size_30x30_run_003_seed_123,123
18.453619774617344,52.572919136827124,30,30,size_30x30_run_003_seed_123,123
18.454997187582016,52.5841631104789,30,30,size_30x30_run_003_seed_123,123
18.45615537186616,52.59540175397014,30,30,size_30x30_run_003_seed_123,123
18.456380912680416,52.60663507109005,30,30,size_30x30_run_003_seed_123,123
18.457914333145528,52.61786306562426,30,30,size_30x30_run_003_seed_123,123
18.458259096576334,52.62908574135481,30,30,size_30x30_run_003_seed_123,123
18.458377908807986,52.64030310206015,30,30,size_30x30_run_003_seed_123,123
18.46030189816295,52.65151515151515,30,30,size_30x30_run_003_seed_123,123
18.46113233492641,52.662721893491124,30,30,size_30x30_run_003_seed_123,123
18.461441774360548,52.6739233317558,30,30,size_30x30_run_003_seed_123,123
18.463940383920256,52.68511947007334,30,30,size_30x30_run_003_seed_123,123
18.46461861568267,52.69631031220435,30,30,size_30x30_run_003_seed_123,123
18.466729249313353,52.70749586190588,30,30,size_30x30_run_003_seed_123,123
18.467556291531412,52.71867612293144,30,30,size_30x30_run_003_seed_123,123
18.468418510452913,52.72985109903097,30,30,size_30x30_run_003_seed_123,123
18.46918731849836,52.74102079395085,30,30,size_30x30_run_003_seed_123,123
18.47087236483177,52.75218521143397,30,30,size_30x30_run_003_seed_123,123
18.471219295593354,52.76334435521966,30,30,size_30x30_run_003_seed_123,123
18.472115093957314,52.77449822904369,30,30,size_30x30_run_003_seed_123,123
18.472643658567513,52.785646836638335,30,30,size_30x30_run_003_seed_123,123
18.473394696066514,52.796790181732355,30,30,size_30x30_run_003_seed_123,123
18.473729838699885,52.807928268050965,30,30,size_30x30_run_003_seed_123,123
18.474011324725357,52.81906109931588,30,30,size_30x30_run_003_seed_123,123
18.474716876703564,52.83018867924528,30,30,size_30x30_run_003_seed_123,123
18.474819876123057,52.841311011553884,30,30,size_30x30_run_003_seed_123,123
18.47587661830947,52.85242809995285,30,30,size_30x30_run_003_seed_123,123
18.475941923722164,52.86353994814989,30,30,size_30x30_run_003_seed_123,123
18.479819051765386,52.874646559849204,30,30,size_30x30_run_003_seed_123,123
18.479888352046434,52.88574793875147,30,30,size_30x30_run_003_seed_123,123
18.483322219564187,52.89684408855393,30,30,size_30x30_run_003_seed_123,123
18.484381856488472,52.90793501295031,30,30,size_30x30_run_003_seed_123,123
18.48580599024294,52.91902071563088,30,30,size_30x30_run_003_seed_123,123
18.48650084798401,52.93010120028242,30,30,size_30x30_run_003_seed_123,123
18.486833091877486,52.94117647058824,30,30,size_30x30_run_003_seed_123,123
18.487064399267307,52.95224653022819,30,30,size_30x30_run_003_seed_123,123
18.487899272406807,52.96331138287864,30,30,size_30x30_run_003_seed_123,123
18.488246498550467,52.97437103221255,30,30,size_30x30_run_003_seed_123,123
18.48838235298146,52.985425481899384,30,30,size_30x30_run_003_seed_123,123
18.4900888047978,52.99647473560517,30,30,size_30x30_run_003_seed_123,123
18.490139354916625,53.00751879699248,30,30,size_30x30_run_003_seed_123,123
18.491149035406583,53.01855766972046,30,30,size_30x30_run_003_seed_123,123
18.49176604770166,53.02959135744481,30,30,size_30x30_run_003_seed_123,123
18.492818021569942,53.040619863817795,30,30,size_30x30_run_003_seed_123,123
18.49515183036558,53.051643192488264,30,30,size_30x30_run_003_seed_123,123
18.496587211396402,53.06266134710162,30,30,size_30x30_run_003_seed_123,123
18.498297979742468,53.073674331299856,30,30,size_30x30_run_003_seed_123,123
18.499275227858217,53.08468214872156,30,30,size_30x30_run_003_seed_123,123
18.499663842651113,53.09568480300187,30,30,size_30x30_run_003_seed_123,123
18.5001959942471,53.106682297772565,30,30,size_30x30_run_003_seed_123,123
18.501937784251094,53.11767463666198,30,30,size_30x30_run_003_seed_123,123
18.503678633903466,53.128661823295054,30,30,size_30x30_run_003_seed_123,123
18.504701749115476,53.13964386129335,30,30,size_30x30_run_003_seed_123,123
18.505204812727467,53.150620754275,30,30,size_30x30_run_003_seed_123,123
18.508296590538098,53.161592505854806,30,30,size_30x30_run_003_seed_123,123
18.508737036513118,53.17255911964411,30,30,size_30x30_run_003_seed_123,123
18.510012612544784,53.18352059925093,30,30,size_30x30_run_003_seed_123,123
18.510813002729712,53.1944769482799,30,30,size_30x30_run_003_seed_123,123
18.51231682780259,53.20542817033223,30,30,size_30x30_run_003_seed_123,123
18.5125490683168,53.216374269005854,30,30,size_30x30_run_003_seed_123,123
18.51524337681306,53.22731524789523,30,30,size_30x30_run_003_seed_123,123
18.517153196151977,53.23825111059154,30,30,size_30x30_run_003_seed_123,123
18.518671566548687,53.24918186068256,30,30,size_30x30_run_003_seed_123,123
18.5194148779463,53.26010750175275,30,30,size_30x30_run_003_seed_123,123
18.51989675071787,53.271028037383175,30,30,size_30x30_run_003_seed_123,123
18.51997010603968,53.28194347115161,30,30,size_30x30_run_003_seed_123,123
18.520892145698106,53.292853806632415,30,30,size_30x30_run_003_seed_123,123
18.52149852500125,53.30375904739668,30,30,size_30x30_run_003_seed_123,123
18.522208773509224,53.31465919701214,30,30,size_30x30_run_003_seed_123,123
18.523096156175033,53.32555425904317,30,30,size_30x30_run_003_seed_123,123
18.523785715034762,53.33644423705086,30,30,size_30x30_run_003_seed_123,123
18.52469820861883,53.34732913459296,30,30,size_30x30_run_003_seed_123,123
18.52502496396758,53.35820895522389,30,30,size_30x30_run_003_seed_123,123
18.525193891322758,53.369083702494756,30,30,size_30x30_run_003_seed_123,123
18.525933731255844,53.379953379953385,30,30,size_30x30_run_003_seed_123,123
18.526684550487712,53.39081799114426,30,30,size_30x30_run_003_seed_123,123
18.529509378088665,53.40167753960857,30,30,size_30x30_run_003_seed_123,123
18.530301511843845,53.41253202888423,30,30,size_30x30_run_003_seed_123,123
18.531695135889503,53.42338146250582,30,30,size_30x30_run_003_seed_123,123
18.53409426817301,53.43422584400466,30,30,size_30x30_run_003_seed_123,123
18.534304293466803,53.445065176908756,30,30,size_30x30_run_003_seed_123,123
18.53762572952857,53.45589946474284,30,30,size_30x30_run_003_seed_123,123
18.53785898295795,53.46672871102839,30,30,size_30x30_run_003_seed_123,123
18.53820563702548,53.47755291928355,30,30,size_30x30_run_003_seed_123,123
18.538418819701807,53.48837209302325,30,30,size_30x30_run_003_seed_123,123
18.539091878957095,53.49918623575912,30,30,size_30x30_run_003_seed_123,123
18.539819840699725,53.50999535099954,30,30,size_30x30_run_003_seed_123,123
18.540784118456774,53.52079944224959,30,30,size_30x30_run_003_seed_123,123
18.54242018615364,53.53159851301115,30,30,size_30x30_run_003_seed_123,123
18.545697773128257,53.542392566782816,30,30,size_30x30_run_003_seed_123,123
18.54679193181433,53.55318160705992,30,30,size_30x30_run_003_seed_123,123
18.550963232247792,53.563965637334576,30,30,size_30x30_run_003_seed_123,123
18.55182899728721,53.57474466109564,30,30,size_30x30_run_003_seed_123,123
18.552646058943264,53.585518681828724,30,30,size_30x30_run_003_seed_123,123
18.552959981996214,53.596287703016245,30,30,size_30x30_run_003_seed_123,123
18.556319723050983,53.60705172813732,30,30,size_30x30_run_003_seed_123,123
18.55673704969616,53.61781076066791,30,30,size_30x30_run_003_seed_123,123
18.55738758789706,53.62856480408069,30,30,size_30x30_run_003_seed_123,123
18.55750606431891,53.63931386184515,30,30,size_30x30_run_003_seed_123,123
18.557972087450512,53.650057937427576,30,30,size_30x30_run_003_seed_123,123
18.558766498916125,53.66079703429101,30,30,size_30x30_run_003_seed_123,123
18.559686509470676,53.6715311558953,30,30,size_30x30_run_003_seed_123,123
18.55995708490519,53.682260305697085,30,30,size_30x30_run_003_seed_123,123
18.561592480410045,53.69298448714981,30,30,size_30x30_run_003_seed_123,123
18.5637208176876,53.70370370370371,30,30,size_30x30_run_003_seed_123,123
18.564771861084314,53.714417958805825,30,30,size_30x30_run_003_seed_123,123
18.567555410843347,53.72512725590005,30,30,size_30x30_run_003_seed_123,123
18.569983768385967,53.73583159842702,30,30,size_30x30_run_003_seed_123,123
18.570038384388,53.74653098982424,30,30,size_30x30_run_003_seed_123,123
18.572611463285465,53.75722543352601,30,30,size_30x30_run_003_seed_123,123
18.574920360222567,53.76791493296348,30,30,size_30x30_run_003_seed_123,123
18.5764388875137,53.77859949156459,30,30,size_30x30_run_003_seed_123,123
18.576760422442327,53.789279112754166,30,30,size_30x30_run_003_seed_123,123
18.577358637003265,53.799953799953805,30,30,size_30x30_run_003_seed_123,123
18.57773538945816,53.81062355658198,30,30,size_30x30_run_003_seed_123,123
18.57791586897493,53.821288386054036,30,30,size_30x30_run_003_seed_123,123
18.577921999755773,53.83194829178208,30,30,size_30x30_run_003_seed_123,123
18.579461276194525,53.84260327717517,30,30,size_30x30_run_003_seed_123,123
18.5823777438146,53.85325334563913,30,30,size_30x30_run_003_seed_123,123
18.584110110563635,53.8638985005767,30,30,size_30x30_run_003_seed_123,123
18.584197971473916,53.874538745387454,30,30,size_30x30_run_003_seed_123,123
18.585645536571686,53.88517408346784,30,30,size_30x30_run_003_seed_123,123
18.587023480383433,53.89580451821116,30,30,size_30x30_run_003_seed_123,123
18.587259832881017,53.906430053007604,30,30,size_30x30_run_003_seed_123,123
18.58745107925345,53.91705069124424,30,30,size_30x30_run_003_seed_123,123
18.587824773776212,53.927666436305,30,30,size_30x30_run_003_seed_123,123
18.588019223783867,53.9382772915707,30,30,size_30x30_run_003_seed_123,123
18.588140546655,53.948883260419066,30,30,size_30x30_run_003_seed_123,123
18.58950822442503,53.948883260419066,30,30,size_30x30_run_003_seed_123,123
18.589604760296396,53.95948434622467,30,30,size_30x30_run_003_seed_123,123
18.589972533148686,53.95948434622467,30,30,size_30x30_run_003_seed_123,123
18.590967392836937,53.970080552359036,30,30,size_30x30_run_003_seed_123,123
18.593929371810418,53.98067188219052,30,30,size_30x30_run_003_seed_123,123
18.59496236697802,53.991258339084425,30,30,size_30x30_run_003_seed_123,123
18.595501043725864,54.00183992640294,30,30,size_30x30_run_003_seed_123,123
18.595986607683944,54.01241664750517,30,30,size_30x30_run_003_seed_123,123
18.596500838453952,54.02298850574713,30,30,size_30x30_run_003_seed_123,123
18.597585479152116,54.033555504481726,30,30,size_30x30_run_003_seed_123,123
18.59817241488866,54.04411764705882,30,30,size_30x30_run_003_seed_123,123
18.59999615448902,54.05467493682517,30,30,size_30x30_run_003_seed_123,123
18.601662708547888,54.06522737712448,30,30,size_30x30_run_003_seed_123,123
18.60238031693378,54.07577497129736,30,30,size_30x30_run_003_seed_123,123
18.602957890125122,54.08631772268136,30,30,size_30x30_run_003_seed_123,123
18.603027823526737,54.096855634610975,30,30,size_30x30_run_003_seed_123,123
18.6049935206187,54.107388710417624,30,30,size_30x30_run_003_seed_123,123
18.605954103505262,54.11791695342969,30,30,size_30x30_run_003_seed_123,123
18.60861228654536,54.12844036697248,30,30,size_30x30_run_003_seed_123,123
18.6086786762742,54.13895895436826,30,30,size_30x30_run_003_seed_123,123
18.60929950647456,54.149472718936266,30,30,size_30x30_run_003_seed_123,123
18.609413520205496,54.15998166399266,30,30,size_30x30_run_003_seed_123,123
18.60990222364137,54.1704857928506,30,30,size_30x30_run_003_seed_123,123
18.611523537953037,54.18098510882016,30,30,size_30x30_run_003_seed_123,123
18.612291783583093,54.19147961520843,30,30,size_30x30_run_003_seed_123,123
18.613001432521123,54.201969315319445,30,30,size_30x30_run_003_seed_123,123
18.613419432268707,54.21245421245421,30,30,size_30x30_run_003_seed_123,123
18.61383704979279,54.222934309910734,30,30,size_30x30_run_003_seed_123,123
18.613938601043984,54.23340961098398,30,30,size_30x30_run_003_seed_123,123
18.61463138857811,54.24388011896591,30,30,size_30x30_run_003_seed_123,123
18.61699079826186,54.254345837145465,30,30,size_30x30_run_003_seed_123,123
18.622249408232882,54.26480676880859,30,30,size_30x30_run_003_seed_123,123
18.622951183453555,54.27526291723822,30,30,size_30x30_run_003_seed_123,123
18.623203871908707,54.285714285714285,30,30,size_30x30_run_003_seed_123,123
18.623664362369155,54.296160877513714,30,30,size_30x30_run_003_seed_123,123
18.62366691499396,54.30660269591044,30,30,size_30x30_run_003_seed_123,123
18.624881781358447,54.317039744175425,30,30,size_30x30_run_003_seed_123,123
18.626746367963253,54.32747202557662,30,30,size_30x30_run_003_seed_123,123
18.62697207992723,54.337899543378995,30,30,size_30x30_run_003_seed_123,123
18.627447418498424,54.34832230084455,30,30,size_30x30_run_003_seed_123,123
18.62749285329826,54.35874030123231,30,30,size_30x30_run_003_seed_123,123
18.62790862939746,54.36915354779831,30,30,size_30x30_run_003_seed_123,123
18.62855465538246,54.379562043795616,30,30,size_30x30_run_003_seed_123,123
18.629232234942936,54.38996579247435,30,30,size_30x30_run_003_seed_123,123
18.631170544966086,54.40036479708162,30,30,size_30x30_run_003_seed_123,123
18.631531989450888,54.410759060861636,30,30,size_30x30_run_003_seed_123,123
18.63258362542221,54.4211485870556,30,30,size_30x30_run_003_seed_123,123
18.63373632696977,54.4315333789018,30,30,size_30x30_run_003_seed_123,123
18.633815106242206,54.441913439635535,30,30,size_30x30_run_003_seed_123,123
18.634290402654276,54.452288772489176,30,30,size_30x30_run_003_seed_123,123
18.63467140446637,54.462659380692166,30,30,size_30x30_run_003_seed_123,123
18.63504652650697,54.47302526747097,30,30,size_30x30_run_003_seed_123,123
18.635356093745443,54.48338643604915,30,30,size_30x30_run_003_seed_123,123
18.637146514695075,54.49374288964732,30,30,size_30x30_run_003_seed_123,123
18.637966578204605,54.50409463148317,30,30,size_30x30_run_003_seed_123,123
18.638198537931878,54.51444166477144,30,30,size_30x30_run_003_seed_123,123
18.63868926938577,54.52478399272397,30,30,size_30x30_run_003_seed_123,123
18.639235364023854,54.535121618549674,30,30,size_30x30_run_003_seed_123,123
18.64037155978869,54.54545454545454,30,30,size_30x30_run_003_seed_123,123
18.641479458659127,54.55578277664167,30,30,size_30x30_run_003_seed_123,123
18.642004752385454,54.566106315311224,30,30,size_30x30_run_003_seed_123,123
18.642818865724223,54.576425164660456,30,30,size_30x30_run_003_seed_123,123
18.643087094412518,54.586739327883734,30,30,size_30x30_run_003_seed_123,123
18.643093718924554,54.59704880817253,30,30,size_30x30_run_003_seed_123,123
18.643476446807203,54.60735360871539,30,30,size_30x30_run_003_seed_123,123
18.643855115697452,54.61765373269798,30,30,size_30x30_run_003_seed_123,123
18.644388351458762,54.62794918330308,30,30,size_30x30_run_003_seed_123,123
18.644640367994015,54.63823996371059,30,30,size_30x30_run_003_seed_123,123
18.644645444924386,54.6485260770975,30,30,size_30x30_run_003_seed_123,123
18.644654870560313,54.65880752663795,30,30,size_30x30_run_003_seed_123,123
18.646105237450993,54.66908431550317,30,30,size_30x30_run_003_seed_123,123
18.64615683273027,54.67935644686155,30,30,size_30x30_run_003_seed_123,123
18.64642190607848,54.68962392387857,30,30,size_30x30_run_003_seed_123,123
18.647128402219156,54.699886749716875,30,30,size_30x30_run_003_seed_123,123
18.647808441838066,54.710144927536234,30,30,size_30x30_run_003_seed_123,123
18.64802008573845,54.72039846049355,30,30,size_30x30_run_003_seed_123,123
18.648585549737998,54.73064735174287,30,30,size_30x30_run_003_seed_123,123
18.65128429564189,54.74089160443539,30,30,size_30x30_run_003_seed_123,123
18.651367185473976,54.75113122171946,30,30,size_30x30_run_003_seed_123,123
18.65152046551187,54.76136620674056,30,30,size_30x30_run_003_seed_123,123
18.653377362323244,54.771596562641335,30,30,size_30x30_run_003_seed_123,123
18.653500714966757,54.781822292561614,30,30,size_30x30_run_003_seed_123,123
18.654023656807816,54.79204339963834,30,30,size_30x30_run_003_seed_123,123
18.654041368685682,54.80225988700565,30,30,size_30x30_run_003_seed_123,123
18.65421993650715,54.812471757794846,30,30,size_30x30_run_003_seed_123,123
18.6544516254408,54.8226790151344,30,30,size_30x30_run_003_seed_123,123
18.654477198724894,54.83288166214996,30,30,size_30x30_run_003_seed_123,123
18.6557915527944,54.84307970196433,30,30,size_30x30_run_003_seed_123,123
18.656787592007415,54.85327313769752,30,30,size_30x30_run_003_seed_123,123
18.658108306597295,54.86346197246671,30,30,size_30x30_run_003_seed_123,123
18.658209526959265,54.87364620938629,30,30,size_30x30_run_003_seed_123,123
18.658609345927392,54.88382585156779,30,30,size_30x30_run_003_seed_123,123
18.660985606696986,54.89400090211998,30,30,size_30x30_run_003_seed_123,123
18.66152189555189,54.904171364148816,30,30,size_30x30_run_003_seed_123,123
18.661741277473812,54.91433724075744,30,30,size_30x30_run_003_seed_123,123
18.662385789226278,54.924498535046204,30,30,size_30x30_run_003_seed_123,123
18.66355673234419,54.93465525011266,30,30,size_30x30_run_003_seed_123,123
18.663703325925425,54.94480738905159,30,30,size_30x30_run_003_seed_123,123
18.66436489340244,54.95495495495496,30,30,size_30x30_run_003_seed_123,123
18.664923924883954,54.965097950911954,30,30,size_30x30_run_003_seed_123,123
18.66513217588402,54.97523638000901,30,30,size_30x30_run_003_seed_123,123
18.665272645782153,54.98537024532973,30,30,size_30x30_run_003_seed_123,123
18.665628558149876,54.995499549955,30,30,size_30x30_run_003_seed_123,123
18.66712970599542,55.005624296962885,30,30,size_30x30_run_003_seed_123,123
18.667442512609146,55.0157444894287,30,30,size_30x30_run_003_seed_123,123
18.668439454674992,55.02586013042501,30,30,size_30x30_run_003_seed_123,123
18.668546150307574,55.03597122302158,30,30,size_30x30_run_003_seed_123,123
18.668904370011237,55.046077770285464,30,30,size_30x30_run_003_seed_123,123
18.669589410568655,55.0561797752809,30,30,size_30x30_run_003_seed_123,123
18.67196267754979,55.06627724106943,30,30,size_30x30_run_003_seed_123,123
18.674497341544424,55.0763701707098,30,30,size_30x30_run_003_seed_123,123
18.675298918979834,55.08645856725802,30,30,size_30x30_run_003_seed_123,123
18.675847414107082,55.096542433767404,30,30,size_30x30_run_003_seed_123,123
18.675889788130373,55.106621773288445,30,30,size_30x30_run_003_seed_123,123
18.677674389301913,55.11669658886894,30,30,size_30x30_run_003_seed_123,123
18.678086395449476,55.126766883553955,30,30,size_30x30_run_003_seed_123,123
18.67988147625678,55.13683266038583,30,30,size_30x30_run_003_seed_123,123
18.680275501410993,55.146893922404125,30,30,size_30x30_run_003_seed_123,123
18.680386323480025,55.15695067264574,30,30,size_30x30_run_003_seed_123,123
18.680468140477256,55.16700291414482,30,30,size_30x30_run_003_seed_123,123
18.680662073088257,55.17705064993277,30,30,size_30x30_run_003_seed_123,123
18.680868018241817,55.187093883038315,30,30,size_30x30_run_003_seed_123,123
18.681029021213206,55.19713261648745,30,30,size_30x30_run_003_seed_123,123
18.681031928224517,55.20716685330347,30,30,size_30x30_run_003_seed_123,123
18.681488511466686,55.217196596506945,30,30,size_30x30_run_003_seed_123,123
18.68206514756483,55.227221849115736,30,30,size_30x30_run_003_seed_123,123
18.682109247744147,55.23724261414503,30,30,size_30x30_run_003_seed_123,123
18.6823483435495,55.2472588946073,30,30,size_30x30_run_003_seed_123,123
18.682504702329975,55.257270693512304,30,30,size_30x30_run_003_seed_123,123
18.6833134636998,55.26727801386715,30,30,size_30x30_run_003_seed_123,123
18.6833218847023,55.27728085867621,30,30,size_30x30_run_003_seed_123,123
18.683719122300598,55.2872792309412,30,30,size_30x30_run_003_seed_123,123
18.68528184252072,55.29727313366115,30,30,size_30x30_run_003_seed_123,123
18.686170790493957,55.3072625698324,30,30,size_30x30_run_003_seed_123,123
18.688326742480765,55.31724754244861,30,30,size_30x30_run_003_seed_123,123
18.688388283801125,55.32722805450078,30,30,size_30x30_run_003_seed_123,123
18.688390148249493,55.337204108977225,30,30,size_30x30_run_003_seed_123,123
18.6886576376407,55.34717570886358,30,30,size_30x30_run_003_seed_123,123
18.689291865977225,55.35714285714286,30,30,size_30x30_run_003_seed_123,123
18.690470707806213,55.36710555679536,30,30,size_30x30_run_003_seed_123,123
18.69144603926825,55.37706381079875,30,30,size_30x30_run_003_seed_123,123
18.694074577405413,55.38701762212804,30,30,size_30x30_run_003_seed_123,123
18.694136914296518,55.39696699375558,30,30,size_30x30_run_003_seed_123,123
18.69442931348593,55.406911928651056,30,30,size_30x30_run_003_seed_123,123
18.69508956519011,55.416852429781535,30,30,size_30x30_run_003_seed_123,123
18.69558745799293,55.426788500111435,30,30,size_30x30_run_003_seed_123,123
18.696078199723935,55.43672014260249,30,30,size_30x30_run_003_seed_123,123
18.698000232164805,55.44664736021385,30,30,size_30x30_run_003_seed_123,123
18.69988586404118,55.45657015590201,30,30,size_30x30_run_003_seed_123,123
18.701504820946447,55.466488532620794,30,30,size_30x30_run_003_seed_123,123
18.70257914574474,55.476402493321466,30,30,size_30x30_run_003_seed_123,123
18.702626530623263,55.48631204095259,30,30,size_30x30_run_003_seed_123,123
18.70308904094398,55.48631204095259,30,30,size_30x30_run_003_seed_123,123
18.70333012813733,55.49621717846017,30,30,size_30x30_run_003_seed_123,123
18.703649443116564,55.506117908787544,30,30,size_30x30_run_003_seed_123,123
18.70488230653064,55.51601423487544,30,30,size_30x30_run_003_seed_123,123
18.705845523421715,55.525906159662,30,30,size_30x30_run_003_seed_123,123
18.706087440875322,55.5357936860827,30,30,size_30x30_run_003_seed_123,123
18.706971241070125,55.54567681707046,30,30,size_30x30_run_003_seed_123,123
18.707322025576822,55.55555555555556,30,30,size_30x30_run_003_seed_123,123
18.708821339851898,55.56542990446568,30,30,size_30x30_run_003_seed_123,123
18.70945717058883,55.5752998667259,30,30,size_30x30_run_003_seed_123,123
18.710100541772206,55.585165445258724,30,30,size_30x30_run_003_seed_123,123
18.710492974619,55.59502664298401,30,30,size_30x30_run_003_seed_123,123
18.713492369776045,55.60488346281909,30,30,size_30x30_run_003_seed_123,123
18.716382281891764,55.61473590767865,30,30,size_30x30_run_003_seed_123,123
18.71681309374532,55.62458398047482,30,30,size_30x30_run_003_seed_123,123
18.71716708809933,55.63442768411713,30,30,size_30x30_run_003_seed_123,123
18.718072610149594,55.644267021512526,30,30,size_30x30_run_003_seed_123,123
18.719170592022266,55.654101995565405,30,30,size_30x30_run_003_seed_123,123
18.719600546771858,55.66393260917757,30,30,size_30x30_run_003_seed_123,123
18.720513356785638,55.673758865248224,30,30,size_30x30_run_003_seed_123,123
18.722386334588858,55.683580766674055,30,30,size_30x30_run_003_seed_123,123
18.722555689118636,55.69339831634914,30,30,size_30x30_run_003_seed_123,123
18.723227820064018,55.70321151716501,30,30,size_30x30_run_003_seed_123,123
18.72388877977363,55.713020372010625,30,30,size_30x30_run_003_seed_123,123
18.725776831668707,55.72282488377242,30,30,size_30x30_run_003_seed_123,123
18.725903247040907,55.73262505533422,30,30,size_30x30_run_003_seed_123,123
18.72658224583813,55.74242088957734,30,30,size_30x30_run_003_seed_123,123
18.72664790710932,55.75221238938053,30,30,size_30x30_run_003_seed_123,123
18.727999735084687,55.76199955761999,30,30,size_30x30_run_003_seed_123,123
18.72920006322184,55.77178239716939,30,30,size_30x30_run_003_seed_123,123
18.730787747151382,55.78156091089984,30,30,size_30x30_run_003_seed_123,123
18.730916094310846,55.79133510167993,30,30,size_30x30_run_003_seed_123,123
18.731136372444862,55.80110497237569,30,30,size_30x30_run_003_seed_123,123
18.731900003251944,55.81087052585064,30,30,size_30x30_run_003_seed_123,123
18.73207119266594,55.82063176496575,30,30,size_30x30_run_003_seed_123,123
18.73376474938835,55.830388692579504,30,30,size_30x30_run_003_seed_123,123
18.735129992311382,55.84014131154781,30,30,size_30x30_run_003_seed_123,123
18.735146239128692,55.84988962472406,30,30,size_30x30_run_003_seed_123,123
18.735463794358747,55.859633634959174,30,30,size_30x30_run_003_seed_123,123
18.73777465786532,55.8693733451015,30,30,size_30x30_run_003_seed_123,123
18.738259758067432,55.87910875799691,30,30,size_30x30_run_003_seed_123,123
18.74160854033714,55.88883987648875,30,30,size_30x30_run_003_seed_123,123
18.742570055868406,55.89856670341786,30,30,size_30x30_run_003_seed_123,123
18.742698516021687,55.908289241622576,30,30,size_30x30_run_003_seed_123,123
18.7436565901465,55.918007493938724,30,30,size_30x30_run_003_seed_123,123
18.74638032847462,55.927721463199646,30,30,size_30x30_run_003_seed_123,123
18.746991974296407,55.93743115223617,30,30,size_30x30_run_003_seed_123,123
18.747481003350913,55.947136563876654,30,30,size_30x30_run_003_seed_123,123
18.747587362535594,55.95683770094693,30,30,size_30x30_run_003_seed_123,123
18.747884167103237,55.96653456627037,30,30,size_30x30_run_003_seed_123,123
18.74913450381729,55.97622716266783,30,30,size_30x30_run_003_seed_123,123
18.749926720164265,55.98591549295775,30,30,size_30x30_run_003_seed_123,123
18.75064519085016,55.995599559956,30,30,size_30x30_run_003_seed_123,123
18.7506588912953,56.005279366476024,30,30,size_30x30_run_003_seed_123,123
18.750899401969612,56.01495491532879,30,30,size_30x30_run_003_seed_123,123
18.75241460809473,56.02462620932278,30,30,size_30x30_run_003_seed_123,123
18.752604353875718,56.03429325126401,30,30,size_30x30_run_003_seed_123,123
18.752834467160397,56.043956043956044,30,30,size_30x30_run_003_seed_123,123
18.752938933365964,56.05361459019995,30,30,size_30x30_run_003_seed_123,123
18.75308066819124,56.06326889279437,30,30,size_30x30_run_003_seed_123,123
18.7534580321574,56.07291895453547,30,30,size_30x30_run_003_seed_123,123
18.75441459838181,56.08256477821695,30,30,size_30x30_run_003_seed_123,123
18.75541703244144,56.09220636663008,30,30,size_30x30_run_003_seed_123,123
18.756736368898206,56.10184372256365,30,30,size_30x30_run_003_seed_123,123
18.756920442185958,56.111476848804045,30,30,size_30x30_run_003_seed_123,123
18.758894460501136,56.12110574813515,30,30,size_30x30_run_003_seed_123,123
18.761031846003426,56.13073042333845,30,30,size_30x30_run_003_seed_123,123
18.761523463517424,56.14035087719298,30,30,size_30x30_run_003_seed_123,123
18.761832688000037,56.14996711247533,30,30,size_30x30_run_003_seed_123,123
18.762409973829328,56.15957913195967,30,30,size_30x30_run_003_seed_123,123
18.763607176841326,56.1691869384177,30,30,size_30x30_run_003_seed_123,123
18.765090114612217,56.17879053461875,30,30,size_30x30_run_003_seed_123,123
18.765423391738178,56.18838992332969,30,30,size_30x30_run_003_seed_123,123
18.76543273087481,56.19798510731494,30,30,size_30x30_run_003_seed_123,123
18.769189820533725,56.20757608933654,30,30,size_30x30_run_003_seed_123,123
18.76961369675763,56.21716287215411,30,30,size_30x30_run_003_seed_123,123
18.770213693816526,56.22674545852484,30,30,size_30x30_run_003_seed_123,123
18.77036098408799,56.236323851203494,30,30,size_30x30_run_003_seed_123,123
18.770588391703477,56.245898052942465,30,30,size_30x30_run_003_seed_123,123
18.773223080078623,56.25546806649169,30,30,size_30x30_run_003_seed_123,123
18.773740307937206,56.26503389459874,30,30,size_30x30_run_003_seed_123,123
18.774024921073764,56.26503389459874,30,30,size_30x30_run_003_seed_123,123
18.77443106315722,56.27459554000874,30,30,size_30x30_run_003_seed_123,123
18.7749647644918,56.284153005464475,30,30,size_30x30_run_003_seed_123,123
18.776635941704292,56.29370629370629,30,30,size_30x30_run_003_seed_123,123
18.776858862086094,56.30325540747214,30,30,size_30x30_run_003_seed_123,123
18.77686983034302,56.31280034949759,30,30,size_30x30_run_003_seed_123,123
18.777056695284863,56.32234112251583,30,30,size_30x30_run_003_seed_123,123
18.777159083807472,56.33187772925764,30,30,size_30x30_run_003_seed_123,123
18.777717435874724,56.34141017245143,30,30,size_30x30_run_003_seed_123,123
18.77795912105906,56.35093845482322,30,30,size_30x30_run_003_seed_123,123
18.780953408329715,56.36046257909666,30,30,size_30x30_run_003_seed_123,123
18.782004673891606,56.36998254799301,30,30,size_30x30_run_003_seed_123,123
18.782115735009974,56.37949836423118,30,30,size_30x30_run_003_seed_123,123
18.782595598640366,56.3890100305277,30,30,size_30x30_run_003_seed_123,123
18.782812241215947,56.39851754959668,30,30,size_30x30_run_003_seed_123,123
18.783976553116634,56.40802092414996,30,30,size_30x30_run_003_seed_123,123
18.78411475608678,56.41752015689693,30,30,size_30x30_run_003_seed_123,123
18.784568409663798,56.42701525054466,30,30,size_30x30_run_003_seed_123,123
18.787075265396783,56.43650620779786,30,30,size_30x30_run_003_seed_123,123
18.788486280422365,56.44599303135889,30,30,size_30x30_run_003_seed_123,123
18.788758567527243,56.45547572392772,30,30,size_30x30_run_003_seed_123,123
18.790176321275073,56.46495428820201,30,30,size_30x30_run_003_seed_123,123
18.79087198164582,56.474428726877036,30,30,size_30x30_run_003_seed_123,123
18.793460848572753,56.48389904264578,30,30,size_30x30_run_003_seed_123,123
18.793736535743584,56.48389904264578,30,30,size_30x30_run_003_seed_123,123
18.79549431577297,56.49336523819882,30,30,size_30x30_run_003_seed_123,123
18.795545223982725,56.50282731622445,30,30,size_30x30_run_003_seed_123,123
18.795858835468234,56.51228527940857,30,30,size_30x30_run_003_seed_123,123
18.796209016290717,56.52173913043478,30,30,size_30x30_run_003_seed_123,123
18.79745376435563,56.53118887198435,30,30,size_30x30_run_003_seed_123,123
18.799826711258273,56.5406345067362,30,30,size_30x30_run_003_seed_123,123
18.79988248448395,56.550076037366935,30,30,size_30x30_run_003_seed_123,123
18.801575813055567,56.559513466550825,30,30,size_30x30_run_003_seed_123,123
18.802394479470447,56.56894679695983,30,30,size_30x30_run_003_seed_123,123
18.80243033545052,56.578376031263566,30,30,size_30x30_run_003_seed_123,123
18.803695809263093,56.58780117212937,30,30,size_30x30_run_003_seed_123,123
18.804347770617902,56.59722222222222,30,30,size_30x30_run_003_seed_123,123
18.804601012375056,56.60663918420482,30,30,size_30x30_run_003_seed_123,123
18.80518043292671,56.61605206073753,30,30,size_30x30_run_003_seed_123,123
18.805388692942554,56.625460854478426,30,30,size_30x30_run_003_seed_123,123
18.80564531395803,56.63486556808326,30,30,size_30x30_run_003_seed_123,123
18.805973976535967,56.64426620420551,30,30,size_30x30_run_003_seed_123,123
18.806658435514027,56.653662765496314,30,30,size_30x30_run_003_seed_123,123
18.807766973441954,56.66305525460456,30,30,size_30x30_run_003_seed_123,123
18.807798507950555,56.672443674176776,30,30,size_30x30_run_003_seed_123,123
18.80846236176109,56.68182802685726,30,30,size_30x30_run_003_seed_123,123
18.80888154944576,56.691208315288,30,30,size_30x30_run_003_seed_123,123
18.809566950535846,56.70058454210868,30,30,size_30x30_run_003_seed_123,123
18.810451486615875,56.709956709956714,30,30,size_30x30_run_003_seed_123,123
18.810519052766107,56.71932482146721,30,30,size_30x30_run_003_seed_123,123
18.811182818840518,56.72868887927304,30,30,size_30x30_run_003_seed_123,123
18.811783328385715,56.738048886004755,30,30,size_30x30_run_003_seed_123,123
18.81316857563057,56.747404844290664,30,30,size_30x30_run_003_seed_123,123
18.813427863538227,56.75675675675676,30,30,size_30x30_run_003_seed_123,123
18.813494594057737,56.7661046260268,30,30,size_30x30_run_003_seed_123,123
18.815949955290677,56.77544845472228,30,30,size_30x30_run_003_seed_123,123
18.81639353326923,56.7847882454624,30,30,size_30x30_run_003_seed_123,123
18.817394055727284,56.79412400086412,30,30,size_30x30_run_003_seed_123,123
18.81795133932875,56.803455723542115,30,30,size_30x30_run_003_seed_123,123
18.818175480943303,56.812783416108836,30,30,size_30x30_run_003_seed_123,123
18.82174598518319,56.82210708117444,30,30,size_30x30_run_003_seed_123,123
18.822736519316642,56.83142672134686,30,30,size_30x30_run_003_seed_123,123
18.823681181382913,56.84074233923177,30,30,size_30x30_run_003_seed_123,123
18.82407013224897,56.85005393743258,30,30,size_30x30_run_003_seed_123,123
18.825758910844986,56.85936151855048,30,30,size_30x30_run_003_seed_123,123
18.826367395626356,56.86866508518439,30,30,size_30x30_run_003_seed_123,123
18.827244833712456,56.877964639931,30,30,size_30x30_run_003_seed_123,123
18.829004911935435,56.88726018538478,30,30,size_30x30_run_003_seed_123,123
18.82963711256795,56.896551724137936,30,30,size_30x30_run_003_seed_123,123
18.829900804602556,56.90583925878043,30,30,size_30x30_run_003_seed_123,123
18.830244099312704,56.91512279190004,30,30,size_30x30_run_003_seed_123,123
18.831078005147795,56.92440232608228,30,30,size_30x30_run_003_seed_123,123
18.83121066143004,56.933677863910425,30,30,size_30x30_run_003_seed_123,123
18.832663271580905,56.94294940796556,30,30,size_30x30_run_003_seed_123,123
18.83513857318863,56.95221696082652,30,30,size_30x30_run_003_seed_123,123
18.835643492231167,56.96148052506994,30,30,size_30x30_run_003_seed_123,123
18.83570418858434,56.970740103270224,30,30,size_30x30_run_003_seed_123,123
18.836174487057903,56.97999569799958,30,30,size_30x30_run_003_seed_123,123
18.836487747918063,56.98924731182796,30,30,size_30x30_run_003_seed_123,123
18.83684480848619,56.99849494732315,30,30,size_30x30_run_003_seed_123,123
18.837407944579933,57.007738607050726,30,30,size_30x30_run_003_seed_123,123
18.839523758366735,57.01697829357404,30,30,size_30x30_run_003_seed_123,123
18.8410897207591,57.026214009454236,30,30,size_30x30_run_003_seed_123,123
18.84297265974811,57.03544575725027,30,30,size_30x30_run_003_seed_123,123
18.843790775620658,57.0446735395189,30,30,size_30x30_run_003_seed_123,123
18.84392356323441,57.05389735881469,30,30,size_30x30_run_003_seed_123,123
18.84405071587701,57.06311721768999,30,30,size_30x30_run_003_seed_123,123
18.84691009140964,57.072333118695,30,30,size_30x30_run_003_seed_123,123
18.847012832039486,57.08154506437768,30,30,size_30x30_run_003_seed_123,123
18.847165321005388,57.09075305728385,30,30,size_30x30_run_003_seed_123,123
18.84820298108892,57.0999570999571,30,30,size_30x30_run_003_seed_123,123
18.8482973675215,57.109157194938874,30,30,size_30x30_run_003_seed_123,123
18.850415489549604,57.11835334476844,30,30,size_30x30_run_003_seed_123,123
18.850894037674784,57.11835334476844,30,30,size_30x30_run_003_seed_123,123
18.85170320489405,57.12754555198285,30,30,size_30x30_run_003_seed_123,123
18.851885636085033,57.13673381911701,30,30,size_30x30_run_003_seed_123,123
18.852377926512926,57.145918148703664,30,30,size_30x30_run_003_seed_123,123
18.854524278713992,57.155098543273354,30,30,size_30x30_run_003_seed_123,123
18.854847646758746,57.16427500535447,30,30,size_30x30_run_003_seed_123,123
18.855101834376732,57.17344753747323,30,30,size_30x30_run_003_seed_123,123
18.8553284993542,57.18261614215372,30,30,size_30x30_run_003_seed_123,123
18.85803203884565,57.1917808219178,30,30,size_30x30_run_003_seed_123,123
18.85893001441798,57.20094157928526,30,30,size_30x30_run_003_seed_123,123
18.859683698308448,57.21009841677363,30,30,size_30x30_run_003_seed_123,123
18.860097028457368,57.21925133689839,30,30,size_30x30_run_003_seed_123,123
18.860714296718715,57.228400342172804,30,30,size_30x30_run_003_seed_123,123
18.861149026655948,57.228400342172804,30,30,size_30x30_run_003_seed_123,123
18.861315992872804,57.237545435107975,30,30,size_30x30_run_003_seed_123,123
18.861720778543432,57.24668661821292,30,30,size_30x30_run_003_seed_123,123
18.86250569021991,57.25582389399444,30,30,size_30x30_run_003_seed_123,123
18.862575550485623,57.26495726495726,30,30,size_30x30_run_003_seed_123,123
18.862636523396617,57.27408673360394,30,30,size_30x30_run_003_seed_123,123
18.863675951407814,57.28321230243486,30,30,size_30x30_run_003_seed_123,123
18.86414134058948,57.29233397394833,30,30,size_30x30_run_003_seed_123,123
18.86436518236405,57.301451750640474,30,30,size_30x30_run_003_seed_123,123
18.86650791889967,57.31056563500534,30,30,size_30x30_run_003_seed_123,123
18.868054734432345,57.319675629534785,30,30,size_30x30_run_003_seed_123,123
18.86926468536096,57.32878173671858,30,30,size_30x30_run_003_seed_123,123
18.871255301260916,57.33788395904437,30,30,size_30x30_run_003_seed_123,123
18.873177769781364,57.34698229899765,30,30,size_30x30_run_003_seed_123,123
18.873712435326244,57.356076759061835,30,30,size_30x30_run_003_seed_123,123
18.87467322147081,57.365167341718184,30,30,size_30x30_run_003_seed_123,123
18.876720511585745,57.37425404944586,30,30,size_30x30_run_003_seed_123,123
18.876896274266414,57.38333688472193,30,30,size_30x30_run_003_seed_123,123
18.877080848530834,57.39241585002131,30,30,size_30x30_run_003_seed_123,123
18.87737801007741,57.401490947816825,30,30,size_30x30_run_003_seed_123,123
18.877400587301945,57.41056218057922,30,30,size_30x30_run_003_seed_123,123
18.87843916067734,57.419629550777096,30,30,size_30x30_run_003_seed_123,123
18.87883484068194,57.42869306087697,30,30,size_30x30_run_003_seed_123,123
18.881311099970368,57.43775271334326,30,30,size_30x30_run_003_seed_123,123
18.882100664156038,57.446808510638306,30,30,size_30x30_run_003_seed_123,123
18.883426600349093,57.45586045522229,30,30,size_30x30_run_003_seed_123,123
18.884398707674702,57.464908549553385,30,30,size_30x30_run_003_seed_123,123
18.88541070656007,57.4739527960876,30,30,size_30x30_run_003_seed_123,123
18.886492355075312,57.48299319727891,30,30,size_30x30_run_003_seed_123,123
18.888527540907454,57.49202975557917,30,30,size_30x30_run_003_seed_123,123
18.888630473253183,57.50106247343817,30,30,size_30x30_run_003_seed_123,123
18.88937378781523,57.510091353303594,30,30,size_30x30_run_003_seed_123,123
18.890742866260364,57.519116397621076,30,30,size_30x30_run_003_seed_123,123
18.891083828551434,57.52813760883415,30,30,size_30x30_run_003_seed_123,123
18.89191809721332,57.537154989384284,30,30,size_30x30_run_003_seed_123,123
18.89317643418048,57.546168541710884,30,30,size_30x30_run_003_seed_123,123
18.89327314646802,57.555178268251275,30,30,size_30x30_run_003_seed_123,123
18.895509617173264,57.564184171440694,30,30,size_30x30_run_003_seed_123,123
18.89577608226652,57.57318625371235,30,30,size_30x30_run_003_seed_123,123
18.895834884284362,57.582184517497346,30,30,size_30x30_run_003_seed_123,123
18.89721710443586,57.59117896522476,30,30,size_30x30_run_003_seed_123,123
18.897509598594066,57.6001695993216,30,30,size_30x30_run_003_seed_123,123
18.89937653978007,57.609156422212806,30,30,size_30x30_run_003_seed_123,123
18.899740792500356,57.61813943632126,30,30,size_30x30_run_003_seed_123,123
18.899971643564953,57.6271186440678,30,30,size_30x30_run_003_seed_123,123
18.90028940458213,57.63609404787121,30,30,size_30x30_run_003_seed_123,123
18.90355399727174,57.64506565014824,30,30,size_30x30_run_003_seed_123,123
18.903944544978486,57.654033453313566,30,30,size_30x30_run_003_seed_123,123
18.90419312210888,57.66299745977985,30,30,size_30x30_run_003_seed_123,123
18.90630898702078,57.67195767195767,30,30,size_30x30_run_003_seed_123,123
18.906314170708683,57.680914092255605,30,30,size_30x30_run_003_seed_123,123
18.90695786142439,57.68986672308017,30,30,size_30x30_run_003_seed_123,123
18.907808693169965,57.69881556683587,30,30,size_30x30_run_003_seed_123,123
18.908017494489897,57.70776062592514,30,30,size_30x30_run_003_seed_123,123
18.9109531407237,57.71670190274841,30,30,size_30x30_run_003_seed_123,123
18.91164812834763,57.72563939970408,30,30,size_30x30_run_003_seed_123,123
18.91236649672078,57.734573119188504,30,30,size_30x30_run_003_seed_123,123
18.9123683268473,57.74350306359602,30,30,size_30x30_run_003_seed_123,123
18.912613446151976,57.75242923531897,30,30,size_30x30_run_003_seed_123,123
18.91271009035704,57.76135163674763,30,30,size_30x30_run_003_seed_123,123
18.913004255813682,57.770270270270274,30,30,size_30x30_run_003_seed_123,123
18.916544876961687,57.77918513827317,30,30,size_30x30_run_003_seed_123,123
18.91778527125764,57.788096243140565,30,30,size_30x30_run_003_seed_123,123
18.92091455731127,57.79700358725469,30,30,size_30x30_run_003_seed_123,123
18.921222522137835,57.80590717299579,30,30,size_30x30_run_003_seed_123,123
18.921565948020184,57.81480700274204,30,30,size_30x30_run_003_seed_123,123
18.921895649180158,57.82370307886967,30,30,size_30x30_run_003_seed_123,123
18.92416132783459,57.8325954037529,30,30,size_30x30_run_003_seed_123,123
18.924277072193398,57.84148397976391,30,30,size_30x30_run_003_seed_123,123
18.9244628079128,57.85036880927292,30,30,size_30x30_run_003_seed_123,123
18.930517229032883,57.85924989464812,30,30,size_30x30_run_003_seed_123,123
18.930899174300183,57.86812723825574,30,30,size_30x30_run_003_seed_123,123
18.93105823582566,57.87700084245998,30,30,size_30x30_run_003_seed_123,123
18.93180640159733,57.88587070962308,30,30,size_30x30_run_003_seed_123,123
18.932947100257778,57.89473684210527,30,30,size_30x30_run_003_seed_123,123
18.935629086498366,57.90359924226479,30,30,size_30x30_run_003_seed_123,123
18.935729446019362,57.91245791245792,30,30,size_30x30_run_003_seed_123,123
18.93612484741573,57.92131285503892,30,30,size_30x30_run_003_seed_123,123
18.937414446967242,57.930164072360114,30,30,size_30x30_run_003_seed_123,123
18.93814311300278,57.93901156677181,30,30,size_30x30_run_003_seed_123,123
18.939888279061208,57.94785534062237,30,30,size_30x30_run_003_seed_123,123
18.940236923088495,57.95669539625815,30,30,size_30x30_run_003_seed_123,123
18.94374554907419,57.965531736023536,30,30,size_30x30_run_003_seed_123,123
18.94442177477955,57.97436436226098,30,30,size_30x30_run_003_seed_123,123
18.944959205295827,57.98319327731093,30,30,size_30x30_run_003_seed_123,123
18.946589618065133,57.99201848351186,30,30,size_30x30_run_003_seed_123,123
18.949257024974496,58.000839983200336,30,30,size_30x30_run_003_seed_123,123
18.95091362537407,58.0096577787109,30,30,size_30x30_run_003_seed_123,123
18.952885337350224,58.01847187237615,30,30,size_30x30_run_003_seed_123,123
18.955010015636777,58.02728226652676,30,30,size_30x30_run_003_seed_123,123
18.955743147687826,58.036088963491395,30,30,size_30x30_run_003_seed_123,123
18.958251680417362,58.04489196559681,30,30,size_30x30_run_003_seed_123,123
18.958318034369377,58.053691275167786,30,30,size_30x30_run_003_seed_123,123
18.958810998107868,58.062486894527154,30,30,size_30x30_run_003_seed_123,123
18.959131788287205,58.07127882599581,30,30,size_30x30_run_003_seed_123,123
18.960103269757354,58.080067071892685,30,30,size_30x30_run_003_seed_123,123
18.960559941394415,58.08885163453479,30,30,size_30x30_run_003_seed_123,123
18.96134529491407,58.09763251623716,30,30,size_30x30_run_003_seed_123,123
18.961980534481523,58.10640971931294,30,30,size_30x30_run_003_seed_123,123
18.9623240078893,58.1151832460733,30,30,size_30x30_run_003_seed_123,123
18.962484166657642,58.12395309882747,30,30,size_30x30_run_003_seed_123,123
18.96438637326585,58.13271927988277,30,30,size_30x30_run_003_seed_123,123
18.966340273805702,58.14148179154458,30,30,size_30x30_run_003_seed_123,123
18.968522720992166,58.150240636116344,30,30,size_30x30_run_003_seed_123,123
18.968918102685866,58.15899581589959,30,30,size_30x30_run_003_seed_123,123
18.96902834464621,58.1677473331939,30,30,size_30x30_run_003_seed_123,123
18.971668651883174,58.17649519029695,30,30,size_30x30_run_003_seed_123,123
18.97186443954585,58.185239389504495,30,30,size_30x30_run_003_seed_123,123
18.972025672081923,58.19397993311036,30,30,size_30x30_run_003_seed_123,123
18.97222483663846,58.202716823406476,30,30,size_30x30_run_003_seed_123,123
18.972639437583055,58.21145006268282,30,30,size_30x30_run_003_seed_123,123
18.973593910705784,58.22017965322749,30,30,size_30x30_run_003_seed_123,123
18.97371922455724,58.22890559732665,30,30,size_30x30_run_003_seed_123,123
18.976465064931777,58.23762789726457,30,30,size_30x30_run_003_seed_123,123
18.976581988173784,58.24634655532359,30,30,size_30x30_run_003_seed_123,123
18.9777506414005,58.25506157378418,30,30,size_30x30_run_003_seed_123,123
18.978898974532566,58.263772954924875,30,30,size_30x30_run_003_seed_123,123
18.97899991712093,58.272480701022324,30,30,size_30x30_run_003_seed_123,123
18.979444085009593,58.28118481435127,30,30,size_30x30_run_003_seed_123,123
18.980352782097643,58.28988529718456,30,30,size_30x30_run_003_seed_123,123
18.98048583293866,58.29858215179316,30,30,size_30x30_run_003_seed_123,123
18.980849871619473,58.307275380446114,30,30,size_30x30_run_003_seed_123,123
18.98211698056113,58.31596498541059,30,30,size_30x30_run_003_seed_123,123
18.984438276154872,58.324650968951865,30,30,size_30x30_run_003_seed_123,123
18.98482261110735,58.333333333333336,30,30,size_30x30_run_003_seed_123,123
18.986680831250226,58.342012080816495,30,30,size_30x30_run_003_seed_123,123
18.9882577977284,58.350687213660976,30,30,size_30x30_run_003_seed_123,123
18.988374828510292,58.3593587341245,30,30,size_30x30_run_003_seed_123,123
18.988590828068848,58.368026644462944,30,30,size_30x30_run_003_seed_123,123
18.98915769824041,58.376690946930275,30,30,size_30x30_run_003_seed_123,123
18.98926230742457,58.385351643778606,30,30,size_30x30_run_003_seed_123,123
18.99273756543804,58.39400873725816,30,30,size_30x30_run_003_seed_123,123
18.99297653463551,58.402662229617306,30,30,size_30x30_run_003_seed_123,123
18.993696654160733,58.41131212310252,30,30,size_30x30_run_003_seed_123,123
18.9940611454569,58.41131212310252,30,30,size_30x30_run_003_seed_123,123
18.99411186692513,58.41995841995842,30,30,size_30x30_run_003_seed_123,123
18.995109806336494,58.42860112242777,30,30,size_30x30_run_003_seed_123,123
18.9959991215622,58.43724023275145,30,30,size_30x30_run_003_seed_123,123
18.996950227631025,58.445875753168494,30,30,size_30x30_run_003_seed_123,123
18.999338075241994,58.45450768591608,30,30,size_30x30_run_003_seed_123,123
18.999379205814563,58.46313603322949,30,30,size_30x30_run_003_seed_123,123
19.004324804232198,58.4717607973422,30,30,size_30x30_run_003_seed_123,123
