time,conversion
0.0021068477608879297,0.0
0.011589924909284954,0.0
0.01853384378178006,0.0
0.026058649245021596,0.0
0.02764321176683289,0.0
0.02881960572671191,0.0
0.03815346649574339,0.0
0.059804740842488074,0.0
0.06019476210027505,0.0
0.060940626134815906,0.0
0.06744914465454645,0.0
0.07352086677575242,0.0
0.08068446188201525,0.0
0.08643079730680941,0.0
0.09014730595499645,0.0
0.11806765542565262,0.0
0.11893483153127325,0.0
0.11993396155439628,0.0
0.12384357313446692,0.0
0.12738939433203955,0.0
0.13077542669799808,0.0
0.1333168968996467,0.0
0.1346804246380369,0.0
0.15814340269843036,0.0
0.163533887472322,0.0
0.1687135098108951,0.0
0.16972288303818994,0.0
0.17856134700286025,0.0
0.18616424329679104,0.0
0.18987764678253638,0.0
0.19181569500904502,0.0
0.1934290480920354,0.0
0.19956392659087563,0.0
0.20436280567973072,0.0
0.20958538601208532,0.0
0.21121754688348404,0.0
0.21445282566290486,0.0
0.2215804942166171,0.0
0.22785849270766373,0.0
0.2416666624073684,0.0
0.24202008213661147,0.0
0.24906064999806293,0.0
0.2522262964504275,0.0
0.25649246149772625,0.0
0.2582136860515548,0.0
0.25853502314671223,0.0
0.2589544278455271,0.0
0.2600376842459452,0.0
0.2656624562925512,0.0
0.2687164927811839,0.0
0.27176016587436685,0.0
0.2719140776368804,0.0
0.27429202847238576,0.0
0.27941690036073136,0.0
0.28292406342361825,0.0
0.28382739261781204,0.0
0.29419523695554783,0.0
0.2991539109694768,0.0
0.3020843075532946,0.0
0.30699322757628117,0.0
0.30988174206756364,0.0
0.3112745652321033,0.0
0.3125503127099906,0.0
0.3158362336183796,0.0
0.31864244055980645,0.0
0.32429580503591204,0.0
0.3243969837274785,0.0
0.3260878424446497,0.0
0.32685509471696933,0.0
0.3269232384988647,0.0
0.3288608220862044,0.0
0.33338214167458896,0.0
0.33590065948102277,0.0
0.3395019173622205,0.0
0.3408761809104728,0.0
0.3459756588775934,0.0
0.3496055959722638,0.0
0.3546639013872786,0.0
0.35586930303778264,0.0
0.360338061818742,0.0
0.36070168064330954,0.0
0.3669203419050721,0.0
0.3757374794295731,0.0
0.37850674367033776,0.0
0.379654852690106,0.0
0.3800596316015203,0.0
0.3820386565882095,0.0
0.3854865519184177,0.0
0.39125155788627847,0.0
0.39146682670453864,0.0
0.4007403574617206,0.0
0.40233809881041366,0.0
0.40911385341317247,0.0
0.42990729266937555,0.0
0.4331945191776331,0.0
0.4342164255206768,0.0
0.4361541241461728,0.0
0.4398459203543176,0.0
0.4471575157576175,0.0
0.4516762872195731,0.0
0.45396008937231697,0.0
0.4634240504228006,0.0
0.46364226423011606,0.0
0.4667270055955375,0.0
0.4742140055795156,0.0
0.475087367297995,0.0
0.48042176582213286,0.0
0.4825252359280182,0.0
0.4833852507436315,0.0
0.484724215611186,0.0
0.4877993912842394,0.0
0.4884830869631839,0.0
0.4886158072382602,0.0
0.4904182510261245,0.0
0.49327863638128316,0.0
0.4948298945890901,0.0
0.4952363483769682,0.0
0.49540374319649744,0.0
0.49634041504429827,0.0
0.49986950965371413,0.0
0.5012616527670363,0.0
0.5042255126095642,0.0
0.5045851484082572,0.0
0.5072169725116955,0.0
0.5082134976134056,0.0
0.5091445758809939,0.0
0.509197504497582,0.0
0.510486931519771,0.0
0.5109430645389441,0.0
0.5156126080709815,0.0
0.5170609182850048,0.04997501249375312
0.5238527777027081,0.04997501249375312
0.5257372926298769,0.04997501249375312
0.526574116398706,0.04997501249375312
0.5275809249277197,0.04997501249375312
0.5308345486899531,0.04997501249375312
0.5316798383276664,0.04997501249375312
0.5357632083069546,0.04997501249375312
0.5373839029846105,0.04997501249375312
0.5384446592370489,0.04997501249375312
0.538497902101479,0.04997501249375312
0.5394242639455707,0.04997501249375312
0.5394735636694584,0.04997501249375312
0.5474831752726728,0.04997501249375312
0.5475483882724284,0.04997501249375312
0.5499656165622874,0.0999000999000999
0.5555151658492158,0.0999000999000999
0.5556749120558292,0.0999000999000999
0.5583046424493417,0.0999000999000999
0.5602528005996057,0.0999000999000999
0.5632305608355798,0.0999000999000999
0.5656014013940199,0.0999000999000999
0.5697213049920847,0.0999000999000999
0.5710249840924024,0.0999000999000999
0.5735352365483029,0.0999000999000999
0.5744388624755985,0.0999000999000999
0.5767314390826316,0.0999000999000999
0.5784163826428921,0.0999000999000999
0.578989786232948,0.0999000999000999
0.5850888243249383,0.0999000999000999
0.588231431754569,0.0999000999000999
0.5898777058629601,0.0999000999000999
0.5912360778164929,0.0999000999000999
0.5921945125853412,0.0999000999000999
0.5945391523718395,0.0999000999000999
0.5964648390188422,0.0999000999000999
0.5983092721157882,0.0999000999000999
0.5995488775440824,0.0999000999000999
0.6008034098655061,0.14977533699450823
0.6070124577039653,0.14977533699450823
0.6126791427147118,0.14977533699450823
0.6167175324212054,0.14977533699450823
0.6168482600884722,0.14977533699450823
0.6195936179888871,0.14977533699450823
0.6224045268540163,0.14977533699450823
0.625206007416957,0.14977533699450823
0.6284389341596903,0.14977533699450823
0.6296935422611929,0.14977533699450823
0.6318014403277455,0.14977533699450823
0.6335629190800126,0.14977533699450823
0.6336314530484788,0.14977533699450823
0.6361902793995047,0.14977533699450823
0.6411390457025457,0.14977533699450823
0.6448812339929801,0.14977533699450823
0.6482751548643315,0.14977533699450823
0.6495131356536777,0.14977533699450823
0.6512413006314729,0.14977533699450823
0.6577878878498661,0.14977533699450823
0.6579276470271757,0.14977533699450823
0.6659988790555781,0.14977533699450823
0.66616825835569,0.14977533699450823
0.6675284891847925,0.14977533699450823
0.6715274056339758,0.14977533699450823
0.674326046084796,0.14977533699450823
0.67920388127521,0.14977533699450823
0.6834045792757804,0.14977533699450823
0.6841650980715718,0.14977533699450823
0.6855235945507715,0.14977533699450823
0.6862103232315918,0.14977533699450823
0.6912620242511771,0.14977533699450823
0.6946787370985836,0.14977533699450823
0.6988693891170247,0.19960079840319359
0.7015528039062439,0.19960079840319359
0.7052426998436425,0.19960079840319359
0.7066378474096171,0.19960079840319359
0.7068326916283345,0.19960079840319359
0.7081154659694314,0.19960079840319359
0.7109380279155584,0.19960079840319359
0.7116354540586057,0.19960079840319359
0.7146231913425061,0.19960079840319359
0.7170962864942312,0.19960079840319359
0.7260795468487256,0.19960079840319359
0.7306093323859285,0.19960079840319359
0.7324514685015459,0.19960079840319359
0.7328030814374791,0.19960079840319359
0.7355695252996788,0.19960079840319359
0.7363523040688914,0.19960079840319359
0.7382417525212672,0.19960079840319359
0.7385625851999976,0.19960079840319359
0.7436015641521818,0.19960079840319359
0.7441360923647671,0.19960079840319359
0.7465647883584479,0.19960079840319359
0.7469352664754768,0.19960079840319359
0.7484650562135834,0.19960079840319359
0.752563943851968,0.19960079840319359
0.7541675939479192,0.19960079840319359
0.756307958312107,0.19960079840319359
0.7573658450954404,0.19960079840319359
0.7603130917955762,0.19960079840319359
0.7609197094415012,0.24937655860349126
0.7618544886016494,0.24937655860349126
0.7624156375246155,0.24937655860349126
0.7639571633216553,0.24937655860349126
0.7650220285982463,0.29910269192422734
0.7691354396811906,0.29910269192422734
0.7727666392864496,0.29910269192422734
0.7728195291188946,0.29910269192422734
0.7754597381663995,0.29910269192422734
0.7761032423807736,0.29910269192422734
0.7773396827712896,0.29910269192422734
0.7845913249555622,0.29910269192422734
0.7860602252508441,0.29910269192422734
0.7888507556827049,0.29910269192422734
0.7923134184395819,0.29910269192422734
0.7935694686297217,0.3487792725460887
0.7992643648006154,0.3487792725460887
0.8001835836114797,0.3487792725460887
0.8004890099989203,0.3487792725460887
0.8030624047634899,0.398406374501992
0.8034026408945393,0.398406374501992
0.8056347497381992,0.398406374501992
0.8072612702241065,0.398406374501992
0.8075728478116642,0.398406374501992
0.807763300315152,0.398406374501992
0.8110555740491386,0.398406374501992
0.8171333156779056,0.398406374501992
0.8194264960475732,0.398406374501992
0.8203829145894483,0.44798407167745147
0.8274321538804844,0.44798407167745147
0.8275317398285983,0.44798407167745147
0.8288584294154984,0.44798407167745147
0.8296871759471623,0.44798407167745147
0.8305128033575476,0.44798407167745147
0.8317064150263191,0.44798407167745147
0.8346177048925812,0.4975124378109453
0.8356879716983514,0.5469915464942815
0.8357134154306889,0.5469915464942815
0.8362283027841897,0.5469915464942815
0.8391931194815553,0.5469915464942815
0.8392752322286983,0.5469915464942815
0.8395724878316486,0.5469915464942815
0.8430218137094573,0.5964214711729622
0.8466588239721129,0.5964214711729622
0.8479180833993163,0.5964214711729622
0.8481550682961778,0.5964214711729622
0.8485168918433671,0.5964214711729622
0.8502811936006577,0.5964214711729622
0.8524984588504119,0.5964214711729622
0.8570776772645298,0.6458022851465475
0.8605630755658614,0.6458022851465475
0.8622933248569976,0.6951340615690168
0.8627832517745202,0.6951340615690168
0.8678517551391569,0.6951340615690168
0.8764804106338414,0.6951340615690168
0.8783850669103319,0.6951340615690168
0.8794085431349069,0.6951340615690168
0.879534772713655,0.6951340615690168
0.8852575760368234,0.6951340615690168
0.8878545722409349,0.7444168734491315
0.8887957717613351,0.7444168734491315
0.8904078049866728,0.7936507936507936
0.8904765910921775,0.7936507936507936
0.892349919781673,0.7936507936507936
0.8940011830771983,0.7936507936507936
0.894123189974004,0.842835894893406
0.8941668664962931,0.842835894893406
0.8960266365765944,0.842835894893406
0.8961493909449528,0.842835894893406
0.8987042982805478,0.842835894893406
0.8989932032976431,0.842835894893406
0.8993899524628494,0.842835894893406
0.899844983704226,0.842835894893406
0.9039532499366971,0.842835894893406
0.9041096210946129,0.842835894893406
0.9056697913179723,0.842835894893406
0.9058518399491313,0.8919722497522299
0.9064417109581409,0.8919722497522299
0.9079387078714949,0.8919722497522299
0.9108135184206,0.8919722497522299
0.9124615733386827,0.9410599306587419
0.914158308447099,0.9410599306587419
0.9152021350218899,0.9900990099009901
0.9165587550341693,0.9900990099009901
0.9171225302984165,0.9900990099009901
0.9192857966092288,0.9900990099009901
0.9224817375482364,0.9900990099009901
0.9226594567682466,0.9900990099009901
0.9292393023690358,0.9900990099009901
0.929671367679338,0.9900990099009901
0.9322152737265673,0.9900990099009901
0.9334229593557087,0.9900990099009901
0.9369126093653964,0.9900990099009901
0.9393088310265988,1.0390895596239487
0.9419908856363288,1.0390895596239487
0.9447272670878339,1.0390895596239487
0.9562677134511529,1.0390895596239487
0.9571424076361013,1.0390895596239487
0.961721947716834,1.0390895596239487
0.962844093211593,1.0390895596239487
0.9705708963848481,1.0390895596239487
0.9753476627853426,1.0390895596239487
0.9761276192826527,1.0390895596239487
0.9778466520674843,1.0390895596239487
0.9780558297499747,1.0390895596239487
0.9825127114564081,1.0390895596239487
0.987369752323505,1.0390895596239487
0.9937434806134412,1.0390895596239487
0.9970570231488088,1.0390895596239487
0.9985248251538827,1.0390895596239487
1.0006581715892091,1.0390895596239487
1.0022383483957813,1.0390895596239487
1.0046730553003578,1.0390895596239487
1.0049779598249557,1.0390895596239487
1.0097606133092336,1.0390895596239487
1.0115286555139147,1.0390895596239487
1.0115724420703633,1.0390895596239487
1.014439610099812,1.0390895596239487
1.0179804208672347,1.0880316518298714
1.0199286262133025,1.0880316518298714
1.023882084124173,1.0880316518298714
1.0239269313129178,1.0880316518298714
1.0250718976803534,1.0880316518298714
1.025856578775119,1.0880316518298714
1.027471195127234,1.0880316518298714
1.028827075394479,1.0880316518298714
1.0301242458388622,1.1369253583786456
1.0303446827048457,1.1369253583786456
1.0310493603848474,1.1369253583786456
1.0325642980561598,1.1369253583786456
1.034975978889538,1.1369253583786456
1.0360421453881843,1.185770750988142
1.0364098645812894,1.185770750988142
1.0371395964669745,1.185770750988142
1.0422448913428655,1.185770750988142
1.0433436293210865,1.185770750988142
1.044750125927645,1.185770750988142
1.0447700630836703,1.185770750988142
1.0475651175450635,1.185770750988142
1.047707675251043,1.185770750988142
1.0526235930998205,1.185770750988142
1.0544121329527463,1.185770750988142
1.056347548234249,1.185770750988142
1.0573528360663433,1.185770750988142
1.058770800296323,1.185770750988142
1.0605444665610273,1.185770750988142
1.0612857847123252,1.185770750988142
1.0622079580274149,1.185770750988142
1.0624199933876532,1.185770750988142
1.0656200341036373,1.185770750988142
1.0659792726665018,1.185770750988142
1.067275394492151,1.185770750988142
1.0689110782928108,1.185770750988142
1.0695816826946316,1.185770750988142
1.0696577774029161,1.185770750988142
1.0721839830820232,1.185770750988142
1.0743193608321278,1.185770750988142
1.0780861134245032,1.185770750988142
1.0791235119182632,1.2345679012345678
1.079706255599896,1.2345679012345678
1.0801591273273687,1.2345679012345678
1.0802060967202018,1.2345679012345678
1.0813848770161432,1.2345679012345678
1.0828556763675359,1.2345679012345678
1.0871502646342457,1.2345679012345678
1.0896608308096578,1.2833168805528135
1.090302667792729,1.2833168805528135
1.0910926354481871,1.2833168805528135
1.0969996442291357,1.2833168805528135
1.0974374537565788,1.2833168805528135
1.0994191294045939,1.2833168805528135
1.099828626655029,1.2833168805528135
1.1007557620733084,1.2833168805528135
1.1020554076712707,1.2833168805528135
1.1027779000178726,1.2833168805528135
1.1042612858774081,1.2833168805528135
1.1057996655906792,1.2833168805528135
1.1058118449898429,1.2833168805528135
1.108674739092173,1.2833168805528135
1.111237410556838,1.2833168805528135
1.1127655935090888,1.332017760236803
1.1129485477778012,1.332017760236803
1.1130363719303964,1.332017760236803
1.1136642901743259,1.332017760236803
1.122082831737499,1.332017760236803
1.1221230012651982,1.332017760236803
1.1224210489809092,1.332017760236803
1.1240857016633259,1.332017760236803
1.1254038091370993,1.332017760236803
1.1274618799787859,1.332017760236803
1.1281362054182782,1.332017760236803
1.1295551148513983,1.332017760236803
1.1296731406625722,1.332017760236803
1.1320553918595724,1.332017760236803
1.1326418333621306,1.332017760236803
1.1341377174645657,1.332017760236803
1.1346406018281023,1.332017760236803
1.135593387358571,1.332017760236803
1.135821387529728,1.332017760236803
1.1369065616816754,1.332017760236803
1.1379915021864098,1.332017760236803
1.1392290736472692,1.332017760236803
1.140648347514118,1.332017760236803
1.1412156792502466,1.332017760236803
1.1412470105671113,1.332017760236803
1.1441022340300249,1.332017760236803
1.1462100880703523,1.332017760236803
1.1463811698816186,1.332017760236803
1.1472430605400152,1.332017760236803
1.1475908267022386,1.332017760236803
1.149524641878352,1.332017760236803
1.1521356105406702,1.332017760236803
1.152382397125468,1.332017760236803
1.1554214955519881,1.332017760236803
1.156472168474906,1.332017760236803
1.1573246652268976,1.332017760236803
1.1588936199242197,1.332017760236803
1.1600536915455193,1.332017760236803
1.166256858008279,1.3806706114398422
1.167953415699011,1.3806706114398422
1.1689472777861158,1.3806706114398422
1.1708732087040985,1.3806706114398422
1.1711403221067702,1.3806706114398422
1.1712043884526833,1.3806706114398422
1.1735398008363318,1.3806706114398422
1.1748236828697212,1.3806706114398422
1.1748750019892298,1.429275505174963
1.1769863783683927,1.429275505174963
1.1802406453290504,1.429275505174963
1.180344364273048,1.429275505174963
1.1819616041439505,1.429275505174963
1.182546077994995,1.429275505174963
1.1837027172019885,1.429275505174963
1.1851334083658027,1.429275505174963
1.1896574316234705,1.429275505174963
1.1898643972474836,1.429275505174963
1.1923263130412938,1.429275505174963
1.1973488389795441,1.429275505174963
1.200971535811897,1.429275505174963
1.2012094669428857,1.429275505174963
1.205982318782384,1.429275505174963
1.2068828430170053,1.429275505174963
1.2076585466290286,1.429275505174963
1.2081250575439295,1.429275505174963
1.2086575549200396,1.477832512315271
1.2140007847786207,1.477832512315271
1.2173820742768873,1.5263417035942886
1.2181328746761124,1.574803149606299
1.2203603798033167,1.574803149606299
1.220419028257391,1.6232169208066896
1.2206509670635215,1.6232169208066896
1.2214969153655382,1.6232169208066896
1.2218907994787345,1.671583087512291
1.2220063649056374,1.671583087512291
1.2233849997670707,1.671583087512291
1.2237296524428916,1.671583087512291
1.224467236882875,1.671583087512291
1.2287383575083453,1.71990171990172
1.230422110220559,1.71990171990172
1.2304519071134594,1.71990171990172
1.231123166442363,1.71990171990172
1.2323533081249358,1.71990171990172
1.234195622670077,1.71990171990172
1.2367595655354717,1.71990171990172
1.2381795547130923,1.71990171990172
1.2383202713064363,1.71990171990172
1.2408698183647244,1.71990171990172
1.2442107773039985,1.71990171990172
1.2447530464070016,1.71990171990172
1.251881287425219,1.71990171990172
1.252271508955181,1.71990171990172
1.2529310964681137,1.71990171990172
1.254987760657969,1.71990171990172
1.2568915963917444,1.71990171990172
1.2581728365622906,1.71990171990172
1.2614214079174266,1.71990171990172
1.2616398072622121,1.71990171990172
1.2616611824646395,1.71990171990172
1.2621049803436073,1.768172888015717
1.263466439602638,1.8163966617574867
1.2646026679027427,1.8163966617574867
1.2648824452703586,1.8163966617574867
1.264896443724927,1.8163966617574867
1.266015419113674,1.8163966617574867
1.266909012052617,1.8645731108930326
1.2670644730612655,1.8645731108930326
1.2673108762495264,1.8645731108930326
1.2674641680774603,1.8645731108930326
1.2685073783800909,1.8645731108930326
1.2713652713163348,1.8645731108930326
1.2730351423008006,1.8645731108930326
1.2749958155652172,1.8645731108930326
1.2750912078398327,1.8645731108930326
1.2756636047801002,1.8645731108930326
1.2769415533999213,1.8645731108930326
1.27984260600286,1.8645731108930326
1.2804853516185417,1.8645731108930326
1.2807102487408113,1.8645731108930326
1.282274507491234,1.8645731108930326
1.282775568769912,1.8645731108930326
1.2850280871121442,1.8645731108930326
1.2883567576304014,1.8645731108930326
1.2886068444105785,1.8645731108930326
1.2901815719592595,1.8645731108930326
1.2911511663966946,1.9127023050514957
1.2927029858479244,1.9127023050514957
1.2930266145873064,1.9127023050514957
1.2939184927524505,1.9127023050514957
1.295702096846493,1.9127023050514957
1.2961847788980336,1.9127023050514957
1.2975173109516633,1.9127023050514957
1.2978380225130242,1.9607843137254901
1.2981806187543952,1.9607843137254901
1.2985456606410912,1.9607843137254901
1.3003975242439265,1.9607843137254901
1.3005112590738097,1.9607843137254901
1.3024796579992586,1.9607843137254901
1.302937901738476,1.9607843137254901
1.3039097841912886,1.9607843137254901
1.3044776345501956,2.0088192062714354
1.305702102954655,2.0088192062714354
1.3127959967894454,2.0088192062714354
1.3151944968265425,2.0088192062714354
1.3173854118709531,2.0088192062714354
1.3174035360092424,2.0088192062714354
1.3192305941834264,2.0088192062714354
1.3200163868989259,2.056807051909892
1.3208103057946599,2.056807051909892
1.3224834167196926,2.056807051909892
1.3225466457427155,2.1047479197258934
1.3226598165371724,2.1047479197258934
1.3232209206693442,2.1047479197258934
1.3233852687790775,2.1047479197258934
1.3241581308040393,2.1047479197258934
1.3270523732758976,2.1047479197258934
1.3287930057083406,2.1047479197258934
1.3288648176821618,2.1047479197258934
1.3301003395929862,2.1047479197258934
1.3321137888934378,2.1047479197258934
1.335450690004566,2.1047479197258934
1.337739441015189,2.1047479197258934
1.3407708795423177,2.1047479197258934
1.3408470116290911,2.152641878669276
1.3412334900852574,2.2004889975550124
1.342239918038827,2.2004889975550124
1.3437691610713565,2.2004889975550124
1.3449583232341973,2.2004889975550124
1.3475760013291416,2.2004889975550124
1.3482454885747626,2.2004889975550124
1.3523189804136788,2.2004889975550124
1.352634907307718,2.2004889975550124
1.353483571916749,2.2004889975550124
1.354182743390982,2.2004889975550124
1.3554323736696248,2.2004889975550124
1.360189121588054,2.2004889975550124
1.3606988987167459,2.2004889975550124
1.362106641594663,2.2004889975550124
1.362542232024028,2.2004889975550124
1.3633242632035545,2.2004889975550124
1.3636914531373985,2.2004889975550124
1.364858957052663,2.2004889975550124
1.3651874150638674,2.2004889975550124
1.3658403177320726,2.248289345063539
1.3680944263308266,2.248289345063539
1.3685851664936888,2.248289345063539
1.3700164221090565,2.248289345063539
1.3707229396106742,2.248289345063539
1.372053371379735,2.248289345063539
1.373384568828556,2.248289345063539
1.3752045149566834,2.2960429897410846
1.379705056199872,2.2960429897410846
1.3811422442727022,2.2960429897410846
1.3817260394656754,2.2960429897410846
1.3836861939141771,2.34375
1.384280276684632,2.34375
1.3847884243682758,2.34375
1.3851290950583697,2.34375
1.387966336654168,2.34375
1.3882488626209013,2.34375
1.3885825836360324,2.34375
1.3894947371986777,2.3914104441190824
1.3922179188013368,2.4390243902439024
1.393367068093963,2.4390243902439024
1.3933969710109975,2.4390243902439024
1.3948138967698385,2.4390243902439024
1.3975512306540527,2.4390243902439024
1.3975593667060036,2.4865919063871282
1.3975902290796542,2.4865919063871282
1.398121805271097,2.53411306042885
1.3986146411713896,2.53411306042885
1.3998389634126165,2.53411306042885
1.4009413925091665,2.53411306042885
1.401591521875924,2.581587920116902
1.4017174214096884,2.581587920116902
1.4024833976443871,2.581587920116902
1.4030321144015758,2.581587920116902
1.4066363204115822,2.581587920116902
1.4078659437569976,2.581587920116902
1.4081875664120111,2.581587920116902
1.4089428197940443,2.581587920116902
1.409051154539735,2.581587920116902
1.4091323338641102,2.581587920116902
1.4135789790044901,2.581587920116902
1.4142348020906506,2.6290165530671863
1.4144969215531837,2.6290165530671863
1.4157291515574921,2.6290165530671863
1.4162205614387542,2.6290165530671863
1.41658596174008,2.6290165530671863
1.4180335150396532,2.6290165530671863
1.418366529886659,2.67639902676399
1.4188575914558328,2.67639902676399
1.4200708299023086,2.67639902676399
1.420388801679744,2.67639902676399
1.4222534385326207,2.67639902676399
1.422361868766563,2.67639902676399
1.4236235610268666,2.7237354085603114
1.4258755105446197,2.7237354085603114
1.4271640491175648,2.7237354085603114
1.4279132493928834,2.7237354085603114
1.4297033766751015,2.7237354085603114
1.4303576805388434,2.7710257656781723
1.4321337752254457,2.7710257656781723
1.4321353459504647,2.7710257656781723
1.4325482114765828,2.7710257656781723
1.4358069166014662,2.7710257656781723
1.4360752607127487,2.818270165208941
1.436554854426701,2.818270165208941
1.4414163371393371,2.818270165208941
1.4425667531687798,2.8654686741136475
1.4443490325076542,2.8654686741136475
1.4451145505191578,2.912621359223301
1.4459687659742442,2.912621359223301
1.4471728114180389,2.912621359223301
1.4477509413090415,2.912621359223301
1.4486321756994154,2.912621359223301
1.4491562368497632,2.912621359223301
1.4498222913369494,2.912621359223301
1.4505715522122746,2.912621359223301
1.451303794326893,2.912621359223301
1.4542267643187354,2.912621359223301
1.4546333410459342,2.912621359223301
1.454903898415142,2.912621359223301
1.4552685852316196,2.912621359223301
1.4572793228589096,2.912621359223301
1.457504863958645,2.912621359223301
1.4586889825574,2.959728287239204
1.458691891284983,2.959728287239204
1.4589162780782732,2.959728287239204
1.4601326249469981,2.959728287239204
1.4607177698807252,3.0067895247332688
1.4644510501123869,3.0067895247332688
1.465978729233539,3.0067895247332688
1.467077922906546,3.0067895247332688
1.467957600758898,3.0067895247332688
1.4694966924185096,3.0538051381483275
1.4696942794557888,3.0538051381483275
1.4699736181334313,3.0538051381483275
1.4703916072566545,3.0538051381483275
1.4752991006685143,3.0538051381483275
1.4796616130189917,3.0538051381483275
1.4798990323525871,3.0538051381483275
1.4805829301431501,3.0538051381483275
1.480788326310742,3.0538051381483275
1.4883906388573678,3.0538051381483275
1.4887748389400695,3.0538051381483275
1.4889071766520086,3.0538051381483275
1.489615323540254,3.0538051381483275
1.4906722369422594,3.0538051381483275
1.4907892297315115,3.0538051381483275
1.492293451964946,3.10077519379845
1.4932938633382677,3.10077519379845
1.493337690153136,3.10077519379845
1.4934253529505366,3.10077519379845
1.4934360689032025,3.10077519379845
1.4936960252623201,3.10077519379845
1.4951447588057982,3.10077519379845
1.4972871555100742,3.10077519379845
1.5007008049658226,3.14769975786925
1.5024033294825918,3.1945788964181996
1.5027834964270923,3.1945788964181996
1.5037261725076185,3.1945788964181996
1.5074174658261896,3.1945788964181996
1.5100884126780603,3.1945788964181996
1.5123245320434806,3.1945788964181996
1.5125610700384275,3.24141267537494
1.513148837672499,3.24141267537494
1.5146575998423735,3.24141267537494
1.5149478676804924,3.24141267537494
1.5152658125476999,3.24141267537494
1.5161497482713373,3.24141267537494
1.5164777690835038,3.2882011605415857
1.5166564570884407,3.3349444175930403
1.5196728784188105,3.3349444175930403
1.521554219838461,3.3816425120772946
1.5229576430671519,3.4282955094157415
1.5247463470303173,3.474903474903475
1.524974644093475,3.474903474903475
1.5259376340892206,3.474903474903475
1.527378548306283,3.474903474903475
1.5274735313650993,3.474903474903475
1.5277699405484126,3.474903474903475
1.5294520960834108,3.474903474903475
1.530385555446403,3.5214664737095993
1.5315892027259594,3.5214664737095993
1.5320387139884226,3.5214664737095993
1.53307849411448,3.5214664737095993
1.5356480586716168,3.5214664737095993
1.5366039055175735,3.5214664737095993
1.5399310349014215,3.5214664737095993
1.5429082673774348,3.567984570877531
1.5449648045741704,3.614457831325301
1.5470582683567855,3.614457831325301
1.5470795131022832,3.6608863198458574
1.5473975337633838,3.6608863198458574
1.5482625505656882,3.6608863198458574
1.5489748900962899,3.6608863198458574
1.5496111760577977,3.6608863198458574
1.5505821143842904,3.6608863198458574
1.5508702455405003,3.7072701011073663
1.5518121727346292,3.7072701011073663
1.5527030722911543,3.753609239653513
1.5528625560361586,3.753609239653513
1.5539080290540248,3.753609239653513
1.5539922936963078,3.753609239653513
1.5546846892709587,3.7999037999037997
1.5547660201999398,3.8461538461538463
1.5554770584488282,3.8461538461538463
1.5565105899110887,3.8461538461538463
1.5568890621292717,3.8461538461538463
1.5601147495017311,3.8461538461538463
1.5609831989804988,3.8461538461538463
1.5611494968198112,3.8923594425756844
1.5617668761194932,3.8923594425756844
1.5621480470265003,3.8923594425756844
1.5636935033658168,3.9385206532180597
1.5663899895942601,3.9385206532180597
1.5678045748330571,3.9385206532180597
1.5678305604961182,3.9846375420067215
1.5709024482089928,3.9846375420067215
1.5721422210025546,4.030710172744722
1.5746899697008625,4.07673860911271
1.5752710943870667,4.07673860911271
1.5754322432063281,4.07673860911271
1.5757827415902415,4.07673860911271
1.5766520936827875,4.07673860911271
1.5767725095608345,4.1227229146692235
1.5794480330048928,4.168663152850982
1.580137834545349,4.168663152850982
1.5804296097300217,4.168663152850982
1.5807561259618332,4.21455938697318
1.5815525600961569,4.21455938697318
1.581612322116626,4.21455938697318
1.5823128694812578,4.21455938697318
1.5844358039004074,4.21455938697318
1.5853591687069386,4.21455938697318
1.5855517771317138,4.260411680229775
1.5855867984665144,4.260411680229775
1.5881137730328871,4.260411680229775
1.5884605308988486,4.260411680229775
1.5891255304097118,4.30622009569378
1.5925193139314908,4.351984696317551
1.5925508785284936,4.397705544933078
1.593000731028641,4.397705544933078
1.5932971307607011,4.4433827042522696
1.5951075648438453,4.4433827042522696
1.5952505572327227,4.4433827042522696
1.5974941252666042,4.4433827042522696
1.6044337152428791,4.4433827042522696
1.604516629405889,4.4433827042522696
1.6054810873546597,4.4433827042522696
1.606020742866626,4.4433827042522696
1.6068093266146866,4.4433827042522696
1.6080264487239575,4.4433827042522696
1.6111590956935176,4.4433827042522696
1.611541814715738,4.4433827042522696
1.6147715250644175,4.48901623686724
1.6155806540979454,4.534606205250596
1.616141319338762,4.534606205250596
1.6161740771573274,4.534606205250596
1.6162137727152939,4.534606205250596
1.618302884931573,4.534606205250596
1.6247315956971924,4.534606205250596
1.6250578426155664,4.534606205250596
1.6262652531526174,4.534606205250596
1.6281221409062556,4.534606205250596
1.6301002061611454,4.534606205250596
1.6302393309549523,4.580152671755725
1.6314347848068098,4.580152671755725
1.6332550214048118,4.580152671755725
1.6348886171660422,4.625655698617072
1.6368980871800518,4.625655698617072
1.6411126790432147,4.671115347950429
1.6424491254534235,4.671115347950429
1.6431200173734204,4.671115347950429
1.6436734730179028,4.671115347950429
1.6455341040095885,4.671115347950429
1.6461901893210338,4.7165316817532155
1.6467432842917664,4.7165316817532155
1.6473072498675962,4.7165316817532155
1.649238468334107,4.7165316817532155
1.6504793688911223,4.7165316817532155
1.6514357223565679,4.761904761904762
1.6514624243210692,4.761904761904762
1.654700265103565,4.761904761904762
1.6576429809897957,4.8072346501665875
1.6584380544966029,4.8525214081826835
1.6590032358581823,4.8525214081826835
1.659998136809574,4.8525214081826835
1.662322982968597,4.8525214081826835
1.6629828543455496,4.8525214081826835
1.6640469582014679,4.8525214081826835
1.6663001258365917,4.897765097479791
1.6676766417059279,4.942965779467681
1.6680307167854256,4.942965779467681
1.6705091158590235,4.98812351543943
1.671273958053853,5.0332383665717
1.6713687971060676,5.0332383665717
1.6718436112163193,5.0332383665717
1.6725337820498491,5.0332383665717
1.67288495292322,5.0332383665717
1.674952815084332,5.078310393925012
1.6754553142981956,5.078310393925012
1.6756727512961345,5.078310393925012
1.676250288377106,5.1233396584440225
1.6773195117793394,5.1683262209578
1.6777041901208696,5.213270142180095
1.6790648248742157,5.213270142180095
1.6803444596719905,5.213270142180095
1.6810197506632472,5.213270142180095
1.6826822646500603,5.213270142180095
1.6867291676945342,5.258171482709616
1.6874862441533247,5.258171482709616
1.6892964696101747,5.258171482709616
1.6898174429533765,5.258171482709616
1.6899753227102696,5.258171482709616
1.6904404212041246,5.303030303030303
1.6910131286133305,5.303030303030303
1.691098727622336,5.347846663511595
1.6920351829938631,5.347846663511595
1.6923217885096562,5.392620624408704
1.6935915233145602,5.4373522458628845
1.6947411852937306,5.4373522458628845
1.6969265521108432,5.4373522458628845
1.6972800740920957,5.482041587901701
1.6989625693321704,5.526688710439301
1.6990117516572159,5.526688710439301
1.6993483920431283,5.571293673276676
1.7001117379089283,5.615856536101934
1.7017717298501525,5.615856536101934
1.7020302246432781,5.615856536101934
1.7025776636437415,5.660377358490567
1.7037614287149105,5.660377358490567
1.7116282346458078,5.704856199905705
1.7135364475946566,5.704856199905705
1.7139217992765259,5.704856199905705
1.7141376965165727,5.704856199905705
1.7142645731900081,5.704856199905705
1.716404772659237,5.704856199905705
1.7168640703130142,5.704856199905705
1.7171197324747456,5.704856199905705
1.7193626253333012,5.704856199905705
1.7204537908921071,5.704856199905705
1.7208073244548001,5.704856199905705
1.7208935248893547,5.704856199905705
1.7219046968596512,5.704856199905705
1.7222495275600607,5.749293119698398
1.7238256283259505,5.749293119698398
1.723948982003528,5.7936881771078665
1.7243843988884042,5.83804143126177
1.7262503914201122,5.83804143126177
1.727234744926935,5.88235294117647
1.7273007577630086,5.9266227657572905
1.7282808220651686,5.9266227657572905
1.7283183711833834,5.9266227657572905
1.7292538058977869,5.9266227657572905
1.7295591048919339,5.9266227657572905
1.729716249646505,5.9266227657572905
1.7301378256616613,5.9266227657572905
1.7306501062126944,5.9266227657572905
1.731439392341555,5.970850963798777
1.7314969221385357,6.015037593984962
1.7316747701584512,6.059182714889619
1.7317100382813273,6.059182714889619
1.7342678950607777,6.059182714889619
1.7345917506810482,6.059182714889619
1.7361233644318752,6.103286384976526
1.7369141220344928,6.103286384976526
1.7387233072020976,6.103286384976526
1.7390129721854557,6.103286384976526
1.7393001332065532,6.103286384976526
1.7425904166292243,6.147348662599718
1.7426856236301946,6.147348662599718
1.743635445170027,6.147348662599718
1.7461235782319604,6.147348662599718
1.7481044811129514,6.147348662599718
1.7487954907678156,6.147348662599718
1.7512499508117285,6.147348662599718
1.7534065344391354,6.147348662599718
1.7541730508435855,6.147348662599718
1.754180676389631,6.147348662599718
1.7548656924921444,6.147348662599718
1.755619150000747,6.191369606003752
1.7559152469716979,6.191369606003752
1.758165601548906,6.191369606003752
1.7584671061083204,6.191369606003752
1.7622507288583946,6.191369606003752
1.764954403041916,6.235349273323957
1.7654358006961097,6.235349273323957
1.7659958521439258,6.235349273323957
1.7664115749094331,6.235349273323957
1.7665866242240502,6.235349273323957
1.7685744580727478,6.235349273323957
1.769901558621651,6.235349273323957
1.770118713289406,6.235349273323957
1.7730964809332455,6.235349273323957
1.7760401166311581,6.235349273323957
1.7768343219546228,6.235349273323957
1.7768786883020897,6.235349273323957
1.7776397299636182,6.235349273323957
1.7778054614854069,6.235349273323957
1.77798357170393,6.235349273323957
1.778332714107367,6.235349273323957
1.7784438361744501,6.235349273323957
1.7800587985049146,6.279287722586692
1.7804647929049378,6.279287722586692
1.7807807938888827,6.279287722586692
1.781525592640777,6.323185011709602
1.7816478519847203,6.323185011709602
1.7823617740659825,6.367041198501873
1.7828994645629095,6.367041198501873
1.7831814016365763,6.367041198501873
1.7831957679105226,6.367041198501873
1.7832220158333008,6.367041198501873
1.7836326641373241,6.367041198501873
1.7841764084695204,6.367041198501873
1.7851439188346339,6.367041198501873
1.7853863927681866,6.367041198501873
1.785619154934551,6.367041198501873
1.7859539074854283,6.410856340664482
1.7861574064854608,6.410856340664482
1.7870695800295395,6.410856340664482
1.7873302163100635,6.410856340664482
1.7881482570175387,6.454630495790459
1.7894910137251574,6.454630495790459
1.7908108312437063,6.454630495790459
1.7914923887463516,6.454630495790459
1.7917551633731947,6.454630495790459
1.7926766632930156,6.454630495790459
1.794634764470894,6.454630495790459
1.7955081810759412,6.4983637213651235
1.79697235668824,6.4983637213651235
1.7973277745452316,6.5420560747663545
1.798263286338975,6.5420560747663545
1.7985867501283,6.585707613264829
1.7995764929676186,6.585707613264829
1.8003651107042413,6.585707613264829
1.8018059665376702,6.629318394024277
1.8026509169151699,6.629318394024277
1.8031950736635196,6.629318394024277
1.8037120541277956,6.672888474101726
1.8046644708087018,6.7164179104477615
1.8049902367261612,6.7164179104477615
1.8050724231023625,6.7164179104477615
1.8051417420319933,6.7164179104477615
1.805242500305414,6.7164179104477615
1.8060332984321383,6.7164179104477615
1.8062257767146528,6.7164179104477615
1.8063262705051557,6.7164179104477615
1.8063272967964754,6.7164179104477615
1.80636851079606,6.7164179104477615
1.8071596415719915,6.7164179104477615
1.8076683483364977,6.75990675990676
1.808429676152798,6.75990675990676
1.8087421080160822,6.75990675990676
1.8089469598125525,6.75990675990676
1.8096719968732202,6.803355079217148
1.8114528206866476,6.803355079217148
1.8134474105723217,6.846762925011644
1.8135616416933837,6.846762925011644
1.8146663832076682,6.846762925011644
1.815075856300527,6.890130353817504
1.8166891341022244,6.93345742205677
1.817699779892037,6.976744186046512
1.819623445927251,7.0199907019990695
1.8197591266049973,7.0199907019990695
1.8198711097673848,7.063197026022305
1.8210195391781567,7.106363214119833
1.8224503495727447,7.106363214119833
1.8226503949365886,7.106363214119833
1.8248209700248086,7.149489322191272
1.82522055451323,7.149489322191272
1.8259367384974936,7.192575406032482
1.8261848876865934,7.235621521335807
1.8264781355693234,7.235621521335807
1.827161430545848,7.235621521335807
1.8275387892518171,7.2786277236903105
1.8282265659046697,7.32159406858202
1.8283291247007833,7.3645206113941635
1.8290698330976536,7.3645206113941635
1.8297230254139896,7.3645206113941635
1.8316000673402328,7.3645206113941635
1.8334717940178251,7.3645206113941635
1.8335552979136691,7.3645206113941635
1.8339793856623887,7.3645206113941635
1.8343173629188516,7.3645206113941635
1.835117023722473,7.3645206113941635
1.8360765348568395,7.3645206113941635
1.836111560711187,7.3645206113941635
1.838261522983531,7.3645206113941635
1.838779748787863,7.3645206113941635
1.8392847091792293,7.3645206113941635
1.839564502764709,7.4074074074074066
1.8399049511093306,7.450254511800093
1.841296118697774,7.493061979648474
1.8428632737772603,7.493061979648474
1.843429101514649,7.535829865926953
1.8463991272157942,7.578558225508318
1.8467518340919968,7.621247113163972
1.8474962398307557,7.621247113163972
1.8487540004945833,7.621247113163972
1.8493335367621757,7.663896583564174
1.8494619023014933,7.663896583564174
1.8507876249730717,7.706506691278264
1.8526455418765042,7.706506691278264
1.8527408161240135,7.7490774907749085
1.8547987383762605,7.791609036422314
1.8549566976832519,7.791609036422314
1.8552278305395926,7.791609036422314
1.8561200151236374,7.834101382488479
1.856446919460007,7.834101382488479
1.85676286086646,7.834101382488479
1.8592424862960175,7.876554583141409
1.859641252087191,7.876554583141409
1.8597667075780124,7.876554583141409
1.8599111280011613,7.918968692449356
1.860103103876158,7.918968692449356
1.8602315651287078,7.918968692449356
1.8608781211545964,7.918968692449356
1.861464163028025,7.918968692449356
1.8617136224050408,7.9613437643810405
1.8628910647266783,7.9613437643810405
1.8629253325501176,8.003679852805888
1.8652496136986492,8.045977011494253
1.8656061666775465,8.045977011494253
1.8657456199304923,8.088235294117647
1.8660325166382978,8.088235294117647
1.868469009942784,8.088235294117647
1.869384206567054,8.130454754248968
1.8693857069209838,8.130454754248968
1.8704404971419797,8.130454754248968
1.8718154780448435,8.130454754248968
1.8731162688513108,8.172635445362717
1.8731916688186878,8.172635445362717
1.873666376906362,8.172635445362717
1.8739536070437295,8.172635445362717
1.8778515810828103,8.214777420835246
1.8805226430853517,8.256880733944955
1.8811833315759674,8.256880733944955
1.8813363780770929,8.298945437872536
1.88370333585654,8.298945437872536
1.8842449376962165,8.298945437872536
1.8865711175512896,8.340971585701192
1.8866094618860345,8.382959230416857
1.8867600259742516,8.424908424908425
1.8873952297192926,8.466819221967963
1.8890442736430526,8.466819221967963
1.8900125212330896,8.508691674290942
1.8932348375198957,8.508691674290942
1.895491019919415,8.508691674290942
1.8959578696753456,8.550525834476453
1.8967295229254209,8.550525834476453
1.897219925692571,8.592321755027422
1.8980380370037313,8.592321755027422
1.8994897539254283,8.592321755027422
1.899658213723518,8.592321755027422
1.9000755418932418,8.592321755027422
1.9001415938926918,8.634079488350844
1.9027394436296947,8.634079488350844
1.9029017282289162,8.634079488350844
1.903422351119472,8.634079488350844
1.904610691303985,8.634079488350844
1.9056013520839157,8.634079488350844
1.9063662086773683,8.67579908675799
1.9111867255397785,8.67579908675799
1.9113800283763867,8.717480602464628
1.9115710762508697,8.717480602464628
1.9131143375392003,8.717480602464628
1.9138160523206842,8.717480602464628
1.9150290361515117,8.75912408759124
1.915325199939536,8.800729594163247
1.9158351244859568,8.800729594163247
1.9177249209276759,8.800729594163247
1.9177286384822296,8.842297174111211
1.9192259879742852,8.842297174111211
1.9193423999910164,8.842297174111211
1.9197919275859074,8.88382687927107
1.920124333624759,8.88382687927107
1.9219819706323604,8.88382687927107
1.922044464918653,8.88382687927107
1.9231164701668915,8.925318761384334
1.9232978447547178,8.925318761384334
1.9244073142980924,8.966772872098316
1.9265213685493716,9.008189262966333
1.9279182661310161,9.008189262966333
1.9286645200202983,9.049567985447931
1.9300690824520566,9.049567985447931
1.930389418227103,9.049567985447931
1.9326435660155517,9.090909090909092
1.9344226877562916,9.090909090909092
1.9348676853569575,9.132212630622444
1.9350649924846481,9.173478655767484
1.9353274057218783,9.214707217430776
1.9357174296573956,9.214707217430776
1.9360071504461371,9.25589836660617
1.9362911143624952,9.297052154195011
1.9366233268640347,9.297052154195011
1.9369283177442242,9.338168631006347
1.9377643475990765,9.338168631006347
1.9380072254346532,9.338168631006347
1.9386683437010506,9.379247847757137
1.939038266589048,9.420289855072465
1.9392224972913628,9.46129470348574
1.9393491637828737,9.502262443438914
1.9396152907321758,9.502262443438914
1.9397527985100687,9.502262443438914
1.9411808147160123,9.502262443438914
1.9422737068061873,9.543193125282677
1.9470258461444363,9.584086799276673
1.9470885442599062,9.584086799276673
1.9475556042373237,9.584086799276673
1.947571328046164,9.624943515589697
1.9484011325456165,9.624943515589697
1.9488519203476424,9.66576332429991
1.9492256796224603,9.66576332429991
1.9504439827827618,9.706546275395034
1.9522536323979318,9.706546275395034
1.954533621202197,9.706546275395034
1.9552891221491229,9.747292418772563
1.9554634102553952,9.788001804239963
1.9554888998921354,9.828674481514877
1.9557680828733932,9.869310500225327
1.9566793896244215,9.869310500225327
1.9574530883447612,9.869310500225327
1.9583022652645785,9.869310500225327
1.9585430962947257,9.90990990990991
1.958716864251971,9.90990990990991
1.9594865458350192,9.90990990990991
1.959790173363284,9.90990990990991
1.9610238109099813,9.90990990990991
1.962021679103916,9.95047276001801
1.9621026963756143,9.99099909990999
1.9668303335771773,10.0314889788574
1.9691852771694862,10.0314889788574
1.9692539664167363,10.0314889788574
1.9693956088031785,10.0314889788574
1.9721878644202078,10.071942446043165
1.9731909956808709,10.112359550561797
1.9738807915660828,10.152740341419586
1.9740719244766833,10.1930848675348
1.9742924440072922,10.23339317773788
1.9760408824058167,10.23339317773788
1.9777615416652747,10.273665320771647
1.9778043876002545,10.273665320771647
1.9778797861721797,10.31390134529148
1.9781761419435175,10.31390134529148
1.978952339232706,10.31390134529148
1.980628222294952,10.354101299865532
1.985562536989499,10.39426523297491
1.9858925743924645,10.39426523297491
1.9885845881454483,10.39426523297491
1.9921905371651245,10.39426523297491
1.9927104237466005,10.434393193013882
1.99339415385118,10.474485228290064
1.9957222622727133,10.474485228290064
1.9971250959268012,10.51454138702461
1.997404858105595,10.554561717352415
1.997839016510325,10.554561717352415
1.998194796741587,10.594546267322306
2.000462797483138,10.63449508489723
2.0004842758509467,10.674408217954444
2.001074446907709,10.674408217954444
2.0021334566781865,10.674408217954444
2.0030692849800893,10.674408217954444
2.0035710614110864,10.674408217954444
2.0036917923514257,10.674408217954444
2.004166834160053,10.674408217954444
2.0042986516058727,10.674408217954444
2.005163762333387,10.674408217954444
2.0058436888511513,10.714285714285714
2.0086083782183812,10.714285714285714
2.0091329417730353,10.714285714285714
2.009391431709662,10.754127621597501
2.009873528322278,10.793933987511151
2.010203228559068,10.793933987511151
2.011504909292113,10.793933987511151
2.012934222962822,10.793933987511151
2.0133160103059304,10.793933987511151
2.014013701323024,10.793933987511151
2.014422690054554,10.793933987511151
2.014493221310664,10.833704859563085
2.0150582619802337,10.87344028520499
2.0154649192769414,10.87344028520499
2.016206755329899,10.913140311804009
2.0164029823524805,10.913140311804009
2.017232939367873,10.913140311804009
2.018019926846183,10.913140311804009
2.019332434836912,10.95280498664292
2.019426632709728,10.95280498664292
2.019790412897135,10.992434356920338
2.020437692889545,10.992434356920338
2.0208830670929907,11.032028469750891
2.020919507543014,11.032028469750891
2.02153494506873,11.032028469750891
2.022843632398734,11.032028469750891
2.0230304835022035,11.032028469750891
2.0267972606048246,11.032028469750891
2.027143669103095,11.071587372165407
2.029442052754349,11.11111111111111
2.030062909588842,11.11111111111111
2.0310798156168883,11.150599733451799
2.031610370309907,11.150599733451799
2.0320598114780135,11.150599733451799
2.032667310723125,11.190053285968029
2.0340635535318627,11.190053285968029
2.034353837500442,11.229471815357302
2.034405291569391,11.26885536823425
2.034755773349095,11.26885536823425
2.0349394078243868,11.30820399113082
2.036004034035212,11.30820399113082
2.03693833181871,11.30820399113082
2.0380818435697168,11.30820399113082
2.039356689474848,11.30820399113082
2.0396189340999737,11.30820399113082
2.0399424393804897,11.30820399113082
2.041680321215216,11.347517730496454
2.042039164955481,11.347517730496454
2.0423894926127533,11.347517730496454
2.043796598631721,11.386796632698273
2.045323854583577,11.386796632698273
2.045716639008951,11.386796632698273
2.046226567187441,11.426040744021257
2.0462433691810076,11.465250110668437
2.0482371835920596,11.465250110668437
2.0496501551575435,11.465250110668437
2.0503830212351124,11.465250110668437
2.0504401145582745,11.465250110668437
2.053875028904904,11.465250110668437
2.0546724935444,11.465250110668437
2.0554976912487453,11.465250110668437
2.055850177995642,11.465250110668437
2.0561586071033258,11.465250110668437
2.056624253298359,11.465250110668437
2.057775593293071,11.465250110668437
2.059730700033364,11.504424778761061
2.0602430296867773,11.504424778761061
2.0607879284968695,11.504424778761061
2.06330794929728,11.543564794338788
2.063566290858191,11.543564794338788
2.0641245707245526,11.582670203359859
2.0651510293095265,11.621741051701282
2.066532836001792,11.66077738515901
2.067611474348349,11.699779249448124
2.0688092644869505,11.699779249448124
2.0694048141428016,11.699779249448124
2.0701417917767637,11.699779249448124
2.0704724644816777,11.699779249448124
2.071535927907838,11.699779249448124
2.0716996814021695,11.738746690203
2.071878554822906,11.738746690203
2.072840597551231,11.738746690203
2.0734032182104687,11.738746690203
2.0735423161798967,11.777679752977503
2.0745135992104404,11.816578483245149
2.074525092235342,11.816578483245149
2.0760744904743818,11.855442926399295
2.077216631276097,11.855442926399295
2.0789709741494153,11.894273127753303
2.0793982352666918,11.894273127753303
2.0795157648226685,11.933069132540732
2.081167458124968,11.933069132540732
2.0823630883843327,11.933069132540732
2.0834648321700837,11.933069132540732
2.0845054786375092,11.933069132540732
2.0845430613245126,11.933069132540732
2.0847375630539844,11.933069132540732
2.085678962180134,11.971830985915492
2.0857941121734083,11.971830985915492
2.0885078923028475,12.010558732952045
2.088996110029123,12.010558732952045
2.089342668996118,12.049252418645558
2.0896932298354507,12.049252418645558
2.0938757855300985,12.087912087912088
2.094700559707733,12.126537785588752
2.095473521273236,12.165129556433904
2.096808099169004,12.165129556433904
2.0975606686253867,12.165129556433904
2.0982087881736304,12.165129556433904
2.098928403242304,12.165129556433904
2.0990481948646527,12.203687445127304
2.1001916630477564,12.203687445127304
2.1011772507227144,12.242211496270293
2.102871890621922,12.280701754385964
2.103184032908241,12.319158263919332
2.1047353334849164,12.319158263919332
2.105016069915553,12.357581069237511
2.105578056139703,12.395970214629873
2.106730027352818,12.395970214629873
2.107427105441598,12.43432574430823
2.1087617627281103,12.472647702407002
2.1087752084782876,12.510936132983378
2.10878517935594,12.510936132983378
2.1088832913841244,12.510936132983378
2.1089751033102537,12.510936132983378
2.109742974915763,12.510936132983378
2.111118802289185,12.549191080017492
2.111457846109616,12.549191080017492
2.1116721622896324,12.587412587412588
2.111979681713118,12.587412587412588
2.112041477965664,12.587412587412588
2.116634146522556,12.587412587412588
2.117143441524021,12.587412587412588
2.1178005423321644,12.587412587412588
2.1185603424823487,12.587412587412588
2.120751197995046,12.625600698995196
2.121067207784634,12.625600698995196
2.121336126944635,12.625600698995196
2.1218694055243734,12.625600698995196
2.1222271427654302,12.625600698995196
2.1224375526297363,12.625600698995196
2.1235730549718728,12.663755458515283
2.123640857602106,12.701876909646442
2.1248378320882173,12.701876909646442
2.126291577219792,12.701876909646442
2.1280883952027145,12.739965095986038
2.128214422422314,12.778020061055386
2.1282428505685886,12.816041848299914
2.130583933128886,12.816041848299914
2.1317552094569145,12.854030501089325
2.132480907410206,12.854030501089325
2.1325248283590548,12.854030501089325
2.13299675048742,12.89198606271777
2.1343564073722376,12.929908576404006
2.1344302266133925,12.929908576404006
2.1350769439936608,12.929908576404006
2.1352919674792274,12.929908576404006
2.13621797836444,12.967798085291557
2.1373000544161442,13.00565463244889
2.1379152938887063,13.00565463244889
2.138342093932523,13.043478260869565
2.1390983010347444,13.043478260869565
2.139121282094845,13.043478260869565
2.1398196394185884,13.043478260869565
2.140752992217623,13.081269013472404
2.1449637750712753,13.081269013472404
2.146384933264963,13.119026933101651
2.1486022530813518,13.156752062527138
2.149932209934788,13.156752062527138
2.1501347841702945,13.156752062527138
2.1502580861706337,13.194444444444445
2.1503644550121614,13.194444444444445
2.150616075417259,13.194444444444445
2.151505997898369,13.194444444444445
2.1519673253223868,13.194444444444445
2.1523421395786646,13.194444444444445
2.152990726473368,13.194444444444445
2.154130839071387,13.232104121475055
2.1546449457825787,13.232104121475055
2.1552325151806366,13.232104121475055
2.156142208231939,13.232104121475055
2.156615004826242,13.269731136166522
2.157149073922698,13.307325530992632
2.158816063353247,13.344887348353554
2.1589197622708047,13.344887348353554
2.161113041252491,13.344887348353554
2.1623131452849265,13.344887348353554
2.1627695968149503,13.382416630576008
2.162774888067524,13.382416630576008
2.162778794418889,13.382416630576008
2.1636199661315505,13.382416630576008
2.164125879892138,13.382416630576008
2.1642671162554548,13.41991341991342
2.164664636341379,13.41991341991342
2.1653879879378994,13.41991341991342
2.1674707434260085,13.41991341991342
2.168071275077247,13.457377758546086
2.16872813599007,13.494809688581316
2.1691272119952254,13.53220925205361
2.169288351724307,13.569576490924806
2.172136374560779,13.569576490924806
2.1721372763489932,13.569576490924806
2.172624820989735,13.569576490924806
2.1727194875816136,13.569576490924806
2.1729889773997892,13.569576490924806
2.1740825697426733,13.606911447084233
2.174513132245278,13.644214162348877
2.1751461752538135,13.68148467846353
2.1757538429859724,13.68148467846353
2.17644380463912,13.68148467846353
2.1778385708023005,13.68148467846353
2.1791242367167967,13.68148467846353
2.1818222462856767,13.68148467846353
2.1824562378051335,13.718723037100949
2.182963108363167,13.75592927986201
2.183149132679655,13.793103448275861
2.1843420773582882,13.793103448275861
2.1845237341370796,13.793103448275861
2.1850377368127223,13.793103448275861
2.185216505926422,13.793103448275861
2.185474061502709,13.830245583800085
2.185500288210414,13.830245583800085
2.1867220547825403,13.867355727820843
2.1870353640215017,13.904433921653034
2.1871381483892893,13.904433921653034
2.1885360107030087,13.904433921653034
2.1888984698623117,13.904433921653034
2.189149044081388,13.904433921653034
2.1904012191317137,13.941480206540447
2.1908665008609494,13.941480206540447
2.1915258546738974,13.941480206540447
2.1924546638113362,13.978494623655912
2.1926060421902194,14.015477214101463
2.1938836046491343,14.015477214101463
2.1939512403177077,14.015477214101463
2.19473097552827,14.015477214101463
2.1956159960922834,14.015477214101463
2.196548906918294,14.015477214101463
2.197938150185594,14.015477214101463
2.1987316056780664,14.015477214101463
2.1993462640088413,14.015477214101463
2.1995682633188123,14.052428018908467
2.1998678887082597,14.0893470790378
2.200299389279875,14.0893470790378
2.200764497492536,14.126234435379992
2.2014681173502484,14.163090128755366
2.2023818417464995,14.199914199914199
2.202611285479599,14.236706689536879
2.2028588191561216,14.236706689536879
2.2045431976843326,14.236706689536879
2.205012679219439,14.236706689536879
2.2055274541715333,14.236706689536879
2.2059913944723255,14.236706689536879
2.2063704117161156,14.236706689536879
2.207097581895515,14.236706689536879
2.2075087233331767,14.273467638234033
2.208678167526209,14.273467638234033
2.2094589932073165,14.273467638234033
2.210823885165018,14.3101970865467
2.21141436061379,14.3101970865467
2.2121458843780144,14.3101970865467
2.2126786772838662,14.3101970865467
2.2144089863527117,14.3101970865467
2.215451066465441,14.3101970865467
2.215533912641123,14.3101970865467
2.215937872663146,14.3101970865467
2.216307040941441,14.3101970865467
2.2172881746652275,14.3101970865467
2.217839740858198,14.3101970865467
2.218496067664202,14.346895074946467
2.2188278650646485,14.383561643835616
2.2189421349105007,14.383561643835616
2.2204827730877827,14.420196833547283
2.220899839991309,14.420196833547283
2.2216843655659058,14.420196833547283
2.2221556994335208,14.456800684345595
2.222416649604354,14.456800684345595
2.2227343364245944,14.456800684345595
2.2235643851155067,14.493373236425821
2.2238994554205416,14.493373236425821
2.224352272577814,14.529914529914532
2.2246841788984013,14.529914529914532
2.2269498222485384,14.529914529914532
2.2277413813495945,14.566424604869713
2.2279716865068404,14.602903501280956
2.228073088872148,14.602903501280956
2.2281291853423237,14.639351259069569
2.2296509746494357,14.675767918088736
2.2298698239244783,14.675767918088736
2.230132290861853,14.675767918088736
2.2312896058953577,14.712153518123666
2.231387465849063,14.712153518123666
2.231507872209322,14.712153518123666
2.231578897107753,14.712153518123666
2.2330094670445892,14.712153518123666
2.233367781667256,14.74850809889173
2.234223481322568,14.74850809889173
2.235295600004668,14.74850809889173
2.235603575805964,14.74850809889173
2.23573421145443,14.74850809889173
2.2384961336049374,14.784831700042607
2.2389000465181454,14.821124361158432
2.239145196868041,14.857386121753938
2.240760389443542,14.893617021276595
2.2408190036861964,14.893617021276595
2.2409529226914886,14.893617021276595
2.2421631203054755,14.893617021276595
2.2435649881088677,14.929817099106762
2.244489713652477,14.929817099106762
2.2445549464884134,14.929817099106762
2.244845885616663,14.965986394557824
2.2450376432787147,15.002124946876327
2.2456847336864216,15.002124946876327
2.246773315906779,15.002124946876327
2.24699823573102,15.002124946876327
2.2477603900733865,15.002124946876327
2.248041049633052,15.03823279524214
2.2483104864878807,15.03823279524214
2.2504309964100435,15.03823279524214
2.2504599426542415,15.03823279524214
2.2506798309196245,15.074309978768577
2.2520455395145937,15.110356536502549
2.253666076554724,15.110356536502549
2.253788556072816,15.110356536502549
2.2544764577943694,15.146372507424694
2.254858765612925,15.182357930449534
2.256976573137468,15.182357930449534
2.257645019369032,15.182357930449534
2.257936037156523,15.218312844425604
2.2587244992160156,15.254237288135593
2.2591678940515836,15.290131300296483
2.2592087951297066,15.325994919559696
2.260692952087508,15.325994919559696
2.2612252516187787,15.325994919559696
2.261275935999679,15.325994919559696
2.2626363096754587,15.325994919559696
2.2627631710611387,15.361828184511214
2.2636634304254684,15.397631133671744
2.264504198211757,15.397631133671744
2.265409584312335,15.433403805496829
2.2655372738417414,15.433403805496829
2.2681397245062462,15.469146238377007
2.268521280169323,15.469146238377007
2.2706349644284387,15.504858470637938
2.271152670600416,15.54054054054054
2.27149779872313,15.576192486281132
2.2718630011092493,15.611814345991561
2.272279887330638,15.611814345991561
2.272354886686649,15.647406157739349
2.272995576741646,15.647406157739349
2.273311150722308,15.647406157739349
2.273714578995776,15.647406157739349
2.273747062771695,15.647406157739349
2.273927211597774,15.682967959527824
2.274685024708945,15.718499789296251
2.2748600994076003,15.754001684919967
2.2754493528603517,15.789473684210526
2.2757238687247767,15.824915824915825
2.2760163748564,15.824915824915825
2.276372292280815,15.860328144720235
2.276426606373278,15.895710681244744
2.2764736367512666,15.931063472047077
2.2783913345444717,15.931063472047077
2.279641370258275,15.931063472047077
2.279720797681122,15.966386554621847
2.2803202112003733,16.001679966400673
2.2806125193207856,16.001679966400673
2.2820756319274147,16.036943744752307
2.282775642677777,16.036943744752307
2.2828457410030665,16.072177926982796
2.2839265986552046,16.10738255033557
2.2844848211837463,16.142557651991616
2.2852921866193565,16.177703269069575
2.2855155958417974,16.21281943862589
2.2855980907155753,16.21281943862589
2.2865024220468184,16.21281943862589
2.2874732019357538,16.24790619765494
2.2885397458847256,16.282963583089156
2.2889087582976138,16.282963583089156
2.2896091103804515,16.282963583089156
2.289991688490256,16.317991631799163
2.290548690519026,16.317991631799163
2.2905931706914,16.317991631799163
2.290771553266554,16.317991631799163
2.2910539495431115,16.317991631799163
2.291212514056144,16.352990380593894
2.2917140945491954,16.352990380593894
2.2917900519893446,16.387959866220736
2.2920050897656634,16.42290012536565
2.2931458904523225,16.4578111946533
2.2933332928965946,16.4578111946533
2.293917299816247,16.4578111946533
2.294291094382755,16.49269311064718
2.2953139217480247,16.52754590984975
2.2960890206181794,16.52754590984975
2.2961473868689337,16.562369628702545
2.296349665262645,16.562369628702545
2.2964027548294945,16.562369628702545
2.2966062989960365,16.59716430358632
2.296965445979003,16.59716430358632
2.297457840023941,16.59716430358632
2.297632509618438,16.59716430358632
2.2982571630481385,16.631929970821176
2.2990415185802036,16.666666666666664
2.3002040188295005,16.666666666666664
2.30097198011853,16.666666666666664
2.3012959070275016,16.701374427321948
2.3016985149719513,16.736053288925895
2.301807638497608,16.736053288925895
2.3023014519718528,16.736053288925895
2.3025071776050146,16.736053288925895
2.3028741984522196,16.77070328755722
2.3036696839775916,16.77070328755722
2.3046345718488674,16.77070328755722
2.304688749414227,16.77070328755722
2.305241903444737,16.77070328755722
2.307002914773945,16.80532445923461
2.308944309358082,16.839916839916842
2.309494337533364,16.839916839916842
2.309665911778321,16.87448046550291
2.311075187849147,16.87448046550291
2.3121511985437584,16.87448046550291
2.3124310450523313,16.909015371832155
2.313746624263499,16.909015371832155
2.313760263627776,16.909015371832155
2.314327043264132,16.943521594684384
2.315326003288294,16.943521594684384
2.316942977308597,16.943521594684384
2.3169573540631596,16.97799916977999
2.318655712901221,17.012448132780083
2.319450847817354,17.046868519286605
2.320730839938428,17.081260364842453
2.320788901756178,17.11562370493162
2.3211763866100577,17.11562370493162
2.321567174753553,17.11562370493162
2.3220911666115125,17.149958574979287
2.322221701562447,17.149958574979287
2.3224521202726733,17.184265010351968
2.322880077400092,17.184265010351968
2.322925157037456,17.184265010351968
2.323505778421251,17.218543046357617
2.3237509525684765,17.25279271824576
2.3240055364317267,17.25279271824576
2.3240395057459633,17.25279271824576
2.3252740616361027,17.25279271824576
2.3260605919725403,17.25279271824576
2.3277643828592707,17.25279271824576
2.3280757685635916,17.25279271824576
2.3282222999829187,17.25279271824576
2.3284447840967273,17.25279271824576
2.3286446911440706,17.25279271824576
2.3290315783267017,17.25279271824576
2.3290877655641506,17.25279271824576
2.3297891889627085,17.25279271824576
2.332018076906562,17.28701406120761
2.3326300484058042,17.28701406120761
2.3335814894340094,17.32120711037619
2.3337702951253165,17.32120711037619
2.333811555225612,17.32120711037619
2.334510363257087,17.32120711037619
2.335538357760376,17.355371900826448
2.3365391555445645,17.389508467575382
2.3386919091101035,17.389508467575382
2.339044454036751,17.389508467575382
2.339613076438802,17.389508467575382
2.340725299476003,17.423616845582163
2.340747515401389,17.423616845582163
2.341900796436821,17.457697069748246
2.342365000867319,17.491749174917494
2.342639419975079,17.491749174917494
2.343622066285984,17.491749174917494
2.3447965901446692,17.491749174917494
2.34515472734593,17.491749174917494
2.345653961751562,17.525773195876287
2.3466102311244867,17.525773195876287
2.3467462365153198,17.525773195876287
2.347274146303091,17.525773195876287
2.347991489977761,17.55976916735367
2.350921514441578,17.593737124021423
2.351273469465266,17.627677100494235
2.352288710038296,17.627677100494235
2.3530373973908847,17.627677100494235
2.353309013596116,17.661589131329766
2.3533741518973996,17.661589131329766
2.3554799817956673,17.695473251028808
2.3565633750763806,17.695473251028808
2.3567806360031622,17.695473251028808
2.3572557520921733,17.729329494035376
2.357875037029602,17.763157894736842
2.3586029449735624,17.763157894736842
2.3593809515003334,17.763157894736842
2.359667154731807,17.763157894736842
2.3603423782439896,17.79695848746404
2.3609732721740664,17.79695848746404
2.3610969881442534,17.79695848746404
2.361897874839067,17.79695848746404
2.3619303098758007,17.79695848746404
2.362584408888409,17.79695848746404
2.362712444996562,17.830731306491373
2.362843052066602,17.830731306491373
2.3629599445827436,17.830731306491373
2.363645202247471,17.830731306491373
2.363898697924522,17.830731306491373
2.366546428485961,17.830731306491373
2.3666930755891014,17.830731306491373
2.368581396775638,17.864476386036962
2.3696092804062387,17.898193760262725
2.3697481670859992,17.931883463274517
2.3701667679042755,17.96554552912223
2.371779612502011,17.99917999179992
2.371833776444373,18.0327868852459
2.3725892219326608,18.066366243342895
2.372715910377144,18.066366243342895
2.372801811254551,18.066366243342895
2.3729107069119224,18.066366243342895
2.3730135677667112,18.066366243342895
2.373117823053851,18.066366243342895
2.374149487383284,18.0999180999181
2.3745973580758193,18.0999180999181
2.3758197699413617,18.0999180999181
2.376904770481636,18.13344248874335
2.377776873021612,18.16693944353519
2.378324639936978,18.200408997955012
2.3785772858123297,18.200408997955012
2.379006824688498,18.200408997955012
2.37908187198993,18.233851185609158
2.379906598757873,18.233851185609158
2.381009180294184,18.233851185609158
2.381059329426896,18.233851185609158
2.3817190853734895,18.26726604004904
2.382310800036987,18.30065359477124
2.382737474713592,18.33401388321764
2.3830738147778963,18.367346938775512
2.3841388493630236,18.367346938775512
2.3849384265331404,18.400652794777642
2.3854815369143987,18.400652794777642
2.3857639838810014,18.400652794777642
2.386531422279907,18.43393148450245
2.3865930144498524,18.43393148450245
2.3867038971424797,18.43393148450245
2.38751252545252,18.467183041174074
2.3880030300233313,18.467183041174074
2.3885026551281032,18.467183041174074
2.3894389549042634,18.467183041174074
2.3918780781926348,18.50040749796251
2.3934272858832664,18.50040749796251
2.3934449792426293,18.533604887983707
2.393712792344778,18.566775244299674
2.39442435033103,18.566775244299674
2.39442924966939,18.566775244299674
2.3952295395295096,18.5999185999186
2.396145868982604,18.5999185999186
2.397122181053134,18.633034987794954
2.3984493397883804,18.633034987794954
2.3988558746035964,18.633034987794954
2.4009463667847535,18.666124440829606
2.4010622768423047,18.666124440829606
2.401336175105722,18.666124440829606
2.401398089004529,18.69918699186992
2.401597554854471,18.732222673709874
2.4019524911648933,18.732222673709874
2.4026920138942156,18.732222673709874
2.4033195322805097,18.732222673709874
2.4040139632058763,18.732222673709874
2.4043993008897595,18.765231519090168
2.404668257561366,18.765231519090168
2.405398970971969,18.765231519090168
2.4068365471346813,18.765231519090168
2.406886961893532,18.765231519090168
2.407021618957952,18.765231519090168
2.4083274623846216,18.798213560698336
2.4091688296781713,18.83116883116883
2.4101017613920988,18.83116883116883
2.410164121993652,18.83116883116883
2.4101938199740687,18.83116883116883
2.4109813577766155,18.83116883116883
2.4117195028098117,18.83116883116883
2.4119709748553517,18.864097363083165
2.4128364876206287,18.896999188969993
2.4130676436328358,18.896999188969993
2.413100308115274,18.896999188969993
2.414374348757305,18.92987434130523
2.414491343039044,18.962722852512158
2.414602074050533,18.995544754961525
2.4149621082380404,19.02834008097166
2.4160913536371127,19.02834008097166
2.4162234735491044,19.061108862808577
2.416705722520637,19.093851132686083
2.4169656719253143,19.093851132686083
2.417035522026102,19.093851132686083
2.4171686971806046,19.12656692276587
2.4178267132465385,19.15925626515764
2.4179612292120685,19.19191919191919
2.4187886798953873,19.19191919191919
2.4188498656184305,19.19191919191919
2.419061244536199,19.19191919191919
2.419516929051807,19.19191919191919
2.419767336537137,19.19191919191919
2.4198640995716163,19.22455573505654
2.4202072672856016,19.25716592652402
2.420722479318618,19.289749798224374
2.4208473812085876,19.289749798224374
2.421053963875715,19.322307382008873
2.4221926758355146,19.35483870967742
2.4233219504054926,19.35483870967742
2.4239126100254476,19.38734381297864
2.4253735521766613,19.419822723609993
2.426146949182277,19.419822723609993
2.426404111127087,19.45227547321788
2.4275280903640915,19.484702093397747
2.4282470693846108,19.517102615694164
2.4282508549469726,19.549477071600965
2.4295997655727635,19.549477071600965
2.430358100857207,19.549477071600965
2.430977743162723,19.549477071600965
2.4312681492379,19.549477071600965
2.4322291446824633,19.581825492561318
2.432414754452636,19.614147909967848
2.432584242245432,19.646444355162714
2.4331143833238937,19.646444355162714
2.4358000983840804,19.646444355162714
2.4361359062298655,19.67871485943775
2.436713926587972,19.67871485943775
2.4368890839823516,19.710959454034523
2.437268137955645,19.743178170144464
2.437392062916744,19.775371038908947
2.437963966422673,19.807538091419406
2.438068190422612,19.807538091419406
2.4386390276575245,19.807538091419406
2.4388852242569308,19.807538091419406
2.4424817413839044,19.807538091419406
2.442717770152592,19.839679358717436
2.44274763669649,19.871794871794872
2.442994772121616,19.871794871794872
2.4430859029254055,19.903884661593914
2.443228057756884,19.903884661593914
2.444140500964596,19.903884661593914
2.4460613526102786,19.935948759007204
2.4461879467719965,19.935948759007204
2.447209755994164,19.935948759007204
2.4475250892956995,19.935948759007204
2.447885656820366,19.96798719487795
2.448604174625256,20.0
2.449127611945056,20.0
2.4501353016269696,20.03198720511795
2.4505771244124834,20.06394884092726
2.4505862726276946,20.06394884092726
2.4523830827697344,20.06394884092726
2.452882436589956,20.06394884092726
2.4530099311890834,20.06394884092726
2.454063959277644,20.06394884092726
2.4545135453929086,20.06394884092726
2.4545185512089422,20.09588493807431
2.45507470403781,20.09588493807431
2.4553516732270237,20.12779552715655
2.455449687725926,20.12779552715655
2.455800788475254,20.159680638722556
2.455970126153427,20.191540303272145
2.4562050069547428,20.22337455125648
2.456443111585881,20.22337455125648
2.4582840546885447,20.22337455125648
2.4586868856745028,20.25518341307815
2.4588630611500975,20.28696691909127
2.459439049804553,20.318725099601593
2.459446753754975,20.318725099601593
2.460150293159941,20.318725099601593
2.4603193345907854,20.318725099601593
2.460484257113974,20.318725099601593
2.460875157770888,20.318725099601593
2.4621822999335357,20.350457984866587
2.4624238052060234,20.350457984866587
2.462817737431224,20.350457984866587
2.4632603806771063,20.350457984866587
2.46347080257493,20.350457984866587
2.4637743086501653,20.350457984866587
2.4640294736114585,20.350457984866587
2.464992430787765,20.350457984866587
2.4658968401826953,20.350457984866587
2.467155145055411,20.382165605095544
2.468224576775939,20.382165605095544
2.469712334119313,20.382165605095544
2.469974962343203,20.413847990449664
2.4714359003555293,20.445505171042164
2.4720311050884023,20.47713717693837
2.472332843371235,20.5087440381558
2.4727578825775653,20.540325784664283
2.4736268361084788,20.540325784664283
2.473767972232636,20.540325784664283
2.4757648390846207,20.540325784664283
2.476230064257253,20.540325784664283
2.476249061945388,20.540325784664283
2.476574376322151,20.540325784664283
2.4770066582837664,20.540325784664283
2.477905113406432,20.57188244638602
2.4784309581585027,20.57188244638602
2.4784902277700835,20.603414053195714
2.478559757663611,20.634920634920633
2.478897987204284,20.634920634920633
2.4792177715818458,20.66640222134074
2.4796738236395583,20.66640222134074
2.4798477773996637,20.66640222134074
2.4804986075152518,20.697858842188737
2.4809147699267413,20.72929052715022
2.481941774665651,20.72929052715022
2.4825512893583515,20.72929052715022
2.483049776624143,20.760697305863708
2.4831230907145354,20.760697305863708
2.4840837546012966,20.792079207920793
2.484896019734583,20.823436262866192
2.4855242654094334,20.823436262866192
2.4860144680688587,20.854768500197864
2.4860869116723454,20.854768500197864
2.486153867223501,20.88607594936709
2.486578610019127,20.91735863977857
2.486926249867178,20.91735863977857
2.486996235316132,20.91735863977857
2.4872915266490443,20.91735863977857
2.490155835648229,20.948616600790515
2.4922591888390397,20.948616600790515
2.493452544162983,20.979849861714737
2.4946855759722353,20.979849861714737
2.4951273446781075,20.979849861714737
2.4954907828573027,20.979849861714737
2.4954964412271834,20.979849861714737
2.496834845226033,20.979849861714737
2.4975709832560007,20.979849861714737
2.498053468864715,20.979849861714737
2.498962935971756,21.011058451816748
2.500666887784881,21.042242400315832
2.5011836024829894,21.042242400315832
2.501297695813119,21.042242400315832
2.5013566485772776,21.07340173638516
2.5023281041532215,21.104536489151872
2.5028218683068544,21.13564668769716
2.5034559374001493,21.166732361056365
2.5036358723349394,21.166732361056365
2.5065428651900357,21.19779353821907
2.5070275082321603,21.19779353821907
2.507814252646618,21.228830248129185
2.5081669561904683,21.25984251968504
2.5083829538571303,21.29083038173947
2.508903549426074,21.321793863099924
2.509148767802696,21.35273299252851
2.5101137751484095,21.35273299252851
2.5125919034386364,21.38364779874214
2.5128121795189657,21.414538310412574
2.512914125673779,21.445404556166537
2.5138246087532568,21.47624656458579
2.5160875489146837,21.50706436420722
2.5164704902350694,21.53785798352295
2.5169349869211133,21.568627450980394
2.5172435417154952,21.568627450980394
2.5175315071360496,21.59937279498236
2.518919529508732,21.59937279498236
2.5195405399596953,21.59937279498236
2.519650057182458,21.59937279498236
2.5207435107651666,21.630094043887148
2.5213163364641398,21.630094043887148
2.521785553033773,21.630094043887148
2.522224324609582,21.660791226008616
2.523308640178127,21.69146436961629
2.523993333986346,21.722113502935418
2.5255968029406644,21.752738654147105
2.528533151476456,21.752738654147105
2.52963076168148,21.752738654147105
2.53091143194803,21.752738654147105
2.531273412301314,21.783339851388344
2.5312999246633696,21.783339851388344
2.531919593342037,21.783339851388344
2.5323292991431945,21.783339851388344
2.532574733848545,21.783339851388344
2.5327809967732695,21.783339851388344
2.5334400693701955,21.813917122752148
2.5337332254491804,21.813917122752148
2.534074330733401,21.844470496287613
2.5340883903313034,21.875
2.5354113032880634,21.90550566185084
2.5355204031134018,21.90550566185084
2.536000742556706,21.90550566185084
2.536079888095387,21.90550566185084
2.536346125721455,21.935987509758
2.5364611019411547,21.966445571595784
2.536898611727045,21.996879875195006
2.5371106243354493,22.027290448343077
2.5371830899684396,22.027290448343077
2.5391064990239403,22.0576773187841
2.53911772071679,22.08804051421893
2.540674399911152,22.08804051421893
2.541083556336328,22.118380062305295
2.5411013626686354,22.148695990657842
2.5413751801860123,22.148695990657842
2.5424359546205593,22.17898832684825
2.545139947859178,22.17898832684825
2.545259639079374,22.20925709840529
2.545869848567759,22.23950233281493
2.5464015375383493,22.23950233281493
2.546668682474478,22.269724057520403
2.54691155469903,22.269724057520403
2.5476787132797796,22.2999222999223
2.547959143549453,22.330097087378643
2.547994319572199,22.36024844720497
2.548436552697947,22.36024844720497
2.548595868835643,22.36024844720497
2.5486516858131907,22.36024844720497
2.548894234197012,22.390376406674427
2.549503262681675,22.390376406674427
2.549801261674861,22.420480993017843
2.550066627343558,22.420480993017843
2.550596187282892,22.450562233423806
2.5507679459375168,22.48062015503876
2.5513583551723857,22.48062015503876
2.5519803083159087,22.48062015503876
2.552524463827722,22.510654784967066
2.5527000470735115,22.510654784967066
2.553076028679546,22.510654784967066
2.5538045953557775,22.540666150271107
2.554336449565238,22.540666150271107
2.5544600524140373,22.57065427797135
2.554947101579606,22.57065427797135
2.5551694147548085,22.57065427797135
2.5558291883670052,22.60061919504644
2.556377125468092,22.60061919504644
2.5565796629761306,22.60061919504644
2.5567096217427023,22.60061919504644
2.5573610404040354,22.60061919504644
2.5574729511913907,22.60061919504644
2.5575236117677695,22.60061919504644
2.5579752279822947,22.63056092843327
2.558134198772106,22.63056092843327
2.558462044812806,22.63056092843327
2.55987532805371,22.66047950502707
2.561029758602376,22.66047950502707
2.5612126648375133,22.690374951681484
2.5613823029502387,22.720247295208658
2.561428797899877,22.750096562379298
2.5614457271954385,22.750096562379298
2.5624842398225995,22.750096562379298
2.563366474634618,22.750096562379298
2.564035922673181,22.779922779922778
2.5658679709283585,22.779922779922778
2.5664194666473046,22.779922779922778
2.5664815367871454,22.779922779922778
2.566586533012445,22.809725974527208
2.567111471532199,22.809725974527208
2.5680211815695997,22.809725974527208
2.568232657375598,22.839506172839506
2.568350441177659,22.839506172839506
2.5695279446299346,22.839506172839506
2.5698645528267696,22.839506172839506
2.5699848216578562,22.869263401465485
2.5708026599897518,22.89899768696993
2.571071290988722,22.89899768696993
2.5716996789579905,22.89899768696993
2.5717145438901965,22.89899768696993
2.5717989489291386,22.89899768696993
2.5730852382729053,22.89899768696993
2.574525151755016,22.928709055876688
2.5745582091381287,22.928709055876688
2.5746296799309585,22.928709055876688
2.574639590669664,22.928709055876688
2.574892305054142,22.928709055876688
2.575367897418724,22.95839753466872
2.5756080012692286,22.95839753466872
2.575673420663108,22.988063149788218
2.5761492431549495,22.988063149788218
2.5773238363190085,22.988063149788218
2.5786437938287308,22.988063149788218
2.579522204458331,22.988063149788218
2.5810158469860114,22.988063149788218
2.581614505883989,22.988063149788218
2.581826133280518,23.017705927636644
2.5824500765785583,23.047325894574836
2.58382660674433,23.047325894574836
2.5841957325490355,23.047325894574836
2.585836872701306,23.047325894574836
2.5867611322452517,23.047325894574836
2.5874306349551865,23.047325894574836
2.587699923092217,23.076923076923077
2.587785327598348,23.10649750096117
2.587840493443772,23.10649750096117
2.587906894058263,23.10649750096117
2.5890425508645927,23.10649750096117
2.5893527078617713,23.136049192928517
2.5895311342138343,23.136049192928517
2.590293065930814,23.1655781790242
2.590817482567071,23.195084485407065
2.591180907629499,23.195084485407065
2.5914389100771946,23.224568138195778
2.5921934383494345,23.254029163468918
2.5927649612798565,23.254029163468918
2.592923760572453,23.254029163468918
2.592936468365651,23.254029163468918
2.5935575605153365,23.283467587265054
2.5936634335494038,23.283467587265054
2.5947494374324322,23.283467587265054
2.5948682318010228,23.283467587265054
2.595201243063595,23.31288343558282
2.595504651476685,23.34227673438099
2.595840923366129,23.371647509578544
2.5959307851044335,23.371647509578544
2.596114692642782,23.371647509578544
2.596534438029645,23.400995787054768
2.596663300430456,23.43032159264931
2.5971136167381044,23.43032159264931
2.597443255238787,23.43032159264931
2.5979667392231742,23.459624952162265
2.598734747744109,23.488905891354246
2.5995548855208126,23.518164435946463
2.599625237772818,23.518164435946463
2.6000301491079933,23.547400611620795
2.6003533780903507,23.57661444401987
2.6004598921007465,23.605805958747137
2.6005945333239655,23.634975181366936
2.600891445198414,23.634975181366936
2.6017323184366563,23.66412213740458
2.6019056534201304,23.66412213740458
2.602196828050095,23.693246852346434
2.6022805219842056,23.693246852346434
2.60235331355223,23.72234935163997
2.602423439249292,23.751429660693862
2.602546966054406,23.78048780487805
2.602552911825459,23.809523809523807
2.6028915236774957,23.809523809523807
2.603249547385136,23.83853769992384
2.603281063355709,23.867529501332317
2.603574981637799,23.867529501332317
2.603884684862343,23.867529501332317
2.603950502622397,23.867529501332317
2.604606501631376,23.896499238964992
2.6052396370943747,23.896499238964992
2.6058935319326024,23.92544693799924
2.6061816622707226,23.92544693799924
2.6064812366348944,23.92544693799924
2.6071460408411724,23.92544693799924
2.607297838133079,23.92544693799924
2.607361554438105,23.92544693799924
2.607877616770479,23.954372623574145
2.6079003089633357,23.954372623574145
2.6089693486876664,23.954372623574145
2.610081280123908,23.954372623574145
2.6112548586278757,23.954372623574145
2.6112747592599774,23.954372623574145
2.611926350042343,23.983276320790576
2.6121915724566165,24.012158054711247
2.612395738168814,24.041017850360806
2.6127847844293677,24.041017850360806
2.612965746829079,24.06985573272589
2.613172326043843,24.09867172675522
2.6135244231229455,24.09867172675522
2.614817823042348,24.12746585735964
2.615374985503457,24.12746585735964
2.6155547106120625,24.12746585735964
2.61570207805435,24.12746585735964
2.616126103774024,24.15623814941221
2.616562131489805,24.15623814941221
2.6169889468405683,24.184988627748293
2.6172245886547363,24.213717317165592
2.618891172835284,24.242424242424242
2.619082171170735,24.271109428246877
2.619322921398836,24.299772899318697
2.6197093715528412,24.299772899318697
2.6198818443348886,24.32841468028755
2.6200410476334057,24.357034795763994
2.6211140123290315,24.357034795763994
2.6215298032719017,24.357034795763994
2.6217544101702903,24.357034795763994
2.6223324439382347,24.38563327032136
2.6224174348973843,24.38563327032136
2.622423754898908,24.38563327032136
2.6228874796152772,24.38563327032136
2.6230555729469875,24.38563327032136
2.6232958712851,24.414210128495842
2.623571500696314,24.44276539478655
2.624479379895936,24.44276539478655
2.624732823900699,24.47129909365559
2.6249564537417234,24.47129909365559
2.6264267067521097,24.47129909365559
2.6264953206399393,24.47129909365559
2.626595365662594,24.499811249528126
2.626961689028276,24.499811249528126
2.6273813495991574,24.528301886792452
2.6275912042777505,24.528301886792452
2.6285450184431736,24.528301886792452
2.6287069737089803,24.528301886792452
2.630385526487099,24.556771029800075
2.6314203373529557,24.58521870286576
2.632290283887674,24.58521870286576
2.632620419814644,24.58521870286576
2.6328995885031423,24.613644930267622
2.6333966532938797,24.642049736247174
2.6335211974619854,24.642049736247174
2.6335474777853327,24.642049736247174
2.6342513692826373,24.642049736247174
2.634481523904187,24.670433145009415
2.6345826963589105,24.69879518072289
2.634779708783736,24.69879518072289
2.6347945605262875,24.72713586751976
2.6348879288153872,24.72713586751976
2.635040029062435,24.72713586751976
2.6359981466334554,24.755455229495862
2.636191569661813,24.755455229495862
2.636237826112451,24.755455229495862
2.6365301986662466,24.783753290710795
2.6370733472837373,24.783753290710795
2.637148331539089,24.81203007518797
2.6377947517170455,24.840285606914694
2.6378514981676404,24.840285606914694
2.638258444887954,24.840285606914694
2.6383362452231784,24.840285606914694
2.639114769173577,24.868519909842224
2.6416341283113947,24.896733007885842
2.6438310936671017,24.896733007885842
2.644203042228172,24.896733007885842
2.644205057961658,24.896733007885842
2.6445228531105163,24.924924924924923
2.6453277631976064,24.924924924924923
2.646866944774481,24.953095684803
2.647633023396866,24.981245311327832
2.6480433741741076,24.981245311327832
2.649353051075641,24.981245311327832
2.6500043967550924,24.981245311327832
2.6502186927478144,25.009373828271464
2.6508952650461506,25.009373828271464
2.651290194486734,25.009373828271464
2.6525073380635455,25.009373828271464
2.6529945979196996,25.037481259370313
2.653294796249012,25.037481259370313
2.65422392402639,25.065567628325212
2.655079947397845,25.065567628325212
2.6562879010096694,25.0936329588015
2.6564153789004283,25.0936329588015
2.6564285729134665,25.0936329588015
2.6567682202520397,25.121677274429054
2.6570689800930656,25.121677274429054
2.6572291310374463,25.121677274429054
2.658205167433477,25.149700598802394
2.6583627426290413,25.177702955480736
2.6598396392893084,25.205684367988034
2.660228248461418,25.233644859813083
2.660286416065845,25.233644859813083
2.6618633521725896,25.26158445440957
2.6626886553688642,25.289503175196117
2.662829784849138,25.317401045556387
2.6644090957991544,25.34527808883912
2.664701828962685,25.34527808883912
2.6651156155487983,25.37313432835821
2.665412725861303,25.37313432835821
2.665945739180841,25.37313432835821
2.6661549161905413,25.37313432835821
2.666450507787763,25.400969787392764
2.666664295696982,25.428784489187173
2.6671342432437455,25.428784489187173
2.6672489830216555,25.428784489187173
2.6676351568854955,25.456578456951174
2.668349815135763,25.456578456951174
2.6687405690254504,25.456578456951174
2.669513453166347,25.456578456951174
2.671975604705143,25.48435171385991
2.672174240748015,25.512104283054004
2.6725885876095354,25.539836187639615
2.6727677574662634,25.539836187639615
2.6728593272533927,25.539836187639615
2.6731080000933582,25.5675474506885
2.673338971426832,25.595238095238095
2.673521851644427,25.595238095238095
2.673673509273381,25.595238095238095
2.674162245148249,25.595238095238095
2.674646300456693,25.622908144291557
2.675052612633593,25.622908144291557
2.6754975153610694,25.650557620817843
2.6756807445612956,25.650557620817843
2.676042493129651,25.650557620817843
2.6765791322562973,25.678186547751764
2.6767124104826743,25.678186547751764
2.6780525491793163,25.705794947994054
2.678294418048126,25.733382844411434
2.679458132859508,25.733382844411434
2.68038622466207,25.733382844411434
2.6815297821568764,25.733382844411434
2.6817230889773906,25.760950259836672
2.6831728482079353,25.760950259836672
2.683286170911527,25.760950259836672
2.6849184894452933,25.788497217068645
2.6860161476815714,25.788497217068645
2.6865923854352807,25.788497217068645
2.6866413406205125,25.816023738872403
2.6871655667319723,25.816023738872403
2.689107525354231,25.843529847979234
2.690669978449523,25.87101556708673
2.6912730712634763,25.87101556708673
2.6917288421715933,25.87101556708673
2.6922467918636817,25.87101556708673
2.692370762597221,25.87101556708673
2.6924070184317004,25.87101556708673
2.6925394141011916,25.898480918858834
2.6926960373611077,25.898480918858834
2.69326475158195,25.925925925925924
2.6935311721531807,25.925925925925924
2.693568549882369,25.925925925925924
2.693591350819005,25.953350610884858
2.6937505719274983,25.953350610884858
2.69486019399973,25.980754996299037
2.6951622924366747,26.008139104698486
2.6953686312578453,26.035502958579883
2.6968080985795795,26.062846580406656
2.6970144544759105,26.09016999260902
2.6977078773853718,26.09016999260902
2.6977733619252544,26.117473217584042
2.6979766708398536,26.14475627769572
2.698297594722028,26.14475627769572
2.698475147318261,26.17201919527501
2.6986215585019204,26.199261992619927
2.6996309592675196,26.226484691995573
2.6996465310331343,26.253687315634217
2.700225859030423,26.28086988573535
2.7004295902473836,26.308032424465733
2.70122738700851,26.335174953959484
2.701425632034271,26.335174953959484
2.7015405137066404,26.335174953959484
2.701598261584298,26.362297496318117
2.7017866765801535,26.362297496318117
2.7019001763181585,26.389400073610602
2.702299375567904,26.389400073610602
2.7029646573520516,26.416482707873435
2.703322975208625,26.443545421110702
2.7034063942464917,26.47058823529412
2.703741609397575,26.47058823529412
2.7038293208495427,26.4976111723631
2.7043963041036183,26.524614254224833
2.704984171354527,26.524614254224833
2.7053884713515295,26.551597502754316
2.7073085002400705,26.57856093979442
2.7076980909196595,26.605504587155966
2.7078584847252554,26.632428466617753
2.707859383342878,26.632428466617753
2.7083848329315026,26.632428466617753
2.70906825849311,26.632428466617753
2.709259356093413,26.65933259992666
2.709651431677946,26.65933259992666
2.710600144579192,26.65933259992666
2.7111130807986386,26.65933259992666
2.7119312303746375,26.68621700879765
2.7120090940299315,26.68621700879765
2.7121053268107147,26.71308171491389
2.713312500309454,26.73992673992674
2.7133707288643953,26.73992673992674
2.7133811770240435,26.73992673992674
2.714487837583583,26.73992673992674
2.7148730252707614,26.73992673992674
2.7154726277463737,26.766752105455875
2.7159949740126326,26.766752105455875
2.717311743385857,26.766752105455875
2.7175550413682723,26.766752105455875
2.718216244946615,26.79355783308931
2.7185083021141634,26.79355783308931
2.718677318114797,26.79355783308931
2.7186828958287244,26.79355783308931
2.7190260793648764,26.820343944383463
2.7192535934975,26.820343944383463
2.719333103177796,26.820343944383463
2.7193880127852714,26.847110460863206
2.721387650477391,26.847110460863206
2.7214834236135577,26.847110460863206
2.7220020785159895,26.87385740402194
2.72207017294662,26.87385740402194
2.7223016252283014,26.87385740402194
2.722501724213438,26.87385740402194
2.7230389519269464,26.87385740402194
2.7245173332526527,26.87385740402194
2.725175731370993,26.900584795321635
2.72535445956688,26.900584795321635
2.72540539523113,26.900584795321635
2.72551899618916,26.927292656192915
2.7270343333608738,26.927292656192915
2.7273225627548316,26.95398100803506
2.727397085612169,26.98064987221614
2.7286547730936013,27.00729927007299
2.7286784729174975,27.00729927007299
2.729356947905979,27.033929222911347
2.730457465849345,27.060539752005834
2.730568560927785,27.060539752005834
2.730983999127523,27.087130878600075
2.7311536530308245,27.113702623906704
2.731583967892112,27.140255009107467
2.7325307397211813,27.16678805535324
2.732555718882926,27.16678805535324
2.732707803618487,27.193301783764106
2.733483119867872,27.193301783764106
2.7338159058069094,27.219796215429405
2.7343753976010032,27.219796215429405
2.7347811867339615,27.219796215429405
2.735225156115731,27.219796215429405
2.735601766534964,27.219796215429405
2.735967251046548,27.219796215429405
2.736135394152311,27.246271371407783
2.736679078501147,27.246271371407783
2.7369351766598067,27.246271371407783
2.7371865513618587,27.246271371407783
2.737348760611408,27.27272727272727
2.7373981042780002,27.27272727272727
2.737739301068647,27.299163940385313
2.738670403564521,27.325581395348834
2.7391814318851564,27.351979658554303
2.739223237383271,27.351979658554303
2.7410651075336356,27.351979658554303
2.741228908101756,27.378358750907772
2.742859731944659,27.378358750907772
2.74314494482109,27.404718693284934
2.7438204657384073,27.404718693284934
2.744078166022954,27.431059506531202
2.744232884797729,27.431059506531202
2.7444914833038476,27.431059506531202
2.744879540256548,27.431059506531202
2.7450475564464796,27.457381211461733
2.7451112960533526,27.457381211461733
2.74625217465205,27.483683828861494
2.7462754578978283,27.509967379485325
2.747338693104415,27.509967379485325
2.74762254966704,27.536231884057973
2.7483892851059606,27.562477363274173
2.7494629540552533,27.588703837798693
2.7498856451668483,27.614911328266377
2.7506726843004894,27.641099855282196
2.751711671723481,27.66726943942134
2.751890453994398,27.69342010122921
2.7527228997995916,27.719551861221543
2.7535242104497923,27.719551861221543
2.7536506202167432,27.719551861221543
2.7541209225208405,27.74566473988439
2.7545682767053736,27.771758757674252
2.7559894951674098,27.79783393501805
2.755989940343937,27.823890292313248
2.7565762930241657,27.823890292313248
2.7566318980293216,27.823890292313248
2.75732271967563,27.823890292313248
2.758313161082869,27.823890292313248
2.758507788818387,27.84992784992785
2.7585519153845683,27.875946628200506
2.759164104702911,27.875946628200506
2.7595850625084686,27.875946628200506
2.761138738382214,27.901946647440518
2.7618422369562032,27.901946647440518
2.7626805751865606,27.927927927927925
2.762826551695641,27.953890489913547
2.762832271401439,27.953890489913547
2.7628366281831442,27.979834353619015
2.7628948786649095,28.005759539236863
2.7629086780074035,28.005759539236863
2.7635870655501127,28.031666066930548
2.7638351381201454,28.031666066930548
2.7642065700209018,28.031666066930548
2.7644825751017796,28.031666066930548
2.7654883882999175,28.031666066930548
2.765595840864037,28.05755395683453
2.7658176387817766,28.05755395683453
2.7664081460815297,28.05755395683453
2.7669703746575185,28.0834232290543
2.7676736084064357,28.0834232290543
2.767784960501064,28.0834232290543
2.7679797318718533,28.109273903666427
2.768125703361739,28.13510600071865
2.768153122600605,28.160919540229884
2.7685248743121416,28.160919540229884
2.768703027050801,28.186714542190305
2.768844021706123,28.212491026561377
2.76932964350752,28.212491026561377
2.770003502361129,28.238249013275922
2.77092486938567,28.263988522238165
2.7715984033188974,28.289709573323773
2.7724082898856572,28.289709573323773
2.7724089370271052,28.289709573323773
2.772517332102087,28.31541218637993
2.7737407254147373,28.31541218637993
2.773962290594461,28.341096381225366
2.774088209798264,28.36676217765043
2.774780280226397,28.36676217765043
2.775942746847778,28.36676217765043
2.7760602044927514,28.36676217765043
2.7760778298373006,28.392409595417114
2.7768870048169285,28.418038654259124
2.777073638018865,28.44364937388193
2.7775315877093205,28.44364937388193
2.7780474610154577,28.44364937388193
2.7787925292176228,28.44364937388193
2.779092714606456,28.469241773962807
2.779423560626614,28.469241773962807
2.779444437525152,28.494815874150873
2.779740294501058,28.494815874150873
2.779807002116495,28.520371694067194
2.7803032154655227,28.520371694067194
2.780523626078189,28.520371694067194
2.7811994151592527,28.545909253304753
2.7820032604241574,28.57142857142857
2.78254294368499,28.596929667975722
2.783023927100836,28.62241256245539
2.783695180396733,28.62241256245539
2.783722444440783,28.64787727434891
2.7848653676859185,28.673323823109843
2.7849414392531275,28.698752228163993
2.785436999904858,28.72416250890948
2.785440780661754,28.72416250890948
2.7855038673860535,28.749554684716777
2.7858867371834104,28.749554684716777
2.7862510015222726,28.774928774928775
2.7884543509489914,28.800284798860805
2.7884713972537583,28.800284798860805
2.790333830699045,28.825622775800714
2.7909890000867423,28.825622775800714
2.791677027306601,28.825622775800714
2.7919615256386403,28.850942725008892
2.7930350049523516,28.850942725008892
2.7931989440709777,28.850942725008892
2.793332368087315,28.87624466571835
2.7934275051019606,28.87624466571835
2.7935388520938504,28.87624466571835
2.793712718830863,28.90152861713473
2.7942696744834854,28.926794598436388
2.79444510642768,28.926794598436388
2.7952925055543147,28.926794598436388
2.7956484576929297,28.95204262877442
2.796347102273344,28.95204262877442
2.797220702972499,28.97727272727273
2.7982375471901264,29.00248491302804
2.7987877831106402,29.00248491302804
2.7988418127126717,29.027679205110008
2.7989371910570777,29.027679205110008
2.7995669865070987,29.05285562256119
2.8008344636022398,29.078014184397162
2.8009502887409887,29.078014184397162
2.801207374413209,29.10315490960652
2.801638120813378,29.128277817150956
2.801848667174889,29.15338292596529
2.802438968051736,29.15338292596529
2.802623903514142,29.178470254957507
2.8026772957039054,29.20353982300885
2.8028240626253527,29.22859164897382
2.8028465006967673,29.22859164897382
2.8030568261145743,29.22859164897382
2.80398639935747,29.25362575168023
2.805011971337549,29.25362575168023
2.806009252159697,29.27864214992928
2.806052528678199,29.27864214992928
2.806121856329731,29.303640862495584
2.8063036804828907,29.328621908127207
2.8063493785647737,29.328621908127207
2.806755153625991,29.328621908127207
2.806922703616815,29.353585305545742
2.807042786133968,29.37853107344633
2.807072237595738,29.37853107344633
2.8074479945493667,29.37853107344633
2.8079976837240928,29.37853107344633
2.808017096035638,29.37853107344633
2.8085098676032487,29.40345923049771
2.8085223227059095,29.40345923049771
2.8088169351377332,29.40345923049771
2.809008774841828,29.40345923049771
2.8091261569166996,29.40345923049771
2.810132146793058,29.428369795342274
2.810896332042059,29.428369795342274
2.811631102075985,29.428369795342274
2.811637594759174,29.428369795342274
2.812176791502543,29.453262786596117
2.8131291367505558,29.453262786596117
2.8136572633784005,29.478138222849083
2.8138178503544125,29.478138222849083
2.8146932541599656,29.502996122664786
2.8153763797378386,29.52783650458069
2.8153974495758414,29.552659387108136
2.8168208124667644,29.577464788732392
2.816998360964129,29.577464788732392
2.817277670935816,29.60225272791271
2.8174096672172912,29.62702322308234
2.8183185134151048,29.62702322308234
2.8185200612843966,29.651776292648613
2.818844871832036,29.676511954992968
2.819418345074686,29.676511954992968
2.819506585696383,29.676511954992968
2.8207763521224805,29.676511954992968
2.8212188671652445,29.701230228471005
2.821790484406602,29.72593113141251
2.8224352159966806,29.75061468212153
2.822632573078699,29.75061468212153
2.8231197200422895,29.775280898876407
2.8235075327352996,29.775280898876407
2.8237831795732267,29.775280898876407
2.8237910403379476,29.775280898876407
2.823964191989164,29.775280898876407
2.824166178511757,29.775280898876407
2.8244853787017163,29.799929799929796
2.8252232781867597,29.799929799929796
2.8252344524389774,29.799929799929796
2.8255678323941464,29.799929799929796
2.825584341879558,29.799929799929796
2.82583212045893,29.799929799929796
2.82588063285154,29.799929799929796
2.826392148814889,29.799929799929796
2.827531049475683,29.799929799929796
2.827795560955504,29.799929799929796
2.827903706819606,29.799929799929796
2.828215612991808,29.82456140350877
2.8287822813021655,29.82456140350877
2.828853181961167,29.82456140350877
2.829173051475126,29.82456140350877
2.8294427020364505,29.849175727814803
2.829543152549384,29.873772791023846
2.829610908638502,29.873772791023846
2.8297825719061582,29.873772791023846
2.8305059897377665,29.873772791023846
2.830656692294451,29.898352611286366
2.8311369945374247,29.922915206727403
2.831188397877097,29.947460595446586
2.8313609793470147,29.971988795518207
2.831691015090844,29.971988795518207
2.832833044452992,29.99649982499125
2.834052738961896,29.99649982499125
2.8344381360715882,29.99649982499125
2.83470177830017,30.02099370188943
2.8347221459960337,30.02099370188943
2.8355797022884746,30.02099370188943
2.835777629022218,30.045470444211265
2.836639981399958,30.045470444211265
2.836829202120094,30.045470444211265
2.836882367221974,30.069930069930066
2.8369216176080316,30.094372596994056
2.8370146536532137,30.094372596994056
2.8371134251125008,30.118798043326343
2.837190642265507,30.14320642682501
2.8371920364704413,30.14320642682501
2.837410675694672,30.14320642682501
2.8376865615484066,30.14320642682501
2.837707678250052,30.14320642682501
2.8378241385780667,30.14320642682501
2.8384423967590706,30.16759776536313
2.8388362060792804,30.16759776536313
2.839146390279371,30.19197207678883
2.8393393730739294,30.216329378925334
2.8394508306461947,30.216329378925334
2.8398751375740887,30.216329378925334
2.840208402338821,30.216329378925334
2.840237745290527,30.216329378925334
2.8402386342610293,30.216329378925334
2.840365936896187,30.240669689570982
2.8406677766744575,30.240669689570982
2.841228151473153,30.264993026499305
2.841691785489406,30.264993026499305
2.8429412939420335,30.264993026499305
2.8429709184162077,30.289299407459048
2.8431098758149735,30.313588850174217
2.8434236484335913,30.313588850174217
2.8436601882835135,30.337861372344133
2.843893330788778,30.337861372344133
2.8448062027080794,30.362116991643457
2.8457017861298137,30.386355725722243
2.8464707119116857,30.386355725722243
2.8469802825456707,30.410577592205986
2.8470027580043293,30.410577592205986
2.84722187908059,30.410577592205986
2.847340262163726,30.434782608695656
2.847497058098041,30.434782608695656
2.8481022015423707,30.45897079276773
2.848574990644917,30.483142161974282
2.8486937343430814,30.483142161974282
2.8491266006170095,30.483142161974282
2.8492983603652404,30.483142161974282
2.8500322323035707,30.50729673384295
2.8503434534685517,30.53143452587704
2.8506583654688296,30.53143452587704
2.8508501555932195,30.555555555555557
2.8523160226198065,30.579659840333218
2.8537283829986047,30.60374739764053
2.8539389297447735,30.60374739764053
2.854111885796554,30.60374739764053
2.8545541858877606,30.6278182448838
2.8550904925213585,30.6278182448838
2.8553004442016845,30.6278182448838
2.855738107632216,30.651872399445214
2.8566361410436514,30.675909878682845
2.8567173411656475,30.675909878682845
2.8570393569562706,30.675909878682845
2.857355775783864,30.6999306999307
2.8582596359713848,30.72393488049879
2.8583201543407797,30.747922437673132
2.858645208954896,30.77189338871582
2.858676642735422,30.79584775086505
2.8593237984044464,30.79584775086505
2.8598985120606564,30.79584775086505
2.8606584875295633,30.819785541335175
2.860719923367567,30.843706777316736
2.860825363735812,30.843706777316736
2.861196960242588,30.867611475976496
2.8612802640952464,30.891499654457498
2.8621043793041103,30.915371329879104
2.862768731103951,30.939226519337016
2.8627766370979253,30.963065239903347
2.8629311651933116,30.986887508626637
2.8640556730035183,31.01069334253191
2.8642917315004643,31.03448275862069
2.8659213092778857,31.03448275862069
2.866381714301781,31.05825577387108
2.866443225216599,31.08201240523777
2.866901982382744,31.08201240523777
2.8681840642950367,31.08201240523777
2.8684716917174318,31.08201240523777
2.8687015890218,31.10575266965208
2.868751589506695,31.129476584022036
2.868891120214323,31.153184165232357
2.8694789156376546,31.153184165232357
2.869850970086369,31.153184165232357
2.870188132484793,31.17687543014453
2.8701945618006066,31.17687543014453
2.870307342652928,31.17687543014453
2.871017854903865,31.17687543014453
2.871106741050437,31.20055039559684
2.8712145372978357,31.224209078404403
2.871263474346193,31.24785149535923
2.8713298698274956,31.24785149535923
2.871506596876962,31.24785149535923
2.871950301093973,31.24785149535923
2.87241491525081,31.24785149535923
2.873026209030948,31.27147766323024
2.873111496491409,31.29508759876331
2.874026126805577,31.318681318681318
2.8750164507344014,31.318681318681318
2.8752474212188086,31.318681318681318
2.8753926565668073,31.342258839684174
2.8756637939217886,31.342258839684174
2.8762256572372498,31.365820178448867
2.876921619679897,31.365820178448867
2.877073546245109,31.3893653516295
2.877077803551836,31.412894375857338
2.8787904975311314,31.412894375857338
2.878983490327395,31.412894375857338
2.8792564689825575,31.412894375857338
2.879323463699451,31.412894375857338
2.8794268050125695,31.412894375857338
2.8806240588191097,31.43640726774083
2.880859097250364,31.45990404386566
2.8809884310130762,31.45990404386566
2.8811801919758335,31.483384720794795
2.881432180346191,31.506849315068493
2.882221230691528,31.506849315068493
2.8823264971646383,31.506849315068493
2.882331671781759,31.53029784320438
2.8824198311432463,31.553730321697465
2.8824681361205617,31.553730321697465
2.882731272894218,31.553730321697465
2.882845085197458,31.553730321697465
2.884275844010695,31.553730321697465
2.8847775825035913,31.577146767020185
2.884830588746893,31.577146767020185
2.885059544844064,31.577146767020185
2.885162720512827,31.600547195622436
2.885717222132282,31.62393162393162
2.8857830410685263,31.647300068352703
2.885999092835222,31.647300068352703
2.887192086859309,31.647300068352703
2.8878521263255963,31.647300068352703
2.8879794143639073,31.67065254526819
2.888642182046025,31.693989071038253
2.8889673874719795,31.71730966200068
2.8901776239711605,31.74061433447099
2.890306501463095,31.74061433447099
2.8911432994749355,31.763903104742408
2.8911675345259638,31.763903104742408
2.8913167925121868,31.763903104742408
2.8914833313062687,31.78717598908595
2.892075307874821,31.810433003750425
2.8932038325975182,31.83367416496251
2.893230357196096,31.85689948892675
2.8940356694239395,31.85689948892675
2.894424590199585,31.85689948892675
2.8944418843298334,31.85689948892675
2.894599849455084,31.85689948892675
2.894914443843793,31.85689948892675
2.8964486738675923,31.88010899182561
2.896727772944341,31.88010899182561
2.8967448608091866,31.903302689819547
2.8968683803802895,31.903302689819547
2.897334854895782,31.926480599046968
2.8976640583606854,31.949642735624362
2.8976695323216117,31.949642735624362
2.8976846897901534,31.97278911564626
2.8977239792205047,31.97278911564626
2.897925467996376,31.99591975518531
2.8982702020113007,31.99591975518531
2.8986949008973966,32.01903467029232
2.8989004708056174,32.04213387699627
2.899219169747125,32.04213387699627
2.8994678296748155,32.065217391304344
2.900132415333665,32.065217391304344
2.9009106874775825,32.088285229202036
2.9009427022123786,32.088285229202036
2.9016697603801203,32.088285229202036
2.9018791286884404,32.11133740665309
2.902072111340104,32.11133740665309
2.902334905878511,32.11133740665309
2.9032455015611403,32.13437393959959
2.9049258563887235,32.13437393959959
2.9050625922758537,32.13437393959959
2.9051609424500113,32.13437393959959
2.9058923004895636,32.15739484396201
2.9059447082515413,32.15739484396201
2.906166403072377,32.180400135639196
2.9066102605938346,32.180400135639196
2.9067010960617496,32.180400135639196
2.9080159440070137,32.180400135639196
2.908935687320223,32.20338983050847
2.909096385254556,32.226363944425614
2.909356993181501,32.226363944425614
2.9094190304442242,32.24932249322493
2.909431380807956,32.24932249322493
2.910588867103508,32.24932249322493
2.9109531134916975,32.27226549271927
2.9109814886959424,32.27226549271927
2.9114747903944505,32.29519295870007
2.9116211960865486,32.29519295870007
2.911935735769318,32.31810490693739
2.9121987233146482,32.31810490693739
2.912665691917015,32.31810490693739
2.913397082402133,32.34100135317997
2.9135941812427144,32.34100135317997
2.9139761909420065,32.34100135317997
2.9140804674761136,32.36388231315522
2.9141397192147216,32.3867478025693
2.9150321746066785,32.3867478025693
2.9152645293855515,32.40959783710713
2.9158490108283166,32.432432432432435
2.9159470935727567,32.432432432432435
2.9161350616655546,32.45525160418777
2.916822667510518,32.45525160418777
2.9175285067587065,32.4780553679946
2.917680102612449,32.4780553679946
2.9180311041814515,32.50084373945326
2.9180796715278876,32.523616734143054
2.9182877998918975,32.523616734143054
2.9185609211313204,32.54637436762226
2.919613311406102,32.56911665542819
2.919634339988954,32.59184361307718
2.9197396997972307,32.59184361307718
2.920060627208195,32.59184361307718
2.9204533124349608,32.59184361307718
2.920705352815804,32.61455525606469
2.921234283876763,32.63725159986527
2.9213012553948157,32.659932659932664
2.921539356504087,32.68259845169976
2.9221923239510383,32.70524899057873
2.9225174826941784,32.70524899057873
2.923050862234566,32.72788429196098
2.923324264015545,32.75050437121722
2.9233398076658084,32.75050437121722
2.9249972565827984,32.773109243697476
2.925178877976425,32.795698924731184
2.925179154725422,32.795698924731184
2.9252146658138822,32.795698924731184
2.9255480624429766,32.795698924731184
2.9262110406466295,32.795698924731184
2.926592462022601,32.795698924731184
2.927557247541968,32.81827342962714
2.927567143014825,32.81827342962714
2.9292635012811785,32.81827342962714
2.9298059094822917,32.840832773673604
2.929922967280311,32.863376972138305
2.9299844172903122,32.88590604026846
2.9305010650593353,32.90841999329084
2.930535872392547,32.90841999329084
2.9308246952756107,32.93091884641181
2.9308771135878704,32.93091884641181
2.9310575288477767,32.93091884641181
2.931715487760174,32.93091884641181
2.931923116490621,32.93091884641181
2.932159521517488,32.93091884641181
2.932197365849479,32.93091884641181
2.932413322904428,32.93091884641181
2.933769059598152,32.95340261481729
2.9341649283512834,32.95340261481729
2.93615570226343,32.95340261481729
2.9367007498970286,32.975871313672926
2.9368377770850302,32.975871313672926
2.9374973679343626,32.975871313672926
2.9377929953076802,32.99832495812395
2.9384461226683913,32.99832495812395
2.939257255365456,33.02076356329538
2.9392990573993325,33.04318714429193
2.941031132481401,33.04318714429193
2.941127075567004,33.065595716198125
2.941830810540089,33.065595716198125
2.941912690551103,33.065595716198125
2.9419874607000924,33.065595716198125
2.942493626706816,33.087989294078284
2.9430301519515814,33.087989294078284
2.943058000156848,33.11036789297659
2.943439595649243,33.13273152791709
2.9434466877445367,33.155080213903744
2.9440784066802443,33.155080213903744
2.9442239844168254,33.17741396592048
2.9442411258962498,33.17741396592048
2.9446829581815446,33.17741396592048
2.9447843843226393,33.199732798931194
2.9452596254806447,33.199732798931194
2.9454058642365366,33.199732798931194
2.9465739307364083,33.2220367278798
2.9472585685283175,33.2220367278798
2.9479253502501463,33.244325767690256
2.9479379164216923,33.2665999332666
2.9485054111932745,33.2665999332666
2.9487198930718677,33.28885923949299
2.9489198161326455,33.28885923949299
2.948954627612538,33.31110370123375
2.9491366226702374,33.33333333333333
2.9495150275222084,33.35554815061646
2.949991568552428,33.37774816788808
2.9507528677777914,33.37774816788808
2.9514136275513465,33.3999333999334
2.9516251580073907,33.422103861517975
2.951852344961392,33.422103861517975
2.952169437106129,33.422103861517975
2.9522494953353324,33.44425956738768
2.952911486227211,33.4664005322688
2.9529611142941903,33.4664005322688
2.953299362925942,33.4664005322688
2.9538583450035842,33.48852677086798
2.954027306295945,33.48852677086798
2.9545205266448127,33.48852677086798
2.9556761853903137,33.48852677086798
2.956717523512962,33.48852677086798
2.957265422689701,33.51063829787234
2.9574295422395327,33.532735127949486
2.9574636901165614,33.5548172757475
2.9575883742150273,33.57688475589505
2.957945354319216,33.59893758300132
2.9581757088812557,33.59893758300132
2.9581960461881325,33.620975771656155
2.95847732748048,33.620975771656155
2.958517135872046,33.620975771656155
2.9591126245895634,33.64299933642999
2.9592928549304793,33.66500829187397
2.9593523077633175,33.687002652519894
2.9594240588058165,33.70898243288035
2.9599386756701542,33.73094764744864
2.9599864507627394,33.73094764744864
2.960694224388434,33.75289831069891
2.9609943889566273,33.75289831069891
2.961136506960326,33.77483443708609
2.9615263040901096,33.79675604104601
2.9619176872909727,33.81866313699537
2.962951148897158,33.84055573933179
2.963259914465922,33.84055573933179
2.963357275369543,33.86243386243386
2.9634240467025665,33.88429752066116
2.9641882127737302,33.88429752066116
2.9642395401479202,33.906146728354265
2.9645074357271786,33.906146728354265
2.965782876265784,33.906146728354265
2.965831427186357,33.906146728354265
2.966583958286628,33.92798149983482
2.9668473396421504,33.92798149983482
2.9671165512550908,33.949801849405546
2.967641327890258,33.949801849405546
2.968216186688808,33.97160779135028
2.9687083477610448,33.97160779135028
2.969126338783239,33.993399339933994
2.969133174935987,34.01517650940284
2.970122052605658,34.03693931398417
2.9702940396296036,34.03693931398417
2.9715533011569564,34.03693931398417
2.971791994607872,34.05868776788658
2.9722772733826552,34.05868776788658
2.9727890307401728,34.080421885299934
2.9732530190161177,34.102141680395384
2.9740092838275842,34.102141680395384
2.9743711091371563,34.102141680395384
2.974391210718575,34.12384716732543
2.9745751578236623,34.12384716732543
2.974603730583704,34.1455383602239
2.9748866339726026,34.16721527320606
2.9750635345023775,34.16721527320606
2.975816699792958,34.16721527320606
2.976588015325652,34.18887792036854
2.978539121239212,34.18887792036854
2.9785529888025266,34.21052631578947
2.9789811546683937,34.232160473528445
2.979707693366511,34.25378040762656
2.979876914095937,34.27538613210647
2.981002207252191,34.2969776609724
2.9813127326918103,34.2969776609724
2.981434684798161,34.31855500821018
2.981476955735601,34.31855500821018
2.9816028641863994,34.31855500821018
2.9818930856355657,34.31855500821018
2.9822421711157094,34.34011818778726
2.9827542165371295,34.36166721365277
2.9832054782807047,34.38320209973753
2.9839730945496292,34.404722859954084
2.984400013682029,34.42622950819672
2.9846863785903928,34.42622950819672
2.986233609258422,34.42622950819672
2.9865502968224598,34.447722058341526
2.986719821034031,34.447722058341526
2.986968593597111,34.469200524246396
2.98795555405585,34.49066491975106
2.9891322034370718,34.49066491975106
2.989135194797782,34.49066491975106
2.989460528765412,34.51211525867714
2.9899672807970137,34.53355155482815
2.9901307556142886,34.55497382198953
2.990271754602113,34.55497382198953
2.990459500493118,34.55497382198953
2.9909425876757654,34.57638207392869
2.9911011032378583,34.59777632439503
2.9911973818481497,34.619156587119974
2.9914693199862485,34.64052287581699
2.9924246353647463,34.64052287581699
2.9939891359752475,34.66187520418164
2.9940430006847327,34.66187520418164
2.9941974856381948,34.66187520418164
2.994383286675119,34.68321358589158
2.994904148916347,34.7045380346066
2.9954960691604513,34.72584856396867
2.99564272744484,34.74714518760196
2.9958285851616835,34.768427919112845
2.995945305310888,34.78969677208999
2.9959680699049045,34.78969677208999
2.996029180373201,34.8109517601043
2.996763839078808,34.832192896709024
2.996792560067023,34.832192896709024
2.997315554019259,34.85342019543974
2.9977994282396643,34.87463366981439
2.9980423606504267,34.87463366981439
2.998142899190277,34.89583333333333
2.998257048673802,34.91701919947934
2.998406863007527,34.938191281717636
2.9985900411614015,34.938191281717636
2.998935489256888,34.938191281717636
2.9989663372412583,34.938191281717636
2.9992921252008977,34.938191281717636
2.9993769812629343,34.938191281717636
2.9994576776986417,34.938191281717636
2.9999829641615836,34.938191281717636
3.0010877129246367,34.938191281717636
3.0012768972323607,34.938191281717636
3.0013235865656323,34.959349593495936
3.0018385201581177,34.980494148244475
3.0018806500729687,34.980494148244475
3.002113322017184,35.00162495937602
3.0021462433799133,35.00162495937602
3.0023007412049494,35.0227420402859
3.0023656479072565,35.04384540435206
3.0032231914419443,35.064935064935064
3.0033365481387317,35.064935064935064
3.0036970573835258,35.08601103537812
3.0037606157099885,35.107073329007136
3.0041579321642082,35.128121959130716
3.004488001398623,35.1491569390402
3.005779775902988,35.17017828200972
3.0063847768943175,35.191186001296174
3.0065091081060893,35.21218011013929
3.0066741640333454,35.233160621761655
3.0070678134953597,35.233160621761655
3.007486549993477,35.233160621761655
3.00782904880428,35.233160621761655
3.009037083137803,35.233160621761655
3.0094362655901854,35.233160621761655
3.0102077334687714,35.25412754936873
3.0103006707991415,35.275080906148865
3.0110283664618542,35.29602070527337
3.0110901352989186,35.316946959896505
3.011499574178795,35.337859683155514
3.0118192272854145,35.358758888170655
3.0121232127911446,35.358758888170655
3.0121556342438103,35.358758888170655
3.0121583961589207,35.37964458804523
3.0123603773627035,35.400516795865634
3.01304838202653,35.421375524701325
3.013268269772484,35.4422207876049
3.013762112727859,35.46305259761213
3.013910560908602,35.483870967741936
3.014169138308888,35.483870967741936
3.0143079758979443,35.504675910996454
3.0148166222069017,35.525467440361055
3.016177464366025,35.525467440361055
3.0162826059546703,35.54624556880439
3.0163049881195225,35.56701030927835
3.0165392384626135,35.5877616747182
3.0166646092257676,35.5877616747182
3.0170018125190197,35.6084996780425
3.01712277313903,35.6084996780425
3.0176909188430607,35.6292243321532
3.0177420703938553,35.64993564993565
3.017924445820914,35.6706336442586
3.0180447591757487,35.69131832797427
3.018178645979607,35.69131832797427
3.018414974638994,35.71198971391835
3.0189097133455967,35.71198971391835
3.0189128545155737,35.71198971391835
3.019086228858048,35.71198971391835
3.019204569927019,35.71198971391835
3.0196998224524076,35.732647814910024
3.0206912949519062,35.732647814910024
3.0211465624700202,35.75329264375201
3.021805182250765,35.77392421323057
3.022259404355763,35.79454253611557
3.0228586272557134,35.79454253611557
3.0230616662695198,35.815147625160456
3.023143488289266,35.815147625160456
3.023207184843833,35.815147625160456
3.0235620452531617,35.835739493102345
3.0243816624601623,35.835739493102345
3.02440768667445,35.85631815266196
3.0252097987575572,35.876883616543765
3.025285769112603,35.876883616543765
3.0254244499386997,35.8974358974359
3.025869602143926,35.8974358974359
3.026294859383503,35.91797500801025
3.026377850009433,35.91797500801025
3.0265999464192954,35.93850096092249
3.026673497616228,35.93850096092249
3.027238377890501,35.93850096092249
3.0275971207585664,35.93850096092249
3.0276441689743665,35.93850096092249
3.028165159451491,35.959013768812035
3.0281667575561144,35.959013768812035
3.028200919600593,35.97951344430218
3.02830859804403,36.0
3.028775126676792,36.02047344849648
3.0290010986778313,36.02047344849648
3.029948048895405,36.04093380236649
3.030424871511278,36.04093380236649
3.0305792849903512,36.0613810741688
3.0307277042359124,36.08181527644615
3.0308493231007843,36.08181527644615
3.030982020255472,36.102236421725244
3.0312307599262254,36.122644522516765
3.0315833300608523,36.14303959131545
3.0316370335277125,36.16342164060006
3.0317111429767367,36.18379068283344
3.032527843149074,36.20414673046252
3.032581016385642,36.20414673046252
3.033347788871203,36.224489795918366
3.0336946326153553,36.224489795918366
3.033843657287061,36.244819891616196
3.0341801853440975,36.244819891616196
3.0343536982158668,36.244819891616196
3.0346864207124966,36.26513702995538
3.034897879985581,36.28544122331953
3.0360600019039308,36.28544122331953
3.03607367778993,36.28544122331953
3.0361150133173584,36.30573248407643
3.0362305530274045,36.30573248407643
3.0364281246973452,36.32601082457816
3.0366623531808083,36.346276257161044
3.0368429286745684,36.346276257161044
3.0369544116817258,36.36652879414572
3.0373819317711304,36.36652879414572
3.0374946785322305,36.38676844783715
3.037871690656573,36.40699523052464
3.037895982178803,36.40699523052464
3.0385106581800043,36.42720915448188
3.03859087046543,36.447410231966956
3.039248774420372,36.447410231966956
3.0393011072428258,36.46759847522236
3.039546965390796,36.487773896475076
3.0400177244652857,36.507936507936506
3.040225153379332,36.5280863218026
3.040501696400019,36.5280863218026
3.0413903691241604,36.54822335025381
3.0421003500613355,36.54822335025381
3.0425434018301067,36.54822335025381
3.0427434619683695,36.56834760545512
3.0430269078131316,36.56834760545512
3.043756633138611,36.56834760545512
3.0443268643881334,36.58845909955612
3.044390362069909,36.608557844690964
3.044682819532362,36.628643852978456
3.0450308609559116,36.648717136522016
3.045134696781357,36.66877770740975
3.0452792149537986,36.66877770740975
3.0452827998113157,36.68882557771447
3.045751105684883,36.68882557771447
3.0460674387690503,36.68882557771447
3.0460889901489767,36.68882557771447
3.046953501390909,36.68882557771447
3.047099962172254,36.708860759493675
3.0473158505989937,36.708860759493675
3.047667999694479,36.708860759493675
3.0478471537049425,36.708860759493675
3.0479694816505205,36.72888326478962
3.0481860148317885,36.72888326478962
3.0485226470675824,36.72888326478962
3.0493074094703676,36.72888326478962
3.049818794236649,36.72888326478962
3.0498408613606185,36.72888326478962
3.0504422645743228,36.72888326478962
3.0507147325074953,36.74889310562935
3.0507497872840847,36.74889310562935
3.0514965779116534,36.74889310562935
3.052473916563343,36.74889310562935
3.052675623506907,36.74889310562935
3.0527446973697634,36.76889029402466
3.0542269249111342,36.78887484197219
3.054523774035989,36.808846761453395
3.05470170114872,36.808846761453395
3.054981122909263,36.828806064434616
3.0553781599227365,36.828806064434616
3.055946501905298,36.828806064434616
3.0561291727769646,36.828806064434616
3.0561460954657034,36.828806064434616
3.056218260958077,36.848752762867065
3.056265814030256,36.868686868686865
3.0564528450210955,36.868686868686865
3.0564528746487376,36.88860839381508
3.0567305910491163,36.90851735015773
3.0569268852676657,36.9284137496058
3.0571050732949088,36.9284137496058
3.057738689804438,36.948297604035304
3.0577857565255457,36.96816892530728
3.0578038196842336,36.988027725267806
3.05794358656195,37.00787401574803
3.0581198206146074,37.00787401574803
3.058209520401942,37.02770780856423
3.059242791363419,37.04752911551778
3.059254983670497,37.04752911551778
3.059349738253469,37.06733794839522
3.0593789690568487,37.08713431896823
3.0594639863345856,37.10691823899371
3.0595887337630283,37.10691823899371
3.060191014965909,37.10691823899371
3.0604804759315827,37.10691823899371
3.061752657221883,37.12668972021377
3.0617550645822678,37.12668972021377
3.061778458596326,37.12668972021377
3.0618509120510895,37.12668972021377
3.0620728032920628,37.12668972021377
3.0620876220078634,37.12668972021377
3.062187233101206,37.12668972021377
3.062594945719353,37.12668972021377
3.062782895073943,37.14644877435575
3.0629439885993177,37.14644877435575
3.0635778780201934,37.166195413132264
3.063701277371051,37.185929648241206
3.0637237663710915,37.20565149136578
3.0638160973398723,37.20565149136578
3.0639530107035213,37.22536095417451
3.0642223999000255,37.22536095417451
3.0642943129981144,37.22536095417451
3.0651637591676315,37.22536095417451
3.0651752672285975,37.22536095417451
3.06544999798871,37.245058048321305
3.0654867187773953,37.245058048321305
3.0661825240355736,37.245058048321305
3.0663029495015945,37.26474278544542
3.067085693851881,37.26474278544542
3.067252037725378,37.284415177171525
3.067398659892789,37.284415177171525
3.0676806942921258,37.284415177171525
3.068219098242839,37.284415177171525
3.0685989764968062,37.284415177171525
3.068615693332519,37.284415177171525
3.0687595428691075,37.30407523510972
3.068890105307414,37.323722970855535
3.0693372231338576,37.323722970855535
3.0693582698229274,37.323722970855535
3.06939063926103,37.323722970855535
3.069557777584079,37.323722970855535
3.0697511647535176,37.34335839598997
3.0704781234531913,37.34335839598997
3.0707098070657217,37.362981522079544
3.0708135921489825,37.38259236067627
3.0709563245449703,37.40219092331768
3.0711149627563192,37.42177722152691
3.0712716986443667,37.42177722152691
3.0714190080578216,37.44135126681264
3.071755953803176,37.460913070669164
3.072750887535075,37.48046264457643
3.0732392282009555,37.48046264457643
3.0734478481142116,37.48046264457643
3.0736992091259054,37.5
3.073879101377347,37.519525148391125
3.073955582443478,37.519525148391125
3.0740562822708037,37.519525148391125
3.075003847031574,37.539038101186755
3.0751507248943817,37.55853886980955
3.075341325266825,37.55853886980955
3.075413066621698,37.578027465667915
3.075748140558738,37.597503900156006
3.0760027769680978,37.61696818465378
3.076006166782165,37.636420330526974
3.0760383239437132,37.636420330526974
3.0762491051938508,37.65586034912718
3.0763527919829055,37.675288251791834
3.0767136494525027,37.675288251791834
3.077015478100711,37.675288251791834
3.0772024129898807,37.69470404984423
3.0779849582453425,37.714107754593584
3.0783956709838645,37.733499377334994
3.078658451122123,37.752878929349514
3.079257367913892,37.77224642190417
3.0792974527669195,37.791601866251945
3.0793660275952828,37.791601866251945
3.079632594589843,37.791601866251945
3.0798147608192843,37.81094527363184
3.0798217431438175,37.83027665526888
3.079976494870469,37.83027665526888
3.080145687798372,37.84959602237414
3.080261830604742,37.868903386144765
3.0804318195325964,37.868903386144765
3.08140404594575,37.88819875776397
3.081449376797976,37.88819875776397
3.0818221458402193,37.907482148401115
3.0818907412068324,37.92675356921167
3.0822544794358873,37.94601303133726
3.0827264609466547,37.94601303133726
3.0833409987725338,37.96526054590571
3.0835595894897434,37.98449612403101
3.084647244199535,38.00371977681339
3.0854982204275063,38.00371977681339
3.0858300732043333,38.00371977681339
3.0861933937222688,38.02293151533932
3.0862664701880913,38.02293151533932
3.086403375016222,38.04213135068154
3.0869004062771714,38.06131929389904
3.087357503373439,38.080495356037154
3.0879803854223153,38.080495356037154
3.088187966543056,38.09965954812751
3.088479795605952,38.09965954812751
3.088894098043536,38.11881188118812
3.088992670006135,38.11881188118812
3.0892423412163796,38.137952366223324
3.08983918876957,38.15708101422387
3.08991304205609,38.15708101422387
3.0903261872672663,38.17619783616693
3.092047225707294,38.17619783616693
3.0927526523240103,38.19530284301607
3.0934807107171376,38.21439604572135
3.093923251810205,38.23347745521927
3.0943727865254393,38.23347745521927
3.0944222230191265,38.23347745521927
3.0947470711951945,38.25254708243285
3.0952427986549638,38.2716049382716
3.0953273971275586,38.2906510336316
3.0960615391564414,38.30968537939544
3.09611829286287,38.32870798643231
3.096600611785774,38.34771886559803
3.096722780787784,38.366718027734976
3.09697251466299,38.366718027734976
3.097752941120441,38.38570548367221
3.0979357166189025,38.38570548367221
3.0985242764484755,38.40468124422544
3.098717906087255,38.40468124422544
3.098859328160637,38.40468124422544
3.0990176127433045,38.42364532019704
3.0992474474149145,38.442597722376114
3.0994199578446633,38.442597722376114
3.0994666046460675,38.46153846153847
3.0995458072903648,38.46153846153847
3.100068816382946,38.48046754844663
3.100763803723351,38.48046754844663
3.101400727934289,38.48046754844663
3.1016499000690283,38.49938499384994
3.1023728441150964,38.51829080848447
3.102991832998053,38.53718500307314
3.1035013347066056,38.556067588325654
3.104605180149713,38.556067588325654
3.1047633257632916,38.556067588325654
3.1049894408749243,38.556067588325654
3.105430155033304,38.57493857493858
3.1056694202054813,38.593797973595336
3.105760167754433,38.61264579496624
3.1059834764713856,38.631482049708495
3.1061164000307344,38.65030674846626
3.106370967994922,38.65030674846626
3.106413417658585,38.669119901870594
3.106808393283183,38.669119901870594
3.1068266515495204,38.68792152053955
3.106953990691707,38.70671161507815
3.1071514868923553,38.72549019607843
3.107260051988292,38.74425727411945
3.107530931597502,38.7630128597673
3.1075693852915385,38.78175696357515
3.1076693719671047,38.78175696357515
3.1079635080866646,38.80048959608323
3.1082554024827873,38.81921076781891
3.109720437249473,38.837920489296636
3.1099844355883204,38.856618771018034
3.110023471589783,38.856618771018034
3.1101100598289286,38.856618771018034
3.1104089822644085,38.87530562347188
3.111100582026065,38.87530562347188
3.111769104047301,38.87530562347188
3.1117969033959296,38.89398105713413
3.1118638635718043,38.912645082467925
3.1123486550495536,38.912645082467925
3.1132407585703024,38.93129770992366
3.113344656415552,38.949938949938954
3.11336387628819,38.96856881293866
3.1137076024207664,38.987187309334956
3.1138131867191774,38.987187309334956
3.114888480058395,39.00579444952729
3.1149420983023446,39.00579444952729
3.1152114731504055,39.00579444952729
3.115759302164664,39.00579444952729
3.115881152077274,39.02439024390244
3.116620740712197,39.042974702834506
3.1167759865168505,39.042974702834506
3.1170246561329558,39.061547836684944
3.1172479864874627,39.061547836684944
3.118075609425918,39.080109655802616
3.1188182278627385,39.09866017052375
3.1188413020320263,39.117199391171994
3.119646081631795,39.117199391171994
3.1203332157364634,39.117199391171994
3.1204062171318516,39.13572732805843
3.120461216009005,39.15424399148159
3.120761045602911,39.17274939172749
3.120910887798937,39.191243539069625
3.121704311036155,39.191243539069625
3.121845542541197,39.209726443769
3.122322879466032,39.209726443769
3.1224416922798888,39.22819811607414
3.1224418167280494,39.24665856622114
3.1225704328277186,39.26510780443365
3.123399439052824,39.26510780443365
3.12390537123448,39.26510780443365
3.1240797861792218,39.28354584092289
3.1242625913242343,39.28354584092289
3.124341975126092,39.28354584092289
3.1244007232091144,39.28354584092289
3.1245195783539215,39.30197268588771
3.124773102153408,39.32038834951456
3.1254512411844253,39.33879284197756
3.1257120794634443,39.33879284197756
3.12574573159368,39.35718617343845
3.1261181857290095,39.35718617343845
3.126401309252913,39.37556835404668
3.1264697561022263,39.37556835404668
3.1265627976156307,39.39393939393939
3.1269329814385842,39.41229930324145
3.1269870453341952,39.43064809206541
3.1270386201308304,39.448985770511655
3.1271829593340996,39.448985770511655
3.127360884515138,39.46731234866828
3.1278479954355047,39.4856278366112
3.1285239073573283,39.50393224440412
3.129102522291064,39.52222558209858
3.1297107842846583,39.52222558209858
3.1300975947633374,39.54050785973398
3.130697226848064,39.54050785973398
3.1314435977633797,39.54050785973398
3.1317145727142206,39.55877908733756
3.132370988150898,39.577039274924466
3.132414390059753,39.577039274924466
3.132420313013941,39.59528843249773
3.133107072503776,39.59528843249773
3.1336704389248067,39.61352657004831
3.133773460831486,39.631753697555084
3.134033685514145,39.64996982498491
3.134275373524264,39.66817496229261
3.134919111361461,39.68636911942099
3.135460555093286,39.70455230630087
3.1369252887593824,39.72272453285112
3.137349126961422,39.74088580897861
3.1374235249813913,39.74088580897861
3.1375364953029625,39.75903614457831
3.137642856848193,39.75903614457831
3.137647339548877,39.777175549533276
3.137656208800114,39.777175549533276
3.138407511199746,39.79530403371463
3.138562899906751,39.81342160698164
3.1391467881693416,39.81342160698164
3.1397708339300503,39.81342160698164
3.1397834507169247,39.83152827918171
3.1404372038658797,39.83152827918171
3.140694168143372,39.83152827918171
3.1416043428179212,39.849624060150376
3.142212076163544,39.867708959711365
3.1424977568487154,39.885782987676585
3.142689131972003,39.90384615384615
3.1428009102145356,39.92189846800841
3.143082889115996,39.93993993993994
3.1438989783334255,39.95797057940558
3.143904024510704,39.97599039615846
3.1443119374031934,39.993999399939995
3.1443811912453326,39.993999399939995
3.1444912588852354,40.0119976004799
3.1449993254489397,40.02998500749625
3.1452812348406827,40.02998500749625
3.1454413196107827,40.04796163069545
3.1461455527445557,40.04796163069545
3.1463976355493064,40.06592747977225
3.1468701850363012,40.06592747977225
3.1468958283259245,40.06592747977225
3.1470543041837797,40.083882564409826
3.147586672315002,40.101826894279725
3.1476467083132453,40.101826894279725
3.147916159583626,40.119760479041915
3.148076147462091,40.13768332834481
3.14808843692503,40.13768332834481
3.148248544843003,40.13768332834481
3.148450641484443,40.155595451825256
3.1487527746025736,40.17349685910859
3.1495314370970795,40.17349685910859
3.150119408019698,40.17349685910859
3.150225197672242,40.19138755980861
3.1502995490671575,40.20926756352765
3.1505974038768625,40.227136879856545
3.150928097087292,40.244995518374665
3.151374513842491,40.244995518374665
3.1522218246838447,40.26284348864994
3.1524000351113632,40.280680800238876
3.1525263469956744,40.280680800238876
3.1526863550714435,40.298507462686565
3.152795746750298,40.31632348552671
3.1528470208881636,40.334128878281625
3.1530659692039418,40.351923650462275
3.153562986755437,40.351923650462275
3.1537301471330763,40.369707811568276
3.1538181843601056,40.369707811568276
3.154183024560264,40.369707811568276
3.1542023124264515,40.369707811568276
3.154294109585142,40.369707811568276
3.154970838486353,40.38748137108793
3.155072486446012,40.405244338498214
3.1557920566979805,40.405244338498214
3.155876316233468,40.405244338498214
3.156403939436835,40.405244338498214
3.157332301430452,40.42299672326482
3.1573790652249745,40.42299672326482
3.1595122074841275,40.42299672326482
3.16004400327172,40.42299672326482
3.160599399790958,40.44073853484217
3.1610164716505715,40.45846978267342
3.1611258748313027,40.476190476190474
3.161541574526933,40.493900624814046
3.161584253202924,40.5116002379536
3.1619289397422867,40.5116002379536
3.163557825469687,40.52928932500743
3.163963909628643,40.54696789536266
3.164029451180088,40.56463595839524
3.1641593594715465,40.58229352346999
3.1642154337991206,40.599940599940595
3.1642239122680116,40.61757719714964
3.164409124317558,40.635203324428616
3.1645042011947817,40.652818991097924
3.164630756207372,40.652818991097924
3.1646755074908826,40.670424206466926
3.164776173030467,40.68801897983393
3.165008363818883,40.68801897983393
3.1657682639941758,40.70560332048622
3.166327179766776,40.72317723770006
3.1664905430911827,40.72317723770006
3.1665887583168906,40.74074074074074
3.166643222712345,40.74074074074074
3.167042104049479,40.758293838862556
3.167524913663441,40.77583654130885
3.167818858791425,40.77583654130885
3.1680551206197434,40.79336885731202
3.1681903576097334,40.81089079609352
3.168594617947778,40.828402366863905
3.1697798780838298,40.845903578822835
3.169937207665421,40.86339444115908
3.1706725031091265,40.880874963050545
3.170693524834076,40.880874963050545
3.1712046412682553,40.880874963050545
3.1712979599667994,40.880874963050545
3.171439828379567,40.8983451536643
3.1714580065946176,40.8983451536643
3.1717023530290156,40.8983451536643
3.172133805862763,40.8983451536643
3.1722376486933586,40.8983451536643
3.1729486026935976,40.91580502215657
3.173253077074027,40.93325457767277
3.1733540020893147,40.95069382934751
3.1743327296388877,40.968122786304605
3.1751225123960505,40.98554145765713
3.175191867797667,41.00294985250738
3.175267681512062,41.02034797994692
3.1752680733141334,41.02034797994692
3.1753715490518615,41.0377358490566
3.175426357116582,41.055113468906576
3.1755042775575824,41.072480848556275
3.17588306827997,41.08983799705449
3.17593038324214,41.10718492343934
3.176148215402522,41.1245216367383
3.1763127742006163,41.1245216367383
3.1765422750673475,41.14184814596822
3.1768176925270737,41.15916446013534
3.1770397338487077,41.17647058823529
3.1773236759045873,41.19376653925316
3.177412804512352,41.19376653925316
3.1774856835918004,41.19376653925316
3.1776250155577093,41.21105232216343
3.178214349138619,41.21105232216343
3.178221003561789,41.22832794593006
3.178659052325315,41.22832794593006
3.179075457779039,41.22832794593006
3.179775709312922,41.24559341950646
3.1800444174654188,41.262848751835534
3.1800677961160573,41.28009395184968
3.180471007673301,41.2973290284708
3.180548430996911,41.31455399061033
3.180642292399765,41.33176884716926
3.1811801252592447,41.33176884716926
3.1814507203415623,41.33176884716926
3.1814690279439497,41.348973607038126
3.182112778191825,41.36616827909704
3.182142291205609,41.38335287221571
3.1825194083727473,41.40052739525345
3.182654404417808,41.41769185705917
3.1830387775927287,41.434846266471446
3.1831114287560145,41.434846266471446
3.1833917505192857,41.434846266471446
3.1836243387220025,41.451990632318505
3.183835026805384,41.4691249634182
3.1838742125976673,41.48624926857812
3.184162737350963,41.48624926857812
3.1844854908022273,41.503363556595495
3.184866208465661,41.52046783625731
3.184910582275683,41.52046783625731
3.185212017394188,41.52046783625731
3.1862700404549216,41.52046783625731
3.186431245549856,41.52046783625731
3.186455658862619,41.53756211634025
3.186896996515971,41.53756211634025
3.1869814622004653,41.554646405610754
3.1882815785567296,41.554646405610754
3.1884168658478313,41.554646405610754
3.188496755763034,41.554646405610754
3.1888930396677577,41.571720712825005
3.1890921255310003,41.58878504672897
3.1898358698652736,41.605839416058394
3.1903921266376845,41.62288382953882
3.190695607157343,41.639918295885614
3.1910727601245914,41.656942823803966
3.1911528953480817,41.673957421988916
3.191249631109277,41.690962099125365
3.1919645755959887,41.690962099125365
3.192377306979342,41.690962099125365
3.192550001660462,41.690962099125365
3.1930168040410707,41.690962099125365
3.1930657187056743,41.70795686388808
3.193987498090234,41.70795686388808
3.19416657075037,41.72494172494173
3.194389059608206,41.74191669094087
3.1947425027870398,41.74191669094087
3.1952130439895985,41.74191669094087
3.195386548465089,41.74191669094087
3.1962237681150336,41.758881770529996
3.196670054810727,41.758881770529996
3.1967575977247984,41.77583697234352
3.198265248783825,41.79278230500582
3.1984337982858384,41.79278230500582
3.1990572524791863,41.80971777713122
3.199092550421021,41.82664339732403
3.1994544910909997,41.82664339732403
3.1994699841595127,41.82664339732403
3.199600844047469,41.84355917417854
3.1996347745485325,41.84355917417854
3.20143457856738,41.86046511627907
3.2019092901927872,41.86046511627907
3.202379988777956,41.86046511627907
3.2024762484522373,41.877361232199945
3.2026285810753343,41.877361232199945
3.2030381008332984,41.877361232199945
3.204396566800302,41.89424753050552
3.2047468059594117,41.89424753050552
3.204794343491786,41.89424753050552
3.2051278723321888,41.89424753050552
3.2052040946185296,41.91112401975022
3.2054876755182646,41.91112401975022
3.2056706218053894,41.92799070847851
3.206240151257511,41.92799070847851
3.20687741173177,41.92799070847851
3.207053168283172,41.944847605224965
3.2075266056928275,41.96169471851422
3.207835717586615,41.97853205686104
3.2083360302312127,41.97853205686104
3.2086159521149846,41.9953596287703
3.208770667546673,42.01217744273703
3.2095552853829123,42.01217744273703
3.209716759925498,42.01217744273703
3.2097703164260984,42.01217744273703
3.209825598948881,42.028985507246375
3.2099777091181174,42.028985507246375
3.2107964334890324,42.028985507246375
3.2109626399904068,42.045783830773686
3.212032691653532,42.045783830773686
3.212185939465762,42.06257242178447
3.2130584487631477,42.06257242178447
3.213320833882496,42.06257242178447
3.213609800671305,42.079351288734436
3.213614243930705,42.096120440069484
3.2139029208286027,42.11287988422576
3.214038157696298,42.11287988422576
3.2150681695657455,42.129629629629626
3.2153514779288845,42.14636968469772
3.215395573829315,42.1631000578369
3.21582686075231,42.17982075744435
3.215897718746799,42.19653179190752
3.216049891835626,42.19653179190752
3.2160663212224665,42.21323316960416
3.2162846176758886,42.22992489890237
3.2164780882166246,42.22992489890237
3.216580961724509,42.22992489890237
3.216933217366072,42.22992489890237
3.2180907835111974,42.24660698816056
3.218331844598628,42.263279445727484
3.21844702403269,42.279942279942276
3.2185308666589374,42.29659549913445
3.2186382968546288,42.313239111623886
3.2186522657941206,42.313239111623886
3.2188405861243505,42.32987312572088
3.2189269276574026,42.346497549726145
3.219230605294022,42.363112391930834
3.219394048824621,42.37971766061654
3.2194388924855066,42.3963133640553
3.220294663595949,42.41289951050965
3.2208723055431694,42.429476108232585
3.2210455960038415,42.44604316546763
3.221784725037374,42.462600690448795
3.222225291468761,42.47914869140063
3.2223717524583058,42.49568717653824
3.223175302025604,42.49568717653824
3.2232628171407742,42.51221615406726
3.223643012421214,42.51221615406726
3.223971430766283,42.5287356321839
3.2240633655452724,42.545245619074976
3.2242910176341217,42.56174612291787
3.2244334228204545,42.57823715188056
3.2246002895195196,42.5947187141217
3.2250947850008775,42.5947187141217
3.2251719970467674,42.61119081779053
3.2253875894679735,42.62765347102697
3.225419978629673,42.62765347102697
3.2254565064472795,42.62765347102697
3.2256082417161567,42.64410668196157
3.225797032519899,42.64410668196157
3.226184298909098,42.64410668196157
3.226285846386322,42.64410668196157
3.2267831483943223,42.6605504587156
3.2268099061788305,42.67698480940098
3.2272926743254517,42.693409742120345
3.2280230288277107,42.70982526496706
3.2282012737097574,42.7262313860252
3.2289830006609344,42.7426281133696
3.229391401741241,42.75901545506583
3.230333394378873,42.75901545506583
3.230376766000906,42.77539341917024
3.230435532536003,42.77539341917024
3.2304945426897462,42.79176201372998
3.2313447190701323,42.80812124678295
3.231411616993777,42.80812124678295
3.2323710247486064,42.82447112635792
3.232490590935436,42.84081166047442
3.2325492360447603,42.84081166047442
3.232554296649291,42.857142857142854
3.232600458157235,42.857142857142854
3.232768533065328,42.87346472436447
3.2335946590929914,42.889777270131354
3.234243620292493,42.889777270131354
3.2346366916487663,42.889777270131354
3.2348606564723874,42.90608050242649
3.235193003215657,42.922374429223744
3.2353909102778142,42.93865905848788
3.2361218793021536,42.95493439817456
3.2371265646677387,42.9712004562304
3.2372082251395993,42.9712004562304
3.2372323650403674,42.98745724059293
3.2381796818639166,42.98745724059293
3.2383759331454245,43.003704759190654
3.238447490556336,43.01994301994302
3.23891453745703,43.01994301994302
3.23934513587059,43.03617203076047
3.239659001151556,43.052391799544424
3.240094838949279,43.068602334187304
3.240871301886451,43.068602334187304
3.2412289411802004,43.068602334187304
3.2413404876798806,43.08480364257257
3.242152073385298,43.10099573257468
3.2422506328930503,43.117178612059156
3.2423481162346106,43.13335228888257
3.242466747830908,43.14951677089255
3.242556082221201,43.165672065927815
3.2426200845272377,43.18181818181818
3.2431774348183517,43.18181818181818
3.243494183170217,43.19795512638455
3.2439168928887763,43.21408290743896
3.244718191594178,43.230201532784555
3.244758213106027,43.230201532784555
3.245663509762885,43.230201532784555
3.246787516917065,43.230201532784555
3.2468212236468177,43.230201532784555
3.2472553620894327,43.230201532784555
3.247441477016595,43.24631101021566
3.2475411758911403,43.262411347517734
3.247700923904899,43.262411347517734
3.247709668674946,43.262411347517734
3.2477303603861407,43.27850255246739
3.2477507282275595,43.27850255246739
3.2479423827089238,43.29458463283243
3.248347813483344,43.31065759637188
3.2483934788427224,43.32672145083593
3.248540006589958,43.32672145083593
3.2487112993364895,43.342776203966004
3.249176520496573,43.35882186349476
3.249261891737926,43.35882186349476
3.249788398904616,43.35882186349476
3.2499928995400347,43.37485843714609
3.2506068199675204,43.37485843714609
3.2508382552578228,43.37485843714609
3.25093960120782,43.39088593263515
3.251552973492752,43.40690435766837
3.2518406661854553,43.42291371994342
3.2521432279074136,43.42291371994342
3.2525667099557882,43.42291371994342
3.252568212605237,43.42291371994342
3.25265025318101,43.42291371994342
3.252663860474582,43.42291371994342
3.2536584127921766,43.43891402714932
3.2538827827390735,43.45490528696636
3.2542151008948186,43.45490528696636
3.255492012024374,43.45490528696636
3.2565390247116266,43.45490528696636
3.2565449522209904,43.470887507066145
3.2571768454486705,43.48686069511161
3.257192956986381,43.48686069511161
3.2575364364076553,43.48686069511161
3.2578852443850326,43.50282485875706
3.257955764273425,43.50282485875706
3.258756690090818,43.518780005648125
3.259197538946799,43.5347261434218
3.2597155177898407,43.5347261434218
3.260147236773548,43.55066327970646
3.2606878460400193,43.55066327970646
3.2612448374015766,43.566591422121896
3.2626325237672584,43.566591422121896
3.2633374975180693,43.58251057827927
3.263694236388131,43.58251057827927
3.2640570865715812,43.58251057827927
3.264101507580588,43.59842075578116
3.264323186055522,43.614321962221595
3.264665243762021,43.63021420518602
3.265193032437204,43.64609749225134
3.2654520462618555,43.66197183098591
3.2657556199380755,43.66197183098591
3.266069824427341,43.67783722894959
3.266139621960362,43.67783722894959
3.2664424016470543,43.69369369369369
3.2666265950526148,43.70954123276105
3.266736598670669,43.725379853685986
3.267613546831275,43.741209563994374
3.267619750877666,43.7570303712036
3.2678350228255337,43.7728422828226
3.268265857468003,43.78864530635188
3.2686186247582247,43.80443944928351
3.2694807306025884,43.82022471910113
3.2696362201793043,43.83600112327998
3.2700217494842327,43.85176866928692
3.2700330817378136,43.86752736458041
3.270074864532445,43.88327721661055
3.2703429504890527,43.88327721661055
3.2703456769340598,43.88327721661055
3.2705465913005622,43.88327721661055
3.2709202188323103,43.899018232819074
3.2709453378695863,43.899018232819074
3.2712467197912014,43.91475042063937
3.2713262453770886,43.930473787496496
3.271354609721258,43.946188340807176
3.271386374556685,43.946188340807176
3.27145846543339,43.96189408797982
3.271672475793292,43.96189408797982
3.271870369025079,43.96189408797982
3.2719741821881003,43.977591036414566
3.2721063316289656,43.99327919350322
3.2721464453715345,44.00895856662934
3.272347929731233,44.00895856662934
3.273044091578283,44.02462916316821
3.2740404098085527,44.040290990486845
3.2743057409255902,44.040290990486845
3.274564786350119,44.05594405594406
3.2749789580725053,44.05594405594406
3.2756028838273323,44.05594405594406
3.2757417691765354,44.07158836689038
3.275919112349098,44.07158836689038
3.2759585179388933,44.07158836689038
3.276314173994766,44.08722393066816
3.276541051374418,44.10285075461152
3.276565174325755,44.11846884604638
3.2766036393679054,44.134078212290504
3.2768876152190622,44.134078212290504
3.2769285924558518,44.134078212290504
3.277276439581621,44.134078212290504
3.2773352693121915,44.149678860653445
3.2775931251438464,44.149678860653445
3.2778847098935864,44.16527079843663
3.2780076528101043,44.16527079843663
3.2781184043440965,44.1808540329333
3.278280722186482,44.19642857142857
3.278288920016338,44.21199442119944
3.2789892849565008,44.22755158951478
3.279656225608117,44.24310008363535
3.2802865708788724,44.25863991081383
3.280659213040471,44.274171078294785
3.2807149478144235,44.274171078294785
3.2811138871586905,44.28969359331476
3.281817082173696,44.3052074631022
3.2818993394761864,44.3052074631022
3.282506766303452,44.32071269487751
3.282781575354504,44.336209295853045
3.2828906396868183,44.351697273233164
3.2832468178717495,44.351697273233164
3.283317991467324,44.36717663421418
3.2838621190010295,44.36717663421418
3.283982304893884,44.36717663421418
3.284036526127498,44.38264738598443
3.285024197575921,44.39810953572422
3.2850978337965486,44.41356309060589
3.2853597152985965,44.41356309060589
3.285533758307812,44.41356309060589
3.2857600026943947,44.42900805779384
3.285907303983044,44.44444444444444
3.2859448825949324,44.44444444444444
3.286364530889847,44.44444444444444
3.287613180821796,44.45987225770619
3.2877838848519367,44.4752915047196
3.2883002924709928,44.4752915047196
3.2883583798586637,44.49070219261726
3.2886189592999515,44.50610432852386
3.2897963535824757,44.521497919556175
3.2898724361819567,44.53688297282307
3.290372168158425,44.53688297282307
3.290375910227751,44.53688297282307
3.2909773195528507,44.55225949542556
3.2913541888279547,44.55225949542556
3.2917675898564753,44.567627494456765
3.292370071397822,44.58298697700194
3.292484521288045,44.58298697700194
3.2927565116454844,44.59833795013851
3.2928260437777426,44.61368042093603
3.2930930770679625,44.629014396456256
3.293591347391378,44.629014396456256
3.2936759593457436,44.64433988375311
3.29370453568908,44.659656889872714
3.2941109490833775,44.67496542185339
3.2943054897471757,44.690265486725664
3.2943834349445367,44.705557091512304
3.294930547782196,44.705557091512304
3.294999577179167,44.7208402432283
3.295022504669876,44.7361149488809
3.2950847055440797,44.751381215469614
3.295115449251764,44.751381215469614
3.2954595851845965,44.751381215469614
3.2956492889252433,44.76663904998619
3.295887360854493,44.78188845941469
3.2959990070218175,44.79712945073144
3.296407599517683,44.81236203090508
3.296432651081037,44.827586206896555
3.2976227321097644,44.84280198565913
3.297807459105974,44.84280198565913
3.298413460971297,44.84280198565913
3.299385515230219,44.858009374138405
3.299574020365493,44.87320837927233
3.2996290016152425,44.88839900799118
3.299692808108473,44.90358126721763
3.29999493152631,44.918755163866706
3.2999996016872766,44.918755163866706
3.30004928367379,44.93392070484582
3.30040167595934,44.94907789705477
3.300457774537452,44.9642267473858
3.3004791400655935,44.97936726272352
3.301157949829637,44.97936726272352
3.301506988738155,44.994499449944996
3.3015668709715396,45.00962331591972
3.3016714203221,45.00962331591972
3.3017938962326783,45.024738867509626
3.302142242394302,45.024738867509626
3.302343868256113,45.03984611156911
3.3026788250528183,45.03984611156911
3.3031112891315795,45.05494505494506
3.3031751959713227,45.070035704476794
3.303224910128741,45.08511806699615
3.3037324192592097,45.08511806699615
3.304484437491198,45.08511806699615
3.3047952192143146,45.100192149327476
3.305049818156267,45.1152579582876
3.3051141417492222,45.13031550068587
3.3059976722072215,45.13031550068587
3.3063234568837157,45.14536478332419
3.3067685028256175,45.160405812996984
3.3073946823909153,45.160405812996984
3.307408580367769,45.17543859649123
3.307469798125901,45.19046314058646
3.3077523017275774,45.19046314058646
3.307847857491591,45.19046314058646
3.3079835794753776,45.20547945205479
3.3082655351827173,45.20547945205479
3.30836209765016,45.220487537660915
3.3095626369501727,45.2354874041621
3.309576323208034,45.250479058308244
3.3096416023763977,45.250479058308244
3.3096757611008867,45.250479058308244
3.3097221586179995,45.26546250684182
3.3100347593874186,45.26546250684182
3.3105007368934456,45.26546250684182
3.3107229625475925,45.280437756497946
3.310738909278656,45.29540481400438
3.3110116486410743,45.29540481400438
3.3112709415216464,45.31036368608149
3.3113841904407058,45.32531437944232
3.3116198930523795,45.32531437944232
3.3117591286160204,45.32531437944232
3.312589988723243,45.32531437944232
3.3134661847894273,45.34025690079256
3.313911070923483,45.34025690079256
3.313982039340606,45.3551912568306
3.3142951286261755,45.37011745424747
3.315445894967514,45.37011745424747
3.3156798465233415,45.37011745424747
3.3171918719354836,45.37011745424747
3.317885981130383,45.385035499726925
3.317913902100789,45.3999453999454
3.317964208020313,45.414847161572055
3.3181900055989155,45.429740791268756
3.3186609099834485,45.44462629569013
3.318978354511727,45.459503681483504
3.319014392206377,45.459503681483504
3.3197705386700207,45.47437295528899
3.319918047310368,45.489234123739436
3.3202882630864416,45.489234123739436
3.3207979420662563,45.50408719346049
3.3213388165938698,45.51893217107055
3.321665127184539,45.51893217107055
3.3222811048581704,45.51893217107055
3.322771581942063,45.53376906318083
3.322903091111468,45.54859787639532
3.323014271162789,45.54859787639532
3.3231106543207796,45.54859787639532
3.3231936103430586,45.56341861731083
3.3231976582254257,45.57823129251701
3.3232086783349737,45.57823129251701
3.3234356490436854,45.57823129251701
3.3235633142671683,45.57823129251701
3.32393332517919,45.5930359085963
3.323959969680957,45.60783247212402
3.32436712488368,45.6226209896683
3.324818353026994,45.63740146779016
3.325259373612004,45.65217391304348
3.3253961792889015,45.65217391304348
3.3266397618333365,45.65217391304348
3.3268940363691817,45.65217391304348
3.326958124666483,45.65217391304348
3.3270524719901675,45.65217391304348
3.3272024154696083,45.666938331975004
3.327329114049154,45.68169473112439
3.327485574757029,45.69644311702417
3.3279434172395077,45.69644311702417
3.3280686054297446,45.71118349619978
3.328080635682125,45.725915875169605
3.328571353743352,45.725915875169605
3.329285674333971,45.725915875169605
3.329288458153446,45.725915875169605
3.3295698546788093,45.725915875169605
3.330468676008752,45.74064026044493
3.3306667641883707,45.74064026044493
3.331051039926879,45.75535665852997
3.3316812460538463,45.770065075921906
3.331724664244046,45.770065075921906
3.3334690883177673,45.78476551911087
3.3343476403364094,45.78476551911087
3.3346924758837186,45.78476551911087
3.3347856448373943,45.78476551911087
3.3359279274584788,45.78476551911087
3.3367384160525786,45.799457994579946
3.3368482132548314,45.799457994579946
3.336914176404788,45.8141425088052
3.337150141794701,45.82881906825569
3.3372038028376343,45.82881906825569
3.3374134239038233,45.84348767939345
3.3374426089373292,45.84348767939345
3.3374522958302912,45.858148348673524
3.3374600991134056,45.858148348673524
3.338024281472024,45.858148348673524
3.3383343693103393,45.858148348673524
3.3385247141572103,45.87280108254398
3.3386473784141133,45.887445887445885
3.338800624376109,45.887445887445885
3.3392731394451616,45.887445887445885
3.3394712308585506,45.887445887445885
3.3395487314102783,45.887445887445885
3.3396444532119944,45.90208276981336
3.3398060320467,45.91671173607355
3.339960328766926,45.91671173607355
3.340068899000156,45.931332792646664
3.340119550669704,45.94594594594595
3.340154428337904,45.96055120237774
3.3404587759585573,45.97514856834144
3.340606429089437,45.98973805022955
3.340949795042108,46.00431965442765
3.3409633757790593,46.01889338731444
3.3412636623402663,46.03345925526174
3.341512206264183,46.03345925526174
3.341801910797202,46.04801726463448
3.3420019604841134,46.04801726463448
3.342201862077146,46.062567421790725
3.3426356496264105,46.07710973308169
3.3435171942276467,46.07710973308169
3.343988897943599,46.07710973308169
3.344175681742084,46.07710973308169
3.344254873544861,46.07710973308169
3.3442735397475762,46.091644204851754
3.3444249608097696,46.10617084343843
3.3450832268030704,46.12068965517241
3.345126868693204,46.1352006463776
3.345817596071311,46.1352006463776
3.346290054739032,46.14970382337103
3.346449357722719,46.16419919246299
3.3466919959201813,46.16419919246299
3.3468243113746117,46.16419919246299
3.3469291775972057,46.178686759956946
3.3474876411216377,46.19316653214958
3.347923171465564,46.20763851533082
3.348112818637503,46.22210271578381
3.348326670972109,46.236559139784944
3.3483365558831832,46.25100779360387
3.34910672481744,46.26544868350349
3.34912031160818,46.27988181573999
3.3492998920033084,46.29430719656283
3.3494156203069503,46.308724832214764
3.3495779230416813,46.308724832214764
3.3496707367638887,46.308724832214764
3.34970389676239,46.323134728931834
3.3500253296505895,46.33753689294339
3.351031913121492,46.3519313304721
3.3511599853735348,46.36631804773398
3.35134329958329,46.36631804773398
3.35138752866267,46.36631804773398
3.352021490912149,46.38069705093834
3.352628350133962,46.38069705093834
3.3533212903648217,46.39506834628786
3.353342783343593,46.40943193997856
3.3542540137003387,46.423787838199836
3.3545861073484216,46.43813604713444
3.3545922629095077,46.4524765729585
3.3549161120711974,46.466809421841546
3.3550498429035587,46.481134599946486
3.355161575520972,46.481134599946486
3.3560500245773657,46.49545211342964
3.3566435906361907,46.50976196844076
3.3568103457682135,46.524064171122994
3.356950746597647,46.53835872761294
3.3570075279555875,46.53835872761294
3.3571700960283404,46.53835872761294
3.3577021725285165,46.552645644040616
3.3585001401006394,46.552645644040616
3.3586182370101483,46.56692492652952
3.359219424906315,46.56692492652952
3.35946368343226,46.58119658119658
3.3597228829173624,46.5954606141522
3.360153676110089,46.60971703150027
3.3606076478732034,46.62396583933814
3.3609926400016947,46.62396583933814
3.361253073420238,46.638207043756665
3.3613132210912626,46.65244065084023
3.3616640478915722,46.65244065084023
3.362756024128862,46.65244065084023
3.362939429024124,46.65244065084023
3.363263328998473,46.666666666666664
3.3633327673701947,46.666666666666664
3.3633807590815636,46.666666666666664
3.3635791892373454,46.666666666666664
3.3640764225831488,46.666666666666664
3.364154038979892,46.666666666666664
3.3651337314337626,46.68088509730738
3.365200223313561,46.695095948827294
3.365253286461545,46.70929922728484
3.3654448891201314,46.72349493873202
3.365723639449117,46.72349493873202
3.365947451793592,46.72349493873202
3.3666272606620455,46.737683089214386
3.36696949943566,46.75186368477103
3.3669926439928384,46.75186368477103
3.367423296176208,46.75186368477103
3.3680472506592087,46.75186368477103
3.36821360638421,46.75186368477103
3.3683638557859683,46.76603673143466
3.3688240353237138,46.76603673143466
3.3692567740034796,46.76603673143466
3.3692859762619123,46.76603673143466
3.3708194959278712,46.780202235231506
3.370850355207654,46.79436020218143
3.3714938345949816,46.808510638297875
3.3720134860550215,46.808510638297875
3.372297888246196,46.808510638297875
3.372341737114643,46.808510638297875
3.372752108007104,46.822653549587876
3.3727827673925708,46.836788942052095
3.3729420782880624,46.85091682168483
3.373779463844124,46.86503719447396
3.3741335197869433,46.87915006640107
3.374264807635505,46.89325544344132
3.3742817382209993,46.89325544344132
3.3744621371881833,46.89325544344132
3.37472812795169,46.90735333156358
3.3753764985489267,46.92144373673036
3.3757207679038492,46.92144373673036
3.3758658745316525,46.93552666489785
3.3759333389917554,46.94960212201592
3.3760512523303503,46.96367011402811
3.3762789892856135,46.96367011402811
3.3762877016421937,46.96367011402811
3.3768588207239456,46.977730646871684
3.3770964455465826,46.99178372647761
3.377217282740515,47.005829358770534
3.3773531836750164,47.005829358770534
3.377592777929461,47.019867549668874
3.3778859122364153,47.019867549668874
3.378099376842964,47.019867549668874
3.378258898874531,47.019867549668874
3.3788689968274945,47.03389830508475
3.3789150209760757,47.04792163092401
3.379052030586156,47.04792163092401
3.379082823899551,47.06193753308629
3.3793570457691664,47.06193753308629
3.379362208841846,47.075946017464936
3.3794548392422237,47.08994708994709
3.379542695775808,47.10394075641365
3.38007565096203,47.117927022739295
3.3803604748150664,47.117927022739295
3.380421965036342,47.13190589479249
3.3808696335711517,47.14587737843552
3.3810565162566264,47.15984147952444
3.381148891851541,47.173798203909136
3.381419237825322,47.187747557433326
3.381559898484583,47.20168954593453
3.381565734849225,47.21562417524412
3.3819705328212275,47.229551451187334
3.3820563762574474,47.24347137958323
3.3822798605114555,47.24347137958323
3.38245812941353,47.257383966244724
3.3827639197439856,47.271289216978644
3.382893833283996,47.28518713758566
3.3829110936656615,47.299077733860344
3.383010669175919,47.299077733860344
3.38302064440268,47.31296101159115
3.3831499259079867,47.32683697656044
3.3833621876558917,47.3407056345445
3.3835445464733875,47.354566991313504
3.383738444884187,47.368421052631575
3.384487630796684,47.368421052631575
3.3847091852284015,47.368421052631575
3.385811829491912,47.38226782425677
3.3860871174151077,47.38226782425677
3.3862524464368264,47.39610731194108
3.386706245369208,47.39610731194108
3.3879996901324265,47.40993952143045
3.3881328352993663,47.423764458464774
3.3881549905532196,47.43758212877792
3.3884472048806638,47.45139253809774
3.3885425400089026,47.46519569214605
3.3886673027984173,47.46519569214605
3.3891009340054157,47.47899159663865
3.390037371485329,47.492780257285375
3.3900834602759455,47.506561679790025
3.390593836142725,47.520335869850435
3.3908426114092047,47.53410283315845
3.39086705223507,47.54786257539995
3.3912908426108093,47.56161510225485
3.3916053159099744,47.575360419397114
3.3917119030958687,47.58909853249476
3.3917194339074794,47.60282944720985
3.3919334158118986,47.61655316919853
3.392345462217945,47.63026970411102
3.3926882183547162,47.64397905759162
3.39283443081074,47.64397905759162
3.3929207686143084,47.64397905759162
3.3930300306094923,47.65768123527872
3.393035169954487,47.67137624280481
3.393065956814907,47.6850640857965
3.3932429361618888,47.69874476987448
3.3934293321610443,47.712418300653596
3.3937468898573093,47.72608468374281
3.394073177863064,47.739743924745234
3.3948858961748085,47.739743924745234
3.3949241369254084,47.7533960292581
3.3957443185507197,47.767041002872816
3.3959399140451554,47.78067885117493
3.3959744845974464,47.78067885117493
3.3960494051663384,47.78067885117493
3.396816843713958,47.794309579744194
3.3971663926126707,47.80793319415449
3.3972691163943334,47.80793319415449
3.397276007743161,47.82154969997391
3.397518679027936,47.835159102764734
3.3975672817004803,47.835159102764734
3.3975875052572477,47.835159102764734
3.39766467712333,47.84876140808344
3.3978600786317488,47.84876140808344
3.3982701743546992,47.862356621480714
3.398438249890732,47.87594474850143
3.3984685250606237,47.88952579468474
3.398673472946486,47.88952579468474
3.3993291906471494,47.88952579468474
3.3993994959001563,47.90309976556395
3.3997362518865373,47.91666666666667
3.4006282349801786,47.93022650351471
3.400761689234094,47.94377928162415
3.4010625057921007,47.957325006505336
3.4010665543506406,47.957325006505336
3.401643455139056,47.97086368366285
3.4017087552475487,47.98439531859558
3.401924652494218,47.997919916796675
3.402188462555385,47.997919916796675
3.4022764395619207,47.997919916796675
3.4024584260587516,48.011437483753575
3.402836129433627,48.024948024948024
3.4028747252488505,48.03845154585606
3.4028839172519363,48.03845154585606
3.403978962383544,48.05194805194805
3.404122647317437,48.05194805194805
3.4042606439647454,48.06543754868865
3.404675437376881,48.06543754868865
3.40559860201142,48.07892004153687
3.4057718953767977,48.07892004153687
3.405914471451918,48.07892004153687
3.4062798290763943,48.09239553594601
3.4063329069222683,48.09239553594601
3.4064179151932077,48.10586403736378
3.406717513493906,48.10586403736378
3.406797124225057,48.119325551232166
3.4067994991192236,48.13278008298755
3.4068906705407094,48.13278008298755
3.407005113362026,48.13278008298755
3.407533361756356,48.146227638060665
3.407629401310054,48.146227638060665
3.407779317037976,48.15966822187662
3.4082047169675653,48.15966822187662
3.408293527615132,48.17310183985489
3.4083726770325407,48.18652849740933
3.408598772646313,48.1999481999482
3.4086381212217427,48.213360952874154
3.408739490288842,48.22676676158426
3.4089379839917657,48.24016563146998
3.4089559355378753,48.253557567917206
3.4100562496205695,48.26694257630626
3.4103175984052663,48.280320662011896
3.410452321776236,48.280320662011896
3.410713030695933,48.293691830403304
3.411093497896679,48.293691830403304
3.411716550606691,48.30705608684415
3.412088838867003,48.320413436692505
3.4121419401637674,48.333763885300954
3.412380517833317,48.34710743801653
3.412522287577377,48.360444100180736
3.412524835020831,48.37377387712959
3.41285699336917,48.38709677419355
3.4128872080295585,48.38709677419355
3.412901932208518,48.40041279669763
3.4131059507808716,48.40041279669763
3.4132754457075585,48.41372194996131
3.413732080879815,48.41372194996131
3.4138145850344603,48.4270242392986
3.4138438022460154,48.44031967001804
3.414314207293118,48.45360824742268
3.4147665824011275,48.4668899768101
3.4153162040142315,48.4668899768101
3.41547674441099,48.48016486347244
3.415651079118962,48.48016486347244
3.4159547854967993,48.49343291269637
3.4160193457151427,48.506694129763126
3.4162464369727923,48.51994851994852
3.4163642711606563,48.5331960885229
3.4163815973351856,48.54643684075122
3.416656241859778,48.559670781893004
3.4180934393878535,48.57289791720237
3.4186201474047135,48.58611825192802
3.418667897244309,48.59933179131329
3.419505051177044,48.6125385405961
3.419998129556209,48.6125385405961
3.420233293489285,48.6125385405961
3.4204717201775163,48.62573850500899
3.4205984027514265,48.63893168977915
3.4207417776444635,48.65211810012837
3.421079929937657,48.65211810012837
3.4213087848418606,48.65211810012837
3.4215810070213677,48.65211810012837
3.4217125793759378,48.65211810012837
3.421788611604927,48.6652977412731
3.421989433187139,48.6652977412731
3.422208388947035,48.67847061842443
3.4222539081424705,48.6916367367881
3.4226039354362054,48.704796101564504
3.4227564757632085,48.704796101564504
3.422819654095142,48.704796101564504
3.4229042792315325,48.717948717948715
3.423072437786264,48.717948717948715
3.4231413452352664,48.73109459113048
3.4239473453345233,48.744233726294205
3.423977108009444,48.744233726294205
3.4243829895521114,48.744233726294205
3.424817944846199,48.75736612861901
3.4252218470091336,48.75736612861901
3.4255638318801713,48.77049180327869
3.4255977519499625,48.78361075544174
3.4257606969722962,48.79672299027138
3.425996678888784,48.79672299027138
3.426352052699521,48.79672299027138
3.4266616687483165,48.80982851292552
3.426829519277751,48.80982851292552
3.427251845896506,48.80982851292552
3.4279124995924577,48.82292732855681
3.4286721855305218,48.82292732855681
3.4288107981739118,48.82292732855681
3.4289952323042527,48.82292732855681
3.4293295396049044,48.83601944231261
3.429609866817493,48.84910485933504
3.4296369956573756,48.862183584760935
3.4299986010847334,48.862183584760935
3.430202872216866,48.875255623721884
3.4303829391994096,48.875255623721884
3.431144110435804,48.875255623721884
3.431330287909449,48.888320981344236
3.432112028888984,48.888320981344236
3.4321191458312454,48.888320981344236
3.432355841821232,48.90137966274911
3.4326347490072355,48.91443167305236
3.4326966478878984,48.92747701736466
3.433519136796487,48.94051570079142
3.4336187015933772,48.94051570079142
3.433953360176549,48.95354772843287
3.4342250669278265,48.96657310538403
3.4345383050975964,48.96657310538403
3.4348415245227457,48.96657310538403
3.435372061623581,48.96657310538403
3.4358473549979203,48.97959183673469
3.435915836854995,48.9926039275695
3.436117316579405,49.005609382967876
3.4361869477442695,49.018608208004075
3.436778974770372,49.03160040774719
3.4371363355959814,49.044585987261144
3.437396251020568,49.05756495160469
3.437515207333825,49.07053730583142
3.4376549755348442,49.07053730583142
3.438208501246168,49.08350305498982
3.4382745266357126,49.096462204123185
3.438277651700158,49.10941475826972
3.4391253452326507,49.122360722462474
3.4394354126961586,49.122360722462474
3.4396844070518124,49.1353001017294
3.4413301986010456,49.1353001017294
3.4414096369277596,49.1353001017294
3.441531930351018,49.148232901093316
3.441610289058475,49.161159125571935
3.4418146568931465,49.161159125571935
3.4420646057350055,49.174078780177894
3.442638202088149,49.174078780177894
3.4426794897867325,49.1869918699187
3.442700960151239,49.1998983997968
3.442986056549078,49.1998983997968
3.44324843169227,49.212798374809545
3.4433612527145514,49.22569179994923
3.443560609036367,49.23857868020304
3.4437584955493983,49.251459020553156
3.444606919951367,49.26433282597666
3.4446393396351502,49.2772001014456
3.445175280515868,49.2772001014456
3.4452761578753877,49.2772001014456
3.445296086080707,49.290060851926974
3.4454418054316185,49.30291508238277
3.4456882544341236,49.31576279776989
3.4458754039060424,49.31576279776989
3.445980901331693,49.31576279776989
3.4462972289493674,49.32860400304028
3.4465099386586946,49.32860400304028
3.4473016272384696,49.32860400304028
3.448145720583616,49.32860400304028
3.4482207866237147,49.34143870314083
3.448266973408144,49.354266903013425
3.44864169763105,49.36708860759494
3.4487017174736,49.37990382181726
3.4490820731663243,49.392712550607285
3.4492460424815583,49.392712550607285
3.4492469689644016,49.40551479888693
3.4493155993003084,49.418310571573095
3.44961280101732,49.43109987357775
3.4500049375305744,49.44388270980789
3.450050367594061,49.456659085165526
3.450633384602991,49.456659085165526
3.450824152719857,49.46942900454775
3.4510398622637113,49.46942900454775
3.451065622587515,49.482192472846684
3.45153010117866,49.494949494949495
3.452066323193011,49.50770007573845
3.452104514246058,49.520444220090866
3.4527273323568997,49.520444220090866
3.453808675502155,49.53318193287913
3.454105341206875,49.54591321897074
3.4541314901315254,49.558638083228246
3.454318130045188,49.558638083228246
3.4548306728093814,49.558638083228246
3.455291019338618,49.571356530509334
3.455371971845459,49.58406856566675
3.4557744095751355,49.58406856566675
3.4559932380233014,49.58406856566675
3.4566210194720135,49.596774193548384
3.456798953854929,49.596774193548384
3.457118449537981,49.60947341899723
3.4572847444509427,49.60947341899723
3.4573192831989834,49.622166246851386
3.4573332216904786,49.622166246851386
3.457403473864051,49.634852681944096
3.457612377336804,49.64753272910373
3.4577213728854272,49.64753272910373
3.4579938805029244,49.64753272910373
3.4581548217203877,49.660206393153786
3.458233448138255,49.672873678912936
3.4582768782775055,49.685534591194966
3.458537859013623,49.685534591194966
3.4587568062695513,49.685534591194966
3.4591686182548,49.69818913480885
3.45917571558337,49.71083731455872
3.459350291972782,49.72347913524384
3.459414946596939,49.73611460165871
3.459544845229684,49.74874371859296
3.4598764171406042,49.74874371859296
3.4599856796712887,49.74874371859296
3.460156169202446,49.74874371859296
3.4606156408387667,49.76136649083145
3.4606171462456454,49.76136649083145
3.4611503752361066,49.77398292315419
3.461372322776065,49.786593020336426
3.461549550667799,49.786593020336426
3.461946752249975,49.79919678714859
3.462418330428918,49.81179422835634
3.4625648931559776,49.824385348720526
3.4627291952446186,49.824385348720526
3.4628872036445215,49.83697015299724
3.463366220226199,49.83697015299724
3.463666854313826,49.849548645937816
3.464285266475771,49.862120832288795
3.464494651595508,49.87468671679198
3.4648758929904915,49.887246304184416
3.4651189305074626,49.899799599198396
3.46528650916275,49.899799599198396
3.465457800781087,49.91234660656148
3.465750866563361,49.91234660656148
3.466042021510384,49.91234660656148
3.466615966023144,49.92488733099649
3.466674836580093,49.93742177722152
3.466885408200655,49.93742177722152
3.4671374005526507,49.94994994994995
3.467366243607959,49.96247185389041
3.467509483307866,49.97498749374687
3.4678377932615687,49.98749687421856
3.468121397527694,50.0
3.468444908205665,50.0
3.468629151702,50.0
3.4695423174231736,50.01249687578105
3.469638707177394,50.01249687578105
3.469707412824977,50.02498750624687
3.469956539654113,50.02498750624687
3.470298981080422,50.037471896077946
3.4716061590511123,50.037471896077946
3.471772205097935,50.049950049950056
3.4721117154648518,50.049950049950056
3.4722538702749457,50.06242197253433
3.472664715092928,50.06242197253433
3.473249910498407,50.06242197253433
3.4733981790672637,50.07488766849726
3.4734577440175842,50.07488766849726
3.47351842067593,50.07488766849726
3.473961341554686,50.087347142500626
3.4744688704145057,50.087347142500626
3.4752079301838434,50.087347142500626
3.4756861074723786,50.0998003992016
3.475776463076496,50.11224744325268
3.4763415843733703,50.11224744325268
3.4764110016773517,50.12468827930174
3.4764423496533365,50.12468827930174
3.476812913364729,50.12468827930174
3.477297132089927,50.13712291199203
3.4778760185473243,50.14955134596212
3.478420523445592,50.161973585846
3.478798045564757,50.17438963627304
3.478948943350732,50.186799501867995
3.479027787816487,50.199203187250994
3.4796404232906464,50.211600697037596
3.4797072355435663,50.22399203583873
3.4797405857796035,50.23637720826076
3.480048537016617,50.23637720826076
3.480230502429632,50.24875621890548
3.480267758222073,50.24875621890548
3.4811107322203587,50.26112907237006
3.4811319784631554,50.26112907237006
3.481399918653085,50.27349577324715
3.481578449560013,50.28585632612478
3.4828041789166915,50.28585632612478
3.4829748512551393,50.29821073558648
3.4830351131529627,50.29821073558648
3.4832195073494874,50.31055900621118
3.4832395696417953,50.32290114257327
3.4834314103747492,50.335237149242616
3.4834509620327423,50.34756703078451
3.483746610048674,50.359890791759746
3.4839601399543763,50.37220843672456
3.4841111154621887,50.37220843672456
3.484154154528076,50.37220843672456
3.4848107750991555,50.38451997023071
3.4852533542199127,50.39682539682539
3.4861620276295233,50.39682539682539
3.4863549215460554,50.39682539682539
3.4868385172195606,50.40912472105133
3.4874034311621607,50.40912472105133
3.487405413351758,50.4214179474467
3.4876334714320194,50.4214179474467
3.4878344823824605,50.43370508054523
3.488354011462799,50.44598612487612
3.4883735495912607,50.458261084964086
3.488715022264802,50.47052996532937
3.488794975631564,50.47052996532937
3.488883650014053,50.48279277048775
3.4889019895565325,50.495049504950494
3.489068228695089,50.50730017322444
3.489305097412682,50.50730017322444
3.4893224754168584,50.51954477981197
3.489768580251959,50.53178332921098
3.4898233520241977,50.54401582591493
3.4902560695897042,50.55624227441285
3.490314801610703,50.55624227441285
3.4909175752997106,50.56846267918932
3.4912512724675686,50.58067704472449
3.4913880544364404,50.59288537549407
3.4916045567160428,50.59288537549407
3.491702780875234,50.60508767596937
3.4920442207511955,50.60508767596937
3.492897967746699,50.617283950617285
3.493050832947534,50.617283950617285
3.493195177237797,50.62947420390027
3.493277001536276,50.6416584402764
3.4933159900694686,50.65383666419936
3.493472575300671,50.6660088801184
3.493611151141877,50.6660088801184
3.493707274650108,50.67817509247842
3.493863375539313,50.69033530571993
3.4941269635391374,50.702489524279024
3.4944631625009093,50.702489524279024
3.494685475819156,50.702489524279024
3.49472651368638,50.71463775258748
3.494727263018247,50.72677999507268
3.4952920362975797,50.72677999507268
3.4953436856676685,50.73891625615764
3.4953482323783325,50.75104654026102
3.4954933087762736,50.76317085179715
3.49608352880504,50.77528919517598
3.4964187568298453,50.78740157480315
3.4967848870128746,50.78740157480315
3.4970906130509354,50.79950799507995
3.497388476934602,50.79950799507995
3.497393433935905,50.79950799507995
3.4974717866732115,50.79950799507995
3.4978461137726273,50.81160846040335
3.4981752415529193,50.81160846040335
3.4982399363103913,50.81160846040335
3.498289168602395,50.82370297516597
3.4983364888919137,50.82370297516597
3.4984712509601246,50.835791543756145
3.4990998214904407,50.835791543756145
3.499114911355946,50.835791543756145
3.4991573773865867,50.835791543756145
3.4996597760163217,50.835791543756145
3.4996601704449555,50.835791543756145
3.4999592799499473,50.84787417055787
3.5001443611243146,50.859950859950864
3.5003610680562343,50.87202161631049
3.5009915640512896,50.87202161631049
3.50100400970986,50.884086444007856
3.5010643021051866,50.884086444007856
3.5017419806619823,50.89614534740977
3.502304072890337,50.90819833087874
3.502393010828593,50.90819833087874
3.502740200567483,50.90819833087874
3.5030621460469207,50.920245398773
3.503208987204717,50.920245398773
3.503764057919581,50.93228655544652
3.5041668460649023,50.93228655544652
3.504219264088201,50.93228655544652
3.504669832112859,50.94432180524896
3.5046780495164733,50.95635115252575
3.504747842312534,50.96837460161804
3.5061296539379785,50.98039215686274
3.506159312991924,50.9924038225925
3.5066070376756993,50.9924038225925
3.506674726342356,51.00440960313571
3.5066975646199343,51.01640950281655
3.506722855495442,51.02840352595494
3.507255213405262,51.040391676866584
3.5077464309047572,51.05237395986295
3.5078536611944346,51.06435037925129
3.5078538311619707,51.07632093933464
3.507867662818803,51.07632093933464
3.507971862616058,51.07632093933464
3.508190989830349,51.08828564441183
3.5082640338660753,51.08828564441183
3.5083360375165498,51.08828564441183
3.5084265404462416,51.08828564441183
3.5086738567112636,51.08828564441183
3.5091368940966214,51.08828564441183
3.5092348704666523,51.1002444987775
3.5094155722238214,51.1002444987775
3.509588655231122,51.11219750672207
3.5098497833348783,51.11219750672207
3.5103860664303776,51.11219750672207
3.5106136650796027,51.11219750672207
3.5106601078872837,51.11219750672207
3.510908274437689,51.12414467253177
3.511905360016924,51.13608600048863
3.512268214347349,51.14802149487054
3.5127177321164376,51.159951159951156
3.512787765834236,51.171875
3.5128127757953926,51.1837930192824
3.51297659255254,51.1837930192824
3.5130002165265837,51.19570522205954
3.513155322086412,51.19570522205954
3.5132511194243343,51.20761161258843
3.513699224378666,51.20761161258843
3.5137441719552656,51.21951219512195
3.514684972169205,51.2314069739088
3.5147286261374173,51.24329595319357
3.5149598759723073,51.24329595319357
3.514999205468937,51.24329595319357
3.5150003185899568,51.255179137216665
3.5153402669120246,51.255179137216665
3.515561703857067,51.267056530214425
3.516367101494379,51.278928136419
3.5169498672730835,51.29079396005846
3.5172540114768993,51.30265400535671
3.5174381355186943,51.30265400535671
3.517526827533873,51.31450827653359
3.5177928683716453,51.31450827653359
3.5180165662336487,51.32635677780482
3.5183985629721994,51.32635677780482
3.518469287530243,51.338199513382
3.518510712869035,51.350036487472636
3.518651996093884,51.36186770428015
3.519355758984916,51.36186770428015
3.519548568144357,51.36186770428015
3.5195831597560256,51.37369316800389
3.519585447854161,51.37369316800389
3.5196170267575027,51.38551288283909
3.519726263957888,51.39732685297691
3.519890190427172,51.40913508260447
3.5203590695893907,51.42093757590479
3.5206069366464043,51.42093757590479
3.5211398779192384,51.43273433705683
3.5213300036044646,51.43273433705683
3.5213444862012206,51.43273433705683
3.521542036349337,51.43273433705683
3.5216484364231038,51.43273433705683
3.522012834741801,51.43273433705683
3.52236873273868,51.43273433705683
3.5224834198646495,51.444525370235496
3.5225332856174005,51.45631067961165
3.5232568484121796,51.468090269352096
3.523591508716372,51.4798641436196
3.5238471943098983,51.4798641436196
3.524051673650995,51.4798641436196
3.5242625862345096,51.4798641436196
3.524415010942455,51.49163230657289
3.524621151546305,51.50339476236664
3.5247401065417394,51.515151515151516
3.5253091892091066,51.52690256907416
3.5255461991163055,51.5386479282772
3.5255641994858644,51.55038759689923
3.5257012236208594,51.56212157907484
3.5259382762641573,51.57384987893463
3.5259428047678267,51.58557250060518
3.5259604723779647,51.58557250060518
3.5259616344387603,51.58557250060518
3.5260219056306124,51.597289448209104
3.5263072181182067,51.60900072586499
3.526439120393781,51.60900072586499
3.5264885183759667,51.62070633768747
3.5268597700122384,51.63240628778718
3.5269113169938198,51.63240628778718
3.527045002922746,51.64410058027079
3.5272634110399426,51.655789219241
3.527305491572422,51.66747220879652
3.5274865100502826,51.66747220879652
3.527534500874176,51.66747220879652
3.5280206839903734,51.67914955303213
3.5280988950670626,51.690821256038646
3.528159756938291,51.690821256038646
3.528249323544728,51.690821256038646
3.5283192758657185,51.70248732190292
3.5284405559874923,51.714147754707874
3.5288130021423947,51.725802558532465
3.5288523320981544,51.737451737451735
3.528883966529946,51.7490952955368
3.529311467469214,51.7490952955368
3.5293198717742666,51.7607332368548
3.5293436783116894,51.772365565469016
3.5294762464122273,51.783992285438764
3.5302118288024458,51.79561340081948
3.530341307087871,51.80722891566265
3.530785810697933,51.8188388340159
3.531141042728808,51.83044315992292
3.531414584595728,51.84204189742355
3.531682884068094,51.853635050553684
3.531698328532608,51.86522262334536
3.532054114739298,51.87680461982676
3.532498716371648,51.88838104402214
3.5325027188687135,51.8999518999519
3.5325817460546047,51.911517191632605
3.5328461497288,51.92307692307693
3.5329335051438786,51.92307692307693
3.5330161069337396,51.93463109829368
3.533154485716593,51.94617972128784
3.5337127799037793,51.95772279606054
3.534024431919916,51.96926032660903
3.534270848323766,51.980792316926774
3.5343215755831197,51.99231877100337
3.5349023408599463,52.00383969282457
3.5349049573197906,52.00383969282457
3.5350962937626327,52.00383969282457
3.5353815242049724,52.00383969282457
3.535454289981845,52.00383969282457
3.5358699928602055,52.01535508637236
3.536395709060991,52.02686495562485
3.536851488363121,52.02686495562485
3.5373066982304717,52.02686495562485
3.537735838050569,52.02686495562485
3.5380431117483933,52.02686495562485
3.5380840203680863,52.02686495562485
3.538300743909483,52.038369304556355
3.538752018978137,52.038369304556355
3.5389917991379587,52.038369304556355
3.5392637367289677,52.038369304556355
3.539722657945335,52.04986813713738
3.54019466390491,52.06136145733461
3.540242780649129,52.072849269110954
3.54038023329978,52.072849269110954
3.5405231689518786,52.072849269110954
3.540666878814771,52.08433157642549
3.541127773109428,52.09580838323353
3.541319949314104,52.09580838323353
3.5416426013346163,52.10727969348659
3.5416785255630714,52.11874551113239
3.54176576463253,52.13020584011488
3.5418026447930204,52.13020584011488
3.542236756563132,52.141660684374244
3.542333993834902,52.15311004784689
3.5428332913872262,52.16455393446544
3.543220916421666,52.16455393446544
3.5435135781965914,52.16455393446544
3.543574019979267,52.16455393446544
3.543601002610646,52.17599234815877
3.5439978048952225,52.17599234815877
3.5440570850622755,52.17599234815877
3.5442386839932,52.17599234815877
3.5444204038747396,52.17599234815877
3.54461363925455,52.18742529285202
3.54487960184351,52.198852772466545
3.5451204650281904,52.210274790919954
3.545300156274597,52.22169135212613
3.5453901712888864,52.23310245999523
3.5456070727728988,52.23310245999523
3.5456981756392363,52.23310245999523
3.5463104550598725,52.24450811843362
3.5463921397856932,52.25590833134399
3.5464582989032927,52.2673031026253
3.5466047186112197,52.2673031026253
3.546656599071675,52.27869243617275
3.547475727521108,52.27869243617275
3.547706076507479,52.29007633587786
3.548536595409287,52.30145480562843
3.5485621237691545,52.30145480562843
3.548693237505795,52.30145480562843
3.5487123570881396,52.30145480562843
3.548774727352203,52.30145480562843
3.549040434519137,52.31282784930854
3.5490903326600884,52.31282784930854
3.549720026108342,52.32419547079857
3.550616858730514,52.33555767397522
3.5514213991233556,52.34691446271146
3.551765370351081,52.34691446271146
3.55208584130516,52.358265840876605
3.552395328529489,52.36961181233627
3.552873947879983,52.36961181233627
3.5532796366991786,52.38095238095239
3.5541158625810936,52.38095238095239
3.554277440343784,52.39228755058319
3.5543771333736323,52.403617325083296
3.5547882283045493,52.414941708303594
3.554951581445854,52.414941708303594
3.555167352816256,52.414941708303594
3.5552584531124625,52.42626070409134
3.555703272107075,52.437574316290124
3.5577640214679844,52.448882548739896
3.5578114040282185,52.46018540527692
3.5578766566649915,52.46018540527692
3.558052913212576,52.47148288973384
3.5581686949018483,52.48277500593965
3.5583282725946295,52.49406175771971
3.5585665958620454,52.50534314889575
3.5585775791498553,52.516619183285854
3.5587705844318753,52.516619183285854
3.559044017487041,52.52788986470449
3.5593153035680993,52.52788986470449
3.559598190146722,52.539155196962504
3.5598678531790515,52.539155196962504
3.5598793579169095,52.539155196962504
3.5601797199624885,52.55041518386714
3.5605826804861875,52.56166982922201
3.560718342882961,52.56166982922201
3.560848673959187,52.572919136827124
3.561021043857082,52.5841631104789
3.561229973246264,52.5841631104789
3.5613028573301295,52.59540175397014
3.5615382110501668,52.59540175397014
3.561797178120091,52.59540175397014
3.5622561833968187,52.60663507109005
3.5634973438078497,52.61786306562426
3.5635363093916874,52.62908574135481
3.5636848933833702,52.62908574135481
3.5639930505235076,52.62908574135481
3.5641489248490794,52.64030310206015
3.564694046157335,52.64030310206015
3.5647012717442927,52.65151515151515
3.564783538557806,52.662721893491124
3.564987123566158,52.6739233317558
3.5655005329869067,52.6739233317558
3.565517614822984,52.68511947007334
3.5659222810477886,52.69631031220435
3.566254919965173,52.70749586190588
3.566281733512129,52.70749586190588
3.566305710588508,52.71867612293144
3.5665446136263084,52.72985109903097
3.566604534024677,52.74102079395085
3.567175732252814,52.74102079395085
3.5672358798386252,52.75218521143397
3.5676231968942846,52.76334435521966
3.568227181056938,52.77449822904369
3.5686168434376953,52.77449822904369
3.568906325590404,52.77449822904369
3.569573111304765,52.77449822904369
3.569968303578714,52.785646836638335
3.570193233153937,52.785646836638335
3.5711353908638834,52.796790181732355
3.571144450894299,52.807928268050965
3.5714215845561093,52.807928268050965
3.571824671911827,52.81906109931588
3.571908512614606,52.83018867924528
3.571935520771859,52.83018867924528
3.5722273402569833,52.841311011553884
3.5729005589629916,52.85242809995285
3.573489102108166,52.85242809995285
3.57365518790885,52.85242809995285
3.573660893935787,52.86353994814989
3.573926457921441,52.86353994814989
3.574251524349771,52.86353994814989
3.574517342412224,52.874646559849204
3.5745728640163756,52.88574793875147
3.575084374067451,52.89684408855393
3.575178529134093,52.89684408855393
3.575508754230979,52.90793501295031
3.575761025969461,52.91902071563088
3.5758446878506347,52.91902071563088
3.5760256504510664,52.91902071563088
3.5760641153949524,52.91902071563088
3.5762053318646774,52.93010120028242
3.576318519856123,52.93010120028242
3.576337967131448,52.93010120028242
3.5763603730742055,52.94117647058824
3.576385790456791,52.94117647058824
3.576698217714763,52.95224653022819
3.576897995510401,52.96331138287864
3.576955075348039,52.96331138287864
3.5769960169838013,52.97437103221255
3.5770487137272613,52.97437103221255
3.5772093000995855,52.985425481899384
3.577574932713941,52.99647473560517
3.578103737116149,52.99647473560517
3.5783874784684273,53.00751879699248
3.5790216862028092,53.01855766972046
3.5791596400562122,53.02959135744481
3.579374943571626,53.040619863817795
3.579601096754376,53.051643192488264
3.5805764461229432,53.051643192488264
3.580829835809528,53.06266134710162
3.58103284081054,53.06266134710162
3.5812108428650373,53.06266134710162
3.584016711091791,53.073674331299856
3.5841945808164413,53.08468214872156
3.5853355596208885,53.09568480300187
3.5854062399895676,53.106682297772565
3.585872843416233,53.11767463666198
3.586378141915741,53.128661823295054
3.586782684719417,53.13964386129335
3.586793183062215,53.13964386129335
3.5869600908283856,53.13964386129335
3.587108189330805,53.13964386129335
3.5873945218918197,53.150620754275
3.5874101716343514,53.161592505854806
3.587535953174629,53.17255911964411
3.5875991963221177,53.18352059925093
3.587825448135102,53.1944769482799
3.587868216274573,53.20542817033223
3.588396100226536,53.216374269005854
3.5884155220717644,53.216374269005854
3.588570269499314,53.22731524789523
3.5885901283320343,53.23825111059154
3.5886377351920395,53.24918186068256
3.5886393215704984,53.26010750175275
3.5887573817860767,53.271028037383175
3.5888015438419423,53.28194347115161
3.5888608644604987,53.28194347115161
3.5889119824498095,53.292853806632415
3.5889120963249885,53.30375904739668
3.5889650203275076,53.31465919701214
3.589096798954911,53.32555425904317
3.589405989669657,53.32555425904317
3.589485099405564,53.33644423705086
3.589494670762174,53.33644423705086
3.5895155711030826,53.34732913459296
3.5895362520834846,53.35820895522389
3.589541987308633,53.369083702494756
3.5900217905915515,53.379953379953385
3.590236426097048,53.39081799114426
3.590438096157828,53.39081799114426
3.5907871593920753,53.40167753960857
3.5918031714648206,53.41253202888423
3.591839387478469,53.42338146250582
3.5919586826586936,53.43422584400466
3.5925464278545136,53.43422584400466
3.592574920303753,53.445065176908756
3.5927861032539496,53.45589946474284
3.592786778522279,53.46672871102839
3.593083919176888,53.46672871102839
3.5932895720527163,53.47755291928355
3.593724132471486,53.48837209302325
3.5942885006211456,53.49918623575912
3.5947634171660026,53.50999535099954
3.595052876472467,53.52079944224959
3.5951047370620106,53.52079944224959
3.5952220106575417,53.53159851301115
3.5955842781426575,53.542392566782816
3.595993649414748,53.542392566782816
3.596044199845621,53.55318160705992
3.5963897569203183,53.55318160705992
3.597264572125597,53.563965637334576
3.597390086309692,53.563965637334576
3.597953253048812,53.563965637334576
3.598728938882931,53.57474466109564
3.598792572161462,53.57474466109564
3.5990786880507524,53.57474466109564
3.5992375872415034,53.585518681828724
3.5994489865515638,53.596287703016245
3.599556991571633,53.596287703016245
3.5996975909092095,53.596287703016245
3.599772296618311,53.60705172813732
3.5999141723631825,53.60705172813732
3.599937965352181,53.61781076066791
3.600083252120106,53.62856480408069
3.6000920200921445,53.63931386184515
3.600269077331492,53.650057937427576
3.6004066337179794,53.650057937427576
3.6009026064903793,53.66079703429101
3.6018336883833593,53.6715311558953
3.602080806380622,53.682260305697085
3.6022402233788946,53.682260305697085
3.6023973343311266,53.69298448714981
3.6028270462302436,53.70370370370371
3.60319349284693,53.70370370370371
3.6032546124886924,53.714417958805825
3.6034121291330057,53.72512725590005
3.603419265151159,53.72512725590005
3.604112094542873,53.73583159842702
3.604555132618521,53.74653098982424
3.6045973757253558,53.74653098982424
3.6055705230046784,53.74653098982424
3.6056214828809123,53.74653098982424
3.6056589900530223,53.74653098982424
3.605788635643,53.75722543352601
3.606523948782226,53.75722543352601
3.606988546499233,53.76791493296348
3.6070237426150507,53.76791493296348
3.6070560695642357,53.77859949156459
3.6070670175263184,53.789279112754166
3.6071339063411245,53.799953799953805
3.607234582807819,53.81062355658198
3.607317019195134,53.81062355658198
3.6076787239358294,53.821288386054036
3.6077210915023654,53.821288386054036
3.6078310075717006,53.83194829178208
3.6086849575423052,53.84260327717517
3.608893790281156,53.85325334563913
3.610046414308092,53.8638985005767
3.610470607377384,53.874538745387454
3.610639113215661,53.88517408346784
3.610808091892565,53.89580451821116
3.6109038381786003,53.89580451821116
3.6110410665076107,53.906430053007604
3.6115135727096876,53.906430053007604
3.611775471031158,53.906430053007604
3.612315725424139,53.91705069124424
3.6126556865086714,53.91705069124424
3.612692154368307,53.91705069124424
3.6134755485274708,53.927666436305
3.6135846196307524,53.9382772915707
3.6136121855107146,53.948883260419066
3.6136582399888093,53.948883260419066
3.613962388861108,53.948883260419066
3.6140941738070143,53.95948434622467
3.6144988958475723,53.970080552359036
3.6146506056229306,53.98067188219052
3.614766666963574,53.991258339084425
3.614860130445064,54.00183992640294
3.6148639056314655,54.00183992640294
3.615116353088279,54.01241664750517
3.615287019213736,54.02298850574713
3.615614876315401,54.033555504481726
3.6157037164208496,54.033555504481726
3.6166127607775147,54.04411764705882
3.6168225863007057,54.04411764705882
3.617046185641447,54.05467493682517
3.6170612193443765,54.05467493682517
3.6171317662579465,54.06522737712448
3.61730372904523,54.06522737712448
3.6176549566588054,54.07577497129736
3.6177808393519033,54.08631772268136
3.617833856105642,54.096855634610975
3.6179017003459393,54.107388710417624
3.6182649725322644,54.11791695342969
3.6184260550158633,54.12844036697248
3.618637283120052,54.13895895436826
3.618696343461774,54.149472718936266
3.619022006014464,54.15998166399266
3.6190261067475524,54.1704857928506
3.6190648991224026,54.18098510882016
3.6192976001214734,54.18098510882016
3.6201544728588106,54.19147961520843
3.6204340888126088,54.19147961520843
3.620736785307606,54.201969315319445
3.621721718782778,54.201969315319445
3.622163985980075,54.21245421245421
3.6227161809154635,54.222934309910734
3.6242173533881896,54.23340961098398
3.6243434428169796,54.23340961098398
3.6245818447584757,54.23340961098398
3.62483173924057,54.24388011896591
3.6254339792762327,54.24388011896591
3.6259081368561352,54.24388011896591
3.6260080201050213,54.254345837145465
3.6263243607245323,54.254345837145465
3.626561391904177,54.26480676880859
3.62762456833494,54.26480676880859
3.6276353849288676,54.27526291723822
3.628263873307181,54.27526291723822
3.628282080158252,54.27526291723822
3.628541380026038,54.27526291723822
3.62855904505558,54.285714285714285
3.6286437214140275,54.285714285714285
3.62932979540737,54.296160877513714
3.6297747791451482,54.30660269591044
3.629946294383459,54.317039744175425
3.6301898497941187,54.32747202557662
3.6306191594660198,54.337899543378995
3.6308239432070937,54.34832230084455
3.6310226438927735,54.35874030123231
3.631081806418455,54.35874030123231
3.631206845169015,54.36915354779831
3.6312233743014537,54.379562043795616
3.631294788664873,54.38996579247435
3.6314690326997923,54.40036479708162
3.6317412988050353,54.410759060861636
3.6318309448126573,54.4211485870556
3.631867354034238,54.4315333789018
3.632327633374928,54.441913439635535
3.6324607796304806,54.452288772489176
3.633747019119843,54.462659380692166
3.6337584099308478,54.462659380692166
3.6337674262290784,54.462659380692166
3.6338792399578774,54.47302526747097
3.634155384457525,54.48338643604915
3.6348912019021284,54.49374288964732
3.6349745142644148,54.50409463148317
3.6350417349531248,54.50409463148317
3.6353174808467483,54.50409463148317
3.6359921456267568,54.51444166477144
3.636049026486213,54.51444166477144
3.6364344421975017,54.52478399272397
3.6364802766180433,54.535121618549674
3.6366990865091453,54.54545454545454
3.6367084215935774,54.55578277664167
3.6368777754399435,54.566106315311224
3.6370393093177773,54.576425164660456
3.6370831396244543,54.586739327883734
3.637626821158699,54.59704880817253
3.6377462862916192,54.60735360871539
3.637822019563383,54.61765373269798
3.6378291446471036,54.62794918330308
3.6379743985427213,54.63823996371059
3.638199458264582,54.6485260770975
3.638242121493328,54.65880752663795
3.6384379564237803,54.66908431550317
3.640118336462026,54.67935644686155
3.6402750534209902,54.68962392387857
3.6405814423006517,54.699886749716875
3.640615906001577,54.710144927536234
3.641468997906553,54.72039846049355
3.641577995900546,54.73064735174287
3.641802770539779,54.74089160443539
3.6427244063868427,54.75113122171946
3.642930955531108,54.76136620674056
3.6430172930674396,54.771596562641335
3.6431909149310706,54.781822292561614
3.6433288356661064,54.781822292561614
3.643554357726597,54.79204339963834
3.643648637724896,54.80225988700565
3.644126385336456,54.812471757794846
3.64429356737612,54.8226790151344
3.6444405173886527,54.83288166214996
3.6449676359582286,54.84307970196433
3.6451927649716183,54.85327313769752
3.6454830731861656,54.85327313769752
3.6455644775918197,54.86346197246671
3.645703881267557,54.86346197246671
3.6457418438997853,54.87364620938629
3.6460189528585003,54.88382585156779
3.6462322992568894,54.88382585156779
3.646412080229347,54.89400090211998
3.6469829170440264,54.904171364148816
3.6472326223565203,54.91433724075744
3.6473968291202685,54.924498535046204
3.6475678498963924,54.93465525011266
3.648141417897695,54.93465525011266
3.6486566579868067,54.93465525011266
3.649236985662736,54.93465525011266
3.6493479331789573,54.94480738905159
3.6494630724071495,54.94480738905159
3.6495706358884688,54.94480738905159
3.6495718309738923,54.95495495495496
3.6499183997129387,54.965097950911954
3.6500619566124506,54.97523638000901
3.6503908346841354,54.98537024532973
3.650444529559409,54.995499549955
3.650490235696315,55.005624296962885
3.6506672443832944,55.005624296962885
3.650681790013977,55.005624296962885
3.6509645463291998,55.0157444894287
3.651195101275841,55.0157444894287
3.651244431136694,55.02586013042501
3.651267832281534,55.02586013042501
3.651451112305627,55.03597122302158
3.6517352314600937,55.03597122302158
3.651969529360304,55.03597122302158
3.6533531134544712,55.046077770285464
3.6536954711028766,55.0561797752809
3.653800944843684,55.06627724106943
3.654849940189909,55.0763701707098
3.6552184092152307,55.0763701707098
3.6555450227231328,55.08645856725802
3.6555468762880716,55.096542433767404
3.6555634805275927,55.106621773288445
3.655664159744859,55.11669658886894
3.6557761793496537,55.126766883553955
3.656053358280184,55.13683266038583
3.656179662195386,55.146893922404125
3.6563565203168866,55.15695067264574
3.6563803774319883,55.16700291414482
3.656798720917711,55.17705064993277
3.6570847319602557,55.17705064993277
3.6572202391359054,55.187093883038315
3.6572267592364476,55.187093883038315
3.6574576886469936,55.187093883038315
3.6581079033598174,55.187093883038315
3.658108831604598,55.19713261648745
3.658565038915416,55.20716685330347
3.6586972983926835,55.217196596506945
3.658795992199016,55.217196596506945
3.6592697214865093,55.227221849115736
3.659356245965631,55.227221849115736
3.6595975873765996,55.227221849115736
3.659789765151009,55.23724261414503
3.6600822165591858,55.23724261414503
3.6602130480187944,55.23724261414503
3.6603759945085597,55.2472588946073
3.660426597851867,55.257270693512304
3.6610946604046797,55.26727801386715
3.6621772522214426,55.27728085867621
3.662320112389456,55.2872792309412
3.6629294877999268,55.29727313366115
3.6635130977920625,55.3072625698324
3.663662153459402,55.31724754244861
3.6642735735066556,55.32722805450078
3.665437692868243,55.32722805450078
3.6657813142314963,55.337204108977225
3.665856110118495,55.34717570886358
3.6658899318450313,55.35714285714286
3.665913986506974,55.35714285714286
3.666080771135485,55.35714285714286
3.6662399924207554,55.36710555679536
3.6670343019206797,55.36710555679536
3.6673542708114644,55.37706381079875
3.6677700105370694,55.37706381079875
3.6678876085505046,55.38701762212804
3.668041271952653,55.39696699375558
3.6688328679531526,55.39696699375558
3.6695274898225305,55.406911928651056
3.6695296842776504,55.406911928651056
3.6699950413824745,55.416852429781535
3.6701107791198497,55.426788500111435
3.670158078610848,55.43672014260249
3.6710450829587584,55.44664736021385
3.6712261891986184,55.45657015590201
3.671711603833974,55.466488532620794
3.671721675229448,55.466488532620794
3.67180756456487,55.476402493321466
3.671890810435697,55.476402493321466
3.672089148860239,55.476402493321466
3.6722903061862975,55.48631204095259
3.6722925357566747,55.48631204095259
3.6726566153974067,55.49621717846017
3.6726647429905444,55.506117908787544
3.6726794269699323,55.51601423487544
3.6728132818072936,55.525906159662
3.672831687156535,55.525906159662
3.6732450835337853,55.5357936860827
3.673267042610439,55.54567681707046
3.6736694984335627,55.55555555555556
3.6737939078087787,55.56542990446568
3.6747784977385725,55.56542990446568
3.6749573985227126,55.5752998667259
3.675070724404422,55.585165445258724
3.6750720109096213,55.59502664298401
3.675159499553067,55.60488346281909
3.675453473569695,55.61473590767865
3.675658960830921,55.62458398047482
3.675694386137184,55.62458398047482
3.6758321246227332,55.62458398047482
3.676255058117808,55.63442768411713
3.6764730762580777,55.644267021512526
3.676531421269943,55.644267021512526
3.676689101889044,55.654101995565405
3.6768296486034164,55.66393260917757
3.6770628504884484,55.66393260917757
3.6772145147541826,55.66393260917757
3.6773099418915427,55.66393260917757
3.6773863670056293,55.66393260917757
3.677742631084507,55.673758865248224
3.6779174313247918,55.673758865248224
3.678353688715467,55.683580766674055
3.678354472370314,55.69339831634914
3.678877018238528,55.70321151716501
3.679071597159943,55.70321151716501
3.6790881532282853,55.713020372010625
3.6799078097670503,55.713020372010625
3.6800099903191423,55.713020372010625
3.680594247898902,55.72282488377242
3.680685683833731,55.72282488377242
3.6807499103774135,55.73262505533422
3.681086560895563,55.74242088957734
3.681427363997926,55.75221238938053
3.6819126372564774,55.75221238938053
3.6819833470495102,55.76199955761999
3.6822506967994784,55.76199955761999
3.682530378191982,55.77178239716939
3.6828149218460795,55.78156091089984
3.683236736793505,55.78156091089984
3.6839828773519785,55.79133510167993
3.684413471713151,55.79133510167993
3.684726787224528,55.79133510167993
3.684783791678792,55.80110497237569
3.6848996030722714,55.80110497237569
3.6853499353802994,55.81087052585064
3.685495838534343,55.81087052585064
3.6860726405111564,55.81087052585064
3.6861810878750205,55.82063176496575
3.6861917900349987,55.830388692579504
3.686409475278699,55.84014131154781
3.6864993961996952,55.84014131154781
3.6866682228698395,55.84014131154781
3.6868818006018658,55.84014131154781
3.6869252654998728,55.84014131154781
3.6869447624169966,55.84988962472406
3.6878852860559395,55.859633634959174
3.68869102660309,55.859633634959174
3.689071177697946,55.8693733451015
3.6894619394238277,55.87910875799691
3.689470422405936,55.88883987648875
3.689524001116977,55.89856670341786
3.689598447822246,55.89856670341786
3.6897961149941536,55.908289241622576
3.6900116213997403,55.918007493938724
3.690031353628392,55.918007493938724
3.6905094390004374,55.918007493938724
3.690604025012093,55.927721463199646
3.6907871364722777,55.927721463199646
3.6908587346035833,55.93743115223617
3.6915383010063945,55.947136563876654
3.6917613831023024,55.947136563876654
3.6919134896920376,55.95683770094693
3.6922749777493657,55.96653456627037
3.6922858554072406,55.97622716266783
3.6922952212389792,55.98591549295775
3.6924320925184566,55.98591549295775
3.692532950432117,55.995599559956
3.6941880196250985,55.995599559956
3.6946201528469116,56.005279366476024
3.694705470980927,56.01495491532879
3.6949699810320413,56.02462620932278
3.6950398211853495,56.02462620932278
3.695301843107092,56.02462620932278
3.695566949541135,56.03429325126401
3.6956487789882777,56.03429325126401
3.695649665847791,56.03429325126401
3.696144661910646,56.03429325126401
3.696815574060692,56.043956043956044
3.6970075484743203,56.043956043956044
3.6970773652990587,56.05361459019995
3.6973394812572353,56.05361459019995
3.697951760461331,56.06326889279437
3.6984408877078057,56.07291895453547
3.6984570303302675,56.08256477821695
3.698564862804837,56.08256477821695
3.698653716063635,56.08256477821695
3.698903320560314,56.09220636663008
3.6989532151996998,56.09220636663008
3.699317329055586,56.10184372256365
3.6996387466804297,56.111476848804045
3.6998544967556333,56.12110574813515
3.700052785506869,56.13073042333845
3.7001085609192046,56.14035087719298
3.7003073934127477,56.14035087719298
3.701453622492666,56.14035087719298
3.7016798537839355,56.14996711247533
3.701699702909941,56.15957913195967
3.701887110594498,56.15957913195967
3.7019193526100462,56.15957913195967
3.70228379539808,56.15957913195967
3.7025579332204095,56.15957913195967
3.702684664330521,56.1691869384177
3.702737886342699,56.17879053461875
3.7034763791426855,56.17879053461875
3.7035528774146336,56.18838992332969
3.7037553870755433,56.19798510731494
3.703813130371196,56.19798510731494
3.7038419512435037,56.20757608933654
3.704594513342881,56.21716287215411
3.704721798264422,56.22674545852484
3.704960592093437,56.236323851203494
3.705079137046634,56.245898052942465
3.705642929734691,56.245898052942465
3.7058032119668614,56.25546806649169
3.705992630497445,56.25546806649169
3.706102876392012,56.25546806649169
3.706135745635707,56.26503389459874
3.7061684537871544,56.27459554000874
3.7066994150140933,56.284153005464475
3.7071287042897803,56.29370629370629
3.707170279769357,56.30325540747214
3.7071857808009585,56.30325540747214
3.7077542996451553,56.31280034949759
3.708147246552134,56.31280034949759
3.708562854489968,56.31280034949759
3.708688653737834,56.32234112251583
3.7088112226259824,56.33187772925764
3.7090844895431907,56.33187772925764
3.709244419703791,56.33187772925764
3.7094891480475938,56.33187772925764
3.709544539690433,56.34141017245143
3.710316407499379,56.35093845482322
3.7103425990386083,56.35093845482322
3.7103867769502523,56.36046257909666
3.710430210286118,56.36046257909666
3.711014348849317,56.36998254799301
3.711060404984588,56.37949836423118
3.7114977714750896,56.3890100305277
3.71179199268197,56.39851754959668
3.7136001474520635,56.40802092414996
3.713654095227539,56.41752015689693
3.7136680774421826,56.41752015689693
3.7141327271996594,56.42701525054466
3.7143583922506003,56.43650620779786
3.7146195889143785,56.44599303135889
3.7148970667206154,56.45547572392772
3.7150274903117237,56.46495428820201
3.7152470335729197,56.474428726877036
3.715259498067999,56.48389904264578
3.7157618704952666,56.49336523819882
3.7160960882787246,56.50282731622445
3.716251343934931,56.50282731622445
3.7166686945995875,56.50282731622445
3.7171445348442487,56.50282731622445
3.717145775963328,56.50282731622445
3.7174093151262366,56.51228527940857
3.717652796132163,56.52173913043478
3.7177155996443108,56.53118887198435
3.717752625354844,56.53118887198435
3.718169114458673,56.5406345067362
3.718182271376399,56.550076037366935
3.718452978972823,56.559513466550825
3.7186221154123884,56.56894679695983
3.7186233997331186,56.578376031263566
3.7193165734642295,56.58780117212937
3.719856565346149,56.58780117212937
3.719896992382396,56.58780117212937
3.7200637650435495,56.58780117212937
3.7202776201925243,56.59722222222222
3.720587928980865,56.60663918420482
3.7207580249654555,56.61605206073753
3.7208119876253445,56.61605206073753
3.7210300175587214,56.61605206073753
3.721065018018654,56.625460854478426
3.7211049045478575,56.63486556808326
3.721314684781129,56.64426620420551
3.721442650994255,56.653662765496314
3.7216566807558,56.66305525460456
3.7217407443795367,56.66305525460456
3.72247471533234,56.672443674176776
3.7226361465467095,56.672443674176776
3.7227197689930547,56.68182802685726
3.7227540848010583,56.691208315288
3.7227852711359053,56.70058454210868
3.7231266722904905,56.709956709956714
3.723154397722402,56.709956709956714
3.723568097057861,56.71932482146721
3.723586207466206,56.71932482146721
3.724070046924061,56.72868887927304
3.724442568368748,56.72868887927304
3.7248282212186816,56.72868887927304
3.724933679959047,56.738048886004755
3.7250171756240933,56.747404844290664
3.7250518941307442,56.747404844290664
3.725285508922824,56.75675675675676
3.725452599167514,56.75675675675676
3.7255056227058745,56.7661046260268
3.725534258131473,56.77544845472228
3.7255899602999345,56.77544845472228
3.726014396830141,56.7847882454624
3.7261736440151507,56.79412400086412
3.726678681915385,56.803455723542115
3.726754984853024,56.812783416108836
3.7273562956273816,56.812783416108836
3.727554743413382,56.812783416108836
3.727709022622013,56.82210708117444
3.727929969718844,56.82210708117444
3.728197361797293,56.82210708117444
3.7282960198433277,56.82210708117444
3.7283258949819045,56.82210708117444
3.7288655909685313,56.82210708117444
3.7297235907458415,56.83142672134686
3.7308342828027437,56.84074233923177
3.730863439929344,56.85005393743258
3.730939722185478,56.85005393743258
3.7310278383970332,56.85936151855048
3.731284308266469,56.86866508518439
3.7315656462486095,56.877964639931
3.731579817995141,56.877964639931
3.7318487227718653,56.88726018538478
3.732337043177121,56.896551724137936
3.7325409426303584,56.90583925878043
3.732543330167407,56.90583925878043
3.733256635252519,56.91512279190004
3.733629616499765,56.92440232608228
3.7337254379942175,56.933677863910425
3.7337561817034244,56.933677863910425
3.7340263198581116,56.94294940796556
3.7340652269991694,56.94294940796556
3.734297665956226,56.95221696082652
3.7343068197646425,56.96148052506994
3.734456871390841,56.96148052506994
3.7346326259489318,56.96148052506994
3.7346631649373507,56.970740103270224
3.7348731183572395,56.97999569799958
3.7351866188871345,56.98924731182796
3.735794577374542,56.98924731182796
3.7362070058899857,56.99849494732315
3.736288969475647,57.007738607050726
3.7368715997808164,57.007738607050726
3.7368906124870316,57.01697829357404
3.7369131181350586,57.026214009454236
3.7370644290244504,57.03544575725027
3.737439687264655,57.03544575725027
3.737703289010577,57.0446735395189
3.7377567402285674,57.05389735881469
3.738188412287482,57.05389735881469
3.7382873519242126,57.05389735881469
3.738431852753017,57.06311721768999
3.738875655761136,57.072333118695
3.7388803609468617,57.08154506437768
3.738987159886816,57.08154506437768
3.7390632102958117,57.09075305728385
3.7393375544578977,57.0999570999571
3.739576918734741,57.109157194938874
3.7402020295450784,57.109157194938874
3.740233207641136,57.11835334476844
3.740483987261404,57.11835334476844
3.7404876535136764,57.12754555198285
3.740496573431639,57.13673381911701
3.7408191992238966,57.145918148703664
3.740841529976322,57.155098543273354
3.7408733344156793,57.16427500535447
3.7410966816976696,57.17344753747323
3.741159899213428,57.17344753747323
3.7412688423242844,57.17344753747323
3.7412935129061347,57.18261614215372
3.7413348196756036,57.18261614215372
3.742793197701601,57.1917808219178
3.742938720389641,57.20094157928526
3.743648023032729,57.21009841677363
3.743666613897911,57.21925133689839
3.74376628806403,57.21925133689839
3.7439797664222354,57.21925133689839
3.7441124785631104,57.228400342172804
3.7443076370295816,57.237545435107975
3.744390533772221,57.24668661821292
3.7449035477025103,57.25582389399444
3.745315832415107,57.26495726495726
3.7456651095813047,57.27408673360394
3.745744593710543,57.28321230243486
3.7457784350241035,57.29233397394833
3.746339686587507,57.301451750640474
3.7465430913403344,57.31056563500534
3.7467432450661744,57.319675629534785
3.7471989269282306,57.32878173671858
3.7473973668867724,57.32878173671858
3.747672025607162,57.33788395904437
3.747988083439268,57.34698229899765
3.7482562288620684,57.356076759061835
3.7483162940626342,57.365167341718184
3.7484030959739867,57.37425404944586
3.7484933870996473,57.38333688472193
3.748881257360669,57.39241585002131
3.7491555163542096,57.39241585002131
3.7493315656379655,57.401490947816825
3.749485823087759,57.41056218057922
3.7495810562080782,57.419629550777096
3.7499156059285776,57.419629550777096
3.750476532040331,57.42869306087697
3.750566299064308,57.42869306087697
3.750795320763474,57.43775271334326
3.7509923395516065,57.446808510638306
3.7511288142198844,57.45586045522229
3.7511408376491073,57.45586045522229
3.751157246194869,57.464908549553385
3.7516345129012505,57.4739527960876
3.7520479906371054,57.48299319727891
3.7520648148026314,57.49202975557917
3.7522512338617817,57.50106247343817
3.752504152836191,57.510091353303594
3.752986618707857,57.510091353303594
3.7538608776604305,57.510091353303594
3.754033778767496,57.519116397621076
3.7542841052110503,57.52813760883415
3.754525856849713,57.52813760883415
3.7545620101875627,57.52813760883415
3.7547610856147915,57.537154989384284
3.754765254322557,57.537154989384284
3.754865538264431,57.546168541710884
3.7549462941777927,57.546168541710884
3.7552207053679685,57.555178268251275
3.755784049959186,57.564184171440694
3.7559309181193656,57.57318625371235
3.75610997841077,57.582184517497346
3.756276007558233,57.59117896522476
3.7568788765136074,57.6001695993216
3.7569851140115547,57.6001695993216
3.7570299760668444,57.6001695993216
3.757215508821255,57.609156422212806
3.757326698663477,57.609156422212806
3.7573575442350062,57.61813943632126
3.7573658836998614,57.6271186440678
3.7574895376021975,57.63609404787121
3.7578013915954926,57.63609404787121
3.757906890571306,57.64506565014824
3.758322451969626,57.64506565014824
3.758323435466764,57.654033453313566
3.758425296020565,57.66299745977985
3.7586927170202107,57.66299745977985
3.7587045219903756,57.67195767195767
3.758921400623233,57.67195767195767
3.759149610237682,57.680914092255605
3.7592333286665944,57.68986672308017
3.75929250314762,57.69881556683587
3.7599599338595224,57.69881556683587
3.7599791518908825,57.70776062592514
3.7599982867494344,57.71670190274841
3.760042632768137,57.72563939970408
3.76114615946689,57.734573119188504
3.7611747493374237,57.734573119188504
3.7612316655502536,57.74350306359602
3.7614152956016342,57.75242923531897
3.761760312369685,57.76135163674763
3.7621094188561335,57.770270270270274
3.762250627287616,57.77918513827317
3.762511923480581,57.788096243140565
3.76267600654577,57.79700358725469
3.7628099858428286,57.80590717299579
3.763432556300942,57.80590717299579
3.763667241704566,57.80590717299579
3.7636964968124995,57.80590717299579
3.763798968270121,57.80590717299579
3.7639030189604674,57.80590717299579
3.7640501036979526,57.81480700274204
3.7643013089599346,57.82370307886967
3.764373459626692,57.8325954037529
3.7644400872960886,57.84148397976391
3.764491011053988,57.84148397976391
3.764496753185513,57.85036880927292
3.764498907350447,57.85924989464812
3.7645144918280518,57.85924989464812
3.764675521588611,57.85924989464812
3.765106820449928,57.85924989464812
3.765245789679069,57.85924989464812
3.76540143366231,57.85924989464812
3.7658824710494674,57.85924989464812
3.7661106407451284,57.86812723825574
3.7663243638640562,57.86812723825574
3.766669497522206,57.87700084245998
3.7668563387275595,57.87700084245998
3.766899609853506,57.87700084245998
3.766987551435716,57.88587070962308
3.7670065696928567,57.88587070962308
3.7671003572362993,57.89473684210527
3.767221819580954,57.89473684210527
3.7677072529574365,57.89473684210527
3.7679130030779646,57.90359924226479
3.7681052093390526,57.90359924226479
3.7683808760397697,57.91245791245792
3.7689368986321763,57.92131285503892
3.7689779083658688,57.92131285503892
3.769115246014071,57.930164072360114
3.7693753810471717,57.930164072360114
3.7695208709515255,57.930164072360114
3.7697759907522186,57.93901156677181
3.770309914865104,57.94785534062237
3.7704842533943097,57.94785534062237
3.7707879471125847,57.95669539625815
3.770879749328266,57.965531736023536
3.7710619154885987,57.965531736023536
3.7712526523056558,57.97436436226098
3.771347306370604,57.98319327731093
3.771524883179278,57.99201848351186
3.7715580439059666,57.99201848351186
3.771621035847019,58.000839983200336
3.7716645339576185,58.0096577787109
3.7717006009498166,58.01847187237615
3.771742804727391,58.02728226652676
3.7719250826644024,58.036088963491395
3.772263242824112,58.04489196559681
3.772524231373381,58.04489196559681
3.772813536598368,58.053691275167786
3.772833745361854,58.062486894527154
3.7728965876723923,58.07127882599581
3.7730316352577975,58.07127882599581
3.7731082656724686,58.080067071892685
3.773325592058695,58.080067071892685
3.7736903176865546,58.08885163453479
3.7737809632020074,58.09763251623716
3.7742088628282793,58.10640971931294
3.7742197414354766,58.10640971931294
3.7744967602205555,58.1151832460733
3.7745525852912345,58.12395309882747
3.774793355349854,58.12395309882747
3.7749788902911887,58.12395309882747
3.7753330007789225,58.12395309882747
3.7756169305325433,58.13271927988277
3.775725639233185,58.14148179154458
3.7758957947509857,58.150240636116344
3.776051601103864,58.150240636116344
3.77610195499733,58.15899581589959
3.7761450535761822,58.1677473331939
3.776280846835762,58.1677473331939
3.776327117073924,58.17649519029695
3.7763314351997694,58.185239389504495
3.776363079658359,58.19397993311036
3.776471977226322,58.202716823406476
3.776578322388671,58.202716823406476
3.776670477611946,58.21145006268282
3.7769169514491563,58.22017965322749
3.7769773608545623,58.22017965322749
3.7769889220708555,58.22890559732665
3.777011701889083,58.22890559732665
3.777618241020522,58.23762789726457
3.7776498514694787,58.24634655532359
3.7778574422736546,58.24634655532359
3.7778920611724636,58.25506157378418
3.7783555123430577,58.263772954924875
3.7787490260011545,58.272480701022324
3.778834827606064,58.272480701022324
3.778963942735526,58.28118481435127
3.778967559634761,58.28988529718456
3.7791369743778405,58.28988529718456
3.7794864800335732,58.29858215179316
3.7798203806345607,58.29858215179316
3.7804866828818975,58.307275380446114
3.7805618784680712,58.31596498541059
3.7805836784448883,58.324650968951865
3.7806307860801027,58.324650968951865
3.7810476808168563,58.333333333333336
3.7811086104385327,58.333333333333336
3.781441355150729,58.342012080816495
3.782008350395425,58.350687213660976
3.7820158910438755,58.3593587341245
3.7825402007308666,58.368026644462944
3.7833197206625133,58.376690946930275
3.7833707690755656,58.376690946930275
3.7834995362573207,58.385351643778606
3.783556717219097,58.385351643778606
3.7836034980560362,58.39400873725816
3.783864279408631,58.39400873725816
3.7840765556648264,58.39400873725816
3.784177672227955,58.402662229617306
3.7843594135533833,58.402662229617306
3.784729317282444,58.41131212310252
3.784916421641911,58.41995841995842
3.78518668770504,58.42860112242777
3.785207341303058,58.43724023275145
3.785698205143991,58.445875753168494
3.785720169792796,58.445875753168494
3.7857947624001165,58.445875753168494
3.7860955896089803,58.445875753168494
3.786175804605302,58.45450768591608
3.786241274923898,58.46313603322949
3.7863525758564456,58.4717607973422
3.786813023717779,58.48038198048579
3.78709978454195,58.48038198048579
3.7871821876573297,58.48899958489
3.7874427334435707,58.49761361278274
3.787559542286209,58.49761361278274
3.7878580867087566,58.50622406639005
3.788048398212959,58.51483094793611
3.788088934023554,58.5234342596433
3.788319839690661,58.5234342596433
3.7887823602898907,58.532034003732115
3.7897623821641657,58.540630182421225
3.7898597185867566,58.549222797927456
3.790445398220934,58.549222797927456
3.7907453614292597,58.549222797927456
3.7908664615217114,58.55781185246581
3.790894685770337,58.56639734824943
3.7911709869210677,58.57497928748965
3.7916248127932226,58.57497928748965
3.791647132336902,58.58355767239593
3.7920761299906425,58.58355767239593
3.7923528560616306,58.59213250517599
3.7924146415664626,58.59213250517599
3.7925982672066882,58.59213250517599
3.793020626268535,58.6007037880356
3.793731448811284,58.609271523178805
3.7937688774768064,58.617835712807775
3.793986729764109,58.62639635912288
3.794717577674182,58.63495346432265
3.7949573729628217,58.6435070306038
3.7951873918032506,58.652057060161255
3.7958718074976656,58.660603555188096
3.7959725402496853,58.660603555188096
3.7961165099588747,58.66914651787559
3.7961747288404317,58.67768595041323
3.796666429915955,58.68622185498864
3.79707018384258,58.69475423378769
3.797203477751274,58.69475423378769
3.7972571318142423,58.70328308899443
3.797270018941892,58.71180842279108
3.7976311414876998,58.7203302373581
3.7978212518353773,58.7203302373581
3.7983044580605294,58.728848534874125
3.7984571282147277,58.728848534874125
3.798500530285336,58.73736331751599
3.798596085042174,58.73736331751599
3.7992509648624764,58.745874587458744
3.7994615025747946,58.754382346875644
3.799605307726771,58.76288659793815
3.7997324964959813,58.77138734281592
3.79976366943465,58.77138734281592
3.7999491664227563,58.77988458367683
3.800033699806866,58.788378322686995
3.8002910612706957,58.796868562010715
3.800422278249655,58.8053553038105
3.8005613890844296,58.8053553038105
3.8005737677285096,58.81383855024712
3.801329723735387,58.82231830347951
3.8019027821728155,58.83079456566488
3.802249015194588,58.839267338958635
3.802481915122663,58.8477366255144
3.8025981369757558,58.8477366255144
3.8026704409658634,58.856202427484064
3.802755015148352,58.856202427484064
3.8029224482282507,58.86466474701769
3.8030053274050184,58.87312358626362
3.8030557857266483,58.88157894736842
3.8032077935617883,58.88157894736842
3.8037894070250524,58.88157894736842
3.8039137798281817,58.88157894736842
3.804025426965068,58.88157894736842
3.8041148763418637,58.88157894736842
3.804166132713251,58.88157894736842
3.8042495125405766,58.89003083247688
3.804409764050259,58.89847924373201
3.8047247011694685,58.90692418327512
3.8051769321439726,58.90692418327512
3.805534215201141,58.915365653245686
3.805656744813148,58.915365653245686
3.8059756620435894,58.915365653245686
3.8070458521660724,58.915365653245686
3.807193177748164,58.915365653245686
3.8073672946305055,58.915365653245686
3.8074163281294924,58.92380365578147
3.8075935556123564,58.92380365578147
3.807858909828375,58.932238193018485
3.8080455201584806,58.940669267090954
3.8081324399926175,58.940669267090954
3.8087555775235757,58.94909688013136
3.8087961646658166,58.94909688013136
3.808851203854785,58.957521034270464
3.8089025702007615,58.957521034270464
3.8091091947870668,58.957521034270464
3.809572921851104,58.957521034270464
3.809582203436816,58.957521034270464
3.80967778382167,58.96594173163726
3.809726817314253,58.97435897435898
3.8100309604088807,58.98277276456112
3.8102460010912793,58.99118310436744
3.810472113514229,58.99958999589996
3.8107343332435666,58.99958999589996
3.8109888169872557,59.00799344127895
3.811084718509304,59.01639344262295
3.8115687661652924,59.02479000204877
3.8118752484328136,59.03318312167145
3.811908205714538,59.04157280360434
3.8120162468655314,59.04995904995906
3.8122604044043626,59.058341862845445
3.8127874599890936,59.058341862845445
3.813073334964366,59.06672124437168
3.8131290155652144,59.07509719664416
3.8139599451425017,59.08346972176759
3.814139697099304,59.09183882184495
3.8142799249309096,59.09183882184495
3.814468032561317,59.09183882184495
3.8145433835551987,59.100204498977504
3.8145508928648386,59.10856675526477
3.8147146066937765,59.10856675526477
3.8147873828301395,59.116925592804584
3.81517651196535,59.125281013693034
3.815284889865984,59.133633020024526
3.8154030511001316,59.133633020024526
3.815584864292807,59.133633020024526
3.8158216538579337,59.14198161389172
3.8159112950168583,59.150326797385624
3.8161382330493545,59.150326797385624
3.8161668758777054,59.15866857259546
3.8165271405809573,59.167006941608825
3.8165925630333675,59.175341906511534
3.8171158059757713,59.175341906511534
3.8172313908030944,59.175341906511534
3.8173899468045462,59.183673469387756
3.81753185301502,59.192001632319936
3.817546139574105,59.20032639738883
3.817593802078032,59.20864776667346
3.8176641498268746,59.216965742251226
3.817685669267324,59.22528032619776
3.817796251442408,59.233591520587034
3.817907522867742,59.241899327491346
3.818197672281973,59.25020374898126
3.818247298008508,59.25020374898126
3.8182915857469935,59.25850478712569
3.818632389381682,59.25850478712569
3.81885796389478,59.26680244399185
3.8193104669840907,59.27509672164528
3.8193816723017107,59.27509672164528
3.8194042721552415,59.27509672164528
3.819597750881184,59.28338762214984
3.82014120409472,59.29167514756768
3.820428561466031,59.29167514756768
3.82059498591269,59.299959299959305
3.8207977208032156,59.299959299959305
3.8208619808725874,59.30824008138352
3.8214255627275215,59.31651749389748
3.821828196280812,59.32479153955664
3.8219044986486037,59.3330622204148
3.82248197076612,59.34132953852409
3.8227549142944097,59.34959349593496
3.822965395065264,59.35785409469621
3.823158988008653,59.366111336854935
3.823990905525008,59.366111336854935
3.8247101155783545,59.366111336854935
3.8247935060947866,59.374365224456625
3.824852235095522,59.38261575954509
3.825077073286983,59.390862944162436
3.8259611150102506,59.399106780349165
3.8259620460380095,59.40734727014411
3.8261017019062264,59.41558441558441
3.826264442331749,59.42381821870561
3.826507283114827,59.42381821870561
3.826974804403289,59.42381821870561
3.8270804841899895,59.43204868154158
3.8270991828127108,59.44027580612452
3.8274764363210685,59.44027580612452
3.827495943201074,59.44849959448499
3.8280672507758418,59.45672004865193
3.828192567370012,59.45672004865193
3.828358673771284,59.46493717065261
3.82871829812757,59.47315096251267
3.82872591377099,59.47315096251267
3.828864295364896,59.48136142625607
3.829232475191002,59.4895685639052
3.8297002890144314,59.497772377480764
3.829746208503963,59.50597286900182
3.829819859434806,59.51417004048582
3.8298277421630913,59.522363893948594
3.830406743907431,59.522363893948594
3.830459233317992,59.522363893948594
3.8305851684175343,59.53055443140429
3.8307697863586574,59.53874165486547
3.830858532113197,59.54692556634305
3.8308691792500134,59.54692556634305
3.831411666675964,59.555106167846304
3.8315091262633914,59.555106167846304
3.8318228551388227,59.56328346138293
3.8318304140479107,59.57145744895897
3.832128053784864,59.57962813257882
3.83267526846487,59.5877955142453
3.83275461923638,59.5877955142453
3.83281534345438,59.59595959595959
3.8331481501949587,59.60412037972127
3.8331502412498524,59.61227786752828
3.833291022509447,59.62043206137694
3.833613068281606,59.62043206137694
3.833720297636325,59.62043206137694
3.8337848935739043,59.62043206137694
3.83388264326759,59.62043206137694
3.834223809170977,59.62043206137694
3.834382058267969,59.62858296326201
3.8348181135067594,59.62858296326201
3.8353969304378035,59.636730575176585
3.8356550829167535,59.636730575176585
3.835740750076162,59.64487489911219
3.8361873099249957,59.653015937058704
3.836441587922377,59.653015937058704
3.8372158687442943,59.66115369100444
3.838721338976593,59.66928816293608
3.8392964143936603,59.67741935483871
3.8393160275291547,59.67741935483871
3.839573580768104,59.68554726869583
3.8395757264646564,59.69367190648932
3.839643944267951,59.701793270199474
3.8396500345492215,59.709911361805
3.840095292443133,59.71802618328298
3.840895060647339,59.72613773660894
3.840930051787807,59.734246023756796
3.8410634201386475,59.74235104669887
3.841158571835923,59.75045280740592
3.8413836975094955,59.758551307847085
3.8421971055643147,59.76664654998994
3.842293857662912,59.77473853580049
3.8425630137780726,59.78282726724311
3.842572771381695,59.790912746280654
3.8426158357072,59.790912746280654
3.8429547911100106,59.798994974874375
3.8437447704194203,59.798994974874375
3.8439213881106333,59.80707395498393
3.844208354567066,59.80707395498393
3.8442947385569752,59.815149688567416
3.844423191899373,59.82322217758136
3.8447125578397414,59.831291423980716
3.8447975274643382,59.831291423980716
3.8454840161762442,59.83935742971887
3.846003728663501,59.847420196747635
3.846743470086827,59.847420196747635
3.846955947713904,59.855479727017254
3.8475199881647746,59.86353602247642
3.848630190316879,59.87158908507223
3.8488597071732125,59.87963891675025
3.8494629963500846,59.87963891675025
3.849548508299991,59.87963891675025
3.8497182279246145,59.88768551945447
3.849903074649542,59.895728895127334
3.8501283654520893,59.9037690457097
3.850167293612254,59.91180597314091
3.8502169040600123,59.919839679358724
3.8506633194831448,59.919839679358724
3.8508070987405665,59.927870166299336
3.850940214476169,59.927870166299336
3.8510917058917293,59.927870166299336
3.8513490479773647,59.927870166299336
3.8513958985561203,59.93589743589743
3.8521995020336224,59.94392149008612
3.85253406554372,59.95194233079696
3.8526911665849846,59.95194233079696
3.852722174816044,59.95995995995996
3.853039021190373,59.95995995995996
3.8530492496150877,59.95995995995996
3.8531924927136174,59.96797437950361
3.853202996771486,59.97598559135481
3.8532273832598123,59.97598559135481
3.8532684614005133,59.98399359743898
3.8532853343770803,59.991998399679936
3.853319068420839,60.0
3.853372500939913,60.0
3.8535745732288715,60.00799840031994
3.853666609644607,60.00799840031994
3.8537030540401225,60.01599360255898
3.8537752543178034,60.023985608634824
3.8539944406598745,60.023985608634824
3.854230824572354,60.03197442046363
3.854316687370467,60.039960039960036
3.854518859968302,60.04794246903715
3.854537628936619,60.05592170960655
3.8547043556207354,60.05592170960655
3.8549057363212667,60.05592170960655
3.8552345561364945,60.063897763578275
3.8553153701097194,60.063897763578275
3.855628343049647,60.07187063286084
3.8559306772364272,60.07187063286084
3.8561028637471506,60.07187063286084
3.856289679638118,60.07187063286084
3.8563547398457425,60.07187063286084
3.856889137790145,60.07187063286084
3.8568914546311257,60.07187063286084
3.856995247913253,60.079840319361274
3.8570647669615807,60.08780682498504
3.8571773707967325,60.08780682498504
3.8575561421730056,60.095770151636074
3.857697784146495,60.10373030121684
3.8577741452083267,60.10373030121684
3.858133476955416,60.11168727562824
3.8599238330925822,60.11964107676969
3.8600906561552026,60.11964107676969
3.860152406297786,60.12759170653907
3.860927746371683,60.135539166832764
3.8611026699912956,60.143483459545635
3.8613429929123217,60.15142458657103
3.8615491998633775,60.15142458657103
3.861617255140785,60.15142458657103
3.861681756185164,60.1593625498008
3.861966243160691,60.16729735112527
3.862522838428308,60.16729735112527
3.8625669404907335,60.16729735112527
3.863221079606331,60.1752289924333
3.863759572261369,60.183157475612184
3.86390659386984,60.183157475612184
3.8640468687654037,60.19108280254777
3.864426346809802,60.19108280254777
3.8646958023194182,60.19108280254777
3.8647125238083406,60.19108280254777
3.8650525216356706,60.19108280254777
3.865405384346399,60.19900497512438
3.8658114822291303,60.19900497512438
3.8659292854126717,60.20692399522483
3.8660348299257175,60.21483986473045
3.8661967258905214,60.22275258552108
3.866409493149662,60.230662159475045
3.866484705130295,60.238568588469185
3.8666726547732746,60.238568588469185
3.866706418067261,60.24647187437885
3.866873738476897,60.254372019077906
3.8669708945129275,60.26226902443871
3.8671870967293045,60.26226902443871
3.8672996489581926,60.26226902443871
3.867460593858507,60.26226902443871
3.8675110777011454,60.26226902443871
3.867541570543996,60.26226902443871
3.8677976431380507,60.26226902443871
3.868035470750952,60.270162892332145
3.868245599428581,60.2780536246276
3.8683366092455156,60.2780536246276
3.8684749763495567,60.28594122319301
3.8688352177736856,60.293825689894774
3.8689140616063797,60.293825689894774
3.8692948344679636,60.30170702659786
3.8693150279410826,60.309585235165706
3.8693527924276263,60.309585235165706
3.8697510370366257,60.309585235165706
3.8704049220879924,60.309585235165706
3.8705458168461,60.317460317460316
3.870940279520665,60.32533227534219
3.8709727332318917,60.333201110670366
3.8714060915837494,60.341066825302406
3.8715138070031228,60.34892942109437
3.8718836066903277,60.35678889990089
3.871908789633517,60.36464526357511
3.8719596682702626,60.3724985139687
3.8720009210970225,60.38034865293186
3.8722610128505717,60.38034865293186
3.872500005863051,60.38034865293186
3.872772683218682,60.38819568231333
3.872878516631714,60.396039603960396
3.872888630102675,60.40388041971887
3.8730503788133936,60.40388041971887
3.873124041341293,60.4117181314331
3.873200731638829,60.41955274094597
3.8734600119545224,60.42738425009894
3.8736449835690405,60.43521266073195
3.873872698367116,60.43521266073195
3.8740123684043306,60.44303797468354
3.8740739574504364,60.45086019379079
3.87410381876075,60.458679319889285
3.8741892184153284,60.4664953548132
3.87421029431785,60.47430830039525
3.8743959662594043,60.482118158466704
3.874678675763692,60.48992493085736
3.874755094469478,60.497728619395616
3.8749849737250113,60.497728619395616
3.8751376995627558,60.505529225908376
3.875164023427832,60.51332675222113
3.875208374734562,60.521121200157914
3.875616260687066,60.52891257154135
3.875728580181944,60.53670086819258
3.8761499558800314,60.53670086819258
3.8762187848488754,60.54448609193135
3.877634852611535,60.552268244575934
3.877684343051279,60.56004732794321
3.8780301692838743,60.56782334384858
3.8784937246900375,60.57559629410605
3.8787547383565952,60.58336618052819
3.8787740818676,60.58336618052819
3.878874428131341,60.58336618052819
3.8793399963208337,60.591133004926114
3.8796947806498463,60.59889676910954
3.8799861585802518,60.60665747488675
3.880026965284318,60.61441512406459
3.880621581594039,60.62216971844852
3.8809500732998004,60.629921259842526
3.8814466911547285,60.637669750049206
3.881867528529478,60.645415190869734
3.8821335136043627,60.645415190869734
3.8821757968184514,60.65315758410388
3.882306559681173,60.660896931549956
3.8826383247805847,60.660896931549956
3.8828440433493414,60.66863323500492
3.8828550707686387,60.67636649626426
3.882920103070286,60.684096717122074
3.882943984932402,60.691823899371066
3.883076959095072,60.69954804480252
3.88352669596755,60.70726915520629
3.8835452585444465,60.71498723237085
3.883948675449152,60.71498723237085
3.8839623052354475,60.71498723237085
3.884390537853339,60.72270227808326
3.8844827306733887,60.72270227808326
3.8845394333405068,60.72270227808326
3.884598936752603,60.7304142941292
3.8847311397698183,60.7304142941292
3.8847931347681373,60.7304142941292
3.884922142536245,60.73812328229289
3.8849286365897595,60.74582924435721
3.885630848295489,60.75353218210361
3.885697617973669,60.75353218210361
3.886279068388588,60.75353218210361
3.886393318560023,60.761232097312146
3.8871062099138687,60.76892899176147
3.887382329141043,60.776622867228866
3.8875566875978613,60.78431372549019
3.88770087817277,60.78431372549019
3.8884677203044076,60.78431372549019
3.888504161138601,60.79200156831994
3.888573281908026,60.79968639749118
3.8887106664085804,60.79968639749118
3.888989241309248,60.80736821477563
3.889059797877598,60.81504702194357
3.8891481936367565,60.81504702194357
3.889225382737996,60.82272282076395
3.889265001020723,60.830395613004306
3.889349899031356,60.838065400430786
3.889647795866148,60.84573218480814
3.8897294496448596,60.85339596789978
3.8899089983391066,60.861056751467714
3.890599509809261,60.86871453727255
3.890912479101402,60.876369327073554
3.89107423567272,60.884021122628596
3.891259957420568,60.89166992569417
3.8918710539266748,60.899315738025415
3.89192752185747,60.90695856137608
3.89205154844078,60.90695856137608
3.892377009607758,60.90695856137608
3.8926806286494773,60.91459839749853
3.8926965236647377,60.92223524814381
3.892708347596376,60.92986911506153
3.893213302201307,60.9375
3.8934378057491514,60.9375
3.8937013139874312,60.9375
3.893858865088861,60.9375
3.8938792634054464,60.94512790470611
3.894075788440622,60.95275283092542
3.8944107283157474,60.960374780402105
3.8944485451098627,60.960374780402105
3.8946030231156095,60.967993754879004
3.894762741487426,60.97560975609756
3.894840463823085,60.97560975609756
3.8948915678769733,60.97560975609756
3.894916163715979,60.97560975609756
3.8951999685076086,60.97560975609756
3.8955527355278825,60.9832227857979
3.8957250593085213,60.99083284571874
3.8959878558901764,60.9984399375975
3.8964225899914253,61.00604406317021
3.8966906211628283,61.01364522417154
3.896697285463417,61.01364522417154
3.897148954024825,61.02124342233483
3.897362430388679,61.02124342233483
3.8979105711148776,61.02124342233483
3.8980552404452404,61.02883865939205
3.898247333501124,61.03643093707384
3.8984150096291668,61.044020257109466
3.8984550130095954,61.051606621226874
3.8986168351710693,61.051606621226874
3.8990608644692655,61.059190031152646
3.899205017028677,61.06677048861203
3.8994994384453237,61.07434799532893
3.899510832321399,61.07434799532893
3.900059276859917,61.08192255302588
3.9001398419704314,61.08949416342413
3.9002167751573804,61.09706282824353
3.90050721845452,61.104628549202644
3.900567641348288,61.11219132801866
3.900675289570488,61.11219132801866
3.9007934074439468,61.11219132801866
3.9011652517687194,61.11219132801866
3.9012130792454363,61.11975116640747
3.9012350013801025,61.11975116640747
3.9016052240677475,61.11975116640747
3.902778128964812,61.11975116640747
3.902931570491726,61.11975116640747
3.90343611463772,61.11975116640747
3.9035088723965363,61.11975116640747
3.9037729932482765,61.12730806608357
3.9042377992251387,61.1348620287602
3.904618714527975,61.1348620287602
3.90468490431786,61.1348620287602
3.904722112249549,61.142413056149216
3.904808658496872,61.14996114996115
3.9053711993885867,61.15750631190523
3.9055177100248635,61.165048543689316
3.905601782240186,61.17258784702
3.9059403944157385,61.18012422360248
3.905947056859852,61.18765767514069
3.906008407111082,61.19518820333722
3.9060490572179596,61.202715809893306
3.906234100097112,61.210240496508916
3.9063978793243916,61.21776226488268
3.906518366285474,61.225281116711905
3.9066104264187445,61.23279705369258
3.906690494354045,61.240310077519375
3.9072489081793647,61.24782018988568
3.907283096088612,61.25532739248354
3.9074762790358446,61.26283168700368
3.9075758415421067,61.26283168700368
3.9078920755079807,61.270333075135554
3.9080873218411347,61.270333075135554
3.9081407584430283,61.27783155856727
3.9083844714284126,61.27783155856727
3.908659691549962,61.28532713898568
3.9095487356621694,61.29281981807625
3.909723384817476,61.30030959752322
3.909802685679128,61.30779647900948
3.9098576114793717,61.30779647900948
3.9100027685392904,61.315280464216634
3.9100927969562718,61.315280464216634
3.9101151582083458,61.32276155482499
3.9102399983757774,61.330239752513535
3.910590992456508,61.337715058959986
3.9110217363585633,61.345187475840746
3.911174111585762,61.35265700483091
3.911249493560497,61.360123647604325
3.9113426991910347,61.36758740583349
3.9113554171115896,61.37504828118965
3.9113998431804036,61.38250627534273
3.912122817883957,61.38250627534273
3.9121702582110274,61.38250627534273
3.9122149356190024,61.38996138996139
3.9124762886823854,61.397413626712996
3.9128123550653497,61.404862987263606
3.9129164082961205,61.404862987263606
3.913256801842041,61.404862987263606
3.9133700804946323,61.41230947327803
3.9135803115631744,61.419753086419746
3.9138018563764843,61.419753086419746
3.913889865527846,61.427193828351015
3.9138993926177545,61.434631700732744
3.914384671334255,61.4420667052246
3.914637744017033,61.4420667052246
3.9147387370348685,61.44949884348496
3.9150931346058284,61.45692811717094
3.9152839115918368,61.46435452793835
3.915396396493165,61.471778077441726
3.9155976487497184,61.47919876733437
3.9159001570922625,61.47919876733437
3.9163784162045503,61.47919876733437
3.9169768373254255,61.48661659926825
3.917173331846057,61.48661659926825
3.917479117318229,61.4940315748941
3.9179270063503244,61.501443695861404
3.9180487375782227,61.50885296381831
3.9181770417038444,61.50885296381831
3.9185712024159614,61.516259380411775
3.918717181164803,61.52366294728742
3.918879775362393,61.531063666089636
3.9197011713335725,61.531063666089636
3.9197059074338196,61.53846153846154
3.9197358319590476,61.53846153846154
3.9197791604738357,61.53846153846154
3.9200592585641503,61.54585656604499
3.9203876666525184,61.553248750480584
3.920549588316538,61.553248750480584
3.9206151570939776,61.56063809340765
3.9208530601424365,61.56063809340765
3.9208800314016568,61.56063809340765
3.9210337877288985,61.568024596464255
3.9212885032822298,61.57540826128722
3.9213833149745154,61.57540826128722
3.921477466898898,61.582789089512104
3.921966474904895,61.582789089512104
3.921970700012123,61.59016708277319
3.9220981838259013,61.597542242703526
3.9221541963738495,61.597542242703526
3.922508707361374,61.597542242703526
3.9228514098209555,61.60491457093492
3.9228746552071274,61.60491457093492
3.922909207809286,61.61228406909789
3.923195257370711,61.61965073882172
3.92327751419124,61.627014581734464
3.9233676287822026,61.63437559946288
3.9234475342939277,61.641733793632525
3.9239986961952504,61.649089165867686
3.9241748732437647,61.65644171779141
3.9245107692449737,61.663791451025496
3.924605356064512,61.671138367190494
3.9246237495648644,61.678482467905724
3.9248711866389026,61.68582375478927
3.9252189971777924,61.68582375478927
3.9253486445171166,61.693162229457954
3.925601171491204,61.700497893527384
3.925649804320568,61.700497893527384
3.925802565269008,61.70783074861191
3.925846656140798,61.71516079632465
3.9259509965535866,61.72248803827751
3.926258380783721,61.72248803827751
3.926352162507473,61.729812476081136
3.926457541924939,61.729812476081136
3.926556983155275,61.737134111344936
3.926774611739454,61.737134111344936
3.926849317193492,61.74445294567712
3.927019268044924,61.75176898068464
3.9270648470251723,61.75908221797323
3.9271764491116294,61.76639265914739
3.927283979504394,61.773700305810394
3.9273083408496197,61.78100515956431
3.9273650596292247,61.788307222009934
3.9277342493035343,61.788307222009934
3.928054215442543,61.788307222009934
3.928318298809873,61.79560649474689
3.9290591275390234,61.80290297937356
3.9292202203502358,61.810196677487106
3.929536858927162,61.81748759068346
3.929706636528409,61.824775720557355
3.9298589283118455,61.824775720557355
3.9299817691552414,61.832061068702295
3.930029057032204,61.832061068702295
3.9302024498596175,61.83934363671055
3.9302281040266225,61.84662342617322
3.930510947964081,61.84662342617322
3.9310400866769846,61.85390043868014
3.9315988167896037,61.86117467581999
3.932010337482358,61.868446139180165
3.9321994711966295,61.87571483034693
3.932207468265902,61.88298075090528
3.9323820026936556,61.890243902439025
3.9324505025070335,61.89750428653077
3.932593921087756,61.904761904761905
3.932845620154038,61.91201675871263
3.93335297251235,61.91201675871263
3.933372755860738,61.91201675871263
3.933510886385121,61.91926884996192
3.934006045649327,61.92651818008756
3.9342529771581822,61.93376475066616
3.9343256649816554,61.94100856327307
3.934684140460547,61.948249619482496
3.9349946047120845,61.95548792086741
3.935028667075396,61.96272346899961
3.9353918638164425,61.96272346899961
3.9354676828534436,61.96995626544971
3.9362651743909494,61.97718631178707
3.9362676032887696,61.984413609579924
3.9367885037221146,61.99163816039529
3.937004854314042,61.99885996579897
3.9371405216607216,62.00607902735562
3.9375566630934955,62.00607902735562
3.938040095359931,62.01329534662868
3.9383017886916285,62.02050892518041
3.9384446145013836,62.02050892518041
3.9385005341668102,62.02050892518041
3.9387595434077216,62.02771976457186
3.9388888812172387,62.03492786636294
3.939164273421549,62.03492786636294
3.9394416429850057,62.04213323211235
3.939502313152919,62.04933586337761
3.9397618247820096,62.05653576171505
3.9399457267312696,62.05653576171505
3.939995770570624,62.06373292867981
3.9402734023675854,62.0709273658259
3.940885501202192,62.0709273658259
3.9411756491400514,62.07811907470611
3.941321888933617,62.07811907470611
3.941355086822147,62.08530805687204
3.9417287043737623,62.08530805687204
3.9419242240834933,62.08530805687204
3.9421694163563195,62.09249431387415
3.942232211328283,62.09249431387415
3.9423963634269055,62.0996778472617
3.9424241768273185,62.0996778472617
3.94249454739624,62.106858658582794
3.942991713834353,62.106858658582794
3.9434569861075506,62.11403674938435
3.9435390666740395,62.11403674938435
3.944057147968371,62.121212121212125
3.9444497256802964,62.121212121212125
3.9445783795451197,62.12838477561068
3.944825436399449,62.135554714123444
3.9456045323184634,62.14272193829263
3.9461491722998896,62.14272193829263
3.9464669280852136,62.149886449659355
3.946541876188615,62.15704824976348
3.9467019356483357,62.164207340143776
3.9469733329629575,62.164207340143776
3.947167552203158,62.171363722337816
3.9473610056535207,62.171363722337816
3.9476342321023212,62.178517397882
3.947855824895846,62.178517397882
3.9481879098917294,62.18566836831159
3.9484442100730077,62.18566836831159
3.9487648908088815,62.18566836831159
3.948775883980913,62.19281663516069
3.9494316496443758,62.19281663516069
3.949544592132544,62.1999621999622
3.9512296836686818,62.207105064247926
3.9513360354150864,62.21424522954846
3.9515725516377787,62.22138269739328
3.9517947245839777,62.22138269739328
3.9520636370753572,62.228517469310674
3.9523762470683144,62.2356495468278
3.9528566312720703,62.242778931470646
3.9529697778503765,62.249905624764054
3.95315051955674,62.25702962823174
3.9532069755137025,62.264150943396224
3.9532442818327898,62.27126957177891
3.953248681691761,62.27126957177891
3.953567065854869,62.27838551490004
3.953762851177445,62.27838551490004
3.954656123182755,62.285498774278715
3.954718250090793,62.285498774278715
3.955136374422808,62.285498774278715
3.955242011499579,62.29260935143288
3.9553658434749197,62.29971724787936
3.9554694885037796,62.29971724787936
3.955578661122687,62.30682246513381
3.9556705759301374,62.313925004710754
3.955798244958737,62.32102486812359
3.9560027848957278,62.32812205688454
3.956255529805766,62.335216572504706
3.957053691991546,62.335216572504706
3.9573043707261237,62.335216572504706
3.9573240045286435,62.34230841649408
3.9576476982829654,62.34939759036144
3.957651107991162,62.356484095614526
3.958039881345583,62.36356793375988
3.958081828587074,62.37064910630291
3.9582020846554418,62.37772761474793
3.9582156985060686,62.38480346059808
3.958569129522965,62.391876645355396
3.958666207994836,62.39894717052078
3.9590104181832984,62.39894717052078
3.959760460621528,62.39894717052078
3.959809133416604,62.40601503759399
3.9599617825728095,62.41308024807367
3.960046967985644,62.420142803457345
3.9601551221826634,62.4272027052414
3.9602883598410124,62.43425995492111
3.9603776391644367,62.441314553990615
3.9604729829047938,62.441314553990615
3.96053000089723,62.441314553990615
3.9606147899111623,62.44836650394292
3.9607007110606007,62.45541580626994
3.960906837860534,62.46246246246246
3.9609265353408394,62.46950647401013
3.9609452742009483,62.476547842401494
3.9611962304048527,62.476547842401494
3.961297657709267,62.48358656912399
3.961340141661565,62.49062265566392
3.96151072691397,62.49765610350647
3.9617099024011124,62.49765610350647
3.961802337671375,62.49765610350647
3.962070369196893,62.50468691413573
3.9624790233368183,62.51171508903468
3.962625051707484,62.518740629685155
3.9631969919961456,62.518740629685155
3.963247944026416,62.525763537567926
3.963301250901761,62.532783814162606
3.9639989267255147,62.53980146094774
3.9642121894551403,62.53980146094774
3.9642499283178765,62.53980146094774
3.964258881765202,62.53980146094774
3.9643554819247138,62.546816479400746
3.9645690419942206,62.546816479400746
3.9651715082164105,62.546816479400746
3.965451568624562,62.55382887099794
3.965497251277546,62.55382887099794
3.9655820815810254,62.56083863721452
3.966029442995821,62.56784577952461
3.9660844436826426,62.5748502994012
3.9660873836514847,62.5748502994012
3.966137213384234,62.5748502994012
3.9661700340272663,62.58185219831618
3.9666126612663812,62.58885147774037
3.9669264105356783,62.59584813914344
3.9672155972254766,62.59584813914344
3.9674212970132077,62.59584813914344
3.967754064092772,62.602842183994014
3.9678643617921328,62.60983361375958
3.9679600902914816,62.60983361375958
3.9680267050898057,62.616822429906534
3.9686233023659216,62.623808633900204
3.969200905124994,62.623808633900204
3.96921487075186,62.63079222720478
3.96938203488222,62.63777321128339
3.969492638903699,62.63777321128339
3.969512573051766,62.63777321128339
3.9695685528671873,62.64475158759806
3.9698107178027264,62.65172735760971
3.9710663474004555,62.65870052277819
3.9716042108694776,62.65870052277819
3.9716784652304806,62.65870052277819
3.971799122552454,62.65870052277819
3.9719415280580135,62.665671084562256
3.9719962997077842,62.67263904441956
3.972471024245395,62.67960440380668
3.9724749398147465,62.68656716417911
3.972635400964707,62.69352732699123
3.9726930841975734,62.700484893696384
3.972734932499009,62.707439865746785
3.97275838321532,62.71439224459358
3.973494202933647,62.72134203168685
3.9735297617962497,62.72134203168685
3.9736142288283007,62.72828922847559
3.974256059871929,62.72828922847559
3.9744580626312045,62.73523383640768
3.9745335116446863,62.74217585692996
3.975280694365562,62.74911529148818
3.9755008456082854,62.75605214152699
3.9755642846117025,62.76298640849004
3.9756904892574507,62.76991809381981
3.9759365014682837,62.76991809381981
3.9759598921521917,62.77684719895775
3.976011351057455,62.78377372534425
3.976127539751993,62.7906976744186
3.976166930288061,62.797619047619044
3.976570836361063,62.80453784638274
3.9766110249124917,62.81145407214578
3.9766806767462684,62.81145407214578
3.97679511080719,62.81836772634318
3.9770814272358583,62.825278810408925
3.9771512073930952,62.83218732577588
3.977183240479697,62.83909327387588
3.977229979249999,62.83909327387588
3.977357281240476,62.83909327387588
3.977551028446553,62.845996656139704
3.9775955205724154,62.845996656139704
3.977996331260049,62.852897473997025
3.9780753908730704,62.852897473997025
3.978315731370374,62.85979572887651
3.978918778620375,62.85979572887651
3.9792623696856797,62.866691422205726
3.9794168577651754,62.87358455541118
3.9795739417614104,62.88047512991833
3.9801172704414745,62.88736314715161
3.980158594917747,62.89424860853432
3.980483938901003,62.89424860853432
3.980496279808699,62.90113151548877
3.9806981707282083,62.908011869436194
3.9808047441290713,62.91488967179677
3.98085832798025,62.92176492398962
3.9810801941386407,62.92176492398962
3.9811775749139975,62.928637627432806
3.9812985028815278,62.935507783543365
3.981415425640826,62.94237539373726
3.9814662864153196,62.949240459429426
3.981565097923831,62.949240459429426
3.9817242219870677,62.95610298203371
3.9818340687599623,62.96296296296296
3.981837596731885,62.969820403628965
3.9820550722309993,62.969820403628965
3.9825544102234653,62.976675305442434
3.982704399651282,62.983527669813064
3.982711576525219,62.983527669813064
3.9827806693107948,62.983527669813064
3.9834473408532296,62.99037749814952
3.9835759998462796,62.99037749814952
3.98371150534717,62.99722479185939
3.983803210941371,63.00406955234924
3.9838133822001827,63.01091178102459
3.983905364968822,63.01775147928994
3.9843661933863372,63.024588648548715
3.984430891824605,63.03142329020333
3.984514138396,63.03142329020333
3.9845676640311423,63.03825540565514
3.98466445397043,63.04508499630451
3.9846815331962455,63.05191206355071
3.9847126723601844,63.05191206355071
3.9848789479978626,63.05873660879202
3.9848889288270413,63.06555863342567
3.984933487536531,63.06555863342567
3.985902061074096,63.07237813884786
3.986244684714316,63.079195126453754
3.9863936230565886,63.079195126453754
3.9864203849206676,63.086009597637506
3.9865948585052084,63.09282155379221
3.9866554555171567,63.09282155379221
3.9870156588486916,63.09282155379221
3.9872052888410003,63.09282155379221
3.98724880995504,63.09963099630996
3.9877048634957255,63.10643792658182
3.9882843046047456,63.10643792658182
3.988329476491605,63.11324234599779
3.9884548712195147,63.120044255946894
3.9888437535339016,63.12684365781711
3.988904041579459,63.133640552995395
3.9890625758332807,63.14043494286767
3.989149109077003,63.14722682881887
3.9894655880223544,63.15401621223287
3.989749087410112,63.160803094492536
3.9898956608135885,63.160803094492536
3.98990077228702,63.160803094492536
3.9903014752621613,63.16758747697975
3.9905433113533983,63.16758747697975
3.990737861960743,63.174369361075314
3.990821987059957,63.18114874815905
3.9913034642990493,63.18792563960979
3.991349854629291,63.194700036805294
3.9914797302831304,63.20147194112236
3.9917145605393087,63.20824135393672
3.9921441175641146,63.21500827662314
3.9923008539107165,63.22177271055535
3.9926345054620898,63.22853465710608
3.992850132043162,63.23529411764706
3.9928542454000953,63.24205109354898
3.9928711529372087,63.248805586181554
3.9930614633744472,63.248805586181554
3.9932290089628375,63.25555759691347
3.9932698428464652,63.262307127112415
3.9936154831052972,63.26905417814509
3.993965798195933,63.27579875137715
3.993969991011032,63.282540848173305
3.99397847859022,63.282540848173305
3.994247759595617,63.289280469897214
3.9943480798355697,63.296017617911545
3.994383913864504,63.296017617911545
3.994655715738104,63.30275229357798
3.9946723470036907,63.30275229357798
3.9948135061517878,63.3094844982572
3.994915585077741,63.31621423330888
3.9949720754060594,63.32294150009169
3.995076539699196,63.32294150009169
3.995359768237217,63.32966629996333
3.995374367203558,63.336388634280475
3.9954484192428406,63.336388634280475
3.9956264287555467,63.34310850439883
3.9959770550241718,63.349825911673086
3.9962808502355065,63.35654085745694
3.9963883510065217,63.36325334310313
3.9968300382944015,63.369963369963365
3.9970014956387607,63.37667093938839
3.9972552086638355,63.38337605272793
3.9974310746787842,63.390078711330766
3.997902447116778,63.39677891654466
3.9980383147770024,63.403476669716376
3.998079195385356,63.41017197219173
3.9980920516974825,63.41017197219173
3.9984915233525418,63.41017197219173
3.998606574788175,63.416864825315535
3.998924116573279,63.4235552304316
3.999877697841163,63.4302431888828
4.000007639993215,63.43692870201097
4.0002479635382056,63.43692870201097
4.00038442949503,63.43692870201097
4.00076261203659,63.443611771157
4.000856605224056,63.450292397660824
4.001117891959177,63.450292397660824
4.001169480445611,63.45697058286132
4.001602353863475,63.45697058286132
4.001629108474949,63.46364632809646
4.001670370356826,63.4703196347032
4.001923547276763,63.47699050401753
4.0020358389071,63.48365893737448
4.002323854550122,63.49032493610807
4.00277119205994,63.49698850155138
4.002791625996817,63.503649635036496
4.002995707806381,63.51030833789455
4.003378386695115,63.51030833789455
4.00353157485249,63.51696461145567
4.0035932546839685,63.52361845704906
4.003726130241004,63.53026987600292
4.004117417857999,63.53691886964449
4.004206044931785,63.53691886964449
4.004406952401376,63.54356543930003
4.004501349831167,63.55020958629488
4.004735939275042,63.55020958629488
4.004796909743325,63.55685131195335
4.004975601315446,63.56349061759884
4.005039841999684,63.56349061759884
4.005448337273431,63.56349061759884
4.005548360385512,63.57012750455373
4.005642060594776,63.57676197413951
4.005684182375627,63.58339402767662
4.006103865653879,63.59002366648462
4.006538242229269,63.59665089188206
4.0068202140804665,63.60327570518653
4.006995300139172,63.6098981077147
4.007627532431397,63.61651810078225
4.007641337057663,63.62313568570389
4.008019912099947,63.62313568570389
4.008267521347468,63.62313568570389
4.00876189680125,63.62975086379342
4.00883880797213,63.63636363636363
4.008851766243967,63.64297400472642
4.009188238596575,63.649581970192656
4.009490399164591,63.65618753407233
4.010013049045277,63.662790697674424
4.010293840652984,63.66939146230699
4.010323370463144,63.66939146230699
4.010754589216109,63.67598982927716
4.010806123209892,63.67598982927716
4.011124848934834,63.67598982927716
4.011461322452346,63.682585799891044
4.01201659079556,63.68917937545389
4.012041534328829,63.695770557269924
4.012061890631588,63.70235934664247
4.0123623800903125,63.70894574487389
4.012873165377859,63.7155297532656
4.013196551960629,63.72211137311808
4.013312731207256,63.72869060573086
4.013432927951257,63.72869060573086
4.013449565061893,63.73526745240253
4.0134981856312,63.74184191443075
4.013604055556976,63.748413993112194
4.0136721629749,63.748413993112194
4.01378288343983,63.748413993112194
4.014147085938963,63.75498368974266
4.014697088902309,63.76155100561696
4.015422425321227,63.76155100561696
4.015450108384399,63.76155100561696
4.015573383857415,63.76811594202898
4.015715694799807,63.77467850027168
4.015762283169672,63.781238681637085
4.015772014669694,63.78779648741626
4.01587715425248,63.79435191889935
4.016043221685396,63.80090497737556
4.0160703145244945,63.80745566413319
4.0164100611378935,63.80745566413319
4.016564193040552,63.80745566413319
4.017309475119847,63.80745566413319
4.01760343696008,63.81400398045957
4.018608283144195,63.8205499276411
4.018701604179494,63.82709350696329
4.019155480469438,63.83363471971067
4.019220236403927,63.83363471971067
4.019439917617941,63.83363471971067
4.019497649245187,63.84017356716688
4.019606962515168,63.84671005061461
4.019722089689676,63.85324417133562
4.019902776485327,63.85324417133562
4.020172550841481,63.85324417133562
4.020395493267104,63.85977593061077
4.020519987915283,63.85977593061077
4.02077988172263,63.866305329719964
4.020919190439012,63.8728323699422
4.021005536471857,63.87935705255554
4.021240526696619,63.88587937883713
4.021312962047645,63.89239935006319
4.021357433067445,63.898916967509024
4.021625929040526,63.90543223244901
4.021800654279852,63.911945146156626
4.021800874005147,63.918455709904386
4.022204287256587,63.918455709904386
4.022248403040745,63.918455709904386
4.022313458339381,63.918455709904386
4.022374354275159,63.924963924963926
4.022381352832034,63.93146979260595
4.022455237927983,63.93797331410025
4.022502001488508,63.9444744907157
4.0231694776476905,63.95097332372026
4.023173942779093,63.95097332372026
4.02328596450277,63.95746981438097
4.023288966461155,63.96396396396396
4.023412807151796,63.96396396396396
4.023732652334036,63.96396396396396
4.023940354891548,63.97045577373446
4.02406329449031,63.976945244956774
4.024332747542074,63.98343237889429
4.024410763655525,63.989917176809506
4.024441178586281,63.989917176809506
4.024500697624847,63.996399639964
4.024732611108526,63.996399639964
4.024887444951928,64.00287976961843
4.024909055510704,64.00935756703258
4.02511035483411,64.01583303346527
4.0256943614329,64.01583303346527
4.025829338876127,64.02230617017449
4.026122690575561,64.02877697841727
4.026659071877435,64.03524545944974
4.026858982207279,64.04171161452716
4.027314776718778,64.04817544490383
4.027821275896622,64.04817544490383
4.028225926330026,64.05463695183322
4.0283906102059746,64.06109613656783
4.028563382400908,64.06755300035933
4.028802263181032,64.07400754445841
4.028841788393847,64.07400754445841
4.028847906664332,64.08045977011494
4.028957640300758,64.08045977011494
4.029057040445973,64.08045977011494
4.029203043551982,64.08690967857784
4.029863963331263,64.08690967857784
4.029913423433699,64.08690967857784
4.030424299089857,64.09335727109516
4.030633256318311,64.09335727109516
4.03067174288041,64.09980254891401
4.030790060665259,64.1062455132807
4.030897557417478,64.11268616544051
4.030986039852998,64.11912450663796
4.03105486140884,64.12556053811659
4.031154339545218,64.13199426111909
4.031205802735509,64.13842567688721
4.031575767630189,64.14485478666188
4.031809633431631,64.14485478666188
4.032423656455585,64.1512815916831
4.032655205391636,64.1512815916831
4.033095362237126,64.15770609318996
4.033143551777706,64.16412829242071
4.033408041395649,64.16412829242071
4.033864149565752,64.17054819061269
4.034098760934352,64.17696578900232
4.034158020598867,64.17696578900232
4.0342546206674434,64.17696578900232
4.034305609836752,64.18338108882521
4.034420741870742,64.18979409131602
4.03506303075063,64.18979409131602
4.035366379174597,64.19620479770856
4.0356946040581345,64.20261320923572
4.035698061516166,64.20901932712957
4.035963706969362,64.20901932712957
4.036032599721419,64.21542315262123
4.036037557922191,64.22182468694096
4.036209168747835,64.22182468694096
4.036265282409793,64.22182468694096
4.036282482990477,64.22822393131818
4.036324694482914,64.2346208869814
4.03654260459948,64.24101555515823
4.036641319121552,64.24740793707544
4.0367695902458225,64.25379803395889
4.036856033728567,64.2601858470336
4.036991622786019,64.2601858470336
4.0375905326788235,64.26657137752368
4.037773192523524,64.27295462665238
4.037785920997085,64.27933559564208
4.0380631246846415,64.28571428571429
4.038513228186839,64.28571428571429
4.038904222359862,64.29209069808964
4.039088729093474,64.29846483398785
4.03919764455633,64.30483669462788
4.039331945025246,64.3112062812277
4.039430356268931,64.31757359500446
4.039514265106411,64.32393863717446
4.039618536894354,64.32393863717446
4.03997362191742,64.32393863717446
4.040174313768037,64.32393863717446
4.040982121578357,64.33030140895309
4.041293651218956,64.33666191155493
4.041416486290406,64.34302014619362
4.041556480597426,64.349376114082
4.041764744811723,64.355729816432
4.041851980706933,64.355729816432
4.042148212707683,64.355729816432
4.042186242150711,64.36208125445474
4.042398689549891,64.36843042936042
4.042461876958148,64.36843042936042
4.042603772792205,64.37477734235839
4.04270603188953,64.38112199465716
4.042791835075332,64.38746438746439
4.042995771492685,64.39380452198684
4.043058208856311,64.40014239943041
4.043074295900144,64.40647802100018
4.043938219804605,64.41281138790036
4.044706209156803,64.41281138790036
4.045046823104708,64.41914250133428
4.045099268772867,64.42547136250445
4.045099337113857,64.42547136250445
4.045116810968673,64.43179797261249
4.045248143279551,64.43812233285917
4.045380565680118,64.44444444444444
4.045687690254319,64.45076430856737
4.045760998353966,64.45076430856737
4.045883730859519,64.45708192642616
4.046345541093753,64.4633972992182
4.046569729534792,64.46971042813999
4.046635069182306,64.46971042813999
4.046636670332494,64.47602131438721
4.046711889711074,64.48232995915468
4.046750896060502,64.48863636363636
4.046980765263259,64.49494052902538
4.04714012314275,64.50124245651402
4.0471859402013335,64.50754214729369
4.047353157677313,64.50754214729369
4.04765864146628,64.513839602555
4.047676357232091,64.513839602555
4.047679564045751,64.52013482348768
4.047684554808806,64.52013482348768
4.047826359748868,64.5264278112806
4.04800794612553,64.53271856712183
4.048035418018416,64.53271856712183
4.048128136392601,64.53900709219859
4.048189456223166,64.54529338769723
4.048494063583749,64.55157745480327
4.048765702622242,64.55157745480327
4.0488126026764055,64.5578592947014
4.0490921554078,64.5578592947014
4.049104887883993,64.5578592947014
4.049185089737395,64.56413890857547
4.049312345934942,64.56413890857547
4.049367554703467,64.56413890857547
4.049545305478775,64.5704162976085
4.049606119653936,64.57669146298264
4.049607974393291,64.58296440587922
4.0498784294027335,64.58923512747874
4.050030507962972,64.58923512747874
4.05019151448221,64.58923512747874
4.05023452831627,64.59550362896088
4.050282455983797,64.60176991150442
4.050758272001846,64.60803397628739
4.051269891179117,64.60803397628739
4.051286228067095,64.60803397628739
4.05161751969729,64.60803397628739
4.051836932387451,64.61429582448692
4.05190430976767,64.61429582448692
4.05194237727636,64.62055545727932
4.052008278818817,64.62681287584012
4.052325270224318,64.62681287584012
4.05264054886812,64.62681287584012
4.052811699287845,64.63306808134395
4.052993475888079,64.63932107496464
4.053129857407295,64.6455718578752
4.053175187397812,64.65182043124778
4.053447800954261,64.65806679625375
4.05352547346851,64.66431095406361
4.0537120670823645,64.67055290584702
4.053828971456265,64.67679265277287
4.053953569157307,64.68303019600918
4.054033705323533,64.68303019600918
4.0542123189995,64.68926553672316
4.054400017533958,64.6954986760812
4.0546107965758535,64.6954986760812
4.055047002484226,64.70172961524885
4.055134606396448,64.70795835539086
4.055675190005321,64.70795835539086
4.0556850321445514,64.71418489767113
4.055700939353538,64.72040924325277
4.056252398814254,64.72663139329806
4.056756720926469,64.72663139329806
4.0576720721163655,64.73285134896844
4.057808907810477,64.73906911142454
4.05800963290021,64.74528468182619
4.058021955112932,64.75149806133238
4.058056899389042,64.75770925110133
4.05815765166327,64.76391825229034
4.058545100052514,64.76391825229034
4.058631177514766,64.76391825229034
4.059034661577371,64.77012506605601
4.059197279461123,64.77632969355408
4.059397760257393,64.78253213593943
4.059438473483092,64.7887323943662
4.0597127178596315,64.79493046998768
4.059854278378202,64.80112636395636
4.059950766743346,64.8073200774239
4.060072753507959,64.81351161154116
4.060400251952499,64.81970096745823
4.060883336972046,64.8258881463243
4.060904013143125,64.83207314928785
4.060972038111524,64.83825597749649
4.061041575099581,64.84443663209703
4.061222412990929,64.8506151142355
4.061649564181495,64.8567914250571
4.061817566474042,64.8567914250571
4.062384137601433,64.86296556570625
4.062814208782645,64.86913753732654
4.063055073835133,64.86913753732654
4.063094960462691,64.87530734106076
4.063135760953742,64.88147497805092
4.063269201399565,64.88147497805092
4.063585836357788,64.8876404494382
4.064106321146207,64.893803756363
4.064232733858344,64.893803756363
4.064254837242525,64.893803756363
4.064416016468861,64.893803756363
4.064598053858244,64.8999648999649
4.064687081867208,64.9061238813827
4.064857994510387,64.9061238813827
4.065116178755492,64.9061238813827
4.065226328914141,64.91228070175438
4.065500957733922,64.91843536221715
4.065533680404104,64.9245878639074
4.066053431712326,64.9245878639074
4.066115613231211,64.93073820796073
4.0662716090539615,64.93073820796073
4.066522744633851,64.93073820796073
4.066690118086221,64.93688639551192
4.066738629600952,64.943032427695
4.066778688486574,64.94917630564319
4.066882419071073,64.95531803048887
4.066885558795328,64.95531803048887
4.066902941087333,64.9614576033637
4.067162624940409,64.9614576033637
4.067238957191032,64.9675950253985
4.067333545260248,64.9675950253985
4.0674037432934185,64.97373029772329
4.0675460382787,64.97986342146734
4.067641231737643,64.9859943977591
4.067646625324929,64.99212322772624
4.067660547425323,64.99824991249562
4.067783592616383,65.00437445319335
4.0677907057928415,65.00437445319335
4.068226271262052,65.01049685094472
4.068519108611337,65.01661710687424
4.0688189595101205,65.01661710687424
4.069761673027344,65.02273522210564
4.070351909928626,65.02885119776185
4.070495299514359,65.03496503496503
4.070560224898943,65.04107673483657
4.070613667994862,65.04107673483657
4.070710286485801,65.04718629849702
4.0709672462392,65.05329372706622
4.07100839586246,65.05329372706622
4.071169255849157,65.05329372706622
4.071192067487175,65.05939902166318
4.071200468035829,65.05939902166318
4.07149410079956,65.06550218340611
4.0715396752476565,65.06550218340611
4.071731408122656,65.0716032134125
4.072107563317742,65.07770211279902
4.07228574355801,65.08379888268156
4.072355123189945,65.08379888268156
4.072402065340513,65.08989352417525
4.072795804165486,65.09598603839441
4.073501661641036,65.10207642645263
4.073570995861841,65.10816468946267
4.073685837415975,65.11425082853654
4.073705785793837,65.12033484478549
4.073983266466771,65.12641673931996
4.074039075752931,65.13249651324965
4.074048900753622,65.13857416768346
4.074123003910555,65.14464970372951
4.0742283144116795,65.15072312249521
4.074297078450757,65.1567944250871
4.074418495704258,65.16286361261105
4.074796945602747,65.16286361261105
4.0752591154382305,65.16893068617206
4.075284144302818,65.17499564687445
4.075685139602421,65.17499564687445
4.075833032747644,65.18105849582173
4.075840222041799,65.18711923411662
4.076095550194306,65.19317786286112
4.076847563900461,65.19923438315644
4.0769583827450715,65.19923438315644
4.077093314584912,65.20528879610299
4.0775363855663365,65.21134110280049
4.077800665755468,65.21134110280049
4.077849534964996,65.21134110280049
4.077945945998339,65.21739130434783
4.078125656753311,65.22343940184315
4.078127475448504,65.22948539638386
4.078503968358969,65.22948539638386
4.07862797536772,65.23552928906658
4.078828738627923,65.24157108098714
4.078872785009871,65.24761077324067
4.079001945567007,65.24761077324067
4.079355390688889,65.25364836692147
4.079415048319995,65.25364836692147
4.079425707969115,65.25968386312316
4.079569717752796,65.26571726293852
4.079645350589523,65.27174856745962
4.079892952074552,65.27777777777779
4.079922220864179,65.27777777777779
4.079933273229252,65.2838048949835
4.080034380113933,65.28982992016661
4.0800976368734,65.2958528544161
4.080107617699348,65.30187369882027
4.08026812451981,65.30187369882027
4.0806975697974845,65.30789245446661
4.080791001474557,65.3139091224419
4.080846401170385,65.31992370383215
4.080981463133438,65.3259361997226
4.081016897273633,65.33194661119778
4.081084211201257,65.33795493934143
4.081417838024893,65.34396118523654
4.081602686463431,65.34996534996536
4.081883618013753,65.35596743460938
4.081883804324591,65.36196744024939
4.082019441179794,65.36796536796537
4.082349433418324,65.37396121883657
4.082355488429057,65.37396121883657
4.0823871910678955,65.3799549939415
4.082429427803564,65.3799549939415
4.082433211829754,65.38594669435791
4.08248351659179,65.38594669435791
4.082535769015519,65.39193632116283
4.083207542814923,65.39792387543253
4.083304527943273,65.40390935824252
4.083996160096238,65.40390935824252
4.08403509766888,65.40989277066758
4.0840831406754345,65.40989277066758
4.084102553227639,65.41587411378177
4.0843804339255385,65.41587411378177
4.084416709487067,65.42185338865836
4.0845863317110345,65.42185338865836
4.084889691605226,65.42185338865836
4.084890647238267,65.42783059636992
4.08518344103836,65.43380573798825
4.085238101213232,65.43380573798825
4.085364364629977,65.43977881458441
4.085599345299806,65.44574982722875
4.085614668541579,65.45171877699084
4.085621103718273,65.45768566493955
4.085688772883317,65.46365049214297
4.085775744130345,65.46365049214297
4.0860236253527376,65.4696132596685
4.086137780771649,65.47557396858276
4.0866284824577,65.48153261995168
4.086632922806971,65.48748921484038
4.0867142319803245,65.49344375431332
4.086715714842494,65.49939623943419
4.086855877074337,65.49939623943419
4.086878734990455,65.49939623943419
4.087031004905481,65.50534667126595
4.087496417486724,65.51129505087084
4.087537999897909,65.51724137931035
4.08759532199788,65.51724137931035
4.087625911709676,65.52318565764523
4.087677071198319,65.52912788693554
4.087725794845013,65.52912788693554
4.088186460812653,65.53506806824056
4.088206856734735,65.54100620261887
4.088294855827187,65.54100620261887
4.08840270515097,65.54100620261887
4.088740971498874,65.54100620261887
4.088972884012518,65.54694229112835
4.089094865398019,65.55287633482604
4.089397807719805,65.55880833476839
4.089478342934686,65.56473829201101
4.089862587854791,65.56473829201101
4.090019718959206,65.57066620760888
4.090192118054747,65.57659208261619
4.0904712374709895,65.58251591808639
4.090481847761308,65.58843771507227
4.0907229328442964,65.59435747462584
4.0907493590156445,65.60027519779842
4.092170037500969,65.60619088564059
4.092206811293097,65.60619088564059
4.092314004309977,65.60619088564059
4.0923624116245,65.60619088564059
4.092497211097557,65.61210453920219
4.093162554073832,65.6180161595324
4.093236232300798,65.6180161595324
4.093730952786322,65.6239257476796
4.093903591107576,65.62983330469153
4.094238814336021,65.63573883161511
4.094546948425166,65.64164232949665
4.09463402516672,65.64164232949665
4.094648757176921,65.64754379938165
4.095214329490086,65.65344324231496
4.095338826504915,65.65934065934066
4.095384942517358,65.66523605150213
4.095432481609639,65.66523605150213
4.097233628241337,65.67112941984209
4.097466071565512,65.67702076540243
4.097471401831933,65.68291008922444
4.097836915953352,65.68879739234859
4.098047786880762,65.68879739234859
4.098103807232236,65.69468267581475
4.098353348375154,65.69468267581475
4.09888114953474,65.70056594066199
4.099203528922433,65.70644718792867
4.099267889671738,65.70644718792867
4.099613114853469,65.70644718792867
4.099671097284313,65.7123264186525
4.099718624197459,65.71820363387042
4.099726999534323,65.71820363387042
4.099786617958229,65.72407883461868
4.099879444716113,65.72407883461868
4.09988439471773,65.72407883461868
4.10030826018302,65.72995202193283
4.100435279204603,65.72995202193283
4.1004868722997925,65.7358231968477
4.100585339791051,65.7358231968477
4.100790549193636,65.7416923603974
4.100982624540577,65.7416923603974
4.10135183968337,65.74755951361536
4.101443236086205,65.74755951361536
4.101589609603486,65.75342465753424
4.101757170040638,65.75928779318609
4.101885496302267,65.75928779318609
4.1019900738717805,65.75928779318609
4.102047781739572,65.76514892160219
4.1022953434515825,65.76514892160219
4.102351404579946,65.76514892160219
4.102404554037577,65.77100804381311
4.102418456308233,65.77686516084873
4.10247186944981,65.77686516084873
4.102782434900737,65.77686516084873
4.1027837840349255,65.78272027373824
4.102928695519814,65.7885733835101
4.103460943491452,65.7885733835101
4.103815719539682,65.79442449119206
4.10403568153822,65.80027359781123
4.104162803251201,65.8061207043939
4.10465072211393,65.8119658119658
4.104699132965074,65.81780892155187
4.104701112649972,65.82365003417635
4.104991508854348,65.82948915086281
4.1050656347873495,65.83532627263409
4.105315839558874,65.83532627263409
4.105373480946756,65.84116140051238
4.105567111319491,65.84699453551912
4.105727715786257,65.85282567867509
4.105733947119178,65.85865483100034
4.105915329504563,65.85865483100034
4.10603260956163,65.86448199351426
4.106057915759088,65.8703071672355
4.106397076905918,65.87613035318205
4.1066154115438085,65.8819515523712
4.106981172138211,65.88777076581954
4.107253804693826,65.88777076581954
4.10732651040572,65.89358799454298
4.107483869480877,65.89358799454298
4.107766735244489,65.8994032395567
4.107834289120908,65.8994032395567
4.108582499321705,65.9052165018752
4.108655463061847,65.91102778251235
4.1087570943223195,65.91683708248125
4.108783325477654,65.92264440279433
4.109768509630341,65.92844974446336
4.110099901814305,65.92844974446336
4.110158159944686,65.9342531084994
4.110586301484707,65.9400544959128
4.1112748680332185,65.94585390771326
4.1117146679010785,65.95165134490976
4.111728028461485,65.95744680851064
4.11200901157157,65.95744680851064
4.1122763980586985,65.95744680851064
4.112621655423454,65.96324029952349
4.112671371962421,65.96903181895524
4.112743529248954,65.97482136781218
4.1129095026456515,65.98060894709985
4.1131083185670425,65.98639455782312
4.113470223097284,65.98639455782312
4.113475236249341,65.99217820098623
4.113843552230504,65.99795987759266
4.114082724163286,65.99795987759266
4.1142310673777445,66.00373958864525
4.11475389925854,66.00373958864525
4.1147708526362345,66.00951733514616
4.114780712934648,66.00951733514616
4.114815334501911,66.01529311809685
4.115494747984571,66.01529311809685
4.115651000233254,66.02106693849812
4.115664662324784,66.0268387973501
4.115781961696299,66.03260869565217
4.115913749017251,66.03260869565217
4.1159752033138854,66.03260869565217
4.1161668912398826,66.03260869565217
4.116262299859963,66.03260869565217
4.116362616789403,66.03260869565217
4.116418126270938,66.03837663440314
4.116525194267977,66.04414261460101
4.116955435151796,66.04414261460101
4.117199785280987,66.04990663724325
4.117254834269003,66.05566870332655
4.117331620294531,66.06142881384693
4.117393467107733,66.06718696979979
4.117453083347716,66.0729431721798
4.117699024029004,66.078697421981
4.117994721828996,66.08444972019672
4.118842624719631,66.08444972019672
4.118905823219742,66.08444972019672
4.119059370114541,66.08444972019672
4.119631087189026,66.09020006781961
4.1198257278597215,66.09594846584167
4.119963134461008,66.10169491525424
4.120652542987084,66.10743941704796
4.120789321163572,66.10743941704796
4.120831364430959,66.10743941704796
4.121176562074818,66.11318197221281
4.121235008954753,66.11318197221281
4.121259315411563,66.1189225817381
4.1213990658702375,66.12466124661248
4.121615917476086,66.12466124661248
4.121721136779706,66.13039796782387
4.121728746277635,66.13039796782387
4.121893290379557,66.13613274635964
4.121929234257544,66.14186558320637
4.122152076820472,66.14759647935003
4.122280363640731,66.15332543577594
4.122437933690726,66.15905245346869
4.122778456485792,66.16477753341228
4.123222960908559,66.16477753341228
4.123393182377507,66.17050067658998
4.123509242620463,66.17622188398444
4.1237356391702455,66.18194115657762
4.1238359863839005,66.18194115657762
4.124208451201468,66.1876584953508
4.124275279911926,66.1876584953508
4.124364945524272,66.19337390128464
4.1246137910587635,66.19908737535913
4.124756241278684,66.19908737535913
4.124758431800763,66.19908737535913
4.124919472949068,66.19908737535913
4.1250663428250345,66.19908737535913
4.125143680592617,66.19908737535913
4.125562529740864,66.20479891855356
4.12570264751965,66.21050853184659
4.1258623150165885,66.21050853184659
4.126108234233029,66.21050853184659
4.126344048169183,66.21621621621621
4.126588567703046,66.21621621621621
4.126663744514864,66.22192197263975
4.12759398046329,66.2276258020939
4.127670159394481,66.23332770555461
4.12774806946426,66.23902768399729
4.127952341170911,66.24472573839662
4.128021808309396,66.25042186972662
4.128038232006923,66.25611607896069
4.128222185213311,66.25611607896069
4.128267885481654,66.26180836707152
4.128582674513966,66.26749873503121
4.128595704135009,66.27318718381113
4.1291818781819325,66.27318718381113
4.129446759771859,66.27887371438206
4.129718970929298,66.2845583277141
4.129788571559646,66.29024102477668
4.129993660290203,66.29592180653859
4.130770435183801,66.30160067396798
4.1308802683717385,66.30727762803235
4.1310013302463195,66.3129526696985
4.131285113819784,66.31862579993265
4.1312977554414925,66.31862579993265
4.131489262703703,66.32429701970028
4.1316857046744095,66.32996632996633
4.131902463551011,66.335633731695
4.132147522022543,66.34129922584988
4.132405618746387,66.3469628133939
4.132522725291098,66.3469628133939
4.132604967011088,66.35262449528938
4.133388432807734,66.3582842724979
4.133830304938361,66.36394214598049
4.133927231188218,66.36959811669749
4.134878242575497,66.37525218560862
4.134901979518993,66.37525218560862
4.135634705961394,66.38090435367289
4.13574360834047,66.38090435367289
4.1360642039217135,66.38090435367289
4.136720145664828,66.38090435367289
4.136847693617122,66.38655462184873
4.1373121398877455,66.39220299109392
4.137835533538695,66.39784946236558
4.13790972337818,66.40349403662019
4.137918548195081,66.40913671481357
4.138012836313696,66.41477749790093
4.138425223875253,66.4204163868368
4.138694555080974,66.4204163868368
4.1387543832317135,66.4204163868368
4.138943325725548,66.4204163868368
4.139172319743635,66.42605338257512
4.139893845728687,66.43168848606915
4.139895892748416,66.43168848606915
4.140026358983852,66.43732169827152
4.140316793539792,66.44295302013423
4.140644222949339,66.44858245260862
4.141026653956586,66.44858245260862
4.141222433789162,66.45420999664542
4.1412667963769865,66.4598356531947
4.141269530350989,66.4654594232059
4.141289922767377,66.47108130762783
4.141466513889366,66.47670130740865
4.141471981176062,66.4823194234959
4.141664550930497,66.48793565683646
4.141799591222396,66.48793565683646
4.141821359632712,66.49355000837662
4.141888463018316,66.49916247906198
4.141947925841512,66.49916247906198
4.142357112637657,66.50477306983755
4.142601890050975,66.51038178164768
4.142705950812227,66.51038178164768
4.143039920058119,66.51598861543613
4.143105088559995,66.52159357214596
4.143714645258251,66.52719665271967
4.14374685700888,66.52719665271967
4.143922793507026,66.52719665271967
4.144112181083945,66.53279785809906
4.1441960990261935,66.53839718922536
4.144588083669061,66.54399464703914
4.144643829774087,66.54959023248036
4.144646885512601,66.5551839464883
4.14487313635319,66.5551839464883
4.145167760682023,66.5551839464883
4.145742966760749,66.56077579000167
4.1461000501170435,66.56077579000167
4.146180169179386,66.56636576395854
4.146221415595277,66.57195386929634
4.146381739505247,66.57754010695187
4.146818609406081,66.58312447786132
4.147037723162682,66.58312447786132
4.147134055047604,66.58870698296025
4.1477000674251165,66.58870698296025
4.147955151275745,66.59428762318356
4.148471835007577,66.59428762318356
4.1485093105565545,66.5998663994656
4.1487155832033915,66.60544331274002
4.148824192999722,66.6110183639399
4.149090253322104,66.61659155399767
4.149175383239058,66.62216288384512
4.149180459955365,66.62773235441348
4.149290417172188,66.62773235441348
4.149728423746282,66.62773235441348
4.149732655824967,66.6332999666333
4.150322157854811,66.6332999666333
4.150484854351433,66.63886572143453
4.150600724689361,66.64442961974649
4.150661630839751,66.64999166249792
4.151248158694318,66.64999166249792
4.151333795687682,66.65555185061687
4.151518090323662,66.66111018503084
4.151606570150461,66.66666666666666
4.152010391936894,66.66666666666666
4.1523669375394405,66.6722212964506
4.152599096571458,66.67777407530822
4.1526022756567516,66.68332500416459
4.152868546970962,66.68887408394404
4.152961186170388,66.69442131557037
4.15343981113862,66.6999666999667
4.1535919155563406,66.7055102380556
4.154158333818251,66.711051930759
4.154337316791851,66.71659177899816
4.1543971306881655,66.72212978369384
4.154785928918101,66.72212978369384
4.154901927260463,66.72212978369384
4.154971011723103,66.72212978369384
4.155442530107573,66.72766594576609
4.155550769816144,66.73320026613439
4.156173674461793,66.73873274571761
4.156693863777668,66.74426338543398
4.15672775899617,66.74979218620116
4.156863596749917,66.75531914893617
4.15693687113674,66.75531914893617
4.15722919932438,66.76084427455542
4.157229635713481,66.76636756397474
4.15734805032436,66.77188901810932
4.157472899756897,66.77740863787376
4.157548348279045,66.77740863787376
4.157831656237395,66.77740863787376
4.158140997761536,66.78292642418204
4.158182234904379,66.78844237794752
4.158388209277945,66.78844237794752
4.158709388134331,66.78844237794752
4.158826874681821,66.79395650008301
4.158991364037924,66.79946879150066
4.159094468432629,66.80497925311202
4.159748594038721,66.80497925311202
4.159823471589845,66.81048788582807
4.159968788177014,66.81599469055915
4.160149463529779,66.821499668215
4.160410357362433,66.82700281970476
4.160499723982453,66.83250414593698
4.160562172751425,66.8380036478196
4.160697059365438,66.8380036478196
4.160816708937629,66.84350132625994
4.161279742160847,66.84899718216477
4.161443298848366,66.85449121644017
4.162275610284645,66.85449121644017
4.162305923821064,66.85449121644017
4.162328494662455,66.85998342999171
4.162383162850209,66.85998342999171
4.162446229898216,66.86547382372432
4.162688453963017,66.87096239854232
4.162925327658845,66.87096239854232
4.16293850824054,66.87644915534945
4.163197035314156,66.88193409504885
4.163427032798157,66.88741721854305
4.163538620236962,66.89289852673397
4.163540950404399,66.89289852673397
4.163577631762017,66.89837802052301
4.1637638148188625,66.90385570081085
4.16409891187843,66.90933156849769
4.164210841650663,66.91480562448304
4.164384223573287,66.91480562448304
4.16477440633169,66.91480562448304
4.164843830493867,66.9202778696659
4.164925391930381,66.9257483049446
4.165184547095786,66.93121693121694
4.165270528277762,66.93668374938007
4.165329937132874,66.94214876033058
4.165446881432585,66.94761196496447
4.165999489833004,66.95307336417713
4.1661791011656275,66.95853295886337
4.166295568936716,66.96399074991741
4.1663693636994665,66.96944673823286
4.1666090226235015,66.97490092470278
4.166619650528782,66.98035331021957
4.167099621255938,66.98580389567515
4.167201418863473,66.99125268196072
4.167412155560359,66.996699669967
4.167440922910891,66.996699669967
4.167532664491315,67.00214486058407
4.167595884323829,67.00758825470142
4.168075869060651,67.01302985320798
4.168405208975322,67.01846965699208
4.168440872549232,67.02390766694147
4.1690076939380445,67.02390766694147
4.1691251215298974,67.0293438839433
4.169163931395213,67.0293438839433
4.169296172860944,67.03477830888413
4.169344250181718,67.03477830888413
4.169605156453182,67.03477830888413
4.169650901169003,67.04021094264996
4.169722351961843,67.04021094264996
4.16982099409994,67.04021094264996
4.1699080494087,67.04564178612623
4.169916341583356,67.0510708401977
4.170126753559808,67.05649810574864
4.170268790349098,67.06192358366272
4.170284578483836,67.06192358366272
4.170578788787696,67.06734727482299
4.171122895549639,67.07276918011196
4.171153587862499,67.07818930041152
4.171373107171795,67.08360763660302
4.171459065110689,67.08902418956723
4.171695214990891,67.09443896018426
4.172054488694536,67.09985194933378
4.1721192575676715,67.10526315789474
4.172955358277345,67.10526315789474
4.173829289770818,67.10526315789474
4.173973454830659,67.11067258674561
4.174480094958426,67.11067258674561
4.174619708034734,67.11067258674561
4.174622101531468,67.11067258674561
4.174988214149091,67.11067258674561
4.175035092733134,67.11608023676422
4.175368056099961,67.12148610882788
4.175397831155736,67.12148610882788
4.1756096356331955,67.12689020381329
4.175683957898987,67.13229252259654
4.175782310142657,67.13229252259654
4.17591826457413,67.13769306605325
4.176118086872746,67.14309183505833
4.1761576401574,67.1484888304862
4.176851053165987,67.15388405321072
4.177233285025526,67.15927750410509
4.177597257907601,67.15927750410509
4.177970332783843,67.16466918404203
4.178082090362114,67.16466918404203
4.178173188880823,67.17005909389363
4.1785408973922005,67.17544723453143
4.178578623877294,67.17544723453143
4.179007523978232,67.18083360682638
4.179008933214389,67.18621821164889
4.179331307863371,67.18621821164889
4.179472569202325,67.19160104986877
4.179697589800694,67.19698212235525
4.17969895782442,67.20236142997705
4.179997621174124,67.20773897360223
4.18009856454004,67.20773897360223
4.180241219375828,67.21311475409836
4.180282646636843,67.2184887723324
4.180484199312974,67.22386102917076
4.180598749635096,67.22923152547928
4.180617985900728,67.2346002621232
4.180670611244724,67.23996723996723
4.180808091329783,67.23996723996723
4.180813611318416,67.24533245987553
4.1809769404520125,67.25069592271164
4.181096107772465,67.25605762933857
4.181168138658609,67.26141758061875
4.181517857623303,67.26677577741408
4.181851949894988,67.27213222058583
4.181866612606702,67.27213222058583
4.181904490106141,67.27213222058583
4.1819293189769935,67.27748691099477
4.181962762022775,67.27748691099477
4.182181636696314,67.28283984950106
4.1824857464619365,67.28283984950106
4.182615246488862,67.28819103696434
4.18270327136479,67.28819103696434
4.18280936160198,67.28819103696434
4.182858537423092,67.29354047424366
4.182956877793704,67.29354047424366
4.183341275000949,67.29354047424366
4.18354664921637,67.29888816219751
4.183655308546482,67.30423410168383
4.183845291670373,67.30957829356
4.184661795158635,67.31492073868279
4.184740909145945,67.31492073868279
4.184795305955839,67.3202614379085
4.184903196991831,67.3256003920928
4.185213359805003,67.33093760209083
4.185243092470327,67.33093760209083
4.185393226188477,67.33093760209083
4.185456833177969,67.33627306875715
4.186150883152243,67.34160679294578
4.186681238953775,67.3469387755102
4.18670753828744,67.3469387755102
4.186789633822283,67.3469387755102
4.187051823366551,67.3469387755102
4.1873025265738715,67.3469387755102
4.187447534138829,67.3522690173033
4.187854620518651,67.3522690173033
4.1880975739522,67.35759751917742
4.188518220264477,67.36292428198433
4.188565921240891,67.36824930657531
4.188774377070283,67.36824930657531
4.188990691073804,67.37357259380097
4.189148773275361,67.37357259380097
4.18947147840112,67.3788941445115
4.1898119762689,67.38421395955643
4.18984497284827,67.38953203978477
4.18994301561996,67.394848386045
4.190365023664817,67.40016299918501
4.190440455794199,67.40547588005215
4.190521960519455,67.40547588005215
4.190785824613786,67.41078702949324
4.190990028217883,67.41609644835451
4.190995796844516,67.41609644835451
4.191242822732573,67.41609644835451
4.191430081048759,67.42140413748167
4.191726480795871,67.42671009771986
4.192004393767549,67.4320143299137
4.19206598388849,67.43731683490721
4.192193564703893,67.43731683490721
4.19242694005147,67.43731683490721
4.192446680307833,67.44261761354387
4.19247729563617,67.44791666666666
4.1927057040637905,67.44791666666666
4.192840524654996,67.45321399511798
4.1930421697227125,67.45850959973967
4.193109207501847,67.46380348137303
4.193132098372629,67.46909564085881
4.193366400452368,67.47438607903725
4.193592535103815,67.47967479674797
4.193656706816616,67.48496179483011
4.193948958575294,67.49024707412224
4.193970660721671,67.49553063546237
4.194016275083826,67.49553063546237
4.194354544412163,67.49553063546237
4.19446436785513,67.50081247968801
4.195001330701684,67.50609260763608
4.19525992335025,67.51137102014295
4.195415617928232,67.51137102014295
4.195441061255601,67.5166477180445
4.195972497140547,67.52192270217603
4.196164705497373,67.52192270217603
4.196259585047047,67.5271959733723
4.1962961932292115,67.53246753246754
4.196864256641712,67.53246753246754
4.197058792124841,67.5377373802954
4.1973070396028875,67.54300551768905
4.197416985505388,67.5482719454811
4.197635911883517,67.5482719454811
4.1977538767201565,67.55353666450357
4.1977622456408215,67.558799675588
4.197772740812639,67.558799675588
4.197884890243813,67.56406097956535
4.198011805318183,67.56932057726608
4.198510493661511,67.5745784695201
4.19866848260684,67.57983465715675
4.198995018559295,67.57983465715675
4.199062577054786,67.58508914100486
4.1993552287949525,67.59034192189273
4.199438844134133,67.59034192189273
4.199727202318498,67.59034192189273
4.199910820172699,67.5955930006481
4.200090213081096,67.60084237809816
4.20010531174587,67.60084237809816
4.200147690925492,67.60609005506964
4.200238869200127,67.61133603238866
4.200405550237862,67.61133603238866
4.201171318174933,67.61133603238866
4.20129328759961,67.61133603238866
4.201757398721846,67.61658031088082
4.201781769004197,67.62182289137122
4.20181093372846,67.62706377468436
4.202037641738604,67.63230296164427
4.202109056177234,67.63230296164427
4.2022617160147995,67.63754045307444
4.202598658014577,67.64277624979776
4.202687313058043,67.64277624979776
4.202914742539185,67.64277624979776
4.203056115618609,67.64277624979776
4.203356274484626,67.64277624979776
4.2034472012463775,67.64801035263669
4.2035767357598735,67.65324276241307
4.203805961679893,67.65847347994826
4.20414821631357,67.66370250606305
4.2042336971091965,67.66892984157775
4.204439190463495,67.6741554873121
4.204642972483989,67.6741554873121
4.204951396922164,67.67937944408533
4.205009636974945,67.67937944408533
4.205285189446013,67.67937944408533
4.2053942120261025,67.67937944408533
4.205627603527397,67.6846017127161
4.205650137460046,67.68982229402262
4.205755658215792,67.69504118882249
4.2058424559292575,67.70025839793283
4.206175165513018,67.70547392217019
4.206603889750992,67.70547392217019
4.206620208915656,67.71068776235066
4.207115987225672,67.71589991928974
4.207137119069767,67.72111039380245
4.207419133367522,67.72111039380245
4.207934706376591,67.72631918670325
4.20811142916378,67.73152629880606
4.208483229442074,67.73673173092433
4.2087122785210065,67.73673173092433
4.208841619611614,67.74193548387096
4.208861819729247,67.74193548387096
4.208992582467114,67.74713755845832
4.209281504703871,67.75233795549823
4.209361957952184,67.75753667580203
4.209722332425828,67.76273372018052
4.209758724606945,67.767929089444
4.209913964588393,67.77312278440219
4.210106391875308,67.77831480586435
4.210541025431477,67.77831480586435
4.211024124619678,67.77831480586435
4.211028940908627,67.78350515463917
4.211216381768095,67.78869383153487
4.211356328758741,67.7938808373591
4.211409736338896,67.79906617291901
4.211451706350799,67.80424983902125
4.211668829402328,67.80943183647192
4.21187260232135,67.8146121660766
4.211885749916635,67.8197908286404
4.2120251837359275,67.8197908286404
4.212150502341432,67.82496782496783
4.212782629420182,67.82496782496783
4.213021714312794,67.82496782496783
4.21342792675385,67.83014315586296
4.213644245431445,67.83014315586296
4.213798323391756,67.8353168221293
4.21413800127463,67.84048882456986
4.214181278454007,67.84565916398714
4.214226353023863,67.84565916398714
4.214396115782363,67.85082784118309
4.214941145264844,67.85599485695919
4.21510369015888,67.86116021211635
4.2151255589694925,67.86632390745501
4.215422677455195,67.8714859437751
4.21546384622362,67.876646321876
4.215969438223999,67.8818050425566
4.21604437106879,67.88696210661529
4.21612899270472,67.89211751484989
4.216220717598861,67.89727126805778
4.216324539623617,67.89727126805778
4.2163845239032,67.9024233670358
4.216463186182261,67.90757381258024
4.216924451727109,67.90757381258024
4.217108569332657,67.91272260548692
4.217500929911362,67.91786974655118
4.217600438422785,67.91786974655118
4.217673998880127,67.92301523656776
4.217763332519151,67.92815907633099
4.2180114656582575,67.9333012666346
4.218148810669968,67.93844180827188
4.2182908064190565,67.94358070203558
4.218474378476857,67.94358070203558
4.2185074185754035,67.94358070203558
4.218598354455568,67.94358070203558
4.218709471161093,67.94358070203558
4.21874354720988,67.94871794871796
4.219282667430576,67.95385354911072
4.219363476653209,67.95898750400514
4.219793144631498,67.95898750400514
4.219808828591161,67.96411981419189
4.220067639959025,67.96925048046124
4.220633778885472,67.97437950360288
4.220832579359606,67.97950688440602
4.221050551440486,67.97950688440602
4.221228725633595,67.98463262365935
4.221362472424048,67.98975672215109
4.221576963921279,67.9948791806689
4.221686390165366,68.0
4.221711127183296,68.00511918093105
4.2218977868788805,68.00511918093105
4.221975880614743,68.01023672424824
4.221985412485838,68.01023672424824
4.22289886093806,68.01535263073724
4.223116686567415,68.01535263073724
4.223133408454068,68.01535263073724
4.223144233058935,68.02046690118324
4.223152265435619,68.02046690118324
4.223377922117414,68.02557953637091
4.2235471073280975,68.03069053708441
4.2236903937470744,68.03579990410739
4.2240284137477255,68.04090763822308
4.224435311234653,68.04090763822308
4.2246059335131525,68.04090763822308
4.2247236035391085,68.04090763822308
4.224726571317652,68.0460137402141
4.224782034785991,68.0460137402141
4.224826760126026,68.05111821086261
4.224916740794866,68.05622105095033
4.224963984359738,68.06132226125838
4.22499083824531,68.06642184256746
4.224993395488749,68.07151979565774
4.224995960674448,68.07661612130886
4.2249981641557985,68.07661612130886
4.225086178552098,68.08171082030003
4.2252661237254125,68.08171082030003
4.225309239787644,68.08680389340992
4.225675908479644,68.09189534141672
4.2258789776010035,68.09189534141672
4.226094719733035,68.0969851650981
4.226144683622941,68.10207336523126
4.226364990660581,68.10715994259289
4.226551927012244,68.11224489795919
4.226785136477287,68.11224489795919
4.226884591604941,68.11224489795919
4.226908598936744,68.11732823210586
4.22692396645817,68.11732823210586
4.227104007117843,68.12240994580809
4.227130815124802,68.12749003984064
4.227811654789035,68.13256851497769
4.227917052251125,68.13256851497769
4.227956958765313,68.13764537199299
4.228204756173215,68.14272061165977
4.2282076656461225,68.14272061165977
4.2285956074184865,68.14779423475076
4.228863175084352,68.14779423475076
4.2293263393136336,68.15286624203821
4.229361708788981,68.1579366342939
4.229677668099929,68.16300541228908
4.229700150905788,68.16807257679453
4.229783925199975,68.17313812858052
4.230013507452886,68.17313812858052
4.2300265925006055,68.17820206841687
4.23017154566633,68.17820206841687
4.230219277466322,68.18326439707286
4.230437338085833,68.18832511531731
4.230579262971735,68.19338422391857
4.230650491653242,68.19844172364445
4.230767998917094,68.19844172364445
4.23086362711957,68.20349761526232
4.231142872096863,68.20349761526232
4.231237319142075,68.20855189953903
4.231385616704429,68.21360457724094
4.231575226257505,68.21360457724094
4.23205708721742,68.21360457724094
4.232139135008215,68.21865564913396
4.232286518282964,68.22370511598348
4.232536441733464,68.22875297855441
4.232694948118041,68.22875297855441
4.233288368913782,68.23379923761118
4.233331880049729,68.23884389391773
4.233541857002183,68.23884389391773
4.233570486245714,68.23884389391773
4.233777544062586,68.23884389391773
4.233868022790479,68.24388694823753
4.233954779020177,68.24388694823753
4.233957227806871,68.24892840133354
4.233976739968042,68.24892840133354
4.2340475748727835,68.25396825396825
4.234256032065887,68.25900650690366
4.234260166351468,68.2640431609013
4.234304087909865,68.2640431609013
4.2344232794547745,68.2690782167222
4.234551570907544,68.2741116751269
4.23465294823476,68.2791435368755
4.235059049628206,68.28417380272757
4.23513830001792,68.28920247344222
4.235544661015908,68.29422954977807
4.236248385106897,68.29422954977807
4.236549371869053,68.29422954977807
4.23663557320738,68.29925503249326
4.237118272085736,68.30427892234549
4.237297712734422,68.30427892234549
4.237306595440137,68.3093012200919
4.237312668966868,68.31432192648923
4.237364001889476,68.31934104229369
4.237794072181717,68.32435856826102
4.238201658765122,68.32937450514648
4.2384597823034005,68.33438885370488
4.238796656567161,68.33940161469052
4.238933729918138,68.33940161469052
4.239017650486757,68.34441278885723
4.239640451500816,68.34942237695839
4.2400437054292945,68.35443037974683
4.24004547621176,68.35943679797501
4.240275491152873,68.36444163239481
4.240453280897165,68.36444163239481
4.240760198629778,68.36944488375771
4.241299230132552,68.37444655281467
4.24159707986345,68.37944664031622
4.241672801752753,68.38444514701233
4.241814969298634,68.38944207365259
4.241874527011564,68.3944374209861
4.242121890994166,68.3944374209861
4.242397177393528,68.39943118976142
4.242536752846108,68.39943118976142
4.242716711874342,68.4044233807267
4.2428888519892505,68.4094139946296
4.242971348838642,68.41440303221731
4.243229509053806,68.41939049423654
4.243451352215327,68.42437638143353
4.243757198128903,68.42936069455406
4.243963657960366,68.43434343434343
4.244076400437344,68.43932460154647
4.244552402708805,68.44430419690755
4.244956028627847,68.44928222117052
4.245006710821965,68.45425867507886
4.245241039642961,68.45425867507886
4.2453694308683705,68.45923355937549
4.245771953813335,68.4642068748029
4.2460798841924445,68.46917862210312
4.246480887748901,68.47414880201765
4.246583120206497,68.47911741528763
4.246583228202138,68.48408446265364
4.246636553579097,68.48408446265364
4.246664265350105,68.48408446265364
4.247075570153112,68.48904994485584
4.247127440649421,68.48904994485584
4.247149906750422,68.48904994485584
4.247253021146496,68.49401386263389
4.247296986397985,68.49897621672704
4.247513477745217,68.50393700787401
4.2477950569702205,68.50393700787401
4.247818825822407,68.5088962368131
4.247860165549106,68.5088962368131
4.247954684947242,68.51385390428212
4.2480770525901,68.51881001101842
4.248141385213185,68.5237645577589
4.248432312885657,68.52871754523997
4.248444020622185,68.52871754523997
4.248646162839894,68.52871754523997
4.2488934746121885,68.53366897419761
4.249700216951004,68.53366897419761
4.2499328214226075,68.53861884536731
4.2500750585470195,68.53861884536731
4.250699553617486,68.54356715948413
4.250929237458067,68.54356715948413
4.2514757083768,68.54851391728259
4.251631759973444,68.55345911949685
4.251830872054809,68.55345911949685
4.251914329183928,68.55840276686055
4.251994219096404,68.5633448601069
4.2522023388695,68.56828539996856
4.253173665951692,68.57322438717787
4.253266786250547,68.57322438717787
4.25352094551953,68.57816182246661
4.253543147341161,68.58309770656614
4.253937523170685,68.58309770656614
4.254310791779971,68.58309770656614
4.254548796297729,68.58309770656614
4.254649675881934,68.58309770656614
4.254817323360008,68.58803204020731
4.255424511310825,68.5929648241206
4.255709741953615,68.59789605903596
4.25581685309276,68.60282574568289
4.255923968971846,68.60775388479045
4.256039050750588,68.61268047708727
4.256226928418966,68.61760552330142
4.2563686563285,68.62252902416066
4.256612598084202,68.62745098039215
4.256679171293126,68.63237139272272
4.256775597425093,68.63729026187862
4.256797067058513,68.63729026187862
4.256975109711695,68.63729026187862
4.25708624742419,68.64220758858576
4.257208398071043,68.64220758858576
4.2572918457683855,68.64712337356953
4.25738921991155,68.64712337356953
4.257631827447366,68.65203761755487
4.257718506808082,68.65695032126627
4.257829468121825,68.65695032126627
4.258389949036409,68.66186148542776
4.258442023661917,68.66677111076297
4.25863439675341,68.67167919799499
4.2590038955930165,68.67658574784652
4.259132903583217,68.68149076103978
4.259235810220844,68.68639423829654
4.259320159989036,68.68639423829654
4.259437553186835,68.68639423829654
4.259600454345346,68.68639423829654
4.259624314588777,68.69129618033813
4.259686298562448,68.69619658788542
4.2597295972671665,68.70109546165885
4.259814245906931,68.70599280237835
4.259880293902477,68.71088861076345
4.259966345514943,68.71578288753324
4.260190880576204,68.72067563340632
4.260428786307866,68.72556684910086
4.2610776252895475,68.73045653533458
4.261191946793875,68.73534469282477
4.261205511838712,68.74023132228821
4.261469695960241,68.74023132228821
4.261547150762328,68.74511642444132
4.2615627287145115,68.75
4.261685680603878,68.75488204967974
4.261777252308043,68.75976257419556
4.261801227990484,68.76464157426206
4.261994762144925,68.76464157426206
4.2621379258684895,68.76951905059337
4.262144627557432,68.7743950039032
4.26217685661773,68.77926943490478
4.262486031014883,68.78414234431091
4.262784250425495,68.78901373283396
4.262817852152455,68.79388360118584
4.263095943488463,68.79875195007801
4.263193506761811,68.8036187802215
4.263227650171893,68.80848409232688
4.26330951233005,68.81334788710431
4.263492179103822,68.81821016526348
4.263531933416818,68.82307092751364
4.263548188615144,68.82793017456359
4.263641909661922,68.82793017456359
4.264049551921015,68.83278790712171
4.264539779542703,68.83764412589592
4.264852949080593,68.8424988315937
4.264871806263348,68.8424988315937
4.265044536738714,68.84735202492212
4.2652083943079635,68.85220370658776
4.265637573794843,68.85705387729679
4.2656559432685155,68.85705387729679
4.265900691085711,68.85705387729679
4.26605739991243,68.85705387729679
4.266639494025683,68.86190253775494
4.26664485101234,68.86190253775494
4.2666628501075925,68.8667496886675
4.266938440587572,68.8715953307393
4.267170166010012,68.8715953307393
4.267174030319005,68.87643946467476
4.267758846218496,68.88128209117784
4.2677925633821765,68.88612321095209
4.26813676809101,68.88612321095209
4.268280530927059,68.89096282470058
4.2685925301667,68.89580093312597
4.268599212502337,68.9006375369305
4.268624828975664,68.90547263681593
4.268658614526606,68.90547263681593
4.268712329216377,68.9103062334836
4.268965780779592,68.91513832763444
4.268985839842275,68.91996891996892
4.269033895729499,68.92479801118708
4.269239108845202,68.9296256019885
4.269494363895793,68.93445169307239
4.269797599129692,68.93927628513744
4.2698105841846035,68.94409937888199
4.269838259476677,68.94892097500389
4.269890871917905,68.94892097500389
4.269893526375855,68.94892097500389
4.269921794697037,68.95374107420056
4.270106818314614,68.95855967716902
4.270114419191968,68.96337678460583
4.270384842527103,68.96819239720713
4.2704965362949,68.97300651566863
4.270518981393498,68.97300651566863
4.270739466138947,68.9778191406856
4.270773175798097,68.98263027295285
4.270781267171985,68.98743991316482
4.270850104570064,68.9922480620155
4.271030761393799,68.99705472019842
4.271063410171451,69.00185988840668
4.271108453684085,69.00185988840668
4.271225969102685,69.00185988840668
4.27127170933338,69.00666356733302
4.271624534157028,69.01146575766967
4.272044325847347,69.01626646010844
4.272342210108803,69.01626646010844
4.272534239784097,69.02106567534076
4.2737372650771395,69.0258634040576
4.273933178153796,69.03065964694952
4.274069935185833,69.03545440470661
4.274546148297236,69.04024767801857
4.274772092715591,69.04503946757468
4.274831068376897,69.04982977406375
4.275340795878515,69.05461859817422
4.275383293655758,69.05461859817422
4.275635587372428,69.05940594059405
4.275741217179113,69.06419180201084
4.275945016354343,69.06897618311166
4.276035591937147,69.07375908458326
4.2761510675727825,69.07854050711194
4.276289322008255,69.08332045138353
4.276337298441582,69.08809891808346
4.276733736283015,69.09287590789677
4.276907359807203,69.09765142150803
4.2770205563827135,69.09765142150803
4.277287697289603,69.10242545960142
4.277474747133652,69.10719802286067
4.277905112682149,69.1119691119691
4.277943032786615,69.1119691119691
4.278063358988886,69.1119691119691
4.279111655031259,69.11673872760964
4.279371669622832,69.12150687046473
4.279589527256413,69.12627354121642
4.280202396138804,69.13103874054639
4.280565947290405,69.13103874054639
4.280591846584978,69.1358024691358
4.2806529808931595,69.14056472766549
4.280703022401697,69.14532551681579
4.280895034973522,69.14532551681579
4.280916669733908,69.1500848372667
4.280919742721125,69.15484268969772
4.281879667238463,69.15484268969772
4.281924042687856,69.15959907478796
4.282014808977549,69.16435399321615
4.282622617784593,69.16435399321615
4.282718829313369,69.16910744566054
4.282798839549134,69.173859432799
4.282883453840616,69.17860995530899
4.282954969484868,69.17860995530899
4.283299632435047,69.17860995530899
4.283396257132799,69.17860995530899
4.2835104246203315,69.18335901386749
4.283657579024203,69.18810660915113
4.283737385923296,69.18810660915113
4.284126857285888,69.1928527418361
4.2842143515659705,69.19759741259817
4.284295324558409,69.19759741259817
4.284306425645614,69.20234062211273
4.284311760371377,69.20234062211273
4.2845244445298265,69.20708237105467
4.28512194647356,69.21182266009852
4.28519269245919,69.21656148991843
4.285567977744653,69.22129886118806
4.285641225782309,69.22129886118806
4.285750475174128,69.2260347745807
4.285802167672249,69.2260347745807
4.286065289960046,69.23076923076923
4.286156683991469,69.23550223042609
4.286542426597158,69.24023377422331
4.286567634944431,69.24496386283255
4.2865962846174614,69.24969249692496
4.286907233595941,69.25441967717141
4.287091062497889,69.25914540424223
4.287215435588722,69.26386967880744
4.2876507500250245,69.26859250153657
4.2877262254242146,69.27331387309879
4.2879637263755646,69.27803379416282
4.287973295160244,69.28275226539702
4.288177604034455,69.28746928746928
4.288287244371773,69.28746928746928
4.288444516242093,69.28746928746928
4.288645879606666,69.28746928746928
4.288685766803565,69.29218486104713
4.288727942389496,69.29218486104713
4.288838408571978,69.29689898679766
4.288860745987859,69.29689898679766
4.289050403070082,69.30161166538757
4.289155347930806,69.30632289748311
4.28959790743701,69.3110326837502
4.2896893693878955,69.31574102485425
4.289983887270223,69.32044792146034
4.290046560854681,69.32044792146034
4.290205199992404,69.32515337423312
4.290511862026164,69.32515337423312
4.291134811046991,69.32985738383684
4.291542925791397,69.33455995093529
4.291753964197031,69.33455995093529
4.2917790407297955,69.33455995093529
4.292482931152931,69.33926107619193
4.292652526267719,69.34396076026978
4.292759523101949,69.34396076026978
4.29292130479773,69.34396076026978
4.292965805836998,69.34396076026978
4.293144490743812,69.34396076026978
4.293158349553588,69.34396076026978
4.293388759292768,69.34865900383141
4.293707853843338,69.35335580753907
4.293776417083393,69.35805117205454
4.29380909695636,69.36274509803921
4.293880263335545,69.36274509803921
4.2939276391635435,69.36274509803921
4.294504584419994,69.36743758615408
4.2946226613948175,69.37212863705973
4.29477213286097,69.37681825141631
4.295083603031396,69.37681825141631
4.295101598288253,69.38150642988366
4.295124423871139,69.38150642988366
4.295206064983712,69.38619317312109
4.295257797364907,69.38619317312109
4.295395771898255,69.38619317312109
4.295630278272554,69.38619317312109
4.295834140551264,69.39087848178758
4.295840711431889,69.39556235654169
4.295893153502998,69.39556235654169
4.296029170577978,69.39556235654169
4.296212798949424,69.39556235654169
4.296221874167433,69.40024479804161
4.2967310086982575,69.40492580694509
4.296781767532803,69.40492580694509
4.296990302830869,69.40960538390945
4.297172058592702,69.41428352959169
4.297466135640429,69.41428352959169
4.297584320584009,69.41428352959169
4.297591496066988,69.41896024464832
4.297700422263123,69.42363552973552
4.2978255257306515,69.42830938550902
4.297926639461152,69.42830938550902
4.298098892659865,69.42830938550902
4.2983459837664,69.42830938550902
4.298401525553871,69.43298181262418
4.299011070518962,69.43298181262418
4.2992497075791185,69.43765281173594
4.299321545974429,69.44232238349886
4.299485371127063,69.44699052856707
4.29966020817703,69.44699052856707
4.2997134336260325,69.45165724759433
4.2997212954402535,69.45165724759433
4.29986586778453,69.45632254123396
4.300063769676881,69.46098641013894
4.300109328575787,69.46564885496184
4.300740213986373,69.47030987635475
4.300829934411534,69.47030987635475
4.301007302927992,69.47496947496947
4.301174406510449,69.47962765145735
4.301376852003826,69.48428440646933
4.301900981812488,69.48893974065598
4.301935766926527,69.49359365466748
4.302056843112072,69.49824614915357
4.302160862163913,69.49824614915357
4.302306339498904,69.49824614915357
4.302320013192294,69.50289722476364
4.302335118548361,69.50754688214667
4.302516774079217,69.51219512195121
4.30274201227375,69.51684194482549
4.30287340575697,69.51684194482549
4.302887063487156,69.51684194482549
4.303460385419106,69.52148735141725
4.303493780932542,69.52148735141725
4.303612626485624,69.52613134237392
4.303663473820151,69.53077391834248
4.303793321404468,69.53541507996952
4.304145020701775,69.53541507996952
4.304668621971888,69.54005482790132
4.304788122427715,69.54469316278362
4.304869310425864,69.54933008526187
4.305110645074328,69.54933008526187
4.30512110195864,69.55396559598113
4.305162709471509,69.558599695586
4.305214977919189,69.558599695586
4.305228345039521,69.558599695586
4.305487175894339,69.56323238472073
4.30551611371903,69.56786366402922
4.305576062768295,69.57249353415487
4.30557963233318,69.5771219957408
4.305663304589898,69.58174904942965
4.3057182934730465,69.58637469586375
4.3058206551209715,69.59099893568496
4.30594090883083,69.59562176953482
4.305957334101446,69.60024319805441
4.306266240575758,69.6048632218845
4.306281398852649,69.6094818416654
4.306294970263868,69.61409905803707
4.306433461138091,69.61871487163907
4.306512003845086,69.61871487163907
4.306646441378217,69.62332928311056
4.306671883726017,69.62794229309036
4.306802746611561,69.63255390221683
4.306894732259671,69.63716411112799
4.306910323794175,69.64177292046145
4.307157776753446,69.64638033085446
4.307459888095093,69.65098634294385
4.307501032530004,69.65559095736612
4.307570182626811,69.66019417475728
4.30768260715196,69.66019417475728
4.307869894221564,69.66479599575307
4.307890618739392,69.66939642098879
4.308337259151463,69.67399545109932
4.308426563534702,69.67859308671922
4.308673662515467,69.68318932848264
4.308971699852541,69.68778417702333
4.309262040574072,69.69237763297468
4.309337697347983,69.6969696969697
4.309363551381443,69.70156036964096
4.309619490353515,69.70614965162072
4.309880686927426,69.71073754354082
4.31016524702037,69.71073754354082
4.310961138054409,69.7153240460327
4.311192600165036,69.71990915972748
4.311280329762313,69.71990915972748
4.311956528900604,69.71990915972748
4.31210158481763,69.72449288525583
4.312144426660216,69.72907522324807
4.312455640533886,69.73365617433413
4.312538691489027,69.73823573914359
4.312859500444477,69.73823573914359
4.313226845913487,69.7428139183056
4.313598421904731,69.7428139183056
4.314014376903527,69.74739071244895
4.314287087852986,69.75196612220206
4.31431234898729,69.75654014819295
4.314671352555446,69.76111279104929
4.315052316237046,69.76568405139834
4.315240689805642,69.77025392986698
4.3155102512056365,69.77482242708176
4.315547474049124,69.77938954366878
4.315588351345567,69.78395528025382
4.315624305050335,69.78395528025382
4.315789445914355,69.78851963746223
4.315913047250097,69.79308261591905
4.316014424905957,69.79308261591905
4.316321756579054,69.79764421624887
4.316344639415832,69.80220443907595
4.316469340851021,69.80676328502415
4.316557833647239,69.81132075471697
4.316706428954037,69.81132075471697
4.317012658277949,69.81587684877755
4.317762065288881,69.81587684877755
4.317842963469302,69.82043156782858
4.318258659231778,69.82498491249245
4.3183233189771935,69.82953688339116
4.318593786924415,69.82953688339116
4.318609744135618,69.82953688339116
4.31890203596952,69.8340874811463
4.318955744228287,69.83863670637913
4.319306801288602,69.8431845597105
4.319382125185888,69.8477310417609
4.319565441985213,69.85227615315044
4.319568498568922,69.85227615315044
4.319686875467981,69.85227615315044
4.31973349418126,69.85681989449887
4.319734901126108,69.86136226642556
4.319753893464542,69.86136226642556
4.319878716951911,69.86590326954949
4.319882744172398,69.87044290448931
4.320241040168515,69.87498117186324
4.320594503194429,69.87951807228916
4.320671018833388,69.88405360638458
4.320675308566334,69.88858777476665
4.320707197330382,69.88858777476665
4.320755964472615,69.89312057805208
4.320903715179562,69.89765201685731
4.320922230053563,69.89765201685731
4.32093687758011,69.89765201685731
4.321453541830957,69.90218209179835
4.321496996619336,69.90671080349082
4.322065254542895,69.91123815255003
4.322077194000222,69.91123815255003
4.322083706803821,69.91576413959085
4.322365049760647,69.91576413959085
4.322397169453573,69.92028876522785
4.322489717908138,69.92481203007519
4.322671848321767,69.92933393474665
4.323008318396245,69.92933393474665
4.323263676804766,69.93385447985568
4.3233315575046065,69.93385447985568
4.323453096647566,69.93837366601532
4.323633481323953,69.94289149383829
4.323718521927287,69.94289149383829
4.32383779331734,69.94289149383829
4.323908316109976,69.9474079639369
4.324080034220181,69.9474079639369
4.324156629704028,69.95192307692307
4.324323136488504,69.95192307692307
4.324639603474886,69.95192307692307
4.3246571883813205,69.95643683340845
4.324885548419982,69.9609492340042
4.324954250150354,69.96546027932122
4.324965948313953,69.96546027932122
4.325014072680136,69.96996996996997
4.3250364642118955,69.97447830656057
4.325243890469303,69.97898528970279
4.325323055941546,69.983490920006
4.325563515493227,69.983490920006
4.325711103042974,69.983490920006
4.325905181229713,69.98799519807923
4.3261356316668085,69.99249812453114
4.326138496395857,69.99699969996999
4.326158920889186,69.99699969996999
4.326514718416781,70.00149992500376
4.326662959414647,70.00599880023995
4.327286521097036,70.00599880023995
4.327304378537413,70.0104963262858
4.327413115600667,70.01499250374813
4.327479908930802,70.0194873332334
4.32766458721775,70.02398081534771
4.327688745284053,70.02398081534771
4.3279687555648145,70.02847295069684
4.3281204978195,70.03296373988613
4.328597711926686,70.03296373988613
4.329154982432023,70.0374531835206
4.3293027486966045,70.04194128220492
4.329503985933676,70.04642803654336
4.32978689388469,70.05091344713986
4.329808102135319,70.055397514598
4.329977873018718,70.05988023952095
4.330036464919596,70.0643616225116
4.330781983335346,70.0688416641724
4.330826428117887,70.0688416641724
4.330845683460963,70.0733203651055
4.330910429127993,70.07779772591263
4.331043078021188,70.08227374719522
4.33108955146205,70.08227374719522
4.331187646527581,70.08674842955429
4.331506364375768,70.09122177359055
4.331617196347986,70.09122177359055
4.331839055290904,70.09122177359055
4.332058327569262,70.09569377990431
4.332353998404197,70.10016444909553
4.33286195615051,70.10016444909553
4.332962490684806,70.10463378176382
4.333011868084912,70.10910177850845
4.333315016302304,70.10910177850845
4.333514251268593,70.10910177850845
4.334851079213476,70.11356843992827
4.335184655944103,70.11803376662185
4.33531700848694,70.12249775918733
4.335331155535607,70.12696041822255
4.3353515596049155,70.13142174432497
4.335636283017082,70.13588173809168
4.335641360170101,70.13588173809168
4.335831928482077,70.14034040011944
4.335943797296745,70.14479773100463
4.336170820576294,70.1492537313433
4.336195786077673,70.15370840173108
4.336241123297874,70.15816174276335
4.336260750228345,70.16261375503507
4.336323951360626,70.16706443914082
4.336344070787535,70.17151379567487
4.336542501070189,70.17596182523114
4.3365692729195215,70.18040852840316
4.3366130719874905,70.18485390578414
4.337394731771979,70.18929795796691
4.337466528066663,70.19374068554396
4.33747003483911,70.19374068554396
4.3375738118643055,70.19374068554396
4.337679834864005,70.19818208910743
4.337817602929335,70.20262216924911
4.338054478509106,70.20262216924911
4.338239708365223,70.20262216924911
4.338745359711953,70.2070609265604
4.338783147700185,70.21149836163241
4.339162339938316,70.21149836163241
4.33917786692419,70.21593447505585
4.339580005527032,70.22036926742108
4.339580819966883,70.22480273931815
4.339684784809482,70.22923489133672
4.339754936437389,70.23366572406609
4.340439242291472,70.23809523809523
4.340543803982376,70.2425234340128
4.34068891463178,70.24695031240702
4.340695814327228,70.25137587386583
4.341184735894699,70.2558001189768
4.341189566955793,70.2558001189768
4.341239242773842,70.2558001189768
4.341309544033528,70.26022304832715
4.342025102097082,70.26464466250371
4.342046122147748,70.26906496209305
4.342093379258331,70.27348394768134
4.342135989178509,70.27348394768134
4.342256078477092,70.27790161985436
4.342456329047939,70.28231797919761
4.342847247693572,70.28231797919761
4.342922548899992,70.28231797919761
4.343257374957357,70.28231797919761
4.343273131308397,70.28673302629625
4.343416180353098,70.291146761735
4.344157658382141,70.291146761735
4.344264849660256,70.29555918609832
4.344405128502539,70.29997029997031
4.344516876096246,70.30438010393468
4.344588826315555,70.30878859857482
4.344714044567811,70.3131957844738
4.344941874303617,70.3176016622143
4.345263706185474,70.3176016622143
4.3453808336576145,70.3176016622143
4.345439772409422,70.3176016622143
4.345672715688522,70.32200623237868
4.345896995935681,70.32640949554896
4.346656039216964,70.33081145230678
4.346773157509878,70.33521210323346
4.347028032265083,70.33961144890998
4.347163272617362,70.33961144890998
4.347365754338236,70.33961144890998
4.347470109685743,70.33961144890998
4.34750828746596,70.34400948991696
4.347552069710026,70.3484062268347
4.3480948171570315,70.3528016602431
4.3483403680886275,70.3571957907218
4.348549845136995,70.3571957907218
4.348597526990167,70.36158861885004
4.3486482002386175,70.36158861885004
4.348836111894429,70.36158861885004
4.348879837891748,70.36598014520669
4.349113002772506,70.37037037037037
4.34933377683,70.37475929491927
4.34957014843943,70.37475929491927
4.349583087963613,70.37914691943128
4.349613044817023,70.38353324448393
4.349975039031641,70.38791827065442
4.350042112876629,70.39230199851961
4.350086534210301,70.39230199851961
4.3502065885590095,70.39668442865602
4.350293546905518,70.40106556163978
4.350384891237318,70.40106556163978
4.350477547281547,70.40106556163978
4.3506201513849625,70.40106556163978
4.350707000215316,70.40544539804677
4.3510465559805205,70.40544539804677
4.351103079640742,70.40544539804677
4.351605461757511,70.40982393845243
4.351786741884341,70.41420118343196
4.351804139892761,70.41420118343196
4.352300771530557,70.41857713356012
4.352426828111985,70.41857713356012
4.352468647991871,70.42295178941141
4.352611486846874,70.42732515155996
4.35285095932929,70.42732515155996
4.353033281057578,70.43169722057954
4.353109314349591,70.43606799704361
4.353186073509927,70.44043748152528
4.353209677715711,70.44043748152528
4.353520082728496,70.4448056745973
4.353806174783105,70.4448056745973
4.353891524698085,70.44917257683215
4.35396816322834,70.45353818880189
4.35424180733081,70.45790251107829
4.354591020859964,70.46226554423276
4.354834982136456,70.46662728883638
4.354847202344913,70.46662728883638
4.354922697695358,70.47098774545991
4.354939946075,70.47534691467375
4.355153294946136,70.47970479704797
4.355510809205946,70.4840613931523
4.35566103293206,70.48841670355614
4.355947242523862,70.49277072882856
4.356050104759476,70.49277072882856
4.3564426936000125,70.49277072882856
4.356624995524221,70.49712346953828
4.356738322767894,70.50147492625368
4.3567502124375475,70.50582509954285
4.357222737765628,70.51017398997345
4.357316863645958,70.51452159811294
4.357368568129851,70.51886792452831
4.357485333237944,70.5232129697863
4.357518929749823,70.5232129697863
4.3575544513924696,70.52755673445328
4.357614692076108,70.53189921909532
4.357925809218407,70.53189921909532
4.357976619704852,70.53624042427813
4.358052507723203,70.53624042427813
4.358182664587912,70.5405803505671
4.358235368140653,70.54491899852725
4.3583338641686655,70.5492563687233
4.358484682810985,70.55359246171967
4.358503407240862,70.55792727808038
4.358521423992729,70.55792727808038
4.358554053363365,70.56226081836915
4.358865673536319,70.56659308314937
4.358966971412465,70.57092407298411
4.359079923181939,70.57525378843607
4.359190855171487,70.57958223006767
4.359514444410901,70.58390939844095
4.359805762112677,70.58823529411765
4.360129981838373,70.58823529411765
4.360145705640499,70.59255991765917
4.3601725536111795,70.59255991765917
4.360256132899654,70.59255991765917
4.360301284881949,70.59688326962657
4.360627841749332,70.59688326962657
4.360765608820328,70.60120535058063
4.360818795251908,70.60552616108173
4.360892878328866,70.60984570168993
4.360904169535018,70.61416397296503
4.361034132933439,70.61416397296503
4.361488812221114,70.61416397296503
4.36154188943593,70.61848097546644
4.361733620417455,70.61848097546644
4.361742496298134,70.62279670975323
4.3619020940398885,70.62279670975323
4.361963287757457,70.62711117638419
4.362385480108817,70.63142437591777
4.362702042150947,70.63573630891206
4.362764205962439,70.64004697592485
4.362784037858208,70.64435637751357
4.3629134145358,70.64866451423539
4.363158501225578,70.6529713866471
4.3632619283754694,70.65727699530517
4.363273780068715,70.66158134076574
4.36328898760372,70.66158134076574
4.363292174572579,70.66158134076574
4.363334885806849,70.66588442358463
4.363428948182407,70.67018624431735
4.3634891471901875,70.67018624431735
4.363750610289096,70.67018624431735
4.363904159792865,70.67018624431735
4.363945018822177,70.67018624431735
4.364420724732178,70.67448680351906
4.365059147130983,70.67448680351906
4.365063235104725,70.67878610174462
4.365715992803614,70.68308413954853
4.365920029116584,70.68738091748497
4.365959643705653,70.69167643610785
4.3660408266009165,70.69167643610785
4.366082442455775,70.6959706959707
4.366118088841459,70.6959706959707
4.36613900281626,70.70026369762672
4.3665694415536125,70.70455544162883
4.366844748533971,70.70455544162883
4.366953323578436,70.70884592852958
4.367001635125986,70.71313515888124
4.36707024262693,70.71742313323573
4.367102831922757,70.72170985214463
4.367136844270877,70.72599531615926
4.367661802436483,70.73027952583053
4.367712917586643,70.7345624817091
4.367727686364908,70.73884418434528
4.368145295589209,70.74312463428906
4.368419605882127,70.74312463428906
4.368713126067352,70.74312463428906
4.3694906385230805,70.7474038320901
4.369562403431221,70.75168177829775
4.369768257590303,70.75595847346104
4.369858900049069,70.76023391812866
4.369977471234547,70.764508112849
4.370309070268151,70.76878105817013
4.370396977787836,70.77305275463978
4.37052359901995,70.77732320280538
4.37052871051336,70.77732320280538
4.370595502047276,70.78159240321402
4.370745372252941,70.7858603564125
4.371296294932782,70.79012706294728
4.371611759386175,70.7943925233645
4.371785156641416,70.79865673820996
4.37186235286039,70.8029197080292
4.372402089401333,70.8029197080292
4.3724245650224285,70.80718143336739
4.372509224140257,70.80718143336739
4.372589733283304,70.81144191476942
4.372822414850773,70.81570115277981
4.3728413749216415,70.81995914794281
4.3729924337654476,70.82421590080233
4.373256849824011,70.82847141190199
4.373309122486571,70.83272568178504
4.373480327663903,70.83697871099446
4.373694645828929,70.8412305000729
4.373698450832911,70.8454810495627
4.373801538757077,70.8454810495627
4.373896838085956,70.84973036000582
4.373902003611474,70.85397843194404
4.374123347044172,70.85822526591869
4.374365646237465,70.86247086247086
4.374719145675334,70.8667152221413
4.374789677209503,70.87095834547044
4.374951647599459,70.87520023299841
4.375287545252195,70.879440885265
4.375428917731221,70.88368030280972
4.375971858469624,70.88791848617177
4.375991742657367,70.89215543588998
4.376096620088496,70.89639115250291
4.376097476990023,70.90062563654882
4.376163177505311,70.90485888856561
4.377375602148644,70.90485888856561
4.377410139607815,70.9090909090909
4.37768540777996,70.91332169866202
4.37810484744177,70.9175512578159
4.378389514642541,70.9175512578159
4.378438696133534,70.9175512578159
4.378697352552897,70.92177958708928
4.378809124072123,70.92600668701846
4.37889709389919,70.93023255813954
4.379015341392858,70.93445720098823
4.3795295554815885,70.93868061609997
4.379634003654605,70.94290280400988
4.379725488431729,70.94712376525277
4.379969418222929,70.95134350036311
4.380292636633295,70.95134350036311
4.3806533684204885,70.95556200987511
4.380768742320426,70.95977929432263
4.380839399946134,70.95977929432263
4.381065208472232,70.96399535423926
4.381388182765025,70.96821019015822
4.381418971213729,70.97242380261248
4.3815712836669585,70.97663619213466
4.381637227471515,70.97663619213466
4.382186341831703,70.9808473592571
4.382212556398096,70.98505730451183
4.3823578011351225,70.98505730451183
4.382380062312037,70.98505730451183
4.382467051412393,70.98505730451183
4.382661397617558,70.98926602843052
4.382803154423689,70.9934735315446
4.382865404088249,70.99767981438515
4.382935371138664,71.00188487748296
4.382995707068801,71.00608872136851
4.383019875633919,71.01029134657196
4.383129571566021,71.01449275362319
4.383401610287568,71.01449275362319
4.383859280488894,71.01449275362319
4.384148290746099,71.01449275362319
4.384415533734467,71.01869294305173
4.384456111772234,71.02289191538685
4.384666139584111,71.02289191538685
4.384675793786523,71.02708967115747
4.384721571750638,71.03128621089225
4.384808387758794,71.03548153511949
4.384977038562373,71.03548153511949
4.38507648209276,71.03967564436722
4.385132424282618,71.04386853916317
4.385725929443315,71.04386853916317
4.385853265784139,71.04806022003474
4.386012318424856,71.05225068750904
4.386567156364196,71.05643994211289
4.38656826497324,71.06062798437274
4.386603607132107,71.06481481481481
4.3871297518379375,71.06900043396499
4.387709520693277,71.07318484234885
4.387743162117103,71.07736804049168
4.388055507924111,71.07736804049168
4.388125150041883,71.07736804049168
4.388135359889109,71.08155002891846
4.388258687910847,71.08155002891846
4.388671410260226,71.08573080815383
4.388688411701647,71.08573080815383
4.389320215438138,71.08991037872218
4.389346302814434,71.09408874114756
4.389518892546198,71.09826589595376
4.389816330043583,71.09826589595376
4.3899178458903965,71.10244184366421
4.39003912872824,71.10661658480208
4.390170009009908,71.10661658480208
4.390172201119662,71.11079011989023
4.390202424289998,71.11079011989023
4.390284676783008,71.11079011989023
4.390465046475325,71.11496244945118
4.39052387821694,71.11496244945118
4.390847769785777,71.11913357400722
4.390852422002256,71.12330349408028
4.390959852723466,71.127472210192
4.391083754597546,71.13163972286374
4.391246244792722,71.13163972286374
4.391679112789756,71.13163972286374
4.391980656217278,71.13163972286374
4.3921245277443,71.13580603261654
4.392125556560141,71.13997113997114
4.3922638406453505,71.14413504544798
4.39230551430418,71.14829774956722
4.3926960104434905,71.1524592528487
4.393374194456631,71.15661955581194
4.393604795908573,71.16077865897621
4.393839296983706,71.16493656286043
4.394258086858317,71.16909326798327
4.39429909098908,71.17324877486307
4.394328905306338,71.17324877486307
4.394340850660789,71.17324877486307
4.394418527010502,71.17740308401787
4.394634115839391,71.18155619596543
4.394674022463864,71.18570811122316
4.394723011329974,71.18985883030827
4.394759894882498,71.18985883030827
4.395091250406192,71.19400835373759
4.395227707857411,71.19400835373759
4.395281341915437,71.19815668202764
4.39579681017816,71.20230381569475
4.396085641464742,71.20230381569475
4.396384546926741,71.20644975525482
4.39682134847423,71.20644975525482
4.3968658260039035,71.20644975525482
4.396932120018193,71.21059450122354
4.397057649197472,71.21473805411628
4.397413709525276,71.21888041444812
4.397455946163719,71.22302158273382
4.397521097353217,71.22716155948784
4.397628658561587,71.22716155948784
4.39780279515241,71.2313003452244
4.397871573758565,71.23543794045736
4.3980883172698055,71.23543794045736
4.398219384994076,71.23957434570032
4.398599476987313,71.24370956146657
4.398643114208319,71.24784358826912
4.398701549215393,71.25197642662067
4.398774877979029,71.25197642662067
4.398878221862086,71.25197642662067
4.399611770381962,71.25610807703363
4.399614357840259,71.25610807703363
4.39962734885988,71.26023854002011
4.40006621684371,71.26436781609196
4.400238576526495,71.26849590576066
4.400475093671942,71.26849590576066
4.401339016626862,71.26849590576066
4.401451248011261,71.2726228095375
4.401503437940316,71.27674852793336
4.401615703006854,71.28087306145893
4.4020030260290675,71.28499641062454
4.402122965613795,71.28911857594028
4.402716471852148,71.28911857594028
4.402844369828758,71.29323955791588
4.403071161932468,71.29735935706086
4.403087369250055,71.30147797388435
4.4034082466394615,71.30559540889526
4.4034713815679325,71.30971166260221
4.403595662381639,71.31382673551349
4.403613512514498,71.3179406281371
4.403703637769843,71.3179406281371
4.403840799034141,71.32205334098079
4.404032034701745,71.32616487455196
4.404190791215302,71.3302752293578
4.404264029763734,71.33438440590511
4.4043331832876875,71.33438440590511
4.4043475944639265,71.33849240470049
4.404591113127158,71.33849240470049
4.40493932799035,71.34259922625019
4.405046896080241,71.34670487106017
4.405068298675992,71.35080933963616
4.405301905608225,71.35080933963616
4.405385445850501,71.35491263248352
4.4054636551952,71.35491263248352
4.405959916101903,71.35491263248352
4.406104502207918,71.35491263248352
4.407074451511042,71.3590147501074
4.407261586402647,71.3631156930126
4.407495510354995,71.36721546170365
4.407554410817436,71.3713140566848
4.407701029589172,71.37541147846
4.407861189288476,71.37950772753291
4.407923834319791,71.38360280440692
4.408873774973765,71.38769670958513
4.409051448454094,71.38769670958513
4.409331040911883,71.38769670958513
4.4095575602073485,71.3917894435703
4.4098863618044595,71.395881006865
4.4100483620696656,71.395881006865
4.410199071078275,71.39997139997139
4.410266035006359,71.40406062339147
4.410304446797091,71.40406062339147
4.410464755096696,71.40814867762688
4.410525243115885,71.41223556317897
4.410696642044668,71.41632128054881
4.410738132796933,71.42040583023721
4.410867124297887,71.42040583023721
4.411517685694389,71.42448921274467
4.411540732307204,71.42857142857143
4.411619926709848,71.43265247821739
4.411827105945121,71.43673236218223
4.411845997989218,71.4408110809653
4.411982021615374,71.44488863506567
4.412379128783101,71.44488863506567
4.412496970031415,71.44896502498216
4.412641752860911,71.45304025121325
4.412931732305758,71.45711431425717
4.413211014183691,71.46118721461188
4.413370166646519,71.465258952775
4.413454231754781,71.46932952924394
4.41357299410479,71.47339894451576
4.41379879770561,71.47339894451576
4.413969654864012,71.47746719908727
4.41414900078651,71.48153429345501
4.414190300489046,71.4856002281152
4.414305712787606,71.4896650035638
4.414551846241025,71.49372862029647
4.414816892764771,71.4977910788086
4.41495687971237,71.4977910788086
4.41503408430641,71.4977910788086
4.4154393992121195,71.50185237959532
4.4155693418850515,71.50591252315145
4.415630763352313,71.50997150997152
4.415640310280469,71.51402934054978
4.41585716421784,71.51402934054978
4.415866258580403,71.51808601538023
4.415989852611508,71.52214153495657
4.416137732061632,71.5261958997722
4.416218768204163,71.53024911032028
4.416309582193607,71.53430116709364
4.416432845143907,71.53835207058489
4.416627236253724,71.53835207058489
4.416828077246322,71.54240182128629
4.416828660841709,71.54645041968986
4.4172317301205215,71.55049786628734
4.417378933951232,71.55049786628734
4.417752713354092,71.55454416157019
4.417824697105465,71.55454416157019
4.417896811765773,71.55858930602957
4.4179047938182885,71.5626333001564
4.418005260763795,71.56667614444129
4.418048053655528,71.57071783937455
4.418194514244824,71.57071783937455
4.4184005645078095,71.57475838544627
4.418710194864233,71.57475838544627
4.4189127721806605,71.57879778314623
4.418973504482803,71.57879778314623
4.419181416918553,71.58283603296391
4.419261853141344,71.58687313538856
4.419398297495513,71.5909090909091
4.419413697889551,71.5949439000142
4.419527164732017,71.59897756319228
4.420690131856456,71.59897756319228
4.420790312700537,71.60301008093141
4.420843340328605,71.60704145371948
4.421077690444459,71.611071682044
4.421117354577385,71.61510076639229
4.4212987774510575,71.6191287072513
4.421520883283723,71.62315550510783
4.4216658992970785,71.62718116044829
4.4217633600924335,71.63120567375887
4.421871561547235,71.63522904552546
4.422030776045711,71.6392512762337
4.422170750971549,71.64327236636893
4.422171211124657,71.64729231641623
4.422238724478418,71.65131112686038
4.4222981145884965,71.65532879818595
4.422442675761576,71.65532879818595
4.422464328673013,71.65532879818595
4.422604530375324,71.65934533087714
4.423318082610158,71.65934533087714
4.423362461453898,71.66336072541797
4.423500300186828,71.6673749822921
4.423524345609534,71.671388101983
4.423530775760581,71.6754000849738
4.423831464179952,71.67941093174738
4.424063531227513,71.68342064278636
4.424078321471121,71.68742921857304
4.424157133039766,71.69143665958953
4.424326315270242,71.69544296631759
4.424383601571263,71.69944813923873
4.424533527042798,71.70345217883418
4.424565197322416,71.70745508558495
4.424773764275203,71.71145685997172
4.425223129633002,71.7154575024749
4.425245702110974,71.71945701357465
4.425268117733583,71.72345539375088
4.425295280405287,71.72745264348318
4.425337693263974,71.73144876325088
4.4254619187588595,71.73544375353306
4.425534584943889,71.73943761480854
4.425840853109617,71.7434303475558
4.42614064385057,71.74742195225315
4.426158221448101,71.75141242937853
4.426204122975273,71.75141242937853
4.426368057806466,71.7554017794097
4.4263727265688555,71.75939000282406
4.426851703317007,71.76337710009882
4.426886807092873,71.7673630717109
4.42693582357631,71.7673630717109
4.427084281371742,71.77134791813691
4.427308037855158,71.77533163985323
4.427325549199594,71.77931423733597
4.427413923598851,71.78329571106094
4.427447696745545,71.78727606150373
4.427452043115595,71.79125528913963
4.427464806313704,71.79523339444366
4.427652835775058,71.79921037789057
4.427667937759258,71.80318623995488
4.42768097407136,71.8071609811108
4.428008148979082,71.8071609811108
4.428050075210538,71.81113460183226
4.428073292019579,71.81510710259302
4.428079689496609,71.81907848386643
4.428426462545232,71.82304874612568
4.428474516666618,71.82701788984363
4.428548091511602,71.83098591549296
4.428583071277685,71.83495282354599
4.428901639821575,71.8389186144748
4.429030360650606,71.84288328875124
4.4291432036242515,71.84684684684684
4.429285588310688,71.85080928923293
4.429391847055439,71.85080928923293
4.429589032662808,71.85080928923293
4.429591011799178,71.85080928923293
4.429827567974349,71.85080928923293
4.4299640320961835,71.85477061638052
4.430002653789694,71.85873082876037
4.430037821166292,71.86268992684299
4.430083813195573,71.8666479110986
4.430358277843661,71.87060478199719
4.4304233132342015,71.87456054000843
4.430549061930839,71.87456054000843
4.430857540854106,71.8785151856018
4.431144064855434,71.88246871924645
4.431187248026122,71.8864211414113
4.431438824469077,71.890372452565
4.431493145645744,71.89432265317595
4.431539766992877,71.89827174371224
4.4320957873904705,71.90221972464175
4.432434582519925,71.90616659643209
4.432555248403723,71.91011235955057
4.432681215700657,71.91405701446426
4.432828589927842,71.91800056164
4.433098292149326,71.92194300154429
4.43311072337926,71.92194300154429
4.433517825018805,71.92588433464347
4.434405860086605,71.9298245614035
4.4344552586964125,71.9298245614035
4.434583920078039,71.9298245614035
4.434627055071949,71.9337636822902
4.434769076966782,71.93770169776906
4.43477214255926,71.94163860830527
4.435262299938902,71.94557441436386
4.435582294920057,71.94950911640954
4.43567872457637,71.95344271490674
4.435695650404288,71.95737521031968
4.436205660820249,71.96130660311229
4.4363754164915115,71.96523689374825
4.436470890229888,71.96916608269096
4.436731465045878,71.97309417040358
4.436893547589769,71.97702115734903
4.436916417240603,71.98094704398991
4.4369237792080956,71.98487183078862
4.437177655303549,71.98879551820728
4.43733639548209,71.99271810670774
4.437439791752474,71.9966395967516
4.4377682627684925,72.00055998880023
4.437783164651608,72.00447928331467
4.437792770224743,72.00839748075578
4.4378307442247955,72.00839748075578
4.437888123832569,72.0123145815841
4.438538267429616,72.01623058625997
4.438825924043023,72.02014549524343
4.438834510036638,72.02014549524343
4.438971877145101,72.02405930899427
4.439684588022241,72.02797202797203
4.439756868569256,72.031883652636
4.43980990487921,72.03579418344519
4.43998163440962,72.03970362085839
4.440114331566748,72.04361196533408
4.440261579594809,72.04751921733053
4.441017562454928,72.05142537730576
4.441115917544267,72.05533044571749
4.441433293428215,72.05533044571749
4.4419505233873515,72.05923442302318
4.4420543147666685,72.05923442302318
4.442509006889418,72.05923442302318
4.442610973263194,72.06313730968013
4.4428039875447425,72.06703910614524
4.442940930231726,72.06703910614524
4.443011779849446,72.0709398128753
4.443192324506302,72.07483943032672
4.443242136725335,72.07873795895574
4.443281248438353,72.0826353992183
4.443714971350466,72.08653175157013
4.44410717675493,72.08653175157013
4.444203816282339,72.09042701646665
4.4442272358102874,72.09432119436305
4.44427860513316,72.09432119436305
4.444358686460302,72.09821428571429
4.44439231295278,72.09821428571429
4.444428676934626,72.10210629097503
4.4446168202728575,72.10210629097503
4.444933924235666,72.10599721059972
4.445128407358234,72.10988704504253
4.4452218189071075,72.11377579475739
4.445232594558295,72.11766346019797
4.445344102237402,72.11766346019797
4.445514338596456,72.12155004181767
4.4457013341902325,72.12543554006969
4.445748344206785,72.12931995540691
4.446737202286154,72.133203288282
4.446740565939988,72.13708553914739
4.446843462746383,72.14096670845521
4.447149887260412,72.14096670845521
4.447732841991479,72.14484679665738
4.44774818239501,72.14872580420554
4.4478208572946825,72.14872580420554
4.447856066836992,72.1526037315511
4.4479966147768035,72.1564805791452
4.448030153595359,72.1564805791452
4.448149498293784,72.16035634743875
4.4487205947287825,72.1642310368824
4.449117106183087,72.16810464792653
4.449177331161424,72.17197718102129
4.449409537740044,72.17584863661658
4.450058752228521,72.17971901516206
4.450200955362855,72.17971901516206
4.450462812361348,72.1835883171071
4.450507477737128,72.1835883171071
4.450571945686691,72.18745654290085
4.450952206053322,72.18745654290085
4.451143226001344,72.19132369299221
4.451175938512018,72.19518976782983
4.4514358900653885,72.19905476786211
4.451498677976082,72.20291869353717
4.452408747631123,72.20678154530295
4.452466067280862,72.21064332360706
4.4526247766850116,72.21450402889693
4.452889863668029,72.21450402889693
4.453185147010567,72.21450402889693
4.453452034243573,72.21836366161966
4.4536744010432985,72.22222222222221
4.453697912548846,72.22607971115123
4.453834108981067,72.2299361288531
4.453879402098273,72.23379147577398
4.453909356972717,72.2376457523598
4.4540569027295165,72.24149895905622
4.454594886347382,72.24535109630862
4.4548576168854845,72.24535109630862
4.455063163244899,72.24535109630862
4.455811237358727,72.24920216456223
4.455930414872259,72.25305216426193
4.455964577757195,72.25690109585241
4.456230528756487,72.26074895977808
4.456365496942562,72.26459575648315
4.456406611923355,72.26844148641153
4.456803237043296,72.27228615000693
4.457034461919102,72.27612974771279
4.457837629076559,72.27997227997228
4.457915882110009,72.28381374722838
4.458035861918465,72.28765414992378
4.458393619988843,72.28765414992378
4.4587400045555885,72.29149348850098
4.458817771846116,72.29533176340213
4.459115013409447,72.29916897506925
4.45927310899121,72.30300512394405
4.459374134402126,72.30684021046801
4.459477150247774,72.31067423508237
4.459526113672676,72.31450719822813
4.459570095618579,72.31450719822813
4.459579051421739,72.31833910034602
4.459803544044272,72.32216994187655
4.459923603763776,72.32599972326
4.460023759628309,72.32599972326
4.460083254266398,72.32599972326
4.460336581441129,72.32599972326
4.460397580342203,72.32982844493637
4.460513144022685,72.3336561073454
4.460662796605673,72.3336561073454
4.460969159621801,72.3374827109267
4.461209759476987,72.3374827109267
4.461351127747769,72.34130825611949
4.461972956981845,72.34513274336283
4.462021495017419,72.34895617309553
4.462139552463121,72.34895617309553
4.462467418028161,72.35277854575615
4.462584465740917,72.35277854575615
4.462640216383138,72.356599861783
4.463106669684202,72.36042012161415
4.463160222363367,72.36042012161415
4.463299653143036,72.36423932568744
4.463663833780944,72.36805747444045
4.463926156268336,72.37187456831053
4.463933481587852,72.37569060773481
4.4641711652826075,72.37950559315011
4.464341641974325,72.37950559315011
4.464566750864006,72.3833195249931
4.464714857611008,72.38713240370012
4.465107340883743,72.39094422970734
4.465123857704431,72.39475500345065
4.465128730536278,72.39856472536572
4.465213440240819,72.40237339588795
4.465421235858162,72.40618101545255
4.465569678246267,72.40998758449442
4.465573740779993,72.41379310344827
4.465789221566595,72.41759757274858
4.466115545411849,72.41759757274858
4.466581749300794,72.42140099282956
4.467125740115433,72.4252033641252
4.467247919387638,72.4290046870692
4.467259338141513,72.4328049620951
4.4672601963666905,72.43660418963617
4.46727964084125,72.43660418963617
4.467467072941379,72.4404023701254
4.467683842222982,72.44419950399559
4.467795642330299,72.44799559167929
4.4680835248847774,72.45179063360881
4.468202155251885,72.45179063360881
4.468313361211354,72.45558463021622
4.468652630946481,72.45937758193335
4.469222984801098,72.4631694891918
4.469699253098271,72.4669603524229
4.4699495732146035,72.4669603524229
4.469964900087787,72.4669603524229
4.470107171919805,72.4669603524229
4.470159412965168,72.4707501720578
4.470321825861555,72.4745389485274
4.470894438572662,72.4745389485274
4.47110761141992,72.47832668226228
4.471369099932004,72.47832668226228
4.471505319176421,72.4821133736929
4.471603450350927,72.4821133736929
4.471642905788727,72.48589902324942
4.471760523152743,72.48968363136176
4.471821058963423,72.48968363136176
4.4720053114871305,72.49346719845964
4.4723042752626325,72.4972497249725
4.472381673905879,72.50103121132958
4.4726023394310035,72.50481165795986
4.473020821874722,72.5085910652921
4.4732165029792945,72.5085910652921
4.47400928254958,72.51236943375481
4.474093765560943,72.51236943375481
4.47410024210771,72.51236943375481
4.4741137875894195,72.51236943375481
4.474113942979824,72.51614676377628
4.474401941080417,72.51614676377628
4.474563081837646,72.51614676377628
4.474603890997713,72.51992305578455
4.47489662884231,72.52369831020744
4.475343825155174,72.52369831020744
4.475432598885618,72.52747252747253
4.475466444607033,72.53124570800715
4.475498678242689,72.5350178522384
4.475611637781495,72.5350178522384
4.4757221305434784,72.53878896059317
4.47573331741963,72.53878896059317
4.4757647375830585,72.54255903349808
4.475945077774315,72.54632807137955
4.476047837782127,72.55009607466374
4.476068526471364,72.55386304377659
4.476087082907922,72.5576289791438
4.476307298374973,72.5576289791438
4.477176958666434,72.5576289791438
4.477696693420067,72.56139388119084
4.477778248259775,72.56139388119084
4.478019871188574,72.56515775034293
4.478088618447054,72.5689205870251
4.4784509839594016,72.57268239166208
4.478899514921955,72.57644316467847
4.4789165024632975,72.5802029064985
4.479468677391795,72.58396161754627
4.479529404048067,72.58396161754627
4.47999352678534,72.58771929824562
4.480110151914267,72.58771929824562
4.480246662985661,72.59147594902015
4.480429940773579,72.59523157029322
4.480597712588169,72.59898616248802
4.480764826945722,72.59898616248802
4.480829954548788,72.6027397260274
4.480892183580598,72.6027397260274
4.481021399981119,72.60649226133407
4.4814018192118255,72.61024376883046
4.481517459654192,72.61024376883046
4.481679416485136,72.61024376883046
4.482234054898026,72.6139942489388
4.482237817089852,72.61774370208104
4.4826021826754,72.61774370208104
4.482649987845772,72.621492128679
4.4828334860861325,72.62523952915411
4.4829691312487885,72.62898590392774
4.483165643152918,72.63273125342091
4.483303849146022,72.63273125342091
4.483491281152336,72.63647557805444
4.4835031690795555,72.64021887824897
4.48404837694687,72.64396115442484
4.484205104366172,72.64770240700219
4.484240958636596,72.64770240700219
4.484387635834223,72.65144263640093
4.484388565435627,72.65518184304074
4.484508041833261,72.65892002734108
4.484642024588524,72.66265718972116
4.484846742204795,72.66265718972116
4.485523150409531,72.66639333059997
4.485531434229002,72.66639333059997
4.48557183906235,72.67012845039629
4.485655618862528,72.67386254952862
4.485658692919168,72.6775956284153
4.485684652968123,72.6775956284153
4.4862033854299845,72.6775956284153
4.486327993235641,72.68132768747438
4.486544447565289,72.68132768747438
4.486832112514403,72.68132768747438
4.486977296931185,72.68505872712375
4.487045539943074,72.68505872712375
4.487150751790531,72.68878874778096
4.487315830864557,72.69251774986346
4.487446365203774,72.6962457337884
4.487857875309331,72.6999726999727
4.488445303241396,72.70369864883308
4.48859195975516,72.70742358078603
4.488660200316383,72.71114749624779
4.489289788640075,72.71487039563438
4.489419416913985,72.71859227936162
4.489703203682109,72.72231314784506
4.489807476213159,72.72231314784506
4.489896987450848,72.72603300150007
4.489955351575905,72.72603300150007
4.490661664570873,72.72975184074176
4.490794938844058,72.73346966598501
4.490810811455282,72.73718647764449
4.4916221275531045,72.74090227613466
4.49168639640736,72.74461706186972
4.491860369442512,72.74833083526366
4.492001931850702,72.75204359673025
4.492041330704906,72.75575534668302
4.4923873858407735,72.75946608553528
4.492627594449528,72.75946608553528
4.492907789786849,72.76317581370012
4.492916525027711,72.76688453159042
4.4929800704930525,72.7705922396188
4.493131782048455,72.77429893819766
4.493212861439128,72.77800462773921
4.493303988396484,72.78170930865542
4.493372226731664,72.78541298135801
4.493421660117693,72.78911564625851
4.493541741316732,72.78911564625851
4.493612027231465,72.7928173037682
4.4937225949465365,72.7928173037682
4.494058148942484,72.79651795429814
4.494103947126776,72.80021759825921
4.494265669442563,72.80391623606201
4.494325407379263,72.80761386811693
4.494479231722112,72.81131049483415
4.494491986458884,72.81500611662362
4.494639002665039,72.81870073389508
4.494686202943446,72.81870073389508
4.495548666432899,72.82239434705802
4.495923616935741,72.82608695652173
4.495961656031271,72.8297785626953
4.496018809496067,72.8297785626953
4.496237392502907,72.8297785626953
4.496343218199151,72.83346916598751
4.496443231648977,72.83346916598751
4.496650706631385,72.83346916598751
4.4969881223008965,72.83715876680701
4.497172227557757,72.84084736556218
4.497268543131317,72.84453496266123
4.497323088770815,72.84822155851208
4.497389330945146,72.85190715352246
4.497464144232738,72.8555917480999
4.497487615183409,72.85927534265166
4.497510670493415,72.86295793758481
4.49772435158914,72.86295793758481
4.497834261615292,72.86295793758481
4.497949640215564,72.86295793758481
4.498026327051493,72.86295793758481
4.498030900415633,72.8666395333062
4.498114413805257,72.8666395333062
4.498507565363094,72.8666395333062
4.4985996615845245,72.8666395333062
4.498734543207805,72.87032013022247
4.498827720205593,72.87032013022247
4.499357934713832,72.87399972874
4.4994207594127005,72.87399972874
4.499528219432279,72.87399972874
4.49960664378297,72.87399972874
4.499893133834442,72.87767832926498
4.499976526443219,72.87767832926498
4.4999853871125115,72.88135593220339
4.500409150722855,72.88503253796095
4.500494775194167,72.8887081469432
4.500658324377819,72.89238275955543
4.50068927942729,72.89605637620274
4.500890956377075,72.89972899728997
4.500941847933216,72.89972899728997
4.500962629135152,72.90340062322178
4.501058995840944,72.90340062322178
4.501213350442227,72.9070712544026
4.501606332184205,72.91074089123663
4.501654081865272,72.91440953412784
4.501699942522984,72.91807718348002
4.5017879138063295,72.92174383969673
4.501898377060665,72.92174383969673
4.502014421610314,72.92540950318126
4.502705247272131,72.92907417433676
4.50275939127935,72.93273785356611
4.502818718851987,72.93273785356611
4.502985435301307,72.93640054127198
4.503601953939413,72.94006223785685
4.50389343713369,72.94372294372295
4.504028352380789,72.9473826592723
4.504245390215657,72.9473826592723
4.504626133476068,72.9473826592723
4.504753809129112,72.95104138490667
4.504757172569705,72.95104138490667
4.5050878295180175,72.95469912102772
4.5055078439403635,72.95835586803678
4.505615528079372,72.962011626335
4.5057471154053275,72.96566639632333
4.5057552123356555,72.96932017840248
4.505928412420996,72.96932017840248
4.506093242627912,72.97297297297297
4.506352654702726,72.97662478043507
4.50637743196282,72.97662478043507
4.506420610586696,72.97662478043507
4.507021168288851,72.98027560118886
4.507059502199461,72.9839254356342
4.507469889780694,72.98757428417072
4.507483296394197,72.99122214719785
4.507540298448559,72.99122214719785
4.507713555461402,72.99486902511477
4.507866227251315,72.99851491832051
4.50827594767445,72.99851491832051
4.50851887226832,73.00215982721382
4.508602178403805,73.00580375219327
4.508694361571182,73.00944669365722
4.508765271558616,73.01308865200377
4.5090248803372175,73.01672962763087
4.509422723159321,73.0203696209362
4.509446455115685,73.0203696209362
4.509617664835719,73.02400863231723
4.509850508973254,73.02764666217128
4.509892455635294,73.03128371089535
4.509986311015294,73.03128371089535
4.510123182019661,73.03491977888635
4.510394323709754,73.03855486654085
4.510535994689653,73.0421889742553
4.510612131853116,73.04582210242587
4.510765853509016,73.04945425144858
4.510875231350014,73.05308542171922
4.511126819215384,73.0567156136333
4.511193541789961,73.0603448275862
4.511347447390429,73.06397306397307
4.511970444083216,73.06397306397307
4.512072158636449,73.0676003231888
4.512112680533987,73.07122660562811
4.512185435541357,73.07485191168551
4.512346233260757,73.07847624175528
4.5126217483778035,73.0820995962315
4.512709057500594,73.0820995962315
4.512789439488792,73.0820995962315
4.512828003565151,73.0820995962315
4.513241228702445,73.08572197550801
4.514408573817614,73.08934337997847
4.514427289769154,73.09296381003632
4.514488866392594,73.09658326607479
4.514492349779362,73.10020174848688
4.51526067454916,73.10381925766542
4.516028539768955,73.10743579400297
4.516222463817256,73.11105135789191
4.517011359557692,73.11466594972443
4.517185078539056,73.11827956989248
4.517206068741337,73.12189221878779
4.517405312153268,73.12550389680193
4.517648276982644,73.12911460432622
4.517742141204141,73.13272434175174
4.517759817084638,73.13633310946945
4.518080699040671,73.13994090787
4.518106186850888,73.1435477373439
4.518132194683261,73.1435477373439
4.518355745551796,73.14715359828142
4.518457466307145,73.15075849107264
4.51869562459641,73.15075849107264
4.519289144840292,73.15436241610739
4.519525746573015,73.15796537377534
4.519558575245725,73.15796537377534
4.519983558216925,73.15796537377534
4.520176899827164,73.15796537377534
4.52018728880628,73.16156736446592
4.52024190894779,73.16516838856836
4.520250529615413,73.16876844647169
4.520465354609213,73.17236753856471
4.5206219390411295,73.17596566523605
4.520830163453452,73.17956282687408
4.520952563802279,73.17956282687408
4.521384302222742,73.18315902386698
4.521475044673243,73.18675425660275
4.521606460395158,73.18675425660275
4.521614216780086,73.18675425660275
4.521657990247414,73.18675425660275
4.521739550227975,73.18675425660275
4.521931014605708,73.18675425660275
4.521958719942533,73.19034852546918
4.521998757949362,73.19034852546918
4.522197468010701,73.19394183085377
4.5223595122603735,73.19753417314394
4.522823198608194,73.2011255527268
4.522993519459031,73.20471596998928
4.523031108825354,73.20830542531816
4.523406478498056,73.20830542531816
4.523594093032991,73.21189391909992
4.523751479470308,73.21189391909992
4.523765263050017,73.2154814517209
4.523792045497332,73.21906802356722
4.52388408472839,73.21906802356722
4.523984431323862,73.22265363502477
4.524029354651684,73.22623828647924
4.524278671294129,73.22982197831615
4.5242885822189045,73.22982197831615
4.5243964391272256,73.22982197831615
4.524623163040456,73.23340471092077
4.5246452933456975,73.23698648467818
4.524928665627081,73.24056729997324
4.524955934737765,73.24414715719062
4.52500490211736,73.24772605671482
4.5250221277578335,73.25130399893006
4.525055688161401,73.25130399893006
4.525322058469168,73.25488098422038
4.525758553109832,73.25845701296964
4.525894421435244,73.2620320855615
4.526068037310376,73.26560620237936
4.526264244957888,73.26917936380647
4.52698102623807,73.27275157022585
4.527024545753131,73.27632282202032
4.527477060032614,73.27989311957248
4.527821506037763,73.27989311957248
4.52824976749513,73.28346246326475
4.528300574421303,73.28703085347937
4.528400240076505,73.29059829059828
4.528427457430662,73.29416477500334
4.528495920115193,73.29773030707611
4.52866136693609,73.30129488719798
4.528762177439062,73.30485851575014
4.528786898689523,73.30842119311357
4.528974132547964,73.31198291966908
4.529108226111679,73.3155436957972
4.529151159736088,73.31910352187833
4.529479817518618,73.32266239829265
4.529638988871043,73.32266239829265
4.5298475726247736,73.32622032542011
4.530059477670693,73.32622032542011
4.530108867418901,73.32977730364048
4.530324629703115,73.33333333333333
4.530678399561693,73.33333333333333
4.530905570741406,73.33688841487802
4.53104329290509,73.3404425486537
4.531397190437427,73.34399573503931
4.531402847203769,73.34754797441366
4.531678671548059,73.35109926715523
4.531714410497598,73.35464961364242
4.531818335392103,73.35819901425337
4.5319162337290875,73.35819901425337
4.5323208669696,73.35819901425337
4.5324357857452515,73.36174746936601
4.532846275752731,73.36174746936601
4.533005442428206,73.36529497935811
4.533364352651613,73.36884154460719
4.5333823006607705,73.36884154460719
4.534099663605719,73.37238716549062
4.534301717104841,73.37593184238551
4.534502162709654,73.37947557566883
4.534599763237296,73.38301836571732
4.5347276607080245,73.38656021290751
4.535121827730269,73.39010111761576
4.535474123895009,73.39364108021817
4.535587345128457,73.39718010109073
4.535664074746739,73.40071818060913
4.535696740852921,73.40425531914893
4.53595837223214,73.4077915170855
4.536042001804912,73.41132677479393
4.5360780682068444,73.41132677479393
4.536202494141319,73.4148610926492
4.536447635554175,73.41839447102605
4.536597838930461,73.41839447102605
4.5366657715040555,73.421926910299
4.537206542917161,73.42545841084241
4.537226441877967,73.42898897303043
4.537450992372084,73.42898897303043
4.537759556553689,73.43251859723698
4.53792693331897,73.43251859723698
4.537985452375593,73.43251859723698
4.538033779211742,73.43251859723698
4.538136677719964,73.43604728383583
4.538509121711326,73.43957503320053
4.538771580603826,73.44310184570442
4.5387740595690635,73.44662772172066
4.5388682921344055,73.44662772172066
4.538905037903628,73.4501526616222
4.539125915653223,73.45367666578179
4.539456525543277,73.457199734572
4.53963952303158,73.46072186836517
4.539848684129259,73.4642430675335
4.540035351265366,73.46776333244892
4.540523842636821,73.47128266348322
4.540527100722171,73.47480106100795
4.540562473581346,73.47831852539451
4.540663335131274,73.48183505701405
4.540838086926865,73.48535065623757
4.540876663474657,73.48535065623757
4.540975889169747,73.48886532343585
4.5411130533103705,73.48886532343585
4.541386770090744,73.48886532343585
4.541535646465635,73.49237905897945
4.541938531004559,73.49237905897945
4.542199062214508,73.49237905897945
4.542220234987308,73.49589186323881
4.542269123989586,73.49940373658407
4.542311621515425,73.50291467938527
4.542538686007694,73.50291467938527
4.542626846721673,73.50642469201219
4.542851871316914,73.50993377483444
4.542972249470369,73.50993377483444
4.5430157755808835,73.51344192822143
4.543140206435625,73.51344192822143
4.543178202206059,73.51344192822143
4.543249802080975,73.51694915254238
4.543414972067222,73.52045544816629
4.5437297929516225,73.523960815462
4.544220561717755,73.52746525479816
4.544665807687561,73.53096876654315
4.544712167026046,73.53447135106524
4.545376263299951,73.53797300873246
4.545733428932705,73.54147373991269
4.54587587070047,73.54497354497354
4.545877595706738,73.54847242428251
4.5461570570383625,73.55197037820682
4.546277218124856,73.55546740711358
4.546300046633309,73.55896351136964
4.546320567932912,73.5624586913417
4.546441929307948,73.56595294739626
4.546640922296389,73.56944627989957
4.5467069056287155,73.57293868921776
4.546939070071548,73.57293868921776
4.546975570536267,73.57643017571674
4.547074118863494,73.57643017571674
4.547314224017973,73.57992073976222
4.5475556760322045,73.58341038171972
4.547691182929925,73.58689910195457
4.5478149616331365,73.58689910195457
4.547858369169149,73.5903869008319
4.547954981685986,73.59387377871667
4.548356707278473,73.59387377871667
4.548479064194932,73.5973597359736
4.548595466697237,73.60084477296726
4.54868022758482,73.60432889006204
4.548990062259477,73.60432889006204
4.548999829366577,73.60781208762207
4.549761766325164,73.61129436601135
4.550036462846558,73.61477572559367
4.550104026717176,73.61825616673262
4.550159930878798,73.6217356897916
4.5502248962817955,73.62521429513386
4.55034258573171,73.62869198312237
4.5503450193795745,73.63216875411997
4.5509836022714385,73.63564460848933
4.5516218857367905,73.63911954659285
4.551698129902619,73.64259356879283
4.55182216920016,73.64606667545132
4.551994892381679,73.64606667545132
4.552281687983111,73.64953886693017
4.552289898997585,73.65301014359109
4.552438459453033,73.65301014359109
4.55275864435119,73.65301014359109
4.552887533639634,73.65648050579557
4.553727181738829,73.65994995390491
4.553965616292709,73.65994995390491
4.553982046731987,73.66341848828021
4.554310785815543,73.66688610928243
4.554445546400427,73.67035281727225
4.55454892187226,73.67035281727225
4.554669935941754,73.67381861261025
4.554697523462375,73.67728349565675
4.554839901581306,73.68074746677195
4.555050207542564,73.68421052631578
4.555289710909413,73.68421052631578
4.555614161160881,73.68767267464807
4.555941456991935,73.6911339121284
4.556239623048034,73.69459423911614
4.556245588908399,73.69805365597054
4.556336755321851,73.70151216305062
4.556372739212289,73.70496976071522
4.5565046964011175,73.708426449323
4.556889790918509,73.71188222923239
4.557071236413101,73.71533710080168
4.557252119563344,73.71879106438897
4.557285625435939,73.72224412035212
4.557448999192722,73.72569626904887
4.557451027061273,73.72914751083673
4.557545393947661,73.73259784607302
4.557825336812771,73.7360472751149
4.557854427482369,73.7360472751149
4.558076802595165,73.73949579831933
4.558294460822414,73.73949579831933
4.558552507691092,73.74294341604306
4.55888400657378,73.74294341604306
4.558920303254645,73.74639012864269
4.5589222186006335,73.74639012864269
4.558937886521632,73.74983593647461
4.558978393827923,73.74983593647461
4.559119911846417,73.75328083989501
4.559165553850912,73.75672483925993
4.5593841057605875,73.76016793492522
4.559399142080882,73.7636101272465
4.559600165837886,73.76705141657922
4.559619760682025,73.77049180327869
4.559841911715961,73.77393128769998
4.55998763030259,73.77736987019799
4.560178509940536,73.78080755112742
4.5601971810050115,73.78424433084284
4.560446374203388,73.78768020969856
4.560512432247162,73.79111518804875
4.560581268484604,73.79454926624737
4.560692505498308,73.79798244464824
4.5607932720745,73.79798244464824
4.561189780625243,73.80141472360494
4.561204949127733,73.80484610347085
4.5612751002739245,73.80827658459927
4.561421716210174,73.80827658459927
4.561586699212379,73.81170616734319
4.561676486768099,73.81513485205551
4.561876255233607,73.81856263908888
4.561928660410603,73.81856263908888
4.5619604607197575,73.82198952879581
4.562209763780804,73.8254155215286
4.562610385604398,73.82884061763936
4.56277934992793,73.83226481748004
4.563043623340875,73.83568812140241
4.563481372005648,73.83568812140241
4.5637421390648125,73.83911052975802
4.564059719988007,73.84253204289824
4.564705597619641,73.84253204289824
4.564770027065004,73.84253204289824
4.564826548420008,73.84253204289824
4.564897597886658,73.84595266117432
4.564900184890834,73.84937238493724
4.565481066997683,73.85279121453785
4.5655520083412995,73.8562091503268
4.565595056338954,73.85962619265456
4.565744841208083,73.8630423418714
4.565762640092693,73.86645759832746
4.565894029612639,73.86987196237261
4.565961714965328,73.87328543435663
4.566460814298771,73.87669801462906
4.566900696030262,73.88010970353925
4.566915799557827,73.88352050143641
4.56696858486866,73.88693040866954
4.567160626419076,73.89033942558747
4.5672226139183145,73.89374755253884
4.5673296390042815,73.8971547898721
4.567423600451042,73.90056113793554
4.567580355376351,73.90396659707724
4.567690489344522,73.90737116764514
4.56796280961547,73.91077484998696
4.567988275710922,73.91417764445023
4.568053478368956,73.91757955138237
4.568094408187093,73.92098057113053
4.568533249977213,73.92438070404172
4.568659023371102,73.92438070404172
4.56897733025854,73.92438070404172
4.568997488225615,73.92777995046278
4.569084621484815,73.93117831074035
4.569200006773098,73.9345757852209
4.569261585063344,73.93797237425072
4.569266220721272,73.9413680781759
4.569494853699792,73.94476289734236
4.569803572781699,73.94815683209586
4.569953717168297,73.95154988278198
4.570020981846253,73.95154988278198
4.570024680501653,73.95494204974607
4.570171348735806,73.95833333333334
4.5701756010236085,73.96172373388882
4.570534509759455,73.96511325175736
4.570559252408902,73.96850188728361
4.570676996931604,73.96850188728361
4.570786266481927,73.96850188728361
4.570867472297376,73.97188964081207
4.570873793299186,73.97527651268705
4.570915255770398,73.97866250325266
4.571063342750401,73.98204761285287
4.571223264927998,73.98204761285287
4.571581241263061,73.98543184183143
4.571594854289734,73.98881519053194
4.57171794765761,73.99219765929779
4.571814677543446,73.99557924847224
4.571916190571705,73.99895995839833
4.572049163645456,74.00233978941895
4.57237957557157,74.00571874187679
4.572498378312096,74.00909681611436
4.572726865363173,74.01247401247402
4.572755611189334,74.01585033129791
4.57276958614114,74.01922577292804
4.572920887573274,74.0226003377062
4.572929555355222,74.0226003377062
4.57307504829464,74.02597402597402
4.573406143621066,74.02597402597402
4.5737897613375,74.02934683807297
4.573862391373763,74.02934683807297
4.573893048926529,74.03271877434433
4.5739312090456545,74.03608983512918
4.574040033444288,74.03608983512918
4.57409003841658,74.03946002076843
4.574122118144815,74.03946002076843
4.574528896671751,74.04282933160286
4.574624857968556,74.04619776797301
4.5746589305859855,74.04956533021928
4.575736846660541,74.0529320186819
4.575861223310608,74.0529320186819
4.576160386503698,74.05629783370087
4.576267690011545,74.05629783370087
4.5763208415255505,74.05966277561609
4.57640271491634,74.06302684476721
4.576488095077414,74.06639004149378
4.576891958750827,74.0697523661351
4.577099292184873,74.07311381903034
4.57759454978374,74.07647440051846
4.57790432206091,74.07647440051846
4.577934243137546,74.07983411093831
4.5779416956034105,74.08319295062849
4.578000643237529,74.08655091992745
4.578064094254509,74.08990801917346
4.578114802781115,74.09326424870466
4.578319706315988,74.09661960885896
4.578357063734185,74.09997409997409
4.578800127061534,74.10332772238768
4.578949762889227,74.10668047643708
4.579036375609043,74.10668047643708
4.579707778346978,74.11003236245955
4.580118958386879,74.11338338079213
4.580119768335831,74.1167335317717
4.580191366581383,74.12008281573499
4.580237741120265,74.1234312330185
4.580398433808608,74.1267787839586
4.580856485130508,74.13012546889148
4.580880806325857,74.13347128815313
4.58131375129068,74.13681624207939
4.58133122314136,74.14016033100594
4.581408476216275,74.14350355526827
4.581415725444705,74.14684591520165
4.58161940202917,74.15018741114126
4.581908659813438,74.15352804342207
4.582150325340847,74.15686781237886
4.582367377798391,74.15686781237886
4.582492111570572,74.15686781237886
4.583004840069706,74.15686781237886
4.583110719312641,74.16020671834626
4.583114405818681,74.1635447616587
4.583296644892837,74.16688194265048
4.583421338859475,74.17021826165569
4.583613127607448,74.17021826165569
4.5840084305136815,74.17355371900827
4.584105775655708,74.17355371900827
4.584161299326497,74.17688831504196
4.584676012093286,74.17688831504196
4.584732982109053,74.18022205009038
4.5854189718933585,74.1835549244869
4.585587850794565,74.18688693856478
4.585690966854432,74.19021809265712
4.585829498254449,74.19354838709677
4.5859574967276515,74.19687782221649
4.586330023337513,74.20020639834881
4.586330033858698,74.20020639834881
4.586343758625084,74.20353411582613
4.586778713796824,74.20353411582613
4.587228537135394,74.20686097498066
4.58736456680904,74.20686097498066
4.587631272380309,74.20686097498066
4.587922898824234,74.21018697614443
4.588407210989203,74.21351211964931
4.588409397075364,74.216836405827
4.588650662505631,74.216836405827
4.588934194783686,74.216836405827
4.589061194360852,74.216836405827
4.589143411073263,74.22015983500903
4.589226974398442,74.22348240752675
4.589250841691099,74.22680412371135
4.589254681242778,74.23012498389383
4.589527106518924,74.23344498840505
4.5896862864864225,74.23676413757569
4.589743126339158,74.24008243173623
4.590115246361814,74.243399871217
4.590222816894328,74.243399871217
4.590665247027786,74.24671645634818
4.591027163889165,74.25003218745977
4.591228328044161,74.25334706488157
4.591667027121633,74.25334706488157
4.591749007805455,74.25666108894323
4.59224020134954,74.25666108894323
4.592463694017329,74.25666108894323
4.592495412866319,74.25666108894323
4.592549179431309,74.25666108894323
4.5929259743975885,74.25997425997426
4.592988749350684,74.26328657830396
4.593251086624357,74.26659804426146
4.593261027471137,74.26990865817574
4.593296217973104,74.27321842037561
4.593713313646013,74.27652733118971
4.594059450958799,74.27652733118971
4.5945652129972006,74.2798353909465
4.5949687746536645,74.28314259997428
4.595068351283436,74.28644895860118
4.595158669530382,74.28975446715516
4.595252269608112,74.293059125964
4.595291168399486,74.29636293535535
4.595492325716583,74.29966589565664
4.595759347147213,74.29966589565664
4.595834750542786,74.30296800719518
4.595863290356066,74.30626927029805
4.596237601293105,74.30956968529223
4.59624485493096,74.3128692525045
4.596310456021661,74.3128692525045
4.596333014848264,74.31616797226145
4.596478065371825,74.31616797226145
4.596565436402132,74.31616797226145
4.596651508223189,74.31946584488958
4.596747554483608,74.32276287071511
4.596798824293153,74.32276287071511
4.596811381861936,74.32276287071511
4.596886245804959,74.32605905006419
4.59715137286137,74.32935438326274
4.597257511534447,74.33264887063655
4.5974945184252425,74.33594251251124
4.5974980310968565,74.33594251251124
4.597992075481369,74.33923530921221
4.5979939837161705,74.33923530921221
4.598256762211403,74.33923530921221
4.598373640450607,74.34252726106479
4.598450749659722,74.34581836839405
4.598523470390968,74.34910863152494
4.598678856021395,74.35239805078226
4.599390684257161,74.35568662649058
4.599486453519706,74.35897435897436
4.599492441461199,74.35897435897436
4.599687884797688,74.36226124855789
4.5997121520978315,74.36226124855789
4.599763917415319,74.36554729556524
4.599810890473953,74.3688325003204
4.599882794047635,74.37211686314711
4.599922761219202,74.37211686314711
4.60009408219026,74.375400384369
4.600613973631033,74.3786830643095
4.600685536119049,74.3786830643095
4.600839447047019,74.38196490329192
4.600874347729992,74.38524590163934
4.6011999110755415,74.38852605967473
4.601468654375487,74.39180537772087
4.601960335408304,74.39508385610037
4.602141644502561,74.39836149513569
4.602428563612226,74.39836149513569
4.602522122138652,74.40163829514911
4.602645219134093,74.40163829514911
4.603313022383684,74.40491425646276
4.603318291125817,74.40491425646276
4.603607172430145,74.40491425646276
4.603625640767201,74.40818937939859
4.603892929610292,74.4114636642784
4.604199939475115,74.41473711142382
4.604229955534795,74.41800972115631
4.6043246608218205,74.42128149379717
4.604344572655986,74.42455242966753
4.6043896153018995,74.42782252908835
4.60442141394603,74.42782252908835
4.60444543561218,74.42782252908835
4.60476789802631,74.43109179238047
4.604850175701985,74.43109179238047
4.605022277198026,74.43109179238047
4.605069443736017,74.4343602198645
4.6050963532674105,74.4343602198645
4.60549483072453,74.43762781186093
4.606126046684298,74.4408945686901
4.606246204973818,74.4408945686901
4.606269863587859,74.44416049067212
4.60656411638636,74.44416049067212
4.606749050145678,74.447425578127
4.607051899695799,74.447425578127
4.6070587803890986,74.45068983137455
4.607083274970284,74.45395325073446
4.607291608328942,74.45721583652617
4.607384150071301,74.45721583652617
4.6074275101229984,74.45721583652617
4.607954829650918,74.46047758906909
4.60798502214728,74.46047758906909
4.608267296156947,74.46047758906909
4.608359265842011,74.46373850868233
4.608657359800309,74.46699859568491
4.608688124419564,74.47025785039571
4.608920601628743,74.47351627313338
4.60904945122299,74.47677386421644
4.609160267304866,74.47677386421644
4.6093252112861105,74.48003062396326
4.609776803272044,74.48003062396326
4.610025646858646,74.48328655269202
4.610051003736123,74.48654165072075
4.610195893166104,74.48979591836735
4.610292201888583,74.4930493559495
4.610512620779765,74.49630196378475
4.61104554338551,74.49955374219049
4.611339938459736,74.50280469148393
4.611575313954981,74.50605481198215
4.61158836916417,74.50930410400204
4.611795516878454,74.51255256786033
4.611942750519418,74.5158002038736
4.611976378881695,74.51904701235826
4.612174253216697,74.52229299363057
4.612178980375418,74.52553814800662
4.61222162368498,74.52878247580234
4.612301530687267,74.5320259773335
4.612342059099173,74.5352686529157
4.612369092563812,74.53851050286443
4.612381855725431,74.54175152749491
4.612543062612145,74.54499172712231
4.612775658661082,74.54823110206159
4.613006336599246,74.54823110206159
4.6131911086983655,74.55146965262756
4.6132177562120305,74.55470737913485
4.61322028135966,74.55794428189797
4.613293285998325,74.55794428189797
4.613339741663355,74.56118036123124
4.613411606386929,74.56441561744882
4.613461871568057,74.56441561744882
4.613850769266786,74.56441561744882
4.613945273843815,74.56441561744882
4.613949852493784,74.5676500508647
4.614461522071319,74.57088366179275
4.614495435732918,74.57411645054665
4.6145300711743715,74.57411645054665
4.6146600550220525,74.57734841743994
4.614761041818885,74.58057956278597
4.615150503027778,74.58380988689795
4.61564930329727,74.58703939008895
4.615666281308423,74.58703939008895
4.615850251516741,74.59026807267183
4.615869247064154,74.59349593495935
4.616155690783188,74.59672297726406
4.616205890163386,74.59994919989839
4.616279144707917,74.60317460317461
4.616421101488068,74.60317460317461
4.616562735698441,74.60639918740478
4.616704276852942,74.60962295290085
4.616811817371158,74.61284589997462
4.617051057458983,74.61606802893769
4.61708894136815,74.61928934010153
4.617187992311075,74.61928934010153
4.617390813626044,74.62250983377744
4.617411075587803,74.62250983377744
4.617491696446127,74.62250983377744
4.617754138561141,74.62572951027659
4.617764960577388,74.62894836990993
4.617877334805379,74.63216641298833
4.6179021546179735,74.63538363982245
4.618014035074959,74.6386000507228
4.6180980522203505,74.64181564599974
4.618119480684751,74.64181564599974
4.618129908003371,74.64181564599974
4.618305473888651,74.64503042596348
4.618306515774001,74.64824439092406
4.618818536875221,74.65145754119138
4.61925790395974,74.65466987707515
4.619391803364128,74.65788139888495
4.6196144700812365,74.65788139888495
4.620102836789427,74.6610921069302
4.620275081398586,74.6610921069302
4.620280134204802,74.6610921069302
4.620588204827944,74.66430200152014
4.620767604572744,74.66430200152014
4.621039987739202,74.6675110829639
4.621439828166265,74.67071935157041
4.6216095675828495,74.67392680764847
4.621686266754215,74.6771334515067
4.6219936806142865,74.6771334515067
4.622248170930288,74.6771334515067
4.622621183576239,74.6803392834536
4.622649650806953,74.68354430379746
4.6228710160020094,74.68674851284648
4.622878309953977,74.68674851284648
4.6231362205969715,74.68995191090862
4.623161197800554,74.69315449829179
4.623423391770131,74.69635627530364
4.623563113957466,74.69955724225173
4.623692029205504,74.70275739944347
4.623727444713847,74.70275739944347
4.623872902397628,74.70595674718604
4.624018945758666,74.70915528578655
4.624415367714282,74.7123530155519
4.624561856139069,74.7123530155519
4.6247160430365,74.7123530155519
4.624888761226041,74.7123530155519
4.624895970205289,74.7123530155519
4.625113364216206,74.7123530155519
4.6251948012980595,74.71554993678888
4.626100783296624,74.71874604980407
4.626167131766165,74.72194135490395
4.626230437184598,74.72194135490395
4.62640846845109,74.72194135490395
4.626694156795541,74.72194135490395
4.626750562867559,74.7251358523948
4.626890151994613,74.72832954258276
4.627024012077742,74.73152242577385
4.627148387363995,74.73152242577385
4.627250272719686,74.73471450227387
4.6276369850944254,74.73790577238853
4.627677778145911,74.74109623642335
4.627814898975764,74.74109623642335
4.6278532733653766,74.74109623642335
4.627936148947217,74.74428589468367
4.628027630524047,74.74747474747475
4.6286989863822985,74.75066279510163
4.6288437051517715,74.75385003786923
4.62902381402735,74.75703647608229
4.629220997812228,74.76022211004543
4.6294905363369345,74.76340694006309
4.629531248350631,74.76659096643957
4.629762144280908,74.769774189479
4.629828738341488,74.769774189479
4.6299276181854765,74.769774189479
4.629953067163742,74.77295660948536
4.6301316434032795,74.77613822676251
4.630370413967704,74.77931904161412
4.630581824958078,74.7824990543437
4.630596196641799,74.7824990543437
4.630720504037181,74.78567826525466
4.630799161510512,74.78885667465019
4.630853624172656,74.79203428283337
4.630873829375736,74.79203428283337
4.630910879531423,74.79203428283337
4.631245404349935,74.79521109010712
4.631325906712643,74.79838709677419
4.631436483473999,74.8015623031372
4.63143887758035,74.80473670949861
4.631461997904929,74.80791031616073
4.63148278600907,74.81108312342569
4.631501438694021,74.81425513159552
4.631722282336193,74.81742634097205
4.631894413382112,74.82059675185698
4.632218031015888,74.82376636455186
4.63223335498989,74.82693517935809
4.632355354485025,74.83010319657689
4.6324305772518795,74.83327041650938
4.63249706170907,74.83643683945647
4.632545516599096,74.83960246571895
4.632764607112198,74.84276729559748
4.632846809739852,74.84593132939253
4.63299486032857,74.84909456740442
4.633097506558189,74.85225700993335
4.633669220330669,74.85541865727936
4.634049898209829,74.85541865727936
4.63428739861862,74.8585795097423
4.634292082505092,74.86173956762192
4.634327159388016,74.8648988312178
4.634462407306004,74.86805730082935
4.634583873485669,74.87121497675588
4.634654108831014,74.87437185929649
4.634943534440817,74.87752794875016
4.63508725433127,74.88068324541572
4.635113627072447,74.88383774959186
4.635322744682567,74.8869914615771
4.6353407336407235,74.89014438166981
4.635442623076248,74.89329651016821
4.635491813567499,74.89644784737041
4.635660912767145,74.8995983935743
4.635911931490053,74.90274814907768
4.6360464380337625,74.90589711417816
4.636454562258274,74.90904528917325
4.636463042579547,74.90904528917325
4.636704990723773,74.91219267436026
4.636905354357637,74.91219267436026
4.637223388865887,74.91533927003637
4.6372983287958975,74.91848507649863
4.637608362100058,74.92163009404389
4.63769781336902,74.92477432296891
4.637862981958285,74.92791776357026
4.637959350750566,74.9310604161444
4.638124462469372,74.93420228098759
4.638169009010129,74.93734335839599
4.638218205155952,74.94048364866558
4.6382523916634115,74.94362315209221
4.6382668056403125,74.94362315209221
4.638289077834219,74.94676186897156
4.63868688420088,74.9498997995992
4.639045594817008,74.95303694427051
4.639224159023544,74.95617330328074
4.6400545702011335,74.95930887692501
4.640080545112526,74.96244366549824
4.64013523726018,74.96557766929529
4.640340853791107,74.96871088861077
4.640554018294032,74.97184332373921
4.640805434141125,74.97184332373921
4.640911736274929,74.97497497497497
4.641082425714126,74.97810584261228
4.641195036313051,74.98123592694522
4.641315823545068,74.98123592694522
4.6415336768863655,74.98436522826766
4.641888846009974,74.98749374687344
4.642185264355325,74.99062148305615
4.642211760758406,74.99374843710928
4.64226857179177,74.99687460932617
4.643184617524691,75.0
4.643394657832093,75.0
4.6438713504891584,75.0
4.643964548396712,75.0
4.644144764119253,75.00312460942382
4.644358329909162,75.00312460942382
4.644415087939278,75.00312460942382
4.644446804437777,75.00312460942382
4.644469930627915,75.00624843789053
4.644495009021395,75.00937148569287
4.644809149254781,75.01249375312344
4.644983126727203,75.0156152404747
4.64519935933734,75.01873594803897
4.645787814763213,75.0218558761084
4.645995452708913,75.02497502497502
4.646153856137526,75.0280933949307
4.646170146354758,75.03121098626715
4.646277128952813,75.03432779927599
4.646359061124611,75.03744383424863
4.647377782842596,75.04055909147635
4.647870489267681,75.04367357125031
4.647884712112835,75.04678727386151
4.648031759942486,75.0499001996008
4.6480950695928,75.05301234875888
4.6481069280957845,75.05612372162635
4.648147037812902,75.05923431849357
4.64817713792542,75.06234413965088
4.6482735394143235,75.06545318538835
4.648380454823439,75.068561455996
4.648522984626621,75.07166895176368
4.648597564411693,75.07477567298105
4.648623379237822,75.0778816199377
4.648906490621103,75.080986792923
4.6492972431667114,75.08409119222623
4.6493756410890175,75.08719481813652
4.6495871270286715,75.09029767094283
4.6496672219951645,75.093399750934
4.6497272057003265,75.0965010583987
4.649783474347874,75.0996015936255
4.649834767498453,75.10270135690278
4.649951910160773,75.1058003485188
4.650397266859305,75.10889856876167
4.650399448020438,75.11199601791935
4.65042647336277,75.1150926962797
4.650515832824167,75.11818860413038
4.650564744490212,75.12128374175893
4.6508966024803104,75.12437810945273
4.651141226067319,75.12747170749907
4.651330263688388,75.13056453618503
4.6517411649159115,75.13365659579759
4.65193245026308,75.13674788662357
4.651950303756512,75.13674788662357
4.65229932827313,75.13983840894966
4.652300764939447,75.13983840894966
4.6523316905186745,75.1429281630624
4.652395220868958,75.14601714924817
4.652422529202476,75.14910536779324
4.652542170295549,75.15219281898372
4.652866447785849,75.15527950310559
4.652982268829368,75.15527950310559
4.6530229246171775,75.15836542044467
4.653175143665403,75.16145057128664
4.653253521795686,75.16145057128664
4.65331054585709,75.16453495591705
4.653379376512363,75.16761857462132
4.6534847601911755,75.17070142768468
4.654064178517087,75.17378351539226
4.654277816513003,75.17686483802905
4.654341098651807,75.17994539587987
4.6544294719204835,75.18302518922944
4.6548209238188,75.18302518922944
4.655025191988058,75.18610421836229
4.6551369136448235,75.18918248356283
4.655148859902535,75.19225998511536
4.655264194852558,75.19533672330398
4.6553080190578475,75.1984126984127
4.655333954713388,75.20148791072536
4.655860785118466,75.20456236052566
4.655918285791671,75.20763604809719
4.65594541332141,75.20763604809719
4.656203957838369,75.21070897372336
4.656373906332408,75.21378113768745
4.656401369446524,75.21378113768745
4.65640183438943,75.21685254027261
4.656435331592494,75.21992318176186
4.656777741435869,75.22299306243806
4.656860495906423,75.22606218258392
4.657096297253166,75.22606218258392
4.657117396310107,75.22913054248204
4.65731595383004,75.22913054248204
4.657375068031515,75.23219814241486
4.657380937594835,75.23526498266469
4.657425812299794,75.23526498266469
4.657468483192456,75.23833106351368
4.65750511422837,75.24139638524387
4.657696126027574,75.24139638524387
4.65773745671281,75.24446094813715
4.6578244068670305,75.24446094813715
4.657912111335819,75.24446094813715
4.657992431228528,75.24752475247524
4.658270114251431,75.25058779853978
4.658388402328105,75.25058779853978
4.658557964185173,75.25365008661223
4.658922388925371,75.25671161697389
4.658926901885186,75.25977238990599
4.658956184477745,75.25977238990599
4.658972641850961,75.26283240568955
4.6590714508015285,75.26589166460549
4.659096037847229,75.26895016693459
4.659145052184944,75.27200791295748
4.659553668907737,75.27506490295463
4.659621764564078,75.27812113720643
4.659859427216273,75.28117661599309
4.659896387740265,75.28423133959467
4.660046589550444,75.28728530829112
4.660110780482566,75.28728530829112
4.660314972318657,75.28728530829112
4.6604734695068295,75.29033852236225
4.661024701455274,75.2933909820877
4.6612854482149,75.2933909820877
4.661546914134857,75.29644268774703
4.661801361356077,75.29644268774703
4.66187794793131,75.29949363961961
4.662018786405473,75.30254383798469
4.662370080155838,75.30559328312137
4.662617283291532,75.30864197530865
4.662633759204056,75.31168991482534
4.662661423498486,75.31168991482534
4.66266638605745,75.31168991482534
4.663396179808251,75.31473710195013
4.663603687375648,75.31778353696163
4.664036544718941,75.32082922013821
4.664367710452695,75.32082922013821
4.664425980582655,75.32082922013821
4.664502245337574,75.32082922013821
4.664684750635995,75.32082922013821
4.664796605541353,75.32387415175818
4.665009404054106,75.32691833209968
4.665164452397278,75.32996176144073
4.665744386057042,75.32996176144073
4.666285433295449,75.32996176144073
4.666446196413045,75.3330044400592
4.666654753844384,75.33604636823283
4.66696227582234,75.33908754623921
4.667059400584723,75.3421279743558
4.667319896695936,75.34516765285996
4.667571715447426,75.34820658202884
4.668154716956873,75.35124476213952
4.668646191988904,75.35428219346888
4.668840076160515,75.35731887629375
4.669167252423892,75.36035481089073
4.669332714126339,75.36338999753633
4.669532214869929,75.36642443650696
4.6695339637691236,75.36945812807882
4.6697116676163635,75.37249107252802
4.670169517777598,75.37249107252802
4.6702227832020675,75.3755232701305
4.6706912809026475,75.37855472116213
4.670900557131667,75.38158542589856
4.6710823672384185,75.38158542589856
4.671184753053831,75.38461538461539
4.671232144302853,75.38461538461539
4.671336572373923,75.38461538461539
4.671465896866762,75.387644597588
4.671757174463928,75.39067306509168
4.671781325494434,75.39370078740157
4.672065133410782,75.39672776479271
4.67219911874029,75.39672776479271
4.672313931030601,75.39975399753997
4.672367692378665,75.40277948591809
4.672585106702465,75.40580423020167
4.672857717156914,75.4088282306652
4.672861608769329,75.4088282306652
4.6729957431232645,75.4088282306652
4.673375561385209,75.41185148758298
4.673469759251778,75.41185148758298
4.673501085606133,75.41487400122926
4.673506306454015,75.41789577187808
4.673740617971406,75.42091679980338
4.673754165282165,75.42091679980338
4.673777727956737,75.42393708527894
4.673898136210573,75.42695662857845
4.673900780590621,75.42695662857845
4.673948625014626,75.42997542997543
4.674535716583094,75.42997542997543
4.674691125894098,75.43299348974327
4.6748489838812635,75.43601080815525
4.674940536455042,75.43601080815525
4.674981976624969,75.43902738548447
4.675204875295517,75.44204322200393
4.675402735956303,75.4450583179865
4.675576565964923,75.44807267370489
4.675746704437845,75.44807267370489
4.6761216201326405,75.44807267370489
4.676382995917155,75.45108628943169
4.676548377610494,75.45409916543937
4.676627553626111,75.45711130200024
4.676801913771382,75.4601226993865
4.676999206361881,75.4631333578702
4.677409890244729,75.46614327772326
4.67761334173413,75.46915245921747
4.677997381203542,75.47216090262448
4.678049927402263,75.47516860821581
4.6780726906083245,75.47817557626287
4.678554505070823,75.47817557626287
4.6785621685866055,75.4811818070369
4.678987430028142,75.48418730080903
4.679064248125624,75.48719205785022
4.679066543245425,75.48719205785022
4.679202949671597,75.49019607843137
4.6792315432856615,75.49319936282318
4.679268778881744,75.49620191129624
4.6793942013807435,75.49920372412103
4.679438448024501,75.50220480156786
4.6797221403883835,75.50520514390692
4.679881044239017,75.50820475140829
4.680010851505357,75.51120362434186
4.68019059649527,75.51420176297748
4.6803903277158545,75.51719916758476
4.680401535665485,75.51719916758476
4.680493219258377,75.5201958384333
4.680866375379651,75.5201958384333
4.680895775075205,75.52319177579244
4.681009291634879,75.52618697993148
4.681157414561858,75.52918145111954
4.681174492970391,75.52918145111954
4.681236935442933,75.53217518962563
4.681508984775253,75.53516819571865
4.681997478070491,75.53816046966732
4.682163481092663,75.54115201174024
4.682533777729923,75.54414282220591
4.682933534284483,75.54414282220591
4.683541040304508,75.54713290133267
4.683697083994267,75.55012224938875
4.684110523538679,75.55311086664221
4.684133082462432,75.55609875336103
4.684173826679701,75.55908590981304
4.6842105956969755,75.56207233626589
4.684245328304696,75.56207233626589
4.684259676751344,75.56505803298718
4.68468643250387,75.56804300024432
4.684959470484674,75.57102723830464
4.685105306562917,75.57401074743527
4.685427687216084,75.57699352790328
4.685435829823918,75.57997557997558
4.685484303692507,75.58295690391894
4.685856631436664,75.58295690391894
4.686167137309747,75.5859375
4.686526443305473,75.5859375
4.686536389227508,75.5889173684853
4.686546431278038,75.5889173684853
4.686606847058743,75.5889173684853
4.686668364208657,75.5889173684853
4.686755121365579,75.5918965096412
4.68681898186231,75.59487492373398
4.686910174642274,75.59785261102977
4.686969481418595,75.60082957179456
4.687027914567217,75.60380580629422
4.6872180902703455,75.60678131479449
4.687309871120101,75.60975609756098
4.687438583410971,75.61273015485916
4.687564759002339,75.6157034869544
4.687671745954888,75.6157034869544
4.687724211161301,75.61867609411192
4.687750628149738,75.61867609411192
4.687990740622379,75.61867609411192
4.688513608002307,75.62164797659679
4.688581975867173,75.62164797659679
4.6886153744317856,75.62164797659679
4.688662291413526,75.62461913467398
4.68876844563214,75.62461913467398
4.688803674317785,75.62758956860833
4.688906655399784,75.63055927866455
4.689092875506543,75.6335282651072
4.689120391760032,75.63649652820075
4.689157095204027,75.6394640682095
4.689246703959608,75.64243088539764
4.689370281329659,75.64539698002922
4.689501288258852,75.6483623523682
4.6895191681551145,75.65132700267836
4.689577914388672,75.65429093122337
4.689698074169044,75.65429093122337
4.689738057865518,75.6572541382668
4.689739262518011,75.66021662407204
4.689871929691944,75.66317838890241
4.690064590956848,75.66613943302104
4.6901079093781295,75.66613943302104
4.690312709051311,75.66613943302104
4.690428561222608,75.669099756691
4.69052613948263,75.67205936017515
4.69058168109915,75.67501824373632
4.690721616874007,75.67501824373632
4.6907707516491035,75.67797640763712
4.690803875856697,75.68093385214007
4.691102474682495,75.6838905775076
4.691171561878449,75.6838905775076
4.691277250125698,75.6838905775076
4.6913045532845805,75.68684658400194
4.6913812364477785,75.68684658400194
4.691453557935847,75.68980187188525
4.691464920676758,75.68980187188525
4.691784199410351,75.69275644141953
4.691842908016418,75.69275644141953
4.6919582511213775,75.69571029286669
4.69209818306175,75.69866342648845
4.692213982528678,75.70161584254646
4.69221756606753,75.70161584254646
4.692354296348286,75.70456754130224
4.693028084758406,75.70456754130224
4.6931912228430495,75.70456754130224
4.6932968650694535,75.70751852301713
4.693435524522731,75.7104687879524
4.693450966888487,75.71341833636916
4.693466784765145,75.71636716852841
4.69368426937157,75.71931528469102
4.693814863843633,75.72226268511774
4.693886311034415,75.72226268511774
4.693915274964479,75.72520937006918
4.693964144982463,75.72815533980582
4.6940294066098796,75.73110059458803
4.694172369446318,75.73110059458803
4.694225384834612,75.73110059458803
4.694343011601461,75.73404513467605
4.694357871042185,75.73698896032998
4.694755862974266,75.73698896032998
4.69480861411656,75.7399320718098
4.694900116589868,75.74287446937538
4.69514124469082,75.74581615328644
4.695570454619472,75.74875712380259
4.695674352213084,75.75169738118332
4.695746552670075,75.75463692568796
4.6958602524582655,75.75757575757575
4.695875950468965,75.76051387710581
4.695909526703631,75.76345128453708
4.696156552164928,75.76638798012844
4.696158158403802,75.76932396413861
4.696370670646648,75.77225923682617
4.696423237531788,75.77225923682617
4.696566787091572,75.7751937984496
4.696864020167507,75.77812764926729
4.696931183899702,75.7810607895374
4.697017218212209,75.7810607895374
4.6972805268810385,75.7810607895374
4.6974135818556695,75.7839932195181
4.697676791665732,75.78692493946731
4.697692046284605,75.78692493946731
4.697924079867943,75.7898559496429
4.698143909610759,75.79278625030258
4.698260723391331,75.79278625030258
4.6982685487518125,75.79278625030258
4.698320898164141,75.79571584170398
4.698406267935486,75.79864472410455
4.6986648801844,75.79864472410455
4.6986817629678,75.80157289776164
4.698836922293871,75.80450036293249
4.698991630385161,75.80742711987419
4.699111509659545,75.81035316884373
4.699301571806239,75.81327851009796
4.699336850021912,75.81620314389359
4.69936903506,75.81912707048724
4.699548015826957,75.8220502901354
4.699605705946347,75.8249728030944
4.700149816327669,75.8278946096205
4.7003399931119105,75.83081570996978
4.700463565959784,75.83081570996978
4.700719901661426,75.83373610439827
4.700728577579284,75.83665579316178
4.700773065786107,75.83665579316178
4.701515460902784,75.83957477651607
4.701980629752092,75.84249305471675
4.702162567912337,75.84541062801932
4.702201838157707,75.84832749667915
4.702509753439664,75.85124366095147
4.702577380958602,75.85415912109139
4.702758185194911,75.85707387735393
4.702810485460934,75.85998792999396
4.70294611881208,75.85998792999396
4.703042100690861,75.86290127926624
4.703248182738236,75.86581392542536
4.703666486751952,75.86872586872587
4.703680728735337,75.87163710942212
4.703684484174128,75.8745476477684
4.703777768075674,75.8745476477684
4.70386720914144,75.87745748401882
4.703922824906437,75.8803666184274
4.70414880182995,75.88327505124805
4.704162858540594,75.88618278273451
4.704214620501318,75.88908981314044
4.70461782829343,75.88908981314044
4.7047004405120605,75.89199614271939
4.704795618821022,75.89199614271939
4.704889197947354,75.89199614271939
4.705152054283606,75.89199614271939
4.705173754895197,75.89490177172472
4.705184223769035,75.89490177172472
4.7051992124897986,75.89780670040975
4.705277347706773,75.9007109290276
4.705308448088865,75.9007109290276
4.705460846906589,75.90361445783132
4.705694991894223,75.90651728707385
4.706137715322727,75.90941941700795
4.706369100866015,75.9123208478863
4.706791950448443,75.91522157996147
4.7068045594666374,75.91522157996147
4.706849441593937,75.91812161348585
4.706960882889981,75.92102094871177
4.707075824396568,75.92391958589143
4.707135161476841,75.92681752527685
4.707167961106894,75.92681752527685
4.707531132610881,75.92971476711999
4.707655272223853,75.92971476711999
4.707938840721072,75.93261131167269
4.708007060850784,75.93550715918663
4.708075015026004,75.93840230991337
4.708076958133116,75.94129676410442
4.708121288193306,75.94419052201107
4.708127281739969,75.94708358388455
4.708187639239885,75.94997594997595
4.70823403788915,75.94997594997595
4.708277840850667,75.95286762053625
4.708541036755406,75.9557585958163
4.708877155227103,75.95864887606683
4.709017586282037,75.96153846153845
4.709072839115662,75.96153846153845
4.709218053686929,75.96153846153845
4.709356023742372,75.96442735248168
4.709361356935143,75.96442735248168
4.709779341635705,75.96442735248168
4.709794438776691,75.96731554914685
4.709962926809828,75.97020305178421
4.710184136552571,75.97308986064391
4.710209941822449,75.97597597597597
4.710232359106408,75.97886139803026
4.710328759231697,75.98174612705655
4.710418197965719,75.98463016330452
4.710476156215371,75.98751350702365
4.7106443445054875,75.99039615846338
4.710723286918886,75.99039615846338
4.710815873916147,75.993278117873
4.710848228766925,75.993278117873
4.710919964488537,75.993278117873
4.711157920926676,75.99615938550168
4.711166641238106,75.99903996159847
4.711316631978814,75.99903996159847
4.711364560820558,75.99903996159847
4.711669640408681,76.00191984641229
4.711710417283661,76.00191984641229
4.7118757921791286,76.00479904019195
4.7121712919902246,76.00479904019195
4.712174135052384,76.00767754318618
4.712487169637549,76.01055535564352
4.712676528351084,76.01055535564352
4.712690271498788,76.01343247781243
4.712933406393858,76.01630890994124
4.713005825684918,76.01918465227818
4.713018195696361,76.02205970507133
4.713029724163985,76.02493406856868
4.713904492582354,76.02780774301809
4.7141563175029155,76.02780774301809
4.714457611181834,76.0306807286673
4.714637248368337,76.03355302576394
4.714674454637801,76.03355302576394
4.714830608988645,76.03642463455547
4.714888304016554,76.03929555528933
4.715286469627214,76.04216578821274
4.715291942438837,76.04216578821274
4.715309723733825,76.04503533357288
4.715455314571916,76.04503533357288
4.715564337616026,76.04503533357288
4.715568156789726,76.04790419161677
4.715889093182224,76.0507723625913
4.716378308934909,76.0536398467433
4.716401834346264,76.05650664431941
4.71672844161564,76.0593727555662
4.7167599994436396,76.0622381807301
4.7169216713795725,76.0622381807301
4.716922669693872,76.06510292005744
4.717055002072019,76.06796697379443
4.717507396456937,76.07083034218712
4.717615442090875,76.07369302548152
4.718069674193827,76.07655502392345
4.718092509997897,76.07941633775864
4.718352199412334,76.08227696723272
4.718498101829535,76.08513691259118
4.718553670457626,76.0879961740794
4.718593295816082,76.09085475194262
4.718639434647846,76.09371264642601
4.718727461962238,76.09656985777458
4.7190441586556915,76.09942638623328
4.719175195224722,76.10228223204683
4.719208417210018,76.10513739545998
4.719463787156949,76.10513739545998
4.719842828883553,76.10513739545998
4.719955260219526,76.10799187671724
4.7199635225771175,76.11084567606306
4.720078463174557,76.11369879374179
4.720185774149079,76.11655122999761
4.7203328055930385,76.11655122999761
4.720412388533675,76.11940298507463
4.720451749754175,76.11940298507463
4.7205126240659405,76.12225405921681
4.72053486150153,76.12225405921681
4.7206463681010655,76.12510445266803
4.720736414107694,76.127954165672
4.721024119642784,76.127954165672
4.721098531525573,76.13080319847238
4.721223982517837,76.13080319847238
4.721269641966805,76.13365155131265
4.72151894657903,76.13649922443622
4.7215969868773255,76.13934621808637
4.7216010396786805,76.14219253250626
4.721604415465528,76.14503816793892
4.721640597683255,76.14788312462731
4.7217892513123685,76.15072740281421
4.7219374782269785,76.15357100274234
4.722585994271968,76.15641392465426
4.722872448528989,76.15925616879247
4.722970824571127,76.16209773539929
4.723053810562436,76.16209773539929
4.7231876676064415,76.16493862471697
4.723331095832855,76.16493862471697
4.723432758142664,76.16777883698761
4.723629270823538,76.17061837245323
4.723969445333789,76.17345723135574
4.724000062155405,76.17629541393687
4.72403398610018,76.1791329204383
4.724128191512279,76.18196975110159
4.724157834247814,76.18196975110159
4.724201242649894,76.18480590616814
4.7242748560104895,76.18764138587927
4.724659617239976,76.19047619047619
4.724883222546448,76.19047619047619
4.724890198589494,76.19331032019998
4.725543419363212,76.1961437752916
4.7259427627704245,76.1989765559919
4.726539127071015,76.20180866254165
4.726795856175683,76.20464009518145
4.727168433082254,76.20464009518145
4.727615076993423,76.2074708541518
4.7279297372157165,76.21030093969311
4.7279969791094265,76.21313035204567
4.728026470355856,76.21595909144963
4.729001799306574,76.21878715814506
4.729154266263404,76.2216145523719
4.729175429705712,76.22444127436995
4.729262469031657,76.22444127436995
4.729560697520928,76.22726732437893
4.729574188412779,76.23009270263846
4.729623464828984,76.232917409388
4.729685304837597,76.23574144486692
4.72985076238874,76.23856480931448
4.729877852005999,76.23856480931448
4.730152720728928,76.23856480931448
4.730297018642514,76.24138750296983
4.730506280294042,76.24420952607198
4.730954351739681,76.24420952607198
4.7310399927881654,76.24703087885986
4.731121351465063,76.24985156157226
4.7315273934519135,76.25267157444787
4.731542084311242,76.25267157444787
4.73154681130768,76.25549091772528
4.731791879800608,76.25830959164293
4.731829488497496,76.26112759643917
4.732054607156767,76.26394493235225
4.732089985584215,76.26676159962027
4.732229969085775,76.26957759848125
4.732884502848249,76.2723929291731
4.733424326645043,76.27520759193357
4.733454413843137,76.27520759193357
4.733665556390271,76.27802158700035
4.733670521286485,76.280834914611
4.734019536960807,76.28364757500296
4.734275173149116,76.28364757500296
4.7343610898700375,76.28645956841356
4.73438247592656,76.28927089508002
4.734553792976259,76.29208155523945
4.735012529033593,76.29489154912883
4.735035415263334,76.29770087698506
4.735355586800764,76.30050953904491
4.735529646024559,76.30331753554502
4.735607374529759,76.30331753554502
4.735710806029117,76.30331753554502
4.735812980583431,76.30612486672194
4.735944637009727,76.30893153281212
4.7364789610649884,76.30893153281212
4.7364939862515785,76.31173753405189
4.736517668271856,76.3145428706774
4.736597102269596,76.3145428706774
4.736981095709655,76.31734754292481
4.737018966089145,76.31734754292481
4.737099191010351,76.31734754292481
4.7372167360910975,76.32015155103007
4.737311165551759,76.32295489522907
4.737357330938621,76.32575757575758
4.737382252212651,76.32855959285122
4.737511042302275,76.32855959285122
4.737695877643815,76.33136094674556
4.737767565096421,76.33416163767602
4.737976079131049,76.3369616658779
4.738024520866485,76.33976103158642
4.738245690963753,76.34255973503666
4.7382577193645234,76.34535777646363
4.738263138228759,76.34535777646363
4.738367860332881,76.34815515610217
4.7389084918021736,76.34815515610217
4.739163860150773,76.35095187418706
4.739221915348026,76.35374793095295
4.739259985949637,76.35654332663435
4.739429430737765,76.35654332663435
4.739607864114002,76.35654332663435
4.739959904938869,76.35933806146572
4.740157328284569,76.36213213568136
4.740220293846966,76.36492554951548
4.740235348531905,76.36771830320217
4.740247651200853,76.36771830320217
4.7402818266296505,76.37051039697542
4.740689948942469,76.37051039697542
4.740935532106455,76.37330183106911
4.740959013868537,76.37609260571698
4.741220180575848,76.3788827211527
4.741277765232506,76.38167217760983
4.741296486134738,76.38167217760983
4.741299558593807,76.38167217760983
4.741832962626822,76.38446097532177
4.74186616870965,76.38724911452184
4.741930890827299,76.39003659544328
4.742235464335164,76.39282341831917
4.742610764100966,76.39560958338251
4.742771280470583,76.39839509086617
4.742906205494995,76.40117994100295
4.74311153434474,76.40117994100295
4.74311341240642,76.40396413402549
4.743370340667454,76.40674767016633
4.743386402085046,76.40953054965793
4.743445673688685,76.40953054965793
4.743515021803075,76.41231277273263
4.743625692396106,76.41231277273263
4.74367363066276,76.41231277273263
4.74367397240489,76.41509433962264
4.743799953202402,76.41787525056007
4.743829474316803,76.42065550577694
4.743870476569938,76.42343510550513
4.743977061455165,76.42621404997642
4.744184729626641,76.4289923394225
4.744290357953788,76.4289923394225
4.74435565829264,76.4289923394225
4.74449041869958,76.4289923394225
4.74471037970678,76.43176997407495
4.744901093449064,76.4345469541652
4.744982323306514,76.4373232799246
4.745115237650019,76.4400989515844
4.745299788526628,76.4400989515844
4.74542232475939,76.44287396937574
4.745545514276801,76.44564833352962
4.745577233314069,76.44842204427697
4.745658081770097,76.45119510184858
4.7458534854814305,76.45396750647517
4.746495387869808,76.45673925838729
4.746740745513298,76.45951035781545
4.74688252655627,76.45951035781545
4.746884737793709,76.45951035781545
4.7468859750612635,76.46228080499
4.746891282470904,76.46505060014121
4.746946285132191,76.46781974349923
4.746962837652418,76.46781974349923
4.747192487841016,76.46781974349923
4.747456561476057,76.46781974349923
4.747602699041602,76.47058823529412
4.747673414731217,76.47058823529412
4.747821941112786,76.47335607575579
4.74793709486138,76.4761232651141
4.748101676502118,76.47888980359873
4.748130031574577,76.48165569143931
4.748389609471458,76.48442092886538
4.748466194523332,76.48442092886538
4.748614688374346,76.48718551610628
4.748999131778159,76.48994945339133
4.749356752262468,76.4927127409497
4.749843500616735,76.4927127409497
4.749900824375302,76.49547537901046
4.749995794638586,76.49823736780259
4.750027774346948,76.50099870755493
4.75003800277312,76.50375939849624
4.750195406458111,76.50651944085516
4.75036772410655,76.50927883486023
4.750657336346486,76.51203758073987
4.750760210908758,76.51479567872241
4.750777602059946,76.51755312903605
4.750968395777993,76.5203099319089
4.751193969681185,76.52306608756896
4.7514240517499315,76.52306608756896
4.751559581227924,76.52582159624414
4.751684894418441,76.52857645816219
4.751686443726001,76.53133067355081
4.751813035092792,76.53408424263756
4.752488359702961,76.53408424263756
4.752605088350169,76.53408424263756
4.752820491270336,76.53683716564993
4.752965310763622,76.53958944281524
4.7537203490627995,76.54234107436078
4.753752596661927,76.54509206051367
4.753802853037681,76.54509206051367
4.753844411858115,76.54784240150094
4.75386865860839,76.55059209754954
4.753877907809365,76.55334114888629
4.753921446657097,76.5560895557379
4.754043147985392,76.55883731833099
4.7543995676911015,76.56158443689206
4.754563622595098,76.56433091164753
4.7546881990704835,76.56433091164753
4.75480405914137,76.56433091164753
4.754814408943782,76.56707674282367
4.75507224773769,76.56982193064667
4.755104934514337,76.57256647534263
4.755283789458185,76.57256647534263
4.75533532540974,76.57256647534263
4.7554156270778645,76.57531037713751
4.7554373825926275,76.57805363625717
4.755732863625617,76.5807962529274
4.755848001856891,76.58353822737385
4.756059650896886,76.58627955982206
4.756078225497937,76.58902025049748
4.756093553246152,76.59176029962546
4.756262291493628,76.59176029962546
4.75626500690452,76.59176029962546
4.7564387933812595,76.59449970743125
4.7564623654321325,76.59723847413996
4.756575687469821,76.59723847413996
4.75669056200564,76.5999765999766
4.756890439769311,76.60271408516613
4.75720439829086,76.60271408516613
4.757328702319706,76.60271408516613
4.757540805074997,76.60545092993333
4.757882857958825,76.60818713450293
4.758247504821325,76.61092269909952
4.758252347273783,76.61365762394762
4.758340595656555,76.6163919092716
4.758503059011459,76.61912555529577
4.758556823371664,76.6218585622443
4.758799158884734,76.62459093034128
4.758897376546644,76.62732265981069
4.7591064624595285,76.62732265981069
4.759110842433355,76.63005375087637
4.759263197583047,76.63005375087637
4.7593279325865785,76.63278420376211
4.759439115355349,76.63278420376211
4.759521929516742,76.63551401869158
4.759562474925273,76.63551401869158
4.759572129723608,76.63824319588834
4.7600447141747555,76.6409717355758
4.760464451478988,76.64369963797735
4.760598826160233,76.64642690331621
4.760828903556605,76.64915353181553
4.760874148352176,76.65187952369834
4.76100109260613,76.65460487918759
4.761297310561089,76.65732959850608
4.7614574665936855,76.65732959850608
4.761514431126653,76.66005368187653
4.761665740885712,76.66277712952159
4.761706760607717,76.66549994166375
4.761875206471697,76.66822211852543
4.7619483685043065,76.67094366032894
4.762029354822864,76.67366456729647
4.762756287659634,76.67638483965014
4.762854934860438,76.67910447761194
4.762992505159363,76.68182348140375
4.763000061595049,76.68454185124737
4.763055999205948,76.6872595873645
4.763059835055426,76.68997668997669
4.763612917949387,76.69269315930545
4.763865024659716,76.69540899557212
4.763885077062414,76.69812419899802
4.763979140657386,76.70083876980429
4.764160411555974,76.703552708212
4.764208640274756,76.70626601444212
4.764220569968097,76.70626601444212
4.7644436196386115,76.7089786887155
4.764447335993784,76.71169073125292
4.764462285780552,76.714402142275
4.764474432299543,76.71711292200233
4.764493006746011,76.71982307065534
4.765101512651501,76.71982307065534
4.765128468858209,76.72253258845437
4.765264401765018,76.72524147561968
4.765366343839095,76.72524147561968
4.7654671328992455,76.72524147561968
4.765574832120613,76.72524147561968
4.765593059859662,76.72794973237143
4.7667243327217195,76.72794973237143
4.766743042545959,76.72794973237143
4.766743089003869,76.7306573589296
4.767626680783906,76.73336435551418
4.7679496691748255,76.736070722345
4.767959283982427,76.73877645964178
4.768325837975506,76.74148156762413
4.768503411562532,76.74418604651163
4.76855007777663,76.74688989652367
4.76865763855579,76.74959311787957
4.768824436489912,76.74959311787957
4.769042849339271,76.74959311787957
4.769450921049763,76.75229571079856
4.769513449529709,76.75499767549977
4.769709772558607,76.75769901220221
4.7697453342838525,76.75769901220221
4.769806223000607,76.7603997211248
4.769983420518959,76.76309980248635
4.77006307641276,76.76579925650557
4.770072990264589,76.76579925650557
4.77010988746047,76.7684980834011
4.77025171800052,76.7684980834011
4.770273002927318,76.7711962833914
4.7704463498972025,76.77389385669493
4.77053669151294,76.77659080352996
4.770686067710245,76.77928712411472
4.770804559493422,76.78198281866729
4.770824444614216,76.78467788740568
4.770899414108201,76.78737233054783
4.770983577237694,76.78737233054783
4.771407023085966,76.79006614831148
4.771773074114925,76.79275934091436
4.771784685957407,76.79275934091436
4.772287974916903,76.79545190857408
4.772416554758731,76.79814385150812
4.772489879699747,76.80083516993388
4.773029255267452,76.80352586406866
4.773032533835742,76.80621593412965
4.773121202922253,76.80890538033395
4.773355405313108,76.81159420289855
4.773392758193461,76.81159420289855
4.773496082825651,76.81428240204035
4.773700482380848,76.81428240204035
4.773806429253283,76.81696997797613
4.773850982682169,76.81965693092258
4.773956550360469,76.82234326109631
4.773957906936695,76.82234326109631
4.774353682703924,76.8250289687138
4.774420085629825,76.8250289687138
4.774762371684159,76.82771405399143
4.774790654652623,76.83039851714551
4.775010863835512,76.83039851714551
4.775041390757539,76.83308235839222
4.775276782175194,76.83576557794764
4.775293471158458,76.8384481760278
4.775328117691272,76.84113015284854
4.7755642482052885,76.84381150862568
4.775685665500038,76.8464922435749
4.775767961411435,76.8464922435749
4.7758181930049615,76.8491723579118
4.7762473354680175,76.85185185185185
4.776770556421672,76.85453072561046
4.776805697038049,76.85720897940291
4.776858726833834,76.8598866134444
4.776874423478967,76.86256362795002
4.776964816678269,76.86524002313476
4.777117829325078,76.8679157992135
4.777598769277859,76.87059095640106
4.777733846457575,76.87326549491212
4.77783063955163,76.87326549491212
4.778129185726298,76.87593941496127
4.7786464948709515,76.878612716763
4.778756689847695,76.88128540053172
4.7789284840456405,76.88128540053172
4.778942370444079,76.88128540053172
4.77910465155359,76.88128540053172
4.779326991468409,76.88395746648173
4.779354857293781,76.88662891482723
4.779405497480795,76.88662891482723
4.779481351000875,76.8892997457823
4.7798287529248205,76.89196995956095
4.780059031921737,76.89463955637707
4.780062254811946,76.8973085364445
4.780718707528672,76.8973085364445
4.780838517878476,76.89997689997689
4.780929643472502,76.9026446471879
4.781041032738615,76.905311778291
4.7813878652285435,76.9079782934996
4.781688412389824,76.91064419302701
4.78174767364987,76.91330947708646
4.78210138477381,76.91597414589104
4.782387889275828,76.91597414589104
4.782415833846822,76.91863819965377
4.782444840855709,76.92130163858758
4.782510635963975,76.92396446290527
4.782541786349343,76.92662667281957
4.782571154521164,76.92928826854309
4.783077896247903,76.92928826854309
4.783103113058739,76.93194925028835
4.783203291363165,76.93460961826779
4.78326974574831,76.93460961826779
4.783397712775198,76.93726937269373
4.783494019374578,76.93726937269373
4.783643075059431,76.93992851377838
4.78367504770205,76.93992851377838
4.783719184194352,76.94258704173392
4.783780728397932,76.94524495677233
4.783854474270491,76.94790225910559
4.7841559734976515,76.95055894894548
4.784196235875969,76.95321502650381
4.784217490332783,76.95587049199216
4.784237400485808,76.95852534562212
4.7845095807713935,76.96117958760512
4.78466535061339,76.96117958760512
4.785169789391541,76.9638332181525
4.785309677215355,76.96648623747552
4.785715164180765,76.96648623747552
4.785824420488809,76.96913864578535
4.785829527813271,76.97179044329303
4.785940564066465,76.97179044329303
4.7863689102391245,76.97179044329303
4.786474889632259,76.97444163020954
4.786479435686135,76.97709220674571
4.787098031873651,76.97709220674571
4.787123802499238,76.97709220674571
4.787215111418153,76.97974217311234
4.787219641323809,76.98239152952007
4.787226814167446,76.98239152952007
4.787228200660537,76.98504027617952
4.787352247198995,76.98504027617952
4.787392432749894,76.98768841330111
4.787447337530834,76.98768841330111
4.7875912153337525,76.98768841330111
4.787938246269952,76.99033594109525
4.788207792232503,76.99298285977223
4.788473734812361,76.99562916954221
4.7885538625623605,76.99827487061529
4.788936000733486,77.00091996320147
4.788989298324769,77.00356444751063
4.789050284046581,77.00620832375259
4.789122459351508,77.00885159213703
4.789446369560203,77.01149425287356
4.78959244484146,77.01413630617171
4.789609500811969,77.01677775224086
4.78973096805337,77.01941859129036
4.789892623282645,77.02205882352942
4.789927700030039,77.02469844916715
4.790009528485151,77.0273374684126
4.790308061518591,77.02997588147468
4.790859947133942,77.03261368856225
4.790862512750196,77.03261368856225
4.7909240364390415,77.03525088988403
4.791089041725099,77.03788748564868
4.791099225500693,77.04052347606475
4.791161306689482,77.04315886134067
4.791222418318405,77.04579364168484
4.791234551071292,77.04842781730548
4.79127007859061,77.04842781730548
4.791467047750779,77.05106138841079
4.791467871677905,77.05369435520882
4.791527780203384,77.05632671790754
4.791573671762631,77.05895847671485
4.791649601589343,77.06158963183852
4.791853631065935,77.06422018348624
4.791937070796581,77.06685013186562
4.79196325301696,77.06947947718413
4.791993571393076,77.07210821964921
4.7920668914361295,77.07473635946813
4.792107246394642,77.07736389684814
4.792358632369144,77.07999083199634
4.792700673197635,77.08261716511974
4.792773539759981,77.0852428964253
4.792939417842594,77.08786802611984
4.792972987448014,77.09049255441009
4.793209129438183,77.09311648150269
4.793310100303013,77.09573980760422
4.793523057126298,77.09573980760422
4.793770079272313,77.09573980760422
4.793958390022048,77.0983625329211
4.79401158235703,77.0983625329211
4.794165541373948,77.10098465765972
4.794281289188141,77.10360618202633
4.794405753777665,77.10622710622711
4.794409182136326,77.10884743046812
4.794552142438141,77.11146715495538
4.79496862993748,77.11408627989472
4.795130379600216,77.11670480549199
4.795135493830485,77.11932273195286
4.7953517706864375,77.12194005948295
4.795369321715143,77.12455678828776
4.795416399421295,77.12717291857274
4.79557739218508,77.12978845054317
4.795658322870503,77.1324033844043
4.795679464754088,77.13501772036126
4.796180104938726,77.13763145861911
4.796945930874717,77.1402445993828
4.797136264948202,77.14285714285715
4.797235059402523,77.14546908924694
4.797289559976617,77.14808043875686
4.797366751201252,77.15069119159146
4.797449382988534,77.15330134795522
4.797475920539262,77.15591090805253
4.7976011226755935,77.15851987208772
4.797770434347588,77.15851987208772
4.797977657079215,77.15851987208772
4.798092826331453,77.16112824026493
4.79810621447264,77.1637360127883
4.798171828334198,77.16634318986185
4.798195371567835,77.1689497716895
4.798544496208861,77.17155575847507
4.798768985896533,77.17416115042228
4.799114498762844,77.1767659477348
4.799200836271254,77.17937015061615
4.799502909474409,77.18197375926982
4.799641046614021,77.18457677389917
4.799866342891185,77.18457677389917
4.799970204786274,77.18717919470743
4.800078805565935,77.18717919470743
4.800122528484588,77.18717919470743
4.8001600229815695,77.18717919470743
4.800184106626517,77.1897810218978
4.801019873152725,77.1923822556734
4.801036403831878,77.1923822556734
4.801199424899412,77.19498289623718
4.801199791254844,77.19498289623718
4.801484128590139,77.19498289623718
4.801728596743533,77.19758294379204
4.801996522213344,77.2001823985408
4.802129506553602,77.2027812606862
4.802335750974801,77.20537953043082
4.802351785465468,77.20797720797721
4.8025768234066835,77.20797720797721
4.803069294376767,77.2105742935278
4.803205896825145,77.21317078728495
4.803287930230422,77.2157666894509
4.80332965924608,77.21836200022781
4.803510281765757,77.22095671981776
4.803522663887709,77.22355084842273
4.80353598695757,77.22614438624458
4.803882456546387,77.22873733348514
4.803907376968328,77.23132969034609
4.803949050089374,77.23392145702903
4.804135478667492,77.23392145702903
4.804277436752415,77.23651263373549
4.8042778522697995,77.23910322066689
4.8042951880971065,77.23910322066689
4.8043383740507775,77.23910322066689
4.804383938475354,77.23910322066689
4.804707464412388,77.24169321802458
4.804719755556979,77.24169321802458
4.804742107949184,77.24428262600979
4.804867619879285,77.24687144482367
4.80514396432019,77.24945967466728
4.805160459892171,77.24945967466728
4.805624720227314,77.25204731574158
4.805759997128918,77.25204731574158
4.80577669550592,77.25463436824747
4.806548718983058,77.25722083238573
4.806845505035558,77.25980670835703
4.806892972848895,77.26239199636198
4.807101908418477,77.26497669660112
4.807181451096607,77.26756080927484
4.807366847806998,77.27014433458348
4.807405127586155,77.27272727272727
4.807885737134641,77.27530962390638
4.807974679782675,77.27789138832084
4.808094487405962,77.28047256617062
4.808176149664874,77.28305315765562
4.808337913261709,77.28305315765562
4.808417814520572,77.28563316297559
4.808716856756819,77.28821258233023
4.808770134446511,77.29079141591916
4.808819057049514,77.29336966394187
4.809094417789678,77.29336966394187
4.8093852990250054,77.2959473265978
4.809401621476634,77.29852440408627
4.809499744226679,77.30110089660651
4.809515394693014,77.30367680435769
4.809528973657362,77.30367680435769
4.809583018539803,77.30367680435769
4.809686107805804,77.30625212753887
4.809759371102197,77.308826866349
4.809848125140202,77.31140102098696
4.810222376023846,77.31397459165154
4.810328923179881,77.31654757854145
4.810559075988404,77.3191199818553
4.810689129430038,77.32169180179159
4.810772205526726,77.32426303854876
4.810775879091385,77.32683369232514
4.810945779552067,77.32940376331896
4.811014926333515,77.33197325172844
4.811152413647758,77.33454215775159
4.811226832645023,77.33711048158641
4.811326972546681,77.33967822343078
4.811408963715511,77.3422453834825
4.811566535894732,77.3422453834825
4.811676686465464,77.34481196193929
4.811755122476879,77.34481196193929
4.81175610264132,77.34737795899875
4.811848866386098,77.34737795899875
4.812033258572632,77.34737795899875
4.812614981371659,77.34994337485843
4.812626850009528,77.35250820971578
4.812912301363816,77.35507246376811
4.812959103529308,77.35507246376811
4.813245301264154,77.35763613721272
4.81343224331869,77.36019923024678
4.813769170823383,77.36276174306734
4.813795688718312,77.36276174306734
4.813850865165524,77.36532367587144
4.813857084647751,77.36788502885594
4.814112841767708,77.37044580221769
4.814128613947418,77.37044580221769
4.814208281473752,77.37044580221769
4.814265594104181,77.37300599615341
4.814646934229137,77.37300599615341
4.814940775020495,77.37556561085974
4.815022708151562,77.3781246465332
4.8153239017877025,77.38068310337027
4.815351140129285,77.38068310337027
4.8158467256030715,77.38324098156734
4.815908385572634,77.38579828132067
4.815935593115521,77.38835500282646
4.816227582213536,77.3909111462808
4.816364249867612,77.39346671187974
4.8166022728157225,77.39346671187974
4.817025560549807,77.39602169981917
4.81741007970549,77.39857611029495
4.817633307093232,77.40112994350282
4.817836160785603,77.40368319963846
4.817894783505988,77.40623587889742
4.818042296003021,77.4087879814752
4.818126246812515,77.4113395075672
4.8182778553521475,77.41389045736872
4.818350876705498,77.41644083107498
4.8183509851974975,77.41899062888112
4.818554741709577,77.42153985098217
4.819237804523502,77.42408849757308
4.819528671730377,77.42408849757308
4.819662500230842,77.42663656884876
4.819710019198077,77.42918406500395
4.819759945617966,77.42918406500395
4.820073942080653,77.43173098623336
4.820167654271929,77.43427733273158
4.820509681251472,77.43682310469315
4.820536614451282,77.43936830231246
4.820609611939027,77.4419129257839
4.820695581297864,77.44445697530168
4.820831772023249,77.44700045105999
4.821067322239744,77.44700045105999
4.821131761545368,77.4495433532529
4.82116965572409,77.4495433532529
4.821170773753148,77.45208568207441
4.821175200610777,77.4546274377184
4.821218661253673,77.45716862037872
4.821370186230571,77.45716862037872
4.821483250325173,77.45970923024908
4.821603361774343,77.45970923024908
4.821743056166359,77.45970923024908
4.8217633632828365,77.46224926752309
4.821910700726886,77.46478873239437
4.821938895057645,77.46732762505634
4.8223014770756025,77.46732762505634
4.822305456058603,77.46986594570238
4.822565989996866,77.4724036945258
4.822810028238495,77.4724036945258
4.8228165281826225,77.4749408717198
4.822855683388475,77.4749408717198
4.822925500326365,77.47747747747748
4.82292571723231,77.4800135119919
4.822963968899646,77.4800135119919
4.823008004793811,77.48254897545598
4.823595449273713,77.48508386806259
4.823616545328532,77.4876181900045
4.823651011646949,77.4876181900045
4.823848972632449,77.4901519414744
4.823936139187068,77.49268512266487
4.823981216651662,77.49521773376843
4.824056488140549,77.49774977497749
4.824179320227986,77.50028124648442
4.8246005407622965,77.50281214848144
4.824645704726762,77.50534248116072
4.824822983181295,77.50534248116072
4.824838662293829,77.50534248116072
4.824862161823382,77.50534248116072
4.824893960218869,77.50787224471435
4.825332351054487,77.5104014393343
4.825631553359313,77.5129300652125
4.825638430505192,77.51545812254075
4.825782306134814,77.51798561151078
4.825976191791431,77.52051253231427
4.826212854208603,77.52303888514273
4.826553412226685,77.52556467018766
4.826574267174984,77.52808988764045
4.8265918692316,77.5306145376924
4.826632392596088,77.53313862053471
4.826880685251172,77.53313862053471
4.827058437007296,77.53566213635852
4.82716235857693,77.5381850853549
4.8272561025229885,77.54070746771477
4.827256922438321,77.54322928362902
4.827301752875841,77.54322928362902
4.82730306150466,77.54575053328843
4.827688350598414,77.5482712168837
4.827727611249285,77.55079133460545
4.8277430799894665,77.55331088664423
4.828078975865438,77.55331088664423
4.828122424092703,77.55331088664423
4.828167206438269,77.55582987319045
4.828327662164744,77.55834829443447
4.828609909645317,77.55834829443447
4.828724497152724,77.56086615056658
4.828787643284504,77.56086615056658
4.8288049660886845,77.56086615056658
4.828940400322206,77.56338344177698
4.829357960695223,77.56590016825575
4.829365487533941,77.56841633019292
4.829374900880549,77.5709319277784
4.829426946172934,77.57344696120207
4.829452818910531,77.57344696120207
4.8295490304070805,77.57596143065366
4.829643594896315,77.57847533632287
4.829731041370722,77.5809886783993
4.829849737281884,77.5835014570724
4.8300546960241375,77.58601367253166
4.830546882712538,77.58852532496638
4.830558229053631,77.59103641456583
4.830582549883051,77.59354694151915
4.830746470081744,77.59605690601545
4.8311146719514655,77.59856630824373
4.831435263376136,77.60107514839288
4.831441205070685,77.60358342665174
4.831634011124731,77.60609114320904
4.831651775305113,77.60859829825347
4.831677427962594,77.61110489197358
4.831717716965709,77.61361092455788
4.8318089328316045,77.61611639619474
4.831844568329784,77.61862130707252
4.83197515956172,77.62112565737944
4.8321707580951,77.62362944730364
4.8321717460528815,77.62613267703323
4.8322046340896145,77.62863534675614
4.832243796513465,77.62863534675614
4.8323319893865495,77.62863534675614
4.8324123355868025,77.62863534675614
4.8324196002639095,77.63113745666033
4.832459913773029,77.63363900693358
4.832672019768065,77.6361399977636
4.832861869213819,77.6386404293381
4.833186505419551,77.6411403018446
4.833694498079271,77.6436396154706
4.833738879955497,77.64613837040348
4.833936035550509,77.64863656683058
4.833936522989763,77.6511342049391
4.834115656130561,77.6536312849162
4.834171820211172,77.65612780694894
4.834322920704903,77.65862377122431
4.834834439130002,77.66111917792918
4.8349721965369215,77.66111917792918
4.8349950630612915,77.66361402725039
4.835229664948277,77.66610831937464
4.835262437027322,77.66860205448862
4.835511934156486,77.66860205448862
4.835592979429327,77.67109523277882
4.836043300974208,77.67358785443179
4.836161320210274,77.67358785443179
4.836474831774902,77.67607991963389
4.8369318671152675,77.67857142857143
4.836975803793275,77.68106238143065
4.837062191813701,77.68106238143065
4.837092687644584,77.68355277839768
4.837238199043171,77.68604261965861
4.837261934614169,77.68604261965861
4.837343183900754,77.68853190539937
4.837892725211489,77.69102063580591
4.837914099078974,77.69350881106402
4.8380286300262085,77.69599643135943
4.838034801542136,77.69599643135943
4.83811149577884,77.69848349687778
4.838173440111576,77.70097000780466
4.83834780658205,77.70345596432553
4.838500254184999,77.7059413666258
4.83860777644792,77.70842621489076
4.8386341778672675,77.71091050930569
4.838643362758517,77.71339425005571
4.838695920429664,77.71587743732591
4.838903896317189,77.71836007130125
4.83891792100749,77.72084215216665
4.839216695015272,77.72084215216665
4.839226851263314,77.72332368010693
4.839296365140261,77.72580465530683
4.839328027771714,77.728285077951
4.839382300168414,77.73076494822404
4.839556125016003,77.7332442663104
4.8397906245509414,77.73572303239452
4.839963475758431,77.73820124666074
4.840089705195397,77.74067890929327
4.840307048787363,77.7431560204763
4.840635495495442,77.7456325803939
4.84064116740842,77.7456325803939
4.840837831304783,77.74810858923009
4.84120601033885,77.74810858923009
4.841345603078931,77.75058404716876
4.8413742483726026,77.75305895439377
4.841489719654057,77.75553331108887
4.841938993458154,77.75800711743773
4.8419501792145905,77.76048037362393
4.842272573059585,77.76048037362393
4.842274468599349,77.762953079831
4.842336568318115,77.762953079831
4.842387204357695,77.76542523624236
4.842429623555725,77.76789684304136
4.842696250707619,77.77036790041126
4.84281319525025,77.77283840853522
4.842859708456862,77.7753083675964
4.84288099357651,77.77777777777779
4.842956796311517,77.7802466392623
4.842958900471243,77.78271495223284
4.8429745068010535,77.78271495223284
4.842998115047458,77.78518271687216
4.84322541228245,77.78764993336294
4.843294413282313,77.79011660188783
4.843317883305186,77.79011660188783
4.8434192729142875,77.79258272262936
4.843512778329464,77.79258272262936
4.84378467108986,77.79258272262936
4.844034499936503,77.79504829576996
4.844310053583059,77.797513321492
4.844421622071774,77.79997779997781
4.84463854354021,77.79997779997781
4.844682122232305,77.80244173140954
4.8446927471931565,77.80490511596938
4.84469499417372,77.80736795383932
4.845071290571086,77.80736795383932
4.845218272713529,77.80983024520137
4.845263117006336,77.80983024520137
4.845325136236651,77.80983024520137
4.845356112083206,77.80983024520137
4.845545148560895,77.8122919902374
4.845644618676014,77.81475318912922
4.845778692991931,77.81721384205856
4.845803007507504,77.81967394920706
4.845979123747589,77.81967394920706
4.846007540900872,77.81967394920706
4.846022700243972,77.82213351075626
4.846056742457509,77.82213351075626
4.8461704270532895,77.82459252688768
4.846250845506891,77.82459252688768
4.846260693585297,77.8270509977827
4.846435200393201,77.8270509977827
4.846507619513315,77.8270509977827
4.846646475367417,77.82950892362265
4.846756399848123,77.83196630458879
4.847054504147422,77.83196630458879
4.847371825485151,77.83442314086224
4.847497845262036,77.83442314086224
4.8477175976367874,77.83687943262412
4.847774758373057,77.8393351800554
4.8478359883779385,77.8393351800554
4.847854196264106,77.84179038333703
4.848086076103232,77.84179038333703
4.848097624000568,77.84424504264983
4.848152534523141,77.84669915817457
4.84816797793351,77.84915273009193
4.848225119595469,77.8516057585825
4.848227198531969,77.8516057585825
4.848249825190187,77.85405824382681
4.848302909677636,77.85651018600531
4.848311021651416,77.85896158529835
4.848358465895228,77.86141244188622
4.848501773931803,77.86386275594909
4.848640363884004,77.86631252766712
4.848721181282236,77.86876175722031
4.848772021418541,77.87121044478867
4.848797020496758,77.87365859055205
4.848857676351459,77.87610619469027
4.8489625619505174,77.87855325738303
4.849020011968898,77.88099977881001
4.849190924133818,77.88099977881001
4.849312357714914,77.88099977881001
4.849805299017058,77.88099977881001
4.850159968211595,77.88344575915073
4.850271202999596,77.8858911985847
4.850271414125046,77.8858911985847
4.850318536764886,77.8858911985847
4.8503737815982,77.8858911985847
4.850465791167696,77.88833609729132
4.850551101958274,77.89078045544993
4.850730540992731,77.89078045544993
4.850868728630317,77.89322427323975
4.850979452865889,77.89566755083996
4.851175830078832,77.89566755083996
4.8513737255878,77.89811028842965
4.85150376688016,77.89811028842965
4.851547672113994,77.89811028842965
4.851637880604369,77.90055248618785
4.851739981955236,77.90299414429344
4.851886922557555,77.90299414429344
4.851890661163926,77.90543526292531
4.851918543431584,77.90787584226223
4.8521790568083905,77.91031588248288
4.852449378359714,77.91031588248288
4.8525280378183515,77.91275538376587
4.85262873582519,77.91519434628975
4.852713757497666,77.91763277023297
4.8527348801147525,77.91763277023297
4.852885600989697,77.9200706557739
4.852970618715402,77.92250800309085
4.8530944109708205,77.92494481236203
4.853137265332191,77.9273810837656
4.853387832818279,77.92981681747958
4.853690750013336,77.932252013682
4.853817745122776,77.932252013682
4.853849904914813,77.93468667255074
4.853927570346784,77.93712079426365
4.854041951238758,77.93955437899845
4.854052461463403,77.94198742693284
4.854274120984449,77.94198742693284
4.854744829594312,77.94198742693284
4.854790452094568,77.94198742693284
4.854806327665815,77.94198742693284
4.854845502273847,77.94441993824438
4.855083359722676,77.94685191311059
4.855216212081404,77.94685191311059
4.855400921397834,77.94928335170893
4.855569284130688,77.95171425421672
4.855917228426939,77.95414462081128
4.85602617177662,77.9565744516698
4.856071115398936,77.95900374696936
4.856129070341918,77.96143250688705
4.856488480590451,77.96386073159982
4.856647720143285,77.96628842128457
4.856838238168975,77.96871557611809
4.856913536055414,77.96871557611809
4.857138934254113,77.97114219627713
4.857371600137115,77.97356828193833
4.857785889501481,77.97599383327828
4.857978565111027,77.97841885047346
4.858009190272591,77.98084333370032
4.85846748921275,77.98326728313518
4.858795869582934,77.98569069895433
4.858799406179411,77.98811358133392
4.858886775041645,77.9905359304501
4.858914172727796,77.99295774647888
4.858962827282361,77.99537902959621
4.8592547955764624,77.997799779978
4.859265758405563,78.00021999780003
4.859319117678923,78.002639683238
4.859338712672633,78.002639683238
4.859594710885803,78.00505883646761
4.859676387098101,78.00505883646761
4.859795928943729,78.0074774576644
4.859896823006493,78.00989554700385
4.859960695259341,78.01231310466139
4.86003534043365,78.01231310466139
4.8600392419270895,78.01473013081235
4.86005204065087,78.01714662563201
4.860175967090054,78.01956258929553
4.860194541452363,78.01956258929553
4.860371434914329,78.02197802197803
4.860564805062753,78.02439292385452
4.860565620898045,78.02680729509997
4.860691771329191,78.02922113588927
4.860700457240115,78.03163444639719
4.860993718795048,78.03404722679846
4.86108030815914,78.03645947726774
4.86133424631438,78.03887119797957
4.86138416581302,78.04128238910847
4.861637561524685,78.04369305082885
4.8617717196802515,78.04369305082885
4.861961738182991,78.04610318331504
4.862053362977921,78.04610318331504
4.862303095526699,78.04610318331504
4.862519114706972,78.0485127867413
4.86283258549197,78.05092186128184
4.862863969120319,78.05333040711072
4.8632018769303675,78.05573842440202
4.863608282657632,78.05814591332968
4.8636137276004625,78.05814591332968
4.863998924639066,78.06055287406757
4.864032263111479,78.06055287406757
4.864093852764926,78.06295930678951
4.864102550159175,78.06536521166922
4.864213104131116,78.06536521166922
4.864413689697348,78.06536521166922
4.864489153845306,78.06777058888036
4.86454928926599,78.0701754385965
4.864711771883495,78.07257976099112
4.8648827369128975,78.07498355623767
4.865463082682902,78.07738682450947
4.865673141173867,78.07738682450947
4.865731697458112,78.07978956597982
4.865798199457107,78.08219178082192
4.865811582647656,78.08459346920885
4.8658652689613895,78.08459346920885
4.865897540643206,78.08699463131369
4.866064610993446,78.08939526730938
4.866084978178472,78.09179537736883
4.866264537399701,78.09419496166484
4.866376574071339,78.09659402037016
4.866520681165339,78.09899255365747
4.866694922890277,78.10139056169933
4.8667172226021735,78.10378804466828
4.866855264382779,78.10378804466828
4.8674606004669485,78.10618500273672
4.867589607264418,78.10858143607706
4.867664369923069,78.10858143607706
4.867794500612811,78.11097734486155
4.867805037929874,78.11337272926242
4.867929028025152,78.1157675894518
4.867981926819781,78.1157675894518
4.867984697839417,78.11816192560175
4.868088033897653,78.12055573788426
4.868155738895914,78.12294902647123
4.868200105856919,78.12294902647123
4.86828156566327,78.12534179153451
4.868355011554197,78.12534179153451
4.868539967906732,78.12773403324584
4.8686201633483215,78.13012575177693
4.868831653951435,78.13251694729937
4.868893031622913,78.13251694729937
4.868947866153538,78.13490761998469
4.868996840370943,78.13729777000438
4.869075005658945,78.13968739752978
4.869119735981956,78.14207650273224
4.869314932446874,78.14446508578298
4.869409422908699,78.14685314685315
4.869613874890184,78.14924068611384
4.870038472437077,78.14924068611384
4.870064528198424,78.14924068611384
4.870177182543675,78.15162770373607
4.870893373697311,78.15401419989078
4.8710590899226345,78.15401419989078
4.8712875714303445,78.1564001747488
4.8713994679262616,78.15878562848094
4.871410010643588,78.16117056125792
4.871456428119075,78.16355497325036
4.871699795970269,78.16355497325036
4.871858559075482,78.16593886462883
4.872175825354552,78.16593886462883
4.872497698988012,78.1683222355638
4.872598269362494,78.17070508622571
4.872884256855507,78.1730874167849
4.87310635381985,78.17546922741161
4.873218527199832,78.17785051827605
4.8732840354963685,78.18023128954833
4.873311958077481,78.1826115413985
4.873457298109132,78.1849912739965
4.8734788830135765,78.18737048751227
4.8739132032136,78.18974918211559
4.873949828815934,78.19212735797623
4.8739789119757875,78.19450501526384
4.874341754404973,78.19688215414804
4.874374384221568,78.19925877479834
4.874458334779555,78.2016348773842
4.874809016053997,78.20401046207498
4.874859698903281,78.20638552903999
4.874902552440445,78.20876007844846
4.874914190658092,78.21113411046954
4.875082914649061,78.21350762527233
4.8752516544873075,78.21588062302581
4.875264295735415,78.21588062302581
4.875269691759385,78.21825310389895
4.875293138535823,78.21825310389895
4.875381253393426,78.22062506806054
4.875635549930363,78.22299651567944
4.875815881243178,78.22299651567944
4.8758342154246055,78.22536744692434
4.875959260934047,78.22773786196386
4.87610542076648,78.23010776096659
4.8766239861015785,78.232477144101
4.8766911380093,78.232477144101
4.876764247645491,78.23484601153552
4.877341259329611,78.23721436343853
4.877617465174182,78.23958219997824
4.877619188682167,78.24194952132288
4.87768153434373,78.24431632764059
4.877927178174814,78.24668261909942
4.878030606196947,78.24904839586732
4.878097542432144,78.24904839586732
4.8781021187755105,78.25141365811223
4.878191381680285,78.25377840600196
4.878229639718279,78.25377840600196
4.87859111344648,78.25614263970428
4.878902530401009,78.2585063593869
4.878917883533383,78.26086956521739
4.879090349003085,78.26323225736334
4.879765499005782,78.26559443599218
4.879841997474624,78.26795610127132
4.880190835472627,78.2703172533681
4.880199310562219,78.27267789244976
4.880233362010211,78.27503801868346
4.880590604421559,78.27503801868346
4.8806710286580355,78.27739763223634
4.880721738606713,78.27739763223634
4.880838375236764,78.27739763223634
4.88090508868926,78.2797567332754
4.881206521575285,78.28211532196764
4.8813056336281875,78.28211532196764
4.881622793404104,78.28447339847992
4.881714216291963,78.28683096297905
4.881988961368551,78.28918801563178
4.8820224116953606,78.29154455660479
4.8820996164056565,78.29154455660479
4.882177187353916,78.29390058606468
4.882232544598163,78.29625610417797
4.882274383500787,78.29861111111111
4.882438849550616,78.30096560703049
4.88255096383709,78.30331959210241
4.882691524501016,78.30567306649311
4.882742390806894,78.30802603036877
4.882745742407469,78.30802603036877
4.883154214093972,78.31037848389546
4.883199080436475,78.3127304272392
4.883292190483357,78.31508186056597
4.883537974855638,78.31743278404163
4.883635639184769,78.31743278404163
4.883706916048221,78.31978319783198
4.883788681851272,78.31978319783198
4.883873339640084,78.31978319783198
4.883882697924779,78.32213310210275
4.884105215434406,78.32448249701962
4.884119567786172,78.32683138274817
4.884809972443856,78.3291797594539
4.884819723779682,78.33152762730228
4.884954100991675,78.33152762730228
4.885005044467158,78.33387498645867
4.885145899921103,78.33622183708839
4.88515114599205,78.33856817935666
4.885278044649748,78.34091401342863
4.885340957362528,78.34325933946941
4.885698498325773,78.345604157644
4.8858704316255785,78.34794846811735
4.885873049449984,78.35029227105434
4.88601402014179,78.35263556661977
4.886346714066127,78.35497835497836
4.88663909760289,78.35732063629477
4.886685601148166,78.3596624107336
4.886892584320272,78.36200367845937
4.887129263022806,78.36434443963653
4.887131026368879,78.36668469442942
4.887164363844678,78.36902444300237
4.887198318522022,78.37136368551963
4.887239553942165,78.37370242214533
4.887303827289323,78.37604065304357
4.887642312861822,78.37837837837837
4.887731710233715,78.3807155983137
4.887837209873655,78.38305231301341
4.887927711630758,78.3853885226413
4.8879422336192535,78.38772422736115
4.8880051488339715,78.39005942733658
4.888088679345877,78.3923941227312
4.8884459073039555,78.3923941227312
4.888745160804141,78.39472831370854
4.8888455687900825,78.39706200043206
4.888848641112756,78.39939518306512
4.888887563376133,78.40172786177105
4.888936981761651,78.40406003671309
4.889143489283471,78.40406003671309
4.8891565204087755,78.40639170805441
4.889178381919641,78.40872287595812
4.889252227050156,78.41105354058722
4.889295309474909,78.4133837021047
4.8895063953007964,78.41571336067344
4.8895403908290955,78.41804251645624
4.889665578758795,78.42037116961589
4.889695801363799,78.42269932031502
4.88976511783069,78.42269932031502
4.8901140028207015,78.4250269687163
4.8903636034263664,78.42735411498221
4.890394242802895,78.42735411498221
4.890448515894726,78.42968075927523
4.890520005024151,78.43200690175779
4.890594717518234,78.43433254259219
4.8905994987764085,78.4366576819407
4.890679811999032,78.4389823199655
4.890695291820598,78.44130645682871
4.890764448098701,78.44130645682871
4.8908154678232085,78.4436300926924
4.890818177744549,78.4459532277185
4.891009808545893,78.4459532277185
4.891018987492582,78.4459532277185
4.891422623932721,78.44827586206897
4.891596140545734,78.45059799590561
4.891721900860587,78.45291962939022
4.891884237561582,78.45291962939022
4.892386137173964,78.45524076268447
4.892413741723455,78.45756139595002
4.892467893321788,78.45756139595002
4.892717074363795,78.45988152934841
4.892775278531706,78.46220116304113
4.892815302660614,78.46452029718962
4.89287779052169,78.46683893195521
4.89292338534817,78.4691570674992
4.892926858398034,78.47147470398278
4.893124296531596,78.4737918415671
4.893132545496035,78.47610848041326
4.893163171397378,78.47842462068223
4.893460196116201,78.48074026253497
4.893524698062193,78.48074026253497
4.893667996949023,78.48305540613232
4.893676878153315,78.48537005163512
4.893955820514532,78.48768419920404
4.894208937790108,78.48999784899978
4.894728219034593,78.49231100118293
4.894776574793567,78.49462365591397
4.895092826785743,78.49462365591397
4.895160599624295,78.4969358133534
4.895319934607251,78.49924747366158
4.89539550809563,78.50155863699881
4.89540634230059,78.50155863699881
4.895503651402128,78.50386930352536
4.895595927039248,78.50617947340139
4.895698261078263,78.50848914678701
4.89589344126536,78.51079832384227
4.896463890319267,78.51310700472712
4.8965321953310665,78.51310700472712
4.8967847946315235,78.51541518960146
4.896854008689559,78.51772287862514
4.8968754969166834,78.5200300719579
4.896949112728677,78.52233676975945
4.897616898346981,78.52464297218941
4.897671270277742,78.52694867940735
4.897806132167356,78.52925389157274
4.89789284611149,78.531558608845
4.898299742739409,78.53386283138349
4.898440164222447,78.53616655934749
4.898571878794428,78.53846979289624
4.898577208627214,78.54077253218884
4.8986012270163055,78.54077253218884
4.898730431994951,78.54077253218884
4.898890985805178,78.5430747773844
4.89896383178004,78.54537652864192
4.899622947207416,78.54537652864192
4.899811300213598,78.54767778612035
4.899864106038647,78.54997854997855
4.900035182492713,78.55227882037534
4.900139223010767,78.55227882037534
4.900390270371238,78.55457859746944
4.9004672348412734,78.55687788141954
4.900547516639391,78.55917667238423
4.900767293870099,78.56147497052203
4.9009864252014355,78.56377277599142
4.901115175001166,78.56607008895081
4.901136389935025,78.5683669095585
4.901233636434686,78.5683669095585
4.901400772863485,78.57066323797278
4.901503046841547,78.57066323797278
4.902007423687305,78.57295907435183
4.90237359656637,78.57525441885377
4.9026395233896425,78.57754927163667
4.902648567335711,78.57754927163667
4.902669457683054,78.57984363285851
4.90304287542407,78.57984363285851
4.903199222285124,78.58213750267723
4.903323535693203,78.58443088125067
4.903412981105681,78.58672376873662
4.903540660549815,78.58672376873662
4.903662336105789,78.58901616529279
4.903770700505375,78.59130807107687
4.904032913818777,78.59359948624639
4.904075469868663,78.5958904109589
4.904139843097175,78.5958904109589
4.904284125176358,78.59818084537186
4.904287454476076,78.60047078964263
4.904307672262655,78.60276024392854
4.9043863724388315,78.60276024392854
4.904588889211183,78.60504920838682
4.9053323602577,78.60733768317468
4.90534397657077,78.60733768317468
4.905523372616189,78.60733768317468
4.905540402141548,78.60733768317468
4.905563494721519,78.6096256684492
4.905728489246606,78.61191316436744
4.9061755993982334,78.6142001710864
4.906401641861277,78.61648668876296
4.906422010963266,78.61877271755398
4.906466235677287,78.62105825761626
4.906758090361103,78.62334330910645
4.906872045046731,78.62562787218125
4.9069064970388805,78.62791194699722
4.9069375883447135,78.63019553371086
4.907499420529139,78.63247863247864
4.907506798058577,78.63247863247864
4.907778140766512,78.6347612434569
4.907782801176538,78.6347612434569
4.908046401099538,78.63704336680196
4.908199920767128,78.63932500267008
4.908203167302553,78.64160615121743
4.908403071464218,78.6438868126001
4.908741603658366,78.64616698697417
4.90888621959455,78.64844667449556
4.909037501437816,78.65072587532023
4.909120433644988,78.65072587532023
4.9091384599419525,78.65300458960401
4.909358042912002,78.65528281750267
4.909400901576033,78.65756055917191
4.909415223921469,78.6598378147674
4.909591609919035,78.66211458444468
4.909815013582983,78.66439086835929
4.910076415122956,78.66666666666666
4.910156397720625,78.66894197952219
4.910232559018925,78.67121680708115
4.910310535851044,78.67349114949883
4.910340092491296,78.67576500693038
4.910469732740253,78.67803837953092
4.910470150249618,78.67803837953092
4.910645012166082,78.6803112674555
4.910953352981876,78.6825836708591
4.91112402932191,78.6825836708591
4.911170572255993,78.68485558989661
4.911188644213405,78.68712702472294
4.911394292828689,78.68939797549281
4.91143775277417,78.69166844236096
4.911682459482188,78.69393842548205
4.911752294936912,78.69620792501065
4.912442539179725,78.69847694110129
4.912600398241656,78.70074547390841
4.912692920581518,78.7030135235864
4.912859598997079,78.7030135235864
4.91301905811937,78.7052810902896
4.913066974361812,78.70754817417226
4.913140709679577,78.70981477538854
4.913318796845058,78.71208089409261
4.913852290695983,78.71434653043849
4.9139696822646375,78.71661168458019
4.914024296630868,78.71887635667163
4.914056692047556,78.72114054686669
4.914235471730322,78.72340425531915
4.914253860291212,78.72340425531915
4.914451632188869,78.72566748218274
4.914960905119846,78.72566748218274
4.915005488047633,78.72793022761114
4.915031532978005,78.72793022761114
4.915042611865482,78.73019249175795
4.915233659514745,78.73245427477669
4.915266160295981,78.73471557682083
4.915284160763938,78.7369763980438
4.915341073146551,78.7369763980438
4.915464937063563,78.73923673859892
4.91560533535629,78.74149659863946
4.915667813419646,78.74375597831863
4.915823297350759,78.74601487778958
4.916066649959626,78.74601487778958
4.916431646784928,78.7482732972054
4.916760365330862,78.75053123671908
4.9169392829697545,78.75053123671908
4.917025174090043,78.75278869648359
4.917250009397158,78.75504567665179
4.917257609028597,78.75730217737653
4.9173344731805795,78.75955819881054
4.917385128415048,78.76181374110651
4.917428109737483,78.76406880441708
4.917445616038788,78.76406880441708
4.9177702886881045,78.76632338889479
4.917786638407002,78.76857749469215
4.917848230425505,78.77083112196158
4.918127563766005,78.77083112196158
4.918220059327318,78.77308427085545
4.918434346183041,78.77533694152605
4.918469090264275,78.77758913412563
4.91853521929347,78.77984084880637
4.9190265486050855,78.78209208572035
4.919069010992991,78.78434284501962
4.919223655761858,78.78659312685618
4.919798742713872,78.78884293138191
4.919841030885626,78.79109225874868
4.920036285685629,78.79109225874868
4.920219525670791,78.79334110910825
4.920304306679491,78.79558948261239
4.920323941796014,78.7978373794127
4.920498382720846,78.8000847996608
4.920551364740293,78.80233174350822
4.920700072702124,78.8045782111064
4.921067889478019,78.80682420260676
4.9211257005588624,78.80906971816063
4.921267735518712,78.81131475791928
4.921314870233447,78.8135593220339
4.921316117641271,78.81580341065565
4.921373282850205,78.8180470239356
4.921520893853111,78.82029016202478
4.921559279014642,78.82029016202478
4.92236449947048,78.82253282507412
4.922365302327975,78.82477501323451
4.922445182844067,78.82477501323451
4.922777163380304,78.82701672665678
4.922960376872236,78.82925796549169
4.923039182039251,78.83149872988993
4.923076849314374,78.83373902000211
4.92317388006299,78.83597883597884
4.92323675225143,78.83821817797059
4.923358519158935,78.8404570461278
4.923395862662004,78.8404570461278
4.923407491153277,78.84269544060086
4.923766448228391,78.84493336154009
4.92421450441936,78.84717080909572
4.9242738363296805,78.84940778341793
4.924309439713566,78.85164428465686
4.92444852517957,78.85164428465686
4.92449660096575,78.85388031296257
4.9249183227303925,78.85388031296257
4.925043728254991,78.85611586848505
4.925134764327311,78.8583509513742
4.925341337977538,78.86058556177994
4.925634899335421,78.86281969985204
4.925829095802785,78.86505336574025
4.9258524172552836,78.86728655959425
4.925862367589438,78.86951928156365
4.9259884119262765,78.86951928156365
4.926211088162306,78.87175153179801
4.926354765853584,78.87398331044682
4.926449936204574,78.87621461765949
4.926506748254491,78.87844545358539
4.926623045241414,78.88067581837382
4.926642633077685,78.882905712174
4.926777539763276,78.88513513513513
4.926849613030765,78.88736408740631
4.926923386831945,78.88959256913658
4.926942128280661,78.89182058047494
4.927080607307449,78.89404812157028
4.927178712378524,78.89627519257148
4.927334758823233,78.89850179362735
4.927660445461021,78.9007279248866
4.928105810126688,78.90295358649789
4.928230119995022,78.90517877860985
4.928328293820169,78.90517877860985
4.928365747022932,78.90740350137102
4.928386399294725,78.90962775492987
4.928637207755432,78.91185153943483
4.928717546959928,78.91407485503427
4.929001620203609,78.91407485503427
4.929185220600096,78.91407485503427
4.929209402833469,78.91629770187645
4.929379930258912,78.91629770187645
4.929566132190626,78.91852008010962
4.929588125340201,78.92074198988196
4.929655480321454,78.92296343134156
4.92965698822291,78.92518440463647
4.929803433140213,78.92740490991466
4.929954114993495,78.92962494732406
4.929974789080924,78.93184451701254
4.931053502912679,78.93406361912787
4.931057689920769,78.93628225381781
4.931081207479018,78.93850042122999
4.931091326598416,78.94071812151205
4.931150307066057,78.94293535481154
4.931276099526486,78.94515212127592
4.931712256748466,78.94736842105263
4.931914275717881,78.94736842105263
4.932244829832076,78.94736842105263
4.932254652892512,78.94958425428902
4.932357505710306,78.9517996211324
4.9324366610275145,78.9517996211324
4.9328203037105185,78.95401452172997
4.9332504860113024,78.95622895622895
4.933562471423999,78.95622895622895
4.933609361525593,78.95844292477643
4.933730784844743,78.96065642751947
4.933891613350961,78.96286946460502
4.933914242809288,78.96508203618005
4.934128323124371,78.96729414239142
4.9342446392552874,78.96950578338591
4.934351011033227,78.96950578338591
4.934372483042993,78.96950578338591
4.934473273279713,78.97171695931027
4.934551623447109,78.97392767031118
4.934762968711572,78.97392767031118
4.934812390724968,78.97613791653527
4.9348595375898725,78.97613791653527
4.934878429946175,78.97834769812907
4.9351464663789075,78.9805570152391
4.9351967698484,78.98276586801177
4.935348684783502,78.98497425659346
4.935836683741223,78.98497425659346
4.93594767550292,78.98718218113049
4.9360311384601685,78.9893896417691
4.936352828103838,78.9893896417691
4.936515107769572,78.99159663865547
4.936765949894377,78.99380317193572
4.937122005864489,78.99600924175594
4.937151622337615,78.99821484826211
4.937251580888881,79.00041999160017
4.937329258744158,79.00262467191601
4.937528330926727,79.00482888935545
4.93797501163968,79.00703264406424
4.9381192589363625,79.00703264406424
4.9387276558631665,79.00923593618808
4.939179875205629,79.0114387658726
4.939283880432716,79.0114387658726
4.939311102819095,79.01364113326338
4.939549002049279,79.01584303850593
4.940138403042556,79.01584303850593
4.940304818336457,79.0180444817457
4.940472597645319,79.02024546312808
4.940770503021433,79.0224459827984
4.940899082085351,79.02464604090194
4.9409732107213955,79.0268456375839
4.941096391761458,79.02904477298941
4.941195015661875,79.03124344726358
4.941215530909288,79.03344166055142
4.941246194691249,79.03563941299791
4.94128835819107,79.03783670474793
4.941596712372748,79.04003353594634
4.941890779250841,79.04222990673793
4.94197807866178,79.0444258172674
4.942014746730058,79.04662126767941
4.94212571878935,79.04881625811858
4.942488339461893,79.04881625811858
4.942605185783248,79.04881625811858
4.94326120090399,79.05101078872944
4.943344468993136,79.05101078872944
4.943631577691853,79.05320485965646
4.94367637612777,79.05539847104409
4.943687226643893,79.05759162303664
4.943748604713894,79.05978431577844
4.943777522253959,79.06197654941374
4.944547941686553,79.06416832408667
4.944846034491862,79.06635963994138
4.944894340239553,79.06855049712192
4.945254872626225,79.06855049712192
4.945371572333029,79.07074089577229
4.945403051253873,79.07293083603642
4.945483288796797,79.07512031805817
4.9454889195530995,79.07730934198139
4.945574925311284,79.07949790794979
4.945652207573015,79.0816860161071
4.945835324069366,79.08387366659694
4.945835391719234,79.0860608595629
4.945860118934413,79.08824759514847
4.945986533751147,79.09043387349712
4.946080677130657,79.09261969475226
4.946208649803472,79.09261969475226
4.9462201576265095,79.09480505905717
4.94637085955177,79.09698996655518
4.946521690662156,79.09917441738948
4.946527867737519,79.10135841170323
4.946800610317585,79.10354194963953
4.946871717529075,79.10354194963953
4.946990114718895,79.10572503134141
4.94722043221757,79.10790765695185
4.947243623621348,79.11008982661374
4.947512109302534,79.11227154046998
4.947528480407634,79.11445279866332
4.948108988236469,79.11445279866332
4.948235890991559,79.11445279866332
4.948304083726354,79.11445279866332
4.948657012859785,79.11663360133655
4.948786856952197,79.11881394863228
4.948817188927878,79.11881394863228
4.949320038103988,79.11881394863228
4.9493780392703455,79.12099384069319
4.9495294384222115,79.12317327766179
4.9496849659084985,79.12317327766179
4.949904476462835,79.12535225968061
4.950210887010458,79.12753078689208
4.950487434460221,79.12970885943858
4.95088896956582,79.13188647746243
4.951011866997535,79.13406364110588
4.951102858994741,79.13624035051117
4.951117607074404,79.13841660582038
4.951261579762772,79.14059240717563
4.95130623662328,79.14059240717563
4.95142261686753,79.14276775471895
4.9515583359286275,79.14494264859229
4.951588166274783,79.14711708893755
4.951622093480133,79.14929107589657
4.951740610168857,79.14929107589657
4.95238422306282,79.15146460961118
4.952640867123408,79.15363769022305
4.952658753952714,79.1558103178739
4.9526915632994335,79.15798249270529
4.952754628445284,79.1601542148588
4.952772455593315,79.16232548447594
4.952877103801393,79.1644963016981
4.952919722451719,79.16666666666666
4.953034600142881,79.16666666666666
4.953518014052256,79.16883657952296
4.953569272793465,79.17100604040824
4.953706145555912,79.17317504946371
4.953957011063004,79.17534360683048
4.95409288841953,79.17751171264966
4.954166583489101,79.17967936706225
4.954227122013716,79.18184657020923
4.954305099705292,79.18184657020923
4.954335940287661,79.18401332223148
4.954524019895845,79.18401332223148
4.9546108057294695,79.18617962326985
4.9548520229316155,79.18834547346513
4.954958007666629,79.19051087295806
4.954996629723798,79.1926758218893
4.95504782927047,79.19484032039946
4.955316643721028,79.19484032039946
4.9553635296122,79.19700436862908
4.95571997162364,79.19916796671866
4.956085593636507,79.20133111480865
4.956088767251235,79.2034938130394
4.9561852132638196,79.20565606155125
4.9563456553904,79.20781786048445
4.956406501470296,79.20997920997921
4.956559170955602,79.21214011017565
4.956714726390048,79.21214011017565
4.956954831779678,79.21430056121388
4.9569781015872,79.21646056323391
4.956985271134929,79.21862011637573
4.957568174703288,79.22077922077922
4.957998904743341,79.22293787658425
4.9583580619862415,79.22293787658425
4.958401836921976,79.22509608393061
4.958433457313741,79.22725384295804
4.958627580488769,79.22941115380621
4.959035863739776,79.23156801661474
4.95907613021275,79.23156801661474
4.959108747415819,79.23372443152321
4.959115010741175,79.2358803986711
4.959433002432069,79.23803591819785
4.959524477053517,79.2401909902429
4.959530552041142,79.2401909902429
4.959552855621648,79.2423456149455
4.959642868938676,79.2423456149455
4.959752225587798,79.2423456149455
4.959859669750287,79.244499792445
4.960083417802557,79.244499792445
4.960108737781343,79.24665352288056
4.960390911224567,79.24880680639137
4.960661008258233,79.2509596431165
4.960693918326699,79.25311203319502
4.960823078709233,79.25311203319502
4.960825084541805,79.25311203319502
4.960849142636033,79.2552639767659
4.961036059557386,79.25741547396805
4.961213304508509,79.25956652494037
4.961222905890127,79.26171712982165
4.961258811681775,79.26386728875065
4.961410210499071,79.26386728875065
4.961430453122569,79.26601700186606
4.961966498600639,79.26816626930652
4.962010737621947,79.27031509121062
4.962169772307077,79.27246346771686
4.962404684213406,79.27461139896373
4.962476089732591,79.27675888508962
4.962604631026475,79.2789059262329
4.9627461189501,79.2789059262329
4.962880134894864,79.28105252253187
4.96304429022608,79.28105252253187
4.963226154199242,79.2831986741247
4.96323438553505,79.28534438114966
4.963255365697913,79.28748964374482
4.963265132334178,79.28748964374482
4.963440487239075,79.28748964374482
4.9639562502247845,79.28963446204826
4.964110237653419,79.28963446204826
4.964126021123536,79.29177883619796
4.964276156620234,79.29392276633192
4.964396957251109,79.29606625258799
4.964464620892393,79.29820929510403
4.96474971474527,79.30035189401781
4.964867075173379,79.30249404946704
4.9657266610029405,79.30463576158941
4.9657317434619825,79.3067770305225
4.965957036560976,79.3089178564039
4.9661418832919235,79.31105823937105
4.96641010251342,79.31319817956144
4.96664852821037,79.31319817956144
4.966986786760891,79.31319817956144
4.967489295765164,79.31533767711242
4.967774144304424,79.31747673216132
4.968004621400248,79.31961534484542
4.968196872558916,79.31961534484542
4.968251515647243,79.31961534484542
4.968680361401574,79.31961534484542
4.968705995729385,79.3217535153019
4.968849513985702,79.32389124366794
4.968853388939533,79.32602853008063
4.969092685681158,79.32602853008063
4.969154073141121,79.32816537467701
4.969177360680007,79.33030177759404
4.969225354371113,79.33030177759404
4.969252718765263,79.3324377389687
4.969319137343254,79.33457325893781
4.969356272717769,79.33457325893781
4.969449986404137,79.33457325893781
4.969506163273261,79.33670833763819
4.969741799647559,79.33884297520662
4.969839186845693,79.34097717177977
4.970097079993319,79.34311092749432
4.971302675589898,79.34524424248683
4.971439246691002,79.34737711689385
4.971696821100904,79.34950955085183
4.9717030727794596,79.34950955085183
4.971900500249603,79.35164154449721
4.972619970778734,79.35164154449721
4.972824844128451,79.35377309796635
4.973067530596495,79.35590421139554
4.9731488911904,79.35803488492105
4.973175152937744,79.36016511867905
4.973350609393574,79.3622949128057
4.973357249227614,79.3622949128057
4.97340915759353,79.36442426743706
4.973479049415609,79.36442426743706
4.973572555184894,79.36655318270918
4.973611221149192,79.368681658758
4.973723037914599,79.37080969571944
4.9739651136899825,79.37293729372938
4.974277471636163,79.37293729372938
4.974330328007606,79.37506445292358
4.974385916401862,79.37719117343782
4.974424269194181,79.37931745540777
4.974608104417931,79.38144329896907
4.9747165485090985,79.38356870425729
4.974793822782059,79.38569367140795
4.974816483942567,79.38781820055652
4.975287335395105,79.38781820055652
4.975449971689061,79.38994229183842
4.975548826332434,79.39206594538898
4.97555650138306,79.3941891613435
4.975781613802708,79.39631193983723
4.975956002402688,79.39631193983723
4.976010944818709,79.39843428100536
4.976051767359083,79.400556184983
4.976262017762317,79.40267765190525
4.97628408021152,79.40267765190525
4.976514238555587,79.40479868190712
4.976523199709485,79.40691927512356
4.976582815151079,79.4090394316895
4.976762070825121,79.41115915173975
4.977364802048343,79.41327843540917
4.977454902959943,79.41539728283244
4.97749526689434,79.41751569414429
4.9776773094506765,79.41963366947931
4.977856702848886,79.42175120897211
4.97799226172315,79.42175120897211
4.978426842047778,79.42386831275721
4.9784892161959995,79.42598498096903
4.978893791098566,79.42810121374202
4.979044693572289,79.43021701121053
4.979139345830335,79.43021701121053
4.9794124120198004,79.43233237350884
4.979803471062182,79.43444730077121
4.979828481279163,79.43656179313182
4.979871246763491,79.43867585072478
4.9800954397282124,79.44078947368422
4.9801639004300435,79.4429026621441
4.98036820817488,79.4429026621441
4.980583524133859,79.44501541623843
4.980728632372157,79.44712773610112
4.980762010766878,79.44923962186601
4.980879718240803,79.45135107366691
4.980912571610924,79.45135107366691
4.980990839828402,79.45346209163756
4.981052757912963,79.45557267591165
4.981055423852383,79.45768282662284
4.981091572504633,79.4597925439047
4.981152095348053,79.4597925439047
4.981374220700657,79.46190182789074
4.981866764204874,79.46401067871444
4.981995946748915,79.46611909650923
4.982201518890647,79.46611909650923
4.982475034002935,79.46611909650923
4.982678803239028,79.46822708140849
4.983009733893317,79.47033463354546
4.983133605787892,79.47244175305347
4.983322803591153,79.47454844006569
4.983324092875181,79.47665469471524
4.983477619112265,79.47876051713524
4.98349455171084,79.4808659074587
4.983579070696975,79.48297086581863
4.983620137211605,79.48507539234794
4.983777421423705,79.48717948717949
4.983937643720946,79.48928315044611
4.984032389267523,79.49138638228057
4.98407195010561,79.49138638228057
4.984121788624926,79.49348918281555
4.984207525959422,79.49348918281555
4.984236279706481,79.49348918281555
4.984376760358733,79.49348918281555
4.9844098588927155,79.49559155218373
4.98451389818114,79.49769349051769
4.984588122082087,79.49769349051769
4.98461735087632,79.49979499794998
4.9848078613465585,79.5018960746131
4.984850401130224,79.50399672063948
4.984893448173702,79.5060969361615
4.984974212439184,79.50819672131148
4.98514112434044,79.50819672131148
4.985350103284638,79.51029607622169
4.985465032853399,79.51239500102439
4.985492840318928,79.5144934958517
4.986056541411113,79.5144934958517
4.986232286532542,79.51659156083572
4.9863358282050045,79.51868919610855
4.986361873669721,79.52078640180217
4.986858114561959,79.52288317804853
4.986920546616598,79.52497952497953
4.986921839630915,79.52497952497953
4.986947782118689,79.527075442727
4.986949150074451,79.527075442727
4.9869772513006465,79.52917093142273
4.987120152889756,79.53126599119844
4.987169422241475,79.53336062218584
4.987214434370331,79.53545482451652
4.987414984403238,79.53545482451652
4.987467043127789,79.53754859832209
4.987467651572316,79.53964194373401
4.987577916538833,79.54173486088379
4.987586574756622,79.54382734990283
4.9877448506693,79.54382734990283
4.987818388891734,79.54591941092248
4.987834265621566,79.54591941092248
4.98803205319955,79.54801104407404
4.988142997418956,79.55010224948876
4.9883172990015865,79.55219302729782
4.988371196413588,79.55428337763239
4.988389368862061,79.55637330062353
4.988421174627601,79.55846279640228
4.988499136038503,79.56055186509964
4.988712322446802,79.56264050684652
4.988715038167583,79.56264050684652
4.988787853963356,79.56472872177378
4.988863386031644,79.56681651001226
4.9889449284237,79.56890387169273
4.989322501885839,79.57099080694586
4.989341629048863,79.57307731590237
4.989383842478677,79.57516339869281
4.989452511560972,79.57724905544778
4.989457629647909,79.57933428629774
4.9896241583156975,79.58141909137315
4.989820112544391,79.5835034708044
4.989934599831354,79.58558742472185
4.990422679715964,79.58767095325577
4.990508934459254,79.58767095325577
4.9909645332952,79.58975405653638
4.991321006630417,79.59183673469387
4.991347977887824,79.59391898785839
4.991512157961193,79.59391898785839
4.991627210347105,79.59600081615996
4.991637414839403,79.59808221972865
4.991731391055372,79.59808221972865
4.99184916687032,79.6001631986944
4.992096584121097,79.60224375318715
4.992144469174085,79.60224375318715
4.992268881842555,79.60432388333673
4.992590677528021,79.60640358927297
4.992668169126705,79.6084828711256
4.992759863976572,79.6084828711256
4.9930235101166165,79.61056172902437
4.993078606402565,79.61264016309887
4.993094366280889,79.61471817347875
4.993155025104127,79.61471817347875
4.9932781084509985,79.61471817347875
4.993391396617422,79.61471817347875
4.993488583201384,79.61679576029351
4.993585155602307,79.61887292367268
4.993960761471483,79.61887292367268
4.994399581117585,79.62094966374566
4.994651227850784,79.62302598064187
4.9948300910632835,79.62510187449062
4.994958524511792,79.62510187449062
4.995309229633353,79.6271773454212
4.995357708158189,79.62925239356284
4.995360163085588,79.62925239356284
4.99566641842977,79.62925239356284
4.995954355538141,79.6313270190447
4.9959594337034705,79.63340122199592
4.996020465800426,79.63547500254556
4.996025038952911,79.63754836082263
4.996153019063603,79.63962129695612
4.9961955597625405,79.63962129695612
4.996378505791419,79.63962129695612
4.996428363583805,79.63962129695612
4.996475155817519,79.64169381107492
4.996483178083718,79.64376590330788
4.996730782681285,79.64583757378384
4.996826672003549,79.64583757378384
4.9968646415699745,79.64790882263154
4.9969179331394065,79.64997964997966
4.996960928139727,79.64997964997966
4.997100385623354,79.65205005595686
4.997313784010688,79.65412004069175
4.997491735804417,79.65618960431289
4.997531335935381,79.65825874694875
4.997574955031181,79.66032746872776
4.997604744929236,79.66239576977831
4.997628389552528,79.66446365022878
4.997649909540251,79.6665311102074
4.9977802332958365,79.66859814984242
4.997956560790619,79.66859814984242
4.997988110714902,79.67066476926205
4.9983568814958375,79.67273096859438
4.9986212243895825,79.67479674796748
4.99872043862693,79.6768621075094
4.998723116448792,79.6789270473481
4.999413254097836,79.6789270473481
4.999468867201418,79.6809915676115
4.999481679661598,79.68305566842747
4.999626855536737,79.68511934992381
4.999736840117188,79.68718261222831
5.000369764389716,79.68924545546867
